service_request_id,requested_date,closed_date,status_description,source,service_name,agency_responsible,comm_code,comm_name,location_type,longitude,latitude
25-00888503,2025-11-18,2025-11-19,Closed,App,Roads - Snow and Ice Control,OS - Mobility,HAW,HAWKWOOD,Community Centrepoint,-114.17561536315904,51.13097810215283
25-00888794,2025-11-18,2025-11-18,Closed,Other,Roads - Snow and Ice Control,OS - Mobility,02B,02B,Community Centrepoint,-114.19939956642588,51.17602135193483
25-00888976,2025-11-19,2025-11-20,Closed,App,Roads - Pathway Snow and Ice Concerns,OS - Mobility,HAY,HAYSBORO,Community Centrepoint,-114.08334023954264,50.97221484296711
25-00889146,2025-11-19,2025-11-20,Closed,App,Roads - Pathway Snow and Ice Concerns,OS - Mobility,SOW,SOUTHWOOD,Community Centrepoint,-114.08319427981304,50.957758808343314
25-00889191,2025-11-19,2025-11-19,Closed,Other,Roads - Snow and Ice Control,OS - Mobility,CRE,CRESCENT HEIGHTS,Community Centrepoint,-114.06161323521869,51.05949594746299
25-00889234,2025-11-19,2025-11-19,Closed,Other,Roads - Snow and Ice Control,OS - Mobility,CIT,CITADEL,Community Centrepoint,-114.18393693294524,51.1445387597689
25-00889357,2025-11-19,2025-11-19,Closed,Other,Roads - Snow and Ice Control,OS - Mobility,BRA,BRAESIDE,Community Centrepoint,-114.10636590290346,50.95600269188388
25-00890067,2025-11-19,2025-11-20,Closed,Other,Roads - Pathway Snow and Ice Concerns,OS - Mobility,THO,THORNCLIFFE,Community Centrepoint,-114.06878100895472,51.103105008837304
25-00890341,2025-11-19,2025-11-20,Closed,Other,Roads - Pathway Snow and Ice Concerns,OS - Mobility,SSD,SUNNYSIDE,Community Centrepoint,-114.07902910930612,51.05641953338241
25-00890644,2025-11-19,2025-11-20,Closed,Other,Roads - Pathway Snow and Ice Concerns,OS - Mobility,01K,01K,Community Centrepoint,-114.22271630893442,51.16872429072165
25-00890677,2025-11-19,2025-11-21,Closed,App,Bylaw - Snow and Ice on Sidewalk,CS - Emergency Management and Community Safety,ING,INGLEWOOD,Community Centrepoint,-114.01912581291118,51.03414052413669
25-00890715,2025-11-19,2025-11-19,Closed,Other,Roads - Pathway Snow and Ice Concerns,OS - Mobility,REN,RENFREW,Community Centrepoint,-114.03916899334442,51.05965315830899
25-00890864,2025-11-19,2025-11-19,Closed,Other,Roads - Snow and Ice Control,OS - Mobility,SOW,SOUTHWOOD,Community Centrepoint,-114.08319427981304,50.957758808343314
25-00890872,2025-11-19,2025-11-19,Closed,Other,Roads - Snow and Ice Control,OS - Mobility,EAU,EAU CLAIRE,Community Centrepoint,-114.07282181932324,51.05360699412218
25-00890908,2025-11-19,2025-11-20,Closed,Other,Roads - Pathway Snow and Ice Concerns,OS - Mobility,BRE,BRENTWOOD,Community Centrepoint,-114.13591917398958,51.09606553683618
25-00890996,2025-11-19,2025-11-20,Closed,Other,Roads - Pathway Snow and Ice Concerns,OS - Mobility,EAU,EAU CLAIRE,Community Centrepoint,-114.07282181932324,51.05360699412218
25-00891172,2025-11-19,2025-11-20,Closed,Other,Roads - Snow and Ice Control,OS - Mobility,STA,ST. ANDREWS HEIGHTS,Community Centrepoint,-114.12743730041028,51.06391056003454
25-00891251,2025-11-19,2025-11-19,Closed,Other,Roads - Snow and Ice Control,OS - Mobility,MNI,MANCHESTER INDUSTRIAL,Community Centrepoint,-114.0572224672051,51.01325599042462
25-00891269,2025-11-19,,Open,Other,Roads - Snow and Ice Control,OS - Mobility,CAP,CAPITOL HILL,Community Centrepoint,-114.09463117970957,51.072665279064736
25-00891272,2025-11-19,2025-11-20,Closed,Other,Roads - Pathway Snow and Ice Concerns,OS - Mobility,ARB,ARBOUR LAKE,Community Centrepoint,-114.2076749807532,51.13259471210095
25-00891349,2025-11-19,2025-11-25,Closed,App,Bylaw - Snow and Ice on Sidewalk,CS - Emergency Management and Community Safety,BOW,BOWNESS,Community Centrepoint,-114.188388474722,51.08334628834888
25-00891354,2025-11-19,2026-01-08,Closed,App,Bylaw - Snow and Ice on Sidewalk,CS - Emergency Management and Community Safety,BOW,BOWNESS,Community Centrepoint,-114.188388474722,51.08334628834888
25-00891357,2025-11-19,2025-11-26,Closed,App,Bylaw - Snow and Ice on Sidewalk,CS - Emergency Management and Community Safety,BOW,BOWNESS,Community Centrepoint,-114.188388474722,51.08334628834888
25-00891610,2025-11-19,2025-11-20,Closed,App,Roads - Pathway Snow and Ice Concerns,OS - Mobility,HAY,HAYSBORO,Community Centrepoint,-114.08334023954264,50.97221484296711
25-00891648,2025-11-19,2025-11-24,Closed,Other,Bylaw - Snow and Ice on Sidewalk,CS - Emergency Management and Community Safety,HAR,HARVEST HILLS,Community Centrepoint,-114.05277797732418,51.147677586662866
25-00891749,2025-11-20,2025-11-22,Closed,App,Bylaw - Snow and Ice on Sidewalk,CS - Emergency Management and Community Safety,COV,COVENTRY HILLS,Community Centrepoint,-114.0531434069748,51.16490633093188
25-00891755,2025-11-20,2025-11-22,Closed,Other,Roads - Snow and Ice Control,OS - Mobility,EVN,EVANSTON,Community Centrepoint,-114.11245112799344,51.1710848417942
25-00891821,2025-11-20,2025-11-20,Closed,App,Roads - Pathway Snow and Ice Concerns,OS - Mobility,SPH,SPRINGBANK HILL,Community Centrepoint,-114.20981973671448,51.02656453162372
25-00891914,2025-11-20,2025-11-22,Closed,Other,Bylaw - Snow and Ice on Sidewalk,CS - Emergency Management and Community Safety,CRE,CRESCENT HEIGHTS,Community Centrepoint,-114.06161323521869,51.05949594746299
25-00891920,2025-11-20,2025-11-22,Closed,Other,Bylaw - Snow and Ice on Sidewalk,CS - Emergency Management and Community Safety,CRE,CRESCENT HEIGHTS,Community Centrepoint,-114.06161323521869,51.05949594746299
25-00892091,2025-11-20,2025-11-21,Closed,Other,Roads - Snow and Ice Control,OS - Mobility,TUS,TUSCANY,Community Centrepoint,-114.2408862053562,51.12191108825487
25-00892140,2025-11-20,2025-11-24,Closed,Other,Roads - Pathway Snow and Ice Concerns,OS - Mobility,,,None,,
25-00892252,2025-11-20,2025-11-20,Closed,Other,Roads - Snow and Ice Control,OS - Mobility,HAY,HAYSBORO,Community Centrepoint,-114.08334023954264,50.97221484296711
25-00892319,2025-11-20,2025-11-20,Closed,Other,Roads - Snow and Ice Control,OS - Mobility,SOW,SOUTHWOOD,Community Centrepoint,-114.08319427981304,50.957758808343314
25-00892342,2025-11-20,2025-11-26,Closed,Other,Bylaw - Snow and Ice on Sidewalk,CS - Emergency Management and Community Safety,HAM,HAMPTONS,Community Centrepoint,-114.14668419231464,51.14509284032676
25-00892345,2025-11-20,2025-11-21,Closed,App,Bylaw - Snow and Ice on Sidewalk,CS - Emergency Management and Community Safety,CAP,CAPITOL HILL,Community Centrepoint,-114.09463117970957,51.072665279064736
25-00892360,2025-11-20,2025-11-26,Closed,Other,Roads - Snow and Ice Control,OS - Mobility,SSD,SUNNYSIDE,Community Centrepoint,-114.07902910930612,51.05641953338241
25-00892374,2025-11-20,2025-11-28,Closed,App,Roads - Pathway Snow and Ice Concerns,OS - Mobility,COA,COACH HILL,Community Centrepoint,-114.1829796051888,51.05838582571806
25-00892500,2025-11-20,2025-11-21,Closed,Other,Roads - Snow and Ice Control,OS - Mobility,CIT,CITADEL,Community Centrepoint,-114.18393693294524,51.1445387597689
25-00892555,2025-11-20,2025-11-20,Closed,Other,Roads - Snow and Ice Control,OS - Mobility,SPH,SPRINGBANK HILL,Community Centrepoint,-114.20981973671448,51.02656453162372
25-00892581,2025-11-20,2025-11-20,Closed,Other,Roads - Snow and Ice Control,OS - Mobility,BRE,BRENTWOOD,Community Centrepoint,-114.13591917398958,51.09606553683618
25-00892588,2025-11-20,2025-11-20,Closed,Other,Roads - Pathway Snow and Ice Concerns,OS - Mobility,SAD,SADDLE RIDGE,Community Centrepoint,-113.94562252266888,51.13057324276626
25-00892590,2025-11-20,2025-11-20,Closed,Other,Roads - Pathway Snow and Ice Concerns,OS - Mobility,HAY,HAYSBORO,Community Centrepoint,-114.08334023954264,50.97221484296711
25-00892598,2025-11-20,2025-11-20,Closed,Other,Roads - Pathway Snow and Ice Concerns,OS - Mobility,SOW,SOUTHWOOD,Community Centrepoint,-114.08319427981304,50.957758808343314
25-00892646,2025-11-20,2025-11-20,Closed,Other,Roads - Pathway Snow and Ice Concerns,OS - Mobility,HAM,HAMPTONS,Community Centrepoint,-114.14668419231464,51.14509284032676
25-00892662,2025-11-20,2025-11-21,Closed,Other,Bylaw - Snow and Ice on Sidewalk,CS - Emergency Management and Community Safety,BED,BEDDINGTON HEIGHTS,Community Centrepoint,-114.0849111408055,51.13164398595451
25-00892805,2025-11-20,2025-11-22,Closed,App,Roads - Snow and Ice Control,OS - Mobility,HAM,HAMPTONS,Community Centrepoint,-114.14668419231464,51.14509284032676
25-00892871,2025-11-20,2025-11-20,Closed,Other,Roads - Pathway Snow and Ice Concerns,OS - Mobility,COU,COUNTRY HILLS,Community Centrepoint,-114.07989377479912,51.14377568374259
25-00892991,2025-11-20,2025-11-21,Closed,App,Bylaw - Snow and Ice on Sidewalk,CS - Emergency Management and Community Safety,BOW,BOWNESS,Community Centrepoint,-114.188388474722,51.08334628834888
25-00893033,2025-11-20,2025-11-20,Closed,Other,Roads - Snow and Ice Control,OS - Mobility,SAD,SADDLE RIDGE,Community Centrepoint,-113.94562252266888,51.13057324276626
25-00893066,2025-11-20,2025-11-21,Closed,Other,Bylaw - Snow and Ice on Sidewalk,CS - Emergency Management and Community Safety,HUN,HUNTINGTON HILLS,Community Centrepoint,-114.06670855606806,51.11758074861446
25-00893127,2025-11-20,2025-11-22,Closed,App,Bylaw - Snow and Ice on Sidewalk,CS - Emergency Management and Community Safety,COV,COVENTRY HILLS,Community Centrepoint,-114.0531434069748,51.16490633093188
25-00893147,2025-11-20,2025-11-21,Closed,App,Bylaw - Snow and Ice on Sidewalk,CS - Emergency Management and Community Safety,BED,BEDDINGTON HEIGHTS,Community Centrepoint,-114.0849111408055,51.13164398595451
25-00893188,2025-11-20,,Duplicate (Open),Other,Roads - Snow and Ice Control,OS - Mobility,CAP,CAPITOL HILL,Community Centrepoint,-114.09463117970957,51.072665279064736
25-00893211,2025-11-20,2025-11-20,Closed,Other,Roads - Snow and Ice Control,OS - Mobility,UNI,UNIVERSITY HEIGHTS,Community Centrepoint,-114.13308657031322,51.07040418074353
25-00893269,2025-11-20,,Open,Other,Roads - Snow and Ice Control,OS - Mobility,HOU,HOUNSFIELD HEIGHTS/BRIAR HILL,Community Centrepoint,-114.10572976666074,51.063179539196874
25-00893299,2025-11-20,2025-11-25,Closed,App,Bylaw - Snow and Ice on Sidewalk,CS - Emergency Management and Community Safety,BOW,BOWNESS,Community Centrepoint,-114.188388474722,51.08334628834888
25-00893325,2025-11-20,2025-11-20,Closed,App,Roads - Pathway Snow and Ice Concerns,OS - Mobility,VAR,VARSITY,Community Centrepoint,-114.162506759502,51.09605377080581
25-00893592,2025-11-20,2025-11-20,Closed,Other,Roads - Snow and Ice Control,OS - Mobility,STA,ST. ANDREWS HEIGHTS,Community Centrepoint,-114.12743730041028,51.06391056003454
25-00893594,2025-11-20,2025-11-22,Closed,Other,Bylaw - Snow and Ice on Sidewalk,CS - Emergency Management and Community Safety,HPK,HIGHLAND PARK,Community Centrepoint,-114.0620558477436,51.08801817919036
25-00893595,2025-11-20,2025-11-20,Closed,App,Roads - Pathway Snow and Ice Concerns,OS - Mobility,SOW,SOUTHWOOD,Community Centrepoint,-114.08319427981304,50.957758808343314
25-00893619,2025-11-20,2025-11-21,Closed,Other,Bylaw - Snow and Ice on Sidewalk,CS - Emergency Management and Community Safety,SAN,SANDSTONE VALLEY,Community Centrepoint,-114.094962509766,51.137732845524965
25-00893668,2025-11-20,2025-11-25,Closed,App,Bylaw - Snow and Ice on Sidewalk,CS - Emergency Management and Community Safety,BOW,BOWNESS,Community Centrepoint,-114.188388474722,51.08334628834888
25-00893757,2025-11-20,2025-11-20,Closed,Other,Roads - Snow and Ice Control,OS - Mobility,VAR,VARSITY,Community Centrepoint,-114.162506759502,51.09605377080581
25-00893778,2025-11-20,2025-11-20,Closed,Other,Roads - Snow and Ice Control,OS - Mobility,BRE,BRENTWOOD,Community Centrepoint,-114.13591917398958,51.09606553683618
25-00893882,2025-11-20,2025-11-24,Closed,Other,Bylaw - Snow and Ice on Sidewalk,CS - Emergency Management and Community Safety,MRN,MORAINE,Community Centrepoint,-114.10624310950396,51.19053873640371
25-00893891,2025-11-20,2025-11-22,Closed,App,Roads - Snow and Ice Control,OS - Mobility,NOL,NOLAN HILL,Community Centrepoint,-114.16631720339474,51.175293693597325
25-00893898,2025-11-20,2025-11-22,Closed,Other,Bylaw - Snow and Ice on Sidewalk,CS - Emergency Management and Community Safety,CRE,CRESCENT HEIGHTS,Community Centrepoint,-114.06161323521869,51.05949594746299
25-00893904,2025-11-20,2025-11-22,Closed,Other,Bylaw - Snow and Ice on Sidewalk,CS - Emergency Management and Community Safety,CRE,CRESCENT HEIGHTS,Community Centrepoint,-114.06161323521869,51.05949594746299
25-00893915,2025-11-20,2025-11-24,Closed,Other,Roads - Snow and Ice Control,OS - Mobility,VAR,VARSITY,Community Centrepoint,-114.162506759502,51.09605377080581
25-00893922,2025-11-20,2025-11-21,Closed,Other,Bylaw - Snow and Ice on Sidewalk,CS - Emergency Management and Community Safety,BLN,BELTLINE,Community Centrepoint,-114.0551860888619,51.03743796399198
25-00893926,2025-11-20,2025-11-22,Closed,Other,Roads - Snow and Ice Control,OS - Mobility,SIG,SIGNAL HILL,Community Centrepoint,-114.17990702915992,51.023260171926054
25-00893927,2025-11-20,2025-11-22,Closed,Other,Bylaw - Snow and Ice on Sidewalk,CS - Emergency Management and Community Safety,CRE,CRESCENT HEIGHTS,Community Centrepoint,-114.06161323521869,51.05949594746299
25-00893934,2025-11-20,2025-11-20,Closed,Other,Roads - Snow and Ice Control,OS - Mobility,SOW,SOUTHWOOD,Community Centrepoint,-114.08319427981304,50.957758808343314
25-00893999,2025-11-20,2025-11-24,Closed,Other,Roads - Pathway Snow and Ice Concerns,OS - Mobility,SOW,SOUTHWOOD,Community Centrepoint,-114.08319427981304,50.957758808343314
25-00894042,2025-11-20,2025-11-21,Closed,App,Bylaw - Snow and Ice on Sidewalk,CS - Emergency Management and Community Safety,THO,THORNCLIFFE,Community Centrepoint,-114.06878100895472,51.103105008837304
25-00894058,2025-11-20,2025-11-21,Closed,Other,Bylaw - Snow and Ice on Sidewalk,CS - Emergency Management and Community Safety,CAP,CAPITOL HILL,Community Centrepoint,-114.09463117970957,51.072665279064736
25-00894059,2025-11-20,2025-11-21,Closed,Other,Roads - Snow and Ice Control,OS - Mobility,CAP,CAPITOL HILL,Community Centrepoint,-114.09463117970957,51.072665279064736
25-00894060,2025-11-20,2025-11-21,Closed,Other,Bylaw - Snow and Ice on Sidewalk,CS - Emergency Management and Community Safety,CAP,CAPITOL HILL,Community Centrepoint,-114.09463117970957,51.072665279064736
25-00894108,2025-11-20,2025-11-21,Closed,Other,Roads - Snow and Ice Control,OS - Mobility,MNI,MANCHESTER INDUSTRIAL,Community Centrepoint,-114.0572224672051,51.01325599042462
25-00894131,2025-11-20,2025-11-24,Closed,Other,Roads - Snow and Ice Control,OS - Mobility,UNI,UNIVERSITY HEIGHTS,Community Centrepoint,-114.13308657031322,51.07040418074353
25-00894169,2025-11-20,2025-11-23,Closed,App,Roads - Snow and Ice Control,OS - Mobility,MAC,MACEWAN GLEN,Community Centrepoint,-114.11521349389096,51.13771903702536
25-00894179,2025-11-20,2025-12-02,Closed,App,Bylaw - Snow and Ice on Sidewalk,CS - Emergency Management and Community Safety,HID,HIDDEN VALLEY,Community Centrepoint,-114.11960923256338,51.15193708483775
25-00894204,2025-11-20,2025-11-29,Closed,App,Bylaw - Snow and Ice on Sidewalk,CS - Emergency Management and Community Safety,LIV,LIVINGSTON,Community Centrepoint,-114.06550619776098,51.18553606435354
25-00894208,2025-11-20,2025-11-21,Closed,App,Roads - Snow and Ice Control,OS - Mobility,CIT,CITADEL,Community Centrepoint,-114.18393693294524,51.1445387597689
25-00894272,2025-11-20,2025-11-24,Closed,Other,Bylaw - Snow and Ice on Sidewalk,CS - Emergency Management and Community Safety,HIL,HILLHURST,Community Centrepoint,-114.09364601408991,51.057277532355
25-00894323,2025-11-21,2025-11-22,Closed,App,Bylaw - Snow and Ice on Sidewalk,CS - Emergency Management and Community Safety,CGR,COUGAR RIDGE,Community Centrepoint,-114.20940375769098,51.07188085202837
25-00894339,2025-11-21,2025-11-24,Closed,App,Roads - Pathway Snow and Ice Concerns,OS - Mobility,EAU,EAU CLAIRE,Community Centrepoint,-114.07282181932324,51.05360699412218
25-00894374,2025-11-21,2025-11-21,Closed,Other,Roads - Snow and Ice Control,OS - Mobility,MAH,MAHOGANY,Community Centrepoint,-113.92463385892704,50.895943916674454
25-00894380,2025-11-21,2025-12-31,Closed,Other,Bylaw - Snow and Ice on Sidewalk,CS - Emergency Management and Community Safety,HUN,HUNTINGTON HILLS,Community Centrepoint,-114.06670855606806,51.11758074861446
25-00894405,2025-11-21,2025-11-27,Closed,App,Bylaw - Snow and Ice on Sidewalk,CS - Emergency Management and Community Safety,SPH,SPRINGBANK HILL,Community Centrepoint,-114.20981973671448,51.02656453162372
25-00894423,2025-11-21,2025-11-25,Closed,App,Bylaw - Snow and Ice on Sidewalk,CS - Emergency Management and Community Safety,ARB,ARBOUR LAKE,Community Centrepoint,-114.20766602126564,51.13260178567984
25-00894436,2025-11-21,2025-11-21,Closed,Other,Roads - Pathway Snow and Ice Concerns,OS - Mobility,EAU,EAU CLAIRE,Community Centrepoint,-114.07282181932324,51.05360699412218
25-00894438,2025-11-21,2025-11-25,Closed,Other,Bylaw - Snow and Ice on Sidewalk,CS - Emergency Management and Community Safety,VAR,VARSITY,Community Centrepoint,-114.162506759502,51.09605377080581
25-00894489,2025-11-21,2025-11-24,Closed,Other,Roads - Snow and Ice Control,OS - Mobility,HOU,HOUNSFIELD HEIGHTS/BRIAR HILL,Community Centrepoint,-114.10572976666074,51.063179539196874
25-00894508,2025-11-21,2025-11-22,Closed,App,Roads - Snow and Ice Control,OS - Mobility,EVN,EVANSTON,Community Centrepoint,-114.11245112799344,51.1710848417942
25-00894545,2025-11-21,2025-11-23,Closed,App,Bylaw - Snow and Ice on Sidewalk,CS - Emergency Management and Community Safety,MAC,MACEWAN GLEN,Community Centrepoint,-114.11521349389096,51.13771903702536
25-00894583,2025-11-21,2025-11-21,Closed,App,Bylaw - Snow and Ice on Sidewalk,CS - Emergency Management and Community Safety,HUN,HUNTINGTON HILLS,Community Centrepoint,-114.06670855606806,51.11758074861446
25-00894616,2025-11-21,2025-11-27,Closed,App,Roads - Pathway Snow and Ice Concerns,OS - Mobility,SKR,SKYVIEW RANCH,Community Centrepoint,-113.958374560746,51.156126735611394
25-00894644,2025-11-21,2025-11-23,Closed,App,Roads - Snow and Ice Control,OS - Mobility,SKR,SKYVIEW RANCH,Community Centrepoint,-113.958374560746,51.156126735611394
25-00894700,2025-11-21,2025-11-22,Closed,Other,Roads - Snow and Ice Control,OS - Mobility,ROC,ROCKY RIDGE,Community Centrepoint,-114.24590791801704,51.14407647959192
25-00894804,2025-11-21,2025-11-24,Closed,App,Roads - Pathway Snow and Ice Concerns,OS - Mobility,GAW,GARRISON WOODS,Community Centrepoint,-114.11361449884984,51.01717823115197
25-00894922,2025-11-21,2025-11-24,Closed,Other,Bylaw - Snow and Ice on Sidewalk,CS - Emergency Management and Community Safety,WSP,WEST SPRINGS,Community Centrepoint,-114.20668628482738,51.05977296984733
25-00894985,2025-11-21,2025-11-21,Closed,Other,Roads - Snow and Ice Control,OS - Mobility,STA,ST. ANDREWS HEIGHTS,Community Centrepoint,-114.12743730041028,51.06391056003454
25-00895018,2025-11-21,2025-11-21,Closed,App,Bylaw - Snow and Ice on Sidewalk,CS - Emergency Management and Community Safety,BNK,BANKVIEW,Community Centrepoint,-114.10048318979052,51.034127528143316
25-00895032,2025-11-21,2025-11-28,Closed,Other,Roads - Pathway Snow and Ice Concerns,OS - Mobility,SAN,SANDSTONE VALLEY,Community Centrepoint,-114.094962509766,51.137732845524965
25-00895176,2025-11-21,2025-11-21,Closed,Other,Roads - Pathway Snow and Ice Concerns,OS - Mobility,ABP,AURORA BUSINESS PARK,Community Centrepoint,-114.0584755415263,51.13626243286761
25-00895231,2025-11-21,2025-12-08,Closed,Other,Bylaw - Snow and Ice on Sidewalk,CS - Emergency Management and Community Safety,COL,COLLINGWOOD,Community Centrepoint,-114.10240362227502,51.08350990629627
25-00895554,2025-11-21,2025-11-22,Closed,Other,Roads - Snow and Ice Control,OS - Mobility,SCA,SCARBORO,Community Centrepoint,-114.10717502442168,51.04076520075529
25-00895702,2025-11-21,2025-11-25,Closed,App,Bylaw - Snow and Ice on Sidewalk,CS - Emergency Management and Community Safety,GDL,GLENDALE,Community Centrepoint,-114.15271889005814,51.03337139240085
25-00896822,2025-11-22,2025-11-23,Closed,Other,Roads - Snow and Ice Control,OS - Mobility,CED,CEDARBRAE,Community Centrepoint,-114.12962168067884,50.95819938197994
25-00897707,2025-11-22,2025-11-28,Closed,Other,Roads - Snow and Ice Control,OS - Mobility,EVN,EVANSTON,Community Centrepoint,-114.11245112799344,51.1710848417942
25-00897994,2025-11-23,2025-11-23,Closed,Other,Roads - Pathway Snow and Ice Concerns,OS - Mobility,,,None,,
25-00898220,2025-11-23,2025-11-27,Closed,Other,Bylaw - Snow and Ice on Sidewalk,CS - Emergency Management and Community Safety,KIN,KINGSLAND,Community Centrepoint,-114.07735883671336,50.98697675033278
25-00898592,2025-11-23,2025-11-23,Closed,Other,Roads - Snow and Ice Control,OS - Mobility,WHL,WEST HILLHURST,Community Centrepoint,-114.11515850909426,51.05507951426751
25-00898924,2025-11-24,2025-11-24,Closed,Other,Roads - Snow and Ice Control,OS - Mobility,EAG,EAGLE RIDGE,Community Centrepoint,-114.09679322093444,50.9887442746766
25-00898927,2025-11-24,2025-11-24,Closed,Other,Roads - Snow and Ice Control,OS - Mobility,HID,HIDDEN VALLEY,Community Centrepoint,-114.11960923256338,51.15193708483775
25-00898935,2025-11-24,2025-11-24,Closed,Other,Roads - Snow and Ice Control,OS - Mobility,HOR,HORIZON,Community Centrepoint,-113.99169523733028,51.08990020616713
25-00898939,2025-11-24,2025-11-24,Closed,Other,Roads - Snow and Ice Control,OS - Mobility,ARB,ARBOUR LAKE,Community Centrepoint,-114.2076749807532,51.13259471210095
25-00898955,2025-11-24,2025-11-24,Closed,Other,Roads - Snow and Ice Control,OS - Mobility,MNI,MANCHESTER INDUSTRIAL,Community Centrepoint,-114.0572224672051,51.01325599042462
25-00898968,2025-11-24,2025-11-24,Closed,Other,Roads - Snow and Ice Control,OS - Mobility,PKD,PARKDALE,Community Centrepoint,-114.13533325689389,51.05994755127784
25-00898970,2025-11-24,2025-11-24,Closed,Other,Roads - Snow and Ice Control,OS - Mobility,CHN,CHINATOWN,Community Centrepoint,-114.06552190579262,51.05282359517956
25-00898972,2025-11-24,2025-11-24,Closed,Other,Roads - Snow and Ice Control,OS - Mobility,SOM,SOMERSET,Community Centrepoint,-114.08137551622823,50.898904177038276
25-00898981,2025-11-24,2025-11-24,Closed,Other,Roads - Snow and Ice Control,OS - Mobility,CHR,CHRISTIE PARK,Community Centrepoint,-114.17601756827588,51.040799529822195
25-00898990,2025-11-24,2025-11-24,Closed,Other,Roads - Snow and Ice Control,OS - Mobility,STR,STRATHCONA PARK,Community Centrepoint,-114.17758676157425,51.04741013809688
25-00898998,2025-11-24,2025-11-24,Closed,App,Bylaw - Snow and Ice on Sidewalk,CS - Emergency Management and Community Safety,COV,COVENTRY HILLS,Community Centrepoint,-114.0531434069748,51.16490633093188
25-00898999,2025-11-24,2025-11-24,Closed,Other,Roads - Snow and Ice Control,OS - Mobility,HAR,HARVEST HILLS,Community Centrepoint,-114.05277797732418,51.147677586662866
25-00899001,2025-11-24,2025-11-24,Closed,Other,Bylaw - Snow and Ice on Sidewalk,CS - Emergency Management and Community Safety,RDL,ROSEDALE,Community Centrepoint,-114.07820713414688,51.06268666385911
25-00899005,2025-11-24,2025-11-24,Closed,App,Roads - Snow and Ice Control,OS - Mobility,OGD,OGDEN,Community Centrepoint,-114.01243870034244,50.99187347872066
25-00899025,2025-11-24,2025-11-24,Closed,Other,Roads - Snow and Ice Control,OS - Mobility,PAT,PATTERSON,Community Centrepoint,-114.17714231360132,51.0639398770151
25-00899038,2025-11-24,2025-11-25,Closed,Other,Roads - Snow and Ice Control,OS - Mobility,ERL,ERLTON,Community Centrepoint,-114.06314648304496,51.02633379421822
25-00899043,2025-11-24,2025-11-24,Duplicate (Closed),Other,Roads - Snow and Ice Control,OS - Mobility,PAT,PATTERSON,Community Centrepoint,-114.17714231360132,51.0639398770151
25-00899050,2025-11-24,2025-11-24,Closed,Other,Roads - Snow and Ice Control,OS - Mobility,QPK,QUEENS PARK VILLAGE,Community Centrepoint,-114.0776067500388,51.08514445888015
25-00899062,2025-11-24,2025-11-24,Closed,Other,Roads - Snow and Ice Control,OS - Mobility,SIG,SIGNAL HILL,Community Centrepoint,-114.17990702915992,51.023260171926054
25-00899064,2025-11-24,2025-11-24,Closed,Other,Roads - Snow and Ice Control,OS - Mobility,TUS,TUSCANY,Community Centrepoint,-114.2408862053562,51.12191108825487
25-00899069,2025-11-24,2025-11-26,Closed,App,Roads - Snow and Ice Control,OS - Mobility,KCA,KINCORA,Community Centrepoint,-114.13286512975282,51.16026670811414
25-00899085,2025-11-24,2025-11-24,Duplicate (Closed),Other,Roads - Snow and Ice Control,OS - Mobility,EAG,EAGLE RIDGE,Community Centrepoint,-114.09679322093444,50.9887442746766
25-00899102,2025-11-24,2025-11-25,Closed,Other,Roads - Snow and Ice Control,OS - Mobility,ERL,ERLTON,Community Centrepoint,-114.06314648304496,51.02633379421822
25-00899104,2025-11-24,2025-11-25,Closed,Other,Roads - Snow and Ice Control,OS - Mobility,ERL,ERLTON,Community Centrepoint,-114.06314648304496,51.02633379421822
25-00899121,2025-11-24,2025-11-24,Closed,Other,Roads - Snow and Ice Control,OS - Mobility,CIT,CITADEL,Community Centrepoint,-114.18393693294524,51.1445387597689
25-00899144,2025-11-24,2025-11-24,Closed,Other,Roads - Snow and Ice Control,OS - Mobility,ASP,ASPEN WOODS,Community Centrepoint,-114.20838662695292,51.04521537783425
25-00899155,2025-11-24,2025-11-25,Closed,Other,Roads - Snow and Ice Control,OS - Mobility,EPK,ELBOW PARK,Community Centrepoint,-114.08380531110666,51.02134304236776
25-00899192,2025-11-24,2025-11-25,Closed,Other,Roads - Snow and Ice Control,OS - Mobility,EPK,ELBOW PARK,Community Centrepoint,-114.08380531110666,51.02134304236776
25-00899202,2025-11-24,2025-11-24,Closed,App,Roads - Snow and Ice Control,OS - Mobility,WWO,WOLF WILLOW,Community Centrepoint,-114.00862797996852,50.87070800655032
25-00899218,2025-11-24,2025-11-24,Closed,Other,Roads - Snow and Ice Control,OS - Mobility,REN,RENFREW,Community Centrepoint,-114.03916899334442,51.05965315830899
25-00899228,2025-11-24,2025-11-24,Closed,Other,Roads - Snow and Ice Control,OS - Mobility,CAM,CAMBRIAN HEIGHTS,Community Centrepoint,-114.08937896523608,51.0843391726819
25-00899252,2025-11-24,2025-11-24,Closed,Other,Roads - Snow and Ice Control,OS - Mobility,EDG,EDGEMONT,Community Centrepoint,-114.14395321027078,51.124587846873936
25-00899271,2025-11-24,2025-11-24,Closed,Other,Roads - Snow and Ice Control,OS - Mobility,TUS,TUSCANY,Community Centrepoint,-114.2408862053562,51.12191108825487
25-00899276,2025-11-24,2025-11-24,Closed,Other,Roads - Snow and Ice Control,OS - Mobility,13G,13G,Community Centrepoint,-114.14346061515778,50.89582284654111
25-00899286,2025-11-24,2025-11-24,Closed,Other,Roads - Snow and Ice Control,OS - Mobility,NPK,NOSE HILL PARK,Community Centrepoint,-114.11069096475087,51.111277141566816
25-00899295,2025-11-24,2025-11-24,Closed,Other,Roads - Snow and Ice Control,OS - Mobility,BRD,BRIDGELAND/RIVERSIDE,Community Centrepoint,-114.03507983816613,51.05055069499901
25-00899323,2025-11-24,2025-11-24,Closed,Other,Roads - Snow and Ice Control,OS - Mobility,EDG,EDGEMONT,Community Centrepoint,-114.14395321027078,51.124587846873936
25-00899340,2025-11-24,2025-11-25,Closed,Other,Roads - Snow and Ice Control,OS - Mobility,ERL,ERLTON,Community Centrepoint,-114.06314648304496,51.02633379421822
25-00899341,2025-11-24,2025-11-25,Closed,Other,Roads - Snow and Ice Control,OS - Mobility,02B,02B,Community Centrepoint,-114.19939956642588,51.17602135193483
25-00899346,2025-11-24,2025-11-25,Closed,Other,Roads - Snow and Ice Control,OS - Mobility,CAP,CAPITOL HILL,Community Centrepoint,-114.09463117970957,51.072665279064736
25-00899371,2025-11-24,2025-11-25,Closed,Other,Roads - Snow and Ice Control,OS - Mobility,PKH,PARKHILL,Community Centrepoint,-114.06553452471286,51.018192290783006
25-00899376,2025-11-24,2025-11-24,Closed,App,Roads - Snow and Ice Control,OS - Mobility,CRA,CRANSTON,Community Centrepoint,-113.98000403324248,50.87819416673358
25-00899395,2025-11-24,2025-11-27,Closed,Other,Roads - Snow and Ice Control,OS - Mobility,BRD,BRIDGELAND/RIVERSIDE,Community Centrepoint,-114.03507983816613,51.05055069499901
25-00899413,2025-11-24,2025-11-24,Closed,Other,Roads - Snow and Ice Control,OS - Mobility,HUN,HUNTINGTON HILLS,Community Centrepoint,-114.06670855606806,51.11758074861446
25-00899436,2025-11-24,2025-11-24,Closed,Other,Roads - Snow and Ice Control,OS - Mobility,NHV,NORTH HAVEN,Community Centrepoint,-114.08942057511464,51.095941552191746
25-00899442,2025-11-24,2025-11-26,Closed,Other,Roads - Snow and Ice Control,OS - Mobility,HAM,HAMPTONS,Community Centrepoint,-114.14668419231464,51.14509284032676
25-00899443,2025-11-24,2025-11-25,Closed,Other,Roads - Snow and Ice Control,OS - Mobility,ROC,ROCKY RIDGE,Community Centrepoint,-114.24590791801704,51.14407647959192
25-00899461,2025-11-24,2025-11-25,Closed,Other,Roads - Snow and Ice Control,OS - Mobility,ACA,ACADIA,Community Centrepoint,-114.05369601618196,50.972415073979406
25-00899470,2025-11-24,2025-11-24,Closed,Other,Roads - Snow and Ice Control,OS - Mobility,LIV,LIVINGSTON,Community Centrepoint,-114.06550670687444,51.18550406559082
25-00899484,2025-11-24,2025-11-24,Closed,Other,Roads - Snow and Ice Control,OS - Mobility,PKD,PARKDALE,Community Centrepoint,-114.13533325689389,51.05994755127784
25-00899503,2025-11-24,2025-11-25,Closed,Other,Roads - Snow and Ice Control,OS - Mobility,BNK,BANKVIEW,Community Centrepoint,-114.10048318979052,51.034127528143316
25-00899514,2025-11-24,2025-11-29,Closed,Other,Roads - Snow and Ice Control,OS - Mobility,MAH,MAHOGANY,Community Centrepoint,-113.92463385892704,50.895943916674454
25-00899529,2025-11-24,2025-11-27,Closed,App,Roads - Pathway Snow and Ice Concerns,OS - Mobility,MNI,MANCHESTER INDUSTRIAL,Community Centrepoint,-114.0572224672051,51.01325599042462
25-00899545,2025-11-24,2025-11-24,Open,Other,Roads - Snow and Ice Control,OS - Mobility,CRE,CRESCENT HEIGHTS,Community Centrepoint,-114.06161323521869,51.05949594746299
25-00899563,2025-11-24,2025-11-25,Duplicate (Closed),Other,Roads - Snow and Ice Control,OS - Mobility,PKH,PARKHILL,Community Centrepoint,-114.06553191848668,51.01819490645702
25-00899573,2025-11-24,2025-11-25,Closed,App,Roads - Snow and Ice Control,OS - Mobility,UMR,UPPER MOUNT ROYAL,Community Centrepoint,-114.08502568683475,51.02997367691996
25-00899587,2025-11-24,2025-11-25,Closed,Other,Roads - Snow and Ice Control,OS - Mobility,UMR,UPPER MOUNT ROYAL,Community Centrepoint,-114.08502568683475,51.02997367691996
25-00899643,2025-11-24,2025-11-28,Closed,Other,Roads - Pathway Snow and Ice Concerns,OS - Mobility,ALT,ALTADORE,Community Centrepoint,-114.10078239468643,51.015954118930864
25-00899647,2025-11-24,2025-11-24,Closed,Other,Roads - Snow and Ice Control,OS - Mobility,WHI,WHITEHORN,Community Centrepoint,-113.97006247520194,51.08877824664194
25-00899649,2025-11-24,2025-11-28,Closed,App,Roads - Pathway Snow and Ice Concerns,OS - Mobility,DAL,DALHOUSIE,Community Centrepoint,-114.15815535928552,51.109409937993064
25-00899694,2025-11-24,2025-11-24,Closed,Other,Roads - Snow and Ice Control,OS - Mobility,BOW,BOWNESS,Community Centrepoint,-114.188388474722,51.08334628834888
25-00899695,2025-11-24,2025-11-26,Closed,App,Roads - Snow and Ice Control,OS - Mobility,HAM,HAMPTONS,Community Centrepoint,-114.14668419231464,51.14509284032676
25-00899745,2025-11-24,2025-11-25,Closed,Other,Roads - Snow and Ice Control,OS - Mobility,GAW,GARRISON WOODS,Community Centrepoint,-114.11361449884984,51.01717823115197
25-00899764,2025-11-24,2025-11-24,Closed,Other,Roads - Snow and Ice Control,OS - Mobility,CAN,CANYON MEADOWS,Community Centrepoint,-114.0820063458848,50.94095720926748
25-00899768,2025-11-24,2025-11-28,Closed,Other,Roads - Snow and Ice Control,OS - Mobility,SKR,SKYVIEW RANCH,Community Centrepoint,-113.958374560746,51.156126735611394
25-00899781,2025-11-24,2025-11-27,Closed,Other,Roads - Snow and Ice Control,OS - Mobility,EDG,EDGEMONT,Community Centrepoint,-114.14395321027078,51.124587846873936
25-00899783,2025-11-24,2025-11-26,Closed,Other,Roads - Snow and Ice Control,OS - Mobility,SHW,SHERWOOD,Community Centrepoint,-114.15200014679402,51.15999091977726
25-00899788,2025-11-24,2025-11-26,Duplicate (Closed),App,Roads - Snow and Ice Control,OS - Mobility,SHW,SHERWOOD,Community Centrepoint,-114.15192222360092,51.15999021930858
25-00899805,2025-11-24,2025-11-24,Closed,Other,Roads - Snow and Ice Control,OS - Mobility,EAU,EAU CLAIRE,Community Centrepoint,-114.07282181932324,51.05360699412218
25-00899819,2025-11-24,2025-11-24,Closed,Other,Roads - Snow and Ice Control,OS - Mobility,SOW,SOUTHWOOD,Community Centrepoint,-114.08319427981304,50.957758808343314
25-00899872,2025-11-24,2025-11-26,Closed,Other,Roads - Snow and Ice Control,OS - Mobility,SGH,SAGE HILL,Community Centrepoint,-114.14068609335126,51.175616973412424
25-00899911,2025-11-24,2025-11-27,Closed,App,Roads - Pathway Snow and Ice Concerns,OS - Mobility,HAW,HAWKWOOD,Community Centrepoint,-114.17561536315904,51.13097810215283
25-00899993,2025-11-24,2025-11-25,Closed,Other,Roads - Snow and Ice Control,OS - Mobility,EPK,ELBOW PARK,Community Centrepoint,-114.08380531110666,51.02134304236776
25-00900000,2025-11-24,2025-11-25,Duplicate (Closed),Other,Roads - Snow and Ice Control,OS - Mobility,PKH,PARKHILL,Community Centrepoint,-114.06553191848668,51.01819490645702
25-00900065,2025-11-24,2025-11-25,Closed,Other,Roads - Snow and Ice Control,OS - Mobility,PKH,PARKHILL,Community Centrepoint,-114.06553452471286,51.018192290783006
25-00900069,2025-11-24,2025-11-25,Closed,Other,Roads - Snow and Ice Control,OS - Mobility,MPL,MAPLE RIDGE,Community Centrepoint,-114.03468902740028,50.95763758363201
25-00900097,2025-11-24,2025-11-30,Closed,Other,Roads - Snow and Ice Control,OS - Mobility,ALT,ALTADORE,Community Centrepoint,-114.10078239468643,51.015954118930864
25-00900140,2025-11-24,2025-11-25,Closed,Other,Roads - Snow and Ice Control,OS - Mobility,UMR,UPPER MOUNT ROYAL,Community Centrepoint,-114.08502568683475,51.02997367691996
25-00900270,2025-11-24,2025-11-24,Closed,App,Roads - Snow and Ice Control,OS - Mobility,WES,WESTWINDS,Community Centrepoint,-113.97005020356406,51.10339214773552
25-00900303,2025-11-24,2025-11-25,Closed,Other,Roads - Snow and Ice Control,OS - Mobility,ACA,ACADIA,Community Centrepoint,-114.05369601618196,50.972415073979406
25-00900336,2025-11-24,2025-11-24,Closed,Other,Roads - Snow and Ice Control,OS - Mobility,EAG,EAGLE RIDGE,Community Centrepoint,-114.09679322093444,50.9887442746766
25-00900378,2025-11-24,2025-11-25,Closed,Other,Roads - Snow and Ice Control,OS - Mobility,EPK,ELBOW PARK,Community Centrepoint,-114.08380531110666,51.02134304236776
25-00900393,2025-11-24,2025-11-24,Closed,Other,Roads - Snow and Ice Control,OS - Mobility,COU,COUNTRY HILLS,Community Centrepoint,-114.07989377479912,51.14377568374259
25-00900395,2025-11-24,2025-11-24,Closed,Other,Roads - Snow and Ice Control,OS - Mobility,WSP,WEST SPRINGS,Community Centrepoint,-114.20668628482738,51.05977296984733
25-00900430,2025-11-24,2025-11-24,Duplicate (Closed),Other,Roads - Snow and Ice Control,OS - Mobility,COU,COUNTRY HILLS,Community Centrepoint,-114.07989394832668,51.14377568374259
25-00900436,2025-11-24,2025-11-25,Closed,App,Roads - Snow and Ice Control,OS - Mobility,SSW,SCARBORO/SUNALTA WEST,Community Centrepoint,-114.11485990934284,51.04219909319587
25-00900448,2025-11-24,,Open,App,Roads - Snow and Ice Control,OS - Mobility,HAM,HAMPTONS,Community Centrepoint,-114.14668841065269,51.14509558933835
25-00900457,2025-11-24,2025-11-25,Closed,App,Roads - Snow and Ice Control,OS - Mobility,BNK,BANKVIEW,Community Centrepoint,-114.10048318979052,51.034127528143316
25-00900503,2025-11-24,2025-11-25,Closed,App,Roads - Snow and Ice Control,OS - Mobility,BNK,BANKVIEW,Community Centrepoint,-114.10048318979052,51.034127528143316
25-00900519,2025-11-24,2025-11-28,Closed,App,Roads - Pathway Snow and Ice Concerns,OS - Mobility,TUS,TUSCANY,Community Centrepoint,-114.2408862053562,51.12191108825487
25-00900534,2025-11-24,2025-11-24,Closed,Other,Roads - Snow and Ice Control,OS - Mobility,SHS,SHAWNEE SLOPES,Community Centrepoint,-114.08580210790822,50.92618812780506
25-00900536,2025-11-24,2025-11-28,Closed,App,Roads - Pathway Snow and Ice Concerns,OS - Mobility,TUS,TUSCANY,Community Centrepoint,-114.2408862053562,51.12191108825487
25-00900545,2025-11-24,2025-11-28,Closed,App,Roads - Pathway Snow and Ice Concerns,OS - Mobility,TUS,TUSCANY,Community Centrepoint,-114.2408862053562,51.12191108825487
25-00900551,2025-11-24,2025-11-26,Closed,App,Roads - Pathway Snow and Ice Concerns,OS - Mobility,TUS,TUSCANY,Community Centrepoint,-114.2408862053562,51.12191108825487
25-00900557,2025-11-24,2025-11-24,Closed,Other,Roads - Snow and Ice Control,OS - Mobility,MER,MERIDIAN,Community Centrepoint,-113.9965175217408,51.05658502009166
25-00900561,2025-11-24,2025-11-24,Closed,Other,Roads - Snow and Ice Control,OS - Mobility,SPH,SPRINGBANK HILL,Community Centrepoint,-114.20981973671448,51.02656453162372
25-00900568,2025-11-24,2025-11-25,Closed,Other,Roads - Snow and Ice Control,OS - Mobility,LKB,LAKE BONAVISTA,Community Centrepoint,-114.0512955606845,50.939598998272274
25-00900579,2025-11-24,2025-11-25,Duplicate (Closed),Other,Roads - Snow and Ice Control,OS - Mobility,EPK,ELBOW PARK,Community Centrepoint,-114.08380531110666,51.02134304236776
25-00900584,2025-11-24,2025-11-24,Closed,Other,Roads - Snow and Ice Control,OS - Mobility,WWO,WOLF WILLOW,Community Centrepoint,-114.00862797996852,50.87070800655032
25-00900614,2025-11-24,2025-11-25,Closed,Other,Roads - Snow and Ice Control,OS - Mobility,EPK,ELBOW PARK,Community Centrepoint,-114.08380531110666,51.02134304236776
25-00900726,2025-11-24,2025-11-24,Closed,Other,Roads - Snow and Ice Control,OS - Mobility,MAH,MAHOGANY,Community Centrepoint,-113.92463385892704,50.895943916674454
25-00900752,2025-11-24,2025-11-25,Closed,Other,Roads - Snow and Ice Control,OS - Mobility,TUS,TUSCANY,Community Centrepoint,-114.2408862053562,51.12191108825487
25-00900807,2025-11-24,2025-11-24,Closed,Other,Roads - Snow and Ice Control,OS - Mobility,HUN,HUNTINGTON HILLS,Community Centrepoint,-114.06670855606806,51.11758074861446
25-00900823,2025-11-24,2025-11-25,Closed,Other,Roads - Snow and Ice Control,OS - Mobility,13M,13M,Community Centrepoint,-114.04275644736944,50.85623560635176
25-00900854,2025-11-24,2025-11-28,Closed,App,Roads - Pathway Snow and Ice Concerns,OS - Mobility,SIG,SIGNAL HILL,Community Centrepoint,-114.17990702915992,51.023260171926054
25-00900872,2025-11-24,2025-11-24,Closed,Other,Roads - Snow and Ice Control,OS - Mobility,SPH,SPRINGBANK HILL,Community Centrepoint,-114.20981973671448,51.02656453162372
25-00900927,2025-11-24,2025-11-25,Closed,Other,Roads - Snow and Ice Control,OS - Mobility,CAN,CANYON MEADOWS,Community Centrepoint,-114.0820063458848,50.94095720926748
25-00900951,2025-11-24,2025-11-25,Closed,Other,Roads - Pathway Snow and Ice Concerns,OS - Mobility,HUN,HUNTINGTON HILLS,Community Centrepoint,-114.06670855606806,51.11758074861446
25-00900978,2025-11-24,2025-11-26,Closed,App,Roads - Snow and Ice Control,OS - Mobility,10E,10E,Community Centrepoint,-113.91622590200564,51.081722809490294
25-00900988,2025-11-24,2025-11-24,Closed,Other,Roads - Snow and Ice Control,OS - Mobility,ALB,ALBERT PARK/RADISSON HEIGHTS,Community Centrepoint,-113.99677793526727,51.044532953156086
25-00900989,2025-11-24,2025-11-24,Closed,App,Roads - Snow and Ice Control,OS - Mobility,DIS,DISCOVERY RIDGE,Community Centrepoint,-114.2177187770391,51.016091532917656
25-00901039,2025-11-24,2025-11-26,Closed,App,Roads - Snow and Ice Control,OS - Mobility,SHW,SHERWOOD,Community Centrepoint,-114.15200014679402,51.15999091977726
25-00901041,2025-11-24,2025-11-24,Closed,Other,Roads - Snow and Ice Control,OS - Mobility,DIS,DISCOVERY RIDGE,Community Centrepoint,-114.2177187770391,51.016091532917656
25-00901113,2025-11-24,2025-11-26,Closed,Other,Roads - Snow and Ice Control,OS - Mobility,HID,HIDDEN VALLEY,Community Centrepoint,-114.11960923256338,51.15193708483775
25-00901129,2025-11-24,2025-11-26,Closed,Other,Roads - Snow and Ice Control,OS - Mobility,PAN,PANORAMA HILLS,Community Centrepoint,-114.08806340626408,51.15971101170789
25-00901201,2025-11-24,2025-11-24,Closed,App,Roads - Snow and Ice Control,OS - Mobility,OGD,OGDEN,Community Centrepoint,-114.01243870034244,50.99187347872066
25-00901230,2025-11-24,2025-11-25,Closed,App,Roads - Snow and Ice Control,OS - Mobility,ACA,ACADIA,Community Centrepoint,-114.05369601618196,50.972415073979406
25-00901233,2025-11-24,2025-11-24,Duplicate (Closed),Other,Roads - Snow and Ice Control,OS - Mobility,MAH,MAHOGANY,Community Centrepoint,-113.92463385892704,50.895943916674454
25-00901239,2025-11-24,2025-11-27,Closed,App,Roads - Pathway Snow and Ice Concerns,OS - Mobility,HID,HIDDEN VALLEY,Community Centrepoint,-114.11960923256338,51.15193708483775
25-00901244,2025-11-24,2025-11-26,Open,Other,Roads - Snow and Ice Control,OS - Mobility,HID,HIDDEN VALLEY,Community Centrepoint,-114.11960923256338,51.15193708483775
25-00901263,2025-11-24,2025-11-27,Closed,App,Roads - Pathway Snow and Ice Concerns,OS - Mobility,CNS,CORNERSTONE,Community Centrepoint,-113.9305705256274,51.15735996767518
25-00901281,2025-11-24,2025-11-25,Closed,App,Roads - Snow and Ice Control,OS - Mobility,WBN,WOODBINE,Community Centrepoint,-114.1296281640212,50.940233262618435
25-00901282,2025-11-24,2025-12-11,Closed,App,Bylaw - Snow and Ice on Sidewalk,CS - Emergency Management and Community Safety,BOW,BOWNESS,Community Centrepoint,-114.188388474722,51.08334628834888
25-00901289,2025-11-24,2025-11-24,Closed,Other,Roads - Snow and Ice Control,OS - Mobility,COV,COVENTRY HILLS,Community Centrepoint,-114.0531434069748,51.16490633093188
25-00901317,2025-11-24,2025-11-24,Closed,Other,Roads - Snow and Ice Control,OS - Mobility,HIF,HIGHFIELD,Community Centrepoint,-114.0371938269173,51.01852460944606
25-00901328,2025-11-24,2025-11-25,Closed,Other,Roads - Snow and Ice Control,OS - Mobility,VAR,VARSITY,Community Centrepoint,-114.162506759502,51.09605377080581
25-00901332,2025-11-24,2025-12-09,Closed,Other,Bylaw - Snow and Ice on Sidewalk,CS - Emergency Management and Community Safety,MAL,MAYLAND HEIGHTS,Community Centrepoint,-114.01331127510768,51.06083217926603
25-00901337,2025-11-24,2025-11-24,Closed,App,Roads - Snow and Ice Control,OS - Mobility,COV,COVENTRY HILLS,Community Centrepoint,-114.0531434069748,51.16490633093188
25-00901347,2025-11-24,2025-11-25,Closed,Other,Roads - Snow and Ice Control,OS - Mobility,KIL,KILLARNEY/GLENGARRY,Community Centrepoint,-114.13173134426395,51.030131956517685
25-00901359,2025-11-24,2025-11-25,Closed,Other,Roads - Snow and Ice Control,OS - Mobility,BNK,BANKVIEW,Community Centrepoint,-114.10048318979052,51.034127528143316
25-00901378,2025-11-24,2025-11-27,Closed,App,Roads - Pathway Snow and Ice Concerns,OS - Mobility,RAN,RANCHLANDS,Community Centrepoint,-114.18364711110482,51.11917908296843
25-00901411,2025-11-24,2025-11-25,Closed,App,Roads - Pathway Snow and Ice Concerns,OS - Mobility,BRD,BRIDGELAND/RIVERSIDE,Community Centrepoint,-114.03507983816613,51.05055069499901
25-00901427,2025-11-24,2025-11-26,Closed,App,Roads - Snow and Ice Control,OS - Mobility,PAN,PANORAMA HILLS,Community Centrepoint,-114.08806340626408,51.15971101170789
25-00901428,2025-11-24,2025-11-25,Closed,App,Roads - Snow and Ice Control,OS - Mobility,RDL,ROSEDALE,Community Centrepoint,-114.07820713414688,51.06268666385911
25-00901430,2025-11-24,2025-11-25,Closed,Other,Roads - Snow and Ice Control,OS - Mobility,PIN,PINERIDGE,Community Centrepoint,-113.9467616936152,51.07424750638858
25-00901441,2025-11-24,2025-11-27,Closed,Other,Roads - Pathway Snow and Ice Concerns,OS - Mobility,DIS,DISCOVERY RIDGE,Community Centrepoint,-114.2177187770391,51.016091532917656
25-00901452,2025-11-24,2026-04-17,Closed,Other,Roads - Pathway Snow and Ice Concerns,OS - Mobility,ROY,ROYAL OAK,Community Centrepoint,-114.21976419943832,51.142656213851055
25-00901462,2025-11-24,2025-11-25,Closed,Other,Roads - Snow and Ice Control,OS - Mobility,LKB,LAKE BONAVISTA,Community Centrepoint,-114.0512955606845,50.939598998272274
25-00901465,2025-11-24,2025-11-25,Closed,Other,Roads - Snow and Ice Control,OS - Mobility,WHL,WEST HILLHURST,Community Centrepoint,-114.11515850909426,51.05507951426751
25-00901472,2025-11-24,2025-11-25,Closed,App,Roads - Snow and Ice Control,OS - Mobility,BRD,BRIDGELAND/RIVERSIDE,Community Centrepoint,-114.03507983816613,51.05055069499901
25-00901473,2025-11-24,2025-11-26,Closed,App,Roads - Pathway Snow and Ice Concerns,OS - Mobility,BLN,BELTLINE,Community Centrepoint,-114.0551860888619,51.03743796399198
25-00901474,2025-11-24,2025-11-25,Closed,Other,Roads - Snow and Ice Control,OS - Mobility,WHL,WEST HILLHURST,Community Centrepoint,-114.11515850909426,51.05507951426751
25-00901484,2025-11-24,2025-11-25,Closed,Other,Roads - Snow and Ice Control,OS - Mobility,DAL,DALHOUSIE,Community Centrepoint,-114.15815535928552,51.109409937993064
25-00901495,2025-11-24,2025-11-25,Closed,App,Roads - Snow and Ice Control,OS - Mobility,MAH,MAHOGANY,Community Centrepoint,-113.92463385892704,50.895943916674454
25-00901520,2025-11-24,2025-11-25,Closed,App,Roads - Snow and Ice Control,OS - Mobility,MAH,MAHOGANY,Community Centrepoint,-113.92463385892704,50.895943916674454
25-00901526,2025-11-24,2025-11-25,Closed,App,Roads - Pathway Snow and Ice Concerns,OS - Mobility,PKH,PARKHILL,Community Centrepoint,-114.06553452471286,51.018192290783006
25-00901537,2025-11-24,2025-11-28,Closed,App,Roads - Pathway Snow and Ice Concerns,OS - Mobility,ASP,ASPEN WOODS,Community Centrepoint,-114.20838662695292,51.04521537783425
25-00901542,2025-11-24,2025-11-26,Closed,Other,Roads - Snow and Ice Control,OS - Mobility,PAL,PALLISER,Community Centrepoint,-114.11215889038807,50.96676703174382
25-00901545,2025-11-24,2025-11-27,Closed,Other,Roads - Pathway Snow and Ice Concerns,OS - Mobility,CHN,CHINATOWN,Community Centrepoint,-114.06552190579262,51.05282359517956
25-00901561,2025-11-24,2025-11-25,Closed,App,Roads - Snow and Ice Control,OS - Mobility,WSP,WEST SPRINGS,Community Centrepoint,-114.20668628482738,51.05977296984733
25-00901575,2025-11-24,2025-11-25,Closed,App,Roads - Snow and Ice Control,OS - Mobility,EPK,ELBOW PARK,Community Centrepoint,-114.08380531110666,51.02134304236776
25-00901579,2025-11-24,2025-11-25,Closed,Other,Roads - Snow and Ice Control,OS - Mobility,ASP,ASPEN WOODS,Community Centrepoint,-114.20838662695292,51.04521537783425
25-00901589,2025-11-24,2025-11-25,Closed,Other,Roads - Snow and Ice Control,OS - Mobility,WSP,WEST SPRINGS,Community Centrepoint,-114.20668628482738,51.05977296984733
25-00901608,2025-11-24,2025-11-25,Closed,Other,Roads - Snow and Ice Control,OS - Mobility,MAH,MAHOGANY,Community Centrepoint,-113.92463385892704,50.895943916674454
25-00901609,2025-11-24,2025-11-25,Closed,Other,Roads - Pathway Snow and Ice Concerns,OS - Mobility,SIL,SILVER SPRINGS,Community Centrepoint,-114.19626862637182,51.10427448199788
25-00901613,2025-11-24,2025-11-25,Closed,App,Roads - Snow and Ice Control,OS - Mobility,MAH,MAHOGANY,Community Centrepoint,-113.92463385892704,50.895943916674454
25-00901617,2025-11-24,2025-11-25,Closed,App,Roads - Snow and Ice Control,OS - Mobility,ASP,ASPEN WOODS,Community Centrepoint,-114.20838662695292,51.04521537783425
25-00901621,2025-11-24,2025-11-25,Duplicate (Closed),Other,Roads - Snow and Ice Control,OS - Mobility,ASP,ASPEN WOODS,Community Centrepoint,-114.20838662695292,51.04521537783425
25-00901628,2025-11-24,2025-11-25,Closed,Other,Roads - Snow and Ice Control,OS - Mobility,BNK,BANKVIEW,Community Centrepoint,-114.10048318979052,51.034127528143316
25-00901636,2025-11-24,2025-11-25,Closed,Other,Roads - Snow and Ice Control,OS - Mobility,SIG,SIGNAL HILL,Community Centrepoint,-114.17990702915992,51.023260171926054
25-00901640,2025-11-24,2025-11-25,Closed,Other,Roads - Snow and Ice Control,OS - Mobility,HIL,HILLHURST,Community Centrepoint,-114.09364601408991,51.057277532355
25-00901659,2025-11-24,2025-11-25,Closed,Other,Roads - Snow and Ice Control,OS - Mobility,MAH,MAHOGANY,Community Centrepoint,-113.92463385892704,50.895943916674454
25-00901660,2025-11-24,2025-11-26,Closed,Other,Roads - Pathway Snow and Ice Concerns,OS - Mobility,MCK,MCKENZIE LAKE,Community Centrepoint,-113.9881871837774,50.91486638419278
25-00901663,2025-11-24,2025-11-25,Closed,Other,Roads - Pathway Snow and Ice Concerns,OS - Mobility,LEG,LEGACY,Community Centrepoint,-114.00597971885598,50.85760046185492
25-00901675,2025-11-24,,Open,Other,Roads - Snow and Ice Control,OS - Mobility,FHT,FOREST HEIGHTS,Community Centrepoint,-113.96875793277384,51.04924314874295
25-00901691,2025-11-24,2025-11-25,Closed,App,Roads - Snow and Ice Control,OS - Mobility,DAL,DALHOUSIE,Community Centrepoint,-114.15815535928552,51.109409937993064
25-00901699,2025-11-24,2025-11-26,Closed,App,Roads - Snow and Ice Control,OS - Mobility,EVN,EVANSTON,Community Centrepoint,-114.11245112799344,51.1710848417942
25-00901701,2025-11-24,2025-11-25,Closed,App,Roads - Snow and Ice Control,OS - Mobility,PKH,PARKHILL,Community Centrepoint,-114.06553452471286,51.018192290783006
25-00901712,2025-11-24,2025-11-27,Closed,App,Roads - Pathway Snow and Ice Concerns,OS - Mobility,TUS,TUSCANY,Community Centrepoint,-114.2408862053562,51.12191108825487
25-00901720,2025-11-24,2025-11-28,Closed,Other,Roads - Pathway Snow and Ice Concerns,OS - Mobility,WAL,WALDEN,Community Centrepoint,-114.03261830805454,50.87040296671561
25-00901726,2025-11-24,2025-11-26,Closed,Other,Roads - Snow and Ice Control,OS - Mobility,PAN,PANORAMA HILLS,Community Centrepoint,-114.08806340626408,51.15971101170789
25-00901733,2025-11-24,2025-11-25,Closed,App,Roads - Snow and Ice Control,OS - Mobility,CPF,COPPERFIELD,Community Centrepoint,-113.9294857228364,50.91781382350559
25-00901747,2025-11-24,2025-11-27,Closed,Other,Roads - Snow and Ice Control,OS - Mobility,HAY,HAYSBORO,Community Centrepoint,-114.08334023954264,50.97221484296711
25-00901752,2025-11-24,2025-11-25,Closed,Other,Roads - Snow and Ice Control,OS - Mobility,BOW,BOWNESS,Community Centrepoint,-114.188388474722,51.08334628834888
25-00901755,2025-11-24,2025-11-25,Closed,App,Roads - Snow and Ice Control,OS - Mobility,CSC,CITYSCAPE,Community Centrepoint,-113.9612580314835,51.14703155759964
25-00901756,2025-11-24,2025-11-24,Closed,Other,Roads - Snow and Ice Control,OS - Mobility,RIV,RIVERBEND,Community Centrepoint,-114.01842884764744,50.97602013392327
25-00901760,2025-11-24,2025-11-25,Closed,App,Roads - Snow and Ice Control,OS - Mobility,ST3,STONEY 3,Community Centrepoint,-113.97583513108812,51.14703268645852
25-00901765,2025-11-24,2025-11-25,Closed,Other,Roads - Snow and Ice Control,OS - Mobility,CHV,COUNTRY HILLS VILLAGE,Community Centrepoint,-114.06139543185051,51.15820384893674
25-00901767,2025-11-24,2025-11-25,Closed,App,Roads - Snow and Ice Control,OS - Mobility,CSC,CITYSCAPE,Community Centrepoint,-113.9612580314835,51.14703155759964
25-00901814,2025-11-24,2025-11-27,Closed,App,Bylaw - Snow and Ice on Sidewalk,CS - Emergency Management and Community Safety,MOP,MOUNT PLEASANT,Community Centrepoint,-114.07602998447167,51.074237909055896
25-00901819,2025-11-24,2025-11-25,Duplicate (Closed),Other,Roads - Snow and Ice Control,OS - Mobility,CHV,COUNTRY HILLS VILLAGE,Community Centrepoint,-114.06139543185051,51.15820384893674
25-00901840,2025-11-24,2025-11-25,Closed,Other,Roads - Snow and Ice Control,OS - Mobility,MAH,MAHOGANY,Community Centrepoint,-113.92463385892704,50.895943916674454
25-00901844,2025-11-24,2025-11-25,Closed,Other,Roads - Snow and Ice Control,OS - Mobility,MAH,MAHOGANY,Community Centrepoint,-113.92463385892704,50.895943916674454
25-00901845,2025-11-24,2025-11-25,Closed,Other,Roads - Snow and Ice Control,OS - Mobility,ARB,ARBOUR LAKE,Community Centrepoint,-114.2076749807532,51.13259471210095
25-00901859,2025-11-24,2025-11-25,Closed,Other,Roads - Snow and Ice Control,OS - Mobility,OAK,OAKRIDGE,Community Centrepoint,-114.12961404738668,50.969662799426914
25-00901862,2025-11-24,2025-11-28,Closed,Other,Roads - Pathway Snow and Ice Concerns,OS - Mobility,SET,SETON,Community Centrepoint,-113.94793123802644,50.874157663473184
25-00901863,2025-11-24,2025-11-25,Closed,App,Roads - Snow and Ice Control,OS - Mobility,SKR,SKYVIEW RANCH,Community Centrepoint,-113.958374560746,51.156126735611394
25-00901872,2025-11-24,2025-11-24,Closed,Other,Roads - Snow and Ice Control,OS - Mobility,FHI,FOOTHILLS,Community Centrepoint,-113.9820382253049,50.99396302980395
25-00901876,2025-11-24,2025-11-25,Closed,Other,Roads - Snow and Ice Control,OS - Mobility,AUB,AUBURN BAY,Community Centrepoint,-113.95779514351894,50.89269507750196
25-00901886,2025-11-24,2025-11-25,Closed,App,Roads - Snow and Ice Control,OS - Mobility,MAH,MAHOGANY,Community Centrepoint,-113.92463385892704,50.895943916674454
25-00901887,2025-11-24,2025-11-25,Closed,Other,Roads - Snow and Ice Control,OS - Mobility,CHV,COUNTRY HILLS VILLAGE,Community Centrepoint,-114.06139543185051,51.15820384893674
25-00901896,2025-11-24,2025-11-25,Duplicate (Closed),Other,Roads - Snow and Ice Control,OS - Mobility,CHV,COUNTRY HILLS VILLAGE,Community Centrepoint,-114.06139543185051,51.15820384893674
25-00901905,2025-11-24,2025-11-29,Closed,App,Roads - Pathway Snow and Ice Concerns,OS - Mobility,WWO,WOLF WILLOW,Community Centrepoint,-114.00862797996852,50.87070800655032
25-00901906,2025-11-24,2025-11-26,Closed,App,Roads - Snow and Ice Control,OS - Mobility,WWO,WOLF WILLOW,Community Centrepoint,-114.00862797996852,50.87070800655032
25-00901909,2025-11-24,2025-11-26,Closed,Other,Roads - Snow and Ice Control,OS - Mobility,HID,HIDDEN VALLEY,Community Centrepoint,-114.11960923256338,51.15193708483775
25-00901929,2025-11-24,2026-01-30,Closed,Other,Bylaw - Snow and Ice on Sidewalk,CS - Emergency Management and Community Safety,KIL,KILLARNEY/GLENGARRY,Community Centrepoint,-114.13173134426395,51.030131956517685
25-00901931,2025-11-24,2025-11-25,Closed,App,Roads - Snow and Ice Control,OS - Mobility,LIV,LIVINGSTON,Community Centrepoint,-114.06550670687444,51.18550406559082
25-00901933,2025-11-25,2025-11-26,Closed,App,Roads - Snow and Ice Control,OS - Mobility,HID,HIDDEN VALLEY,Community Centrepoint,-114.11960923256338,51.15193708483775
25-00901956,2025-11-25,2025-11-25,Closed,Other,Roads - Snow and Ice Control,OS - Mobility,GPI,GREAT PLAINS,Community Centrepoint,-113.93993701561716,50.98689494739356
25-00901958,2025-11-25,2025-11-25,Closed,Other,Roads - Snow and Ice Control,OS - Mobility,AUB,AUBURN BAY,Community Centrepoint,-113.95779514351894,50.89269507750196
25-00901959,2025-11-25,2025-11-25,Closed,Other,Roads - Snow and Ice Control,OS - Mobility,AUB,AUBURN BAY,Community Centrepoint,-113.95779514351894,50.89269507750196
25-00901967,2025-11-25,2025-11-25,Closed,Other,Roads - Snow and Ice Control,OS - Mobility,DDG,DOUGLASDALE/GLEN,Community Centrepoint,-114.01190805579247,50.94844437258388
25-00901972,2025-11-25,2025-11-25,Closed,Other,Roads - Snow and Ice Control,OS - Mobility,WBN,WOODBINE,Community Centrepoint,-114.1296281640212,50.940233262618435
25-00901976,2025-11-25,2025-11-26,Closed,App,Bylaw - Snow and Ice on Sidewalk,CS - Emergency Management and Community Safety,CNS,CORNERSTONE,Community Centrepoint,-113.9305705256274,51.15735996767518
25-00901981,2025-11-25,2025-11-26,Closed,Other,Roads - Snow and Ice Control,OS - Mobility,WAL,WALDEN,Community Centrepoint,-114.03261830805454,50.87040296671561
25-00901984,2025-11-25,2025-11-28,Closed,App,Roads - Pathway Snow and Ice Concerns,OS - Mobility,GPI,GREAT PLAINS,Community Centrepoint,-113.93993701561716,50.98689494739356
25-00901988,2025-11-25,2025-11-25,Closed,App,Roads - Snow and Ice Control,OS - Mobility,DAL,DALHOUSIE,Community Centrepoint,-114.15815535928552,51.109409937993064
25-00901991,2025-11-25,2025-11-25,Closed,Other,Bylaw - Snow and Ice on Sidewalk,CS - Emergency Management and Community Safety,LPK,LINCOLN PARK,Community Centrepoint,-114.12999189961278,51.01027374391133
25-00901994,2025-11-25,2025-11-25,Closed,Other,Roads - Snow and Ice Control,OS - Mobility,ESH,EAST SHEPARD INDUSTRIAL,Community Centrepoint,-113.95096996432171,50.951309838058904
25-00901995,2025-11-25,2025-11-28,Closed,App,Roads - Pathway Snow and Ice Concerns,OS - Mobility,GLA,GLAMORGAN,Community Centrepoint,-114.15322733578051,51.015116804134095
25-00901996,2025-11-25,2025-11-25,Closed,App,Roads - Pathway Snow and Ice Concerns,OS - Mobility,GLA,GLAMORGAN,Community Centrepoint,-114.15322733578051,51.015116804134095
25-00901998,2025-11-25,2025-11-25,Closed,Other,Bylaw - Snow and Ice on Sidewalk,CS - Emergency Management and Community Safety,RAM,RAMSAY,Community Centrepoint,-114.04253229079256,51.03641206430803
25-00901999,2025-11-25,2025-11-28,Closed,App,Roads - Pathway Snow and Ice Concerns,OS - Mobility,EVN,EVANSTON,Community Centrepoint,-114.11245112799344,51.1710848417942
25-00902001,2025-11-25,2025-11-25,Closed,App,Roads - Pathway Snow and Ice Concerns,OS - Mobility,HAY,HAYSBORO,Community Centrepoint,-114.08334023954264,50.97221484296711
25-00902011,2025-11-25,2025-11-25,Closed,App,Roads - Snow and Ice Control,OS - Mobility,CHV,COUNTRY HILLS VILLAGE,Community Centrepoint,-114.06139543185051,51.15820384893674
25-00902013,2025-11-25,2025-11-28,Closed,App,Roads - Pathway Snow and Ice Concerns,OS - Mobility,ESH,EAST SHEPARD INDUSTRIAL,Community Centrepoint,-113.95096996432171,50.951309838058904
25-00902015,2025-11-25,2025-11-30,Closed,Other,Roads - Snow and Ice Control,OS - Mobility,OAK,OAKRIDGE,Community Centrepoint,-114.12961404738668,50.969662799426914
25-00902016,2025-11-25,2025-11-25,Closed,App,Roads - Snow and Ice Control,OS - Mobility,COV,COVENTRY HILLS,Community Centrepoint,-114.0531434069748,51.16490633093188
25-00902021,2025-11-25,2025-11-25,Closed,App,Roads - Snow and Ice Control,OS - Mobility,COV,COVENTRY HILLS,Community Centrepoint,-114.0531434069748,51.16490633093188
25-00902026,2025-11-25,2025-11-25,Closed,App,Roads - Snow and Ice Control,OS - Mobility,KIN,KINGSLAND,Community Centrepoint,-114.07735883671336,50.98697675033278
25-00902032,2025-11-25,2025-11-27,Closed,Other,Roads - Snow and Ice Control,OS - Mobility,AUB,AUBURN BAY,Community Centrepoint,-113.95779514351894,50.89269507750196
25-00902034,2025-11-25,2025-11-25,Closed,Other,Roads - Snow and Ice Control,OS - Mobility,CSC,CITYSCAPE,Community Centrepoint,-113.9612580314835,51.14703155759964
25-00902044,2025-11-25,2025-11-25,Duplicate (Closed),Other,Roads - Snow and Ice Control,OS - Mobility,DAL,DALHOUSIE,Community Centrepoint,-114.15815535928552,51.109409937993064
25-00902045,2025-11-25,2025-11-25,Duplicate (Closed),Other,Roads - Snow and Ice Control,OS - Mobility,DAL,DALHOUSIE,Community Centrepoint,-114.15815535928552,51.109409937993064
25-00902049,2025-11-25,2025-11-25,Closed,App,Roads - Snow and Ice Control,OS - Mobility,SOV,SOUTHVIEW,Community Centrepoint,-113.99733916298923,51.03415221323608
25-00902050,2025-11-25,2025-11-25,Closed,Other,Roads - Snow and Ice Control,OS - Mobility,WBN,WOODBINE,Community Centrepoint,-114.1296281640212,50.940233262618435
25-00902057,2025-11-25,2025-11-26,Closed,App,Roads - Pathway Snow and Ice Concerns,OS - Mobility,DNC,DOWNTOWN COMMERCIAL CORE,Community Centrepoint,-114.06959371115344,51.0472744358498
25-00902066,2025-11-25,2025-11-27,Closed,Other,Roads - Snow and Ice Control,OS - Mobility,CPF,COPPERFIELD,Community Centrepoint,-113.9294857228364,50.91781382350559
25-00902067,2025-11-25,2025-11-25,Closed,Other,Roads - Snow and Ice Control,OS - Mobility,ST2,STONEY 2,Community Centrepoint,-114.01718259300952,51.14338378288947
25-00902074,2025-11-25,2025-11-25,Closed,Other,Roads - Snow and Ice Control,OS - Mobility,RCK,ROSSCARROCK,Community Centrepoint,-114.14548590929746,51.04328787200739
25-00902077,2025-11-25,2025-11-26,Closed,Other,Roads - Snow and Ice Control,OS - Mobility,GBK,GLENBROOK,Community Centrepoint,-114.152694837935,51.02419405304613
25-00902078,2025-11-25,2025-11-25,Closed,Other,Bylaw - Snow and Ice on Sidewalk,CS - Emergency Management and Community Safety,DNC,DOWNTOWN COMMERCIAL CORE,Community Centrepoint,-114.06959371115344,51.0472744358498
25-00902084,2025-11-25,2025-11-25,Closed,Other,Roads - Snow and Ice Control,OS - Mobility,ST2,STONEY 2,Community Centrepoint,-114.01718259300952,51.14338378288947
25-00902085,2025-11-25,2025-11-25,Closed,Other,Bylaw - Snow and Ice on Sidewalk,CS - Emergency Management and Community Safety,MLR,MILLRISE,Community Centrepoint,-114.08491413864552,50.91705536774364
25-00902093,2025-11-25,2025-11-26,Closed,Other,Roads - Snow and Ice Control,OS - Mobility,ALP,ALPINE PARK,Community Centrepoint,-114.14701269720348,50.91704331336335
25-00902094,2025-11-25,2025-11-26,Closed,Other,Roads - Pathway Snow and Ice Concerns,OS - Mobility,DNC,DOWNTOWN COMMERCIAL CORE,Community Centrepoint,-114.06959371115344,51.0472744358498
25-00902095,2025-11-25,2025-11-26,Closed,Other,Roads - Snow and Ice Control,OS - Mobility,EVN,EVANSTON,Community Centrepoint,-114.11245112799344,51.1710848417942
25-00902097,2025-11-25,2025-11-28,Closed,App,Roads - Pathway Snow and Ice Concerns,OS - Mobility,WAL,WALDEN,Community Centrepoint,-114.03261830805454,50.87040296671561
25-00902102,2025-11-25,2025-11-26,Duplicate (Closed),Other,Roads - Snow and Ice Control,OS - Mobility,EVN,EVANSTON,Community Centrepoint,-114.11219163730428,51.171218187340465
25-00902103,2025-11-25,2025-11-25,Closed,Other,Roads - Snow and Ice Control,OS - Mobility,ALT,ALTADORE,Community Centrepoint,-114.10078239468643,51.015954118930864
25-00902108,2025-11-25,2025-11-26,Closed,App,Roads - Pathway Snow and Ice Concerns,OS - Mobility,REN,RENFREW,Community Centrepoint,-114.03916899334442,51.05965315830899
25-00902112,2025-11-25,2025-11-25,Closed,Other,Roads - Snow and Ice Control,OS - Mobility,WBN,WOODBINE,Community Centrepoint,-114.1296281640212,50.940233262618435
25-00902114,2025-11-25,2025-11-25,Closed,App,Roads - Snow and Ice Control,OS - Mobility,COV,COVENTRY HILLS,Community Centrepoint,-114.0531434069748,51.16490633093188
25-00902118,2025-11-25,2025-11-26,Closed,Other,Roads - Snow and Ice Control,OS - Mobility,HID,HIDDEN VALLEY,Community Centrepoint,-114.11960923256338,51.15193708483775
25-00902123,2025-11-25,2025-12-01,Closed,Other,Roads - Pathway Snow and Ice Concerns,OS - Mobility,GLA,GLAMORGAN,Community Centrepoint,-114.15322733578051,51.015116804134095
25-00902125,2025-11-25,2025-11-25,Closed,App,Roads - Pathway Snow and Ice Concerns,OS - Mobility,SSD,SUNNYSIDE,Community Centrepoint,-114.07902910930612,51.05641953338241
25-00902129,2025-11-25,2025-11-25,Closed,Other,Roads - Snow and Ice Control,OS - Mobility,GBK,GLENBROOK,Community Centrepoint,-114.152694837935,51.02419405304613
25-00902131,2025-11-25,2025-11-25,Duplicate (Closed),Other,Roads - Snow and Ice Control,OS - Mobility,DAL,DALHOUSIE,Community Centrepoint,-114.15815535928552,51.109409937993064
25-00902134,2025-11-25,2025-12-14,Closed,App,Bylaw - Snow and Ice on Sidewalk,CS - Emergency Management and Community Safety,CAN,CANYON MEADOWS,Community Centrepoint,-114.0820063458848,50.94095720926748
25-00902137,2025-11-25,2025-11-27,Closed,Other,Roads - Snow and Ice Control,OS - Mobility,AUB,AUBURN BAY,Community Centrepoint,-113.95779514351894,50.89269507750196
25-00902141,2025-11-25,2025-11-26,Closed,Other,Roads - Snow and Ice Control,OS - Mobility,HID,HIDDEN VALLEY,Community Centrepoint,-114.11960923256338,51.15193708483775
25-00902143,2025-11-25,2025-11-25,Closed,Other,Roads - Snow and Ice Control,OS - Mobility,CLI,CLIFF BUNGALOW,Community Centrepoint,-114.07490165596712,51.03393319537453
25-00902144,2025-11-25,2025-11-25,Closed,Other,Roads - Snow and Ice Control,OS - Mobility,RUN,RUNDLE,Community Centrepoint,-113.97005350368742,51.07423887665301
25-00902145,2025-11-25,2025-11-25,Closed,App,Roads - Snow and Ice Control,OS - Mobility,ALT,ALTADORE,Community Centrepoint,-114.10078239468643,51.015954118930864
25-00902148,2025-11-25,2025-11-25,Closed,Other,Roads - Pathway Snow and Ice Concerns,OS - Mobility,HUN,HUNTINGTON HILLS,Community Centrepoint,-114.06670855606806,51.11758074861446
25-00902153,2025-11-25,2025-11-25,Closed,App,Roads - Snow and Ice Control,OS - Mobility,SNA,SUNALTA,Community Centrepoint,-114.10148594325246,51.04295989297799
25-00902155,2025-11-25,2025-12-11,Closed,App,Roads - Pathway Snow and Ice Concerns,OS - Mobility,MAH,MAHOGANY,Community Centrepoint,-113.92463385892704,50.895943916674454
25-00902156,2025-11-25,2025-11-25,Closed,App,Roads - Pathway Snow and Ice Concerns,OS - Mobility,RAM,RAMSAY,Community Centrepoint,-114.04253229079256,51.03641206430803
25-00902160,2025-11-25,2025-11-26,Closed,Other,Roads - Snow and Ice Control,OS - Mobility,EVN,EVANSTON,Community Centrepoint,-114.11245112799344,51.1710848417942
25-00902162,2025-11-25,2025-11-25,Duplicate (Closed),App,Roads - Snow and Ice Control,OS - Mobility,KIN,KINGSLAND,Community Centrepoint,-114.07735883671336,50.98697675033278
25-00902163,2025-11-25,2025-11-25,Closed,Other,Roads - Snow and Ice Control,OS - Mobility,PKL,PARKLAND,Community Centrepoint,-114.02822405924384,50.920841901943966
25-00902169,2025-11-25,2025-11-26,Closed,Other,Roads - Snow and Ice Control,OS - Mobility,HID,HIDDEN VALLEY,Community Centrepoint,-114.11960923256338,51.15193708483775
25-00902172,2025-11-25,2025-11-25,Closed,Other,Roads - Snow and Ice Control,OS - Mobility,GPI,GREAT PLAINS,Community Centrepoint,-113.93993701561716,50.98689494739356
25-00902175,2025-11-25,2025-12-11,Closed,Other,Roads - Snow and Ice Control,OS - Mobility,EPK,ELBOW PARK,Community Centrepoint,-114.08380531110666,51.02134304236776
25-00902176,2025-11-25,2025-11-25,Closed,Other,Roads - Snow and Ice Control,OS - Mobility,THO,THORNCLIFFE,Community Centrepoint,-114.06878100895472,51.103105008837304
25-00902188,2025-11-25,2025-11-25,Duplicate (Closed),App,Roads - Snow and Ice Control,OS - Mobility,COV,COVENTRY HILLS,Community Centrepoint,-114.05313423182986,51.164928068908395
25-00902192,2025-11-25,2025-11-25,Closed,Other,Roads - Snow and Ice Control,OS - Mobility,UND,UNIVERSITY DISTRICT,Community Centrepoint,-114.14496478087015,51.07385411823227
25-00902194,2025-11-25,2025-11-25,Closed,App,Roads - Snow and Ice Control,OS - Mobility,MNI,MANCHESTER INDUSTRIAL,Community Centrepoint,-114.0572224672051,51.01325599042462
25-00902195,2025-11-25,2025-11-25,Closed,App,Roads - Snow and Ice Control,OS - Mobility,COV,COVENTRY HILLS,Community Centrepoint,-114.0531434069748,51.16490633093188
25-00902200,2025-11-25,2025-11-25,Duplicate (Closed),App,Roads - Snow and Ice Control,OS - Mobility,CHV,COUNTRY HILLS VILLAGE,Community Centrepoint,-114.06139543185051,51.15820384893674
25-00902207,2025-11-25,2025-11-25,Closed,App,Roads - Snow and Ice Control,OS - Mobility,COV,COVENTRY HILLS,Community Centrepoint,-114.0531434069748,51.16490633093188
25-00902212,2025-11-25,2025-11-25,Duplicate (Closed),App,Roads - Snow and Ice Control,OS - Mobility,HAY,HAYSBORO,Community Centrepoint,-114.08334023954264,50.97221484296711
25-00902215,2025-11-25,2025-11-28,Closed,Other,Roads - Snow and Ice Control,OS - Mobility,12A,12A,Community Centrepoint,-113.89321420700392,50.96505615174495
25-00902225,2025-11-25,2025-12-01,Closed,App,Roads - Pathway Snow and Ice Concerns,OS - Mobility,HAY,HAYSBORO,Community Centrepoint,-114.08334023954264,50.97221484296711
25-00902226,2025-11-25,2025-11-26,Closed,App,Roads - Snow and Ice Control,OS - Mobility,EVN,EVANSTON,Community Centrepoint,-114.11245112799344,51.1710848417942
25-00902237,2025-11-25,2025-11-25,Closed,Other,Roads - Snow and Ice Control,OS - Mobility,DAL,DALHOUSIE,Community Centrepoint,-114.15815535928552,51.109409937993064
25-00902239,2025-11-25,2025-11-25,Closed,Other,Roads - Snow and Ice Control,OS - Mobility,WOO,WOODLANDS,Community Centrepoint,-114.10615958156993,50.9411239786837
25-00902242,2025-11-25,2025-11-26,Closed,Other,Roads - Snow and Ice Control,OS - Mobility,LKB,LAKE BONAVISTA,Community Centrepoint,-114.0512955606845,50.939598998272274
25-00902243,2025-11-25,2025-11-25,Duplicate (Closed),Other,Roads - Snow and Ice Control,OS - Mobility,PKL,PARKLAND,Community Centrepoint,-114.02822405924384,50.920841901943966
25-00902250,2025-11-25,2025-11-25,Closed,Other,Roads - Snow and Ice Control,OS - Mobility,FAI,FAIRVIEW,Community Centrepoint,-114.0603609439821,50.98538212195565
25-00902251,2025-11-25,2025-12-11,Closed,App,Bylaw - Snow and Ice on Sidewalk,CS - Emergency Management and Community Safety,DNC,DOWNTOWN COMMERCIAL CORE,Community Centrepoint,-114.06959371115344,51.0472744358498
25-00902252,2025-11-25,2025-11-25,Closed,App,Roads - Snow and Ice Control,OS - Mobility,GAW,GARRISON WOODS,Community Centrepoint,-114.11361449884984,51.01717823115197
25-00902254,2025-11-25,2025-11-25,Closed,App,Bylaw - Snow and Ice on Sidewalk,CS - Emergency Management and Community Safety,ALT,ALTADORE,Community Centrepoint,-114.10078239468643,51.015954118930864
25-00902258,2025-11-25,2025-11-27,Closed,Other,Roads - Snow and Ice Control,OS - Mobility,AUB,AUBURN BAY,Community Centrepoint,-113.95779514351894,50.89269507750196
25-00902264,2025-11-25,2025-11-25,Closed,Other,Roads - Snow and Ice Control,OS - Mobility,CAM,CAMBRIAN HEIGHTS,Community Centrepoint,-114.08937896523608,51.0843391726819
25-00902275,2025-11-25,2025-11-26,Closed,App,Roads - Snow and Ice Control,OS - Mobility,SGH,SAGE HILL,Community Centrepoint,-114.14068609335126,51.175616973412424
25-00902276,2025-11-25,2025-11-26,Closed,App,Roads - Snow and Ice Control,OS - Mobility,EVN,EVANSTON,Community Centrepoint,-114.11245112799344,51.1710848417942
25-00902278,2025-11-25,2025-11-25,Closed,App,Bylaw - Snow and Ice on Sidewalk,CS - Emergency Management and Community Safety,ERL,ERLTON,Community Centrepoint,-114.06314648304496,51.02633379421822
25-00902279,2025-11-25,2025-11-26,Closed,Other,Roads - Snow and Ice Control,OS - Mobility,HID,HIDDEN VALLEY,Community Centrepoint,-114.11960923256338,51.15193708483775
25-00902286,2025-11-25,2025-11-25,Closed,Other,Roads - Snow and Ice Control,OS - Mobility,HPK,HIGHLAND PARK,Community Centrepoint,-114.0620558477436,51.08801817919036
25-00902294,2025-11-25,2025-11-25,Closed,Other,Roads - Snow and Ice Control,OS - Mobility,KIN,KINGSLAND,Community Centrepoint,-114.07735883671336,50.98697675033278
25-00902295,2025-11-25,2025-11-25,Closed,Other,Roads - Snow and Ice Control,OS - Mobility,FAI,FAIRVIEW,Community Centrepoint,-114.0603609439821,50.98538212195565
25-00902297,2025-11-25,2025-11-26,Closed,App,Roads - Snow and Ice Control,OS - Mobility,MCK,MCKENZIE LAKE,Community Centrepoint,-113.9881871837774,50.91486638419278
25-00902299,2025-11-25,2025-11-26,Closed,App,Roads - Snow and Ice Control,OS - Mobility,SGH,SAGE HILL,Community Centrepoint,-114.14068609335126,51.175616973412424
25-00902300,2025-11-25,2025-11-25,Closed,App,Bylaw - Snow and Ice on Sidewalk,CS - Emergency Management and Community Safety,ERL,ERLTON,Community Centrepoint,-114.06314648304496,51.02633379421822
25-00902304,2025-11-25,2025-11-25,Closed,App,Bylaw - Snow and Ice on Sidewalk,CS - Emergency Management and Community Safety,PKH,PARKHILL,Community Centrepoint,-114.06553452471286,51.018192290783006
25-00902311,2025-11-25,2025-11-26,Closed,Other,Roads - Snow and Ice Control,OS - Mobility,HID,HIDDEN VALLEY,Community Centrepoint,-114.11960923256338,51.15193708483775
25-00902316,2025-11-25,2025-11-27,Closed,Other,Roads - Snow and Ice Control,OS - Mobility,AUB,AUBURN BAY,Community Centrepoint,-113.95779514351894,50.89269507750196
25-00902323,2025-11-25,2025-11-25,Closed,App,Bylaw - Snow and Ice on Sidewalk,CS - Emergency Management and Community Safety,ERL,ERLTON,Community Centrepoint,-114.06314648304496,51.02633379421822
25-00902330,2025-11-25,2025-11-25,Closed,App,Bylaw - Snow and Ice on Sidewalk,CS - Emergency Management and Community Safety,ERL,ERLTON,Community Centrepoint,-114.06314648304496,51.02633379421822
25-00902333,2025-11-25,2025-11-25,Closed,Other,Bylaw - Snow and Ice on Sidewalk,CS - Emergency Management and Community Safety,ACA,ACADIA,Community Centrepoint,-114.05369601618196,50.972415073979406
25-00902338,2025-11-25,2025-11-27,Closed,Other,Roads - Snow and Ice Control,OS - Mobility,AUB,AUBURN BAY,Community Centrepoint,-113.95779514351894,50.89269507750196
25-00902346,2025-11-25,2025-11-25,Closed,Other,Roads - Snow and Ice Control,OS - Mobility,HKS,HOTCHKISS,Community Centrepoint,-113.89624948761448,50.91419352023465
25-00902351,2025-11-25,2025-11-26,Closed,Other,Roads - Pathway Snow and Ice Concerns,OS - Mobility,DNE,DOWNTOWN EAST VILLAGE,Community Centrepoint,-114.05084794560648,51.047090331328896
25-00902356,2025-11-25,2025-11-25,Closed,Other,Roads - Snow and Ice Control,OS - Mobility,ST2,STONEY 2,Community Centrepoint,-114.01718259300952,51.14338378288947
25-00902359,2025-11-25,2025-11-26,Closed,Other,Roads - Snow and Ice Control,OS - Mobility,KEL,KELVIN GROVE,Community Centrepoint,-114.08902826660824,50.98988114550384
25-00902371,2025-11-25,2025-11-25,Closed,Other,Roads - Snow and Ice Control,OS - Mobility,MDH,MEDICINE HILL,Community Centrepoint,-114.20014671120823,51.0791836745871
25-00902378,2025-11-25,2025-11-25,Closed,Other,Roads - Pathway Snow and Ice Concerns,OS - Mobility,WIN,WINSTON HEIGHTS/MOUNTVIEW,Community Centrepoint,-114.04184874950612,51.07529880280739
25-00902391,2025-11-25,2025-11-25,Closed,Other,Roads - Snow and Ice Control,OS - Mobility,WHL,WEST HILLHURST,Community Centrepoint,-114.11515850909426,51.05507951426751
25-00902405,2025-11-25,2025-11-25,Closed,App,Roads - Snow and Ice Control,OS - Mobility,BRD,BRIDGELAND/RIVERSIDE,Community Centrepoint,-114.03507983816613,51.05055069499901
25-00902413,2025-11-25,2025-11-25,Duplicate (Closed),Other,Roads - Snow and Ice Control,OS - Mobility,DAL,DALHOUSIE,Community Centrepoint,-114.15815535928552,51.109409937993064
25-00902421,2025-11-25,2025-11-27,Closed,Other,Roads - Snow and Ice Control,OS - Mobility,AUB,AUBURN BAY,Community Centrepoint,-113.95779514351894,50.89269507750196
25-00902435,2025-11-25,2025-11-27,Duplicate (Closed),App,Roads - Snow and Ice Control,OS - Mobility,AUB,AUBURN BAY,Community Centrepoint,-113.95779514351894,50.89269507750196
25-00902441,2025-11-25,2025-11-27,Closed,Other,Roads - Snow and Ice Control,OS - Mobility,AUB,AUBURN BAY,Community Centrepoint,-113.95779514351894,50.89269507750196
25-00902491,2025-11-25,2025-11-26,Closed,Other,Roads - Pathway Snow and Ice Concerns,OS - Mobility,RAM,RAMSAY,Community Centrepoint,-114.04253229079256,51.03641206430803
25-00902494,2025-11-25,2025-11-26,Closed,App,Roads - Pathway Snow and Ice Concerns,OS - Mobility,MCI,MCCALL,Community Centrepoint,-114.02708650389776,51.088997572302425
25-00902496,2025-11-25,2025-11-27,Closed,App,Roads - Snow and Ice Control,OS - Mobility,AUB,AUBURN BAY,Community Centrepoint,-113.95779514351894,50.89269507750196
25-00902500,2025-11-25,2025-11-25,Closed,Other,Roads - Snow and Ice Control,OS - Mobility,CHR,CHRISTIE PARK,Community Centrepoint,-114.17601756827588,51.040799529822195
25-00902512,2025-11-25,2025-11-27,Closed,App,Roads - Pathway Snow and Ice Concerns,OS - Mobility,CHN,CHINATOWN,Community Centrepoint,-114.06552190579262,51.05282359517956
25-00902518,2025-11-25,2025-11-25,Closed,Other,Roads - Snow and Ice Control,OS - Mobility,WOO,WOODLANDS,Community Centrepoint,-114.10615958156993,50.9411239786837
25-00902520,2025-11-25,2025-11-25,Closed,Other,Roads - Snow and Ice Control,OS - Mobility,KIN,KINGSLAND,Community Centrepoint,-114.07735883671336,50.98697675033278
25-00902523,2025-11-25,2025-11-25,Closed,Other,Roads - Snow and Ice Control,OS - Mobility,STD,STARFIELD,Community Centrepoint,-113.94001563495765,51.00485589477227
25-00902528,2025-11-25,2025-11-25,Closed,Other,Bylaw - Snow and Ice on Sidewalk,CS - Emergency Management and Community Safety,MPL,MAPLE RIDGE,Community Centrepoint,-114.03468902740028,50.95763758363201
25-00902531,2025-11-25,2025-11-25,Closed,Other,Roads - Snow and Ice Control,OS - Mobility,ST1,STONEY 1,Community Centrepoint,-114.02469848732277,51.16118788123997
25-00902533,2025-11-25,2025-11-25,Closed,Other,Roads - Snow and Ice Control,OS - Mobility,FHI,FOOTHILLS,Community Centrepoint,-113.9820382253049,50.99396302980395
25-00902536,2025-11-25,2025-12-01,Closed,App,Roads - Pathway Snow and Ice Concerns,OS - Mobility,CAR,CARRINGTON,Community Centrepoint,-114.08876544116865,51.1856882618504
25-00902550,2025-11-25,2025-11-27,Closed,App,Roads - Snow and Ice Control,OS - Mobility,AUB,AUBURN BAY,Community Centrepoint,-113.95779514351894,50.89269507750196
25-00902551,2025-11-25,2025-11-25,Closed,App,Roads - Snow and Ice Control,OS - Mobility,WBN,WOODBINE,Community Centrepoint,-114.1296281640212,50.940233262618435
25-00902553,2025-11-25,2025-11-25,Closed,Other,Roads - Snow and Ice Control,OS - Mobility,SUN,SUNRIDGE,Community Centrepoint,-113.99169526275338,51.074222025892624
25-00902556,2025-11-25,2025-11-25,Closed,Other,Bylaw - Snow and Ice on Sidewalk,CS - Emergency Management and Community Safety,MPL,MAPLE RIDGE,Community Centrepoint,-114.03468902740028,50.95763758363201
25-00902563,2025-11-25,2025-11-25,Closed,Other,Roads - Snow and Ice Control,OS - Mobility,DAL,DALHOUSIE,Community Centrepoint,-114.15815535928552,51.109409937993064
25-00902566,2025-11-25,2025-11-26,Closed,Other,Roads - Pathway Snow and Ice Concerns,OS - Mobility,,,None,,
25-00902582,2025-11-25,2025-12-09,Closed,App,Bylaw - Snow and Ice on Sidewalk,CS - Emergency Management and Community Safety,CAS,CASTLERIDGE,Community Centrepoint,-113.96102973195768,51.10525413516706
25-00902589,2025-11-25,2025-11-25,Closed,Other,Roads - Snow and Ice Control,OS - Mobility,EPK,ELBOW PARK,Community Centrepoint,-114.08380531110666,51.02134304236776
25-00902598,2025-11-25,2025-11-25,Closed,Other,Roads - Snow and Ice Control,OS - Mobility,DAL,DALHOUSIE,Community Centrepoint,-114.15815535928552,51.109409937993064
25-00902605,2025-11-25,2025-11-25,Closed,Other,Roads - Pathway Snow and Ice Concerns,OS - Mobility,MIS,MISSION,Community Centrepoint,-114.06808259035856,51.033157759251445
25-00902617,2025-11-25,2025-11-26,Duplicate (Closed),App,Roads - Snow and Ice Control,OS - Mobility,HAM,HAMPTONS,Community Centrepoint,-114.14668841065269,51.14509558933835
25-00902619,2025-11-25,2025-11-25,Closed,Other,Roads - Snow and Ice Control,OS - Mobility,EFV,EAST FAIRVIEW INDUSTRIAL,Community Centrepoint,-114.03863977769733,50.98403287999368
25-00902626,2025-11-25,2025-11-27,Duplicate (Closed),App,Roads - Snow and Ice Control,OS - Mobility,AUB,AUBURN BAY,Community Centrepoint,-113.95779514351894,50.89269507750196
25-00902652,2025-11-25,2025-11-25,Closed,Other,Bylaw - Snow and Ice on Sidewalk,CS - Emergency Management and Community Safety,SOW,SOUTHWOOD,Community Centrepoint,-114.08319427981304,50.957758808343314
25-00902658,2025-11-25,2025-11-27,Closed,Other,Roads - Snow and Ice Control,OS - Mobility,MAH,MAHOGANY,Community Centrepoint,-113.92463385892704,50.895943916674454
25-00902661,2025-11-25,2025-11-25,Closed,Other,Bylaw - Snow and Ice on Sidewalk,CS - Emergency Management and Community Safety,COR,CORAL SPRINGS,Community Centrepoint,-113.92694858499824,51.10334785100925
25-00902682,2025-11-25,2025-11-26,Closed,Other,Roads - Pathway Snow and Ice Concerns,OS - Mobility,SIG,SIGNAL HILL,Community Centrepoint,-114.17990702915992,51.023260171926054
25-00902706,2025-11-25,2025-12-01,Closed,Other,Roads - Pathway Snow and Ice Concerns,OS - Mobility,EAU,EAU CLAIRE,Community Centrepoint,-114.07282181932324,51.05360699412218
25-00902716,2025-11-25,2025-11-26,Closed,Other,Roads - Snow and Ice Control,OS - Mobility,SDC,SUNDANCE,Community Centrepoint,-114.04212569181468,50.90180436956538
25-00902723,2025-11-25,2025-11-25,Closed,Other,Roads - Snow and Ice Control,OS - Mobility,THO,THORNCLIFFE,Community Centrepoint,-114.06878100895472,51.103105008837304
25-00902724,2025-11-25,2025-12-11,Closed,App,Bylaw - Snow and Ice on Sidewalk,CS - Emergency Management and Community Safety,BLN,BELTLINE,Community Centrepoint,-114.0551860888619,51.03743796399198
25-00902731,2025-11-25,2025-11-25,Closed,Other,Bylaw - Snow and Ice on Sidewalk,CS - Emergency Management and Community Safety,LKB,LAKE BONAVISTA,Community Centrepoint,-114.0512955606845,50.939598998272274
25-00902769,2025-11-25,2025-11-25,Closed,Other,Roads - Snow and Ice Control,OS - Mobility,CHV,COUNTRY HILLS VILLAGE,Community Centrepoint,-114.06139543185051,51.15820384893674
25-00902770,2025-11-25,2025-11-25,Closed,Other,Roads - Snow and Ice Control,OS - Mobility,UND,UNIVERSITY DISTRICT,Community Centrepoint,-114.14496478087015,51.07385411823227
25-00902772,2025-11-25,2025-11-26,Closed,Other,Roads - Pathway Snow and Ice Concerns,OS - Mobility,DRN,DEER RUN,Community Centrepoint,-114.00908770459684,50.925132387678815
25-00902773,2025-11-25,2025-11-27,Closed,App,Roads - Snow and Ice Control,OS - Mobility,MCT,MCKENZIE TOWNE,Community Centrepoint,-113.96135301049588,50.917148761958515
25-00902782,2025-11-25,2025-11-25,Closed,Other,Roads - Snow and Ice Control,OS - Mobility,CHV,COUNTRY HILLS VILLAGE,Community Centrepoint,-114.06139543185051,51.15820384893674
25-00902790,2025-11-25,2025-11-25,Closed,Other,Roads - Snow and Ice Control,OS - Mobility,PKL,PARKLAND,Community Centrepoint,-114.02822405924384,50.920841901943966
25-00902792,2025-11-25,2025-11-25,Closed,Other,Roads - Snow and Ice Control,OS - Mobility,UND,UNIVERSITY DISTRICT,Community Centrepoint,-114.14496478087015,51.07385411823227
25-00902803,2025-11-25,2025-11-25,Closed,Other,Roads - Snow and Ice Control,OS - Mobility,UND,UNIVERSITY DISTRICT,Community Centrepoint,-114.14496478087015,51.07385411823227
25-00902807,2025-11-25,2025-11-25,Closed,Other,Roads - Snow and Ice Control,OS - Mobility,ACA,ACADIA,Community Centrepoint,-114.05369601618196,50.972415073979406
25-00902829,2025-11-25,2025-12-10,Closed,App,Roads - Pathway Snow and Ice Concerns,OS - Mobility,EPK,ELBOW PARK,Community Centrepoint,-114.08380531110666,51.02134304236776
25-00902833,2025-11-25,2025-11-26,Closed,App,Roads - Snow and Ice Control,OS - Mobility,ALP,ALPINE PARK,Community Centrepoint,-114.14701269720348,50.91704331336335
25-00902844,2025-11-25,2025-11-25,Closed,Other,Roads - Snow and Ice Control,OS - Mobility,ALT,ALTADORE,Community Centrepoint,-114.10078239468643,51.015954118930864
25-00902845,2025-11-25,2025-11-25,Closed,Other,Roads - Snow and Ice Control,OS - Mobility,CRM,CRESTMONT,Community Centrepoint,-114.26908259341312,51.08370240107075
25-00902851,2025-11-25,2025-11-27,Closed,App,Roads - Snow and Ice Control,OS - Mobility,AUB,AUBURN BAY,Community Centrepoint,-113.95779514351894,50.89269507750196
25-00902855,2025-11-25,2025-12-17,Closed,Other,Roads - Pathway Snow and Ice Concerns,OS - Mobility,SAN,SANDSTONE VALLEY,Community Centrepoint,-114.094962509766,51.137732845524965
25-00902859,2025-11-25,2025-11-25,Closed,Other,Roads - Snow and Ice Control,OS - Mobility,ST1,STONEY 1,Community Centrepoint,-114.02469848732277,51.16118788123997
25-00902878,2025-11-25,2025-11-25,Closed,Other,Roads - Snow and Ice Control,OS - Mobility,GRI,GREENVIEW INDUSTRIAL PARK,Community Centrepoint,-114.04905866998908,51.08651820128567
25-00902879,2025-11-25,2025-11-28,Closed,Other,Roads - Pathway Snow and Ice Concerns,OS - Mobility,OAK,OAKRIDGE,Community Centrepoint,-114.12961404738668,50.969662799426914
25-00902881,2025-11-25,2025-11-25,Closed,Other,Roads - Snow and Ice Control,OS - Mobility,CNS,CORNERSTONE,Community Centrepoint,-113.9305705256274,51.15735996767518
25-00902890,2025-11-25,2025-11-25,Closed,Other,Roads - Snow and Ice Control,OS - Mobility,CLI,CLIFF BUNGALOW,Community Centrepoint,-114.07490165596712,51.03393319537453
25-00902891,2025-11-25,2025-11-26,Closed,Other,Roads - Pathway Snow and Ice Concerns,OS - Mobility,MON,MONTGOMERY,Community Centrepoint,-114.16224821352388,51.071076143699045
25-00902895,2025-11-25,2025-11-26,Closed,Other,Roads - Snow and Ice Control,OS - Mobility,WWO,WOLF WILLOW,Community Centrepoint,-114.00862797996852,50.87070800655032
25-00902907,2025-11-25,2025-11-25,Closed,App,Bylaw - Snow and Ice on Sidewalk,CS - Emergency Management and Community Safety,SGH,SAGE HILL,Community Centrepoint,-114.14068609335126,51.175616973412424
25-00902911,2025-11-25,2025-11-26,Closed,Other,Roads - Snow and Ice Control,OS - Mobility,PAN,PANORAMA HILLS,Community Centrepoint,-114.08806340626408,51.15971101170789
25-00902919,2025-11-25,2025-11-25,Closed,App,Bylaw - Snow and Ice on Sidewalk,CS - Emergency Management and Community Safety,SGH,SAGE HILL,Community Centrepoint,-114.14068609335126,51.175616973412424
25-00902922,2025-11-25,2025-11-26,Closed,Other,Roads - Snow and Ice Control,OS - Mobility,MID,MIDNAPORE,Community Centrepoint,-114.05748430704033,50.915602456819094
25-00902930,2025-11-25,2025-11-25,Closed,Other,Roads - Snow and Ice Control,OS - Mobility,VAR,VARSITY,Community Centrepoint,-114.162506759502,51.09605377080581
25-00902937,2025-11-25,2025-11-25,Closed,Other,Roads - Snow and Ice Control,OS - Mobility,ESH,EAST SHEPARD INDUSTRIAL,Community Centrepoint,-113.95096996432171,50.951309838058904
25-00902946,2025-11-25,2025-11-25,Closed,Other,Bylaw - Snow and Ice on Sidewalk,CS - Emergency Management and Community Safety,WHI,WHITEHORN,Community Centrepoint,-113.97006247520194,51.08877824664194
25-00902957,2025-11-25,2025-11-25,Closed,Other,Bylaw - Snow and Ice on Sidewalk,CS - Emergency Management and Community Safety,WHI,WHITEHORN,Community Centrepoint,-113.97006247520194,51.08877824664194
25-00902958,2025-11-25,2025-11-25,Closed,App,Roads - Snow and Ice Control,OS - Mobility,KIN,KINGSLAND,Community Centrepoint,-114.07735883671336,50.98697675033278
25-00902962,2025-11-25,2025-11-25,Closed,Other,Roads - Snow and Ice Control,OS - Mobility,UND,UNIVERSITY DISTRICT,Community Centrepoint,-114.14496478087015,51.07385411823227
25-00902964,2025-11-25,2025-11-27,Closed,Other,Bylaw - Snow and Ice on Sidewalk,CS - Emergency Management and Community Safety,EAU,EAU CLAIRE,Community Centrepoint,-114.07282181932324,51.05360699412218
25-00902965,2025-11-25,2025-11-27,Duplicate (Closed),App,Roads - Snow and Ice Control,OS - Mobility,AUB,AUBURN BAY,Community Centrepoint,-113.95779514351894,50.89269507750196
25-00902976,2025-11-25,2025-11-25,Closed,Other,Roads - Snow and Ice Control,OS - Mobility,CRE,CRESCENT HEIGHTS,Community Centrepoint,-114.06161323521869,51.05949594746299
25-00902980,2025-11-25,2025-11-25,Duplicate (Closed),Other,Roads - Snow and Ice Control,OS - Mobility,DAL,DALHOUSIE,Community Centrepoint,-114.15815535928552,51.109409937993064
25-00902992,2025-11-25,2025-11-25,Closed,Other,Roads - Snow and Ice Control,OS - Mobility,VAF,VALLEYFIELD,Community Centrepoint,-114.0018858605793,51.00908410030722
25-00903002,2025-11-25,2025-11-25,Closed,App,Roads - Snow and Ice Control,OS - Mobility,BRI,BRIDLEWOOD,Community Centrepoint,-114.11020921039947,50.89921921581604
25-00903005,2025-11-25,2025-11-25,Closed,Other,Roads - Snow and Ice Control,OS - Mobility,ACA,ACADIA,Community Centrepoint,-114.05369601618196,50.972415073979406
25-00903049,2025-11-25,2025-11-25,Closed,App,Roads - Snow and Ice Control,OS - Mobility,CSC,CITYSCAPE,Community Centrepoint,-113.9612580314835,51.14703155759964
25-00903060,2025-11-25,2025-11-25,Closed,Other,Roads - Snow and Ice Control,OS - Mobility,VAL,VALLEY RIDGE,Community Centrepoint,-114.25129743656922,51.09538869219599
25-00903064,2025-11-25,2025-12-08,Closed,Other,Roads - Snow and Ice Control,OS - Mobility,EVE,EVERGREEN,Community Centrepoint,-114.11569352503209,50.91870443401208
25-00903068,2025-11-25,2025-11-25,Closed,Other,Roads - Snow and Ice Control,OS - Mobility,STD,STARFIELD,Community Centrepoint,-113.94001563495765,51.00485589477227
25-00903075,2025-11-25,2025-11-25,Closed,App,Roads - Snow and Ice Control,OS - Mobility,LPK,LINCOLN PARK,Community Centrepoint,-114.12999189961278,51.01027374391133
25-00903078,2025-11-25,2025-11-25,Closed,Other,Roads - Snow and Ice Control,OS - Mobility,VAL,VALLEY RIDGE,Community Centrepoint,-114.25129743656922,51.09538869219599
25-00903088,2025-11-25,2025-11-25,Closed,App,Roads - Snow and Ice Control,OS - Mobility,LKV,LAKEVIEW,Community Centrepoint,-114.12962139244752,50.999572409011186
25-00903102,2025-11-25,2025-11-25,Duplicate (Closed),Other,Roads - Snow and Ice Control,OS - Mobility,DAL,DALHOUSIE,Community Centrepoint,-114.15815535928552,51.109409937993064
25-00903120,2025-11-25,2025-11-25,Closed,Other,Roads - Pathway Snow and Ice Concerns,OS - Mobility,,,None,,
25-00903134,2025-11-25,2025-12-02,Closed,App,Bylaw - Snow and Ice on Sidewalk,CS - Emergency Management and Community Safety,AUB,AUBURN BAY,Community Centrepoint,-113.95779514351894,50.89269507750196
25-00903146,2025-11-25,2025-11-30,Closed,App,Bylaw - Snow and Ice on Sidewalk,CS - Emergency Management and Community Safety,QLD,QUEENSLAND,Community Centrepoint,-114.02257170606138,50.93822412104478
25-00903149,2025-11-25,2025-11-25,Closed,Other,Roads - Snow and Ice Control,OS - Mobility,CLI,CLIFF BUNGALOW,Community Centrepoint,-114.07490165596712,51.03393319537453
25-00903152,2025-11-25,2025-11-25,Closed,Other,Roads - Snow and Ice Control,OS - Mobility,HUN,HUNTINGTON HILLS,Community Centrepoint,-114.06670855606806,51.11758074861446
25-00903155,2025-11-25,2025-11-25,Closed,Other,Bylaw - Snow and Ice on Sidewalk,CS - Emergency Management and Community Safety,ACA,ACADIA,Community Centrepoint,-114.05369601618196,50.972415073979406
25-00903171,2025-11-25,2025-11-25,Closed,App,Roads - Snow and Ice Control,OS - Mobility,SFH,SOUTH FOOTHILLS,Community Centrepoint,-113.97367259111104,50.97124216080477
25-00903187,2025-11-25,2025-11-29,Closed,Other,Roads - Pathway Snow and Ice Concerns,OS - Mobility,DDG,DOUGLASDALE/GLEN,Community Centrepoint,-114.01190805579247,50.94844437258388
25-00903191,2025-11-25,2025-11-25,Closed,App,Roads - Pathway Snow and Ice Concerns,OS - Mobility,DRN,DEER RUN,Community Centrepoint,-114.00908770459684,50.925132387678815
25-00903192,2025-11-25,2025-11-25,Closed,App,Roads - Snow and Ice Control,OS - Mobility,WOO,WOODLANDS,Community Centrepoint,-114.10615958156993,50.9411239786837
25-00903206,2025-11-25,2025-11-25,Closed,App,Roads - Snow and Ice Control,OS - Mobility,ALT,ALTADORE,Community Centrepoint,-114.10078239468643,51.015954118930864
25-00903210,2025-11-25,2025-11-25,Duplicate (Closed),Other,Roads - Snow and Ice Control,OS - Mobility,HAY,HAYSBORO,Community Centrepoint,-114.08334023954264,50.97221484296711
25-00903211,2025-11-25,2025-11-25,Closed,Other,Roads - Snow and Ice Control,OS - Mobility,GPK,GLENMORE PARK,Community Centrepoint,-114.13153145583588,50.990468420200145
25-00903227,2025-11-25,2025-11-26,Closed,Other,Roads - Pathway Snow and Ice Concerns,OS - Mobility,DNW,DOWNTOWN WEST END,Community Centrepoint,-114.08777935920996,51.04796914082405
25-00903238,2025-11-25,2025-11-25,Closed,App,Roads - Snow and Ice Control,OS - Mobility,FAI,FAIRVIEW,Community Centrepoint,-114.0603609439821,50.98538212195565
25-00903240,2025-11-25,2025-11-27,Closed,App,Roads - Pathway Snow and Ice Concerns,OS - Mobility,HIL,HILLHURST,Community Centrepoint,-114.09364601408991,51.057277532355
25-00903255,2025-11-25,2025-11-25,Closed,Other,Roads - Snow and Ice Control,OS - Mobility,BRA,BRAESIDE,Community Centrepoint,-114.10636590290346,50.95600269188388
25-00903264,2025-11-25,2025-11-25,Closed,App,Roads - Snow and Ice Control,OS - Mobility,HSN,HASKAYNE,Community Centrepoint,-114.28669528468198,51.11697203676882
25-00903271,2025-11-25,2025-11-26,Closed,Other,Roads - Snow and Ice Control,OS - Mobility,EVN,EVANSTON,Community Centrepoint,-114.11245112799344,51.1710848417942
25-00903274,2025-11-25,2025-11-27,Closed,App,Roads - Snow and Ice Control,OS - Mobility,SET,SETON,Community Centrepoint,-113.94793123802644,50.874157663473184
25-00903291,2025-11-25,2025-11-28,Closed,App,Roads - Pathway Snow and Ice Concerns,OS - Mobility,SPH,SPRINGBANK HILL,Community Centrepoint,-114.20981973671448,51.02656453162372
25-00903292,2025-11-25,2025-11-25,Closed,Other,Roads - Snow and Ice Control,OS - Mobility,BOW,BOWNESS,Community Centrepoint,-114.188388474722,51.08334628834888
25-00903327,2025-11-25,2025-11-25,Closed,Other,Roads - Snow and Ice Control,OS - Mobility,WBN,WOODBINE,Community Centrepoint,-114.1296281640212,50.940233262618435
25-00903335,2025-11-25,2025-11-25,Closed,Other,Bylaw - Snow and Ice on Sidewalk,CS - Emergency Management and Community Safety,ING,INGLEWOOD,Community Centrepoint,-114.01912581291118,51.03414052413669
25-00903337,2025-11-25,2025-11-25,Closed,App,Roads - Snow and Ice Control,OS - Mobility,EPK,ELBOW PARK,Community Centrepoint,-114.08380531110666,51.02134304236776
25-00903338,2025-11-25,2025-11-26,Closed,Other,Roads - Snow and Ice Control,OS - Mobility,WIL,WILLOW PARK,Community Centrepoint,-114.05619550452296,50.956623796804834
25-00903340,2025-11-25,2025-11-25,Duplicate (Closed),Other,Roads - Snow and Ice Control,OS - Mobility,BRA,BRAESIDE,Community Centrepoint,-114.10636590290346,50.95600269188388
25-00903341,2025-11-25,2025-11-25,Duplicate (Closed),Other,Roads - Snow and Ice Control,OS - Mobility,DAL,DALHOUSIE,Community Centrepoint,-114.15815535928552,51.109409937993064
25-00903349,2025-11-25,2025-11-25,Closed,Other,Roads - Snow and Ice Control,OS - Mobility,ALB,ALBERT PARK/RADISSON HEIGHTS,Community Centrepoint,-113.99677793526727,51.044532953156086
25-00903351,2025-11-25,2025-11-27,Closed,Other,Roads - Snow and Ice Control,OS - Mobility,AUB,AUBURN BAY,Community Centrepoint,-113.95779514351894,50.89269507750196
25-00903376,2025-11-25,2025-11-25,Duplicate (Closed),Other,Roads - Snow and Ice Control,OS - Mobility,DAL,DALHOUSIE,Community Centrepoint,-114.15815535928552,51.109409937993064
25-00903396,2025-11-25,2025-11-25,Closed,Other,Roads - Snow and Ice Control,OS - Mobility,VAL,VALLEY RIDGE,Community Centrepoint,-114.25129743656922,51.09538869219599
25-00903412,2025-11-25,2025-11-25,Closed,Other,Roads - Snow and Ice Control,OS - Mobility,GRI,GREENVIEW INDUSTRIAL PARK,Community Centrepoint,-114.04905866998908,51.08651820128567
25-00903423,2025-11-25,2025-11-25,Closed,Other,Roads - Snow and Ice Control,OS - Mobility,PEN,PENBROOKE MEADOWS,Community Centrepoint,-113.947687206113,51.04585328827213
25-00903429,2025-11-25,2025-11-28,Duplicate (Closed),App,Roads - Snow and Ice Control,OS - Mobility,LIV,LIVINGSTON,Community Centrepoint,-114.06550670687444,51.18550406559082
25-00903430,2025-11-25,2025-11-25,Closed,Other,Bylaw - Snow and Ice on Sidewalk,CS - Emergency Management and Community Safety,CAS,CASTLERIDGE,Community Centrepoint,-113.96102973195768,51.10525413516706
25-00903450,2025-11-25,2025-11-27,Closed,Other,Roads - Snow and Ice Control,OS - Mobility,SET,SETON,Community Centrepoint,-113.94793123802644,50.874157663473184
25-00903462,2025-11-25,2025-11-25,Closed,App,Roads - Snow and Ice Control,OS - Mobility,WBN,WOODBINE,Community Centrepoint,-114.1296281640212,50.940233262618435
25-00903464,2025-11-25,2025-11-27,Closed,Other,Roads - Snow and Ice Control,OS - Mobility,SET,SETON,Community Centrepoint,-113.94793123802644,50.874157663473184
25-00903470,2025-11-25,2025-11-25,Closed,Other,Roads - Snow and Ice Control,OS - Mobility,ST2,STONEY 2,Community Centrepoint,-114.01718259300952,51.14338378288947
25-00903494,2025-11-25,2025-11-26,Closed,Other,Roads - Snow and Ice Control,OS - Mobility,PAN,PANORAMA HILLS,Community Centrepoint,-114.08806340626408,51.15971101170789
25-00903496,2025-11-25,2025-11-25,Closed,Other,Roads - Snow and Ice Control,OS - Mobility,ESH,EAST SHEPARD INDUSTRIAL,Community Centrepoint,-113.95096996432171,50.951309838058904
25-00903547,2025-11-25,2025-11-25,Closed,Other,Roads - Snow and Ice Control,OS - Mobility,PKD,PARKDALE,Community Centrepoint,-114.13533325689389,51.05994755127784
25-00903556,2025-11-25,2025-11-25,Closed,App,Roads - Snow and Ice Control,OS - Mobility,ST2,STONEY 2,Community Centrepoint,-114.01718259300952,51.14338378288947
25-00903563,2025-11-25,2025-11-30,Closed,Other,Bylaw - Snow and Ice on Sidewalk,CS - Emergency Management and Community Safety,MEA,MEADOWLARK PARK,Community Centrepoint,-114.07735167071785,50.99785784458241
25-00903580,2025-11-25,2025-11-25,Closed,Other,Roads - Snow and Ice Control,OS - Mobility,WHL,WEST HILLHURST,Community Centrepoint,-114.11515850909426,51.05507951426751
25-00903587,2025-11-25,2025-12-11,Closed,Other,Bylaw - Snow and Ice on Sidewalk,CS - Emergency Management and Community Safety,BRT,BRITANNIA,Community Centrepoint,-114.08627738153773,51.01264400443256
25-00903588,2025-11-25,2025-12-11,Closed,Other,Bylaw - Snow and Ice on Sidewalk,CS - Emergency Management and Community Safety,BRT,BRITANNIA,Community Centrepoint,-114.08627738153773,51.01264400443256
25-00903589,2025-11-25,2025-12-11,Closed,Other,Bylaw - Snow and Ice on Sidewalk,CS - Emergency Management and Community Safety,BRT,BRITANNIA,Community Centrepoint,-114.08627738153773,51.01264400443256
25-00903598,2025-11-25,2025-12-06,Closed,Other,Roads - Snow and Ice Control,OS - Mobility,CRA,CRANSTON,Community Centrepoint,-113.98000403324248,50.87819416673358
25-00903607,2025-11-25,2025-11-25,Closed,Other,Roads - Snow and Ice Control,OS - Mobility,WIL,WILLOW PARK,Community Centrepoint,-114.05619550452296,50.956623796804834
25-00903615,2025-11-25,2025-11-28,Closed,App,Bylaw - Snow and Ice on Sidewalk,CS - Emergency Management and Community Safety,CAM,CAMBRIAN HEIGHTS,Community Centrepoint,-114.08937896523608,51.0843391726819
25-00903618,2025-11-25,2025-11-26,Closed,Other,Roads - Snow and Ice Control,OS - Mobility,UMR,UPPER MOUNT ROYAL,Community Centrepoint,-114.08502568683475,51.02997367691996
25-00903624,2025-11-25,2025-11-28,Closed,App,Roads - Pathway Snow and Ice Concerns,OS - Mobility,BLN,BELTLINE,Community Centrepoint,-114.0551860888619,51.03743796399198
25-00903628,2025-11-25,2025-11-25,Closed,Other,Roads - Snow and Ice Control,OS - Mobility,DAL,DALHOUSIE,Community Centrepoint,-114.15815535928552,51.109409937993064
25-00903630,2025-11-25,2025-11-25,Closed,Other,Roads - Snow and Ice Control,OS - Mobility,WOO,WOODLANDS,Community Centrepoint,-114.10615958156993,50.9411239786837
25-00903634,2025-11-25,2025-11-25,Closed,Other,Roads - Snow and Ice Control,OS - Mobility,WES,WESTWINDS,Community Centrepoint,-113.97005020356406,51.10339214773552
25-00903639,2025-11-25,2025-12-02,Closed,App,Bylaw - Snow and Ice on Sidewalk,CS - Emergency Management and Community Safety,KIL,KILLARNEY/GLENGARRY,Community Centrepoint,-114.13173134426395,51.030131956517685
25-00903713,2025-11-25,2025-11-25,Closed,Other,Roads - Snow and Ice Control,OS - Mobility,SOC,SOUTH CALGARY,Community Centrepoint,-114.10207470149076,51.02680215199665
25-00903729,2025-11-25,2025-11-26,Closed,Other,Roads - Snow and Ice Control,OS - Mobility,LEG,LEGACY,Community Centrepoint,-114.00597971885598,50.85760046185492
25-00903740,2025-11-25,2025-11-26,Closed,App,Roads - Snow and Ice Control,OS - Mobility,WAL,WALDEN,Community Centrepoint,-114.03261830805454,50.87040296671561
25-00903745,2025-11-25,2025-11-28,Closed,Other,Roads - Pathway Snow and Ice Concerns,OS - Mobility,SET,SETON,Community Centrepoint,-113.94793123802644,50.874157663473184
25-00903777,2025-11-25,2025-11-27,Closed,Other,Roads - Snow and Ice Control,OS - Mobility,DAL,DALHOUSIE,Community Centrepoint,-114.15815535928552,51.109409937993064
25-00903789,2025-11-25,2025-11-25,Closed,Other,Roads - Snow and Ice Control,OS - Mobility,CNS,CORNERSTONE,Community Centrepoint,-113.9305705256274,51.15735996767518
25-00903804,2025-11-25,2025-11-25,Closed,Other,Roads - Snow and Ice Control,OS - Mobility,SCA,SCARBORO,Community Centrepoint,-114.10717502442168,51.04076520075529
25-00903808,2025-11-25,2025-11-25,Closed,App,Roads - Snow and Ice Control,OS - Mobility,SIG,SIGNAL HILL,Community Centrepoint,-114.17990702915992,51.023260171926054
25-00903809,2025-11-25,2025-11-26,Closed,Other,Roads - Pathway Snow and Ice Concerns,OS - Mobility,HUN,HUNTINGTON HILLS,Community Centrepoint,-114.06670855606806,51.11758074861446
25-00903821,2025-11-25,2025-11-25,Duplicate (Closed),Other,Roads - Snow and Ice Control,OS - Mobility,KIN,KINGSLAND,Community Centrepoint,-114.07735883671336,50.98697675033278
25-00903827,2025-11-25,2025-11-25,Duplicate (Closed),Other,Roads - Snow and Ice Control,OS - Mobility,SCA,SCARBORO,Community Centrepoint,-114.10717502442168,51.04076520075529
25-00903839,2025-11-25,2025-12-29,Closed,Other,Bylaw - Snow and Ice on Sidewalk,CS - Emergency Management and Community Safety,SCA,SCARBORO,Community Centrepoint,-114.10717502442168,51.04076520075529
25-00903872,2025-11-25,2025-11-25,Closed,Other,Roads - Snow and Ice Control,OS - Mobility,SCA,SCARBORO,Community Centrepoint,-114.10717502442168,51.04076520075529
25-00903898,2025-11-25,2025-11-28,Closed,Other,Roads - Pathway Snow and Ice Concerns,OS - Mobility,,,None,,
25-00903924,2025-11-25,2025-11-26,Closed,Other,Roads - Pathway Snow and Ice Concerns,OS - Mobility,,,None,,
25-00903957,2025-11-25,2025-11-25,Closed,Other,Roads - Snow and Ice Control,OS - Mobility,ACA,ACADIA,Community Centrepoint,-114.05369601618196,50.972415073979406
25-00903971,2025-11-25,2025-12-12,Closed,Other,Bylaw - Snow and Ice on Sidewalk,CS - Emergency Management and Community Safety,KIN,KINGSLAND,Community Centrepoint,-114.07735883671336,50.98697675033278
25-00903974,2025-11-25,2025-11-25,Closed,Other,Roads - Snow and Ice Control,OS - Mobility,SCA,SCARBORO,Community Centrepoint,-114.10717502442168,51.04076520075529
25-00903979,2025-11-25,2025-12-12,Closed,Other,Bylaw - Snow and Ice on Sidewalk,CS - Emergency Management and Community Safety,KIN,KINGSLAND,Community Centrepoint,-114.07735883671336,50.98697675033278
25-00903981,2025-11-25,2025-11-26,Closed,App,Roads - Pathway Snow and Ice Concerns,OS - Mobility,CPF,COPPERFIELD,Community Centrepoint,-113.9294857228364,50.91781382350559
25-00903998,2025-11-25,2025-11-26,Closed,App,Bylaw - Snow and Ice on Sidewalk,CS - Emergency Management and Community Safety,VAR,VARSITY,Community Centrepoint,-114.162506759502,51.09605377080581
25-00904002,2025-11-25,2025-11-25,Closed,Other,Roads - Snow and Ice Control,OS - Mobility,THO,THORNCLIFFE,Community Centrepoint,-114.06878100895472,51.103105008837304
25-00904011,2025-11-25,2025-11-26,Closed,Other,Roads - Snow and Ice Control,OS - Mobility,SIL,SILVER SPRINGS,Community Centrepoint,-114.19626862637182,51.10427448199788
25-00904013,2025-11-25,2025-11-26,Closed,Other,Roads - Snow and Ice Control,OS - Mobility,ARB,ARBOUR LAKE,Community Centrepoint,-114.2076749807532,51.13259471210095
25-00904017,2025-11-25,2025-11-26,Closed,App,Roads - Snow and Ice Control,OS - Mobility,13F,13F,Community Centrepoint,-114.17500520066548,50.89941628239532
25-00904020,2025-11-25,2025-11-26,Closed,Other,Roads - Snow and Ice Control,OS - Mobility,WAL,WALDEN,Community Centrepoint,-114.03261830805454,50.87040296671561
25-00904025,2025-11-25,2025-11-25,Closed,Other,Roads - Snow and Ice Control,OS - Mobility,CAP,CAPITOL HILL,Community Centrepoint,-114.09463117970957,51.072665279064736
25-00904028,2025-11-25,2025-11-25,Closed,App,Roads - Snow and Ice Control,OS - Mobility,WOO,WOODLANDS,Community Centrepoint,-114.10615958156993,50.9411239786837
25-00904029,2025-11-25,2025-11-26,Closed,Other,Bylaw - Snow and Ice on Sidewalk,CS - Emergency Management and Community Safety,HIL,HILLHURST,Community Centrepoint,-114.09364601408991,51.057277532355
25-00904033,2025-11-25,2025-11-25,Closed,Other,Bylaw - Snow and Ice on Sidewalk,CS - Emergency Management and Community Safety,HIL,HILLHURST,Community Centrepoint,-114.09364601408991,51.057277532355
25-00904036,2025-11-25,2025-11-25,Duplicate (Closed),Other,Roads - Snow and Ice Control,OS - Mobility,WBN,WOODBINE,Community Centrepoint,-114.1296281640212,50.940233262618435
25-00904046,2025-11-25,2025-11-28,Closed,Other,Roads - Pathway Snow and Ice Concerns,OS - Mobility,HIL,HILLHURST,Community Centrepoint,-114.09364601408991,51.057277532355
25-00904047,2025-11-25,2025-11-29,Closed,App,Bylaw - Snow and Ice on Sidewalk,CS - Emergency Management and Community Safety,PIN,PINERIDGE,Community Centrepoint,-113.9467616936152,51.07424750638858
25-00904048,2025-11-25,2025-11-26,Closed,Other,Roads - Snow and Ice Control,OS - Mobility,ALT,ALTADORE,Community Centrepoint,-114.10078239468643,51.015954118930864
25-00904053,2025-11-25,2025-12-17,Closed,Other,Roads - Pathway Snow and Ice Concerns,OS - Mobility,HIL,HILLHURST,Community Centrepoint,-114.09364601408991,51.057277532355
25-00904082,2025-11-25,2025-11-26,Closed,Other,Roads - Snow and Ice Control,OS - Mobility,DAL,DALHOUSIE,Community Centrepoint,-114.15815535928552,51.109409937993064
25-00904086,2025-11-25,2025-11-25,Closed,Other,Roads - Snow and Ice Control,OS - Mobility,LKB,LAKE BONAVISTA,Community Centrepoint,-114.0512955606845,50.939598998272274
25-00904089,2025-11-25,2025-11-26,Closed,Other,Roads - Snow and Ice Control,OS - Mobility,GLA,GLAMORGAN,Community Centrepoint,-114.15322733578051,51.015116804134095
25-00904095,2025-11-25,2025-11-25,Closed,Other,Roads - Snow and Ice Control,OS - Mobility,PKL,PARKLAND,Community Centrepoint,-114.02822405924384,50.920841901943966
25-00904096,2025-11-25,2025-11-26,Closed,Other,Roads - Snow and Ice Control,OS - Mobility,HID,HIDDEN VALLEY,Community Centrepoint,-114.11960923256338,51.15193708483775
25-00904103,2025-11-25,2025-12-02,Closed,App,Bylaw - Snow and Ice on Sidewalk,CS - Emergency Management and Community Safety,HAW,HAWKWOOD,Community Centrepoint,-114.17561536315904,51.13097810215283
25-00904114,2025-11-25,2025-11-27,Closed,App,Bylaw - Snow and Ice on Sidewalk,CS - Emergency Management and Community Safety,HAW,HAWKWOOD,Community Centrepoint,-114.17561536315904,51.13097810215283
25-00904118,2025-11-25,2025-11-26,Closed,Other,Roads - Pathway Snow and Ice Concerns,OS - Mobility,PKH,PARKHILL,Community Centrepoint,-114.06553452471286,51.018192290783006
25-00904121,2025-11-25,2025-11-28,Closed,App,Roads - Pathway Snow and Ice Concerns,OS - Mobility,RCK,ROSSCARROCK,Community Centrepoint,-114.14548590929746,51.04328787200739
25-00904126,2025-11-25,2025-11-26,Closed,Other,Roads - Snow and Ice Control,OS - Mobility,SUN,SUNRIDGE,Community Centrepoint,-113.99169526275338,51.074222025892624
25-00904132,2025-11-25,2025-11-25,Closed,Other,Roads - Snow and Ice Control,OS - Mobility,WOO,WOODLANDS,Community Centrepoint,-114.10615958156993,50.9411239786837
25-00904142,2025-11-25,2025-11-25,Closed,Other,Roads - Snow and Ice Control,OS - Mobility,CAN,CANYON MEADOWS,Community Centrepoint,-114.0820063458848,50.94095720926748
25-00904143,2025-11-25,2025-11-25,Closed,Other,Roads - Snow and Ice Control,OS - Mobility,SOW,SOUTHWOOD,Community Centrepoint,-114.08319427981304,50.957758808343314
25-00904146,2025-11-25,2025-11-26,Closed,App,Roads - Snow and Ice Control,OS - Mobility,CNS,CORNERSTONE,Community Centrepoint,-113.9305705256274,51.15735996767518
25-00904147,2025-11-25,2025-11-25,Closed,Other,Roads - Snow and Ice Control,OS - Mobility,ST1,STONEY 1,Community Centrepoint,-114.02469848732277,51.16118788123997
25-00904149,2025-11-25,2025-12-01,Closed,Other,Roads - Pathway Snow and Ice Concerns,OS - Mobility,RUN,RUNDLE,Community Centrepoint,-113.97005350368742,51.07423887665301
25-00904160,2025-11-25,2025-12-02,Closed,App,Bylaw - Snow and Ice on Sidewalk,CS - Emergency Management and Community Safety,AUB,AUBURN BAY,Community Centrepoint,-113.95779514351894,50.89269507750196
25-00904169,2025-11-25,2025-11-25,Duplicate (Closed),Other,Roads - Snow and Ice Control,OS - Mobility,DAL,DALHOUSIE,Community Centrepoint,-114.15815535928552,51.109409937993064
25-00904176,2025-11-25,2025-11-27,Closed,Other,Bylaw - Snow and Ice on Sidewalk,CS - Emergency Management and Community Safety,SSD,SUNNYSIDE,Community Centrepoint,-114.07902910930612,51.05641953338241
25-00904180,2025-11-25,2025-11-29,Closed,Other,Bylaw - Snow and Ice on Sidewalk,CS - Emergency Management and Community Safety,LKB,LAKE BONAVISTA,Community Centrepoint,-114.0512955606845,50.939598998272274
25-00904184,2025-11-25,2025-12-09,Closed,Other,Bylaw - Snow and Ice on Sidewalk,CS - Emergency Management and Community Safety,PEN,PENBROOKE MEADOWS,Community Centrepoint,-113.947687206113,51.04585328827213
25-00904186,2025-11-25,2025-12-14,Closed,App,Bylaw - Snow and Ice on Sidewalk,CS - Emergency Management and Community Safety,ROC,ROCKY RIDGE,Community Centrepoint,-114.24590791801704,51.14407647959192
25-00904194,2025-11-25,2025-12-02,Closed,Other,Bylaw - Snow and Ice on Sidewalk,CS - Emergency Management and Community Safety,HAM,HAMPTONS,Community Centrepoint,-114.14668841065269,51.14509558933835
25-00904196,2025-11-25,2025-11-26,Closed,Other,Roads - Snow and Ice Control,OS - Mobility,SHN,SHAWNESSY,Community Centrepoint,-114.07397621253683,50.90337303234254
25-00904200,2025-11-25,2025-12-10,Closed,Other,Bylaw - Snow and Ice on Sidewalk,CS - Emergency Management and Community Safety,RDL,ROSEDALE,Community Centrepoint,-114.07820713414688,51.06268666385911
25-00904217,2025-11-25,2025-12-04,Closed,App,Bylaw - Snow and Ice on Sidewalk,CS - Emergency Management and Community Safety,AUB,AUBURN BAY,Community Centrepoint,-113.95779514351894,50.89269507750196
25-00904233,2025-11-25,2025-12-02,Closed,Other,Bylaw - Snow and Ice on Sidewalk,CS - Emergency Management and Community Safety,RAM,RAMSAY,Community Centrepoint,-114.04253229079256,51.03641206430803
25-00904252,2025-11-25,2025-11-25,Closed,Other,Roads - Snow and Ice Control,OS - Mobility,EDG,EDGEMONT,Community Centrepoint,-114.14395321027078,51.124587846873936
25-00904256,2025-11-25,2025-11-26,Closed,Other,Roads - Snow and Ice Control,OS - Mobility,THO,THORNCLIFFE,Community Centrepoint,-114.06878100895472,51.103105008837304
25-00904260,2025-11-25,2025-11-25,Closed,Other,Roads - Snow and Ice Control,OS - Mobility,BDO,BONAVISTA DOWNS,Community Centrepoint,-114.03150547303493,50.94373043050096
25-00904266,2025-11-25,2025-11-26,Closed,App,Roads - Pathway Snow and Ice Concerns,OS - Mobility,ARB,ARBOUR LAKE,Community Centrepoint,-114.2076749807532,51.13259471210095
25-00904275,2025-11-25,2025-12-02,Closed,Other,Bylaw - Snow and Ice on Sidewalk,CS - Emergency Management and Community Safety,KIL,KILLARNEY/GLENGARRY,Community Centrepoint,-114.13173134426395,51.030131956517685
25-00904279,2025-11-25,2025-11-26,Closed,Other,Roads - Pathway Snow and Ice Concerns,OS - Mobility,,,None,,
25-00904283,2025-11-25,2025-12-01,Closed,Other,Roads - Pathway Snow and Ice Concerns,OS - Mobility,CRA,CRANSTON,Community Centrepoint,-113.98000403324248,50.87819416673358
25-00904285,2025-11-25,2025-12-01,Closed,App,Roads - Pathway Snow and Ice Concerns,OS - Mobility,ARB,ARBOUR LAKE,Community Centrepoint,-114.2076749807532,51.13259471210095
25-00904289,2025-11-25,2025-11-26,Closed,Other,Roads - Snow and Ice Control,OS - Mobility,WAL,WALDEN,Community Centrepoint,-114.03261830805454,50.87040296671561
25-00904291,2025-11-25,2025-12-02,Closed,App,Roads - Pathway Snow and Ice Concerns,OS - Mobility,ARB,ARBOUR LAKE,Community Centrepoint,-114.2076749807532,51.13259471210095
25-00904301,2025-11-25,2025-11-25,Closed,Other,Roads - Snow and Ice Control,OS - Mobility,02F,02F,Community Centrepoint,-114.17512030034275,51.15976353764512
25-00904306,2025-11-25,2025-11-26,Closed,App,Roads - Pathway Snow and Ice Concerns,OS - Mobility,ARB,ARBOUR LAKE,Community Centrepoint,-114.2076749807532,51.13259471210095
25-00904308,2025-11-25,2025-11-25,Closed,Other,Roads - Snow and Ice Control,OS - Mobility,AYB,ALYTH/BONNYBROOK,Community Centrepoint,-114.0224822149138,51.02285923916085
25-00904309,2025-11-25,2025-11-26,Closed,Other,Roads - Snow and Ice Control,OS - Mobility,LKV,LAKEVIEW,Community Centrepoint,-114.12962139244752,50.999572409011186
25-00904310,2025-11-25,2025-11-26,Closed,Other,Roads - Snow and Ice Control,OS - Mobility,LKV,LAKEVIEW,Community Centrepoint,-114.12962139244752,50.999572409011186
25-00904318,2025-11-25,2025-11-29,Closed,Other,Bylaw - Snow and Ice on Sidewalk,CS - Emergency Management and Community Safety,HOU,HOUNSFIELD HEIGHTS/BRIAR HILL,Community Centrepoint,-114.10572976666074,51.063179539196874
25-00904322,2025-11-25,2025-12-11,Closed,App,Bylaw - Snow and Ice on Sidewalk,CS - Emergency Management and Community Safety,HUN,HUNTINGTON HILLS,Community Centrepoint,-114.06670855606806,51.11758074861446
25-00904323,2025-11-25,2025-11-29,Closed,Other,Bylaw - Snow and Ice on Sidewalk,CS - Emergency Management and Community Safety,HOU,HOUNSFIELD HEIGHTS/BRIAR HILL,Community Centrepoint,-114.10572976666074,51.063179539196874
25-00904329,2025-11-25,2025-11-27,Closed,Other,Bylaw - Snow and Ice on Sidewalk,CS - Emergency Management and Community Safety,BRI,BRIDLEWOOD,Community Centrepoint,-114.11020921039947,50.89921921581604
25-00904338,2025-11-25,2025-12-02,Closed,Other,Roads - Pathway Snow and Ice Concerns,OS - Mobility,HOU,HOUNSFIELD HEIGHTS/BRIAR HILL,Community Centrepoint,-114.10572976666074,51.063179539196874
25-00904350,2025-11-25,2025-11-26,Closed,App,Roads - Snow and Ice Control,OS - Mobility,CSC,CITYSCAPE,Community Centrepoint,-113.9612580314835,51.14703155759964
25-00904354,2025-11-25,2025-11-26,Closed,Other,Bylaw - Snow and Ice on Sidewalk,CS - Emergency Management and Community Safety,BOW,BOWNESS,Community Centrepoint,-114.188388474722,51.08334628834888
25-00904355,2025-11-25,2025-12-18,Closed,Other,Bylaw - Snow and Ice on Sidewalk,CS - Emergency Management and Community Safety,NHV,NORTH HAVEN,Community Centrepoint,-114.08942057511464,51.095941552191746
25-00904358,2025-11-25,2025-11-26,Duplicate (Closed),App,Roads - Snow and Ice Control,OS - Mobility,WAL,WALDEN,Community Centrepoint,-114.03261830805454,50.87040296671561
25-00904367,2025-11-25,2025-12-10,Closed,Other,Bylaw - Snow and Ice on Sidewalk,CS - Emergency Management and Community Safety,MIS,MISSION,Community Centrepoint,-114.06808259035856,51.033157759251445
25-00904375,2025-11-25,2025-11-26,Closed,Other,Roads - Snow and Ice Control,OS - Mobility,CPF,COPPERFIELD,Community Centrepoint,-113.9294857228364,50.91781382350559
25-00904380,2025-11-25,2025-11-26,Duplicate (Closed),App,Roads - Snow and Ice Control,OS - Mobility,WAL,WALDEN,Community Centrepoint,-114.03261830805454,50.87040296671561
25-00904384,2025-11-25,2025-11-25,Closed,Other,Roads - Snow and Ice Control,OS - Mobility,HIF,HIGHFIELD,Community Centrepoint,-114.0371938269173,51.01852460944606
25-00904387,2025-11-25,2025-11-26,Closed,Other,Roads - Snow and Ice Control,OS - Mobility,BRA,BRAESIDE,Community Centrepoint,-114.10636590290346,50.95600269188388
25-00904388,2025-11-25,2025-12-02,Closed,App,Roads - Pathway Snow and Ice Concerns,OS - Mobility,QLD,QUEENSLAND,Community Centrepoint,-114.02257170606138,50.93822412104478
25-00904401,2025-11-25,2025-11-30,Closed,Other,Bylaw - Snow and Ice on Sidewalk,CS - Emergency Management and Community Safety,FLN,FOREST LAWN,Community Centrepoint,-113.9700019179966,51.037848048607955
25-00904413,2025-11-25,2025-11-25,Closed,Other,Roads - Snow and Ice Control,OS - Mobility,HOU,HOUNSFIELD HEIGHTS/BRIAR HILL,Community Centrepoint,-114.10572976666074,51.063179539196874
25-00904419,2025-11-25,2025-11-30,Closed,Other,Bylaw - Snow and Ice on Sidewalk,CS - Emergency Management and Community Safety,FLN,FOREST LAWN,Community Centrepoint,-113.9700019179966,51.037848048607955
25-00904423,2025-11-25,2025-11-25,Closed,App,Roads - Snow and Ice Control,OS - Mobility,HUN,HUNTINGTON HILLS,Community Centrepoint,-114.06670855606806,51.11758074861446
25-00904424,2025-11-25,2025-11-25,Closed,App,Roads - Snow and Ice Control,OS - Mobility,ACA,ACADIA,Community Centrepoint,-114.05369601618196,50.972415073979406
25-00904428,2025-11-25,2025-12-04,Closed,Other,Bylaw - Snow and Ice on Sidewalk,CS - Emergency Management and Community Safety,WBN,WOODBINE,Community Centrepoint,-114.1296281640212,50.940233262618435
25-00904436,2025-11-25,2025-11-26,Closed,Other,Roads - Snow and Ice Control,OS - Mobility,UMR,UPPER MOUNT ROYAL,Community Centrepoint,-114.08502568683475,51.02997367691996
25-00904456,2025-11-25,2025-11-27,Closed,App,Bylaw - Snow and Ice on Sidewalk,CS - Emergency Management and Community Safety,SOM,SOMERSET,Community Centrepoint,-114.08137551622823,50.898904177038276
25-00904467,2025-11-25,2025-12-02,Closed,App,Bylaw - Snow and Ice on Sidewalk,CS - Emergency Management and Community Safety,ARB,ARBOUR LAKE,Community Centrepoint,-114.20766602126564,51.13260178567984
25-00904484,2025-11-25,2025-11-26,Closed,Other,Roads - Snow and Ice Control,OS - Mobility,CHW,CHARLESWOOD,Community Centrepoint,-114.1122123154031,51.09008805079572
25-00904489,2025-11-25,2025-12-02,Closed,App,Roads - Pathway Snow and Ice Concerns,OS - Mobility,HAY,HAYSBORO,Community Centrepoint,-114.08334023954264,50.97221484296711
25-00904500,2025-11-25,2025-12-02,Closed,App,Roads - Pathway Snow and Ice Concerns,OS - Mobility,BYV,BAYVIEW,Community Centrepoint,-114.11396431346805,50.97463475641091
25-00904501,2025-11-25,2025-11-27,Closed,App,Bylaw - Snow and Ice on Sidewalk,CS - Emergency Management and Community Safety,SOM,SOMERSET,Community Centrepoint,-114.08137551622823,50.898904177038276
25-00904504,2025-11-25,2025-11-26,Closed,App,Roads - Pathway Snow and Ice Concerns,OS - Mobility,COV,COVENTRY HILLS,Community Centrepoint,-114.0531434069748,51.16490633093188
25-00904508,2025-11-25,2025-11-27,Closed,App,Bylaw - Snow and Ice on Sidewalk,CS - Emergency Management and Community Safety,SOM,SOMERSET,Community Centrepoint,-114.08137551622823,50.898904177038276
25-00904509,2025-11-25,2025-11-25,Closed,App,Roads - Snow and Ice Control,OS - Mobility,DRN,DEER RUN,Community Centrepoint,-114.00908770459684,50.925132387678815
25-00904511,2025-11-25,2025-12-02,Closed,Other,Roads - Pathway Snow and Ice Concerns,OS - Mobility,VAL,VALLEY RIDGE,Community Centrepoint,-114.25129743656922,51.09538869219599
25-00904518,2025-11-25,2025-11-25,Closed,Other,Roads - Snow and Ice Control,OS - Mobility,DAL,DALHOUSIE,Community Centrepoint,-114.15815535928552,51.109409937993064
25-00904528,2025-11-25,2025-11-26,Closed,Other,Roads - Snow and Ice Control,OS - Mobility,HIW,HIGHWOOD,Community Centrepoint,-114.0798911269166,51.092359423668654
25-00904533,2025-11-25,2025-11-25,Closed,Other,Roads - Snow and Ice Control,OS - Mobility,DAL,DALHOUSIE,Community Centrepoint,-114.15815535928552,51.109409937993064
25-00904540,2025-11-25,2025-11-27,Closed,Other,Roads - Pathway Snow and Ice Concerns,OS - Mobility,,,None,,
25-00904545,2025-11-25,2025-11-26,Closed,App,Roads - Snow and Ice Control,OS - Mobility,MAH,MAHOGANY,Community Centrepoint,-113.92463385892704,50.895943916674454
25-00904546,2025-11-25,2025-11-25,Closed,App,Bylaw - Snow and Ice on Sidewalk,CS - Emergency Management and Community Safety,BRD,BRIDGELAND/RIVERSIDE,Community Centrepoint,-114.03507983816613,51.05055069499901
25-00904547,2025-11-25,2025-12-02,Closed,App,Bylaw - Snow and Ice on Sidewalk,CS - Emergency Management and Community Safety,NOL,NOLAN HILL,Community Centrepoint,-114.16646528704749,51.175353209856
25-00904552,2025-11-25,2025-11-26,Closed,App,Roads - Pathway Snow and Ice Concerns,OS - Mobility,EPK,ELBOW PARK,Community Centrepoint,-114.08380531110666,51.02134304236776
25-00904568,2025-11-25,2025-12-02,Closed,Other,Roads - Pathway Snow and Ice Concerns,OS - Mobility,,,None,,
25-00904572,2025-11-25,2025-11-26,Closed,Other,Roads - Snow and Ice Control,OS - Mobility,PAN,PANORAMA HILLS,Community Centrepoint,-114.08806340626408,51.15971101170789
25-00904574,2025-11-25,2025-11-26,Closed,Other,Roads - Snow and Ice Control,OS - Mobility,CAS,CASTLERIDGE,Community Centrepoint,-113.96102973195768,51.10525413516706
25-00904576,2025-11-25,2025-11-26,Closed,Other,Roads - Snow and Ice Control,OS - Mobility,VAL,VALLEY RIDGE,Community Centrepoint,-114.25129743656922,51.09538869219599
25-00904578,2025-11-25,2025-12-01,Closed,Other,Bylaw - Snow and Ice on Sidewalk,CS - Emergency Management and Community Safety,BED,BEDDINGTON HEIGHTS,Community Centrepoint,-114.0849111408055,51.13164398595451
25-00904581,2025-11-25,2025-12-01,Closed,Other,Bylaw - Snow and Ice on Sidewalk,CS - Emergency Management and Community Safety,LEG,LEGACY,Community Centrepoint,-114.00597971885598,50.85760046185492
25-00904589,2025-11-25,2025-12-02,Closed,App,Bylaw - Snow and Ice on Sidewalk,CS - Emergency Management and Community Safety,ARB,ARBOUR LAKE,Community Centrepoint,-114.20766602126564,51.13260178567984
25-00904590,2025-11-25,2025-12-02,Closed,App,Roads - Pathway Snow and Ice Concerns,OS - Mobility,HAY,HAYSBORO,Community Centrepoint,-114.08334023954264,50.97221484296711
25-00904591,2025-11-25,2025-11-26,Closed,App,Roads - Snow and Ice Control,OS - Mobility,MAH,MAHOGANY,Community Centrepoint,-113.92463385892704,50.895943916674454
25-00904593,2025-11-25,2025-11-26,Closed,App,Roads - Pathway Snow and Ice Concerns,OS - Mobility,BRD,BRIDGELAND/RIVERSIDE,Community Centrepoint,-114.03507983816613,51.05055069499901
25-00904594,2025-11-25,2025-11-25,Closed,App,Roads - Snow and Ice Control,OS - Mobility,ESH,EAST SHEPARD INDUSTRIAL,Community Centrepoint,-113.95096996432171,50.951309838058904
25-00904595,2025-11-25,2025-11-26,Closed,App,Roads - Pathway Snow and Ice Concerns,OS - Mobility,BYV,BAYVIEW,Community Centrepoint,-114.11396431346805,50.97463475641091
25-00904602,2025-11-25,2025-11-26,Closed,App,Roads - Pathway Snow and Ice Concerns,OS - Mobility,CHN,CHINATOWN,Community Centrepoint,-114.06552190579262,51.05282359517956
25-00904618,2025-11-25,2025-11-26,Closed,Other,Roads - Snow and Ice Control,OS - Mobility,CNS,CORNERSTONE,Community Centrepoint,-113.9305705256274,51.15735996767518
25-00904624,2025-11-25,2025-11-26,Closed,Other,Roads - Snow and Ice Control,OS - Mobility,HIL,HILLHURST,Community Centrepoint,-114.09364601408991,51.057277532355
25-00904630,2025-11-25,2025-11-26,Closed,App,Bylaw - Snow and Ice on Sidewalk,CS - Emergency Management and Community Safety,RCK,ROSSCARROCK,Community Centrepoint,-114.14548590929746,51.04328787200739
25-00904636,2025-11-25,2025-11-29,Closed,App,Bylaw - Snow and Ice on Sidewalk,CS - Emergency Management and Community Safety,CAR,CARRINGTON,Community Centrepoint,-114.08876508465124,51.18571527898334
25-00904637,2025-11-25,2025-11-27,Closed,App,Roads - Pathway Snow and Ice Concerns,OS - Mobility,ARB,ARBOUR LAKE,Community Centrepoint,-114.2076749807532,51.13259471210095
25-00904642,2025-11-25,2025-11-26,Closed,Other,Roads - Snow and Ice Control,OS - Mobility,KIN,KINGSLAND,Community Centrepoint,-114.07735883671336,50.98697675033278
25-00904645,2025-11-25,2025-11-29,Closed,App,Bylaw - Snow and Ice on Sidewalk,CS - Emergency Management and Community Safety,EVN,EVANSTON,Community Centrepoint,-114.11219163730428,51.171218187340465
25-00904654,2025-11-25,2025-11-25,Closed,Other,Roads - Snow and Ice Control,OS - Mobility,AYB,ALYTH/BONNYBROOK,Community Centrepoint,-114.0224822149138,51.02285923916085
25-00904662,2025-11-25,2025-11-29,Closed,Other,Bylaw - Snow and Ice on Sidewalk,CS - Emergency Management and Community Safety,WHL,WEST HILLHURST,Community Centrepoint,-114.11515850909426,51.05507951426751
25-00904665,2025-11-25,2025-11-29,Closed,Other,Bylaw - Snow and Ice on Sidewalk,CS - Emergency Management and Community Safety,WHL,WEST HILLHURST,Community Centrepoint,-114.11515850909426,51.05507951426751
25-00904670,2025-11-25,2025-12-02,Closed,App,Bylaw - Snow and Ice on Sidewalk,CS - Emergency Management and Community Safety,KIN,KINGSLAND,Community Centrepoint,-114.07735883671336,50.98697675033278
25-00904671,2025-11-25,2025-12-05,Closed,App,Bylaw - Snow and Ice on Sidewalk,CS - Emergency Management and Community Safety,RCK,ROSSCARROCK,Community Centrepoint,-114.14548590929746,51.04328787200739
25-00904682,2025-11-25,2025-11-29,Closed,Other,Bylaw - Snow and Ice on Sidewalk,CS - Emergency Management and Community Safety,WHL,WEST HILLHURST,Community Centrepoint,-114.11515850909426,51.05507951426751
25-00904689,2025-11-25,2025-11-26,Closed,Other,Roads - Snow and Ice Control,OS - Mobility,BRD,BRIDGELAND/RIVERSIDE,Community Centrepoint,-114.03507983816613,51.05055069499901
25-00904694,2025-11-25,2025-11-29,Closed,Other,Bylaw - Snow and Ice on Sidewalk,CS - Emergency Management and Community Safety,WHL,WEST HILLHURST,Community Centrepoint,-114.11515850909426,51.05507951426751
25-00904702,2025-11-25,2025-12-12,Closed,App,Bylaw - Snow and Ice on Sidewalk,CS - Emergency Management and Community Safety,MOP,MOUNT PLEASANT,Community Centrepoint,-114.07602998447167,51.074237909055896
25-00904703,2025-11-25,2025-11-29,Closed,Other,Bylaw - Snow and Ice on Sidewalk,CS - Emergency Management and Community Safety,WHL,WEST HILLHURST,Community Centrepoint,-114.11515850909426,51.05507951426751
25-00904704,2025-11-25,2025-11-26,Closed,Other,Roads - Snow and Ice Control,OS - Mobility,SHW,SHERWOOD,Community Centrepoint,-114.15200014679402,51.15999091977726
25-00904705,2025-11-25,2025-11-29,Closed,Other,Bylaw - Snow and Ice on Sidewalk,CS - Emergency Management and Community Safety,WHL,WEST HILLHURST,Community Centrepoint,-114.11515850909426,51.05507951426751
25-00904709,2025-11-25,2025-11-26,Closed,Other,Bylaw - Snow and Ice on Sidewalk,CS - Emergency Management and Community Safety,BLN,BELTLINE,Community Centrepoint,-114.0551860888619,51.03743796399198
25-00904710,2025-11-25,2025-11-29,Closed,Other,Bylaw - Snow and Ice on Sidewalk,CS - Emergency Management and Community Safety,WHL,WEST HILLHURST,Community Centrepoint,-114.11515850909426,51.05507951426751
25-00904712,2025-11-25,2025-11-25,Closed,Other,Roads - Snow and Ice Control,OS - Mobility,DAL,DALHOUSIE,Community Centrepoint,-114.15815535928552,51.109409937993064
25-00904713,2025-11-25,2025-11-29,Closed,Other,Bylaw - Snow and Ice on Sidewalk,CS - Emergency Management and Community Safety,WHL,WEST HILLHURST,Community Centrepoint,-114.11515850909426,51.05507951426751
25-00904716,2025-11-25,2025-11-30,Closed,Other,Bylaw - Snow and Ice on Sidewalk,CS - Emergency Management and Community Safety,WHL,WEST HILLHURST,Community Centrepoint,-114.11515850909426,51.05507951426751
25-00904719,2025-11-25,2025-11-29,Closed,Other,Bylaw - Snow and Ice on Sidewalk,CS - Emergency Management and Community Safety,WHL,WEST HILLHURST,Community Centrepoint,-114.11515850909426,51.05507951426751
25-00904721,2025-11-25,2025-11-30,Closed,Other,Bylaw - Snow and Ice on Sidewalk,CS - Emergency Management and Community Safety,LIV,LIVINGSTON,Community Centrepoint,-114.06550619776098,51.18553606435354
25-00904722,2025-11-25,2025-11-26,Closed,Other,Roads - Snow and Ice Control,OS - Mobility,AUB,AUBURN BAY,Community Centrepoint,-113.95779514351894,50.89269507750196
25-00904725,2025-11-25,2025-11-29,Closed,Other,Bylaw - Snow and Ice on Sidewalk,CS - Emergency Management and Community Safety,WHL,WEST HILLHURST,Community Centrepoint,-114.11515850909426,51.05507951426751
25-00904726,2025-11-25,2025-11-30,Closed,Other,Roads - Pathway Snow and Ice Concerns,OS - Mobility,EDG,EDGEMONT,Community Centrepoint,-114.14395321027078,51.124587846873936
25-00904727,2025-11-25,2025-11-29,Closed,Other,Bylaw - Snow and Ice on Sidewalk,CS - Emergency Management and Community Safety,WHL,WEST HILLHURST,Community Centrepoint,-114.11515850909426,51.05507951426751
25-00904730,2025-11-25,2025-11-27,Closed,Other,Bylaw - Snow and Ice on Sidewalk,CS - Emergency Management and Community Safety,BLN,BELTLINE,Community Centrepoint,-114.0551860888619,51.03743796399198
25-00904731,2025-11-25,2025-11-29,Closed,Other,Bylaw - Snow and Ice on Sidewalk,CS - Emergency Management and Community Safety,WHL,WEST HILLHURST,Community Centrepoint,-114.11515850909426,51.05507951426751
25-00904733,2025-11-25,2025-11-26,Closed,Other,Roads - Snow and Ice Control,OS - Mobility,WBN,WOODBINE,Community Centrepoint,-114.1296281640212,50.940233262618435
25-00904734,2025-11-25,2025-11-27,Closed,Other,Bylaw - Snow and Ice on Sidewalk,CS - Emergency Management and Community Safety,SSD,SUNNYSIDE,Community Centrepoint,-114.07902910930612,51.05641953338241
25-00904736,2025-11-25,2025-11-26,Closed,App,Roads - Snow and Ice Control,OS - Mobility,BOW,BOWNESS,Community Centrepoint,-114.188388474722,51.08334628834888
25-00904741,2025-11-25,2025-11-27,Closed,App,Bylaw - Snow and Ice on Sidewalk,CS - Emergency Management and Community Safety,DNC,DOWNTOWN COMMERCIAL CORE,Community Centrepoint,-114.06959371115344,51.0472744358498
25-00904743,2025-11-25,2025-11-26,Duplicate (Closed),App,Roads - Snow and Ice Control,OS - Mobility,WBN,WOODBINE,Community Centrepoint,-114.1296281640212,50.940233262618435
25-00904746,2025-11-25,2025-12-11,Closed,Other,Bylaw - Snow and Ice on Sidewalk,CS - Emergency Management and Community Safety,RAM,RAMSAY,Community Centrepoint,-114.04253229079256,51.03641206430803
25-00904754,2025-11-25,2025-11-26,Closed,Other,Roads - Snow and Ice Control,OS - Mobility,LIV,LIVINGSTON,Community Centrepoint,-114.06550670687444,51.18550406559082
25-00904757,2025-11-25,2025-11-26,Closed,Other,Roads - Snow and Ice Control,OS - Mobility,BLM,BELMONT,Community Centrepoint,-114.05524942357732,50.8686836961993
25-00904758,2025-11-25,2025-11-26,Closed,App,Bylaw - Snow and Ice on Sidewalk,CS - Emergency Management and Community Safety,BOW,BOWNESS,Community Centrepoint,-114.188388474722,51.08334628834888
25-00904760,2025-11-25,2025-12-02,Closed,App,Roads - Pathway Snow and Ice Concerns,OS - Mobility,BED,BEDDINGTON HEIGHTS,Community Centrepoint,-114.0849111408055,51.13164398595451
25-00904761,2025-11-25,2025-11-26,Duplicate (Closed),Other,Roads - Snow and Ice Control,OS - Mobility,BRA,BRAESIDE,Community Centrepoint,-114.10636590290346,50.95600269188388
25-00904768,2025-11-25,2025-11-27,Closed,Other,Roads - Pathway Snow and Ice Concerns,OS - Mobility,ALT,ALTADORE,Community Centrepoint,-114.10078239468643,51.015954118930864
25-00904771,2025-11-25,2025-11-25,Closed,Other,Roads - Snow and Ice Control,OS - Mobility,ING,INGLEWOOD,Community Centrepoint,-114.01912581291118,51.03414052413669
25-00904772,2025-11-25,2025-11-26,Closed,Other,Roads - Snow and Ice Control,OS - Mobility,DRG,DEER RIDGE,Community Centrepoint,-114.02023404987304,50.92657386979402
25-00904774,2025-11-25,2025-11-27,Closed,App,Bylaw - Snow and Ice on Sidewalk,CS - Emergency Management and Community Safety,COV,COVENTRY HILLS,Community Centrepoint,-114.05313423182986,51.164928068908395
25-00904775,2025-11-25,2025-11-26,Closed,App,Roads - Snow and Ice Control,OS - Mobility,DBC,DEERFOOT BUSINESS CENTRE,Community Centrepoint,-114.0383269425692,51.11209775546665
25-00904781,2025-11-25,2025-11-26,Closed,Other,Roads - Snow and Ice Control,OS - Mobility,FPK,FISH CREEK PARK,Community Centrepoint,-114.02637629570434,50.90960459285954
25-00904782,2025-11-25,2025-11-26,Closed,App,Bylaw - Snow and Ice on Sidewalk,CS - Emergency Management and Community Safety,NEB,NEW BRIGHTON,Community Centrepoint,-113.94523968694338,50.92206606969667
25-00904783,2025-11-25,2025-11-27,Closed,App,Roads - Pathway Snow and Ice Concerns,OS - Mobility,SSD,SUNNYSIDE,Community Centrepoint,-114.07902910930612,51.05641953338241
25-00904786,2025-11-25,2025-12-23,Closed,Other,Bylaw - Snow and Ice on Sidewalk,CS - Emergency Management and Community Safety,OGD,OGDEN,Community Centrepoint,-114.01243870034244,50.99187347872066
25-00904796,2025-11-25,2025-11-26,Closed,App,Bylaw - Snow and Ice on Sidewalk,CS - Emergency Management and Community Safety,NEB,NEW BRIGHTON,Community Centrepoint,-113.94523968694338,50.92206606969667
25-00904799,2025-11-25,2025-12-01,Closed,Other,Roads - Pathway Snow and Ice Concerns,OS - Mobility,BNF,BANFF TRAIL,Community Centrepoint,-114.11512839717008,51.07420696879508
25-00904800,2025-11-25,2025-11-26,Closed,Other,Roads - Snow and Ice Control,OS - Mobility,WBN,WOODBINE,Community Centrepoint,-114.1296281640212,50.940233262618435
25-00904815,2025-11-25,2025-11-26,Closed,App,Roads - Snow and Ice Control,OS - Mobility,ST2,STONEY 2,Community Centrepoint,-114.01718259300952,51.14338378288947
25-00904816,2025-11-25,2025-12-05,Closed,Other,Bylaw - Snow and Ice on Sidewalk,CS - Emergency Management and Community Safety,MRT,MARTINDALE,Community Centrepoint,-113.95838711713029,51.11791372657443
25-00904818,2025-11-25,2025-11-26,Closed,Other,Roads - Snow and Ice Control,OS - Mobility,WBN,WOODBINE,Community Centrepoint,-114.1296281640212,50.940233262618435
25-00904819,2025-11-25,2025-11-25,Closed,Other,Roads - Snow and Ice Control,OS - Mobility,OGD,OGDEN,Community Centrepoint,-114.01243870034244,50.99187347872066
25-00904820,2025-11-25,2025-11-25,Closed,Other,Roads - Snow and Ice Control,OS - Mobility,DAL,DALHOUSIE,Community Centrepoint,-114.15815535928552,51.109409937993064
25-00904823,2025-11-25,2025-11-26,Closed,Other,Roads - Snow and Ice Control,OS - Mobility,PKL,PARKLAND,Community Centrepoint,-114.02822405924384,50.920841901943966
25-00904828,2025-11-25,2025-11-26,Duplicate (Closed),Other,Roads - Snow and Ice Control,OS - Mobility,DRG,DEER RIDGE,Community Centrepoint,-114.02023404987304,50.92657386979402
25-00904829,2025-11-25,2025-12-11,Closed,Other,Bylaw - Snow and Ice on Sidewalk,CS - Emergency Management and Community Safety,HOU,HOUNSFIELD HEIGHTS/BRIAR HILL,Community Centrepoint,-114.10572976666074,51.063179539196874
25-00904830,2025-11-25,2025-12-01,Closed,App,Bylaw - Snow and Ice on Sidewalk,CS - Emergency Management and Community Safety,BNF,BANFF TRAIL,Community Centrepoint,-114.11512839717008,51.07420696879508
25-00904834,2025-11-25,2025-11-26,Closed,Other,Roads - Snow and Ice Control,OS - Mobility,MAL,MAYLAND HEIGHTS,Community Centrepoint,-114.01331127510768,51.06083217926603
25-00904839,2025-11-25,2025-11-26,Closed,App,Roads - Snow and Ice Control,OS - Mobility,WOO,WOODLANDS,Community Centrepoint,-114.10615958156993,50.9411239786837
25-00904842,2025-11-25,2025-11-26,Closed,App,Roads - Snow and Ice Control,OS - Mobility,WOO,WOODLANDS,Community Centrepoint,-114.10615958156993,50.9411239786837
25-00904853,2025-11-25,2025-12-05,Closed,Other,Bylaw - Snow and Ice on Sidewalk,CS - Emergency Management and Community Safety,MRT,MARTINDALE,Community Centrepoint,-113.95838711713029,51.11791372657443
25-00904856,2025-11-25,2025-11-26,Closed,Other,Roads - Snow and Ice Control,OS - Mobility,WBN,WOODBINE,Community Centrepoint,-114.1296281640212,50.940233262618435
25-00904858,2025-11-25,2025-12-02,Closed,Other,Bylaw - Snow and Ice on Sidewalk,CS - Emergency Management and Community Safety,ALB,ALBERT PARK/RADISSON HEIGHTS,Community Centrepoint,-113.99677793526727,51.044532953156086
25-00904859,2025-11-25,2025-11-26,Closed,Other,Bylaw - Snow and Ice on Sidewalk,CS - Emergency Management and Community Safety,HIL,HILLHURST,Community Centrepoint,-114.09364601408991,51.057277532355
25-00904860,2025-11-25,2025-12-02,Closed,Other,Bylaw - Snow and Ice on Sidewalk,CS - Emergency Management and Community Safety,MRT,MARTINDALE,Community Centrepoint,-113.95838711713029,51.11791372657443
25-00904861,2025-11-25,2025-11-26,Closed,Other,Roads - Snow and Ice Control,OS - Mobility,WOO,WOODLANDS,Community Centrepoint,-114.10615958156993,50.9411239786837
25-00904864,2025-11-25,2025-11-25,Closed,Other,Roads - Snow and Ice Control,OS - Mobility,DAL,DALHOUSIE,Community Centrepoint,-114.15815535928552,51.109409937993064
25-00904872,2025-11-25,2025-12-02,Closed,Other,Bylaw - Snow and Ice on Sidewalk,CS - Emergency Management and Community Safety,MRT,MARTINDALE,Community Centrepoint,-113.95838711713029,51.11791372657443
25-00904876,2025-11-25,2025-11-26,Closed,Other,Roads - Snow and Ice Control,OS - Mobility,ACA,ACADIA,Community Centrepoint,-114.05369601618196,50.972415073979406
25-00904880,2025-11-25,2025-12-02,Closed,Other,Bylaw - Snow and Ice on Sidewalk,CS - Emergency Management and Community Safety,MRT,MARTINDALE,Community Centrepoint,-113.95838711713029,51.11791372657443
25-00904881,2025-11-25,2025-11-26,Duplicate (Closed),App,Roads - Snow and Ice Control,OS - Mobility,WBN,WOODBINE,Community Centrepoint,-114.1296281640212,50.940233262618435
25-00904884,2025-11-25,2025-12-02,Closed,Other,Bylaw - Snow and Ice on Sidewalk,CS - Emergency Management and Community Safety,MRT,MARTINDALE,Community Centrepoint,-113.95838711713029,51.11791372657443
25-00904885,2025-11-25,2025-11-26,Duplicate (Closed),Other,Roads - Snow and Ice Control,OS - Mobility,KIN,KINGSLAND,Community Centrepoint,-114.07735883671336,50.98697675033278
25-00904888,2025-11-25,2025-11-26,Closed,Other,Roads - Snow and Ice Control,OS - Mobility,PKL,PARKLAND,Community Centrepoint,-114.02822405924384,50.920841901943966
25-00904896,2025-11-25,2025-11-26,Closed,Other,Roads - Snow and Ice Control,OS - Mobility,MCT,MCKENZIE TOWNE,Community Centrepoint,-113.96135301049588,50.917148761958515
25-00904897,2025-11-25,2025-11-26,Closed,App,Roads - Snow and Ice Control,OS - Mobility,ESH,EAST SHEPARD INDUSTRIAL,Community Centrepoint,-113.95096996432171,50.951309838058904
25-00904905,2025-11-25,2025-11-26,Closed,Other,Roads - Pathway Snow and Ice Concerns,OS - Mobility,MRT,MARTINDALE,Community Centrepoint,-113.95838711713029,51.11791372657443
25-00904906,2025-11-25,2025-11-26,Closed,App,Roads - Snow and Ice Control,OS - Mobility,EVN,EVANSTON,Community Centrepoint,-114.11245112799344,51.1710848417942
25-00904918,2025-11-25,2025-11-27,Closed,Other,Roads - Snow and Ice Control,OS - Mobility,HOU,HOUNSFIELD HEIGHTS/BRIAR HILL,Community Centrepoint,-114.10572976666074,51.063179539196874
25-00904920,2025-11-25,2025-11-26,Closed,App,Roads - Snow and Ice Control,OS - Mobility,PCK,PINE CREEK,Community Centrepoint,-114.06786719699797,50.85631703837584
25-00904931,2025-11-25,2025-11-29,Closed,Other,Roads - Pathway Snow and Ice Concerns,OS - Mobility,,,None,,
25-00904932,2025-11-25,2025-11-26,Closed,Other,Roads - Snow and Ice Control,OS - Mobility,PKL,PARKLAND,Community Centrepoint,-114.02822405924384,50.920841901943966
25-00904942,2025-11-25,2025-11-26,Closed,App,Roads - Snow and Ice Control,OS - Mobility,RDL,ROSEDALE,Community Centrepoint,-114.07820713414688,51.06268666385911
25-00904943,2025-11-25,2025-12-09,Closed,App,Bylaw - Snow and Ice on Sidewalk,CS - Emergency Management and Community Safety,EDG,EDGEMONT,Community Centrepoint,-114.14395321027078,51.124587846873936
25-00904946,2025-11-25,2025-11-26,Closed,Other,Roads - Snow and Ice Control,OS - Mobility,ASP,ASPEN WOODS,Community Centrepoint,-114.20838662695292,51.04521537783425
25-00904947,2025-11-25,2025-12-05,Closed,Other,Bylaw - Snow and Ice on Sidewalk,CS - Emergency Management and Community Safety,RCK,ROSSCARROCK,Community Centrepoint,-114.14548590929746,51.04328787200739
25-00904949,2025-11-25,2025-11-26,Closed,Other,Roads - Snow and Ice Control,OS - Mobility,LIV,LIVINGSTON,Community Centrepoint,-114.06550670687444,51.18550406559082
25-00904951,2025-11-25,2025-11-26,Closed,Other,Bylaw - Snow and Ice on Sidewalk,CS - Emergency Management and Community Safety,NEB,NEW BRIGHTON,Community Centrepoint,-113.94523968694338,50.92206606969667
25-00904953,2025-11-25,2025-11-29,Closed,App,Bylaw - Snow and Ice on Sidewalk,CS - Emergency Management and Community Safety,UNI,UNIVERSITY HEIGHTS,Community Centrepoint,-114.13308657031322,51.07040418074353
25-00904954,2025-11-25,2025-11-26,Closed,Other,Roads - Snow and Ice Control,OS - Mobility,SGH,SAGE HILL,Community Centrepoint,-114.14068609335126,51.175616973412424
25-00904955,2025-11-25,2025-11-26,Closed,App,Roads - Snow and Ice Control,OS - Mobility,LIV,LIVINGSTON,Community Centrepoint,-114.06550670687444,51.18550406559082
25-00904960,2025-11-25,2025-11-25,Closed,Other,Roads - Snow and Ice Control,OS - Mobility,DNC,DOWNTOWN COMMERCIAL CORE,Community Centrepoint,-114.06959371115344,51.0472744358498
25-00904963,2025-11-25,2025-11-29,Closed,App,Bylaw - Snow and Ice on Sidewalk,CS - Emergency Management and Community Safety,UNI,UNIVERSITY HEIGHTS,Community Centrepoint,-114.13308657031322,51.07040418074353
25-00904969,2025-11-25,2025-11-27,Duplicate (Closed),Other,Roads - Snow and Ice Control,OS - Mobility,AUB,AUBURN BAY,Community Centrepoint,-113.95779514351894,50.89269507750196
25-00904972,2025-11-25,2025-11-29,Closed,App,Bylaw - Snow and Ice on Sidewalk,CS - Emergency Management and Community Safety,UNI,UNIVERSITY HEIGHTS,Community Centrepoint,-114.13308657031322,51.07040418074353
25-00904973,2025-11-25,2025-11-26,Duplicate (Closed),App,Roads - Snow and Ice Control,OS - Mobility,PAN,PANORAMA HILLS,Community Centrepoint,-114.08807155795826,51.15970929560302
25-00904980,2025-11-25,2026-01-06,Closed,App,Bylaw - Snow and Ice on Sidewalk,CS - Emergency Management and Community Safety,UNI,UNIVERSITY HEIGHTS,Community Centrepoint,-114.13308657031322,51.07040418074353
25-00904982,2025-11-25,2025-11-26,Closed,Other,Roads - Snow and Ice Control,OS - Mobility,MPL,MAPLE RIDGE,Community Centrepoint,-114.03468902740028,50.95763758363201
25-00904985,2025-11-25,2025-11-26,Closed,App,Roads - Snow and Ice Control,OS - Mobility,WOO,WOODLANDS,Community Centrepoint,-114.10615958156993,50.9411239786837
25-00904987,2025-11-25,2025-12-02,Closed,App,Bylaw - Snow and Ice on Sidewalk,CS - Emergency Management and Community Safety,CIT,CITADEL,Community Centrepoint,-114.18391232300922,51.14453732608978
25-00904994,2025-11-25,2025-12-02,Closed,App,Bylaw - Snow and Ice on Sidewalk,CS - Emergency Management and Community Safety,CNS,CORNERSTONE,Community Centrepoint,-113.9305705256274,51.15735996767518
25-00904995,2025-11-25,2025-12-02,Closed,App,Bylaw - Snow and Ice on Sidewalk,CS - Emergency Management and Community Safety,CIT,CITADEL,Community Centrepoint,-114.18391232300922,51.14453732608978
25-00905001,2025-11-25,2025-11-26,Closed,Other,Roads - Snow and Ice Control,OS - Mobility,PCK,PINE CREEK,Community Centrepoint,-114.06786719699797,50.85631703837584
25-00905007,2025-11-25,2025-11-26,Closed,App,Roads - Snow and Ice Control,OS - Mobility,VAL,VALLEY RIDGE,Community Centrepoint,-114.25129743656922,51.09538869219599
25-00905012,2025-11-25,2025-11-26,Closed,Other,Bylaw - Snow and Ice on Sidewalk,CS - Emergency Management and Community Safety,ING,INGLEWOOD,Community Centrepoint,-114.01912581291118,51.03414052413669
25-00905014,2025-11-25,2025-11-26,Duplicate (Closed),Other,Roads - Snow and Ice Control,OS - Mobility,CSC,CITYSCAPE,Community Centrepoint,-113.9612580314835,51.14703155759964
25-00905016,2025-11-25,2025-11-25,Closed,Other,Roads - Snow and Ice Control,OS - Mobility,SGL,STONEGATE LANDING,Community Centrepoint,-113.98668274803748,51.1644685826268
25-00905034,2025-11-25,2025-11-26,Closed,Other,Roads - Snow and Ice Control,OS - Mobility,MCT,MCKENZIE TOWNE,Community Centrepoint,-113.96135301049588,50.917148761958515
25-00905035,2025-11-25,2025-11-26,Closed,Other,Roads - Snow and Ice Control,OS - Mobility,GLA,GLAMORGAN,Community Centrepoint,-114.15322733578051,51.015116804134095
25-00905039,2025-11-25,2025-11-26,Closed,Other,Roads - Snow and Ice Control,OS - Mobility,DRG,DEER RIDGE,Community Centrepoint,-114.02023404987304,50.92657386979402
25-00905046,2025-11-25,2025-11-26,Closed,App,Roads - Snow and Ice Control,OS - Mobility,KIN,KINGSLAND,Community Centrepoint,-114.07735883671336,50.98697675033278
25-00905051,2025-11-25,2025-11-26,Closed,App,Roads - Snow and Ice Control,OS - Mobility,ALT,ALTADORE,Community Centrepoint,-114.10078239468643,51.015954118930864
25-00905068,2025-11-25,2025-11-26,Duplicate (Closed),Other,Roads - Snow and Ice Control,OS - Mobility,PAN,PANORAMA HILLS,Community Centrepoint,-114.08807155795826,51.15970929560302
25-00905075,2025-11-25,2025-11-27,Closed,App,Bylaw - Snow and Ice on Sidewalk,CS - Emergency Management and Community Safety,KIN,KINGSLAND,Community Centrepoint,-114.07735883671336,50.98697675033278
25-00905076,2025-11-25,2025-11-26,Duplicate (Closed),Other,Roads - Snow and Ice Control,OS - Mobility,PCK,PINE CREEK,Community Centrepoint,-114.06786719699797,50.85631703837584
25-00905080,2025-11-25,2025-11-26,Closed,App,Roads - Snow and Ice Control,OS - Mobility,CHK,CHINOOK PARK,Community Centrepoint,-114.0889939534629,50.98322809435055
25-00905085,2025-11-25,2025-11-26,Closed,App,Roads - Snow and Ice Control,OS - Mobility,MRN,MORAINE,Community Centrepoint,-114.10624310950396,51.19053873640371
25-00905087,2025-11-25,2025-11-26,Closed,App,Roads - Snow and Ice Control,OS - Mobility,PCK,PINE CREEK,Community Centrepoint,-114.06786719699797,50.85631703837584
25-00905095,2025-11-25,2025-11-26,Duplicate (Closed),Other,Roads - Snow and Ice Control,OS - Mobility,PCK,PINE CREEK,Community Centrepoint,-114.06786719699797,50.85631703837584
25-00905098,2025-11-25,2025-11-29,Closed,Other,Roads - Pathway Snow and Ice Concerns,OS - Mobility,CAP,CAPITOL HILL,Community Centrepoint,-114.09463117970957,51.072665279064736
25-00905120,2025-11-25,2025-11-26,Closed,App,Roads - Snow and Ice Control,OS - Mobility,RSN,REDSTONE,Community Centrepoint,-113.9575028271685,51.17044616888478
25-00905124,2025-11-25,2025-12-12,Closed,Other,Bylaw - Snow and Ice on Sidewalk,CS - Emergency Management and Community Safety,CPF,COPPERFIELD,Community Centrepoint,-113.9294857228364,50.91781382350559
25-00905125,2025-11-25,2025-12-03,Closed,Other,Bylaw - Snow and Ice on Sidewalk,CS - Emergency Management and Community Safety,GLR,GLACIER RIDGE,Community Centrepoint,-114.1681884917596,51.190418661433526
25-00905133,2025-11-25,2025-12-03,Closed,Other,Bylaw - Snow and Ice on Sidewalk,CS - Emergency Management and Community Safety,RIC,RICHMOND,Community Centrepoint,-114.11842028929551,51.02971029545911
25-00905135,2025-11-25,2025-11-26,Duplicate (Closed),App,Roads - Snow and Ice Control,OS - Mobility,PAN,PANORAMA HILLS,Community Centrepoint,-114.08807155795826,51.15970929560302
25-00905140,2025-11-25,2025-11-27,Duplicate (Closed),App,Roads - Snow and Ice Control,OS - Mobility,AUB,AUBURN BAY,Community Centrepoint,-113.95779514351894,50.89269507750196
25-00905142,2025-11-25,2025-11-26,Closed,App,Roads - Snow and Ice Control,OS - Mobility,MAH,MAHOGANY,Community Centrepoint,-113.92463385892704,50.895943916674454
25-00905145,2025-11-25,2025-11-29,Closed,App,Roads - Pathway Snow and Ice Concerns,OS - Mobility,COV,COVENTRY HILLS,Community Centrepoint,-114.0531434069748,51.16490633093188
25-00905156,2025-11-25,2025-11-26,Closed,App,Bylaw - Snow and Ice on Sidewalk,CS - Emergency Management and Community Safety,RCK,ROSSCARROCK,Community Centrepoint,-114.14548590929746,51.04328787200739
25-00905157,2025-11-25,2025-11-26,Closed,Other,Roads - Snow and Ice Control,OS - Mobility,WBN,WOODBINE,Community Centrepoint,-114.1296281640212,50.940233262618435
25-00905158,2025-11-25,2025-11-26,Closed,Other,Roads - Snow and Ice Control,OS - Mobility,NGM,NORTH GLENMORE PARK,Community Centrepoint,-114.11225607544716,51.00142837278614
25-00905163,2025-11-25,2025-11-27,Duplicate (Closed),App,Roads - Snow and Ice Control,OS - Mobility,AUB,AUBURN BAY,Community Centrepoint,-113.95779514351894,50.89269507750196
25-00905167,2025-11-25,2025-11-26,Closed,App,Roads - Snow and Ice Control,OS - Mobility,AUB,AUBURN BAY,Community Centrepoint,-113.95779514351894,50.89269507750196
25-00905168,2025-11-25,2025-11-26,Closed,App,Roads - Snow and Ice Control,OS - Mobility,PCK,PINE CREEK,Community Centrepoint,-114.06786719699797,50.85631703837584
25-00905172,2025-11-25,2025-11-26,Closed,Other,Roads - Snow and Ice Control,OS - Mobility,PCK,PINE CREEK,Community Centrepoint,-114.06786719699797,50.85631703837584
25-00905173,2025-11-25,2025-11-30,Closed,App,Bylaw - Snow and Ice on Sidewalk,CS - Emergency Management and Community Safety,SNA,SUNALTA,Community Centrepoint,-114.10148594325246,51.04295989297799
25-00905175,2025-11-25,2025-11-26,Duplicate (Closed),App,Roads - Snow and Ice Control,OS - Mobility,CSC,CITYSCAPE,Community Centrepoint,-113.9612580314835,51.14703155759964
25-00905177,2025-11-25,2025-11-26,Closed,Other,Roads - Snow and Ice Control,OS - Mobility,SET,SETON,Community Centrepoint,-113.94793123802644,50.874157663473184
25-00905178,2025-11-25,2025-12-03,Closed,App,Bylaw - Snow and Ice on Sidewalk,CS - Emergency Management and Community Safety,BNK,BANKVIEW,Community Centrepoint,-114.10048318979052,51.034127528143316
25-00905181,2025-11-25,2025-11-26,Closed,App,Roads - Pathway Snow and Ice Concerns,OS - Mobility,BED,BEDDINGTON HEIGHTS,Community Centrepoint,-114.0849111408055,51.13164398595451
25-00905185,2025-11-25,2025-11-26,Closed,App,Roads - Snow and Ice Control,OS - Mobility,BLM,BELMONT,Community Centrepoint,-114.05524942357732,50.8686836961993
25-00905186,2025-11-25,2025-12-03,Closed,App,Bylaw - Snow and Ice on Sidewalk,CS - Emergency Management and Community Safety,BNK,BANKVIEW,Community Centrepoint,-114.10048318979052,51.034127528143316
25-00905192,2025-11-25,2025-12-03,Closed,App,Bylaw - Snow and Ice on Sidewalk,CS - Emergency Management and Community Safety,BNK,BANKVIEW,Community Centrepoint,-114.10048318979052,51.034127528143316
25-00905198,2025-11-25,2025-11-26,Closed,App,Bylaw - Snow and Ice on Sidewalk,CS - Emergency Management and Community Safety,BNK,BANKVIEW,Community Centrepoint,-114.10048318979052,51.034127528143316
25-00905201,2025-11-25,2025-11-26,Closed,Other,Roads - Snow and Ice Control,OS - Mobility,ASP,ASPEN WOODS,Community Centrepoint,-114.20838662695292,51.04521537783425
25-00905204,2025-11-25,2025-11-26,Closed,Other,Roads - Snow and Ice Control,OS - Mobility,AUB,AUBURN BAY,Community Centrepoint,-113.95779514351894,50.89269507750196
25-00905208,2025-11-25,2025-11-26,Closed,Other,Roads - Snow and Ice Control,OS - Mobility,PAN,PANORAMA HILLS,Community Centrepoint,-114.08806340626408,51.15971101170789
25-00905220,2025-11-25,2025-11-26,Closed,App,Roads - Pathway Snow and Ice Concerns,OS - Mobility,BNK,BANKVIEW,Community Centrepoint,-114.10048318979052,51.034127528143316
25-00905225,2025-11-25,2025-12-02,Closed,Other,Bylaw - Snow and Ice on Sidewalk,CS - Emergency Management and Community Safety,GLA,GLAMORGAN,Community Centrepoint,-114.15322733578051,51.015116804134095
25-00905226,2025-11-25,2025-11-26,Closed,App,Roads - Snow and Ice Control,OS - Mobility,OGD,OGDEN,Community Centrepoint,-114.01243870034244,50.99187347872066
25-00905230,2025-11-25,2025-12-02,Closed,App,Roads - Pathway Snow and Ice Concerns,OS - Mobility,WIN,WINSTON HEIGHTS/MOUNTVIEW,Community Centrepoint,-114.04184874950612,51.07529880280739
25-00905238,2025-11-25,2025-11-26,Closed,Other,Roads - Snow and Ice Control,OS - Mobility,ASP,ASPEN WOODS,Community Centrepoint,-114.20838662695292,51.04521537783425
25-00905239,2025-11-25,2025-12-04,Closed,Other,Bylaw - Snow and Ice on Sidewalk,CS - Emergency Management and Community Safety,TAR,TARADALE,Community Centrepoint,-113.934002077972,51.11794016367547
25-00905242,2025-11-25,2025-11-26,Closed,App,Roads - Snow and Ice Control,OS - Mobility,LEG,LEGACY,Community Centrepoint,-114.00597971885598,50.85760046185492
25-00905248,2025-11-25,2025-11-26,Closed,Other,Roads - Snow and Ice Control,OS - Mobility,PCK,PINE CREEK,Community Centrepoint,-114.06786719699797,50.85631703837584
25-00905255,2025-11-25,2025-11-26,Closed,App,Roads - Snow and Ice Control,OS - Mobility,CIT,CITADEL,Community Centrepoint,-114.18393693294524,51.1445387597689
25-00905256,2025-11-25,2025-11-27,Closed,Other,Roads - Snow and Ice Control,OS - Mobility,CPF,COPPERFIELD,Community Centrepoint,-113.9294857228364,50.91781382350559
25-00905260,2025-11-25,2025-11-26,Closed,Other,Roads - Snow and Ice Control,OS - Mobility,PCK,PINE CREEK,Community Centrepoint,-114.06786719699797,50.85631703837584
25-00905261,2025-11-25,2025-11-26,Closed,App,Roads - Snow and Ice Control,OS - Mobility,PCK,PINE CREEK,Community Centrepoint,-114.06786719699797,50.85631703837584
25-00905267,2025-11-25,2025-11-27,Closed,Other,Roads - Snow and Ice Control,OS - Mobility,SAN,SANDSTONE VALLEY,Community Centrepoint,-114.094962509766,51.137732845524965
25-00905268,2025-11-25,2025-11-27,Closed,Other,Bylaw - Snow and Ice on Sidewalk,CS - Emergency Management and Community Safety,MPK,MARLBOROUGH PARK,Community Centrepoint,-113.9467026472926,51.05969024495795
25-00905269,2025-11-25,2025-11-26,Closed,App,Roads - Snow and Ice Control,OS - Mobility,CNS,CORNERSTONE,Community Centrepoint,-113.9305705256274,51.15735996767518
25-00905271,2025-11-25,2025-11-28,Closed,App,Roads - Snow and Ice Control,OS - Mobility,LIV,LIVINGSTON,Community Centrepoint,-114.06550670687444,51.18550406559082
25-00905272,2025-11-25,2025-12-01,Closed,Other,Bylaw - Snow and Ice on Sidewalk,CS - Emergency Management and Community Safety,PKL,PARKLAND,Community Centrepoint,-114.02822405924384,50.920841901943966
25-00905273,2025-11-25,2025-11-26,Closed,Other,Roads - Snow and Ice Control,OS - Mobility,ST2,STONEY 2,Community Centrepoint,-114.01718259300952,51.14338378288947
25-00905274,2025-11-25,2025-11-29,Closed,App,Roads - Pathway Snow and Ice Concerns,OS - Mobility,BNF,BANFF TRAIL,Community Centrepoint,-114.11512839717008,51.07420696879508
25-00905275,2025-11-25,2025-11-26,Duplicate (Closed),App,Roads - Snow and Ice Control,OS - Mobility,PCK,PINE CREEK,Community Centrepoint,-114.06786719699797,50.85631703837584
25-00905277,2025-11-25,2025-11-28,Closed,App,Roads - Snow and Ice Control,OS - Mobility,LIV,LIVINGSTON,Community Centrepoint,-114.06550670687444,51.18550406559082
25-00905278,2025-11-25,2025-11-25,Closed,Other,Roads - Snow and Ice Control,OS - Mobility,SAN,SANDSTONE VALLEY,Community Centrepoint,-114.094962509766,51.137732845524965
25-00905281,2025-11-25,2025-11-26,Duplicate (Closed),App,Roads - Snow and Ice Control,OS - Mobility,PAN,PANORAMA HILLS,Community Centrepoint,-114.08807155795826,51.15970929560302
25-00905282,2025-11-25,2025-11-26,Closed,App,Roads - Snow and Ice Control,OS - Mobility,PCK,PINE CREEK,Community Centrepoint,-114.06786719699797,50.85631703837584
25-00905291,2025-11-25,2025-11-26,Closed,Other,Roads - Snow and Ice Control,OS - Mobility,PCK,PINE CREEK,Community Centrepoint,-114.06786719699797,50.85631703837584
25-00905294,2025-11-25,2025-11-27,Closed,App,Roads - Snow and Ice Control,OS - Mobility,MAH,MAHOGANY,Community Centrepoint,-113.92463385892704,50.895943916674454
25-00905303,2025-11-25,2025-11-29,Closed,App,Roads - Pathway Snow and Ice Concerns,OS - Mobility,TUS,TUSCANY,Community Centrepoint,-114.2408862053562,51.12191108825487
25-00905306,2025-11-25,2025-12-11,Closed,Other,Bylaw - Snow and Ice on Sidewalk,CS - Emergency Management and Community Safety,THO,THORNCLIFFE,Community Centrepoint,-114.06878100895472,51.103105008837304
25-00905308,2025-11-25,2025-11-26,Closed,Other,Roads - Snow and Ice Control,OS - Mobility,GBK,GLENBROOK,Community Centrepoint,-114.152694837935,51.02419405304613
25-00905309,2025-11-25,2025-11-30,Closed,Other,Bylaw - Snow and Ice on Sidewalk,CS - Emergency Management and Community Safety,FLN,FOREST LAWN,Community Centrepoint,-113.9700019179966,51.037848048607955
25-00905311,2025-11-25,2025-11-25,Closed,Other,Roads - Snow and Ice Control,OS - Mobility,CNS,CORNERSTONE,Community Centrepoint,-113.9305705256274,51.15735996767518
25-00905312,2025-11-25,2025-11-26,Closed,App,Roads - Snow and Ice Control,OS - Mobility,KIN,KINGSLAND,Community Centrepoint,-114.07735883671336,50.98697675033278
25-00905313,2025-11-25,2025-11-29,Closed,Other,Roads - Pathway Snow and Ice Concerns,OS - Mobility,MEA,MEADOWLARK PARK,Community Centrepoint,-114.07735167071785,50.99785784458241
25-00905314,2025-11-25,2025-11-26,Closed,App,Roads - Snow and Ice Control,OS - Mobility,ST2,STONEY 2,Community Centrepoint,-114.01718259300952,51.14338378288947
25-00905315,2025-11-25,2025-12-04,Closed,App,Bylaw - Snow and Ice on Sidewalk,CS - Emergency Management and Community Safety,TAR,TARADALE,Community Centrepoint,-113.934002077972,51.11794016367547
25-00905316,2025-11-25,2025-11-26,Closed,Other,Roads - Snow and Ice Control,OS - Mobility,WES,WESTWINDS,Community Centrepoint,-113.97005020356406,51.10339214773552
25-00905317,2025-11-25,2025-12-04,Closed,App,Bylaw - Snow and Ice on Sidewalk,CS - Emergency Management and Community Safety,TAR,TARADALE,Community Centrepoint,-113.934002077972,51.11794016367547
25-00905318,2025-11-25,2025-11-27,Closed,Other,Roads - Snow and Ice Control,OS - Mobility,AUB,AUBURN BAY,Community Centrepoint,-113.95779514351894,50.89269507750196
25-00905319,2025-11-25,2025-11-27,Closed,Other,Roads - Snow and Ice Control,OS - Mobility,AUB,AUBURN BAY,Community Centrepoint,-113.95779514351894,50.89269507750196
25-00905320,2025-11-25,2025-11-29,Closed,Other,Roads - Pathway Snow and Ice Concerns,OS - Mobility,COV,COVENTRY HILLS,Community Centrepoint,-114.0531434069748,51.16490633093188
25-00905321,2025-11-25,2025-12-05,Closed,App,Bylaw - Snow and Ice on Sidewalk,CS - Emergency Management and Community Safety,TAR,TARADALE,Community Centrepoint,-113.934002077972,51.11794016367547
25-00905322,2025-11-25,2025-12-04,Closed,App,Bylaw - Snow and Ice on Sidewalk,CS - Emergency Management and Community Safety,TAR,TARADALE,Community Centrepoint,-113.934002077972,51.11794016367547
25-00905323,2025-11-25,2025-11-26,Duplicate (Closed),App,Roads - Snow and Ice Control,OS - Mobility,WAL,WALDEN,Community Centrepoint,-114.03261830805454,50.87040296671561
25-00905324,2025-11-25,2025-11-26,Closed,App,Roads - Snow and Ice Control,OS - Mobility,WBN,WOODBINE,Community Centrepoint,-114.1296281640212,50.940233262618435
25-00905325,2025-11-25,2025-11-29,Closed,Other,Roads - Pathway Snow and Ice Concerns,OS - Mobility,HAR,HARVEST HILLS,Community Centrepoint,-114.05277797732418,51.147677586662866
25-00905326,2025-11-25,2025-11-26,Closed,Other,Roads - Snow and Ice Control,OS - Mobility,CNS,CORNERSTONE,Community Centrepoint,-113.9305705256274,51.15735996767518
25-00905327,2025-11-25,2025-12-04,Closed,App,Bylaw - Snow and Ice on Sidewalk,CS - Emergency Management and Community Safety,TAR,TARADALE,Community Centrepoint,-113.934002077972,51.11794016367547
25-00905333,2025-11-25,2025-11-26,Closed,Other,Roads - Snow and Ice Control,OS - Mobility,PCK,PINE CREEK,Community Centrepoint,-114.06786719699797,50.85631703837584
25-00905335,2025-11-25,2025-12-04,Closed,App,Bylaw - Snow and Ice on Sidewalk,CS - Emergency Management and Community Safety,TAR,TARADALE,Community Centrepoint,-113.934002077972,51.11794016367547
25-00905338,2025-11-25,2025-11-26,Closed,App,Roads - Snow and Ice Control,OS - Mobility,ALT,ALTADORE,Community Centrepoint,-114.10078239468643,51.015954118930864
25-00905341,2025-11-25,2025-11-26,Duplicate (Closed),App,Roads - Snow and Ice Control,OS - Mobility,WOO,WOODLANDS,Community Centrepoint,-114.10615958156993,50.9411239786837
25-00905344,2025-11-25,2025-11-26,Duplicate (Closed),App,Roads - Snow and Ice Control,OS - Mobility,WBN,WOODBINE,Community Centrepoint,-114.1296281640212,50.940233262618435
25-00905347,2025-11-25,2025-11-26,Duplicate (Closed),App,Roads - Snow and Ice Control,OS - Mobility,CPF,COPPERFIELD,Community Centrepoint,-113.9294857228364,50.91781382350559
25-00905348,2025-11-25,2025-11-26,Closed,App,Roads - Snow and Ice Control,OS - Mobility,ACA,ACADIA,Community Centrepoint,-114.05369601618196,50.972415073979406
25-00905351,2025-11-25,2025-11-26,Closed,App,Roads - Snow and Ice Control,OS - Mobility,ACA,ACADIA,Community Centrepoint,-114.05369601618196,50.972415073979406
25-00905352,2025-11-25,2025-11-26,Closed,App,Roads - Snow and Ice Control,OS - Mobility,ACA,ACADIA,Community Centrepoint,-114.05369601618196,50.972415073979406
25-00905358,2025-11-25,2025-11-25,Closed,Other,Roads - Snow and Ice Control,OS - Mobility,CNS,CORNERSTONE,Community Centrepoint,-113.9305705256274,51.15735996767518
25-00905359,2025-11-25,2025-12-04,Closed,App,Bylaw - Snow and Ice on Sidewalk,CS - Emergency Management and Community Safety,HSN,HASKAYNE,Community Centrepoint,-114.28669528468198,51.11697203676882
25-00905361,2025-11-25,2025-11-26,Closed,App,Roads - Snow and Ice Control,OS - Mobility,EVE,EVERGREEN,Community Centrepoint,-114.11569352503209,50.91870443401208
25-00905362,2025-11-25,2025-11-26,Closed,App,Bylaw - Snow and Ice on Sidewalk,CS - Emergency Management and Community Safety,ING,INGLEWOOD,Community Centrepoint,-114.01912581291118,51.03414052413669
25-00905365,2025-11-25,2025-12-03,Closed,Other,Bylaw - Snow and Ice on Sidewalk,CS - Emergency Management and Community Safety,NOL,NOLAN HILL,Community Centrepoint,-114.16646528704749,51.175353209856
25-00905368,2025-11-25,2025-11-26,Closed,App,Roads - Snow and Ice Control,OS - Mobility,BRI,BRIDLEWOOD,Community Centrepoint,-114.11020921039947,50.89921921581604
25-00905370,2025-11-25,2025-11-26,Closed,App,Roads - Snow and Ice Control,OS - Mobility,HSN,HASKAYNE,Community Centrepoint,-114.28669528468198,51.11697203676882
25-00905373,2025-11-25,2025-11-26,Closed,Other,Roads - Snow and Ice Control,OS - Mobility,CHA,CHAPARRAL,Community Centrepoint,-114.02566896242004,50.88467311348729
25-00905376,2025-11-25,2025-11-26,Closed,App,Roads - Snow and Ice Control,OS - Mobility,WOO,WOODLANDS,Community Centrepoint,-114.10615958156993,50.9411239786837
25-00905378,2025-11-25,2025-11-26,Closed,Other,Roads - Snow and Ice Control,OS - Mobility,CRE,CRESCENT HEIGHTS,Community Centrepoint,-114.06161323521869,51.05949594746299
25-00905381,2025-11-25,2025-12-08,Closed,Other,Bylaw - Snow and Ice on Sidewalk,CS - Emergency Management and Community Safety,NOL,NOLAN HILL,Community Centrepoint,-114.16646528704749,51.175353209856
25-00905383,2025-11-25,2025-11-27,Closed,App,Roads - Snow and Ice Control,OS - Mobility,MAH,MAHOGANY,Community Centrepoint,-113.92463385892704,50.895943916674454
25-00905384,2025-11-25,2025-12-02,Closed,Other,Roads - Pathway Snow and Ice Concerns,OS - Mobility,,,None,,
25-00905385,2025-11-25,2025-12-03,Closed,Other,Bylaw - Snow and Ice on Sidewalk,CS - Emergency Management and Community Safety,NOL,NOLAN HILL,Community Centrepoint,-114.16646528704749,51.175353209856
25-00905387,2025-11-25,2025-11-26,Duplicate (Closed),Other,Roads - Snow and Ice Control,OS - Mobility,PAN,PANORAMA HILLS,Community Centrepoint,-114.08807155795826,51.15970929560302
25-00905390,2025-11-25,2025-12-01,Closed,App,Bylaw - Snow and Ice on Sidewalk,CS - Emergency Management and Community Safety,SNA,SUNALTA,Community Centrepoint,-114.10148594325246,51.04295989297799
25-00905392,2025-11-25,2025-12-01,Closed,App,Bylaw - Snow and Ice on Sidewalk,CS - Emergency Management and Community Safety,SNA,SUNALTA,Community Centrepoint,-114.10148594325246,51.04295989297799
25-00905404,2025-11-25,2025-11-26,Duplicate (Closed),App,Roads - Snow and Ice Control,OS - Mobility,PCK,PINE CREEK,Community Centrepoint,-114.06786719699797,50.85631703837584
25-00905407,2025-11-25,2025-11-29,Closed,App,Roads - Pathway Snow and Ice Concerns,OS - Mobility,PCK,PINE CREEK,Community Centrepoint,-114.06786719699797,50.85631703837584
25-00905409,2025-11-25,2025-11-26,Closed,App,Roads - Snow and Ice Control,OS - Mobility,PAN,PANORAMA HILLS,Community Centrepoint,-114.08806340626408,51.15971101170789
25-00905410,2025-11-25,2025-11-27,Closed,App,Roads - Snow and Ice Control,OS - Mobility,MAH,MAHOGANY,Community Centrepoint,-113.92463385892704,50.895943916674454
25-00905411,2025-11-25,2025-11-27,Duplicate (Closed),App,Roads - Snow and Ice Control,OS - Mobility,AUB,AUBURN BAY,Community Centrepoint,-113.95779514351894,50.89269507750196
25-00905414,2025-11-25,2025-11-26,Duplicate (Closed),App,Roads - Snow and Ice Control,OS - Mobility,MRN,MORAINE,Community Centrepoint,-114.10624312812324,51.19053872895641
25-00905420,2025-11-25,2025-11-26,Duplicate (Closed),App,Roads - Snow and Ice Control,OS - Mobility,EVE,EVERGREEN,Community Centrepoint,-114.11569352503209,50.91870443401208
25-00905422,2025-11-25,2025-11-26,Closed,Other,Roads - Snow and Ice Control,OS - Mobility,PCK,PINE CREEK,Community Centrepoint,-114.06786719699797,50.85631703837584
25-00905423,2025-11-25,2025-11-27,Closed,Other,Roads - Snow and Ice Control,OS - Mobility,AUB,AUBURN BAY,Community Centrepoint,-113.95779514351894,50.89269507750196
25-00905424,2025-11-25,2025-11-26,Closed,App,Bylaw - Snow and Ice on Sidewalk,CS - Emergency Management and Community Safety,BLN,BELTLINE,Community Centrepoint,-114.0551860888619,51.03743796399198
25-00905427,2025-11-25,2025-11-28,Closed,App,Roads - Snow and Ice Control,OS - Mobility,SAN,SANDSTONE VALLEY,Community Centrepoint,-114.094962509766,51.137732845524965
25-00905428,2025-11-25,2025-11-26,Closed,Other,Roads - Snow and Ice Control,OS - Mobility,WOO,WOODLANDS,Community Centrepoint,-114.10615958156993,50.9411239786837
25-00905431,2025-11-25,2025-12-12,Closed,Other,Bylaw - Snow and Ice on Sidewalk,CS - Emergency Management and Community Safety,MAL,MAYLAND HEIGHTS,Community Centrepoint,-114.01331127596195,51.06083218163849
25-00905437,2025-11-26,2025-11-26,Closed,App,Roads - Snow and Ice Control,OS - Mobility,MCK,MCKENZIE LAKE,Community Centrepoint,-113.9881871837774,50.91486638419278
25-00905438,2025-11-26,2025-11-26,Duplicate (Closed),App,Roads - Snow and Ice Control,OS - Mobility,PCK,PINE CREEK,Community Centrepoint,-114.06786719699797,50.85631703837584
25-00905440,2025-11-26,2025-11-26,Closed,App,Roads - Snow and Ice Control,OS - Mobility,LIV,LIVINGSTON,Community Centrepoint,-114.06550670687444,51.18550406559082
25-00905444,2025-11-26,2025-11-26,Duplicate (Closed),App,Roads - Snow and Ice Control,OS - Mobility,LIV,LIVINGSTON,Community Centrepoint,-114.06550619776098,51.18553606435354
25-00905445,2025-11-26,2025-11-28,Closed,App,Roads - Snow and Ice Control,OS - Mobility,LIV,LIVINGSTON,Community Centrepoint,-114.06550670687444,51.18550406559082
25-00905446,2025-11-26,2025-11-27,Duplicate (Closed),Other,Roads - Snow and Ice Control,OS - Mobility,SET,SETON,Community Centrepoint,-113.94793123802644,50.874157663473184
25-00905456,2025-11-26,2025-11-26,Closed,Other,Roads - Snow and Ice Control,OS - Mobility,MNI,MANCHESTER INDUSTRIAL,Community Centrepoint,-114.0572224672051,51.01325599042462
25-00905463,2025-11-26,2025-11-26,Closed,Other,Roads - Snow and Ice Control,OS - Mobility,13I,13I,Community Centrepoint,-114.09942803552048,50.89274984068673
25-00905466,2025-11-26,2025-11-27,Closed,Other,Bylaw - Snow and Ice on Sidewalk,CS - Emergency Management and Community Safety,RMT,ROSEMONT,Community Centrepoint,-114.09003307555308,51.07839419815386
25-00905467,2025-11-26,2025-12-12,Closed,Other,Bylaw - Snow and Ice on Sidewalk,CS - Emergency Management and Community Safety,RMT,ROSEMONT,Community Centrepoint,-114.09003307555308,51.07839419815386
25-00905468,2025-11-26,2025-12-12,Closed,Other,Bylaw - Snow and Ice on Sidewalk,CS - Emergency Management and Community Safety,RMT,ROSEMONT,Community Centrepoint,-114.09003307555308,51.07839419815386
25-00905485,2025-11-26,2025-11-29,Closed,App,Roads - Pathway Snow and Ice Concerns,OS - Mobility,ROC,ROCKY RIDGE,Community Centrepoint,-114.24590791801704,51.14407647959192
25-00905486,2025-11-26,2025-12-01,Closed,Other,Bylaw - Snow and Ice on Sidewalk,CS - Emergency Management and Community Safety,PIN,PINERIDGE,Community Centrepoint,-113.9467616936152,51.07424750638858
25-00905487,2025-11-26,2025-11-26,Duplicate (Closed),App,Roads - Snow and Ice Control,OS - Mobility,ST2,STONEY 2,Community Centrepoint,-114.01718259300952,51.14338378288947
25-00905506,2025-11-26,2025-12-02,Closed,App,Roads - Pathway Snow and Ice Concerns,OS - Mobility,SAD,SADDLE RIDGE,Community Centrepoint,-113.94562252266888,51.13057324276626
25-00905510,2025-11-26,2025-11-26,Closed,Other,Roads - Snow and Ice Control,OS - Mobility,WOO,WOODLANDS,Community Centrepoint,-114.10615958156993,50.9411239786837
25-00905511,2025-11-26,2025-11-27,Closed,Other,Roads - Snow and Ice Control,OS - Mobility,MCT,MCKENZIE TOWNE,Community Centrepoint,-113.96135301049588,50.917148761958515
25-00905513,2025-11-26,2025-12-02,Closed,App,Bylaw - Snow and Ice on Sidewalk,CS - Emergency Management and Community Safety,KIN,KINGSLAND,Community Centrepoint,-114.07735883671336,50.98697675033278
25-00905514,2025-11-26,2025-11-26,Duplicate (Closed),App,Roads - Snow and Ice Control,OS - Mobility,ST2,STONEY 2,Community Centrepoint,-114.01718259300952,51.14338378288947
25-00905516,2025-11-26,2025-11-29,Closed,Other,Roads - Snow and Ice Control,OS - Mobility,MCT,MCKENZIE TOWNE,Community Centrepoint,-113.96135301049588,50.917148761958515
25-00905517,2025-11-26,2025-11-26,Closed,App,Roads - Snow and Ice Control,OS - Mobility,WWO,WOLF WILLOW,Community Centrepoint,-114.00862797996852,50.87070800655032
25-00905521,2025-11-26,2025-12-09,Closed,App,Bylaw - Snow and Ice on Sidewalk,CS - Emergency Management and Community Safety,OGD,OGDEN,Community Centrepoint,-114.01243870034244,50.99187347872066
25-00905524,2025-11-26,2025-12-02,Closed,App,Bylaw - Snow and Ice on Sidewalk,CS - Emergency Management and Community Safety,MLI,MAYLAND,Community Centrepoint,-114.01029739075128,51.05240479227385
25-00905526,2025-11-26,2025-11-29,Closed,Other,Roads - Snow and Ice Control,OS - Mobility,MCT,MCKENZIE TOWNE,Community Centrepoint,-113.96135301049588,50.917148761958515
25-00905530,2025-11-26,2025-11-30,Closed,Other,Roads - Pathway Snow and Ice Concerns,OS - Mobility,WHL,WEST HILLHURST,Community Centrepoint,-114.11515850909426,51.05507951426751
25-00905531,2025-11-26,2025-12-23,Closed,Other,Bylaw - Snow and Ice on Sidewalk,CS - Emergency Management and Community Safety,KIL,KILLARNEY/GLENGARRY,Community Centrepoint,-114.13173134426395,51.030131956517685
25-00905536,2025-11-26,2025-12-09,Closed,Other,Bylaw - Snow and Ice on Sidewalk,CS - Emergency Management and Community Safety,LMR,LOWER MOUNT ROYAL,Community Centrepoint,-114.08649939756664,51.03650319836411
25-00905537,2025-11-26,2025-12-12,Closed,Other,Bylaw - Snow and Ice on Sidewalk,CS - Emergency Management and Community Safety,KIL,KILLARNEY/GLENGARRY,Community Centrepoint,-114.13173134426395,51.030131956517685
25-00905539,2025-11-26,2025-12-12,Closed,Other,Bylaw - Snow and Ice on Sidewalk,CS - Emergency Management and Community Safety,KIL,KILLARNEY/GLENGARRY,Community Centrepoint,-114.13173134426395,51.030131956517685
25-00905541,2025-11-26,2025-11-26,Closed,Other,Roads - Snow and Ice Control,OS - Mobility,EVN,EVANSTON,Community Centrepoint,-114.11245112799344,51.1710848417942
25-00905545,2025-11-26,2025-12-02,Closed,Other,Bylaw - Snow and Ice on Sidewalk,CS - Emergency Management and Community Safety,WIL,WILLOW PARK,Community Centrepoint,-114.05619550452296,50.956623796804834
25-00905547,2025-11-26,2025-11-26,Closed,Other,Roads - Snow and Ice Control,OS - Mobility,SIL,SILVER SPRINGS,Community Centrepoint,-114.19626862637182,51.10427448199788
25-00905550,2025-11-26,2025-12-01,Closed,App,Bylaw - Snow and Ice on Sidewalk,CS - Emergency Management and Community Safety,CHA,CHAPARRAL,Community Centrepoint,-114.02566896242004,50.88467311348729
25-00905555,2025-11-26,2025-12-08,Closed,Other,Bylaw - Snow and Ice on Sidewalk,CS - Emergency Management and Community Safety,WIL,WILLOW PARK,Community Centrepoint,-114.05619550452296,50.956623796804834
25-00905556,2025-11-26,2025-12-08,Closed,Other,Bylaw - Snow and Ice on Sidewalk,CS - Emergency Management and Community Safety,WIL,WILLOW PARK,Community Centrepoint,-114.05619550452296,50.956623796804834
25-00905557,2025-11-26,2025-11-27,Closed,Other,Roads - Pathway Snow and Ice Concerns,OS - Mobility,MAF,MAYFAIR,Community Centrepoint,-114.08895573448396,50.99581204363445
25-00905558,2025-11-26,2025-12-08,Closed,Other,Bylaw - Snow and Ice on Sidewalk,CS - Emergency Management and Community Safety,WIL,WILLOW PARK,Community Centrepoint,-114.05619550452296,50.956623796804834
25-00905560,2025-11-26,2025-12-10,Closed,App,Bylaw - Snow and Ice on Sidewalk,CS - Emergency Management and Community Safety,GDL,GLENDALE,Community Centrepoint,-114.15271889005814,51.03337139240085
25-00905566,2025-11-26,2025-11-26,Closed,Other,Roads - Snow and Ice Control,OS - Mobility,SFH,SOUTH FOOTHILLS,Community Centrepoint,-113.97367259111104,50.97124216080477
25-00905568,2025-11-26,2025-11-26,Closed,Other,Roads - Snow and Ice Control,OS - Mobility,FHT,FOREST HEIGHTS,Community Centrepoint,-113.96875793277384,51.04924314874295
25-00905570,2025-11-26,2025-11-26,Closed,Other,Roads - Snow and Ice Control,OS - Mobility,HSN,HASKAYNE,Community Centrepoint,-114.28669528468198,51.11697203676882
25-00905574,2025-11-26,2025-11-27,Closed,Other,Bylaw - Snow and Ice on Sidewalk,CS - Emergency Management and Community Safety,EVE,EVERGREEN,Community Centrepoint,-114.11569352503209,50.91870443401208
25-00905577,2025-11-26,2025-11-26,Closed,App,Roads - Snow and Ice Control,OS - Mobility,SGH,SAGE HILL,Community Centrepoint,-114.14068609335126,51.175616973412424
25-00905578,2025-11-26,2025-11-27,Closed,Other,Bylaw - Snow and Ice on Sidewalk,CS - Emergency Management and Community Safety,EVE,EVERGREEN,Community Centrepoint,-114.11569352503209,50.91870443401208
25-00905580,2025-11-26,2025-11-27,Closed,Other,Bylaw - Snow and Ice on Sidewalk,CS - Emergency Management and Community Safety,EVE,EVERGREEN,Community Centrepoint,-114.11569352503209,50.91870443401208
25-00905582,2025-11-26,2025-11-27,Closed,App,Bylaw - Snow and Ice on Sidewalk,CS - Emergency Management and Community Safety,CAP,CAPITOL HILL,Community Centrepoint,-114.09463117970957,51.072665279064736
25-00905583,2025-11-26,2025-12-11,Closed,Other,Bylaw - Snow and Ice on Sidewalk,CS - Emergency Management and Community Safety,EVE,EVERGREEN,Community Centrepoint,-114.11569352503209,50.91870443401208
25-00905585,2025-11-26,2025-11-26,Closed,App,Roads - Snow and Ice Control,OS - Mobility,SIL,SILVER SPRINGS,Community Centrepoint,-114.19626862637182,51.10427448199788
25-00905586,2025-11-26,2025-11-27,Closed,Other,Bylaw - Snow and Ice on Sidewalk,CS - Emergency Management and Community Safety,EVE,EVERGREEN,Community Centrepoint,-114.11569352503209,50.91870443401208
25-00905588,2025-11-26,2025-11-30,Closed,Other,Bylaw - Snow and Ice on Sidewalk,CS - Emergency Management and Community Safety,CAR,CARRINGTON,Community Centrepoint,-114.08876544116865,51.1856882618504
25-00905590,2025-11-26,2025-11-27,Closed,Other,Bylaw - Snow and Ice on Sidewalk,CS - Emergency Management and Community Safety,EVE,EVERGREEN,Community Centrepoint,-114.11569352503209,50.91870443401208
25-00905600,2025-11-26,2025-12-02,Closed,App,Roads - Pathway Snow and Ice Concerns,OS - Mobility,HAY,HAYSBORO,Community Centrepoint,-114.08334023954264,50.97221484296711
25-00905601,2025-11-26,2025-11-27,Closed,App,Bylaw - Snow and Ice on Sidewalk,CS - Emergency Management and Community Safety,SPH,SPRINGBANK HILL,Community Centrepoint,-114.20981973671448,51.02656453162372
25-00905603,2025-11-26,2025-11-29,Closed,Other,Bylaw - Snow and Ice on Sidewalk,CS - Emergency Management and Community Safety,STA,ST. ANDREWS HEIGHTS,Community Centrepoint,-114.12743730041028,51.06391056003454
25-00905605,2025-11-26,2025-11-26,Closed,Other,Roads - Pathway Snow and Ice Concerns,OS - Mobility,COR,CORAL SPRINGS,Community Centrepoint,-113.92694858499824,51.10334785100925
25-00905607,2025-11-26,2025-11-26,Closed,App,Roads - Pathway Snow and Ice Concerns,OS - Mobility,SSD,SUNNYSIDE,Community Centrepoint,-114.07902910930612,51.05641953338241
25-00905612,2025-11-26,2025-11-26,Closed,App,Roads - Pathway Snow and Ice Concerns,OS - Mobility,DNE,DOWNTOWN EAST VILLAGE,Community Centrepoint,-114.05084794560648,51.047090331328896
25-00905621,2025-11-26,2025-11-27,Duplicate (Closed),Other,Roads - Snow and Ice Control,OS - Mobility,SET,SETON,Community Centrepoint,-113.94793123802644,50.874157663473184
25-00905625,2025-11-26,2025-12-02,Closed,Other,Roads - Pathway Snow and Ice Concerns,OS - Mobility,MPL,MAPLE RIDGE,Community Centrepoint,-114.03468902740028,50.95763758363201
25-00905628,2025-11-26,2025-12-11,Closed,Other,Bylaw - Snow and Ice on Sidewalk,CS - Emergency Management and Community Safety,BRI,BRIDLEWOOD,Community Centrepoint,-114.11020921039947,50.89921921581604
25-00905630,2025-11-26,2025-12-27,Closed,Other,Bylaw - Snow and Ice on Sidewalk,CS - Emergency Management and Community Safety,PIN,PINERIDGE,Community Centrepoint,-113.9467616936152,51.07424750638858
25-00905632,2025-11-26,2025-11-29,Duplicate (Closed),App,Roads - Snow and Ice Control,OS - Mobility,MAH,MAHOGANY,Community Centrepoint,-113.92463385892704,50.895943916674454
25-00905633,2025-11-26,2025-11-30,Closed,Other,Roads - Pathway Snow and Ice Concerns,OS - Mobility,ARB,ARBOUR LAKE,Community Centrepoint,-114.2076749807532,51.13259471210095
25-00905641,2025-11-26,2025-12-12,Closed,App,Bylaw - Snow and Ice on Sidewalk,CS - Emergency Management and Community Safety,AUB,AUBURN BAY,Community Centrepoint,-113.95779514351894,50.89269507750196
25-00905644,2025-11-26,2025-11-26,Closed,Other,Roads - Snow and Ice Control,OS - Mobility,ASP,ASPEN WOODS,Community Centrepoint,-114.20838662695292,51.04521537783425
25-00905645,2025-11-26,2025-11-30,Closed,App,Roads - Pathway Snow and Ice Concerns,OS - Mobility,APP,APPLEWOOD PARK,Community Centrepoint,-113.9277970051382,51.04487898168024
25-00905651,2025-11-26,2025-11-26,Closed,Other,Roads - Snow and Ice Control,OS - Mobility,FLI,FOREST LAWN INDUSTRIAL,Community Centrepoint,-113.95696985982936,51.02709477758086
25-00905653,2025-11-26,2025-11-27,Closed,Other,Roads - Snow and Ice Control,OS - Mobility,02B,02B,Community Centrepoint,-114.19939956642588,51.17602135193483
25-00905660,2025-11-26,2025-11-26,Closed,App,Roads - Snow and Ice Control,OS - Mobility,ESH,EAST SHEPARD INDUSTRIAL,Community Centrepoint,-113.95096996432171,50.951309838058904
25-00905663,2025-11-26,2025-11-28,Closed,Other,Roads - Snow and Ice Control,OS - Mobility,EVN,EVANSTON,Community Centrepoint,-114.11245112799344,51.1710848417942
25-00905671,2025-11-26,2025-11-27,Closed,Other,Roads - Snow and Ice Control,OS - Mobility,DBC,DEERFOOT BUSINESS CENTRE,Community Centrepoint,-114.0383269425692,51.11209775546665
25-00905673,2025-11-26,2025-11-27,Closed,App,Roads - Snow and Ice Control,OS - Mobility,CPF,COPPERFIELD,Community Centrepoint,-113.9294857228364,50.91781382350559
25-00905684,2025-11-26,2025-11-30,Closed,App,Roads - Pathway Snow and Ice Concerns,OS - Mobility,UND,UNIVERSITY DISTRICT,Community Centrepoint,-114.14496478087015,51.07385411823227
25-00905686,2025-11-26,2025-11-26,Closed,Other,Roads - Snow and Ice Control,OS - Mobility,CRA,CRANSTON,Community Centrepoint,-113.98000403324248,50.87819416673358
25-00905687,2025-11-26,2025-11-26,Closed,Other,Roads - Snow and Ice Control,OS - Mobility,ASP,ASPEN WOODS,Community Centrepoint,-114.20838662695292,51.04521537783425
25-00905700,2025-11-26,2025-12-02,Closed,Other,Bylaw - Snow and Ice on Sidewalk,CS - Emergency Management and Community Safety,ALB,ALBERT PARK/RADISSON HEIGHTS,Community Centrepoint,-113.99677793526727,51.044532953156086
25-00905702,2025-11-26,2025-11-30,Closed,App,Bylaw - Snow and Ice on Sidewalk,CS - Emergency Management and Community Safety,UND,UNIVERSITY DISTRICT,Community Centrepoint,-114.14496478087015,51.07385411823227
25-00905708,2025-11-26,2025-11-26,Closed,Other,Roads - Snow and Ice Control,OS - Mobility,MRN,MORAINE,Community Centrepoint,-114.10624310950396,51.19053873640371
25-00905710,2025-11-26,2025-12-11,Closed,App,Bylaw - Snow and Ice on Sidewalk,CS - Emergency Management and Community Safety,HKS,HOTCHKISS,Community Centrepoint,-113.89624948761448,50.91419352023465
25-00905717,2025-11-26,2025-12-10,Closed,App,Bylaw - Snow and Ice on Sidewalk,CS - Emergency Management and Community Safety,HKS,HOTCHKISS,Community Centrepoint,-113.89624948761448,50.91419352023465
25-00905718,2025-11-26,2025-12-11,Closed,App,Bylaw - Snow and Ice on Sidewalk,CS - Emergency Management and Community Safety,HKS,HOTCHKISS,Community Centrepoint,-113.89624948761448,50.91419352023465
25-00905720,2025-11-26,2025-12-08,Closed,App,Bylaw - Snow and Ice on Sidewalk,CS - Emergency Management and Community Safety,BLN,BELTLINE,Community Centrepoint,-114.0551860888619,51.03743796399198
25-00905722,2025-11-26,2025-12-01,Closed,App,Bylaw - Snow and Ice on Sidewalk,CS - Emergency Management and Community Safety,HKS,HOTCHKISS,Community Centrepoint,-113.89624948761448,50.91419352023465
25-00905727,2025-11-26,2025-11-27,Closed,Other,Bylaw - Snow and Ice on Sidewalk,CS - Emergency Management and Community Safety,MAL,MAYLAND HEIGHTS,Community Centrepoint,-114.01331127510768,51.06083217926603
25-00905734,2025-11-26,2025-11-26,Closed,App,Roads - Snow and Ice Control,OS - Mobility,PKL,PARKLAND,Community Centrepoint,-114.02822405924384,50.920841901943966
25-00905735,2025-11-26,2025-11-30,Closed,App,Bylaw - Snow and Ice on Sidewalk,CS - Emergency Management and Community Safety,MON,MONTGOMERY,Community Centrepoint,-114.16224821352388,51.071076143699045
25-00905736,2025-11-26,2025-11-26,Closed,Other,Roads - Snow and Ice Control,OS - Mobility,WAL,WALDEN,Community Centrepoint,-114.03261830805454,50.87040296671561
25-00905739,2025-11-26,2025-11-26,Closed,App,Roads - Snow and Ice Control,OS - Mobility,CAN,CANYON MEADOWS,Community Centrepoint,-114.0820063458848,50.94095720926748
25-00905743,2025-11-26,2025-12-05,Closed,Other,Bylaw - Snow and Ice on Sidewalk,CS - Emergency Management and Community Safety,HIW,HIGHWOOD,Community Centrepoint,-114.0798911269166,51.092359423668654
25-00905744,2025-11-26,2025-11-27,Closed,App,Roads - Snow and Ice Control,OS - Mobility,EDG,EDGEMONT,Community Centrepoint,-114.14395321027078,51.124587846873936
25-00905747,2025-11-26,2025-11-27,Closed,Other,Roads - Snow and Ice Control,OS - Mobility,RUN,RUNDLE,Community Centrepoint,-113.97005350368742,51.07423887665301
25-00905751,2025-11-26,2025-11-26,Closed,Other,Roads - Snow and Ice Control,OS - Mobility,BUR,BURNS INDUSTRIAL,Community Centrepoint,-114.03966808778404,50.99870820989172
25-00905754,2025-11-26,2025-11-26,Closed,Other,Roads - Snow and Ice Control,OS - Mobility,AYB,ALYTH/BONNYBROOK,Community Centrepoint,-114.0224822149138,51.02285923916085
25-00905766,2025-11-26,2025-11-26,Closed,App,Roads - Snow and Ice Control,OS - Mobility,CRA,CRANSTON,Community Centrepoint,-113.98000403324248,50.87819416673358
25-00905769,2025-11-26,2025-11-27,Closed,Other,Roads - Snow and Ice Control,OS - Mobility,AUB,AUBURN BAY,Community Centrepoint,-113.95779514351894,50.89269507750196
25-00905772,2025-11-26,2025-11-26,Closed,Other,Roads - Snow and Ice Control,OS - Mobility,WND,WINDSOR PARK,Community Centrepoint,-114.08355224178275,51.0050454446197
25-00905773,2025-11-26,2025-11-26,Duplicate (Closed),Other,Roads - Snow and Ice Control,OS - Mobility,EVN,EVANSTON,Community Centrepoint,-114.11219163730428,51.171218187340465
25-00905782,2025-11-26,2025-11-27,Closed,Other,Roads - Snow and Ice Control,OS - Mobility,NEB,NEW BRIGHTON,Community Centrepoint,-113.94523968694338,50.92206606969667
25-00905784,2025-11-26,2025-11-28,Closed,Other,Roads - Snow and Ice Control,OS - Mobility,ABP,AURORA BUSINESS PARK,Community Centrepoint,-114.0584755415263,51.13626243286761
25-00905790,2025-11-26,2025-11-26,Duplicate (Closed),Other,Roads - Snow and Ice Control,OS - Mobility,GBK,GLENBROOK,Community Centrepoint,-114.152694837935,51.02419405304613
25-00905791,2025-11-26,2025-11-30,Closed,App,Roads - Pathway Snow and Ice Concerns,OS - Mobility,SSW,SCARBORO/SUNALTA WEST,Community Centrepoint,-114.11485990934284,51.04219909319587
25-00905801,2025-11-26,2025-11-26,Closed,App,Roads - Snow and Ice Control,OS - Mobility,VAR,VARSITY,Community Centrepoint,-114.162506759502,51.09605377080581
25-00905802,2025-11-26,2025-12-11,Closed,App,Bylaw - Snow and Ice on Sidewalk,CS - Emergency Management and Community Safety,DNC,DOWNTOWN COMMERCIAL CORE,Community Centrepoint,-114.06959371115344,51.0472744358498
25-00905809,2025-11-26,2025-11-26,Closed,Other,Roads - Snow and Ice Control,OS - Mobility,ASP,ASPEN WOODS,Community Centrepoint,-114.20838662695292,51.04521537783425
25-00905824,2025-11-26,2025-11-26,Duplicate (Closed),App,Roads - Snow and Ice Control,OS - Mobility,WAL,WALDEN,Community Centrepoint,-114.03261830805454,50.87040296671561
25-00905825,2025-11-26,2025-11-26,Duplicate (Closed),App,Roads - Snow and Ice Control,OS - Mobility,WAL,WALDEN,Community Centrepoint,-114.03261830805454,50.87040296671561
25-00905827,2025-11-26,2025-11-29,Closed,App,Roads - Pathway Snow and Ice Concerns,OS - Mobility,BYV,BAYVIEW,Community Centrepoint,-114.11396431346805,50.97463475641091
25-00905833,2025-11-26,2025-11-26,Closed,Other,Roads - Snow and Ice Control,OS - Mobility,MNI,MANCHESTER INDUSTRIAL,Community Centrepoint,-114.0572224672051,51.01325599042462
25-00905834,2025-11-26,2025-11-30,Closed,App,Roads - Pathway Snow and Ice Concerns,OS - Mobility,MOP,MOUNT PLEASANT,Community Centrepoint,-114.07602998447167,51.074237909055896
25-00905837,2025-11-26,2025-11-26,Closed,Other,Roads - Snow and Ice Control,OS - Mobility,RCK,ROSSCARROCK,Community Centrepoint,-114.14548590929746,51.04328787200739
25-00905840,2025-11-26,2025-11-26,Closed,Other,Roads - Snow and Ice Control,OS - Mobility,NGM,NORTH GLENMORE PARK,Community Centrepoint,-114.11225607544716,51.00142837278614
25-00905842,2025-11-26,2025-11-26,Closed,Other,Roads - Snow and Ice Control,OS - Mobility,PKL,PARKLAND,Community Centrepoint,-114.02822405924384,50.920841901943966
25-00905845,2025-11-26,2025-12-11,Closed,App,Bylaw - Snow and Ice on Sidewalk,CS - Emergency Management and Community Safety,FLN,FOREST LAWN,Community Centrepoint,-113.9700019179966,51.037848048607955
25-00905854,2025-11-26,2025-11-26,Closed,Other,Roads - Snow and Ice Control,OS - Mobility,WAL,WALDEN,Community Centrepoint,-114.03261830805454,50.87040296671561
25-00905857,2025-11-26,2025-11-27,Closed,Other,Roads - Snow and Ice Control,OS - Mobility,ING,INGLEWOOD,Community Centrepoint,-114.01912581291118,51.03414052413669
25-00905875,2025-11-26,2025-12-04,Closed,Other,Bylaw - Snow and Ice on Sidewalk,CS - Emergency Management and Community Safety,CRE,CRESCENT HEIGHTS,Community Centrepoint,-114.06161323521869,51.05949594746299
25-00905878,2025-11-26,2025-11-26,Closed,App,Roads - Snow and Ice Control,OS - Mobility,LEG,LEGACY,Community Centrepoint,-114.00597971885598,50.85760046185492
25-00905887,2025-11-26,2025-12-02,Closed,Other,Bylaw - Snow and Ice on Sidewalk,CS - Emergency Management and Community Safety,CRE,CRESCENT HEIGHTS,Community Centrepoint,-114.06161323521869,51.05949594746299
25-00905890,2025-11-26,2025-12-02,Closed,App,Roads - Pathway Snow and Ice Concerns,OS - Mobility,WSP,WEST SPRINGS,Community Centrepoint,-114.20668628482738,51.05977296984733
25-00905893,2025-11-26,2025-11-26,Closed,App,Roads - Snow and Ice Control,OS - Mobility,SIL,SILVER SPRINGS,Community Centrepoint,-114.19626862637182,51.10427448199788
25-00905894,2025-11-26,2025-11-27,Closed,App,Bylaw - Snow and Ice on Sidewalk,CS - Emergency Management and Community Safety,EAU,EAU CLAIRE,Community Centrepoint,-114.07282181932324,51.05360699412218
25-00905901,2025-11-26,2025-12-04,Closed,Other,Bylaw - Snow and Ice on Sidewalk,CS - Emergency Management and Community Safety,CRE,CRESCENT HEIGHTS,Community Centrepoint,-114.06161323521869,51.05949594746299
25-00905903,2025-11-26,2025-11-26,Closed,App,Roads - Snow and Ice Control,OS - Mobility,EVN,EVANSTON,Community Centrepoint,-114.11245112799344,51.1710848417942
25-00905909,2025-11-26,2025-11-27,Closed,Other,Roads - Snow and Ice Control,OS - Mobility,SAD,SADDLE RIDGE,Community Centrepoint,-113.94562252266888,51.13057324276626
25-00905910,2025-11-26,2025-11-26,Closed,Other,Roads - Snow and Ice Control,OS - Mobility,AYB,ALYTH/BONNYBROOK,Community Centrepoint,-114.0224822149138,51.02285923916085
25-00905912,2025-11-26,2025-12-04,Closed,Other,Bylaw - Snow and Ice on Sidewalk,CS - Emergency Management and Community Safety,CRE,CRESCENT HEIGHTS,Community Centrepoint,-114.06161323521869,51.05949594746299
25-00905915,2025-11-26,2025-12-02,Closed,Other,Roads - Pathway Snow and Ice Concerns,OS - Mobility,ARB,ARBOUR LAKE,Community Centrepoint,-114.2076749807532,51.13259471210095
25-00905919,2025-11-26,2025-11-26,Closed,Other,Roads - Snow and Ice Control,OS - Mobility,GDL,GLENDALE,Community Centrepoint,-114.15271889005814,51.03337139240085
25-00905921,2025-11-26,2025-12-04,Closed,Other,Bylaw - Snow and Ice on Sidewalk,CS - Emergency Management and Community Safety,CRE,CRESCENT HEIGHTS,Community Centrepoint,-114.06161323521869,51.05949594746299
25-00905930,2025-11-26,2025-12-10,Closed,Other,Bylaw - Snow and Ice on Sidewalk,CS - Emergency Management and Community Safety,CRE,CRESCENT HEIGHTS,Community Centrepoint,-114.06161323521869,51.05949594746299
25-00905934,2025-11-26,2025-11-26,Closed,App,Roads - Snow and Ice Control,OS - Mobility,MPL,MAPLE RIDGE,Community Centrepoint,-114.03468902740028,50.95763758363201
25-00905940,2025-11-26,2025-12-02,Closed,Other,Bylaw - Snow and Ice on Sidewalk,CS - Emergency Management and Community Safety,CRE,CRESCENT HEIGHTS,Community Centrepoint,-114.06161323521869,51.05949594746299
25-00905941,2025-11-26,2025-11-27,Closed,Other,Bylaw - Snow and Ice on Sidewalk,CS - Emergency Management and Community Safety,FAI,FAIRVIEW,Community Centrepoint,-114.0603609439821,50.98538212195565
25-00905949,2025-11-26,2025-11-29,Closed,Other,Bylaw - Snow and Ice on Sidewalk,CS - Emergency Management and Community Safety,DNC,DOWNTOWN COMMERCIAL CORE,Community Centrepoint,-114.06959371115344,51.0472744358498
25-00905952,2025-11-26,2025-11-26,Closed,Other,Roads - Snow and Ice Control,OS - Mobility,ASP,ASPEN WOODS,Community Centrepoint,-114.20838662695292,51.04521537783425
25-00905959,2025-11-26,2025-11-27,Closed,Other,Roads - Snow and Ice Control,OS - Mobility,MCT,MCKENZIE TOWNE,Community Centrepoint,-113.96135301049588,50.917148761958515
25-00905963,2025-11-26,2025-11-26,Closed,Other,Roads - Snow and Ice Control,OS - Mobility,ASP,ASPEN WOODS,Community Centrepoint,-114.20838662695292,51.04521537783425
25-00905965,2025-11-26,2025-11-27,Closed,Other,Bylaw - Snow and Ice on Sidewalk,CS - Emergency Management and Community Safety,EVE,EVERGREEN,Community Centrepoint,-114.11569352503209,50.91870443401208
25-00905973,2025-11-26,2025-11-27,Closed,Other,Bylaw - Snow and Ice on Sidewalk,CS - Emergency Management and Community Safety,EVE,EVERGREEN,Community Centrepoint,-114.11569352503209,50.91870443401208
25-00905979,2025-11-26,2025-11-30,Closed,App,Bylaw - Snow and Ice on Sidewalk,CS - Emergency Management and Community Safety,MID,MIDNAPORE,Community Centrepoint,-114.05748430704033,50.915602456819094
25-00905981,2025-11-26,2025-11-27,Closed,Other,Bylaw - Snow and Ice on Sidewalk,CS - Emergency Management and Community Safety,EVE,EVERGREEN,Community Centrepoint,-114.11569352503209,50.91870443401208
25-00905986,2025-11-26,2025-12-11,Closed,Other,Bylaw - Snow and Ice on Sidewalk,CS - Emergency Management and Community Safety,EVE,EVERGREEN,Community Centrepoint,-114.11569352503209,50.91870443401208
25-00905989,2025-11-26,2025-11-26,Closed,App,Bylaw - Snow and Ice on Sidewalk,CS - Emergency Management and Community Safety,SKR,SKYVIEW RANCH,Community Centrepoint,-113.958374560746,51.156126735611394
25-00905990,2025-11-26,2025-11-27,Closed,Other,Bylaw - Snow and Ice on Sidewalk,CS - Emergency Management and Community Safety,EVE,EVERGREEN,Community Centrepoint,-114.11569352503209,50.91870443401208
25-00905996,2025-11-26,2025-11-26,Closed,Other,Roads - Snow and Ice Control,OS - Mobility,LKB,LAKE BONAVISTA,Community Centrepoint,-114.0512955606845,50.939598998272274
25-00905997,2025-11-26,2025-11-27,Closed,Other,Bylaw - Snow and Ice on Sidewalk,CS - Emergency Management and Community Safety,EVE,EVERGREEN,Community Centrepoint,-114.11569352503209,50.91870443401208
25-00905998,2025-11-26,2025-11-26,Closed,Other,Roads - Snow and Ice Control,OS - Mobility,MNI,MANCHESTER INDUSTRIAL,Community Centrepoint,-114.0572224672051,51.01325599042462
25-00905999,2025-11-26,2025-11-26,Closed,Other,Roads - Snow and Ice Control,OS - Mobility,FLI,FOREST LAWN INDUSTRIAL,Community Centrepoint,-113.95696985982936,51.02709477758086
25-00906002,2025-11-26,,Open,Other,Bylaw - Snow and Ice on Sidewalk,CS - Emergency Management and Community Safety,EVE,EVERGREEN,Community Centrepoint,-114.11569352503209,50.91870443401208
25-00906003,2025-11-26,2025-11-26,Closed,Other,Roads - Snow and Ice Control,OS - Mobility,TUS,TUSCANY,Community Centrepoint,-114.2408862053562,51.12191108825487
25-00906005,2025-11-26,2025-11-26,Closed,Other,Roads - Snow and Ice Control,OS - Mobility,WAL,WALDEN,Community Centrepoint,-114.03261830805454,50.87040296671561
25-00906011,2025-11-26,2025-11-27,Closed,Other,Bylaw - Snow and Ice on Sidewalk,CS - Emergency Management and Community Safety,EVE,EVERGREEN,Community Centrepoint,-114.11569352503209,50.91870443401208
25-00906012,2025-11-26,2025-11-28,Closed,App,Roads - Snow and Ice Control,OS - Mobility,LEB,LEWISBURG,Community Centrepoint,-114.03847315474007,51.18675816120178
25-00906014,2025-11-26,2025-11-26,Closed,Other,Roads - Snow and Ice Control,OS - Mobility,LIV,LIVINGSTON,Community Centrepoint,-114.06550670687444,51.18550406559082
25-00906025,2025-11-26,2025-11-27,Closed,Other,Roads - Snow and Ice Control,OS - Mobility,CNS,CORNERSTONE,Community Centrepoint,-113.9305705256274,51.15735996767518
25-00906029,2025-11-26,2025-11-26,Closed,Other,Roads - Snow and Ice Control,OS - Mobility,LIV,LIVINGSTON,Community Centrepoint,-114.06550670687444,51.18550406559082
25-00906033,2025-11-26,2025-11-26,Duplicate (Closed),Other,Roads - Snow and Ice Control,OS - Mobility,LIV,LIVINGSTON,Community Centrepoint,-114.06550619776098,51.18553606435354
25-00906035,2025-11-26,2025-12-12,Closed,App,Bylaw - Snow and Ice on Sidewalk,CS - Emergency Management and Community Safety,CAM,CAMBRIAN HEIGHTS,Community Centrepoint,-114.08937896523608,51.0843391726819
25-00906041,2025-11-26,2025-11-27,Duplicate (Closed),Other,Roads - Snow and Ice Control,OS - Mobility,AUB,AUBURN BAY,Community Centrepoint,-113.95779514351894,50.89269507750196
25-00906062,2025-11-26,2025-11-26,Closed,Other,Roads - Snow and Ice Control,OS - Mobility,AYB,ALYTH/BONNYBROOK,Community Centrepoint,-114.0224822149138,51.02285923916085
25-00906069,2025-11-26,2026-01-12,Closed,Other,Bylaw - Snow and Ice on Sidewalk,CS - Emergency Management and Community Safety,SOW,SOUTHWOOD,Community Centrepoint,-114.08319427981304,50.957758808343314
25-00906072,2025-11-26,2025-12-02,Closed,Other,Bylaw - Snow and Ice on Sidewalk,CS - Emergency Management and Community Safety,CNS,CORNERSTONE,Community Centrepoint,-113.9305705256274,51.15735996767518
25-00906074,2025-11-26,2025-11-30,Closed,App,Roads - Pathway Snow and Ice Concerns,OS - Mobility,MON,MONTGOMERY,Community Centrepoint,-114.16224821352388,51.071076143699045
25-00906082,2025-11-26,2025-11-26,Closed,Other,Roads - Snow and Ice Control,OS - Mobility,AYB,ALYTH/BONNYBROOK,Community Centrepoint,-114.0224822149138,51.02285923916085
25-00906084,2025-11-26,2025-12-02,Closed,Other,Bylaw - Snow and Ice on Sidewalk,CS - Emergency Management and Community Safety,CIT,CITADEL,Community Centrepoint,-114.18391232300922,51.14453732608978
25-00906085,2025-11-26,2025-12-02,Closed,App,Roads - Pathway Snow and Ice Concerns,OS - Mobility,CAR,CARRINGTON,Community Centrepoint,-114.08876544116865,51.1856882618504
25-00906087,2025-11-26,2025-12-11,Closed,Other,Bylaw - Snow and Ice on Sidewalk,CS - Emergency Management and Community Safety,CNS,CORNERSTONE,Community Centrepoint,-113.9305705256274,51.15735996767518
25-00906096,2025-11-26,2025-11-26,Closed,Other,Roads - Snow and Ice Control,OS - Mobility,WOO,WOODLANDS,Community Centrepoint,-114.10615958156993,50.9411239786837
25-00906108,2025-11-26,2025-11-27,Closed,Other,Roads - Snow and Ice Control,OS - Mobility,MAH,MAHOGANY,Community Centrepoint,-113.92463385892704,50.895943916674454
25-00906113,2025-11-26,2025-12-02,Closed,Other,Bylaw - Snow and Ice on Sidewalk,CS - Emergency Management and Community Safety,CIT,CITADEL,Community Centrepoint,-114.18391232300922,51.14453732608978
25-00906114,2025-11-26,2025-11-26,Closed,App,Roads - Snow and Ice Control,OS - Mobility,EVE,EVERGREEN,Community Centrepoint,-114.11569352503209,50.91870443401208
25-00906115,2025-11-26,2025-11-26,Closed,Other,Roads - Snow and Ice Control,OS - Mobility,MNI,MANCHESTER INDUSTRIAL,Community Centrepoint,-114.0572224672051,51.01325599042462
25-00906120,2025-11-26,2025-12-02,Closed,Other,Bylaw - Snow and Ice on Sidewalk,CS - Emergency Management and Community Safety,CNS,CORNERSTONE,Community Centrepoint,-113.9305705256274,51.15735996767518
25-00906121,2025-11-26,2025-12-02,Closed,Other,Bylaw - Snow and Ice on Sidewalk,CS - Emergency Management and Community Safety,CNS,CORNERSTONE,Community Centrepoint,-113.9305705256274,51.15735996767518
25-00906123,2025-11-26,2025-12-02,Closed,Other,Bylaw - Snow and Ice on Sidewalk,CS - Emergency Management and Community Safety,CIT,CITADEL,Community Centrepoint,-114.18391232300922,51.14453732608978
25-00906129,2025-11-26,2025-12-02,Closed,Other,Bylaw - Snow and Ice on Sidewalk,CS - Emergency Management and Community Safety,CIT,CITADEL,Community Centrepoint,-114.18391232300922,51.14453732608978
25-00906132,2025-11-26,2025-11-29,Closed,App,Bylaw - Snow and Ice on Sidewalk,CS - Emergency Management and Community Safety,CAR,CARRINGTON,Community Centrepoint,-114.08876508465124,51.18571527898334
25-00906133,2025-11-26,2025-11-27,Closed,App,Bylaw - Snow and Ice on Sidewalk,CS - Emergency Management and Community Safety,SAD,SADDLE RIDGE,Community Centrepoint,-113.94562252266888,51.13057324276626
25-00906138,2025-11-26,2025-11-27,Closed,Other,Bylaw - Snow and Ice on Sidewalk,CS - Emergency Management and Community Safety,LMR,LOWER MOUNT ROYAL,Community Centrepoint,-114.08649939756664,51.03650319836411
25-00906141,2025-11-26,2025-11-26,Closed,Other,Roads - Snow and Ice Control,OS - Mobility,MRN,MORAINE,Community Centrepoint,-114.10624310950396,51.19053873640371
25-00906143,2025-11-26,2025-12-11,Closed,App,Bylaw - Snow and Ice on Sidewalk,CS - Emergency Management and Community Safety,CAR,CARRINGTON,Community Centrepoint,-114.08876508465124,51.18571527898334
25-00906144,2025-11-26,2025-12-21,Closed,Other,Roads - Pathway Snow and Ice Concerns,OS - Mobility,CIT,CITADEL,Community Centrepoint,-114.18393693294524,51.1445387597689
25-00906145,2025-11-26,2025-11-27,Closed,App,Bylaw - Snow and Ice on Sidewalk,CS - Emergency Management and Community Safety,HUN,HUNTINGTON HILLS,Community Centrepoint,-114.06670855606806,51.11758074861446
25-00906146,2025-11-26,,Open,Other,Bylaw - Snow and Ice on Sidewalk,CS - Emergency Management and Community Safety,MOR,MONTEREY PARK,Community Centrepoint,-113.9268336359381,51.08155699522564
25-00906150,2025-11-26,2025-11-26,Closed,Other,Roads - Snow and Ice Control,OS - Mobility,HIF,HIGHFIELD,Community Centrepoint,-114.0371938269173,51.01852460944606
25-00906155,2025-11-26,2025-11-26,Closed,App,Roads - Snow and Ice Control,OS - Mobility,HIF,HIGHFIELD,Community Centrepoint,-114.0371938269173,51.01852460944606
25-00906159,2025-11-26,2025-12-02,Closed,Other,Roads - Pathway Snow and Ice Concerns,OS - Mobility,CIT,CITADEL,Community Centrepoint,-114.18393693294524,51.1445387597689
25-00906166,2025-11-26,2025-11-27,Closed,Other,Roads - Pathway Snow and Ice Concerns,OS - Mobility,DNW,DOWNTOWN WEST END,Community Centrepoint,-114.08777935920996,51.04796914082405
25-00906169,2025-11-26,2025-11-27,Closed,App,Bylaw - Snow and Ice on Sidewalk,CS - Emergency Management and Community Safety,HUN,HUNTINGTON HILLS,Community Centrepoint,-114.06670855606806,51.11758074861446
25-00906175,2025-11-26,2025-11-26,Closed,Other,Roads - Snow and Ice Control,OS - Mobility,MIS,MISSION,Community Centrepoint,-114.06808259035856,51.033157759251445
25-00906190,2025-11-26,2025-11-26,Closed,App,Roads - Snow and Ice Control,OS - Mobility,WIL,WILLOW PARK,Community Centrepoint,-114.05619550452296,50.956623796804834
25-00906206,2025-11-26,2025-11-26,Closed,App,Roads - Snow and Ice Control,OS - Mobility,SPR,SPRUCE CLIFF,Community Centrepoint,-114.13627783911969,51.04865970828296
25-00906208,2025-11-26,2025-11-26,Closed,App,Roads - Snow and Ice Control,OS - Mobility,ALT,ALTADORE,Community Centrepoint,-114.10078239468643,51.015954118930864
25-00906210,2025-11-26,2026-03-25,Closed,Other,Bylaw - Snow and Ice on Sidewalk,CS - Emergency Management and Community Safety,BOW,BOWNESS,Community Centrepoint,-114.188388474722,51.08334628834888
25-00906218,2025-11-26,2025-11-26,Closed,Other,Roads - Snow and Ice Control,OS - Mobility,S23,SECTION 23,Community Centrepoint,-113.94813250933063,50.97092731312647
25-00906226,2025-11-26,2025-11-26,Closed,App,Roads - Snow and Ice Control,OS - Mobility,KIL,KILLARNEY/GLENGARRY,Community Centrepoint,-114.13173134426395,51.030131956517685
25-00906234,2025-11-26,2025-11-26,Closed,Other,Roads - Snow and Ice Control,OS - Mobility,WBN,WOODBINE,Community Centrepoint,-114.1296281640212,50.940233262618435
25-00906235,2025-11-26,2025-11-29,Closed,Other,Bylaw - Snow and Ice on Sidewalk,CS - Emergency Management and Community Safety,HOU,HOUNSFIELD HEIGHTS/BRIAR HILL,Community Centrepoint,-114.10572976666074,51.063179539196874
25-00906252,2025-11-26,2025-12-21,Closed,App,Roads - Pathway Snow and Ice Concerns,OS - Mobility,MLR,MILLRISE,Community Centrepoint,-114.08491413864552,50.91705536774364
25-00906253,2025-11-26,2025-11-26,Closed,App,Roads - Snow and Ice Control,OS - Mobility,ING,INGLEWOOD,Community Centrepoint,-114.01912581291118,51.03414052413669
25-00906254,2025-11-26,2026-01-30,Closed,App,Bylaw - Snow and Ice on Sidewalk,CS - Emergency Management and Community Safety,LKV,LAKEVIEW,Community Centrepoint,-114.12962139244752,50.999572409011186
25-00906257,2025-11-26,2025-11-28,Closed,Other,Roads - Pathway Snow and Ice Concerns,OS - Mobility,BLN,BELTLINE,Community Centrepoint,-114.0551860888619,51.03743796399198
25-00906258,2025-11-26,2025-11-26,Closed,Other,Roads - Snow and Ice Control,OS - Mobility,NPK,NOSE HILL PARK,Community Centrepoint,-114.11069096475087,51.111277141566816
25-00906260,2025-11-26,2025-11-26,Closed,App,Roads - Snow and Ice Control,OS - Mobility,11B,11B,Community Centrepoint,-114.16449743980225,50.98687965117978
25-00906272,2025-11-26,2025-12-18,Closed,App,Bylaw - Snow and Ice on Sidewalk,CS - Emergency Management and Community Safety,LKV,LAKEVIEW,Community Centrepoint,-114.12962139244752,50.999572409011186
25-00906273,2025-11-26,2025-12-09,Closed,App,Bylaw - Snow and Ice on Sidewalk,CS - Emergency Management and Community Safety,GAW,GARRISON WOODS,Community Centrepoint,-114.11361449884984,51.01717823115197
25-00906274,2025-11-26,2025-11-27,Closed,App,Roads - Snow and Ice Control,OS - Mobility,DNE,DOWNTOWN EAST VILLAGE,Community Centrepoint,-114.05084794560648,51.047090331328896
25-00906283,2025-11-26,2025-11-26,Closed,Other,Roads - Snow and Ice Control,OS - Mobility,MNI,MANCHESTER INDUSTRIAL,Community Centrepoint,-114.0572224672051,51.01325599042462
25-00906289,2025-11-26,2025-11-26,Closed,App,Roads - Snow and Ice Control,OS - Mobility,VAR,VARSITY,Community Centrepoint,-114.162506759502,51.09605377080581
25-00906291,2025-11-26,2025-12-18,Closed,App,Bylaw - Snow and Ice on Sidewalk,CS - Emergency Management and Community Safety,LKV,LAKEVIEW,Community Centrepoint,-114.12962139244752,50.999572409011186
25-00906292,2025-11-26,2025-11-26,Closed,App,Roads - Snow and Ice Control,OS - Mobility,DRN,DEER RUN,Community Centrepoint,-114.00908770459684,50.925132387678815
25-00906296,2025-11-26,2025-12-02,Closed,Other,Bylaw - Snow and Ice on Sidewalk,CS - Emergency Management and Community Safety,BLN,BELTLINE,Community Centrepoint,-114.0551860888619,51.03743796399198
25-00906303,2025-11-26,2026-01-15,Closed,App,Bylaw - Snow and Ice on Sidewalk,CS - Emergency Management and Community Safety,LKV,LAKEVIEW,Community Centrepoint,-114.12962139244752,50.999572409011186
25-00906304,2025-11-26,2025-11-30,Closed,Other,Roads - Pathway Snow and Ice Concerns,OS - Mobility,CRA,CRANSTON,Community Centrepoint,-113.98000403324248,50.87819416673358
25-00906309,2025-11-26,2025-11-26,Closed,Other,Roads - Snow and Ice Control,OS - Mobility,ASP,ASPEN WOODS,Community Centrepoint,-114.20838662695292,51.04521537783425
25-00906314,2025-11-26,2025-12-01,Closed,App,Roads - Pathway Snow and Ice Concerns,OS - Mobility,SOC,SOUTH CALGARY,Community Centrepoint,-114.10207470149076,51.02680215199665
25-00906320,2025-11-26,2025-12-11,Closed,Other,Bylaw - Snow and Ice on Sidewalk,CS - Emergency Management and Community Safety,SAD,SADDLE RIDGE,Community Centrepoint,-113.94562252266888,51.13057324276626
25-00906329,2025-11-26,2025-11-26,Closed,Other,Roads - Snow and Ice Control,OS - Mobility,CAN,CANYON MEADOWS,Community Centrepoint,-114.0820063458848,50.94095720926748
25-00906331,2025-11-26,2025-11-30,Closed,Other,Roads - Pathway Snow and Ice Concerns,OS - Mobility,CRA,CRANSTON,Community Centrepoint,-113.98000403324248,50.87819416673358
25-00906352,2025-11-26,2025-11-26,Closed,Other,Roads - Snow and Ice Control,OS - Mobility,WWO,WOLF WILLOW,Community Centrepoint,-114.00862797996852,50.87070800655032
25-00906363,2025-11-26,2025-11-29,Closed,App,Roads - Pathway Snow and Ice Concerns,OS - Mobility,PAN,PANORAMA HILLS,Community Centrepoint,-114.08806340626408,51.15971101170789
25-00906371,2025-11-26,2025-12-02,Closed,App,Bylaw - Snow and Ice on Sidewalk,CS - Emergency Management and Community Safety,MCK,MCKENZIE LAKE,Community Centrepoint,-113.9881871837774,50.91486638419278
25-00906376,2025-11-26,2025-11-26,Closed,Other,Roads - Snow and Ice Control,OS - Mobility,TUS,TUSCANY,Community Centrepoint,-114.2408862053562,51.12191108825487
25-00906390,2025-11-26,2025-11-27,Closed,Other,Roads - Snow and Ice Control,OS - Mobility,CSC,CITYSCAPE,Community Centrepoint,-113.9612580314835,51.14703155759964
25-00906395,2025-11-26,2025-11-26,Closed,Other,Roads - Snow and Ice Control,OS - Mobility,CHA,CHAPARRAL,Community Centrepoint,-114.02566896242004,50.88467311348729
25-00906403,2025-11-26,2025-12-09,Closed,App,Bylaw - Snow and Ice on Sidewalk,CS - Emergency Management and Community Safety,MAL,MAYLAND HEIGHTS,Community Centrepoint,-114.01331127510768,51.06083217926603
25-00906405,2025-11-26,2025-11-27,Duplicate (Closed),Other,Roads - Snow and Ice Control,OS - Mobility,DAL,DALHOUSIE,Community Centrepoint,-114.15815535928552,51.109409937993064
25-00906408,2025-11-26,2025-11-26,Closed,Other,Roads - Snow and Ice Control,OS - Mobility,WBN,WOODBINE,Community Centrepoint,-114.1296281640212,50.940233262618435
25-00906411,2025-11-26,2025-12-02,Closed,Other,Bylaw - Snow and Ice on Sidewalk,CS - Emergency Management and Community Safety,MRT,MARTINDALE,Community Centrepoint,-113.95838711713029,51.11791372657443
25-00906414,2025-11-26,2025-11-26,Closed,Other,Roads - Snow and Ice Control,OS - Mobility,ASP,ASPEN WOODS,Community Centrepoint,-114.20838662695292,51.04521537783425
25-00906416,2025-11-26,2025-12-02,Closed,Other,Bylaw - Snow and Ice on Sidewalk,CS - Emergency Management and Community Safety,MAH,MAHOGANY,Community Centrepoint,-113.92463385892704,50.895943916674454
25-00906420,2025-11-26,2025-11-26,Closed,App,Roads - Snow and Ice Control,OS - Mobility,LEG,LEGACY,Community Centrepoint,-114.00597971885598,50.85760046185492
25-00906421,2025-11-26,2025-11-27,Closed,Other,Roads - Snow and Ice Control,OS - Mobility,MCT,MCKENZIE TOWNE,Community Centrepoint,-113.96135301049588,50.917148761958515
25-00906422,2025-11-26,2025-11-26,Closed,Other,Bylaw - Snow and Ice on Sidewalk,CS - Emergency Management and Community Safety,REN,RENFREW,Community Centrepoint,-114.03916899334442,51.05965315830899
25-00906423,2025-11-26,2025-12-05,Closed,Other,Bylaw - Snow and Ice on Sidewalk,CS - Emergency Management and Community Safety,MRT,MARTINDALE,Community Centrepoint,-113.95838711713029,51.11791372657443
25-00906424,2025-11-26,2025-11-26,Closed,Other,Roads - Snow and Ice Control,OS - Mobility,MNI,MANCHESTER INDUSTRIAL,Community Centrepoint,-114.0572224672051,51.01325599042462
25-00906426,2025-11-26,2025-11-26,Closed,Other,Roads - Snow and Ice Control,OS - Mobility,KEL,KELVIN GROVE,Community Centrepoint,-114.08902826660824,50.98988114550384
25-00906445,2025-11-26,2025-11-29,Closed,App,Bylaw - Snow and Ice on Sidewalk,CS - Emergency Management and Community Safety,FLN,FOREST LAWN,Community Centrepoint,-113.9700019179966,51.037848048607955
25-00906447,2025-11-26,2025-11-26,Closed,Other,Roads - Snow and Ice Control,OS - Mobility,WSP,WEST SPRINGS,Community Centrepoint,-114.20668628482738,51.05977296984733
25-00906448,2025-11-26,2025-11-26,Closed,Other,Roads - Snow and Ice Control,OS - Mobility,ASP,ASPEN WOODS,Community Centrepoint,-114.20838662695292,51.04521537783425
25-00906458,2025-11-26,2025-11-26,Closed,Other,Roads - Snow and Ice Control,OS - Mobility,PAN,PANORAMA HILLS,Community Centrepoint,-114.08806340626408,51.15971101170789
25-00906459,2025-11-26,2025-12-02,Closed,Other,Bylaw - Snow and Ice on Sidewalk,CS - Emergency Management and Community Safety,MAH,MAHOGANY,Community Centrepoint,-113.92463385892704,50.895943916674454
25-00906465,2025-11-26,2025-11-26,Closed,Other,Roads - Snow and Ice Control,OS - Mobility,ASP,ASPEN WOODS,Community Centrepoint,-114.20838662695292,51.04521537783425
25-00906468,2025-11-26,2025-11-26,Closed,Other,Roads - Snow and Ice Control,OS - Mobility,EVN,EVANSTON,Community Centrepoint,-114.11245112799344,51.1710848417942
25-00906469,2025-11-26,2025-12-12,Closed,Other,Bylaw - Snow and Ice on Sidewalk,CS - Emergency Management and Community Safety,REN,RENFREW,Community Centrepoint,-114.03916899334442,51.05965315830899
25-00906488,2025-11-26,2025-11-26,Closed,Other,Roads - Snow and Ice Control,OS - Mobility,DDG,DOUGLASDALE/GLEN,Community Centrepoint,-114.01190805579247,50.94844437258388
25-00906504,2025-11-26,2025-11-27,Closed,Other,Bylaw - Snow and Ice on Sidewalk,CS - Emergency Management and Community Safety,WHI,WHITEHORN,Community Centrepoint,-113.97006247520194,51.08877824664194
25-00906506,2025-11-26,2025-11-29,Closed,App,Roads - Pathway Snow and Ice Concerns,OS - Mobility,CAN,CANYON MEADOWS,Community Centrepoint,-114.0820063458848,50.94095720926748
25-00906508,2025-11-26,2025-11-27,Closed,App,Roads - Snow and Ice Control,OS - Mobility,SET,SETON,Community Centrepoint,-113.94793123802644,50.874157663473184
25-00906509,2025-11-26,2025-11-27,Closed,App,Roads - Snow and Ice Control,OS - Mobility,SET,SETON,Community Centrepoint,-113.94793123802644,50.874157663473184
25-00906510,2025-11-26,2025-11-27,Closed,Other,Bylaw - Snow and Ice on Sidewalk,CS - Emergency Management and Community Safety,PCK,PINE CREEK,Community Centrepoint,-114.06786719699797,50.85631703837584
25-00906512,2025-11-26,2026-01-13,Closed,App,Bylaw - Snow and Ice on Sidewalk,CS - Emergency Management and Community Safety,ERI,ERIN WOODS,Community Centrepoint,-113.96766881721628,51.02097627623138
25-00906525,2025-11-26,2025-11-27,Closed,Other,Bylaw - Snow and Ice on Sidewalk,CS - Emergency Management and Community Safety,BOW,BOWNESS,Community Centrepoint,-114.188388474722,51.08334628834888
25-00906532,2025-11-26,2025-11-30,Closed,App,Roads - Snow and Ice Control,OS - Mobility,ST1,STONEY 1,Community Centrepoint,-114.02469848732277,51.16118788123997
25-00906537,2025-11-26,2025-11-26,Closed,App,Roads - Snow and Ice Control,OS - Mobility,EVN,EVANSTON,Community Centrepoint,-114.11245112799344,51.1710848417942
25-00906542,2025-11-26,2025-11-26,Closed,Other,Roads - Snow and Ice Control,OS - Mobility,FHI,FOOTHILLS,Community Centrepoint,-113.9820382253049,50.99396302980395
25-00906553,2025-11-26,2025-11-28,Closed,App,Roads - Pathway Snow and Ice Concerns,OS - Mobility,EVN,EVANSTON,Community Centrepoint,-114.11245112799344,51.1710848417942
25-00906566,2025-11-26,2026-01-30,Closed,App,Bylaw - Snow and Ice on Sidewalk,CS - Emergency Management and Community Safety,EDG,EDGEMONT,Community Centrepoint,-114.14395321027078,51.124587846873936
25-00906567,2025-11-26,2025-11-26,Closed,Other,Roads - Snow and Ice Control,OS - Mobility,GBK,GLENBROOK,Community Centrepoint,-114.152694837935,51.02419405304613
25-00906571,2025-11-26,2025-11-29,Closed,App,Roads - Pathway Snow and Ice Concerns,OS - Mobility,HUN,HUNTINGTON HILLS,Community Centrepoint,-114.06670855606806,51.11758074861446
25-00906572,2025-11-26,2025-12-10,Closed,App,Bylaw - Snow and Ice on Sidewalk,CS - Emergency Management and Community Safety,HKS,HOTCHKISS,Community Centrepoint,-113.89624948761448,50.91419352023465
25-00906574,2025-11-26,2025-11-29,Closed,Other,Roads - Pathway Snow and Ice Concerns,OS - Mobility,CRA,CRANSTON,Community Centrepoint,-113.98000403324248,50.87819416673358
25-00906580,2025-11-26,2025-12-04,Closed,App,Bylaw - Snow and Ice on Sidewalk,CS - Emergency Management and Community Safety,HSN,HASKAYNE,Community Centrepoint,-114.28669528468198,51.11697203676882
25-00906583,2025-11-26,2025-11-29,Closed,App,Roads - Pathway Snow and Ice Concerns,OS - Mobility,EPK,ELBOW PARK,Community Centrepoint,-114.08380531110666,51.02134304236776
25-00906584,2025-11-26,2025-11-26,Closed,App,Roads - Snow and Ice Control,OS - Mobility,EVN,EVANSTON,Community Centrepoint,-114.11245112799344,51.1710848417942
25-00906592,2025-11-26,2026-01-20,Closed,Other,Bylaw - Snow and Ice on Sidewalk,CS - Emergency Management and Community Safety,PCK,PINE CREEK,Community Centrepoint,-114.06786719699797,50.85631703837584
25-00906597,2025-11-26,2025-11-30,Duplicate (Closed),Other,Roads - Snow and Ice Control,OS - Mobility,ST1,STONEY 1,Community Centrepoint,-114.02469848732277,51.16118788123997
25-00906603,2025-11-26,2025-12-02,Closed,Other,Bylaw - Snow and Ice on Sidewalk,CS - Emergency Management and Community Safety,MAH,MAHOGANY,Community Centrepoint,-113.92463385892704,50.895943916674454
25-00906605,2025-11-26,2025-11-27,Closed,Other,Bylaw - Snow and Ice on Sidewalk,CS - Emergency Management and Community Safety,PCK,PINE CREEK,Community Centrepoint,-114.06786719699797,50.85631703837584
25-00906615,2025-11-26,2025-11-27,Closed,Other,Bylaw - Snow and Ice on Sidewalk,CS - Emergency Management and Community Safety,PCK,PINE CREEK,Community Centrepoint,-114.06786719699797,50.85631703837584
25-00906623,2025-11-26,2025-11-27,Closed,Other,Bylaw - Snow and Ice on Sidewalk,CS - Emergency Management and Community Safety,PCK,PINE CREEK,Community Centrepoint,-114.06786719699797,50.85631703837584
25-00906634,2025-11-26,2025-11-27,Closed,Other,Bylaw - Snow and Ice on Sidewalk,CS - Emergency Management and Community Safety,PCK,PINE CREEK,Community Centrepoint,-114.06786719699797,50.85631703837584
25-00906638,2025-11-26,2025-11-27,Closed,Other,Bylaw - Snow and Ice on Sidewalk,CS - Emergency Management and Community Safety,PCK,PINE CREEK,Community Centrepoint,-114.06786719699797,50.85631703837584
25-00906641,2025-11-26,2025-12-04,Closed,Other,Bylaw - Snow and Ice on Sidewalk,CS - Emergency Management and Community Safety,STR,STRATHCONA PARK,Community Centrepoint,-114.17758676157425,51.04741013809688
25-00906642,2025-11-26,2025-11-27,Closed,Other,Roads - Snow and Ice Control,OS - Mobility,RVW,RANGEVIEW,Community Centrepoint,-113.91974448757276,50.874379475430835
25-00906643,2025-11-26,2025-11-26,Closed,App,Roads - Snow and Ice Control,OS - Mobility,MNI,MANCHESTER INDUSTRIAL,Community Centrepoint,-114.0572224672051,51.01325599042462
25-00906644,2025-11-26,2025-11-27,Closed,Other,Bylaw - Snow and Ice on Sidewalk,CS - Emergency Management and Community Safety,PCK,PINE CREEK,Community Centrepoint,-114.06786719699797,50.85631703837584
25-00906646,2025-11-26,2025-11-30,Closed,App,Bylaw - Snow and Ice on Sidewalk,CS - Emergency Management and Community Safety,EYA,ELBOYA,Community Centrepoint,-114.07360459021533,51.01299334608024
25-00906649,2025-11-26,2025-11-30,Closed,App,Bylaw - Snow and Ice on Sidewalk,CS - Emergency Management and Community Safety,CAR,CARRINGTON,Community Centrepoint,-114.08876508465124,51.18571527898334
25-00906659,2025-11-26,2025-11-27,Closed,Other,Bylaw - Snow and Ice on Sidewalk,CS - Emergency Management and Community Safety,PCK,PINE CREEK,Community Centrepoint,-114.06786719699797,50.85631703837584
25-00906662,2025-11-26,2025-12-02,Closed,Other,Bylaw - Snow and Ice on Sidewalk,CS - Emergency Management and Community Safety,STR,STRATHCONA PARK,Community Centrepoint,-114.17758676157425,51.04741013809688
25-00906668,2025-11-26,2025-11-27,Closed,Other,Bylaw - Snow and Ice on Sidewalk,CS - Emergency Management and Community Safety,PCK,PINE CREEK,Community Centrepoint,-114.06786719699797,50.85631703837584
25-00906674,2025-11-26,2025-11-27,Closed,Other,Bylaw - Snow and Ice on Sidewalk,CS - Emergency Management and Community Safety,PCK,PINE CREEK,Community Centrepoint,-114.06786719699797,50.85631703837584
25-00906676,2025-11-26,2025-11-26,Duplicate (Closed),Other,Roads - Snow and Ice Control,OS - Mobility,WAL,WALDEN,Community Centrepoint,-114.03261830805454,50.87040296671561
25-00906678,2025-11-26,2025-11-27,Duplicate (Closed),App,Roads - Snow and Ice Control,OS - Mobility,AUB,AUBURN BAY,Community Centrepoint,-113.95779514351894,50.89269507750196
25-00906679,2025-11-26,2025-11-27,Closed,Other,Bylaw - Snow and Ice on Sidewalk,CS - Emergency Management and Community Safety,PCK,PINE CREEK,Community Centrepoint,-114.06786719699797,50.85631703837584
25-00906682,2025-11-26,2025-11-26,Closed,App,Roads - Snow and Ice Control,OS - Mobility,EVN,EVANSTON,Community Centrepoint,-114.11245112799344,51.1710848417942
25-00906687,2025-11-26,2025-11-27,Closed,Other,Bylaw - Snow and Ice on Sidewalk,CS - Emergency Management and Community Safety,PCK,PINE CREEK,Community Centrepoint,-114.06786719699797,50.85631703837584
25-00906688,2025-11-26,2025-12-04,Closed,Other,Bylaw - Snow and Ice on Sidewalk,CS - Emergency Management and Community Safety,WBN,WOODBINE,Community Centrepoint,-114.1296281640212,50.940233262618435
25-00906697,2025-11-26,2025-11-27,Closed,Other,Bylaw - Snow and Ice on Sidewalk,CS - Emergency Management and Community Safety,PCK,PINE CREEK,Community Centrepoint,-114.06786719699797,50.85631703837584
25-00906703,2025-11-26,2025-11-26,Closed,Other,Roads - Snow and Ice Control,OS - Mobility,DDG,DOUGLASDALE/GLEN,Community Centrepoint,-114.01190805579247,50.94844437258388
25-00906715,2025-11-26,2025-12-01,Closed,Other,Roads - Pathway Snow and Ice Concerns,OS - Mobility,SSD,SUNNYSIDE,Community Centrepoint,-114.07902910930612,51.05641953338241
25-00906743,2025-11-26,2025-11-26,Closed,Other,Roads - Snow and Ice Control,OS - Mobility,SFH,SOUTH FOOTHILLS,Community Centrepoint,-113.97367259111104,50.97124216080477
25-00906749,2025-11-26,2025-12-02,Closed,Other,Bylaw - Snow and Ice on Sidewalk,CS - Emergency Management and Community Safety,SCA,SCARBORO,Community Centrepoint,-114.10717502442168,51.04076520075529
25-00906751,2025-11-26,2025-12-11,Duplicate (Closed),Other,Bylaw - Snow and Ice on Sidewalk,CS - Emergency Management and Community Safety,MON,MONTGOMERY,Community Centrepoint,-114.16224821352388,51.071076143699045
25-00906752,2025-11-26,2025-12-11,Closed,Other,Bylaw - Snow and Ice on Sidewalk,CS - Emergency Management and Community Safety,MON,MONTGOMERY,Community Centrepoint,-114.16224821352388,51.071076143699045
25-00906753,2025-11-26,2025-11-29,Closed,Other,Bylaw - Snow and Ice on Sidewalk,CS - Emergency Management and Community Safety,BNF,BANFF TRAIL,Community Centrepoint,-114.11512839717008,51.07420696879508
25-00906754,2025-11-26,2025-12-11,Duplicate (Closed),Other,Bylaw - Snow and Ice on Sidewalk,CS - Emergency Management and Community Safety,MON,MONTGOMERY,Community Centrepoint,-114.16224821352388,51.071076143699045
25-00906755,2025-11-26,2025-12-11,Closed,Other,Bylaw - Snow and Ice on Sidewalk,CS - Emergency Management and Community Safety,MON,MONTGOMERY,Community Centrepoint,-114.16224821352388,51.071076143699045
25-00906757,2025-11-26,2025-11-30,Closed,Other,Bylaw - Snow and Ice on Sidewalk,CS - Emergency Management and Community Safety,MON,MONTGOMERY,Community Centrepoint,-114.16224821352388,51.071076143699045
25-00906768,2025-11-26,2025-11-28,Closed,Other,Roads - Pathway Snow and Ice Concerns,OS - Mobility,SAD,SADDLE RIDGE,Community Centrepoint,-113.94562252266888,51.13057324276626
25-00906770,2025-11-26,2025-12-02,Closed,Other,Bylaw - Snow and Ice on Sidewalk,CS - Emergency Management and Community Safety,AUB,AUBURN BAY,Community Centrepoint,-113.95779514351894,50.89269507750196
25-00906774,2025-11-26,2025-11-27,Closed,Other,Roads - Snow and Ice Control,OS - Mobility,CNS,CORNERSTONE,Community Centrepoint,-113.9305705256274,51.15735996767518
25-00906777,2025-11-26,2025-11-26,Closed,Other,Roads - Snow and Ice Control,OS - Mobility,PKL,PARKLAND,Community Centrepoint,-114.02822405924384,50.920841901943966
25-00906789,2025-11-26,2025-11-26,Open,Other,Roads - Snow and Ice Control,OS - Mobility,ASP,ASPEN WOODS,Community Centrepoint,-114.20838662695292,51.04521537783425
25-00906795,2025-11-26,2025-12-09,Closed,App,Bylaw - Snow and Ice on Sidewalk,CS - Emergency Management and Community Safety,CRE,CRESCENT HEIGHTS,Community Centrepoint,-114.06161323521869,51.05949594746299
25-00906797,2025-11-26,2025-11-26,Closed,App,Roads - Snow and Ice Control,OS - Mobility,CHA,CHAPARRAL,Community Centrepoint,-114.02566896242004,50.88467311348729
25-00906812,2025-11-26,2025-11-27,Closed,App,Bylaw - Snow and Ice on Sidewalk,CS - Emergency Management and Community Safety,GDL,GLENDALE,Community Centrepoint,-114.15271889005814,51.03337139240085
25-00906814,2025-11-26,2025-12-04,Closed,App,Bylaw - Snow and Ice on Sidewalk,CS - Emergency Management and Community Safety,UNI,UNIVERSITY HEIGHTS,Community Centrepoint,-114.13308657031322,51.07040418074353
25-00906816,2025-11-26,2025-11-27,Closed,Other,Roads - Snow and Ice Control,OS - Mobility,CHN,CHINATOWN,Community Centrepoint,-114.06552190579262,51.05282359517956
25-00906833,2025-11-26,2025-11-30,Closed,App,Roads - Snow and Ice Control,OS - Mobility,ST1,STONEY 1,Community Centrepoint,-114.02469848732277,51.16118788123997
25-00906836,2025-11-26,2025-11-26,Closed,App,Roads - Snow and Ice Control,OS - Mobility,RIV,RIVERBEND,Community Centrepoint,-114.01842884764744,50.97602013392327
25-00906837,2025-11-26,2025-12-12,Closed,Other,Bylaw - Snow and Ice on Sidewalk,CS - Emergency Management and Community Safety,BLN,BELTLINE,Community Centrepoint,-114.0551860888619,51.03743796399198
25-00906868,2025-11-26,2025-11-27,Closed,App,Bylaw - Snow and Ice on Sidewalk,CS - Emergency Management and Community Safety,EAU,EAU CLAIRE,Community Centrepoint,-114.07282181932324,51.05360699412218
25-00906876,2025-11-26,2025-11-26,Closed,Other,Roads - Snow and Ice Control,OS - Mobility,BRI,BRIDLEWOOD,Community Centrepoint,-114.11020921039947,50.89921921581604
25-00906884,2025-11-26,2025-11-26,Closed,Other,Roads - Snow and Ice Control,OS - Mobility,PCK,PINE CREEK,Community Centrepoint,-114.06786719699797,50.85631703837584
25-00906886,2025-11-26,2025-11-27,Closed,Other,Roads - Snow and Ice Control,OS - Mobility,PKH,PARKHILL,Community Centrepoint,-114.06553452471286,51.018192290783006
25-00906894,2025-11-26,2025-11-30,Closed,Other,Bylaw - Snow and Ice on Sidewalk,CS - Emergency Management and Community Safety,MON,MONTGOMERY,Community Centrepoint,-114.16224821352388,51.071076143699045
25-00906904,2025-11-26,2025-11-26,Duplicate (Closed),Other,Roads - Snow and Ice Control,OS - Mobility,ASP,ASPEN WOODS,Community Centrepoint,-114.20838662695292,51.04521537783425
25-00906909,2025-11-26,2025-11-27,Duplicate (Closed),Other,Roads - Snow and Ice Control,OS - Mobility,SET,SETON,Community Centrepoint,-113.94793123802644,50.874157663473184
25-00906912,2025-11-26,2025-11-30,Closed,Other,Roads - Snow and Ice Control,OS - Mobility,COU,COUNTRY HILLS,Community Centrepoint,-114.07989377479912,51.14377568374259
25-00906924,2025-11-26,2025-11-26,Closed,Other,Roads - Snow and Ice Control,OS - Mobility,ASP,ASPEN WOODS,Community Centrepoint,-114.20838662695292,51.04521537783425
25-00906930,2025-11-26,2025-12-01,Closed,Other,Bylaw - Snow and Ice on Sidewalk,CS - Emergency Management and Community Safety,HKS,HOTCHKISS,Community Centrepoint,-113.89624948761448,50.91419352023465
25-00906936,2025-11-26,2025-11-27,Closed,Other,Bylaw - Snow and Ice on Sidewalk,CS - Emergency Management and Community Safety,DNE,DOWNTOWN EAST VILLAGE,Community Centrepoint,-114.05084794560648,51.047090331328896
25-00906942,2025-11-26,2025-12-11,Closed,Other,Bylaw - Snow and Ice on Sidewalk,CS - Emergency Management and Community Safety,BOW,BOWNESS,Community Centrepoint,-114.188388474722,51.08334628834888
25-00906949,2025-11-26,2025-11-26,Closed,Other,Roads - Snow and Ice Control,OS - Mobility,HAW,HAWKWOOD,Community Centrepoint,-114.17561536315904,51.13097810215283
25-00906966,2025-11-26,2025-12-18,Closed,Other,Bylaw - Snow and Ice on Sidewalk,CS - Emergency Management and Community Safety,HIW,HIGHWOOD,Community Centrepoint,-114.0798911269166,51.092359423668654
25-00906969,2025-11-26,2025-12-02,Closed,Other,Bylaw - Snow and Ice on Sidewalk,CS - Emergency Management and Community Safety,HAY,HAYSBORO,Community Centrepoint,-114.08334023954264,50.97221484296711
25-00906972,2025-11-26,2025-11-28,Closed,Other,Bylaw - Snow and Ice on Sidewalk,CS - Emergency Management and Community Safety,HIW,HIGHWOOD,Community Centrepoint,-114.0798911269166,51.092359423668654
25-00906982,2025-11-26,2025-11-27,Closed,App,Bylaw - Snow and Ice on Sidewalk,CS - Emergency Management and Community Safety,SAD,SADDLE RIDGE,Community Centrepoint,-113.94562252266888,51.13057324276626
25-00906983,2025-11-26,2025-12-02,Closed,Other,Bylaw - Snow and Ice on Sidewalk,CS - Emergency Management and Community Safety,HIW,HIGHWOOD,Community Centrepoint,-114.0798911269166,51.092359423668654
25-00906986,2025-11-26,2025-12-18,Closed,Other,Bylaw - Snow and Ice on Sidewalk,CS - Emergency Management and Community Safety,SOW,SOUTHWOOD,Community Centrepoint,-114.08319427981304,50.957758808343314
25-00906988,2025-11-26,2025-12-02,Closed,Other,Bylaw - Snow and Ice on Sidewalk,CS - Emergency Management and Community Safety,HIW,HIGHWOOD,Community Centrepoint,-114.0798911269166,51.092359423668654
25-00906995,2025-11-26,2025-12-02,Closed,Other,Roads - Pathway Snow and Ice Concerns,OS - Mobility,BRD,BRIDGELAND/RIVERSIDE,Community Centrepoint,-114.03507983816613,51.05055069499901
25-00906999,2025-11-26,2025-11-26,Closed,Other,Roads - Snow and Ice Control,OS - Mobility,ASP,ASPEN WOODS,Community Centrepoint,-114.20838662695292,51.04521537783425
25-00907000,2025-11-26,2025-11-26,Closed,Other,Roads - Snow and Ice Control,OS - Mobility,GRE,GREENWOOD/GREENBRIAR,Community Centrepoint,-114.22297068115532,51.08986537163767
25-00907004,2025-11-26,2025-11-26,Closed,Other,Roads - Snow and Ice Control,OS - Mobility,EVN,EVANSTON,Community Centrepoint,-114.11245112799344,51.1710848417942
25-00907009,2025-11-26,2025-12-04,Closed,Other,Bylaw - Snow and Ice on Sidewalk,CS - Emergency Management and Community Safety,HAY,HAYSBORO,Community Centrepoint,-114.08334023954264,50.97221484296711
25-00907010,2025-11-26,2025-11-27,Closed,App,Roads - Snow and Ice Control,OS - Mobility,SET,SETON,Community Centrepoint,-113.94793123802644,50.874157663473184
25-00907020,2025-11-26,2025-12-02,Closed,Other,Bylaw - Snow and Ice on Sidewalk,CS - Emergency Management and Community Safety,SOW,SOUTHWOOD,Community Centrepoint,-114.08319427981304,50.957758808343314
25-00907021,2025-11-26,2025-12-01,Closed,Other,Roads - Snow and Ice Control,OS - Mobility,COU,COUNTRY HILLS,Community Centrepoint,-114.07989377479912,51.14377568374259
25-00907024,2025-11-26,2025-11-26,Closed,Other,Roads - Snow and Ice Control,OS - Mobility,ASP,ASPEN WOODS,Community Centrepoint,-114.20838662695292,51.04521537783425
25-00907036,2025-11-26,2025-12-02,Closed,Other,Bylaw - Snow and Ice on Sidewalk,CS - Emergency Management and Community Safety,SOW,SOUTHWOOD,Community Centrepoint,-114.08319427981304,50.957758808343314
25-00907040,2025-11-26,2025-11-30,Closed,Other,Bylaw - Snow and Ice on Sidewalk,CS - Emergency Management and Community Safety,SDC,SUNDANCE,Community Centrepoint,-114.04212569181468,50.90180436956538
25-00907042,2025-11-26,2025-12-01,Closed,App,Roads - Snow and Ice Control,OS - Mobility,HUN,HUNTINGTON HILLS,Community Centrepoint,-114.06670855606806,51.11758074861446
25-00907053,2025-11-26,2025-12-11,Closed,App,Bylaw - Snow and Ice on Sidewalk,CS - Emergency Management and Community Safety,HUN,HUNTINGTON HILLS,Community Centrepoint,-114.06670855606806,51.11758074861446
25-00907055,2025-11-26,2025-11-26,Closed,Other,Roads - Snow and Ice Control,OS - Mobility,PCK,PINE CREEK,Community Centrepoint,-114.06786719699797,50.85631703837584
25-00907069,2025-11-26,2025-11-27,Closed,Other,Roads - Snow and Ice Control,OS - Mobility,SKR,SKYVIEW RANCH,Community Centrepoint,-113.958374560746,51.156126735611394
25-00907074,2025-11-26,2025-11-30,Closed,Other,Bylaw - Snow and Ice on Sidewalk,CS - Emergency Management and Community Safety,STA,ST. ANDREWS HEIGHTS,Community Centrepoint,-114.12743730041028,51.06391056003454
25-00907077,2025-11-26,2025-12-01,Closed,Other,Roads - Snow and Ice Control,OS - Mobility,LIV,LIVINGSTON,Community Centrepoint,-114.06550670687444,51.18550406559082
25-00907085,2025-11-26,2025-12-09,Closed,Other,Bylaw - Snow and Ice on Sidewalk,CS - Emergency Management and Community Safety,OGD,OGDEN,Community Centrepoint,-114.01243870034244,50.99187347872066
25-00907086,2025-11-26,2025-12-09,Duplicate (Closed),Other,Bylaw - Snow and Ice on Sidewalk,CS - Emergency Management and Community Safety,OGD,OGDEN,Community Centrepoint,-114.01243870034244,50.99187347872066
25-00907088,2025-11-26,2025-12-01,Closed,App,Bylaw - Snow and Ice on Sidewalk,CS - Emergency Management and Community Safety,SHN,SHAWNESSY,Community Centrepoint,-114.07397621253683,50.90337303234254
25-00907090,2025-11-26,2025-11-30,Closed,Other,Roads - Snow and Ice Control,OS - Mobility,HAR,HARVEST HILLS,Community Centrepoint,-114.05277797732418,51.147677586662866
25-00907095,2025-11-26,2025-12-01,Closed,App,Bylaw - Snow and Ice on Sidewalk,CS - Emergency Management and Community Safety,ING,INGLEWOOD,Community Centrepoint,-114.01912581291118,51.03414052413669
25-00907097,2025-11-26,2025-12-01,Closed,App,Bylaw - Snow and Ice on Sidewalk,CS - Emergency Management and Community Safety,LEG,LEGACY,Community Centrepoint,-114.00597971885598,50.85760046185492
25-00907099,2025-11-26,2025-11-26,Closed,App,Bylaw - Snow and Ice on Sidewalk,CS - Emergency Management and Community Safety,ING,INGLEWOOD,Community Centrepoint,-114.01912581291118,51.03414052413669
25-00907105,2025-11-26,2025-11-29,Closed,Other,Roads - Pathway Snow and Ice Concerns,OS - Mobility,,,None,,
25-00907111,2025-11-26,2025-12-11,Closed,App,Bylaw - Snow and Ice on Sidewalk,CS - Emergency Management and Community Safety,SHN,SHAWNESSY,Community Centrepoint,-114.07397621253683,50.90337303234254
25-00907112,2025-11-26,2025-11-26,Closed,App,Roads - Snow and Ice Control,OS - Mobility,EVN,EVANSTON,Community Centrepoint,-114.11245112799344,51.1710848417942
25-00907115,2025-11-26,2026-02-18,Closed,App,Bylaw - Snow and Ice on Sidewalk,CS - Emergency Management and Community Safety,TUX,TUXEDO PARK,Community Centrepoint,-114.06104493215648,51.07421777221349
25-00907116,2025-11-26,2025-12-01,Closed,App,Bylaw - Snow and Ice on Sidewalk,CS - Emergency Management and Community Safety,SHN,SHAWNESSY,Community Centrepoint,-114.07397621253683,50.90337303234254
25-00907117,2025-11-26,2025-11-26,Closed,App,Bylaw - Snow and Ice on Sidewalk,CS - Emergency Management and Community Safety,ING,INGLEWOOD,Community Centrepoint,-114.01912581291118,51.03414052413669
25-00907122,2025-11-26,2025-11-30,Closed,Other,Roads - Pathway Snow and Ice Concerns,OS - Mobility,,,None,,
25-00907144,2025-11-26,2025-11-26,Duplicate (Closed),Other,Roads - Snow and Ice Control,OS - Mobility,PKL,PARKLAND,Community Centrepoint,-114.02822405924384,50.920841901943966
25-00907149,2025-11-26,2025-11-27,Closed,App,Roads - Snow and Ice Control,OS - Mobility,FVI,FAIRVIEW INDUSTRIAL,Community Centrepoint,-114.0687807458538,50.98701006465201
25-00907150,2025-11-26,2025-11-29,Closed,App,Roads - Pathway Snow and Ice Concerns,OS - Mobility,BRD,BRIDGELAND/RIVERSIDE,Community Centrepoint,-114.03507983816613,51.05055069499901
25-00907152,2025-11-26,2025-11-26,Closed,Other,Roads - Snow and Ice Control,OS - Mobility,SOW,SOUTHWOOD,Community Centrepoint,-114.08319427981304,50.957758808343314
25-00907157,2025-11-26,2025-11-27,Closed,App,Roads - Snow and Ice Control,OS - Mobility,GDL,GLENDALE,Community Centrepoint,-114.15271889005814,51.03337139240085
25-00907158,2025-11-26,2025-11-30,Duplicate (Closed),App,Roads - Snow and Ice Control,OS - Mobility,COU,COUNTRY HILLS,Community Centrepoint,-114.07989394832668,51.14377568374259
25-00907159,2025-11-26,2025-11-26,Closed,App,Roads - Snow and Ice Control,OS - Mobility,ROC,ROCKY RIDGE,Community Centrepoint,-114.24590791801704,51.14407647959192
25-00907167,2025-11-26,2025-11-27,Duplicate (Closed),App,Roads - Snow and Ice Control,OS - Mobility,AUB,AUBURN BAY,Community Centrepoint,-113.95779514351894,50.89269507750196
25-00907173,2025-11-26,2025-11-26,Closed,Other,Roads - Snow and Ice Control,OS - Mobility,SIG,SIGNAL HILL,Community Centrepoint,-114.17990702915992,51.023260171926054
25-00907185,2025-11-26,2025-12-11,Closed,App,Bylaw - Snow and Ice on Sidewalk,CS - Emergency Management and Community Safety,PKH,PARKHILL,Community Centrepoint,-114.06553452471286,51.018192290783006
25-00907204,2025-11-26,2025-11-27,Closed,Other,Roads - Snow and Ice Control,OS - Mobility,SET,SETON,Community Centrepoint,-113.94793123802644,50.874157663473184
25-00907206,2025-11-26,2025-11-27,Closed,App,Roads - Snow and Ice Control,OS - Mobility,ST3,STONEY 3,Community Centrepoint,-113.97583513108812,51.14703268645852
25-00907208,2025-11-26,2025-12-02,Closed,Other,Roads - Pathway Snow and Ice Concerns,OS - Mobility,HAR,HARVEST HILLS,Community Centrepoint,-114.05277797732418,51.147677586662866
25-00907222,2025-11-26,2025-11-27,Closed,Other,Roads - Snow and Ice Control,OS - Mobility,EPK,ELBOW PARK,Community Centrepoint,-114.08380531110666,51.02134304236776
25-00907226,2025-11-26,2025-12-02,Closed,Other,Bylaw - Snow and Ice on Sidewalk,CS - Emergency Management and Community Safety,MPL,MAPLE RIDGE,Community Centrepoint,-114.03468902740028,50.95763758363201
25-00907228,2025-11-26,2025-12-04,Closed,Other,Bylaw - Snow and Ice on Sidewalk,CS - Emergency Management and Community Safety,CED,CEDARBRAE,Community Centrepoint,-114.12962168067884,50.95819938197994
25-00907234,2025-11-26,2025-12-02,Closed,Other,Bylaw - Snow and Ice on Sidewalk,CS - Emergency Management and Community Safety,MPL,MAPLE RIDGE,Community Centrepoint,-114.03468902740028,50.95763758363201
25-00907245,2025-11-26,2025-11-28,Closed,App,Roads - Pathway Snow and Ice Concerns,OS - Mobility,SCE,SCENIC ACRES,Community Centrepoint,-114.21734033796923,51.11270738649579
25-00907246,2025-11-26,2025-12-10,Closed,App,Bylaw - Snow and Ice on Sidewalk,CS - Emergency Management and Community Safety,UMR,UPPER MOUNT ROYAL,Community Centrepoint,-114.08502568683475,51.02997367691996
25-00907248,2025-11-26,2025-11-29,Closed,App,Roads - Pathway Snow and Ice Concerns,OS - Mobility,SPR,SPRUCE CLIFF,Community Centrepoint,-114.13627783911969,51.04865970828296
25-00907268,2025-11-26,2025-12-02,Closed,App,Bylaw - Snow and Ice on Sidewalk,CS - Emergency Management and Community Safety,ROY,ROYAL OAK,Community Centrepoint,-114.21976419943832,51.142656213851055
25-00907269,2025-11-26,2025-11-27,Closed,App,Roads - Snow and Ice Control,OS - Mobility,MCT,MCKENZIE TOWNE,Community Centrepoint,-113.96135301049588,50.917148761958515
25-00907281,2025-11-26,2025-12-04,Closed,App,Bylaw - Snow and Ice on Sidewalk,CS - Emergency Management and Community Safety,REN,RENFREW,Community Centrepoint,-114.03916899334442,51.05965315830899
25-00907292,2025-11-26,2025-11-30,Closed,Other,Bylaw - Snow and Ice on Sidewalk,CS - Emergency Management and Community Safety,DRN,DEER RUN,Community Centrepoint,-114.00908770459684,50.925132387678815
25-00907294,2025-11-26,2025-11-26,Closed,Other,Roads - Snow and Ice Control,OS - Mobility,BRE,BRENTWOOD,Community Centrepoint,-114.13591917398958,51.09606553683618
25-00907297,2025-11-26,2025-11-28,Closed,Other,Roads - Pathway Snow and Ice Concerns,OS - Mobility,BNK,BANKVIEW,Community Centrepoint,-114.10048318979052,51.034127528143316
25-00907298,2025-11-26,2025-11-28,Closed,App,Roads - Pathway Snow and Ice Concerns,OS - Mobility,CAR,CARRINGTON,Community Centrepoint,-114.08876544116865,51.1856882618504
25-00907299,2025-11-26,2025-11-27,Duplicate (Closed),App,Roads - Snow and Ice Control,OS - Mobility,AUB,AUBURN BAY,Community Centrepoint,-113.95779514351894,50.89269507750196
25-00907319,2025-11-26,2025-11-26,Closed,Other,Roads - Snow and Ice Control,OS - Mobility,BOW,BOWNESS,Community Centrepoint,-114.188388474722,51.08334628834888
25-00907320,2025-11-26,2025-12-02,Closed,App,Bylaw - Snow and Ice on Sidewalk,CS - Emergency Management and Community Safety,ROY,ROYAL OAK,Community Centrepoint,-114.21976419943832,51.142656213851055
25-00907326,2025-11-26,2025-11-26,Duplicate (Closed),Other,Roads - Snow and Ice Control,OS - Mobility,WWO,WOLF WILLOW,Community Centrepoint,-114.00862797996852,50.87070800655032
25-00907338,2025-11-26,2025-11-26,Closed,Other,Roads - Snow and Ice Control,OS - Mobility,THO,THORNCLIFFE,Community Centrepoint,-114.06878100895472,51.103105008837304
25-00907342,2025-11-26,2025-11-30,Closed,Other,Roads - Pathway Snow and Ice Concerns,OS - Mobility,TAR,TARADALE,Community Centrepoint,-113.934002077972,51.11794016367547
25-00907350,2025-11-26,,Open,Other,Roads - Snow and Ice Control,OS - Mobility,SSD,SUNNYSIDE,Community Centrepoint,-114.07902910930612,51.05641953338241
25-00907375,2025-11-26,2025-11-26,Closed,Other,Roads - Snow and Ice Control,OS - Mobility,EDG,EDGEMONT,Community Centrepoint,-114.14395321027078,51.124587846873936
25-00907378,2025-11-26,2025-12-09,Closed,Other,Bylaw - Snow and Ice on Sidewalk,CS - Emergency Management and Community Safety,GLA,GLAMORGAN,Community Centrepoint,-114.15322733578051,51.015116804134095
25-00907380,2025-11-26,2025-12-19,Closed,Other,Bylaw - Snow and Ice on Sidewalk,CS - Emergency Management and Community Safety,GLA,GLAMORGAN,Community Centrepoint,-114.15322733578051,51.015116804134095
25-00907383,2025-11-26,2025-11-27,Closed,Other,Roads - Snow and Ice Control,OS - Mobility,BRD,BRIDGELAND/RIVERSIDE,Community Centrepoint,-114.03507983816613,51.05055069499901
25-00907390,2025-11-26,2025-11-27,Closed,Other,Bylaw - Snow and Ice on Sidewalk,CS - Emergency Management and Community Safety,LMR,LOWER MOUNT ROYAL,Community Centrepoint,-114.08649939756664,51.03650319836411
25-00907392,2025-11-26,2025-12-18,Closed,Other,Bylaw - Snow and Ice on Sidewalk,CS - Emergency Management and Community Safety,FAL,FALCONRIDGE,Community Centrepoint,-113.9453399517932,51.103349796180694
25-00907398,2025-11-26,2025-12-03,Closed,Other,Roads - Pathway Snow and Ice Concerns,OS - Mobility,GBK,GLENBROOK,Community Centrepoint,-114.152694837935,51.02419405304613
25-00907399,2025-11-26,2025-11-27,Closed,Other,Bylaw - Snow and Ice on Sidewalk,CS - Emergency Management and Community Safety,LMR,LOWER MOUNT ROYAL,Community Centrepoint,-114.08649939756664,51.03650319836411
25-00907406,2025-11-26,2025-11-29,Closed,Other,Roads - Pathway Snow and Ice Concerns,OS - Mobility,SIG,SIGNAL HILL,Community Centrepoint,-114.17990702915992,51.023260171926054
25-00907415,2025-11-26,2025-12-12,Closed,Other,Bylaw - Snow and Ice on Sidewalk,CS - Emergency Management and Community Safety,CAM,CAMBRIAN HEIGHTS,Community Centrepoint,-114.08937896523608,51.0843391726819
25-00907420,2025-11-26,2025-12-11,Closed,Other,Bylaw - Snow and Ice on Sidewalk,CS - Emergency Management and Community Safety,HIL,HILLHURST,Community Centrepoint,-114.09364601408991,51.057277532355
25-00907441,2025-11-26,2025-11-26,Closed,App,Roads - Snow and Ice Control,OS - Mobility,ASP,ASPEN WOODS,Community Centrepoint,-114.20838662695292,51.04521537783425
25-00907448,2025-11-26,2025-11-27,Closed,Other,Roads - Snow and Ice Control,OS - Mobility,DNW,DOWNTOWN WEST END,Community Centrepoint,-114.08777935920996,51.04796914082405
25-00907467,2025-11-26,2025-11-27,Closed,Other,Roads - Snow and Ice Control,OS - Mobility,MCI,MCCALL,Community Centrepoint,-114.02708650389776,51.088997572302425
25-00907468,2025-11-26,2025-12-04,Closed,App,Bylaw - Snow and Ice on Sidewalk,CS - Emergency Management and Community Safety,SCE,SCENIC ACRES,Community Centrepoint,-114.21734033796923,51.11270738649579
25-00907470,2025-11-26,2025-11-27,Closed,Other,Bylaw - Snow and Ice on Sidewalk,CS - Emergency Management and Community Safety,CAP,CAPITOL HILL,Community Centrepoint,-114.09463117970957,51.072665279064736
25-00907471,2025-11-26,2025-12-03,Closed,Other,Bylaw - Snow and Ice on Sidewalk,CS - Emergency Management and Community Safety,COR,CORAL SPRINGS,Community Centrepoint,-113.92694858499824,51.10334785100925
25-00907475,2025-11-26,2025-11-28,Closed,App,Roads - Pathway Snow and Ice Concerns,OS - Mobility,MLR,MILLRISE,Community Centrepoint,-114.08491413864552,50.91705536774364
25-00907477,2025-11-26,2025-11-27,Duplicate (Closed),Other,Roads - Snow and Ice Control,OS - Mobility,DNE,DOWNTOWN EAST VILLAGE,Community Centrepoint,-114.05084794560648,51.047090331328896
25-00907482,2025-11-26,,Open,Other,Roads - Snow and Ice Control,OS - Mobility,REN,RENFREW,Community Centrepoint,-114.03916899334442,51.05965315830899
25-00907486,2025-11-26,2025-11-27,Closed,Other,Roads - Snow and Ice Control,OS - Mobility,RAM,RAMSAY,Community Centrepoint,-114.04253229079256,51.03641206430803
25-00907490,2025-11-26,2025-11-27,Closed,Other,Roads - Snow and Ice Control,OS - Mobility,DNC,DOWNTOWN COMMERCIAL CORE,Community Centrepoint,-114.06959371115344,51.0472744358498
25-00907494,2025-11-26,2025-11-26,Closed,Other,Roads - Snow and Ice Control,OS - Mobility,DAL,DALHOUSIE,Community Centrepoint,-114.15815535928552,51.109409937993064
25-00907495,2025-11-26,2025-11-27,Closed,Other,Bylaw - Snow and Ice on Sidewalk,CS - Emergency Management and Community Safety,CAP,CAPITOL HILL,Community Centrepoint,-114.09463117970957,51.072665279064736
25-00907496,2025-11-26,2025-12-03,Closed,Other,Bylaw - Snow and Ice on Sidewalk,CS - Emergency Management and Community Safety,BYV,BAYVIEW,Community Centrepoint,-114.11396431346805,50.97463475641091
25-00907501,2025-11-26,2025-11-27,Closed,Other,Roads - Snow and Ice Control,OS - Mobility,DNC,DOWNTOWN COMMERCIAL CORE,Community Centrepoint,-114.06959371115344,51.0472744358498
25-00907518,2025-11-26,2025-12-01,Closed,Other,Roads - Pathway Snow and Ice Concerns,OS - Mobility,DNW,DOWNTOWN WEST END,Community Centrepoint,-114.08777935920996,51.04796914082405
25-00907522,2025-11-26,2025-12-01,Closed,App,Bylaw - Snow and Ice on Sidewalk,CS - Emergency Management and Community Safety,TUX,TUXEDO PARK,Community Centrepoint,-114.06104493215648,51.07421777221349
25-00907524,2025-11-26,2025-12-04,Closed,App,Bylaw - Snow and Ice on Sidewalk,CS - Emergency Management and Community Safety,CAS,CASTLERIDGE,Community Centrepoint,-113.96102973195768,51.10525413516706
25-00907526,2025-11-26,2025-11-27,Closed,Other,Bylaw - Snow and Ice on Sidewalk,CS - Emergency Management and Community Safety,CAP,CAPITOL HILL,Community Centrepoint,-114.09463117970957,51.072665279064736
25-00907529,2025-11-26,2025-12-11,Duplicate (Closed),Other,Bylaw - Snow and Ice on Sidewalk,CS - Emergency Management and Community Safety,BLN,BELTLINE,Community Centrepoint,-114.0551860888619,51.03743796399198
25-00907535,2025-11-26,2025-11-27,Closed,Other,Roads - Snow and Ice Control,OS - Mobility,ACA,ACADIA,Community Centrepoint,-114.05369601618196,50.972415073979406
25-00907536,2025-11-26,2025-11-28,Closed,App,Bylaw - Snow and Ice on Sidewalk,CS - Emergency Management and Community Safety,KIL,KILLARNEY/GLENGARRY,Community Centrepoint,-114.13173134426395,51.030131956517685
25-00907538,2025-11-26,2025-12-07,Closed,App,Bylaw - Snow and Ice on Sidewalk,CS - Emergency Management and Community Safety,CAS,CASTLERIDGE,Community Centrepoint,-113.96102973195768,51.10525413516706
25-00907539,2025-11-26,2025-12-04,Closed,Other,Bylaw - Snow and Ice on Sidewalk,CS - Emergency Management and Community Safety,BRA,BRAESIDE,Community Centrepoint,-114.10636590290346,50.95600269188388
25-00907543,2025-11-26,2025-11-27,Closed,Other,Bylaw - Snow and Ice on Sidewalk,CS - Emergency Management and Community Safety,CAP,CAPITOL HILL,Community Centrepoint,-114.09463117970957,51.072665279064736
25-00907553,2025-11-26,2026-01-07,Closed,Other,Bylaw - Snow and Ice on Sidewalk,CS - Emergency Management and Community Safety,HAM,HAMPTONS,Community Centrepoint,-114.14668841065269,51.14509558933835
25-00907554,2025-11-26,2025-11-28,Closed,App,Roads - Pathway Snow and Ice Concerns,OS - Mobility,COV,COVENTRY HILLS,Community Centrepoint,-114.0531434069748,51.16490633093188
25-00907555,2025-11-26,2025-12-07,Closed,App,Bylaw - Snow and Ice on Sidewalk,CS - Emergency Management and Community Safety,CAS,CASTLERIDGE,Community Centrepoint,-113.96102973195768,51.10525413516706
25-00907558,2025-11-26,2025-11-27,Closed,Other,Roads - Snow and Ice Control,OS - Mobility,UMR,UPPER MOUNT ROYAL,Community Centrepoint,-114.08502568683475,51.02997367691996
25-00907561,2025-11-26,2025-12-18,Closed,App,Bylaw - Snow and Ice on Sidewalk,CS - Emergency Management and Community Safety,CAS,CASTLERIDGE,Community Centrepoint,-113.96102973195768,51.10525413516706
25-00907563,2025-11-26,2025-11-29,Closed,App,Bylaw - Snow and Ice on Sidewalk,CS - Emergency Management and Community Safety,WLD,WILDWOOD,Community Centrepoint,-114.15853861691733,51.0582582482502
25-00907564,2025-11-26,2025-11-27,Closed,App,Bylaw - Snow and Ice on Sidewalk,CS - Emergency Management and Community Safety,CAS,CASTLERIDGE,Community Centrepoint,-113.96102973195768,51.10525413516706
25-00907565,2025-11-26,2025-11-26,Duplicate (Closed),App,Roads - Snow and Ice Control,OS - Mobility,MCT,MCKENZIE TOWNE,Community Centrepoint,-113.96135301049588,50.917148761958515
25-00907568,2025-11-26,2025-11-26,Closed,Other,Roads - Snow and Ice Control,OS - Mobility,MLR,MILLRISE,Community Centrepoint,-114.08491413864552,50.91705536774364
25-00907576,2025-11-26,2025-12-07,Closed,App,Bylaw - Snow and Ice on Sidewalk,CS - Emergency Management and Community Safety,CAS,CASTLERIDGE,Community Centrepoint,-113.96102973195768,51.10525413516706
25-00907577,2025-11-26,2025-11-29,Closed,App,Roads - Pathway Snow and Ice Concerns,OS - Mobility,MON,MONTGOMERY,Community Centrepoint,-114.16224821352388,51.071076143699045
25-00907583,2025-11-26,2025-12-04,Closed,App,Bylaw - Snow and Ice on Sidewalk,CS - Emergency Management and Community Safety,CAS,CASTLERIDGE,Community Centrepoint,-113.96102973195768,51.10525413516706
25-00907589,2025-11-26,2025-11-29,Closed,Other,Roads - Pathway Snow and Ice Concerns,OS - Mobility,PAN,PANORAMA HILLS,Community Centrepoint,-114.08806340626408,51.15971101170789
25-00907595,2025-11-26,2025-12-02,Closed,App,Bylaw - Snow and Ice on Sidewalk,CS - Emergency Management and Community Safety,BOW,BOWNESS,Community Centrepoint,-114.188388474722,51.08334628834888
25-00907596,2025-11-26,2025-11-26,Duplicate (Closed),App,Roads - Snow and Ice Control,OS - Mobility,MCT,MCKENZIE TOWNE,Community Centrepoint,-113.96135301049588,50.917148761958515
25-00907599,2025-11-26,2025-11-27,Closed,Other,Bylaw - Snow and Ice on Sidewalk,CS - Emergency Management and Community Safety,BLN,BELTLINE,Community Centrepoint,-114.0551860888619,51.03743796399198
25-00907605,2025-11-26,2025-11-30,Closed,Other,Bylaw - Snow and Ice on Sidewalk,CS - Emergency Management and Community Safety,DRN,DEER RUN,Community Centrepoint,-114.00908770459684,50.925132387678815
25-00907611,2025-11-26,2025-12-03,Closed,Other,Bylaw - Snow and Ice on Sidewalk,CS - Emergency Management and Community Safety,HPK,HIGHLAND PARK,Community Centrepoint,-114.0620558477436,51.08801817919036
25-00907616,2025-11-26,2025-11-30,Closed,Other,Bylaw - Snow and Ice on Sidewalk,CS - Emergency Management and Community Safety,DRN,DEER RUN,Community Centrepoint,-114.00908770459684,50.925132387678815
25-00907622,2025-11-26,2025-11-27,Closed,Other,Roads - Snow and Ice Control,OS - Mobility,TEM,TEMPLE,Community Centrepoint,-113.94676645519942,51.08879880716327
25-00907633,2025-11-26,2025-11-30,Closed,Other,Roads - Pathway Snow and Ice Concerns,OS - Mobility,APP,APPLEWOOD PARK,Community Centrepoint,-113.9277970051382,51.04487898168024
25-00907634,2025-11-26,2025-12-21,Closed,Other,Roads - Pathway Snow and Ice Concerns,OS - Mobility,DNW,DOWNTOWN WEST END,Community Centrepoint,-114.08777935920996,51.04796914082405
25-00907635,2025-11-26,2025-12-12,Closed,App,Bylaw - Snow and Ice on Sidewalk,CS - Emergency Management and Community Safety,MOP,MOUNT PLEASANT,Community Centrepoint,-114.07602998447167,51.074237909055896
25-00907636,2025-11-26,2025-11-30,Closed,App,Roads - Pathway Snow and Ice Concerns,OS - Mobility,GPK,GLENMORE PARK,Community Centrepoint,-114.13153145583588,50.990468420200145
25-00907637,2025-11-26,2025-11-27,Closed,Other,Bylaw - Snow and Ice on Sidewalk,CS - Emergency Management and Community Safety,HPK,HIGHLAND PARK,Community Centrepoint,-114.0620558477436,51.08801817919036
25-00907658,2025-11-26,2025-12-11,Closed,Other,Bylaw - Snow and Ice on Sidewalk,CS - Emergency Management and Community Safety,RUN,RUNDLE,Community Centrepoint,-113.97005350368742,51.07423887665301
25-00907660,2025-11-26,2025-12-18,Closed,Other,Bylaw - Snow and Ice on Sidewalk,CS - Emergency Management and Community Safety,RVW,RANGEVIEW,Community Centrepoint,-113.91974448757276,50.874379475430835
25-00907668,2025-11-26,2025-11-30,Closed,Other,Roads - Pathway Snow and Ice Concerns,OS - Mobility,MID,MIDNAPORE,Community Centrepoint,-114.05748430704033,50.915602456819094
25-00907690,2025-11-26,2025-11-29,Closed,Other,Bylaw - Snow and Ice on Sidewalk,CS - Emergency Management and Community Safety,WHL,WEST HILLHURST,Community Centrepoint,-114.11515850909426,51.05507951426751
25-00907697,2025-11-26,2025-12-01,Closed,Other,Bylaw - Snow and Ice on Sidewalk,CS - Emergency Management and Community Safety,WAL,WALDEN,Community Centrepoint,-114.03261830805454,50.87040296671561
25-00907701,2025-11-26,2025-12-01,Closed,Other,Bylaw - Snow and Ice on Sidewalk,CS - Emergency Management and Community Safety,WAL,WALDEN,Community Centrepoint,-114.03261830805454,50.87040296671561
25-00907711,2025-11-26,2025-11-26,Closed,App,Roads - Snow and Ice Control,OS - Mobility,EDG,EDGEMONT,Community Centrepoint,-114.14395321027078,51.124587846873936
25-00907716,2025-11-26,2025-11-27,Closed,App,Roads - Snow and Ice Control,OS - Mobility,MNI,MANCHESTER INDUSTRIAL,Community Centrepoint,-114.0572224672051,51.01325599042462
25-00907718,2025-11-26,2026-01-06,Closed,App,Bylaw - Snow and Ice on Sidewalk,CS - Emergency Management and Community Safety,WIN,WINSTON HEIGHTS/MOUNTVIEW,Community Centrepoint,-114.04184874950612,51.07529880280739
25-00907721,2025-11-26,2025-11-26,Closed,Other,Roads - Snow and Ice Control,OS - Mobility,BRE,BRENTWOOD,Community Centrepoint,-114.13591917398958,51.09606553683618
25-00907724,2025-11-26,2025-11-26,Closed,Other,Roads - Snow and Ice Control,OS - Mobility,BOW,BOWNESS,Community Centrepoint,-114.188388474722,51.08334628834888
25-00907728,2025-11-26,2025-12-03,Closed,App,Bylaw - Snow and Ice on Sidewalk,CS - Emergency Management and Community Safety,KIL,KILLARNEY/GLENGARRY,Community Centrepoint,-114.13173134426395,51.030131956517685
25-00907743,2025-11-26,2025-12-03,Closed,App,Bylaw - Snow and Ice on Sidewalk,CS - Emergency Management and Community Safety,COV,COVENTRY HILLS,Community Centrepoint,-114.05313423182986,51.164928068908395
25-00907752,2025-11-26,2025-11-30,Closed,App,Roads - Pathway Snow and Ice Concerns,OS - Mobility,BYV,BAYVIEW,Community Centrepoint,-114.11396431346805,50.97463475641091
25-00907753,2025-11-26,2025-12-12,Closed,App,Bylaw - Snow and Ice on Sidewalk,CS - Emergency Management and Community Safety,SSD,SUNNYSIDE,Community Centrepoint,-114.07902910930612,51.05641953338241
25-00907759,2025-11-26,2025-11-26,Closed,Other,Roads - Snow and Ice Control,OS - Mobility,CRA,CRANSTON,Community Centrepoint,-113.98000403324248,50.87819416673358
25-00907764,2025-11-26,2025-12-02,Closed,App,Bylaw - Snow and Ice on Sidewalk,CS - Emergency Management and Community Safety,SHS,SHAWNEE SLOPES,Community Centrepoint,-114.08580210790822,50.92618812780506
25-00907767,2025-11-26,2025-12-01,Closed,Other,Bylaw - Snow and Ice on Sidewalk,CS - Emergency Management and Community Safety,TUX,TUXEDO PARK,Community Centrepoint,-114.06104493215648,51.07421777221349
25-00907774,2025-11-26,2025-12-01,Closed,Other,Bylaw - Snow and Ice on Sidewalk,CS - Emergency Management and Community Safety,TUX,TUXEDO PARK,Community Centrepoint,-114.06104493215648,51.07421777221349
25-00907776,2025-11-26,2025-12-12,Closed,App,Bylaw - Snow and Ice on Sidewalk,CS - Emergency Management and Community Safety,MOP,MOUNT PLEASANT,Community Centrepoint,-114.07602998447167,51.074237909055896
25-00907779,2025-11-26,2025-12-01,Closed,Other,Bylaw - Snow and Ice on Sidewalk,CS - Emergency Management and Community Safety,TUX,TUXEDO PARK,Community Centrepoint,-114.06104493215648,51.07421777221349
25-00907780,2025-11-26,2025-12-02,Closed,Other,Bylaw - Snow and Ice on Sidewalk,CS - Emergency Management and Community Safety,CRA,CRANSTON,Community Centrepoint,-113.98000403324248,50.87819416673358
25-00907784,2025-11-26,2025-12-11,Closed,Other,Bylaw - Snow and Ice on Sidewalk,CS - Emergency Management and Community Safety,TUX,TUXEDO PARK,Community Centrepoint,-114.06104493215648,51.07421777221349
25-00907790,2025-11-26,2025-11-28,Closed,Other,Bylaw - Snow and Ice on Sidewalk,CS - Emergency Management and Community Safety,HAW,HAWKWOOD,Community Centrepoint,-114.17561536315904,51.13097810215283
25-00907799,2025-11-26,2025-12-01,Closed,Other,Bylaw - Snow and Ice on Sidewalk,CS - Emergency Management and Community Safety,BRD,BRIDGELAND/RIVERSIDE,Community Centrepoint,-114.03507983816613,51.05055069499901
25-00907820,2025-11-26,2025-11-28,Closed,Other,Bylaw - Snow and Ice on Sidewalk,CS - Emergency Management and Community Safety,HAW,HAWKWOOD,Community Centrepoint,-114.17561536315904,51.13097810215283
25-00907830,2025-11-26,2025-11-26,Closed,Other,Roads - Snow and Ice Control,OS - Mobility,UMR,UPPER MOUNT ROYAL,Community Centrepoint,-114.08502568683475,51.02997367691996
25-00907852,2025-11-26,2025-11-26,Closed,Other,Bylaw - Snow and Ice on Sidewalk,CS - Emergency Management and Community Safety,DNC,DOWNTOWN COMMERCIAL CORE,Community Centrepoint,-114.06959371115344,51.0472744358498
25-00907853,2025-11-26,2025-11-27,Closed,App,Roads - Snow and Ice Control,OS - Mobility,SET,SETON,Community Centrepoint,-113.94793123802644,50.874157663473184
25-00907854,2025-11-26,2025-11-30,Closed,App,Roads - Pathway Snow and Ice Concerns,OS - Mobility,SHG,SHAGANAPPI,Community Centrepoint,-114.1266528552515,51.04521146641257
25-00907855,2025-11-26,2025-11-27,Duplicate (Closed),Other,Roads - Snow and Ice Control,OS - Mobility,AUB,AUBURN BAY,Community Centrepoint,-113.95779514351894,50.89269507750196
25-00907865,2025-11-26,2025-11-27,Closed,App,Roads - Pathway Snow and Ice Concerns,OS - Mobility,CHW,CHARLESWOOD,Community Centrepoint,-114.1122123154031,51.09008805079572
25-00907883,2025-11-26,2026-02-19,Closed,Other,Bylaw - Snow and Ice on Sidewalk,CS - Emergency Management and Community Safety,ASP,ASPEN WOODS,Community Centrepoint,-114.20838662695292,51.04521537783425
25-00907886,2025-11-26,2025-12-01,Closed,Other,Bylaw - Snow and Ice on Sidewalk,CS - Emergency Management and Community Safety,HIL,HILLHURST,Community Centrepoint,-114.09364601408991,51.057277532355
25-00907898,2025-11-26,2025-11-29,Closed,App,Bylaw - Snow and Ice on Sidewalk,CS - Emergency Management and Community Safety,BNF,BANFF TRAIL,Community Centrepoint,-114.11512839717008,51.07420696879508
25-00907913,2025-11-26,2025-11-27,Closed,Other,Roads - Snow and Ice Control,OS - Mobility,AUB,AUBURN BAY,Community Centrepoint,-113.95779514351894,50.89269507750196
25-00907919,2025-11-26,2025-11-28,Closed,App,Bylaw - Snow and Ice on Sidewalk,CS - Emergency Management and Community Safety,HAM,HAMPTONS,Community Centrepoint,-114.14668841065269,51.14509558933835
25-00907920,2025-11-26,2025-11-27,Closed,Other,Bylaw - Snow and Ice on Sidewalk,CS - Emergency Management and Community Safety,HIL,HILLHURST,Community Centrepoint,-114.09364601408991,51.057277532355
25-00907931,2025-11-26,2025-11-28,Closed,App,Bylaw - Snow and Ice on Sidewalk,CS - Emergency Management and Community Safety,HAM,HAMPTONS,Community Centrepoint,-114.14668841065269,51.14509558933835
25-00907950,2025-11-26,2025-11-28,Closed,App,Bylaw - Snow and Ice on Sidewalk,CS - Emergency Management and Community Safety,HAM,HAMPTONS,Community Centrepoint,-114.14668841065269,51.14509558933835
25-00907955,2025-11-26,2025-12-02,Closed,Other,Bylaw - Snow and Ice on Sidewalk,CS - Emergency Management and Community Safety,MPL,MAPLE RIDGE,Community Centrepoint,-114.03468902740028,50.95763758363201
25-00907960,2025-11-26,2025-11-28,Closed,App,Bylaw - Snow and Ice on Sidewalk,CS - Emergency Management and Community Safety,HAM,HAMPTONS,Community Centrepoint,-114.14668841065269,51.14509558933835
25-00907962,2025-11-26,2025-11-27,Closed,Other,Roads - Snow and Ice Control,OS - Mobility,MRN,MORAINE,Community Centrepoint,-114.10624310950396,51.19053873640371
25-00907965,2025-11-26,2025-11-28,Closed,App,Roads - Pathway Snow and Ice Concerns,OS - Mobility,EVN,EVANSTON,Community Centrepoint,-114.11245112799344,51.1710848417942
25-00907974,2025-11-26,2025-12-11,Closed,Other,Bylaw - Snow and Ice on Sidewalk,CS - Emergency Management and Community Safety,ING,INGLEWOOD,Community Centrepoint,-114.01912581291118,51.03414052413669
25-00907976,2025-11-26,2025-11-29,Closed,Other,Bylaw - Snow and Ice on Sidewalk,CS - Emergency Management and Community Safety,WHL,WEST HILLHURST,Community Centrepoint,-114.11515850909426,51.05507951426751
25-00907981,2025-11-26,2025-11-29,Closed,Other,Bylaw - Snow and Ice on Sidewalk,CS - Emergency Management and Community Safety,WHL,WEST HILLHURST,Community Centrepoint,-114.11515850909426,51.05507951426751
25-00907986,2025-11-26,2025-12-10,Closed,Other,Bylaw - Snow and Ice on Sidewalk,CS - Emergency Management and Community Safety,WHL,WEST HILLHURST,Community Centrepoint,-114.11515850909426,51.05507951426751
25-00907992,2025-11-26,2025-11-29,Closed,Other,Bylaw - Snow and Ice on Sidewalk,CS - Emergency Management and Community Safety,WHL,WEST HILLHURST,Community Centrepoint,-114.11515850909426,51.05507951426751
25-00907993,2025-11-26,2025-11-28,Closed,App,Bylaw - Snow and Ice on Sidewalk,CS - Emergency Management and Community Safety,HAM,HAMPTONS,Community Centrepoint,-114.14668841065269,51.14509558933835
25-00907994,2025-11-26,2025-11-29,Closed,App,Bylaw - Snow and Ice on Sidewalk,CS - Emergency Management and Community Safety,EVN,EVANSTON,Community Centrepoint,-114.11219163730428,51.171218187340465
25-00907995,2025-11-26,2025-11-27,Closed,App,Bylaw - Snow and Ice on Sidewalk,CS - Emergency Management and Community Safety,ROC,ROCKY RIDGE,Community Centrepoint,-114.24590791801704,51.14407647959192
25-00907999,2025-11-26,2025-12-11,Closed,Other,Bylaw - Snow and Ice on Sidewalk,CS - Emergency Management and Community Safety,WHL,WEST HILLHURST,Community Centrepoint,-114.11515850909426,51.05507951426751
25-00908001,2025-11-26,2025-11-29,Closed,Other,Roads - Pathway Snow and Ice Concerns,OS - Mobility,COV,COVENTRY HILLS,Community Centrepoint,-114.0531434069748,51.16490633093188
25-00908002,2025-11-26,2025-12-11,Closed,Other,Bylaw - Snow and Ice on Sidewalk,CS - Emergency Management and Community Safety,WHL,WEST HILLHURST,Community Centrepoint,-114.11515850909426,51.05507951426751
25-00908005,2025-11-26,2025-11-27,Closed,Other,Bylaw - Snow and Ice on Sidewalk,CS - Emergency Management and Community Safety,HIL,HILLHURST,Community Centrepoint,-114.09364601408991,51.057277532355
25-00908008,2025-11-26,2025-11-27,Closed,Other,Roads - Snow and Ice Control,OS - Mobility,ACA,ACADIA,Community Centrepoint,-114.05369601618196,50.972415073979406
25-00908014,2025-11-26,2026-03-27,Closed,Other,Bylaw - Snow and Ice on Sidewalk,CS - Emergency Management and Community Safety,WND,WINDSOR PARK,Community Centrepoint,-114.08355224178275,51.0050454446197
25-00908015,2025-11-26,2025-12-01,Closed,App,Bylaw - Snow and Ice on Sidewalk,CS - Emergency Management and Community Safety,GDL,GLENDALE,Community Centrepoint,-114.15271889005814,51.03337139240085
25-00908020,2025-11-26,2025-11-28,Closed,Other,Roads - Pathway Snow and Ice Concerns,OS - Mobility,COV,COVENTRY HILLS,Community Centrepoint,-114.0531434069748,51.16490633093188
25-00908024,2025-11-26,2025-12-12,Closed,Other,Bylaw - Snow and Ice on Sidewalk,CS - Emergency Management and Community Safety,TUS,TUSCANY,Community Centrepoint,-114.2408862053562,51.12191108825487
25-00908030,2025-11-26,2025-12-12,Closed,Other,Bylaw - Snow and Ice on Sidewalk,CS - Emergency Management and Community Safety,BOW,BOWNESS,Community Centrepoint,-114.188388474722,51.08334628834888
25-00908031,2025-11-26,2025-11-29,Closed,Other,Bylaw - Snow and Ice on Sidewalk,CS - Emergency Management and Community Safety,WHL,WEST HILLHURST,Community Centrepoint,-114.11515850909426,51.05507951426751
25-00908034,2025-11-26,2025-11-27,Closed,Other,Roads - Snow and Ice Control,OS - Mobility,PKL,PARKLAND,Community Centrepoint,-114.02822405924384,50.920841901943966
25-00908041,2025-11-26,2025-11-27,Closed,App,Bylaw - Snow and Ice on Sidewalk,CS - Emergency Management and Community Safety,DNC,DOWNTOWN COMMERCIAL CORE,Community Centrepoint,-114.06959371115344,51.0472744358498
25-00908043,2025-11-26,2025-12-03,Closed,Other,Bylaw - Snow and Ice on Sidewalk,CS - Emergency Management and Community Safety,COV,COVENTRY HILLS,Community Centrepoint,-114.05313423182986,51.164928068908395
25-00908044,2025-11-26,2025-12-03,Closed,Other,Bylaw - Snow and Ice on Sidewalk,CS - Emergency Management and Community Safety,COV,COVENTRY HILLS,Community Centrepoint,-114.05313423182986,51.164928068908395
25-00908049,2025-11-26,2025-11-28,Closed,Other,Roads - Pathway Snow and Ice Concerns,OS - Mobility,WHL,WEST HILLHURST,Community Centrepoint,-114.11515850909426,51.05507951426751
25-00908051,2025-11-26,2025-12-01,Closed,App,Roads - Pathway Snow and Ice Concerns,OS - Mobility,SSD,SUNNYSIDE,Community Centrepoint,-114.07902910930612,51.05641953338241
25-00908058,2025-11-26,2025-12-03,Closed,Other,Bylaw - Snow and Ice on Sidewalk,CS - Emergency Management and Community Safety,COV,COVENTRY HILLS,Community Centrepoint,-114.05313423182986,51.164928068908395
25-00908065,2025-11-26,2025-11-30,Closed,App,Roads - Pathway Snow and Ice Concerns,OS - Mobility,HIL,HILLHURST,Community Centrepoint,-114.09364601408991,51.057277532355
25-00908066,2025-11-26,2025-11-28,Closed,App,Roads - Pathway Snow and Ice Concerns,OS - Mobility,FAI,FAIRVIEW,Community Centrepoint,-114.0603609439821,50.98538212195565
25-00908068,2025-11-26,2025-12-03,Closed,Other,Bylaw - Snow and Ice on Sidewalk,CS - Emergency Management and Community Safety,COV,COVENTRY HILLS,Community Centrepoint,-114.05313423182986,51.164928068908395
25-00908086,2025-11-26,2025-12-18,Closed,Other,Bylaw - Snow and Ice on Sidewalk,CS - Emergency Management and Community Safety,RUT,RUTLAND PARK,Community Centrepoint,-114.13736058542744,51.01899098746044
25-00908087,2025-11-26,2025-12-12,Closed,Other,Bylaw - Snow and Ice on Sidewalk,CS - Emergency Management and Community Safety,TEM,TEMPLE,Community Centrepoint,-113.94676645519942,51.08879880716327
25-00908093,2025-11-26,2025-12-02,Closed,Other,Bylaw - Snow and Ice on Sidewalk,CS - Emergency Management and Community Safety,TEM,TEMPLE,Community Centrepoint,-113.94676645519942,51.08879880716327
25-00908111,2025-11-26,2025-11-27,Closed,Other,Bylaw - Snow and Ice on Sidewalk,CS - Emergency Management and Community Safety,THO,THORNCLIFFE,Community Centrepoint,-114.06878100895472,51.103105008837304
25-00908112,2025-11-26,2025-11-29,Closed,Other,Roads - Pathway Snow and Ice Concerns,OS - Mobility,WBN,WOODBINE,Community Centrepoint,-114.1296281640212,50.940233262618435
25-00908119,2025-11-26,2025-12-03,Closed,Other,Bylaw - Snow and Ice on Sidewalk,CS - Emergency Management and Community Safety,COV,COVENTRY HILLS,Community Centrepoint,-114.05313423182986,51.164928068908395
25-00908127,2025-11-26,2025-11-30,Closed,Other,Roads - Pathway Snow and Ice Concerns,OS - Mobility,TUX,TUXEDO PARK,Community Centrepoint,-114.06104493215648,51.07421777221349
25-00908128,2025-11-26,2025-11-29,Closed,Other,Roads - Pathway Snow and Ice Concerns,OS - Mobility,HPK,HIGHLAND PARK,Community Centrepoint,-114.0620558477436,51.08801817919036
25-00908132,2025-11-26,2025-11-27,Closed,Other,Roads - Snow and Ice Control,OS - Mobility,PKD,PARKDALE,Community Centrepoint,-114.13533325689389,51.05994755127784
25-00908135,2025-11-26,2025-12-03,Closed,Other,Bylaw - Snow and Ice on Sidewalk,CS - Emergency Management and Community Safety,COV,COVENTRY HILLS,Community Centrepoint,-114.05313423182986,51.164928068908395
25-00908137,2025-11-26,2025-11-29,Closed,App,Roads - Pathway Snow and Ice Concerns,OS - Mobility,ACA,ACADIA,Community Centrepoint,-114.05369601618196,50.972415073979406
25-00908138,2025-11-26,2025-11-30,Closed,Other,Roads - Pathway Snow and Ice Concerns,OS - Mobility,SHS,SHAWNEE SLOPES,Community Centrepoint,-114.08580210790822,50.92618812780506
25-00908140,2025-11-26,2025-11-27,Closed,Other,Bylaw - Snow and Ice on Sidewalk,CS - Emergency Management and Community Safety,COV,COVENTRY HILLS,Community Centrepoint,-114.05313423182986,51.164928068908395
25-00908141,2025-11-26,2025-12-21,Closed,Other,Roads - Pathway Snow and Ice Concerns,OS - Mobility,CRE,CRESCENT HEIGHTS,Community Centrepoint,-114.06161323521869,51.05949594746299
25-00908148,2025-11-26,2025-11-27,Closed,Other,Bylaw - Snow and Ice on Sidewalk,CS - Emergency Management and Community Safety,COV,COVENTRY HILLS,Community Centrepoint,-114.0531434069748,51.16490633093188
25-00908152,2025-11-26,2025-11-28,Closed,Other,Roads - Pathway Snow and Ice Concerns,OS - Mobility,BLN,BELTLINE,Community Centrepoint,-114.0551860888619,51.03743796399198
25-00908157,2025-11-26,2025-12-03,Closed,Other,Bylaw - Snow and Ice on Sidewalk,CS - Emergency Management and Community Safety,COV,COVENTRY HILLS,Community Centrepoint,-114.05313423182986,51.164928068908395
25-00908162,2025-11-26,2025-12-03,Closed,Other,Bylaw - Snow and Ice on Sidewalk,CS - Emergency Management and Community Safety,COV,COVENTRY HILLS,Community Centrepoint,-114.05313423182986,51.164928068908395
25-00908163,2025-11-26,2025-11-27,Closed,Other,Roads - Snow and Ice Control,OS - Mobility,ASP,ASPEN WOODS,Community Centrepoint,-114.20838662695292,51.04521537783425
25-00908168,2025-11-26,2025-12-03,Closed,Other,Bylaw - Snow and Ice on Sidewalk,CS - Emergency Management and Community Safety,COV,COVENTRY HILLS,Community Centrepoint,-114.05313423182986,51.164928068908395
25-00908171,2025-11-26,2025-11-28,Closed,App,Bylaw - Snow and Ice on Sidewalk,CS - Emergency Management and Community Safety,GRV,GREENVIEW,Community Centrepoint,-114.05746990262509,51.094856135698066
25-00908174,2025-11-26,2025-11-30,Closed,Other,Bylaw - Snow and Ice on Sidewalk,CS - Emergency Management and Community Safety,WIN,WINSTON HEIGHTS/MOUNTVIEW,Community Centrepoint,-114.04184874950612,51.07529880280739
25-00908175,2025-11-26,2025-12-18,Closed,App,Bylaw - Snow and Ice on Sidewalk,CS - Emergency Management and Community Safety,CAS,CASTLERIDGE,Community Centrepoint,-113.96102973195768,51.10525413516706
25-00908176,2025-11-26,2025-11-29,Closed,App,Roads - Pathway Snow and Ice Concerns,OS - Mobility,UND,UNIVERSITY DISTRICT,Community Centrepoint,-114.14496478087015,51.07385411823227
25-00908180,2025-11-26,2025-12-10,Closed,Other,Bylaw - Snow and Ice on Sidewalk,CS - Emergency Management and Community Safety,WIN,WINSTON HEIGHTS/MOUNTVIEW,Community Centrepoint,-114.04184874950612,51.07529880280739
25-00908181,2025-11-26,2025-11-27,Closed,Other,Bylaw - Snow and Ice on Sidewalk,CS - Emergency Management and Community Safety,COV,COVENTRY HILLS,Community Centrepoint,-114.05313423182986,51.164928068908395
25-00908184,2025-11-26,2025-11-28,Closed,App,Bylaw - Snow and Ice on Sidewalk,CS - Emergency Management and Community Safety,GRV,GREENVIEW,Community Centrepoint,-114.05746990262509,51.094856135698066
25-00908187,2025-11-26,2025-12-04,Closed,App,Bylaw - Snow and Ice on Sidewalk,CS - Emergency Management and Community Safety,CAS,CASTLERIDGE,Community Centrepoint,-113.96102973195768,51.10525413516706
25-00908188,2025-11-26,2025-12-03,Closed,App,Bylaw - Snow and Ice on Sidewalk,CS - Emergency Management and Community Safety,GRV,GREENVIEW,Community Centrepoint,-114.05746990262509,51.094856135698066
25-00908190,2025-11-26,2025-12-03,Closed,App,Bylaw - Snow and Ice on Sidewalk,CS - Emergency Management and Community Safety,GRV,GREENVIEW,Community Centrepoint,-114.05746990262509,51.094856135698066
25-00908194,2025-11-26,2025-11-28,Closed,App,Bylaw - Snow and Ice on Sidewalk,CS - Emergency Management and Community Safety,GRV,GREENVIEW,Community Centrepoint,-114.05746990262509,51.094856135698066
25-00908208,2025-11-26,2025-12-01,Closed,App,Bylaw - Snow and Ice on Sidewalk,CS - Emergency Management and Community Safety,DOV,DOVER,Community Centrepoint,-113.99305400906276,51.02256772313628
25-00908210,2025-11-26,2025-11-28,Closed,App,Bylaw - Snow and Ice on Sidewalk,CS - Emergency Management and Community Safety,BLM,BELMONT,Community Centrepoint,-114.05524942357732,50.8686836961993
25-00908212,2025-11-26,2025-12-05,Closed,Other,Bylaw - Snow and Ice on Sidewalk,CS - Emergency Management and Community Safety,WGT,WESTGATE,Community Centrepoint,-114.1585939025738,51.04417784675184
25-00908215,2025-11-26,2025-12-11,Closed,Other,Bylaw - Snow and Ice on Sidewalk,CS - Emergency Management and Community Safety,MAL,MAYLAND HEIGHTS,Community Centrepoint,-114.01331127510768,51.06083217926603
25-00908216,2025-11-26,2025-12-03,Closed,Other,Bylaw - Snow and Ice on Sidewalk,CS - Emergency Management and Community Safety,MAL,MAYLAND HEIGHTS,Community Centrepoint,-114.01331127510768,51.06083217926603
25-00908223,2025-11-26,2025-11-27,Closed,Other,Roads - Snow and Ice Control,OS - Mobility,LIV,LIVINGSTON,Community Centrepoint,-114.06550670687444,51.18550406559082
25-00908225,2025-11-26,2025-11-27,Closed,App,Bylaw - Snow and Ice on Sidewalk,CS - Emergency Management and Community Safety,SAD,SADDLE RIDGE,Community Centrepoint,-113.94562252266888,51.13057324276626
25-00908226,2025-11-26,,Open,Other,Roads - Snow and Ice Control,OS - Mobility,OGD,OGDEN,Community Centrepoint,-114.01243870034244,50.99187347872066
25-00908229,2025-11-26,,Open,Other,Roads - Snow and Ice Control,OS - Mobility,DNC,DOWNTOWN COMMERCIAL CORE,Community Centrepoint,-114.06959371115344,51.0472744358498
25-00908236,2025-11-26,2025-12-01,Closed,Other,Bylaw - Snow and Ice on Sidewalk,CS - Emergency Management and Community Safety,CAP,CAPITOL HILL,Community Centrepoint,-114.09463117970957,51.072665279064736
25-00908238,2025-11-26,2025-11-27,Closed,Other,Roads - Snow and Ice Control,OS - Mobility,GAG,GARRISON GREEN,Community Centrepoint,-114.12452628199593,51.00305515480977
25-00908239,2025-11-26,2025-12-12,Closed,Other,Bylaw - Snow and Ice on Sidewalk,CS - Emergency Management and Community Safety,AUB,AUBURN BAY,Community Centrepoint,-113.95779514351894,50.89269507750196
25-00908243,2025-11-26,2025-11-27,Closed,App,Roads - Snow and Ice Control,OS - Mobility,SIG,SIGNAL HILL,Community Centrepoint,-114.17990702915992,51.023260171926054
25-00908252,2025-11-26,2025-12-11,Closed,Other,Bylaw - Snow and Ice on Sidewalk,CS - Emergency Management and Community Safety,FHT,FOREST HEIGHTS,Community Centrepoint,-113.96875793277384,51.04924314874295
25-00908255,2025-11-26,2025-11-27,Closed,App,Bylaw - Snow and Ice on Sidewalk,CS - Emergency Management and Community Safety,BOW,BOWNESS,Community Centrepoint,-114.188388474722,51.08334628834888
25-00908256,2025-11-26,2025-12-02,Closed,App,Bylaw - Snow and Ice on Sidewalk,CS - Emergency Management and Community Safety,CIT,CITADEL,Community Centrepoint,-114.18391232300922,51.14453732608978
25-00908257,2025-11-26,2025-11-27,Closed,App,Roads - Snow and Ice Control,OS - Mobility,MIS,MISSION,Community Centrepoint,-114.06808259035856,51.033157759251445
25-00908262,2025-11-26,2025-11-30,Closed,App,Roads - Pathway Snow and Ice Concerns,OS - Mobility,GAG,GARRISON GREEN,Community Centrepoint,-114.12452628199593,51.00305515480977
25-00908270,2025-11-26,2025-11-30,Closed,Other,Bylaw - Snow and Ice on Sidewalk,CS - Emergency Management and Community Safety,WAL,WALDEN,Community Centrepoint,-114.03261830805454,50.87040296671561
25-00908276,2025-11-26,2025-12-11,Closed,App,Bylaw - Snow and Ice on Sidewalk,CS - Emergency Management and Community Safety,MOP,MOUNT PLEASANT,Community Centrepoint,-114.07602998447167,51.074237909055896
25-00908282,2025-11-26,2025-11-29,Closed,Other,Roads - Snow and Ice Control,OS - Mobility,WWO,WOLF WILLOW,Community Centrepoint,-114.00862797996852,50.87070800655032
25-00908286,2025-11-26,2025-11-29,Closed,App,Roads - Snow and Ice Control,OS - Mobility,WAL,WALDEN,Community Centrepoint,-114.03261830805454,50.87040296671561
25-00908288,2025-11-26,2025-11-26,Duplicate (Closed),App,Roads - Snow and Ice Control,OS - Mobility,MCT,MCKENZIE TOWNE,Community Centrepoint,-113.96135301049588,50.917148761958515
25-00908300,2025-11-26,2025-12-02,Closed,Other,Bylaw - Snow and Ice on Sidewalk,CS - Emergency Management and Community Safety,CNS,CORNERSTONE,Community Centrepoint,-113.9305705256274,51.15735996767518
25-00908301,2025-11-26,2025-11-27,Closed,App,Roads - Snow and Ice Control,OS - Mobility,PAN,PANORAMA HILLS,Community Centrepoint,-114.08806340626408,51.15971101170789
25-00908306,2025-11-26,2025-11-27,Closed,Other,Roads - Snow and Ice Control,OS - Mobility,PCK,PINE CREEK,Community Centrepoint,-114.06786719699797,50.85631703837584
25-00908308,2025-11-26,2025-11-27,Closed,App,Roads - Snow and Ice Control,OS - Mobility,PAN,PANORAMA HILLS,Community Centrepoint,-114.08806340626408,51.15971101170789
25-00908316,2025-11-26,2025-12-02,Closed,Other,Bylaw - Snow and Ice on Sidewalk,CS - Emergency Management and Community Safety,CIT,CITADEL,Community Centrepoint,-114.18391232300922,51.14453732608978
25-00908319,2025-11-26,2025-12-11,Closed,Other,Bylaw - Snow and Ice on Sidewalk,CS - Emergency Management and Community Safety,WHL,WEST HILLHURST,Community Centrepoint,-114.11515850909426,51.05507951426751
25-00908322,2025-11-26,2025-11-27,Closed,App,Roads - Snow and Ice Control,OS - Mobility,MRN,MORAINE,Community Centrepoint,-114.10624310950396,51.19053873640371
25-00908332,2025-11-26,2025-12-02,Closed,Other,Bylaw - Snow and Ice on Sidewalk,CS - Emergency Management and Community Safety,BLN,BELTLINE,Community Centrepoint,-114.0551860888619,51.03743796399198
25-00908333,2025-11-26,2025-11-27,Closed,Other,Roads - Snow and Ice Control,OS - Mobility,DRG,DEER RIDGE,Community Centrepoint,-114.02023404987304,50.92657386979402
25-00908334,2025-11-26,2025-12-02,Closed,Other,Bylaw - Snow and Ice on Sidewalk,CS - Emergency Management and Community Safety,BLN,BELTLINE,Community Centrepoint,-114.0551860888619,51.03743796399198
25-00908335,2025-11-26,2025-12-12,Closed,App,Bylaw - Snow and Ice on Sidewalk,CS - Emergency Management and Community Safety,ALB,ALBERT PARK/RADISSON HEIGHTS,Community Centrepoint,-113.99677793526727,51.044532953156086
25-00908337,2025-11-26,2025-12-05,Closed,Other,Bylaw - Snow and Ice on Sidewalk,CS - Emergency Management and Community Safety,CRE,CRESCENT HEIGHTS,Community Centrepoint,-114.06161323521869,51.05949594746299
25-00908341,2025-11-26,2025-12-04,Closed,App,Bylaw - Snow and Ice on Sidewalk,CS - Emergency Management and Community Safety,ALB,ALBERT PARK/RADISSON HEIGHTS,Community Centrepoint,-113.99677793526727,51.044532953156086
25-00908343,2025-11-26,2025-12-02,Closed,Other,Bylaw - Snow and Ice on Sidewalk,CS - Emergency Management and Community Safety,RIC,RICHMOND,Community Centrepoint,-114.11842028929551,51.02971029545911
25-00908345,2025-11-26,2025-12-08,Closed,App,Bylaw - Snow and Ice on Sidewalk,CS - Emergency Management and Community Safety,ALB,ALBERT PARK/RADISSON HEIGHTS,Community Centrepoint,-113.99677793526727,51.044532953156086
25-00908346,2025-11-26,2025-11-29,Closed,App,Bylaw - Snow and Ice on Sidewalk,CS - Emergency Management and Community Safety,BNF,BANFF TRAIL,Community Centrepoint,-114.11512839717008,51.07420696879508
25-00908347,2025-11-26,2025-11-27,Closed,Other,Bylaw - Snow and Ice on Sidewalk,CS - Emergency Management and Community Safety,RIC,RICHMOND,Community Centrepoint,-114.11842028929551,51.02971029545911
25-00908353,2025-11-26,2025-11-29,Closed,App,Bylaw - Snow and Ice on Sidewalk,CS - Emergency Management and Community Safety,BNF,BANFF TRAIL,Community Centrepoint,-114.11512839717008,51.07420696879508
25-00908354,2025-11-26,2025-12-10,Duplicate (Closed),App,Bylaw - Snow and Ice on Sidewalk,CS - Emergency Management and Community Safety,ERL,ERLTON,Community Centrepoint,-114.06314803616586,51.02633258165659
25-00908356,2025-11-26,2025-11-29,Closed,App,Bylaw - Snow and Ice on Sidewalk,CS - Emergency Management and Community Safety,LIV,LIVINGSTON,Community Centrepoint,-114.06550619776098,51.18553606435354
25-00908360,2025-11-26,2025-11-30,Closed,Other,Roads - Snow and Ice Control,OS - Mobility,WBN,WOODBINE,Community Centrepoint,-114.1296281640212,50.940233262618435
25-00908366,2025-11-26,2025-11-30,Closed,App,Roads - Pathway Snow and Ice Concerns,OS - Mobility,BED,BEDDINGTON HEIGHTS,Community Centrepoint,-114.0849111408055,51.13164398595451
25-00908367,2025-11-26,2025-11-27,Closed,Other,Roads - Snow and Ice Control,OS - Mobility,RIC,RICHMOND,Community Centrepoint,-114.11842028929551,51.02971029545911
25-00908371,2025-11-26,2025-12-02,Closed,Other,Bylaw - Snow and Ice on Sidewalk,CS - Emergency Management and Community Safety,RIC,RICHMOND,Community Centrepoint,-114.11842028929551,51.02971029545911
25-00908373,2025-11-26,2025-11-27,Closed,Other,Bylaw - Snow and Ice on Sidewalk,CS - Emergency Management and Community Safety,RIC,RICHMOND,Community Centrepoint,-114.11842028929551,51.02971029545911
25-00908375,2025-11-26,2025-12-02,Closed,Other,Bylaw - Snow and Ice on Sidewalk,CS - Emergency Management and Community Safety,RIC,RICHMOND,Community Centrepoint,-114.11842028929551,51.02971029545911
25-00908377,2025-11-26,2025-12-02,Closed,Other,Bylaw - Snow and Ice on Sidewalk,CS - Emergency Management and Community Safety,RIC,RICHMOND,Community Centrepoint,-114.11842028929551,51.02971029545911
25-00908380,2025-11-26,2025-11-27,Closed,App,Bylaw - Snow and Ice on Sidewalk,CS - Emergency Management and Community Safety,BLN,BELTLINE,Community Centrepoint,-114.0551860888619,51.03743796399198
25-00908408,2025-11-26,2025-12-12,Closed,App,Bylaw - Snow and Ice on Sidewalk,CS - Emergency Management and Community Safety,WLD,WILDWOOD,Community Centrepoint,-114.15853861691733,51.0582582482502
25-00908410,2025-11-26,2025-12-18,Closed,App,Bylaw - Snow and Ice on Sidewalk,CS - Emergency Management and Community Safety,SPR,SPRUCE CLIFF,Community Centrepoint,-114.13627783911969,51.04865970828296
25-00908415,2025-11-26,2025-12-04,Closed,App,Bylaw - Snow and Ice on Sidewalk,CS - Emergency Management and Community Safety,SPR,SPRUCE CLIFF,Community Centrepoint,-114.13627783911969,51.04865970828296
25-00908418,2025-11-26,2025-12-12,Closed,App,Bylaw - Snow and Ice on Sidewalk,CS - Emergency Management and Community Safety,HSN,HASKAYNE,Community Centrepoint,-114.28669528468198,51.11697203676882
25-00908421,2025-11-26,2025-11-27,Closed,App,Roads - Snow and Ice Control,OS - Mobility,GBK,GLENBROOK,Community Centrepoint,-114.152694837935,51.02419405304613
25-00908423,2025-11-26,2025-11-27,Closed,Other,Roads - Snow and Ice Control,OS - Mobility,EFV,EAST FAIRVIEW INDUSTRIAL,Community Centrepoint,-114.03863977769733,50.98403287999368
25-00908424,2025-11-26,2025-12-06,Closed,App,Bylaw - Snow and Ice on Sidewalk,CS - Emergency Management and Community Safety,ST2,STONEY 2,Community Centrepoint,-114.01718259300952,51.14338378288947
25-00908427,2025-11-26,2025-12-01,Closed,App,Bylaw - Snow and Ice on Sidewalk,CS - Emergency Management and Community Safety,LKB,LAKE BONAVISTA,Community Centrepoint,-114.0512955606845,50.939598998272274
25-00908428,2025-11-26,2025-11-28,Closed,Other,Bylaw - Snow and Ice on Sidewalk,CS - Emergency Management and Community Safety,EAU,EAU CLAIRE,Community Centrepoint,-114.07282181932324,51.05360699412218
25-00908429,2025-11-26,2025-12-04,Closed,App,Bylaw - Snow and Ice on Sidewalk,CS - Emergency Management and Community Safety,ST2,STONEY 2,Community Centrepoint,-114.01718259300952,51.14338378288947
25-00908430,2025-11-26,2025-11-27,Duplicate (Closed),App,Roads - Snow and Ice Control,OS - Mobility,SET,SETON,Community Centrepoint,-113.94793123802644,50.874157663473184
25-00908437,2025-11-26,2025-11-27,Closed,App,Roads - Snow and Ice Control,OS - Mobility,RSN,REDSTONE,Community Centrepoint,-113.9575028271685,51.17044616888478
25-00908439,2025-11-26,2025-11-27,Closed,Other,Bylaw - Snow and Ice on Sidewalk,CS - Emergency Management and Community Safety,HIL,HILLHURST,Community Centrepoint,-114.09364601408991,51.057277532355
25-00908442,2025-11-26,2025-12-01,Closed,Other,Bylaw - Snow and Ice on Sidewalk,CS - Emergency Management and Community Safety,HIL,HILLHURST,Community Centrepoint,-114.09364601408991,51.057277532355
25-00908444,2025-11-26,2025-11-27,Closed,App,Roads - Snow and Ice Control,OS - Mobility,EVN,EVANSTON,Community Centrepoint,-114.11245112799344,51.1710848417942
25-00908447,2025-11-26,2025-11-27,Closed,Other,Roads - Snow and Ice Control,OS - Mobility,SET,SETON,Community Centrepoint,-113.94793123802644,50.874157663473184
25-00908450,2025-11-26,2025-12-01,Closed,Other,Bylaw - Snow and Ice on Sidewalk,CS - Emergency Management and Community Safety,HIL,HILLHURST,Community Centrepoint,-114.09364601408991,51.057277532355
25-00908452,2025-11-26,2025-12-02,Closed,App,Bylaw - Snow and Ice on Sidewalk,CS - Emergency Management and Community Safety,MCT,MCKENZIE TOWNE,Community Centrepoint,-113.96135301049588,50.917148761958515
25-00908457,2025-11-26,2025-12-02,Closed,App,Bylaw - Snow and Ice on Sidewalk,CS - Emergency Management and Community Safety,BOW,BOWNESS,Community Centrepoint,-114.188388474722,51.08334628834888
25-00908460,2025-11-26,2025-11-27,Duplicate (Closed),App,Roads - Snow and Ice Control,OS - Mobility,SET,SETON,Community Centrepoint,-113.94793123802644,50.874157663473184
25-00908485,2025-11-26,2026-04-17,Closed,App,Roads - Pathway Snow and Ice Concerns,OS - Mobility,UNI,UNIVERSITY HEIGHTS,Community Centrepoint,-114.13308657031322,51.07040418074353
25-00908488,2025-11-26,2025-11-29,Closed,App,Bylaw - Snow and Ice on Sidewalk,CS - Emergency Management and Community Safety,UNI,UNIVERSITY HEIGHTS,Community Centrepoint,-114.13308657031322,51.07040418074353
25-00908496,2025-11-26,2025-12-02,Closed,App,Bylaw - Snow and Ice on Sidewalk,CS - Emergency Management and Community Safety,HAY,HAYSBORO,Community Centrepoint,-114.08334023954264,50.97221484296711
25-00908497,2025-11-26,2025-12-12,Closed,App,Bylaw - Snow and Ice on Sidewalk,CS - Emergency Management and Community Safety,KIL,KILLARNEY/GLENGARRY,Community Centrepoint,-114.13173134426395,51.030131956517685
25-00908502,2025-11-26,2025-11-27,Closed,Other,Roads - Snow and Ice Control,OS - Mobility,GDL,GLENDALE,Community Centrepoint,-114.15271889005814,51.03337139240085
25-00908508,2025-11-26,2025-11-27,Closed,App,Roads - Snow and Ice Control,OS - Mobility,SOM,SOMERSET,Community Centrepoint,-114.08137551622823,50.898904177038276
25-00908523,2025-11-26,2025-11-27,Closed,Other,Roads - Snow and Ice Control,OS - Mobility,GBK,GLENBROOK,Community Centrepoint,-114.152694837935,51.02419405304613
25-00908534,2025-11-26,2025-12-10,Closed,Other,Bylaw - Snow and Ice on Sidewalk,CS - Emergency Management and Community Safety,SDC,SUNDANCE,Community Centrepoint,-114.04212569181468,50.90180436956538
25-00908542,2025-11-26,2025-11-27,Closed,Other,Roads - Snow and Ice Control,OS - Mobility,FVI,FAIRVIEW INDUSTRIAL,Community Centrepoint,-114.0687807458538,50.98701006465201
25-00908552,2025-11-26,2025-12-03,Closed,Other,Bylaw - Snow and Ice on Sidewalk,CS - Emergency Management and Community Safety,HPK,HIGHLAND PARK,Community Centrepoint,-114.0620558477436,51.08801817919036
25-00908557,2025-11-26,2025-12-11,Closed,App,Bylaw - Snow and Ice on Sidewalk,CS - Emergency Management and Community Safety,DOV,DOVER,Community Centrepoint,-113.99305400906276,51.02256772313628
25-00908559,2025-11-26,2025-11-27,Closed,Other,Roads - Snow and Ice Control,OS - Mobility,CAN,CANYON MEADOWS,Community Centrepoint,-114.0820063458848,50.94095720926748
25-00908563,2025-11-27,2025-12-03,Closed,Other,Bylaw - Snow and Ice on Sidewalk,CS - Emergency Management and Community Safety,NOL,NOLAN HILL,Community Centrepoint,-114.16646528704749,51.175353209856
25-00908565,2025-11-27,2025-11-27,Closed,App,Roads - Snow and Ice Control,OS - Mobility,ESH,EAST SHEPARD INDUSTRIAL,Community Centrepoint,-113.95096996432171,50.951309838058904
25-00908576,2025-11-27,2025-11-27,Closed,App,Roads - Snow and Ice Control,OS - Mobility,DDG,DOUGLASDALE/GLEN,Community Centrepoint,-114.01190805579247,50.94844437258388
25-00908585,2025-11-27,2025-11-29,Closed,App,Roads - Pathway Snow and Ice Concerns,OS - Mobility,SHN,SHAWNESSY,Community Centrepoint,-114.07397621253683,50.90337303234254
25-00908586,2025-11-27,2025-11-29,Closed,App,Roads - Pathway Snow and Ice Concerns,OS - Mobility,SHN,SHAWNESSY,Community Centrepoint,-114.07397621253683,50.90337303234254
25-00908588,2025-11-27,2025-11-29,Closed,App,Roads - Pathway Snow and Ice Concerns,OS - Mobility,SHN,SHAWNESSY,Community Centrepoint,-114.07397621253683,50.90337303234254
25-00908594,2025-11-27,2025-11-27,Closed,Other,Roads - Snow and Ice Control,OS - Mobility,WSP,WEST SPRINGS,Community Centrepoint,-114.20668628482738,51.05977296984733
25-00908599,2025-11-27,2026-04-17,Closed,App,Roads - Pathway Snow and Ice Concerns,OS - Mobility,COV,COVENTRY HILLS,Community Centrepoint,-114.05313423182986,51.164928068908395
25-00908603,2025-11-27,2026-01-23,Closed,App,Bylaw - Snow and Ice on Sidewalk,CS - Emergency Management and Community Safety,MPK,MARLBOROUGH PARK,Community Centrepoint,-113.9467026472926,51.05969024495795
25-00908610,2025-11-27,2025-12-02,Closed,App,Bylaw - Snow and Ice on Sidewalk,CS - Emergency Management and Community Safety,CIT,CITADEL,Community Centrepoint,-114.18391232300922,51.14453732608978
25-00908615,2025-11-27,2025-12-02,Closed,App,Bylaw - Snow and Ice on Sidewalk,CS - Emergency Management and Community Safety,CIT,CITADEL,Community Centrepoint,-114.18391232300922,51.14453732608978
25-00908616,2025-11-27,2025-12-02,Closed,App,Bylaw - Snow and Ice on Sidewalk,CS - Emergency Management and Community Safety,CIT,CITADEL,Community Centrepoint,-114.18391232300922,51.14453732608978
25-00908621,2025-11-27,2025-12-02,Closed,App,Bylaw - Snow and Ice on Sidewalk,CS - Emergency Management and Community Safety,CIT,CITADEL,Community Centrepoint,-114.18391232300922,51.14453732608978
25-00908622,2025-11-27,2025-12-02,Closed,App,Bylaw - Snow and Ice on Sidewalk,CS - Emergency Management and Community Safety,CIT,CITADEL,Community Centrepoint,-114.18391232300922,51.14453732608978
25-00908624,2025-11-27,2025-12-13,Closed,Other,Bylaw - Snow and Ice on Sidewalk,CS - Emergency Management and Community Safety,COL,COLLINGWOOD,Community Centrepoint,-114.10240362227502,51.08350990629627
25-00908625,2025-11-27,2025-12-02,Closed,App,Bylaw - Snow and Ice on Sidewalk,CS - Emergency Management and Community Safety,CIT,CITADEL,Community Centrepoint,-114.18391232300922,51.14453732608978
25-00908626,2025-11-27,2025-11-27,Closed,App,Bylaw - Snow and Ice on Sidewalk,CS - Emergency Management and Community Safety,CIT,CITADEL,Community Centrepoint,-114.18391232300922,51.14453732608978
25-00908628,2025-11-27,2025-12-02,Closed,App,Bylaw - Snow and Ice on Sidewalk,CS - Emergency Management and Community Safety,CIT,CITADEL,Community Centrepoint,-114.18391232300922,51.14453732608978
25-00908636,2025-11-27,2025-11-30,Closed,App,Bylaw - Snow and Ice on Sidewalk,CS - Emergency Management and Community Safety,EYA,ELBOYA,Community Centrepoint,-114.07360459021533,51.01299334608024
25-00908637,2025-11-27,2025-12-01,Closed,Other,Bylaw - Snow and Ice on Sidewalk,CS - Emergency Management and Community Safety,GDL,GLENDALE,Community Centrepoint,-114.15271889005814,51.03337139240085
25-00908640,2025-11-27,2025-12-02,Closed,Other,Bylaw - Snow and Ice on Sidewalk,CS - Emergency Management and Community Safety,ARB,ARBOUR LAKE,Community Centrepoint,-114.20766602126564,51.13260178567984
25-00908642,2025-11-27,2025-11-27,Closed,App,Bylaw - Snow and Ice on Sidewalk,CS - Emergency Management and Community Safety,BNK,BANKVIEW,Community Centrepoint,-114.10048318979052,51.034127528143316
25-00908649,2025-11-27,2025-12-01,Closed,App,Bylaw - Snow and Ice on Sidewalk,CS - Emergency Management and Community Safety,SHG,SHAGANAPPI,Community Centrepoint,-114.1266528552515,51.04521146641257
25-00908653,2025-11-27,2025-11-28,Closed,App,Roads - Snow and Ice Control,OS - Mobility,CNS,CORNERSTONE,Community Centrepoint,-113.9305705256274,51.15735996767518
25-00908656,2025-11-27,2025-11-27,Closed,App,Bylaw - Snow and Ice on Sidewalk,CS - Emergency Management and Community Safety,MEA,MEADOWLARK PARK,Community Centrepoint,-114.07735167071785,50.99785784458241
25-00908661,2025-11-27,2025-11-28,Closed,App,Roads - Pathway Snow and Ice Concerns,OS - Mobility,CRA,CRANSTON,Community Centrepoint,-113.98000403324248,50.87819416673358
25-00908674,2025-11-27,2025-11-27,Closed,App,Roads - Pathway Snow and Ice Concerns,OS - Mobility,SSD,SUNNYSIDE,Community Centrepoint,-114.07902910930612,51.05641953338241
25-00908680,2025-11-27,2025-11-29,Closed,App,Roads - Snow and Ice Control,OS - Mobility,WAL,WALDEN,Community Centrepoint,-114.03261830805454,50.87040296671561
25-00908692,2025-11-27,2025-11-28,Closed,Other,Roads - Pathway Snow and Ice Concerns,OS - Mobility,CSC,CITYSCAPE,Community Centrepoint,-113.9612580314835,51.14703155759964
25-00908698,2025-11-27,2025-11-29,Closed,App,Roads - Pathway Snow and Ice Concerns,OS - Mobility,CRA,CRANSTON,Community Centrepoint,-113.98000403324248,50.87819416673358
25-00908701,2025-11-27,2025-11-29,Closed,App,Roads - Pathway Snow and Ice Concerns,OS - Mobility,CRA,CRANSTON,Community Centrepoint,-113.98000403324248,50.87819416673358
25-00908704,2025-11-27,2025-12-02,Closed,Other,Bylaw - Snow and Ice on Sidewalk,CS - Emergency Management and Community Safety,KIL,KILLARNEY/GLENGARRY,Community Centrepoint,-114.13173134426395,51.030131956517685
25-00908705,2025-11-27,2025-12-03,Closed,Other,Bylaw - Snow and Ice on Sidewalk,CS - Emergency Management and Community Safety,HAY,HAYSBORO,Community Centrepoint,-114.08334023954264,50.97221484296711
25-00908706,2025-11-27,2025-11-30,Closed,App,Roads - Snow and Ice Control,OS - Mobility,COU,COUNTRY HILLS,Community Centrepoint,-114.07989377479912,51.14377568374259
25-00908716,2025-11-27,2025-12-01,Closed,App,Roads - Pathway Snow and Ice Concerns,OS - Mobility,DNC,DOWNTOWN COMMERCIAL CORE,Community Centrepoint,-114.06959371115344,51.0472744358498
25-00908717,2025-11-27,2025-11-27,Closed,Other,Roads - Snow and Ice Control,OS - Mobility,MCT,MCKENZIE TOWNE,Community Centrepoint,-113.96135301049588,50.917148761958515
25-00908719,2025-11-27,2025-11-28,Closed,Other,Roads - Pathway Snow and Ice Concerns,OS - Mobility,SAD,SADDLE RIDGE,Community Centrepoint,-113.94562252266888,51.13057324276626
25-00908723,2025-11-27,2025-11-28,Closed,Other,Roads - Snow and Ice Control,OS - Mobility,EVN,EVANSTON,Community Centrepoint,-114.11245112799344,51.1710848417942
25-00908725,2025-11-27,2025-11-28,Closed,Other,Roads - Snow and Ice Control,OS - Mobility,ABR,AMBLERIDGE,Community Centrepoint,-114.13040415902356,51.19049484626561
25-00908728,2025-11-27,2025-12-12,Closed,App,Bylaw - Snow and Ice on Sidewalk,CS - Emergency Management and Community Safety,RCK,ROSSCARROCK,Community Centrepoint,-114.14548590929746,51.04328787200739
25-00908742,2025-11-27,2025-12-02,Closed,App,Bylaw - Snow and Ice on Sidewalk,CS - Emergency Management and Community Safety,AUB,AUBURN BAY,Community Centrepoint,-113.95779514351894,50.89269507750196
25-00908747,2025-11-27,2025-12-03,Closed,App,Bylaw - Snow and Ice on Sidewalk,CS - Emergency Management and Community Safety,AUB,AUBURN BAY,Community Centrepoint,-113.95779514351894,50.89269507750196
25-00908762,2025-11-27,2025-12-03,Closed,App,Bylaw - Snow and Ice on Sidewalk,CS - Emergency Management and Community Safety,MOP,MOUNT PLEASANT,Community Centrepoint,-114.07602998447167,51.074237909055896
25-00908774,2025-11-27,2025-12-01,Closed,App,Bylaw - Snow and Ice on Sidewalk,CS - Emergency Management and Community Safety,GDL,GLENDALE,Community Centrepoint,-114.15271889005814,51.03337139240085
25-00908779,2025-11-27,2025-12-02,Closed,App,Bylaw - Snow and Ice on Sidewalk,CS - Emergency Management and Community Safety,HAY,HAYSBORO,Community Centrepoint,-114.08334023954264,50.97221484296711
25-00908780,2025-11-27,2025-11-28,Closed,Other,Roads - Pathway Snow and Ice Concerns,OS - Mobility,WIN,WINSTON HEIGHTS/MOUNTVIEW,Community Centrepoint,-114.04184874950612,51.07529880280739
25-00908783,2025-11-27,2025-11-30,Closed,Other,Bylaw - Snow and Ice on Sidewalk,CS - Emergency Management and Community Safety,WWO,WOLF WILLOW,Community Centrepoint,-114.00862797996852,50.87070800655032
25-00908799,2025-11-27,2025-12-06,Closed,Other,Bylaw - Snow and Ice on Sidewalk,CS - Emergency Management and Community Safety,SKR,SKYVIEW RANCH,Community Centrepoint,-113.958374560746,51.156126735611394
25-00908803,2025-11-27,2025-11-30,Closed,Other,Roads - Pathway Snow and Ice Concerns,OS - Mobility,PKL,PARKLAND,Community Centrepoint,-114.02822405924384,50.920841901943966
25-00908805,2025-11-27,2025-12-04,Closed,Other,Bylaw - Snow and Ice on Sidewalk,CS - Emergency Management and Community Safety,SKR,SKYVIEW RANCH,Community Centrepoint,-113.958374560746,51.156126735611394
25-00908806,2025-11-27,2025-11-27,Closed,Other,Roads - Snow and Ice Control,OS - Mobility,MIS,MISSION,Community Centrepoint,-114.06808259035856,51.033157759251445
25-00908807,2025-11-27,2025-12-04,Closed,Other,Bylaw - Snow and Ice on Sidewalk,CS - Emergency Management and Community Safety,SKR,SKYVIEW RANCH,Community Centrepoint,-113.958374560746,51.156126735611394
25-00908809,2025-11-27,2025-11-28,Closed,Other,Roads - Snow and Ice Control,OS - Mobility,PAN,PANORAMA HILLS,Community Centrepoint,-114.08806340626408,51.15971101170789
25-00908810,2025-11-27,2025-11-27,Closed,Other,Bylaw - Snow and Ice on Sidewalk,CS - Emergency Management and Community Safety,BRD,BRIDGELAND/RIVERSIDE,Community Centrepoint,-114.03507983816613,51.05055069499901
25-00908814,2025-11-27,2025-11-27,Closed,Other,Roads - Snow and Ice Control,OS - Mobility,KIL,KILLARNEY/GLENGARRY,Community Centrepoint,-114.13173134426395,51.030131956517685
25-00908826,2025-11-27,2025-12-01,Closed,App,Roads - Pathway Snow and Ice Concerns,OS - Mobility,DNC,DOWNTOWN COMMERCIAL CORE,Community Centrepoint,-114.06959371115344,51.0472744358498
25-00908835,2025-11-27,2025-11-28,Closed,Other,Bylaw - Snow and Ice on Sidewalk,CS - Emergency Management and Community Safety,BLN,BELTLINE,Community Centrepoint,-114.0551860888619,51.03743796399198
25-00908837,2025-11-27,2025-12-11,Closed,Other,Bylaw - Snow and Ice on Sidewalk,CS - Emergency Management and Community Safety,MON,MONTGOMERY,Community Centrepoint,-114.16224821352388,51.071076143699045
25-00908842,2025-11-27,2025-12-12,Closed,Other,Bylaw - Snow and Ice on Sidewalk,CS - Emergency Management and Community Safety,BLN,BELTLINE,Community Centrepoint,-114.0551860888619,51.03743796399198
25-00908843,2025-11-27,2025-11-30,Closed,Other,Bylaw - Snow and Ice on Sidewalk,CS - Emergency Management and Community Safety,MON,MONTGOMERY,Community Centrepoint,-114.16224821352388,51.071076143699045
25-00908852,2025-11-27,2025-11-27,Closed,Other,Roads - Snow and Ice Control,OS - Mobility,MNI,MANCHESTER INDUSTRIAL,Community Centrepoint,-114.0572224672051,51.01325599042462
25-00908873,2025-11-27,2025-11-27,Closed,Other,Roads - Snow and Ice Control,OS - Mobility,FAI,FAIRVIEW,Community Centrepoint,-114.0603609439821,50.98538212195565
25-00908879,2025-11-27,2025-11-29,Closed,Other,Roads - Snow and Ice Control,OS - Mobility,AUB,AUBURN BAY,Community Centrepoint,-113.95779514351894,50.89269507750196
25-00908882,2025-11-27,2025-12-03,Closed,App,Bylaw - Snow and Ice on Sidewalk,CS - Emergency Management and Community Safety,MAL,MAYLAND HEIGHTS,Community Centrepoint,-114.01331127510768,51.06083217926603
25-00908885,2025-11-27,2025-11-27,Closed,App,Roads - Snow and Ice Control,OS - Mobility,SOM,SOMERSET,Community Centrepoint,-114.08137551622823,50.898904177038276
25-00908905,2025-11-27,2025-12-01,Closed,Other,Bylaw - Snow and Ice on Sidewalk,CS - Emergency Management and Community Safety,MON,MONTGOMERY,Community Centrepoint,-114.16224821352388,51.071076143699045
25-00908908,2025-11-27,2025-12-11,Closed,Other,Bylaw - Snow and Ice on Sidewalk,CS - Emergency Management and Community Safety,MON,MONTGOMERY,Community Centrepoint,-114.16224821352388,51.071076143699045
25-00908916,2025-11-27,2025-12-01,Closed,Other,Bylaw - Snow and Ice on Sidewalk,CS - Emergency Management and Community Safety,MON,MONTGOMERY,Community Centrepoint,-114.16224821352388,51.071076143699045
25-00908918,2025-11-27,2025-11-28,Closed,App,Roads - Snow and Ice Control,OS - Mobility,PAN,PANORAMA HILLS,Community Centrepoint,-114.08806340626408,51.15971101170789
25-00908919,2025-11-27,2025-11-27,Duplicate (Closed),App,Roads - Snow and Ice Control,OS - Mobility,DNC,DOWNTOWN COMMERCIAL CORE,Community Centrepoint,-114.06959371115344,51.0472744358498
25-00908924,2025-11-27,2025-12-01,Closed,Other,Bylaw - Snow and Ice on Sidewalk,CS - Emergency Management and Community Safety,MON,MONTGOMERY,Community Centrepoint,-114.16224821352388,51.071076143699045
25-00908933,2025-11-27,2025-11-27,Closed,Other,Roads - Snow and Ice Control,OS - Mobility,SHS,SHAWNEE SLOPES,Community Centrepoint,-114.08580210790822,50.92618812780506
25-00908934,2025-11-27,2025-11-27,Closed,Other,Roads - Snow and Ice Control,OS - Mobility,GPK,GLENMORE PARK,Community Centrepoint,-114.13153145583588,50.990468420200145
25-00908938,2025-11-27,2025-11-30,Closed,Other,Bylaw - Snow and Ice on Sidewalk,CS - Emergency Management and Community Safety,MON,MONTGOMERY,Community Centrepoint,-114.16224821352388,51.071076143699045
25-00908944,2025-11-27,2025-11-27,Closed,Other,Bylaw - Snow and Ice on Sidewalk,CS - Emergency Management and Community Safety,MIS,MISSION,Community Centrepoint,-114.06808259035856,51.033157759251445
25-00908947,2025-11-27,2025-12-01,Closed,Other,Bylaw - Snow and Ice on Sidewalk,CS - Emergency Management and Community Safety,MON,MONTGOMERY,Community Centrepoint,-114.16224821352388,51.071076143699045
25-00908948,2025-11-27,2025-12-01,Closed,Other,Bylaw - Snow and Ice on Sidewalk,CS - Emergency Management and Community Safety,MON,MONTGOMERY,Community Centrepoint,-114.16224821352388,51.071076143699045
25-00908950,2025-11-27,2025-12-01,Closed,Other,Bylaw - Snow and Ice on Sidewalk,CS - Emergency Management and Community Safety,MON,MONTGOMERY,Community Centrepoint,-114.16224821352388,51.071076143699045
25-00908951,2025-11-27,2025-11-30,Closed,App,Roads - Pathway Snow and Ice Concerns,OS - Mobility,GPK,GLENMORE PARK,Community Centrepoint,-114.13153145583588,50.990468420200145
25-00908953,2025-11-27,2025-12-01,Closed,Other,Bylaw - Snow and Ice on Sidewalk,CS - Emergency Management and Community Safety,VAR,VARSITY,Community Centrepoint,-114.162506759502,51.09605377080581
25-00908958,2025-11-27,2025-12-02,Closed,App,Bylaw - Snow and Ice on Sidewalk,CS - Emergency Management and Community Safety,SSD,SUNNYSIDE,Community Centrepoint,-114.07902910930612,51.05641953338241
25-00908962,2025-11-27,2025-11-30,Closed,Other,Bylaw - Snow and Ice on Sidewalk,CS - Emergency Management and Community Safety,MON,MONTGOMERY,Community Centrepoint,-114.16224821352388,51.071076143699045
25-00908968,2025-11-27,2025-11-30,Closed,Other,Bylaw - Snow and Ice on Sidewalk,CS - Emergency Management and Community Safety,SCA,SCARBORO,Community Centrepoint,-114.10717502442168,51.04076520075529
25-00908971,2025-11-27,2025-12-01,Closed,Other,Bylaw - Snow and Ice on Sidewalk,CS - Emergency Management and Community Safety,GDL,GLENDALE,Community Centrepoint,-114.15271889005814,51.03337139240085
25-00908974,2025-11-27,2025-12-21,Closed,App,Roads - Pathway Snow and Ice Concerns,OS - Mobility,ALB,ALBERT PARK/RADISSON HEIGHTS,Community Centrepoint,-113.99677793526727,51.044532953156086
25-00908998,2025-11-27,2025-11-27,Closed,Other,Roads - Snow and Ice Control,OS - Mobility,PIN,PINERIDGE,Community Centrepoint,-113.9467616936152,51.07424750638858
25-00909001,2025-11-27,2025-11-27,Closed,Other,Roads - Snow and Ice Control,OS - Mobility,MNI,MANCHESTER INDUSTRIAL,Community Centrepoint,-114.0572224672051,51.01325599042462
25-00909013,2025-11-27,2025-12-21,Closed,App,Roads - Pathway Snow and Ice Concerns,OS - Mobility,DNC,DOWNTOWN COMMERCIAL CORE,Community Centrepoint,-114.06959371115344,51.0472744358498
25-00909015,2025-11-27,2025-11-28,Closed,Other,Bylaw - Snow and Ice on Sidewalk,CS - Emergency Management and Community Safety,CHN,CHINATOWN,Community Centrepoint,-114.06552190579262,51.05282359517956
25-00909016,2025-11-27,2025-11-30,Closed,App,Roads - Pathway Snow and Ice Concerns,OS - Mobility,CNS,CORNERSTONE,Community Centrepoint,-113.9305705256274,51.15735996767518
25-00909028,2025-11-27,2025-11-28,Duplicate (Closed),App,Roads - Snow and Ice Control,OS - Mobility,LIV,LIVINGSTON,Community Centrepoint,-114.06550619776098,51.18553606435354
25-00909049,2025-11-27,2025-11-27,Closed,Other,Roads - Snow and Ice Control,OS - Mobility,MNI,MANCHESTER INDUSTRIAL,Community Centrepoint,-114.0572224672051,51.01325599042462
25-00909057,2025-11-27,2025-12-21,Closed,App,Roads - Pathway Snow and Ice Concerns,OS - Mobility,VAL,VALLEY RIDGE,Community Centrepoint,-114.25129743656922,51.09538869219599
25-00909075,2025-11-27,2025-11-27,Closed,Other,Roads - Snow and Ice Control,OS - Mobility,MCT,MCKENZIE TOWNE,Community Centrepoint,-113.96135301049588,50.917148761958515
25-00909077,2025-11-27,2025-12-10,Closed,App,Bylaw - Snow and Ice on Sidewalk,CS - Emergency Management and Community Safety,UMR,UPPER MOUNT ROYAL,Community Centrepoint,-114.08502568683475,51.02997367691996
25-00909078,2025-11-27,2025-11-27,Duplicate (Closed),Other,Roads - Snow and Ice Control,OS - Mobility,MCT,MCKENZIE TOWNE,Community Centrepoint,-113.96135301049588,50.917148761958515
25-00909096,2025-11-27,2025-12-19,Closed,App,Bylaw - Snow and Ice on Sidewalk,CS - Emergency Management and Community Safety,UMR,UPPER MOUNT ROYAL,Community Centrepoint,-114.08502568683475,51.02997367691996
25-00909097,2025-11-27,2025-12-01,Closed,App,Bylaw - Snow and Ice on Sidewalk,CS - Emergency Management and Community Safety,RAM,RAMSAY,Community Centrepoint,-114.04253229079256,51.03641206430803
25-00909109,2025-11-27,2025-11-27,Closed,Other,Bylaw - Snow and Ice on Sidewalk,CS - Emergency Management and Community Safety,CAP,CAPITOL HILL,Community Centrepoint,-114.09463117970957,51.072665279064736
25-00909112,2025-11-27,2025-11-27,Closed,Other,Roads - Snow and Ice Control,OS - Mobility,BLN,BELTLINE,Community Centrepoint,-114.0551860888619,51.03743796399198
25-00909116,2025-11-27,2025-12-02,Closed,App,Bylaw - Snow and Ice on Sidewalk,CS - Emergency Management and Community Safety,UMR,UPPER MOUNT ROYAL,Community Centrepoint,-114.08502568683475,51.02997367691996
25-00909117,2025-11-27,2025-11-28,Closed,App,Roads - Snow and Ice Control,OS - Mobility,SIL,SILVER SPRINGS,Community Centrepoint,-114.19626862637182,51.10427448199788
25-00909118,2025-11-27,2025-11-27,Closed,Other,Bylaw - Snow and Ice on Sidewalk,CS - Emergency Management and Community Safety,HAR,HARVEST HILLS,Community Centrepoint,-114.05277830448232,51.14767656521987
25-00909145,2025-11-27,2025-11-28,Duplicate (Closed),Other,Roads - Snow and Ice Control,OS - Mobility,PAN,PANORAMA HILLS,Community Centrepoint,-114.08807155795826,51.15970929560302
25-00909201,2025-11-27,2025-12-01,Closed,App,Roads - Pathway Snow and Ice Concerns,OS - Mobility,MOP,MOUNT PLEASANT,Community Centrepoint,-114.07602998447167,51.074237909055896
25-00909210,2025-11-27,2025-12-12,Closed,Other,Bylaw - Snow and Ice on Sidewalk,CS - Emergency Management and Community Safety,CAM,CAMBRIAN HEIGHTS,Community Centrepoint,-114.08937896523608,51.0843391726819
25-00909212,2025-11-27,2025-12-04,Closed,Other,Bylaw - Snow and Ice on Sidewalk,CS - Emergency Management and Community Safety,CNS,CORNERSTONE,Community Centrepoint,-113.9305705256274,51.15735996767518
25-00909215,2025-11-27,2025-11-27,Closed,Other,Roads - Snow and Ice Control,OS - Mobility,SOM,SOMERSET,Community Centrepoint,-114.08137551622823,50.898904177038276
25-00909223,2025-11-27,2025-12-04,Closed,Other,Bylaw - Snow and Ice on Sidewalk,CS - Emergency Management and Community Safety,CNS,CORNERSTONE,Community Centrepoint,-113.9305705256274,51.15735996767518
25-00909231,2025-11-27,2025-12-04,Closed,Other,Bylaw - Snow and Ice on Sidewalk,CS - Emergency Management and Community Safety,CNS,CORNERSTONE,Community Centrepoint,-113.9305705256274,51.15735996767518
25-00909244,2025-11-27,2025-12-18,Closed,Other,Bylaw - Snow and Ice on Sidewalk,CS - Emergency Management and Community Safety,TAR,TARADALE,Community Centrepoint,-113.934002077972,51.11794016367547
25-00909251,2025-11-27,2025-12-02,Closed,App,Bylaw - Snow and Ice on Sidewalk,CS - Emergency Management and Community Safety,WHI,WHITEHORN,Community Centrepoint,-113.97006247520194,51.08877824664194
25-00909259,2025-11-27,2025-11-27,Duplicate (Closed),Other,Roads - Snow and Ice Control,OS - Mobility,MCT,MCKENZIE TOWNE,Community Centrepoint,-113.96135301049588,50.917148761958515
25-00909260,2025-11-27,2025-12-10,Closed,App,Bylaw - Snow and Ice on Sidewalk,CS - Emergency Management and Community Safety,WHI,WHITEHORN,Community Centrepoint,-113.97006247520194,51.08877824664194
25-00909269,2025-11-27,2025-11-30,Closed,Other,Bylaw - Snow and Ice on Sidewalk,CS - Emergency Management and Community Safety,MID,MIDNAPORE,Community Centrepoint,-114.05748430704033,50.915602456819094
25-00909279,2025-11-27,2025-11-30,Closed,Other,Bylaw - Snow and Ice on Sidewalk,CS - Emergency Management and Community Safety,MID,MIDNAPORE,Community Centrepoint,-114.05748430704033,50.915602456819094
25-00909282,2025-11-27,2025-12-11,Closed,Other,Bylaw - Snow and Ice on Sidewalk,CS - Emergency Management and Community Safety,MAL,MAYLAND HEIGHTS,Community Centrepoint,-114.01331127510768,51.06083217926603
25-00909287,2025-11-27,2025-11-29,Closed,Other,Roads - Pathway Snow and Ice Concerns,OS - Mobility,WSP,WEST SPRINGS,Community Centrepoint,-114.20668628482738,51.05977296984733
25-00909288,2025-11-27,2025-12-03,Closed,Other,Bylaw - Snow and Ice on Sidewalk,CS - Emergency Management and Community Safety,MOP,MOUNT PLEASANT,Community Centrepoint,-114.07602998447167,51.074237909055896
25-00909292,2025-11-27,2025-12-04,Closed,Other,Bylaw - Snow and Ice on Sidewalk,CS - Emergency Management and Community Safety,MAL,MAYLAND HEIGHTS,Community Centrepoint,-114.01331127596195,51.06083218163849
25-00909296,2025-11-27,2025-11-28,Closed,Other,Roads - Snow and Ice Control,OS - Mobility,PAN,PANORAMA HILLS,Community Centrepoint,-114.08806340626408,51.15971101170789
25-00909302,2025-11-27,2025-11-27,Closed,Other,Bylaw - Snow and Ice on Sidewalk,CS - Emergency Management and Community Safety,DNC,DOWNTOWN COMMERCIAL CORE,Community Centrepoint,-114.06959371115344,51.0472744358498
25-00909313,2025-11-27,2025-12-02,Closed,Other,Bylaw - Snow and Ice on Sidewalk,CS - Emergency Management and Community Safety,CIT,CITADEL,Community Centrepoint,-114.18391232300922,51.14453732608978
25-00909319,2025-11-27,2025-12-04,Closed,Other,Bylaw - Snow and Ice on Sidewalk,CS - Emergency Management and Community Safety,SKR,SKYVIEW RANCH,Community Centrepoint,-113.958374560746,51.156126735611394
25-00909321,2025-11-27,2025-12-04,Closed,Other,Roads - Pathway Snow and Ice Concerns,OS - Mobility,SET,SETON,Community Centrepoint,-113.94793123802644,50.874157663473184
25-00909323,2025-11-27,2025-12-02,Closed,Other,Bylaw - Snow and Ice on Sidewalk,CS - Emergency Management and Community Safety,CIT,CITADEL,Community Centrepoint,-114.18391232300922,51.14453732608978
25-00909326,2025-11-27,2025-12-18,Closed,Other,Roads - Pathway Snow and Ice Concerns,OS - Mobility,MID,MIDNAPORE,Community Centrepoint,-114.05748430704033,50.915602456819094
25-00909329,2025-11-27,2025-12-02,Closed,Other,Bylaw - Snow and Ice on Sidewalk,CS - Emergency Management and Community Safety,CIT,CITADEL,Community Centrepoint,-114.18391232300922,51.14453732608978
25-00909335,2025-11-27,2025-12-02,Closed,Other,Bylaw - Snow and Ice on Sidewalk,CS - Emergency Management and Community Safety,CIT,CITADEL,Community Centrepoint,-114.18393693294524,51.1445387597689
25-00909340,2025-11-27,2025-12-13,Closed,Other,Bylaw - Snow and Ice on Sidewalk,CS - Emergency Management and Community Safety,SAD,SADDLE RIDGE,Community Centrepoint,-113.94562252266888,51.13057324276626
25-00909360,2025-11-27,2025-11-27,Closed,Other,Roads - Snow and Ice Control,OS - Mobility,FVI,FAIRVIEW INDUSTRIAL,Community Centrepoint,-114.0687807458538,50.98701006465201
25-00909366,2025-11-27,2025-12-06,Closed,App,Bylaw - Snow and Ice on Sidewalk,CS - Emergency Management and Community Safety,CSC,CITYSCAPE,Community Centrepoint,-113.9612580314835,51.14703155759964
25-00909369,2025-11-27,2025-12-01,Closed,Other,Roads - Pathway Snow and Ice Concerns,OS - Mobility,MAH,MAHOGANY,Community Centrepoint,-113.92463385892704,50.895943916674454
25-00909373,2025-11-27,2025-12-02,Closed,Other,Bylaw - Snow and Ice on Sidewalk,CS - Emergency Management and Community Safety,CIT,CITADEL,Community Centrepoint,-114.18391232300922,51.14453732608978
25-00909377,2025-11-27,2025-11-28,Closed,Other,Roads - Snow and Ice Control,OS - Mobility,CNS,CORNERSTONE,Community Centrepoint,-113.9305705256274,51.15735996767518
25-00909382,2025-11-27,2025-12-02,Closed,Other,Bylaw - Snow and Ice on Sidewalk,CS - Emergency Management and Community Safety,CIT,CITADEL,Community Centrepoint,-114.18391232300922,51.14453732608978
25-00909383,2025-11-27,2025-11-30,Closed,Other,Roads - Snow and Ice Control,OS - Mobility,SSD,SUNNYSIDE,Community Centrepoint,-114.07902910930612,51.05641953338241
25-00909400,2025-11-27,2025-11-28,Closed,Other,Roads - Pathway Snow and Ice Concerns,OS - Mobility,COV,COVENTRY HILLS,Community Centrepoint,-114.0531434069748,51.16490633093188
25-00909403,2025-11-27,2025-12-02,Closed,App,Roads - Pathway Snow and Ice Concerns,OS - Mobility,GPK,GLENMORE PARK,Community Centrepoint,-114.13153145583588,50.990468420200145
25-00909415,2025-11-27,2025-12-02,Closed,App,Roads - Pathway Snow and Ice Concerns,OS - Mobility,ROC,ROCKY RIDGE,Community Centrepoint,-114.24590791801704,51.14407647959192
25-00909420,2025-11-27,2025-12-08,Closed,Other,Bylaw - Snow and Ice on Sidewalk,CS - Emergency Management and Community Safety,ROC,ROCKY RIDGE,Community Centrepoint,-114.24590791801704,51.14407647959192
25-00909426,2025-11-27,2025-12-02,Closed,App,Roads - Pathway Snow and Ice Concerns,OS - Mobility,ING,INGLEWOOD,Community Centrepoint,-114.01912581291118,51.03414052413669
25-00909427,2025-11-27,2025-11-27,Closed,Other,Roads - Snow and Ice Control,OS - Mobility,MNI,MANCHESTER INDUSTRIAL,Community Centrepoint,-114.0572224672051,51.01325599042462
25-00909433,2025-11-27,2025-11-29,Closed,Other,Bylaw - Snow and Ice on Sidewalk,CS - Emergency Management and Community Safety,BRE,BRENTWOOD,Community Centrepoint,-114.13591917398958,51.09606553683618
25-00909437,2025-11-27,2025-11-27,Closed,Other,Roads - Snow and Ice Control,OS - Mobility,UND,UNIVERSITY DISTRICT,Community Centrepoint,-114.14496478087015,51.07385411823227
25-00909440,2025-11-27,2025-11-27,Closed,Other,Roads - Snow and Ice Control,OS - Mobility,WIL,WILLOW PARK,Community Centrepoint,-114.05619550452296,50.956623796804834
25-00909448,2025-11-27,2025-11-27,Closed,Other,Roads - Snow and Ice Control,OS - Mobility,MNI,MANCHESTER INDUSTRIAL,Community Centrepoint,-114.0572224672051,51.01325599042462
25-00909460,2025-11-27,2025-11-27,Closed,Other,Roads - Snow and Ice Control,OS - Mobility,FVI,FAIRVIEW INDUSTRIAL,Community Centrepoint,-114.0687807458538,50.98701006465201
25-00909464,2025-11-27,2025-11-27,Closed,Other,Roads - Snow and Ice Control,OS - Mobility,CLI,CLIFF BUNGALOW,Community Centrepoint,-114.07490165596712,51.03393319537453
25-00909469,2025-11-27,2025-12-04,Closed,App,Bylaw - Snow and Ice on Sidewalk,CS - Emergency Management and Community Safety,ALB,ALBERT PARK/RADISSON HEIGHTS,Community Centrepoint,-113.99677793526727,51.044532953156086
25-00909475,2025-11-27,2025-11-28,Closed,Other,Roads - Snow and Ice Control,OS - Mobility,HID,HIDDEN VALLEY,Community Centrepoint,-114.11960923256338,51.15193708483775
25-00909484,2025-11-27,2026-01-02,Closed,App,Bylaw - Snow and Ice on Sidewalk,CS - Emergency Management and Community Safety,ALB,ALBERT PARK/RADISSON HEIGHTS,Community Centrepoint,-113.99677793526727,51.044532953156086
25-00909496,2025-11-27,2025-12-04,Closed,Other,Bylaw - Snow and Ice on Sidewalk,CS - Emergency Management and Community Safety,BNF,BANFF TRAIL,Community Centrepoint,-114.11512839717008,51.07420696879508
25-00909522,2025-11-27,2025-11-27,Closed,Other,Roads - Snow and Ice Control,OS - Mobility,MON,MONTGOMERY,Community Centrepoint,-114.16224821352388,51.071076143699045
25-00909524,2025-11-27,2025-12-02,Closed,Other,Roads - Pathway Snow and Ice Concerns,OS - Mobility,TUS,TUSCANY,Community Centrepoint,-114.2408862053562,51.12191108825487
25-00909534,2025-11-27,2025-12-01,Closed,Other,Roads - Snow and Ice Control,OS - Mobility,HUN,HUNTINGTON HILLS,Community Centrepoint,-114.06670855606806,51.11758074861446
25-00909539,2025-11-27,2025-12-06,Closed,Other,Bylaw - Snow and Ice on Sidewalk,CS - Emergency Management and Community Safety,ACA,ACADIA,Community Centrepoint,-114.05369601618196,50.972415073979406
25-00909556,2025-11-27,2025-11-27,Closed,Other,Roads - Snow and Ice Control,OS - Mobility,SSD,SUNNYSIDE,Community Centrepoint,-114.07902910930612,51.05641953338241
25-00909561,2025-11-27,2025-11-28,Closed,Other,Roads - Snow and Ice Control,OS - Mobility,SGH,SAGE HILL,Community Centrepoint,-114.14068609335126,51.175616973412424
25-00909569,2025-11-27,2025-11-27,Duplicate (Closed),Other,Roads - Snow and Ice Control,OS - Mobility,DNW,DOWNTOWN WEST END,Community Centrepoint,-114.08777935920996,51.04796914082405
25-00909595,2025-11-27,2025-12-05,Closed,Other,Bylaw - Snow and Ice on Sidewalk,CS - Emergency Management and Community Safety,TAR,TARADALE,Community Centrepoint,-113.934002077972,51.11794016367547
25-00909601,2025-11-27,2025-11-30,Closed,Other,Bylaw - Snow and Ice on Sidewalk,CS - Emergency Management and Community Safety,LEG,LEGACY,Community Centrepoint,-114.00597971885598,50.85760046185492
25-00909610,2025-11-27,2025-12-09,Closed,Other,Bylaw - Snow and Ice on Sidewalk,CS - Emergency Management and Community Safety,TAR,TARADALE,Community Centrepoint,-113.934002077972,51.11794016367547
25-00909612,2025-11-27,2025-11-28,Closed,App,Roads - Snow and Ice Control,OS - Mobility,EVN,EVANSTON,Community Centrepoint,-114.11245112799344,51.1710848417942
25-00909615,2025-11-27,2025-11-28,Closed,App,Roads - Pathway Snow and Ice Concerns,OS - Mobility,SET,SETON,Community Centrepoint,-113.94793123802644,50.874157663473184
25-00909636,2025-11-27,2025-11-28,Closed,App,Roads - Snow and Ice Control,OS - Mobility,EVN,EVANSTON,Community Centrepoint,-114.11245112799344,51.1710848417942
25-00909641,2025-11-27,2025-12-05,Closed,Other,Bylaw - Snow and Ice on Sidewalk,CS - Emergency Management and Community Safety,TAR,TARADALE,Community Centrepoint,-113.934002077972,51.11794016367547
25-00909642,2025-11-27,2025-11-29,Closed,Other,Roads - Snow and Ice Control,OS - Mobility,MAH,MAHOGANY,Community Centrepoint,-113.92463385892704,50.895943916674454
25-00909649,2025-11-27,2025-12-05,Closed,Other,Bylaw - Snow and Ice on Sidewalk,CS - Emergency Management and Community Safety,TAR,TARADALE,Community Centrepoint,-113.934002077972,51.11794016367547
25-00909651,2025-11-27,2025-11-27,Duplicate (Closed),Other,Roads - Snow and Ice Control,OS - Mobility,MNI,MANCHESTER INDUSTRIAL,Community Centrepoint,-114.0572224672051,51.01325599042462
25-00909658,2025-11-27,2025-12-05,Closed,Other,Bylaw - Snow and Ice on Sidewalk,CS - Emergency Management and Community Safety,TAR,TARADALE,Community Centrepoint,-113.934002077972,51.11794016367547
25-00909663,2025-11-27,2025-12-04,Closed,App,Bylaw - Snow and Ice on Sidewalk,CS - Emergency Management and Community Safety,UNI,UNIVERSITY HEIGHTS,Community Centrepoint,-114.13308657031322,51.07040418074353
25-00909664,2025-11-27,2025-11-30,Closed,App,Bylaw - Snow and Ice on Sidewalk,CS - Emergency Management and Community Safety,MAF,MAYFAIR,Community Centrepoint,-114.08895573448396,50.99581204363445
25-00909670,2025-11-27,2025-12-09,Closed,Other,Bylaw - Snow and Ice on Sidewalk,CS - Emergency Management and Community Safety,TAR,TARADALE,Community Centrepoint,-113.934002077972,51.11794016367547
25-00909678,2025-11-27,2025-12-05,Closed,Other,Bylaw - Snow and Ice on Sidewalk,CS - Emergency Management and Community Safety,TAR,TARADALE,Community Centrepoint,-113.934002077972,51.11794016367547
25-00909689,2025-11-27,2025-12-02,Closed,Other,Roads - Pathway Snow and Ice Concerns,OS - Mobility,MON,MONTGOMERY,Community Centrepoint,-114.16224821352388,51.071076143699045
25-00909696,2025-11-27,2025-12-05,Closed,Other,Bylaw - Snow and Ice on Sidewalk,CS - Emergency Management and Community Safety,TAR,TARADALE,Community Centrepoint,-113.934002077972,51.11794016367547
25-00909711,2025-11-27,2025-11-28,Closed,Other,Roads - Pathway Snow and Ice Concerns,OS - Mobility,ROC,ROCKY RIDGE,Community Centrepoint,-114.24590791801704,51.14407647959192
25-00909714,2025-11-27,2025-12-05,Closed,Other,Bylaw - Snow and Ice on Sidewalk,CS - Emergency Management and Community Safety,TAR,TARADALE,Community Centrepoint,-113.934002077972,51.11794016367547
25-00909719,2025-11-27,2025-12-09,Closed,Other,Bylaw - Snow and Ice on Sidewalk,CS - Emergency Management and Community Safety,TAR,TARADALE,Community Centrepoint,-113.934002077972,51.11794016367547
25-00909724,2025-11-27,2025-11-27,Closed,Other,Roads - Snow and Ice Control,OS - Mobility,MAF,MAYFAIR,Community Centrepoint,-114.08895573448396,50.99581204363445
25-00909738,2025-11-27,2025-12-01,Closed,Other,Roads - Pathway Snow and Ice Concerns,OS - Mobility,HIL,HILLHURST,Community Centrepoint,-114.09364601408991,51.057277532355
25-00909743,2025-11-27,2025-11-29,Closed,Other,Roads - Snow and Ice Control,OS - Mobility,LEG,LEGACY,Community Centrepoint,-114.00597971885598,50.85760046185492
25-00909744,2025-11-27,2025-11-29,Closed,Other,Roads - Snow and Ice Control,OS - Mobility,BRI,BRIDLEWOOD,Community Centrepoint,-114.11020921039947,50.89921921581604
25-00909748,2025-11-27,2025-12-11,Closed,Other,Bylaw - Snow and Ice on Sidewalk,CS - Emergency Management and Community Safety,CHA,CHAPARRAL,Community Centrepoint,-114.02566896242004,50.88467311348729
25-00909760,2025-11-27,2025-12-05,Closed,Other,Bylaw - Snow and Ice on Sidewalk,CS - Emergency Management and Community Safety,TAR,TARADALE,Community Centrepoint,-113.934002077972,51.11794016367547
25-00909764,2025-11-27,2025-11-27,Closed,Other,Roads - Snow and Ice Control,OS - Mobility,HAY,HAYSBORO,Community Centrepoint,-114.08334023954264,50.97221484296711
25-00909766,2025-11-27,2025-12-05,Closed,Other,Bylaw - Snow and Ice on Sidewalk,CS - Emergency Management and Community Safety,TAR,TARADALE,Community Centrepoint,-113.934002077972,51.11794016367547
25-00909769,2025-11-27,2025-11-29,Closed,Other,Roads - Snow and Ice Control,OS - Mobility,ESH,EAST SHEPARD INDUSTRIAL,Community Centrepoint,-113.95096996432171,50.951309838058904
25-00909772,2025-11-27,2025-12-05,Closed,Other,Bylaw - Snow and Ice on Sidewalk,CS - Emergency Management and Community Safety,TAR,TARADALE,Community Centrepoint,-113.934002077972,51.11794016367547
25-00909781,2025-11-27,2025-12-02,Closed,Other,Roads - Pathway Snow and Ice Concerns,OS - Mobility,GPK,GLENMORE PARK,Community Centrepoint,-114.13153145583588,50.990468420200145
25-00909787,2025-11-27,2025-11-28,Closed,App,Roads - Snow and Ice Control,OS - Mobility,MDH,MEDICINE HILL,Community Centrepoint,-114.20014671120823,51.0791836745871
25-00909806,2025-11-27,2025-11-27,Closed,Other,Roads - Snow and Ice Control,OS - Mobility,FVI,FAIRVIEW INDUSTRIAL,Community Centrepoint,-114.0687807458538,50.98701006465201
25-00909808,2025-11-27,2025-12-01,Closed,Other,Bylaw - Snow and Ice on Sidewalk,CS - Emergency Management and Community Safety,WAL,WALDEN,Community Centrepoint,-114.03261830805454,50.87040296671561
25-00909826,2025-11-27,2025-11-28,Closed,App,Roads - Pathway Snow and Ice Concerns,OS - Mobility,RYV,ROYAL VISTA,Community Centrepoint,-114.20423704320623,51.14942181059219
25-00909827,2025-11-27,2025-11-27,Closed,App,Bylaw - Snow and Ice on Sidewalk,CS - Emergency Management and Community Safety,WND,WINDSOR PARK,Community Centrepoint,-114.08355224178275,51.0050454446197
25-00909831,2025-11-27,2025-11-30,Closed,Other,Roads - Snow and Ice Control,OS - Mobility,HUN,HUNTINGTON HILLS,Community Centrepoint,-114.06670855606806,51.11758074861446
25-00909839,2025-11-27,2025-11-27,Duplicate (Closed),Other,Roads - Snow and Ice Control,OS - Mobility,FVI,FAIRVIEW INDUSTRIAL,Community Centrepoint,-114.0687807458538,50.98701006465201
25-00909843,2025-11-27,2025-12-12,Closed,Other,Bylaw - Snow and Ice on Sidewalk,CS - Emergency Management and Community Safety,SSD,SUNNYSIDE,Community Centrepoint,-114.07902910930612,51.05641953338241
25-00909852,2025-11-27,2025-11-27,Closed,App,Bylaw - Snow and Ice on Sidewalk,CS - Emergency Management and Community Safety,WND,WINDSOR PARK,Community Centrepoint,-114.08355224178275,51.0050454446197
25-00909853,2025-11-27,2025-11-27,Closed,Other,Bylaw - Snow and Ice on Sidewalk,CS - Emergency Management and Community Safety,DIS,DISCOVERY RIDGE,Community Centrepoint,-114.2177187770391,51.016091532917656
25-00909868,2025-11-27,2025-11-27,Closed,App,Bylaw - Snow and Ice on Sidewalk,CS - Emergency Management and Community Safety,TEM,TEMPLE,Community Centrepoint,-113.94676645519942,51.08879880716327
25-00909872,2025-11-27,2025-11-28,Closed,Other,Bylaw - Snow and Ice on Sidewalk,CS - Emergency Management and Community Safety,ARB,ARBOUR LAKE,Community Centrepoint,-114.20766602126564,51.13260178567984
25-00909876,2025-11-27,2025-11-28,Closed,App,Roads - Snow and Ice Control,OS - Mobility,CNS,CORNERSTONE,Community Centrepoint,-113.9305705256274,51.15735996767518
25-00909878,2025-11-27,2025-11-28,Closed,Other,Bylaw - Snow and Ice on Sidewalk,CS - Emergency Management and Community Safety,ARB,ARBOUR LAKE,Community Centrepoint,-114.20766602126564,51.13260178567984
25-00909886,2025-11-27,2025-12-12,Closed,App,Bylaw - Snow and Ice on Sidewalk,CS - Emergency Management and Community Safety,TEM,TEMPLE,Community Centrepoint,-113.94676645519942,51.08879880716327
25-00909894,2025-11-27,2025-11-27,Closed,Other,Roads - Snow and Ice Control,OS - Mobility,TUX,TUXEDO PARK,Community Centrepoint,-114.06104493215648,51.07421777221349
25-00909907,2025-11-27,2026-04-17,Closed,Other,Roads - Pathway Snow and Ice Concerns,OS - Mobility,CGR,COUGAR RIDGE,Community Centrepoint,-114.20940375769098,51.07188085202837
25-00909917,2025-11-27,2025-12-11,Closed,Other,Bylaw - Snow and Ice on Sidewalk,CS - Emergency Management and Community Safety,BOW,BOWNESS,Community Centrepoint,-114.188388474722,51.08334628834888
25-00909918,2025-11-27,2025-12-11,Closed,Other,Bylaw - Snow and Ice on Sidewalk,CS - Emergency Management and Community Safety,BOW,BOWNESS,Community Centrepoint,-114.188388474722,51.08334628834888
25-00909923,2025-11-27,2025-12-11,Closed,App,Bylaw - Snow and Ice on Sidewalk,CS - Emergency Management and Community Safety,BRI,BRIDLEWOOD,Community Centrepoint,-114.11020921039947,50.89921921581604
25-00909927,2025-11-27,2025-12-11,Closed,App,Bylaw - Snow and Ice on Sidewalk,CS - Emergency Management and Community Safety,BRI,BRIDLEWOOD,Community Centrepoint,-114.11020921039947,50.89921921581604
25-00909971,2025-11-27,2025-11-28,Closed,Other,Roads - Snow and Ice Control,OS - Mobility,HIL,HILLHURST,Community Centrepoint,-114.09364601408991,51.057277532355
25-00909975,2025-11-27,2025-12-03,Closed,Other,Bylaw - Snow and Ice on Sidewalk,CS - Emergency Management and Community Safety,RIC,RICHMOND,Community Centrepoint,-114.11842028929551,51.02971029545911
25-00909988,2025-11-27,2025-12-01,Closed,Other,Bylaw - Snow and Ice on Sidewalk,CS - Emergency Management and Community Safety,BNF,BANFF TRAIL,Community Centrepoint,-114.11512839717008,51.07420696879508
25-00909996,2025-11-27,2025-11-28,Closed,Other,Roads - Pathway Snow and Ice Concerns,OS - Mobility,EVE,EVERGREEN,Community Centrepoint,-114.11569352503209,50.91870443401208
25-00910003,2025-11-27,2025-11-28,Closed,Other,Roads - Pathway Snow and Ice Concerns,OS - Mobility,EVE,EVERGREEN,Community Centrepoint,-114.11569352503209,50.91870443401208
25-00910015,2025-11-27,2025-12-01,Closed,App,Roads - Pathway Snow and Ice Concerns,OS - Mobility,DNC,DOWNTOWN COMMERCIAL CORE,Community Centrepoint,-114.06959371115344,51.0472744358498
25-00910023,2025-11-27,2025-12-01,Closed,App,Roads - Pathway Snow and Ice Concerns,OS - Mobility,RDL,ROSEDALE,Community Centrepoint,-114.07820713414688,51.06268666385911
25-00910030,2025-11-27,2025-12-02,Closed,App,Roads - Pathway Snow and Ice Concerns,OS - Mobility,PCK,PINE CREEK,Community Centrepoint,-114.06786719699797,50.85631703837584
25-00910034,2025-11-27,2026-01-13,Closed,Other,Bylaw - Snow and Ice on Sidewalk,CS - Emergency Management and Community Safety,FHT,FOREST HEIGHTS,Community Centrepoint,-113.96875793277384,51.04924314874295
25-00910044,2025-11-27,2025-11-27,Closed,Other,Roads - Snow and Ice Control,OS - Mobility,DOV,DOVER,Community Centrepoint,-113.99305400906276,51.02256772313628
25-00910048,2025-11-27,2025-12-02,Closed,Other,Bylaw - Snow and Ice on Sidewalk,CS - Emergency Management and Community Safety,BLN,BELTLINE,Community Centrepoint,-114.0551860888619,51.03743796399198
25-00910061,2025-11-27,2025-11-30,Closed,Other,Roads - Snow and Ice Control,OS - Mobility,HUN,HUNTINGTON HILLS,Community Centrepoint,-114.06670855606806,51.11758074861446
25-00910066,2025-11-27,2025-12-21,Closed,App,Roads - Pathway Snow and Ice Concerns,OS - Mobility,LPK,LINCOLN PARK,Community Centrepoint,-114.12999189961278,51.01027374391133
25-00910075,2025-11-27,2025-11-27,Closed,Other,Roads - Snow and Ice Control,OS - Mobility,SIG,SIGNAL HILL,Community Centrepoint,-114.17990702915992,51.023260171926054
25-00910082,2025-11-27,2025-11-27,Closed,Other,Bylaw - Snow and Ice on Sidewalk,CS - Emergency Management and Community Safety,DNC,DOWNTOWN COMMERCIAL CORE,Community Centrepoint,-114.06959371115344,51.0472744358498
25-00910086,2025-11-27,2025-12-11,Closed,App,Bylaw - Snow and Ice on Sidewalk,CS - Emergency Management and Community Safety,PIN,PINERIDGE,Community Centrepoint,-113.9467616936152,51.07424750638858
25-00910087,2025-11-27,2025-12-11,Closed,App,Bylaw - Snow and Ice on Sidewalk,CS - Emergency Management and Community Safety,PIN,PINERIDGE,Community Centrepoint,-113.9467616936152,51.07424750638858
25-00910094,2025-11-27,2025-12-04,Closed,Other,Bylaw - Snow and Ice on Sidewalk,CS - Emergency Management and Community Safety,RDL,ROSEDALE,Community Centrepoint,-114.07820713414688,51.06268666385911
25-00910098,2025-11-27,2025-12-01,Closed,App,Roads - Pathway Snow and Ice Concerns,OS - Mobility,MON,MONTGOMERY,Community Centrepoint,-114.16224821352388,51.071076143699045
25-00910104,2025-11-27,2025-11-28,Closed,Other,Roads - Snow and Ice Control,OS - Mobility,CIA,CALGARY INTERNATIONAL AIRPORT,Community Centrepoint,-114.01171665690268,51.12355645461996
25-00910112,2025-11-27,2025-11-30,Closed,Other,Roads - Snow and Ice Control,OS - Mobility,BED,BEDDINGTON HEIGHTS,Community Centrepoint,-114.0849111408055,51.13164398595451
25-00910126,2025-11-27,2025-12-01,Closed,App,Bylaw - Snow and Ice on Sidewalk,CS - Emergency Management and Community Safety,PIN,PINERIDGE,Community Centrepoint,-113.9467616936152,51.07424750638858
25-00910129,2025-11-27,2025-11-29,Closed,Other,Roads - Snow and Ice Control,OS - Mobility,MAH,MAHOGANY,Community Centrepoint,-113.92463385892704,50.895943916674454
25-00910138,2025-11-27,2025-12-11,Closed,Other,Bylaw - Snow and Ice on Sidewalk,CS - Emergency Management and Community Safety,RUN,RUNDLE,Community Centrepoint,-113.97005350368742,51.07423887665301
25-00910142,2025-11-27,2025-11-27,Closed,Other,Roads - Snow and Ice Control,OS - Mobility,DIS,DISCOVERY RIDGE,Community Centrepoint,-114.2177187770391,51.016091532917656
25-00910164,2025-11-27,2025-11-28,Closed,Other,Roads - Snow and Ice Control,OS - Mobility,PKD,PARKDALE,Community Centrepoint,-114.13533325689389,51.05994755127784
25-00910165,2025-11-27,2025-11-28,Closed,App,Roads - Pathway Snow and Ice Concerns,OS - Mobility,GDL,GLENDALE,Community Centrepoint,-114.15271889005814,51.03337139240085
25-00910167,2025-11-27,2025-11-29,Closed,App,Roads - Pathway Snow and Ice Concerns,OS - Mobility,ARB,ARBOUR LAKE,Community Centrepoint,-114.2076749807532,51.13259471210095
25-00910171,2025-11-27,2025-11-27,Closed,Other,Bylaw - Snow and Ice on Sidewalk,CS - Emergency Management and Community Safety,DNC,DOWNTOWN COMMERCIAL CORE,Community Centrepoint,-114.06959371115344,51.0472744358498
25-00910173,2025-11-27,2025-12-12,Closed,Other,Bylaw - Snow and Ice on Sidewalk,CS - Emergency Management and Community Safety,CAS,CASTLERIDGE,Community Centrepoint,-113.96102973195768,51.10525413516706
25-00910186,2025-11-27,2025-11-27,Closed,App,Bylaw - Snow and Ice on Sidewalk,CS - Emergency Management and Community Safety,BOW,BOWNESS,Community Centrepoint,-114.188388474722,51.08334628834888
25-00910199,2025-11-27,2025-12-04,Closed,Other,Bylaw - Snow and Ice on Sidewalk,CS - Emergency Management and Community Safety,TUS,TUSCANY,Community Centrepoint,-114.2408862053562,51.12191108825487
25-00910239,2025-11-27,2025-12-02,Closed,App,Bylaw - Snow and Ice on Sidewalk,CS - Emergency Management and Community Safety,HID,HIDDEN VALLEY,Community Centrepoint,-114.11960923256338,51.15193708483775
25-00910247,2025-11-27,2025-11-30,Closed,App,Bylaw - Snow and Ice on Sidewalk,CS - Emergency Management and Community Safety,MLR,MILLRISE,Community Centrepoint,-114.08491413864552,50.91705536774364
25-00910257,2025-11-27,2025-12-10,Closed,App,Bylaw - Snow and Ice on Sidewalk,CS - Emergency Management and Community Safety,WHI,WHITEHORN,Community Centrepoint,-113.97006247520194,51.08877824664194
25-00910266,2025-11-27,2025-12-02,Closed,Other,Bylaw - Snow and Ice on Sidewalk,CS - Emergency Management and Community Safety,BLN,BELTLINE,Community Centrepoint,-114.0551860888619,51.03743796399198
25-00910289,2025-11-27,2025-11-30,Closed,App,Roads - Snow and Ice Control,OS - Mobility,MAC,MACEWAN GLEN,Community Centrepoint,-114.11521349389096,51.13771903702536
25-00910300,2025-11-27,2025-11-30,Closed,Other,Bylaw - Snow and Ice on Sidewalk,CS - Emergency Management and Community Safety,WHL,WEST HILLHURST,Community Centrepoint,-114.11515850909426,51.05507951426751
25-00910313,2025-11-27,2025-11-28,Duplicate (Closed),App,Roads - Snow and Ice Control,OS - Mobility,LIV,LIVINGSTON,Community Centrepoint,-114.06550619776098,51.18553606435354
25-00910316,2025-11-27,2025-12-11,Closed,Other,Bylaw - Snow and Ice on Sidewalk,CS - Emergency Management and Community Safety,WHL,WEST HILLHURST,Community Centrepoint,-114.11515850909426,51.05507951426751
25-00910318,2025-11-27,2025-12-04,Closed,Other,Bylaw - Snow and Ice on Sidewalk,CS - Emergency Management and Community Safety,SCE,SCENIC ACRES,Community Centrepoint,-114.21734033796923,51.11270738649579
25-00910322,2025-11-27,2025-11-28,Closed,App,Roads - Snow and Ice Control,OS - Mobility,FAI,FAIRVIEW,Community Centrepoint,-114.0603609439821,50.98538212195565
25-00910323,2025-11-27,2026-01-30,Closed,App,Bylaw - Snow and Ice on Sidewalk,CS - Emergency Management and Community Safety,APP,APPLEWOOD PARK,Community Centrepoint,-113.9277970051382,51.04487898168024
25-00910344,2025-11-27,2025-12-01,Closed,Other,Roads - Pathway Snow and Ice Concerns,OS - Mobility,GPK,GLENMORE PARK,Community Centrepoint,-114.13153145583588,50.990468420200145
25-00910383,2025-11-27,2026-01-30,Closed,Other,Bylaw - Snow and Ice on Sidewalk,CS - Emergency Management and Community Safety,CRA,CRANSTON,Community Centrepoint,-113.98000403324248,50.87819416673358
25-00910398,2025-11-27,2025-11-27,Closed,Other,Bylaw - Snow and Ice on Sidewalk,CS - Emergency Management and Community Safety,MNI,MANCHESTER INDUSTRIAL,Community Centrepoint,-114.0572224672051,51.01325599042462
25-00910399,2025-11-27,2025-12-04,Closed,Other,Bylaw - Snow and Ice on Sidewalk,CS - Emergency Management and Community Safety,BRD,BRIDGELAND/RIVERSIDE,Community Centrepoint,-114.03507983816613,51.05055069499901
25-00910400,2025-11-27,2025-11-29,Closed,App,Roads - Pathway Snow and Ice Concerns,OS - Mobility,PKL,PARKLAND,Community Centrepoint,-114.02822405924384,50.920841901943966
25-00910409,2025-11-27,2025-12-02,Closed,Other,Bylaw - Snow and Ice on Sidewalk,CS - Emergency Management and Community Safety,BOW,BOWNESS,Community Centrepoint,-114.188388474722,51.08334628834888
25-00910410,2025-11-27,2025-12-15,Closed,App,Bylaw - Snow and Ice on Sidewalk,CS - Emergency Management and Community Safety,NOL,NOLAN HILL,Community Centrepoint,-114.16646528704749,51.175353209856
25-00910411,2025-11-27,2025-11-28,Closed,App,Roads - Snow and Ice Control,OS - Mobility,ST3,STONEY 3,Community Centrepoint,-113.97583513108812,51.14703268645852
25-00910415,2025-11-27,2025-11-30,Closed,Other,Roads - Snow and Ice Control,OS - Mobility,DNC,DOWNTOWN COMMERCIAL CORE,Community Centrepoint,-114.06959371115344,51.0472744358498
25-00910418,2025-11-27,2025-11-28,Closed,Other,Roads - Pathway Snow and Ice Concerns,OS - Mobility,KIL,KILLARNEY/GLENGARRY,Community Centrepoint,-114.13173134426395,51.030131956517685
25-00910435,2025-11-27,2025-11-28,Closed,App,Roads - Snow and Ice Control,OS - Mobility,EVN,EVANSTON,Community Centrepoint,-114.11245112799344,51.1710848417942
25-00910455,2025-11-27,2025-11-29,Closed,Other,Roads - Snow and Ice Control,OS - Mobility,CHA,CHAPARRAL,Community Centrepoint,-114.02566896242004,50.88467311348729
25-00910493,2025-11-27,2025-11-28,Closed,Other,Roads - Snow and Ice Control,OS - Mobility,HSN,HASKAYNE,Community Centrepoint,-114.28669528468198,51.11697203676882
25-00910506,2025-11-27,2025-11-28,Closed,App,Roads - Pathway Snow and Ice Concerns,OS - Mobility,SNA,SUNALTA,Community Centrepoint,-114.10148594325246,51.04295989297799
25-00910518,2025-11-27,2025-11-29,Closed,App,Roads - Pathway Snow and Ice Concerns,OS - Mobility,EAU,EAU CLAIRE,Community Centrepoint,-114.07282181932324,51.05360699412218
25-00910530,2025-11-27,2025-12-21,Closed,App,Roads - Pathway Snow and Ice Concerns,OS - Mobility,EAU,EAU CLAIRE,Community Centrepoint,-114.07282181932324,51.05360699412218
25-00910531,2025-11-27,2025-12-21,Closed,App,Roads - Pathway Snow and Ice Concerns,OS - Mobility,EAU,EAU CLAIRE,Community Centrepoint,-114.07282181932324,51.05360699412218
25-00910540,2025-11-27,2025-11-27,Closed,Other,Roads - Snow and Ice Control,OS - Mobility,SCE,SCENIC ACRES,Community Centrepoint,-114.21734033796923,51.11270738649579
25-00910543,2025-11-27,2025-11-28,Closed,Other,Roads - Pathway Snow and Ice Concerns,OS - Mobility,HOU,HOUNSFIELD HEIGHTS/BRIAR HILL,Community Centrepoint,-114.10572976666074,51.063179539196874
25-00910552,2025-11-27,2025-11-27,Closed,Other,Roads - Snow and Ice Control,OS - Mobility,GLA,GLAMORGAN,Community Centrepoint,-114.15322733578051,51.015116804134095
25-00910569,2025-11-27,2025-11-28,Closed,Other,Roads - Snow and Ice Control,OS - Mobility,PKD,PARKDALE,Community Centrepoint,-114.13533325689389,51.05994755127784
25-00910570,2025-11-27,2025-12-01,Closed,App,Roads - Pathway Snow and Ice Concerns,OS - Mobility,BOW,BOWNESS,Community Centrepoint,-114.188388474722,51.08334628834888
25-00910573,2025-11-27,2025-12-10,Closed,Other,Bylaw - Snow and Ice on Sidewalk,CS - Emergency Management and Community Safety,UMR,UPPER MOUNT ROYAL,Community Centrepoint,-114.08502568683475,51.02997367691996
25-00910589,2025-11-27,2025-12-02,Closed,Other,Bylaw - Snow and Ice on Sidewalk,CS - Emergency Management and Community Safety,CNS,CORNERSTONE,Community Centrepoint,-113.9305705256274,51.15735996767518
25-00910590,2025-11-27,2025-12-17,Closed,App,Bylaw - Snow and Ice on Sidewalk,CS - Emergency Management and Community Safety,BLN,BELTLINE,Community Centrepoint,-114.0551860888619,51.03743796399198
25-00910591,2025-11-27,2025-11-29,Closed,App,Roads - Pathway Snow and Ice Concerns,OS - Mobility,COV,COVENTRY HILLS,Community Centrepoint,-114.0531434069748,51.16490633093188
25-00910598,2025-11-27,2025-12-04,Closed,Other,Bylaw - Snow and Ice on Sidewalk,CS - Emergency Management and Community Safety,SPR,SPRUCE CLIFF,Community Centrepoint,-114.13627783911969,51.04865970828296
25-00910600,2025-11-27,2025-11-28,Closed,App,Bylaw - Snow and Ice on Sidewalk,CS - Emergency Management and Community Safety,HAM,HAMPTONS,Community Centrepoint,-114.14668841065269,51.14509558933835
25-00910602,2025-11-27,2025-12-05,Closed,Other,Bylaw - Snow and Ice on Sidewalk,CS - Emergency Management and Community Safety,WLD,WILDWOOD,Community Centrepoint,-114.15853861691733,51.0582582482502
25-00910606,2025-11-27,2025-12-02,Closed,App,Bylaw - Snow and Ice on Sidewalk,CS - Emergency Management and Community Safety,BLN,BELTLINE,Community Centrepoint,-114.0551860888619,51.03743796399198
25-00910615,2025-11-27,2025-12-02,Closed,App,Bylaw - Snow and Ice on Sidewalk,CS - Emergency Management and Community Safety,BOW,BOWNESS,Community Centrepoint,-114.188388474722,51.08334628834888
25-00910622,2025-11-27,2025-12-07,Closed,App,Bylaw - Snow and Ice on Sidewalk,CS - Emergency Management and Community Safety,BOW,BOWNESS,Community Centrepoint,-114.188388474722,51.08334628834888
25-00910623,2025-11-27,2025-12-11,Closed,Other,Bylaw - Snow and Ice on Sidewalk,CS - Emergency Management and Community Safety,BED,BEDDINGTON HEIGHTS,Community Centrepoint,-114.0849111408055,51.13164398595451
25-00910644,2025-11-27,2025-12-02,Closed,Other,Bylaw - Snow and Ice on Sidewalk,CS - Emergency Management and Community Safety,SSD,SUNNYSIDE,Community Centrepoint,-114.07902910930612,51.05641953338241
25-00910646,2025-11-27,2025-12-01,Closed,App,Roads - Pathway Snow and Ice Concerns,OS - Mobility,BNF,BANFF TRAIL,Community Centrepoint,-114.11512839717008,51.07420696879508
25-00910667,2025-11-27,2025-11-28,Closed,Other,Roads - Snow and Ice Control,OS - Mobility,CAN,CANYON MEADOWS,Community Centrepoint,-114.0820063458848,50.94095720926748
25-00910670,2025-11-27,2025-11-28,Closed,App,Roads - Snow and Ice Control,OS - Mobility,MNI,MANCHESTER INDUSTRIAL,Community Centrepoint,-114.0572224672051,51.01325599042462
25-00910676,2025-11-27,2025-12-02,Closed,Other,Bylaw - Snow and Ice on Sidewalk,CS - Emergency Management and Community Safety,SSD,SUNNYSIDE,Community Centrepoint,-114.07902910930612,51.05641953338241
25-00910679,2025-11-27,2025-12-02,Closed,App,Bylaw - Snow and Ice on Sidewalk,CS - Emergency Management and Community Safety,BOW,BOWNESS,Community Centrepoint,-114.188388474722,51.08334628834888
25-00910683,2025-11-27,2025-11-28,Closed,Other,Roads - Pathway Snow and Ice Concerns,OS - Mobility,CLI,CLIFF BUNGALOW,Community Centrepoint,-114.07490165596712,51.03393319537453
25-00910702,2025-11-27,2025-11-28,Closed,App,Roads - Snow and Ice Control,OS - Mobility,SHI,SHEPARD INDUSTRIAL,Community Centrepoint,-113.99278635609627,50.96149445575939
25-00910714,2025-11-27,2025-11-28,Closed,App,Roads - Pathway Snow and Ice Concerns,OS - Mobility,CHW,CHARLESWOOD,Community Centrepoint,-114.1122123154031,51.09008805079572
25-00910722,2025-11-27,2025-11-27,Closed,Other,Roads - Snow and Ice Control,OS - Mobility,RIV,RIVERBEND,Community Centrepoint,-114.01842884764744,50.97602013392327
25-00910736,2025-11-27,2025-11-28,Closed,Other,Roads - Snow and Ice Control,OS - Mobility,RAM,RAMSAY,Community Centrepoint,-114.04253229079256,51.03641206430803
25-00910739,2025-11-27,2025-11-29,Closed,Other,Bylaw - Snow and Ice on Sidewalk,CS - Emergency Management and Community Safety,WHL,WEST HILLHURST,Community Centrepoint,-114.11515850909426,51.05507951426751
25-00910741,2025-11-27,2025-12-01,Closed,App,Bylaw - Snow and Ice on Sidewalk,CS - Emergency Management and Community Safety,BOW,BOWNESS,Community Centrepoint,-114.188388474722,51.08334628834888
25-00910743,2025-11-27,2025-11-28,Closed,Other,Roads - Snow and Ice Control,OS - Mobility,WIL,WILLOW PARK,Community Centrepoint,-114.05619550452296,50.956623796804834
25-00910744,2025-11-27,2025-11-29,Closed,Other,Roads - Snow and Ice Control,OS - Mobility,EVE,EVERGREEN,Community Centrepoint,-114.11569352503209,50.91870443401208
25-00910748,2025-11-27,2025-11-30,Closed,Other,Bylaw - Snow and Ice on Sidewalk,CS - Emergency Management and Community Safety,WHL,WEST HILLHURST,Community Centrepoint,-114.11515850909426,51.05507951426751
25-00910752,2025-11-27,2025-11-30,Closed,Other,Bylaw - Snow and Ice on Sidewalk,CS - Emergency Management and Community Safety,WHL,WEST HILLHURST,Community Centrepoint,-114.11515850909426,51.05507951426751
25-00910753,2025-11-27,2025-11-29,Closed,Other,Roads - Snow and Ice Control,OS - Mobility,HOU,HOUNSFIELD HEIGHTS/BRIAR HILL,Community Centrepoint,-114.10572976666074,51.063179539196874
25-00910757,2025-11-27,2025-12-11,Closed,Other,Bylaw - Snow and Ice on Sidewalk,CS - Emergency Management and Community Safety,WHL,WEST HILLHURST,Community Centrepoint,-114.11515850909426,51.05507951426751
25-00910759,2025-11-27,2025-12-02,Closed,Other,Bylaw - Snow and Ice on Sidewalk,CS - Emergency Management and Community Safety,HUN,HUNTINGTON HILLS,Community Centrepoint,-114.06670855606806,51.11758074861446
25-00910760,2025-11-27,2025-11-29,Closed,Other,Bylaw - Snow and Ice on Sidewalk,CS - Emergency Management and Community Safety,WHL,WEST HILLHURST,Community Centrepoint,-114.11515850909426,51.05507951426751
25-00910764,2025-11-27,2025-12-02,Closed,Other,Bylaw - Snow and Ice on Sidewalk,CS - Emergency Management and Community Safety,HUN,HUNTINGTON HILLS,Community Centrepoint,-114.06670855606806,51.11758074861446
25-00910767,2025-11-27,2025-12-12,Closed,App,Bylaw - Snow and Ice on Sidewalk,CS - Emergency Management and Community Safety,BOW,BOWNESS,Community Centrepoint,-114.188388474722,51.08334628834888
25-00910771,2025-11-27,2025-12-02,Closed,Other,Bylaw - Snow and Ice on Sidewalk,CS - Emergency Management and Community Safety,HUN,HUNTINGTON HILLS,Community Centrepoint,-114.06670855606806,51.11758074861446
25-00910795,2025-11-27,2025-11-28,Closed,Other,Roads - Snow and Ice Control,OS - Mobility,WHL,WEST HILLHURST,Community Centrepoint,-114.11515850909426,51.05507951426751
25-00910796,2025-11-27,2025-12-12,Closed,App,Bylaw - Snow and Ice on Sidewalk,CS - Emergency Management and Community Safety,BOW,BOWNESS,Community Centrepoint,-114.188388474722,51.08334628834888
25-00910798,2025-11-27,2025-12-12,Closed,App,Bylaw - Snow and Ice on Sidewalk,CS - Emergency Management and Community Safety,BOW,BOWNESS,Community Centrepoint,-114.188388474722,51.08334628834888
25-00910821,2025-11-27,2025-12-02,Closed,Other,Bylaw - Snow and Ice on Sidewalk,CS - Emergency Management and Community Safety,FAI,FAIRVIEW,Community Centrepoint,-114.0603609439821,50.98538212195565
25-00910829,2025-11-27,2025-12-02,Closed,App,Bylaw - Snow and Ice on Sidewalk,CS - Emergency Management and Community Safety,BOW,BOWNESS,Community Centrepoint,-114.188388474722,51.08334628834888
25-00910847,2025-11-27,2025-12-03,Closed,Other,Bylaw - Snow and Ice on Sidewalk,CS - Emergency Management and Community Safety,RMT,ROSEMONT,Community Centrepoint,-114.09003307555308,51.07839419815386
25-00910848,2025-11-27,2025-11-28,Duplicate (Closed),Other,Roads - Snow and Ice Control,OS - Mobility,CAN,CANYON MEADOWS,Community Centrepoint,-114.0820063458848,50.94095720926748
25-00910849,2025-11-27,2025-11-30,Closed,Other,Bylaw - Snow and Ice on Sidewalk,CS - Emergency Management and Community Safety,DNW,DOWNTOWN WEST END,Community Centrepoint,-114.08777935920996,51.04796914082405
25-00910855,2025-11-27,2025-12-11,Closed,Other,Bylaw - Snow and Ice on Sidewalk,CS - Emergency Management and Community Safety,WHI,WHITEHORN,Community Centrepoint,-113.97006247520194,51.08877824664194
25-00910857,2025-11-27,2025-12-03,Closed,Other,Bylaw - Snow and Ice on Sidewalk,CS - Emergency Management and Community Safety,RMT,ROSEMONT,Community Centrepoint,-114.09003307555308,51.07839419815386
25-00910861,2025-11-27,2025-11-28,Closed,Other,Roads - Snow and Ice Control,OS - Mobility,RAM,RAMSAY,Community Centrepoint,-114.04253229079256,51.03641206430803
25-00910863,2025-11-27,2025-12-01,Closed,App,Bylaw - Snow and Ice on Sidewalk,CS - Emergency Management and Community Safety,BOW,BOWNESS,Community Centrepoint,-114.188388474722,51.08334628834888
25-00910869,2025-11-27,2025-12-11,Closed,Other,Bylaw - Snow and Ice on Sidewalk,CS - Emergency Management and Community Safety,WHI,WHITEHORN,Community Centrepoint,-113.97006247520194,51.08877824664194
25-00910873,2025-11-27,2025-12-03,Closed,App,Bylaw - Snow and Ice on Sidewalk,CS - Emergency Management and Community Safety,COV,COVENTRY HILLS,Community Centrepoint,-114.05313423182986,51.164928068908395
25-00910886,2025-11-27,2025-11-28,Closed,Other,Roads - Snow and Ice Control,OS - Mobility,BYV,BAYVIEW,Community Centrepoint,-114.11396431346805,50.97463475641091
25-00910892,2025-11-27,2025-12-01,Closed,App,Bylaw - Snow and Ice on Sidewalk,CS - Emergency Management and Community Safety,BOW,BOWNESS,Community Centrepoint,-114.188388474722,51.08334628834888
25-00910898,2025-11-27,2025-12-01,Closed,App,Bylaw - Snow and Ice on Sidewalk,CS - Emergency Management and Community Safety,BOW,BOWNESS,Community Centrepoint,-114.188388474722,51.08334628834888
25-00910902,2025-11-27,2025-12-02,Closed,App,Bylaw - Snow and Ice on Sidewalk,CS - Emergency Management and Community Safety,BOW,BOWNESS,Community Centrepoint,-114.188388474722,51.08334628834888
25-00910911,2025-11-27,2025-12-12,Closed,App,Bylaw - Snow and Ice on Sidewalk,CS - Emergency Management and Community Safety,BRD,BRIDGELAND/RIVERSIDE,Community Centrepoint,-114.03507983816613,51.05055069499901
25-00910912,2025-11-27,2025-11-28,Closed,App,Roads - Pathway Snow and Ice Concerns,OS - Mobility,WOO,WOODLANDS,Community Centrepoint,-114.10615958156993,50.9411239786837
25-00910913,2025-11-27,2025-12-08,Closed,App,Roads - Pathway Snow and Ice Concerns,OS - Mobility,MIS,MISSION,Community Centrepoint,-114.06808259035856,51.033157759251445
25-00910929,2025-11-27,2025-11-27,Closed,App,Bylaw - Snow and Ice on Sidewalk,CS - Emergency Management and Community Safety,GDL,GLENDALE,Community Centrepoint,-114.15271889005814,51.03337139240085
25-00910938,2025-11-27,2025-11-28,Closed,App,Roads - Snow and Ice Control,OS - Mobility,CAR,CARRINGTON,Community Centrepoint,-114.08876544116865,51.1856882618504
25-00910943,2025-11-27,2026-01-12,Closed,Other,Bylaw - Snow and Ice on Sidewalk,CS - Emergency Management and Community Safety,RUT,RUTLAND PARK,Community Centrepoint,-114.13736058542744,51.01899098746044
25-00910949,2025-11-27,2025-12-24,Closed,App,Bylaw - Snow and Ice on Sidewalk,CS - Emergency Management and Community Safety,WWO,WOLF WILLOW,Community Centrepoint,-114.00862797996852,50.87070800655032
25-00910952,2025-11-27,2025-12-18,Closed,Other,Bylaw - Snow and Ice on Sidewalk,CS - Emergency Management and Community Safety,RUT,RUTLAND PARK,Community Centrepoint,-114.13736058542744,51.01899098746044
25-00910954,2025-11-27,2025-12-01,Closed,Other,Bylaw - Snow and Ice on Sidewalk,CS - Emergency Management and Community Safety,BOW,BOWNESS,Community Centrepoint,-114.188388474722,51.08334628834888
25-00910955,2025-11-27,2025-12-27,Closed,Other,Bylaw - Snow and Ice on Sidewalk,CS - Emergency Management and Community Safety,RUT,RUTLAND PARK,Community Centrepoint,-114.13736058542744,51.01899098746044
25-00910957,2025-11-27,2025-11-28,Closed,Other,Roads - Snow and Ice Control,OS - Mobility,FVI,FAIRVIEW INDUSTRIAL,Community Centrepoint,-114.0687807458538,50.98701006465201
25-00910959,2025-11-27,2025-11-28,Closed,Other,Roads - Snow and Ice Control,OS - Mobility,CPF,COPPERFIELD,Community Centrepoint,-113.9294857228364,50.91781382350559
25-00910961,2025-11-27,2025-12-02,Closed,Other,Bylaw - Snow and Ice on Sidewalk,CS - Emergency Management and Community Safety,BOW,BOWNESS,Community Centrepoint,-114.188388474722,51.08334628834888
25-00910962,2025-11-27,2025-12-18,Closed,Other,Bylaw - Snow and Ice on Sidewalk,CS - Emergency Management and Community Safety,RUT,RUTLAND PARK,Community Centrepoint,-114.13736058542744,51.01899098746044
25-00910966,2025-11-27,2026-04-17,Closed,App,Roads - Pathway Snow and Ice Concerns,OS - Mobility,EVN,EVANSTON,Community Centrepoint,-114.11219163730428,51.171218187340465
25-00910967,2025-11-27,2025-12-02,Closed,Other,Bylaw - Snow and Ice on Sidewalk,CS - Emergency Management and Community Safety,KIL,KILLARNEY/GLENGARRY,Community Centrepoint,-114.13173134426395,51.030131956517685
25-00910968,2025-11-27,2025-12-18,Closed,Other,Bylaw - Snow and Ice on Sidewalk,CS - Emergency Management and Community Safety,RUT,RUTLAND PARK,Community Centrepoint,-114.13736058542744,51.01899098746044
25-00910970,2025-11-27,2025-12-01,Closed,Other,Bylaw - Snow and Ice on Sidewalk,CS - Emergency Management and Community Safety,WIN,WINSTON HEIGHTS/MOUNTVIEW,Community Centrepoint,-114.04184874950612,51.07529880280739
25-00910983,2025-11-27,2025-11-28,Closed,Other,Roads - Snow and Ice Control,OS - Mobility,KIL,KILLARNEY/GLENGARRY,Community Centrepoint,-114.13173134426395,51.030131956517685
25-00910986,2025-11-27,2025-11-28,Closed,Other,Roads - Snow and Ice Control,OS - Mobility,FVI,FAIRVIEW INDUSTRIAL,Community Centrepoint,-114.0687807458538,50.98701006465201
25-00910988,2025-11-27,2025-12-11,Closed,Other,Bylaw - Snow and Ice on Sidewalk,CS - Emergency Management and Community Safety,BOW,BOWNESS,Community Centrepoint,-114.188388474722,51.08334628834888
25-00910991,2025-11-27,2025-12-15,Closed,Other,Roads - Snow and Ice Control,OS - Mobility,SOC,SOUTH CALGARY,Community Centrepoint,-114.10207470149076,51.02680215199665
25-00911000,2025-11-27,2025-12-02,Closed,App,Roads - Pathway Snow and Ice Concerns,OS - Mobility,BLM,BELMONT,Community Centrepoint,-114.05524942357732,50.8686836961993
25-00911009,2025-11-27,2025-12-12,Closed,Other,Bylaw - Snow and Ice on Sidewalk,CS - Emergency Management and Community Safety,BOW,BOWNESS,Community Centrepoint,-114.188388474722,51.08334628834888
25-00911014,2025-11-27,2025-11-28,Closed,Other,Roads - Snow and Ice Control,OS - Mobility,BRA,BRAESIDE,Community Centrepoint,-114.10636590290346,50.95600269188388
25-00911016,2025-11-27,2025-12-23,Closed,Other,Bylaw - Snow and Ice on Sidewalk,CS - Emergency Management and Community Safety,BOW,BOWNESS,Community Centrepoint,-114.188388474722,51.08334628834888
25-00911021,2025-11-27,2025-12-03,Closed,App,Bylaw - Snow and Ice on Sidewalk,CS - Emergency Management and Community Safety,BLM,BELMONT,Community Centrepoint,-114.05524942357732,50.8686836961993
25-00911027,2025-11-27,2025-11-28,Closed,App,Roads - Pathway Snow and Ice Concerns,OS - Mobility,GAW,GARRISON WOODS,Community Centrepoint,-114.11361449884984,51.01717823115197
25-00911032,2025-11-27,2025-11-28,Closed,Other,Roads - Pathway Snow and Ice Concerns,OS - Mobility,MID,MIDNAPORE,Community Centrepoint,-114.05748430704033,50.915602456819094
25-00911040,2025-11-27,2025-12-08,Closed,App,Bylaw - Snow and Ice on Sidewalk,CS - Emergency Management and Community Safety,MAH,MAHOGANY,Community Centrepoint,-113.92463385892704,50.895943916674454
25-00911055,2025-11-27,2025-11-29,Closed,App,Bylaw - Snow and Ice on Sidewalk,CS - Emergency Management and Community Safety,DNC,DOWNTOWN COMMERCIAL CORE,Community Centrepoint,-114.06959371115344,51.0472744358498
25-00911058,2025-11-27,2025-11-28,Closed,Other,Roads - Snow and Ice Control,OS - Mobility,DRG,DEER RIDGE,Community Centrepoint,-114.02023404987304,50.92657386979402
25-00911061,2025-11-27,2025-11-28,Closed,App,Roads - Snow and Ice Control,OS - Mobility,HID,HIDDEN VALLEY,Community Centrepoint,-114.11960923256338,51.15193708483775
25-00911070,2025-11-27,2026-04-17,Closed,App,Roads - Pathway Snow and Ice Concerns,OS - Mobility,SNA,SUNALTA,Community Centrepoint,-114.10148594325246,51.04295989297799
25-00911072,2025-11-27,2025-11-28,Closed,Other,Roads - Snow and Ice Control,OS - Mobility,SGL,STONEGATE LANDING,Community Centrepoint,-113.98668274803748,51.1644685826268
25-00911076,2025-11-27,2025-11-28,Closed,Other,Roads - Snow and Ice Control,OS - Mobility,WES,WESTWINDS,Community Centrepoint,-113.97005020356406,51.10339214773552
25-00911094,2025-11-27,2025-11-28,Closed,App,Roads - Snow and Ice Control,OS - Mobility,BVD,BELVEDERE,Community Centrepoint,-113.90498295155106,51.03782959976843
25-00911097,2025-11-27,2025-11-28,Duplicate (Closed),App,Roads - Snow and Ice Control,OS - Mobility,BVD,BELVEDERE,Community Centrepoint,-113.90498295155106,51.03782959976843
25-00911098,2025-11-27,2025-12-07,Closed,App,Bylaw - Snow and Ice on Sidewalk,CS - Emergency Management and Community Safety,FAI,FAIRVIEW,Community Centrepoint,-114.0603609439821,50.98538212195565
25-00911099,2025-11-27,2025-12-03,Closed,App,Bylaw - Snow and Ice on Sidewalk,CS - Emergency Management and Community Safety,SOC,SOUTH CALGARY,Community Centrepoint,-114.10207470149076,51.02680215199665
25-00911103,2025-11-27,2025-12-03,Closed,App,Roads - Pathway Snow and Ice Concerns,OS - Mobility,FAI,FAIRVIEW,Community Centrepoint,-114.0603609439821,50.98538212195565
25-00911110,2025-11-27,2026-04-17,Closed,App,Roads - Pathway Snow and Ice Concerns,OS - Mobility,BVD,BELVEDERE,Community Centrepoint,-113.90498295155106,51.03782959976843
25-00911112,2025-11-27,2025-11-29,Closed,Other,Roads - Snow and Ice Control,OS - Mobility,CED,CEDARBRAE,Community Centrepoint,-114.12962168067884,50.95819938197994
25-00911113,2025-11-27,2026-04-17,Closed,App,Roads - Pathway Snow and Ice Concerns,OS - Mobility,BVD,BELVEDERE,Community Centrepoint,-113.90498295155106,51.03782959976843
25-00911114,2025-11-27,2025-12-01,Closed,App,Roads - Pathway Snow and Ice Concerns,OS - Mobility,SNA,SUNALTA,Community Centrepoint,-114.10148594325246,51.04295989297799
25-00911117,2025-11-27,2025-11-28,Closed,Other,Roads - Snow and Ice Control,OS - Mobility,SCA,SCARBORO,Community Centrepoint,-114.10717502442168,51.04076520075529
25-00911119,2025-11-27,2025-12-01,Closed,App,Roads - Pathway Snow and Ice Concerns,OS - Mobility,UNI,UNIVERSITY HEIGHTS,Community Centrepoint,-114.13308657031322,51.07040418074353
25-00911120,2025-11-27,2025-11-28,Closed,Other,Bylaw - Snow and Ice on Sidewalk,CS - Emergency Management and Community Safety,YKV,YORKVILLE,Community Centrepoint,-114.08232478981768,50.87035139693807
25-00911125,2025-11-27,2025-12-01,Closed,App,Bylaw - Snow and Ice on Sidewalk,CS - Emergency Management and Community Safety,ING,INGLEWOOD,Community Centrepoint,-114.01912581291118,51.03414052413669
25-00911127,2025-11-27,2025-12-08,Closed,Other,Bylaw - Snow and Ice on Sidewalk,CS - Emergency Management and Community Safety,SOW,SOUTHWOOD,Community Centrepoint,-114.08319427981304,50.957758808343314
25-00911128,2025-11-27,2025-12-08,Closed,Other,Bylaw - Snow and Ice on Sidewalk,CS - Emergency Management and Community Safety,SOW,SOUTHWOOD,Community Centrepoint,-114.08319427981304,50.957758808343314
25-00911129,2025-11-27,2025-12-01,Closed,App,Bylaw - Snow and Ice on Sidewalk,CS - Emergency Management and Community Safety,ING,INGLEWOOD,Community Centrepoint,-114.01912581291118,51.03414052413669
25-00911130,2025-11-27,2025-12-01,Closed,App,Bylaw - Snow and Ice on Sidewalk,CS - Emergency Management and Community Safety,ING,INGLEWOOD,Community Centrepoint,-114.01912581291118,51.03414052413669
25-00911131,2025-11-27,2025-12-03,Closed,App,Bylaw - Snow and Ice on Sidewalk,CS - Emergency Management and Community Safety,BNK,BANKVIEW,Community Centrepoint,-114.10048318979052,51.034127528143316
25-00911135,2025-11-27,2025-12-08,Closed,Other,Bylaw - Snow and Ice on Sidewalk,CS - Emergency Management and Community Safety,SOW,SOUTHWOOD,Community Centrepoint,-114.08319427981304,50.957758808343314
25-00911137,2025-11-27,2026-03-25,Closed,Other,Bylaw - Snow and Ice on Sidewalk,CS - Emergency Management and Community Safety,SOW,SOUTHWOOD,Community Centrepoint,-114.08319427981304,50.957758808343314
25-00911141,2025-11-27,2025-12-08,Closed,Other,Bylaw - Snow and Ice on Sidewalk,CS - Emergency Management and Community Safety,SOW,SOUTHWOOD,Community Centrepoint,-114.08319427981304,50.957758808343314
25-00911146,2025-11-27,2025-12-08,Closed,Other,Bylaw - Snow and Ice on Sidewalk,CS - Emergency Management and Community Safety,SOW,SOUTHWOOD,Community Centrepoint,-114.08319427981304,50.957758808343314
25-00911147,2025-11-27,2025-12-08,Closed,Other,Bylaw - Snow and Ice on Sidewalk,CS - Emergency Management and Community Safety,SOW,SOUTHWOOD,Community Centrepoint,-114.08319427981304,50.957758808343314
25-00911151,2025-11-27,2025-12-08,Closed,Other,Bylaw - Snow and Ice on Sidewalk,CS - Emergency Management and Community Safety,CAN,CANYON MEADOWS,Community Centrepoint,-114.0820063458848,50.94095720926748
25-00911165,2025-11-27,2025-11-28,Duplicate (Closed),App,Roads - Snow and Ice Control,OS - Mobility,LIV,LIVINGSTON,Community Centrepoint,-114.06550619776098,51.18553606435354
25-00911168,2025-11-27,2025-11-28,Closed,App,Roads - Snow and Ice Control,OS - Mobility,FVI,FAIRVIEW INDUSTRIAL,Community Centrepoint,-114.0687807458538,50.98701006465201
25-00911169,2025-11-27,2025-11-28,Duplicate (Closed),Other,Roads - Snow and Ice Control,OS - Mobility,HSN,HASKAYNE,Community Centrepoint,-114.28669528468198,51.11697203676882
25-00911170,2025-11-27,2025-11-28,Closed,App,Roads - Snow and Ice Control,OS - Mobility,TAR,TARADALE,Community Centrepoint,-113.934002077972,51.11794016367547
25-00911171,2025-11-27,2025-11-28,Closed,Other,Roads - Snow and Ice Control,OS - Mobility,FVI,FAIRVIEW INDUSTRIAL,Community Centrepoint,-114.0687807458538,50.98701006465201
25-00911175,2025-11-27,2025-11-28,Duplicate (Closed),App,Roads - Snow and Ice Control,OS - Mobility,LIV,LIVINGSTON,Community Centrepoint,-114.06550619776098,51.18553606435354
25-00911178,2025-11-27,2025-11-28,Closed,Other,Roads - Snow and Ice Control,OS - Mobility,SOC,SOUTH CALGARY,Community Centrepoint,-114.10207470149076,51.02680215199665
25-00911182,2025-11-27,2025-11-28,Closed,App,Roads - Snow and Ice Control,OS - Mobility,EDG,EDGEMONT,Community Centrepoint,-114.14395321027078,51.124587846873936
25-00911188,2025-11-27,2025-11-28,Closed,Other,Roads - Snow and Ice Control,OS - Mobility,TUS,TUSCANY,Community Centrepoint,-114.2408862053562,51.12191108825487
25-00911192,2025-11-27,2025-11-28,Closed,App,Roads - Snow and Ice Control,OS - Mobility,MNI,MANCHESTER INDUSTRIAL,Community Centrepoint,-114.0572224672051,51.01325599042462
25-00911195,2025-11-27,2025-12-02,Closed,App,Bylaw - Snow and Ice on Sidewalk,CS - Emergency Management and Community Safety,HID,HIDDEN VALLEY,Community Centrepoint,-114.11960923256338,51.15193708483775
25-00911209,2025-11-27,2025-11-29,Closed,Other,Roads - Snow and Ice Control,OS - Mobility,SHN,SHAWNESSY,Community Centrepoint,-114.07397621253683,50.90337303234254
25-00911210,2025-11-27,2025-11-30,Closed,Other,Roads - Snow and Ice Control,OS - Mobility,ST1,STONEY 1,Community Centrepoint,-114.02469848732277,51.16118788123997
25-00911215,2025-11-27,2025-12-14,Closed,Other,Bylaw - Snow and Ice on Sidewalk,CS - Emergency Management and Community Safety,CAN,CANYON MEADOWS,Community Centrepoint,-114.0820063458848,50.94095720926748
25-00911216,2025-11-27,2025-12-08,Closed,Other,Bylaw - Snow and Ice on Sidewalk,CS - Emergency Management and Community Safety,CAN,CANYON MEADOWS,Community Centrepoint,-114.0820063458848,50.94095720926748
25-00911222,2025-11-27,2025-11-28,Closed,App,Roads - Snow and Ice Control,OS - Mobility,KIN,KINGSLAND,Community Centrepoint,-114.07735883671336,50.98697675033278
25-00911230,2025-11-27,2025-12-01,Closed,App,Bylaw - Snow and Ice on Sidewalk,CS - Emergency Management and Community Safety,BOW,BOWNESS,Community Centrepoint,-114.188388474722,51.08334628834888
25-00911232,2025-11-27,2025-11-28,Closed,Other,Roads - Pathway Snow and Ice Concerns,OS - Mobility,EVE,EVERGREEN,Community Centrepoint,-114.11569352503209,50.91870443401208
25-00911234,2025-11-27,2025-12-11,Closed,App,Bylaw - Snow and Ice on Sidewalk,CS - Emergency Management and Community Safety,EVE,EVERGREEN,Community Centrepoint,-114.11569352503209,50.91870443401208
25-00911237,2025-11-27,2025-12-01,Closed,App,Bylaw - Snow and Ice on Sidewalk,CS - Emergency Management and Community Safety,BOW,BOWNESS,Community Centrepoint,-114.188388474722,51.08334628834888
25-00911239,2025-11-27,2025-12-05,Closed,App,Bylaw - Snow and Ice on Sidewalk,CS - Emergency Management and Community Safety,TAR,TARADALE,Community Centrepoint,-113.934002077972,51.11794016367547
25-00911241,2025-11-27,2025-11-29,Closed,App,Bylaw - Snow and Ice on Sidewalk,CS - Emergency Management and Community Safety,DNC,DOWNTOWN COMMERCIAL CORE,Community Centrepoint,-114.06959371115344,51.0472744358498
25-00911243,2025-11-27,2025-12-05,Closed,App,Bylaw - Snow and Ice on Sidewalk,CS - Emergency Management and Community Safety,TAR,TARADALE,Community Centrepoint,-113.934002077972,51.11794016367547
25-00911246,2025-11-27,2025-11-28,Closed,Other,Roads - Snow and Ice Control,OS - Mobility,RSN,REDSTONE,Community Centrepoint,-113.9575028271685,51.17044616888478
25-00911247,2025-11-27,2025-11-28,Closed,App,Roads - Pathway Snow and Ice Concerns,OS - Mobility,SSD,SUNNYSIDE,Community Centrepoint,-114.07902910930612,51.05641953338241
25-00911248,2025-11-27,2025-12-05,Closed,App,Bylaw - Snow and Ice on Sidewalk,CS - Emergency Management and Community Safety,TAR,TARADALE,Community Centrepoint,-113.934002077972,51.11794016367547
25-00911253,2025-11-27,2025-11-29,Closed,App,Bylaw - Snow and Ice on Sidewalk,CS - Emergency Management and Community Safety,CHN,CHINATOWN,Community Centrepoint,-114.06552190579262,51.05282359517956
25-00911256,2025-11-27,2025-12-05,Closed,App,Bylaw - Snow and Ice on Sidewalk,CS - Emergency Management and Community Safety,TAR,TARADALE,Community Centrepoint,-113.934002077972,51.11794016367547
25-00911257,2025-11-27,2025-12-05,Closed,App,Bylaw - Snow and Ice on Sidewalk,CS - Emergency Management and Community Safety,TAR,TARADALE,Community Centrepoint,-113.934002077972,51.11794016367547
25-00911260,2025-11-27,2025-12-05,Closed,App,Bylaw - Snow and Ice on Sidewalk,CS - Emergency Management and Community Safety,TAR,TARADALE,Community Centrepoint,-113.934002077972,51.11794016367547
25-00911261,2025-11-27,2025-11-30,Closed,App,Roads - Snow and Ice Control,OS - Mobility,BED,BEDDINGTON HEIGHTS,Community Centrepoint,-114.0849111408055,51.13164398595451
25-00911263,2025-11-27,2025-12-05,Closed,App,Bylaw - Snow and Ice on Sidewalk,CS - Emergency Management and Community Safety,TAR,TARADALE,Community Centrepoint,-113.934002077972,51.11794016367547
25-00911268,2025-11-27,2025-12-05,Closed,App,Bylaw - Snow and Ice on Sidewalk,CS - Emergency Management and Community Safety,TAR,TARADALE,Community Centrepoint,-113.934002077972,51.11794016367547
25-00911269,2025-11-27,2025-12-05,Closed,App,Bylaw - Snow and Ice on Sidewalk,CS - Emergency Management and Community Safety,TAR,TARADALE,Community Centrepoint,-113.934002077972,51.11794016367547
25-00911271,2025-11-27,2025-12-04,Closed,App,Bylaw - Snow and Ice on Sidewalk,CS - Emergency Management and Community Safety,TAR,TARADALE,Community Centrepoint,-113.934002077972,51.11794016367547
25-00911272,2025-11-27,2025-11-29,Closed,App,Roads - Snow and Ice Control,OS - Mobility,DNW,DOWNTOWN WEST END,Community Centrepoint,-114.08777935920996,51.04796914082405
25-00911273,2025-11-27,2025-12-05,Closed,App,Bylaw - Snow and Ice on Sidewalk,CS - Emergency Management and Community Safety,TAR,TARADALE,Community Centrepoint,-113.934002077972,51.11794016367547
25-00911274,2025-11-27,2025-12-03,Closed,Other,Bylaw - Snow and Ice on Sidewalk,CS - Emergency Management and Community Safety,SOC,SOUTH CALGARY,Community Centrepoint,-114.10207470149076,51.02680215199665
25-00911282,2025-11-27,2025-11-30,Closed,App,Roads - Pathway Snow and Ice Concerns,OS - Mobility,COV,COVENTRY HILLS,Community Centrepoint,-114.0531434069748,51.16490633093188
25-00911289,2025-11-27,2025-11-28,Duplicate (Closed),App,Roads - Snow and Ice Control,OS - Mobility,MNI,MANCHESTER INDUSTRIAL,Community Centrepoint,-114.0572224672051,51.01325599042462
25-00911294,2025-11-27,2025-11-28,Closed,Other,Bylaw - Snow and Ice on Sidewalk,CS - Emergency Management and Community Safety,PCK,PINE CREEK,Community Centrepoint,-114.06786719699797,50.85631703837584
25-00911295,2025-11-27,2025-11-29,Closed,App,Roads - Snow and Ice Control,OS - Mobility,RVW,RANGEVIEW,Community Centrepoint,-113.91974448757276,50.874379475430835
25-00911313,2025-11-27,2025-11-28,Closed,App,Roads - Snow and Ice Control,OS - Mobility,WBN,WOODBINE,Community Centrepoint,-114.1296281640212,50.940233262618435
25-00911317,2025-11-27,2025-11-28,Closed,App,Roads - Snow and Ice Control,OS - Mobility,WBN,WOODBINE,Community Centrepoint,-114.1296281640212,50.940233262618435
25-00911323,2025-11-27,2025-11-29,Closed,Other,Roads - Pathway Snow and Ice Concerns,OS - Mobility,GPK,GLENMORE PARK,Community Centrepoint,-114.13153145583588,50.990468420200145
25-00911329,2025-11-27,2025-11-29,Closed,App,Roads - Snow and Ice Control,OS - Mobility,WWO,WOLF WILLOW,Community Centrepoint,-114.00862797996852,50.87070800655032
25-00911339,2025-11-27,2025-11-28,Closed,App,Roads - Snow and Ice Control,OS - Mobility,BRD,BRIDGELAND/RIVERSIDE,Community Centrepoint,-114.03507983816613,51.05055069499901
25-00911341,2025-11-27,2026-04-17,Closed,App,Roads - Pathway Snow and Ice Concerns,OS - Mobility,MAL,MAYLAND HEIGHTS,Community Centrepoint,-114.01331127596195,51.06083218163849
25-00911342,2025-11-27,2025-11-28,Closed,Other,Roads - Snow and Ice Control,OS - Mobility,DRN,DEER RUN,Community Centrepoint,-114.00908770459684,50.925132387678815
25-00911347,2025-11-27,2025-11-28,Closed,Other,Roads - Snow and Ice Control,OS - Mobility,DRN,DEER RUN,Community Centrepoint,-114.00908770459684,50.925132387678815
25-00911367,2025-11-27,2025-12-01,Closed,Other,Roads - Pathway Snow and Ice Concerns,OS - Mobility,LIV,LIVINGSTON,Community Centrepoint,-114.06550670687444,51.18550406559082
25-00911374,2025-11-28,2025-11-28,Closed,App,Roads - Pathway Snow and Ice Concerns,OS - Mobility,SSW,SCARBORO/SUNALTA WEST,Community Centrepoint,-114.11485990934284,51.04219909319587
25-00911392,2025-11-28,2025-11-28,Closed,Other,Roads - Snow and Ice Control,OS - Mobility,EAG,EAGLE RIDGE,Community Centrepoint,-114.09679322093444,50.9887442746766
25-00911409,2025-11-28,2025-12-04,Closed,App,Bylaw - Snow and Ice on Sidewalk,CS - Emergency Management and Community Safety,CGR,COUGAR RIDGE,Community Centrepoint,-114.20940375769098,51.07188085202837
25-00911411,2025-11-28,2025-12-04,Closed,App,Bylaw - Snow and Ice on Sidewalk,CS - Emergency Management and Community Safety,CGR,COUGAR RIDGE,Community Centrepoint,-114.20940375769098,51.07188085202837
25-00911437,2025-11-28,2025-11-28,Closed,Other,Roads - Snow and Ice Control,OS - Mobility,RAM,RAMSAY,Community Centrepoint,-114.04253229079256,51.03641206430803
25-00911446,2025-11-28,2026-01-30,Closed,Other,Bylaw - Snow and Ice on Sidewalk,CS - Emergency Management and Community Safety,BRE,BRENTWOOD,Community Centrepoint,-114.13591917398958,51.09606553683618
25-00911460,2025-11-28,2025-11-29,Closed,Other,Roads - Snow and Ice Control,OS - Mobility,BLN,BELTLINE,Community Centrepoint,-114.0551860888619,51.03743796399198
25-00911467,2025-11-28,2025-12-02,Closed,Other,Roads - Pathway Snow and Ice Concerns,OS - Mobility,EVN,EVANSTON,Community Centrepoint,-114.11245112799344,51.1710848417942
25-00911468,2025-11-28,2025-11-29,Closed,Other,Roads - Pathway Snow and Ice Concerns,OS - Mobility,ABR,AMBLERIDGE,Community Centrepoint,-114.13040415902356,51.19049484626561
25-00911505,2025-11-28,2025-11-28,Closed,App,Roads - Snow and Ice Control,OS - Mobility,NAW,NORTH AIRWAYS,Community Centrepoint,-114.00753607243156,51.0871396695853
25-00911574,2025-11-28,2025-11-29,Closed,Other,Roads - Snow and Ice Control,OS - Mobility,TUS,TUSCANY,Community Centrepoint,-114.2408862053562,51.12191108825487
25-00911585,2025-11-28,2025-12-02,Closed,Other,Roads - Pathway Snow and Ice Concerns,OS - Mobility,,,None,,
25-00911592,2025-11-28,2025-11-28,Closed,Other,Roads - Snow and Ice Control,OS - Mobility,PEG,PEGASUS,Community Centrepoint,-114.00648841738214,51.094478849672825
25-00911594,2025-11-28,2025-11-29,Closed,Other,Roads - Snow and Ice Control,OS - Mobility,TUS,TUSCANY,Community Centrepoint,-114.2408862053562,51.12191108825487
25-00911610,2025-11-28,,Open,Other,Bylaw - Snow and Ice on Sidewalk,CS - Emergency Management and Community Safety,SPH,SPRINGBANK HILL,Community Centrepoint,-114.20981973671448,51.02656453162372
25-00911612,2025-11-28,2025-12-01,Closed,Other,Bylaw - Snow and Ice on Sidewalk,CS - Emergency Management and Community Safety,BOW,BOWNESS,Community Centrepoint,-114.188388474722,51.08334628834888
25-00911619,2025-11-28,2025-12-01,Closed,Other,Bylaw - Snow and Ice on Sidewalk,CS - Emergency Management and Community Safety,SAN,SANDSTONE VALLEY,Community Centrepoint,-114.094962509766,51.137732845524965
25-00911626,2025-11-28,2025-11-28,Closed,App,Roads - Pathway Snow and Ice Concerns,OS - Mobility,BED,BEDDINGTON HEIGHTS,Community Centrepoint,-114.0849111408055,51.13164398595451
25-00911653,2025-11-28,2025-12-01,Closed,Other,Roads - Snow and Ice Control,OS - Mobility,CAP,CAPITOL HILL,Community Centrepoint,-114.09463117970957,51.072665279064736
25-00911664,2025-11-28,2025-11-30,Closed,Other,Roads - Snow and Ice Control,OS - Mobility,HUN,HUNTINGTON HILLS,Community Centrepoint,-114.06670855606806,51.11758074861446
25-00911688,2025-11-28,2025-11-28,Closed,Other,Roads - Snow and Ice Control,OS - Mobility,STR,STRATHCONA PARK,Community Centrepoint,-114.17758676157425,51.04741013809688
25-00911692,2025-11-28,2025-11-28,Closed,Other,Roads - Snow and Ice Control,OS - Mobility,WSP,WEST SPRINGS,Community Centrepoint,-114.20668628482738,51.05977296984733
25-00911748,2025-11-28,2025-12-10,Closed,Other,Roads - Snow and Ice Control,OS - Mobility,SCE,SCENIC ACRES,Community Centrepoint,-114.21734033796923,51.11270738649579
25-00911756,2025-11-28,2025-11-28,Closed,Other,Roads - Pathway Snow and Ice Concerns,OS - Mobility,UOC,UNIVERSITY OF CALGARY,Community Centrepoint,-114.12993378392358,51.0750207870862
25-00911777,2025-11-28,2025-12-11,Closed,Other,Bylaw - Snow and Ice on Sidewalk,CS - Emergency Management and Community Safety,SCA,SCARBORO,Community Centrepoint,-114.10717502442168,51.04076520075529
25-00911783,2025-11-28,2025-11-29,Closed,App,Bylaw - Snow and Ice on Sidewalk,CS - Emergency Management and Community Safety,EVN,EVANSTON,Community Centrepoint,-114.11219163730428,51.171218187340465
25-00911788,2025-11-28,2025-11-29,Closed,Other,Roads - Snow and Ice Control,OS - Mobility,BRI,BRIDLEWOOD,Community Centrepoint,-114.11020921039947,50.89921921581604
25-00911795,2025-11-28,2025-11-29,Closed,Other,Roads - Snow and Ice Control,OS - Mobility,AUB,AUBURN BAY,Community Centrepoint,-113.95779514351894,50.89269507750196
25-00911837,2025-11-28,2025-12-03,Closed,App,Roads - Pathway Snow and Ice Concerns,OS - Mobility,SKW,SKYLINE WEST,Community Centrepoint,-114.04740128490042,51.10333220036564
25-00911858,2025-11-28,2025-11-28,Closed,Other,Roads - Snow and Ice Control,OS - Mobility,NPK,NOSE HILL PARK,Community Centrepoint,-114.11069096475087,51.111277141566816
25-00911880,2025-11-28,2025-11-29,Closed,Other,Roads - Snow and Ice Control,OS - Mobility,WWO,WOLF WILLOW,Community Centrepoint,-114.00862797996852,50.87070800655032
25-00911889,2025-11-28,2025-11-28,Closed,App,Roads - Snow and Ice Control,OS - Mobility,HPK,HIGHLAND PARK,Community Centrepoint,-114.0620558477436,51.08801817919036
25-00911904,2025-11-28,2025-11-28,Closed,App,Roads - Snow and Ice Control,OS - Mobility,MOP,MOUNT PLEASANT,Community Centrepoint,-114.07602998447167,51.074237909055896
25-00911957,2025-11-28,2025-11-28,Closed,Other,Roads - Snow and Ice Control,OS - Mobility,WIN,WINSTON HEIGHTS/MOUNTVIEW,Community Centrepoint,-114.04184874950612,51.07529880280739
25-00911966,2025-11-28,2025-12-02,Closed,Other,Bylaw - Snow and Ice on Sidewalk,CS - Emergency Management and Community Safety,BLN,BELTLINE,Community Centrepoint,-114.0551860888619,51.03743796399198
25-00911977,2025-11-28,2025-11-28,Closed,Other,Roads - Snow and Ice Control,OS - Mobility,DAL,DALHOUSIE,Community Centrepoint,-114.15815535928552,51.109409937993064
25-00912004,2025-11-28,,Open,Other,Roads - Snow and Ice Control,OS - Mobility,SSD,SUNNYSIDE,Community Centrepoint,-114.07902910930612,51.05641953338241
25-00912008,2025-11-28,2025-11-29,Closed,Other,Roads - Snow and Ice Control,OS - Mobility,SIG,SIGNAL HILL,Community Centrepoint,-114.17990702915992,51.023260171926054
25-00912038,2025-11-28,2025-11-28,Closed,Other,Roads - Snow and Ice Control,OS - Mobility,SAD,SADDLE RIDGE,Community Centrepoint,-113.94562252266888,51.13057324276626
25-00912057,2025-11-28,2025-11-29,Duplicate (Closed),Other,Roads - Snow and Ice Control,OS - Mobility,SHN,SHAWNESSY,Community Centrepoint,-114.07397621253683,50.90337303234254
25-00912065,2025-11-28,2025-12-01,Closed,Other,Roads - Snow and Ice Control,OS - Mobility,WSP,WEST SPRINGS,Community Centrepoint,-114.20668628482738,51.05977296984733
25-00912077,2025-11-28,2025-11-29,Closed,Other,Roads - Snow and Ice Control,OS - Mobility,CHK,CHINOOK PARK,Community Centrepoint,-114.0889939534629,50.98322809435055
25-00912115,2025-11-28,2025-11-28,Closed,Other,Roads - Snow and Ice Control,OS - Mobility,RUT,RUTLAND PARK,Community Centrepoint,-114.13736058542744,51.01899098746044
25-00912118,2025-11-28,2025-12-29,Closed,Other,Bylaw - Snow and Ice on Sidewalk,CS - Emergency Management and Community Safety,BOW,BOWNESS,Community Centrepoint,-114.188388474722,51.08334628834888
25-00912175,2025-11-28,2025-11-29,Closed,Other,Roads - Snow and Ice Control,OS - Mobility,DNC,DOWNTOWN COMMERCIAL CORE,Community Centrepoint,-114.06959371115344,51.0472744358498
25-00912178,2025-11-28,2025-11-28,Closed,Other,Roads - Snow and Ice Control,OS - Mobility,HSD,HOMESTEAD,Community Centrepoint,-113.91650032535892,51.1216297097572
25-00912221,2025-11-28,2025-11-28,Closed,Other,Roads - Snow and Ice Control,OS - Mobility,ROY,ROYAL OAK,Community Centrepoint,-114.2197618738796,51.14266073154528
25-00912226,2025-11-28,2026-04-17,Closed,Other,Roads - Pathway Snow and Ice Concerns,OS - Mobility,,,None,,
25-00912232,2025-11-28,2025-12-01,Closed,Other,Roads - Snow and Ice Control,OS - Mobility,DIS,DISCOVERY RIDGE,Community Centrepoint,-114.2177187770391,51.016091532917656
25-00912251,2025-11-28,2025-11-29,Closed,Other,Roads - Snow and Ice Control,OS - Mobility,BRD,BRIDGELAND/RIVERSIDE,Community Centrepoint,-114.03507983816613,51.05055069499901
25-00912275,2025-11-28,2025-11-28,Closed,Other,Roads - Snow and Ice Control,OS - Mobility,TAR,TARADALE,Community Centrepoint,-113.934002077972,51.11794016367547
25-00912314,2025-11-28,2025-11-29,Closed,Other,Roads - Snow and Ice Control,OS - Mobility,BYV,BAYVIEW,Community Centrepoint,-114.11396431346805,50.97463475641091
25-00912350,2025-11-28,2025-11-29,Closed,Other,Roads - Snow and Ice Control,OS - Mobility,FVI,FAIRVIEW INDUSTRIAL,Community Centrepoint,-114.0687807458538,50.98701006465201
25-00912356,2025-11-28,2025-11-29,Closed,Other,Bylaw - Snow and Ice on Sidewalk,CS - Emergency Management and Community Safety,EVN,EVANSTON,Community Centrepoint,-114.11219163730428,51.171218187340465
25-00912390,2025-11-28,2025-12-16,Closed,App,Bylaw - Snow and Ice on Sidewalk,CS - Emergency Management and Community Safety,CAP,CAPITOL HILL,Community Centrepoint,-114.09463117970957,51.072665279064736
25-00912396,2025-11-28,2025-11-28,Closed,Other,Roads - Pathway Snow and Ice Concerns,OS - Mobility,COV,COVENTRY HILLS,Community Centrepoint,-114.0531434069748,51.16490633093188
25-00912417,2025-11-28,2025-11-30,Closed,Other,Roads - Snow and Ice Control,OS - Mobility,HAM,HAMPTONS,Community Centrepoint,-114.14668419231464,51.14509284032676
25-00912419,2025-11-28,2026-04-17,Closed,Other,Roads - Pathway Snow and Ice Concerns,OS - Mobility,WIN,WINSTON HEIGHTS/MOUNTVIEW,Community Centrepoint,-114.04184874950612,51.07529880280739
25-00912425,2025-11-28,2025-11-28,Closed,Other,Roads - Snow and Ice Control,OS - Mobility,DOV,DOVER,Community Centrepoint,-113.99305400906276,51.02256772313628
25-00912428,2025-11-28,2025-11-30,Closed,App,Roads - Snow and Ice Control,OS - Mobility,NHV,NORTH HAVEN,Community Centrepoint,-114.08942057511464,51.095941552191746
25-00912435,2025-11-28,2025-11-29,Closed,Other,Roads - Pathway Snow and Ice Concerns,OS - Mobility,SKR,SKYVIEW RANCH,Community Centrepoint,-113.958374560746,51.156126735611394
25-00912448,2025-11-28,2025-12-04,Closed,App,Roads - Snow and Ice Control,OS - Mobility,DBC,DEERFOOT BUSINESS CENTRE,Community Centrepoint,-114.0383269425692,51.11209775546665
25-00912468,2025-11-28,2025-11-28,Closed,App,Roads - Snow and Ice Control,OS - Mobility,SUN,SUNRIDGE,Community Centrepoint,-113.99169526275338,51.074222025892624
25-00912470,2025-11-28,2025-11-29,Closed,Other,Bylaw - Snow and Ice on Sidewalk,CS - Emergency Management and Community Safety,PAT,PATTERSON,Community Centrepoint,-114.17714231360132,51.0639398770151
25-00912476,2025-11-28,2025-11-29,Closed,App,Roads - Snow and Ice Control,OS - Mobility,MAH,MAHOGANY,Community Centrepoint,-113.92463385892704,50.895943916674454
25-00912480,2025-11-28,2025-11-29,Closed,Other,Roads - Snow and Ice Control,OS - Mobility,CHK,CHINOOK PARK,Community Centrepoint,-114.0889939534629,50.98322809435055
25-00912482,2025-11-28,2025-11-29,Closed,Other,Roads - Snow and Ice Control,OS - Mobility,SOW,SOUTHWOOD,Community Centrepoint,-114.08319427981304,50.957758808343314
25-00912483,2025-11-28,2025-11-29,Closed,Other,Roads - Snow and Ice Control,OS - Mobility,CAN,CANYON MEADOWS,Community Centrepoint,-114.0820063458848,50.94095720926748
25-00912496,2025-11-28,2025-12-02,Closed,App,Bylaw - Snow and Ice on Sidewalk,CS - Emergency Management and Community Safety,BRA,BRAESIDE,Community Centrepoint,-114.10636590290346,50.95600269188388
25-00912501,2025-11-28,2025-11-29,Closed,Other,Roads - Snow and Ice Control,OS - Mobility,SET,SETON,Community Centrepoint,-113.94793123802644,50.874157663473184
25-00912524,2025-11-28,2025-12-02,Closed,App,Bylaw - Snow and Ice on Sidewalk,CS - Emergency Management and Community Safety,BLN,BELTLINE,Community Centrepoint,-114.0551860888619,51.03743796399198
25-00912572,2025-11-28,2025-11-30,Closed,Other,Roads - Snow and Ice Control,OS - Mobility,AUB,AUBURN BAY,Community Centrepoint,-113.95779514351894,50.89269507750196
25-00912579,2025-11-28,2025-11-29,Closed,App,Roads - Snow and Ice Control,OS - Mobility,CPF,COPPERFIELD,Community Centrepoint,-113.9294857228364,50.91781382350559
25-00912606,2025-11-28,2025-11-28,Closed,Other,Roads - Snow and Ice Control,OS - Mobility,CRE,CRESCENT HEIGHTS,Community Centrepoint,-114.06161323521869,51.05949594746299
25-00912634,2025-11-28,2025-11-28,Closed,Other,Roads - Pathway Snow and Ice Concerns,OS - Mobility,MPK,MARLBOROUGH PARK,Community Centrepoint,-113.9467026472926,51.05969024495795
25-00912644,2025-11-28,2026-04-17,Closed,Other,Roads - Pathway Snow and Ice Concerns,OS - Mobility,GRI,GREENVIEW INDUSTRIAL PARK,Community Centrepoint,-114.04905866998908,51.08651820128567
25-00912683,2025-11-28,2025-11-29,Closed,App,Roads - Snow and Ice Control,OS - Mobility,PCK,PINE CREEK,Community Centrepoint,-114.06786719699797,50.85631703837584
25-00912690,2025-11-28,2025-11-29,Closed,Other,Bylaw - Snow and Ice on Sidewalk,CS - Emergency Management and Community Safety,EAU,EAU CLAIRE,Community Centrepoint,-114.07282181932324,51.05360699412218
25-00912718,2025-11-28,2025-11-30,Closed,App,Roads - Snow and Ice Control,OS - Mobility,CAM,CAMBRIAN HEIGHTS,Community Centrepoint,-114.08937896523608,51.0843391726819
25-00912737,2025-11-28,2025-11-29,Closed,Other,Roads - Snow and Ice Control,OS - Mobility,PKL,PARKLAND,Community Centrepoint,-114.02822405924384,50.920841901943966
25-00912756,2025-11-28,2025-11-29,Closed,Other,Roads - Snow and Ice Control,OS - Mobility,WIL,WILLOW PARK,Community Centrepoint,-114.05619550452296,50.956623796804834
25-00912768,2025-11-28,2025-12-01,Closed,App,Bylaw - Snow and Ice on Sidewalk,CS - Emergency Management and Community Safety,OAK,OAKRIDGE,Community Centrepoint,-114.12961404738668,50.969662799426914
25-00912817,2025-11-28,2025-12-04,Closed,App,Bylaw - Snow and Ice on Sidewalk,CS - Emergency Management and Community Safety,CRE,CRESCENT HEIGHTS,Community Centrepoint,-114.06161323521869,51.05949594746299
25-00912829,2025-11-28,2025-12-01,Closed,Other,Roads - Snow and Ice Control,OS - Mobility,ASP,ASPEN WOODS,Community Centrepoint,-114.20838662695292,51.04521537783425
25-00912862,2025-11-28,2025-11-29,Closed,Other,Roads - Snow and Ice Control,OS - Mobility,PAT,PATTERSON,Community Centrepoint,-114.17714231360132,51.0639398770151
25-00912872,2025-11-28,2025-12-10,Closed,Other,Bylaw - Snow and Ice on Sidewalk,CS - Emergency Management and Community Safety,HOR,HORIZON,Community Centrepoint,-113.99169523733028,51.08990020616713
25-00912888,2025-11-28,2026-04-17,Closed,Other,Roads - Pathway Snow and Ice Concerns,OS - Mobility,WAL,WALDEN,Community Centrepoint,-114.03261830805454,50.87040296671561
25-00912891,2025-11-28,2025-12-11,Closed,Other,Bylaw - Snow and Ice on Sidewalk,CS - Emergency Management and Community Safety,ING,INGLEWOOD,Community Centrepoint,-114.01912581291118,51.03414052413669
25-00912895,2025-11-28,2025-11-28,Closed,Other,Roads - Pathway Snow and Ice Concerns,OS - Mobility,WAL,WALDEN,Community Centrepoint,-114.03261830805454,50.87040296671561
25-00912951,2025-11-28,2025-12-06,Closed,App,Roads - Snow and Ice Control,OS - Mobility,CHA,CHAPARRAL,Community Centrepoint,-114.02566896242004,50.88467311348729
25-00912969,2025-11-28,2025-11-28,Closed,App,Roads - Snow and Ice Control,OS - Mobility,LPK,LINCOLN PARK,Community Centrepoint,-114.12999189961278,51.01027374391133
25-00913001,2025-11-28,2025-11-28,Closed,App,Bylaw - Snow and Ice on Sidewalk,CS - Emergency Management and Community Safety,ACA,ACADIA,Community Centrepoint,-114.05369601618196,50.972415073979406
25-00913013,2025-11-28,2026-04-17,Closed,Other,Roads - Pathway Snow and Ice Concerns,OS - Mobility,TUS,TUSCANY,Community Centrepoint,-114.2408862053562,51.12191108825487
25-00913033,2025-11-28,2025-11-28,Closed,App,Roads - Pathway Snow and Ice Concerns,OS - Mobility,SOC,SOUTH CALGARY,Community Centrepoint,-114.10207470149076,51.02680215199665
25-00913052,2025-11-28,2025-11-29,Closed,Other,Roads - Snow and Ice Control,OS - Mobility,MON,MONTGOMERY,Community Centrepoint,-114.16224821352388,51.071076143699045
25-00913108,2025-11-28,2025-11-29,Closed,Other,Roads - Snow and Ice Control,OS - Mobility,ERI,ERIN WOODS,Community Centrepoint,-113.96766881721628,51.02097627623138
25-00913140,2025-11-28,2025-11-28,Closed,App,Bylaw - Snow and Ice on Sidewalk,CS - Emergency Management and Community Safety,PCK,PINE CREEK,Community Centrepoint,-114.06786719699797,50.85631703837584
25-00913142,2025-11-28,2025-11-29,Closed,Other,Roads - Pathway Snow and Ice Concerns,OS - Mobility,ROY,ROYAL OAK,Community Centrepoint,-114.2197618738796,51.14266073154528
25-00913157,2025-11-28,2025-12-02,Closed,Other,Bylaw - Snow and Ice on Sidewalk,CS - Emergency Management and Community Safety,ROC,ROCKY RIDGE,Community Centrepoint,-114.24590791801704,51.14407647959192
25-00913161,2025-11-28,2025-11-28,Closed,App,Bylaw - Snow and Ice on Sidewalk,CS - Emergency Management and Community Safety,PCK,PINE CREEK,Community Centrepoint,-114.06786719699797,50.85631703837584
25-00913190,2025-11-28,2025-12-13,Closed,App,Bylaw - Snow and Ice on Sidewalk,CS - Emergency Management and Community Safety,KIL,KILLARNEY/GLENGARRY,Community Centrepoint,-114.13173134426395,51.030131956517685
25-00913193,2025-11-28,2025-11-29,Duplicate (Closed),Other,Roads - Snow and Ice Control,OS - Mobility,WIL,WILLOW PARK,Community Centrepoint,-114.05619550452296,50.956623796804834
25-00913198,2025-11-28,2025-12-12,Closed,App,Bylaw - Snow and Ice on Sidewalk,CS - Emergency Management and Community Safety,GDL,GLENDALE,Community Centrepoint,-114.15271889005814,51.03337139240085
25-00913206,2025-11-28,2025-11-28,Closed,Other,Roads - Snow and Ice Control,OS - Mobility,MNI,MANCHESTER INDUSTRIAL,Community Centrepoint,-114.0572224672051,51.01325599042462
25-00913209,2025-11-28,2025-11-30,Closed,Other,Roads - Snow and Ice Control,OS - Mobility,RIC,RICHMOND,Community Centrepoint,-114.11842028929551,51.02971029545911
25-00913211,2025-11-28,2025-11-28,Closed,Other,Roads - Snow and Ice Control,OS - Mobility,RED,RED CARPET,Community Centrepoint,-113.93892582459968,51.04258062721205
25-00913214,2025-11-28,2025-11-28,Closed,App,Roads - Pathway Snow and Ice Concerns,OS - Mobility,MLR,MILLRISE,Community Centrepoint,-114.08491413864552,50.91705536774364
25-00913229,2025-11-28,2025-12-06,Closed,App,Bylaw - Snow and Ice on Sidewalk,CS - Emergency Management and Community Safety,HKS,HOTCHKISS,Community Centrepoint,-113.89624948761448,50.91419352023465
25-00913233,2025-11-28,2025-12-02,Closed,Other,Roads - Pathway Snow and Ice Concerns,OS - Mobility,SPH,SPRINGBANK HILL,Community Centrepoint,-114.20981973671448,51.02656453162372
25-00913238,2025-11-28,2025-11-28,Closed,Other,Bylaw - Snow and Ice on Sidewalk,CS - Emergency Management and Community Safety,BLN,BELTLINE,Community Centrepoint,-114.0551860888619,51.03743796399198
25-00913257,2025-11-28,2025-11-30,Closed,Other,Bylaw - Snow and Ice on Sidewalk,CS - Emergency Management and Community Safety,WAL,WALDEN,Community Centrepoint,-114.03261830805454,50.87040296671561
25-00913260,2025-11-28,2025-12-01,Closed,Other,Roads - Snow and Ice Control,OS - Mobility,GBK,GLENBROOK,Community Centrepoint,-114.152694837935,51.02419405304613
25-00913271,2025-11-28,2025-12-04,Closed,App,Roads - Pathway Snow and Ice Concerns,OS - Mobility,RIV,RIVERBEND,Community Centrepoint,-114.01842884764744,50.97602013392327
25-00913284,2025-11-28,2025-12-03,Closed,Other,Bylaw - Snow and Ice on Sidewalk,CS - Emergency Management and Community Safety,TEM,TEMPLE,Community Centrepoint,-113.94676645519942,51.08879880716327
25-00913289,2025-11-28,2025-11-29,Closed,Other,Roads - Snow and Ice Control,OS - Mobility,ARB,ARBOUR LAKE,Community Centrepoint,-114.2076749807532,51.13259471210095
25-00913342,2025-11-28,2025-12-07,Closed,Other,Roads - Snow and Ice Control,OS - Mobility,MON,MONTGOMERY,Community Centrepoint,-114.16224821352388,51.071076143699045
25-00913346,2025-11-28,2025-11-29,Closed,Other,Roads - Snow and Ice Control,OS - Mobility,AUB,AUBURN BAY,Community Centrepoint,-113.95779514351894,50.89269507750196
25-00913366,2025-11-28,2025-12-12,Closed,App,Bylaw - Snow and Ice on Sidewalk,CS - Emergency Management and Community Safety,GLA,GLAMORGAN,Community Centrepoint,-114.15322733578051,51.015116804134095
25-00913369,2025-11-28,2025-11-29,Closed,App,Roads - Snow and Ice Control,OS - Mobility,TUX,TUXEDO PARK,Community Centrepoint,-114.06104493215648,51.07421777221349
25-00913388,2025-11-28,2025-11-29,Closed,App,Roads - Pathway Snow and Ice Concerns,OS - Mobility,MON,MONTGOMERY,Community Centrepoint,-114.16224821352388,51.071076143699045
25-00913397,2025-11-28,2025-11-29,Closed,Other,Roads - Snow and Ice Control,OS - Mobility,SHN,SHAWNESSY,Community Centrepoint,-114.07397621253683,50.90337303234254
25-00913400,2025-11-28,2025-11-30,Closed,Other,Roads - Snow and Ice Control,OS - Mobility,OAK,OAKRIDGE,Community Centrepoint,-114.12961404738668,50.969662799426914
25-00913403,2025-11-28,2025-11-29,Closed,Other,Roads - Snow and Ice Control,OS - Mobility,SET,SETON,Community Centrepoint,-113.94793123802644,50.874157663473184
25-00913413,2025-11-28,2025-12-04,Closed,Other,Roads - Snow and Ice Control,OS - Mobility,GLA,GLAMORGAN,Community Centrepoint,-114.15322733578051,51.015116804134095
25-00913417,2025-11-28,2025-11-28,Closed,App,Roads - Pathway Snow and Ice Concerns,OS - Mobility,ING,INGLEWOOD,Community Centrepoint,-114.01912581291118,51.03414052413669
25-00913434,2025-11-28,2025-11-29,Closed,App,Roads - Snow and Ice Control,OS - Mobility,DOV,DOVER,Community Centrepoint,-113.99305400906276,51.02256772313628
25-00913440,2025-11-28,2025-11-29,Closed,Other,Roads - Snow and Ice Control,OS - Mobility,ROC,ROCKY RIDGE,Community Centrepoint,-114.24590791801704,51.14407647959192
25-00913454,2025-11-28,2025-11-29,Closed,Other,Roads - Snow and Ice Control,OS - Mobility,EVE,EVERGREEN,Community Centrepoint,-114.11569352503209,50.91870443401208
25-00913468,2025-11-28,2025-12-29,Closed,App,Bylaw - Snow and Ice on Sidewalk,CS - Emergency Management and Community Safety,COL,COLLINGWOOD,Community Centrepoint,-114.10240362227502,51.08350990629627
25-00913472,2025-11-28,2025-12-08,Closed,App,Bylaw - Snow and Ice on Sidewalk,CS - Emergency Management and Community Safety,COL,COLLINGWOOD,Community Centrepoint,-114.10240362227502,51.08350990629627
25-00913483,2025-11-28,2026-01-30,Closed,App,Bylaw - Snow and Ice on Sidewalk,CS - Emergency Management and Community Safety,AYB,ALYTH/BONNYBROOK,Community Centrepoint,-114.02248247207032,51.02285696668069
25-00913509,2025-11-28,2025-12-06,Closed,Other,Roads - Snow and Ice Control,OS - Mobility,WWO,WOLF WILLOW,Community Centrepoint,-114.00862797996852,50.87070800655032
25-00913517,2025-11-28,2025-12-10,Closed,Other,Bylaw - Snow and Ice on Sidewalk,CS - Emergency Management and Community Safety,WHI,WHITEHORN,Community Centrepoint,-113.97006247520194,51.08877824664194
25-00913531,2025-11-28,2025-11-30,Closed,App,Roads - Snow and Ice Control,OS - Mobility,CHW,CHARLESWOOD,Community Centrepoint,-114.1122123154031,51.09008805079572
25-00913557,2025-11-28,2025-11-30,Closed,Other,Roads - Snow and Ice Control,OS - Mobility,WND,WINDSOR PARK,Community Centrepoint,-114.08355224178275,51.0050454446197
25-00913558,2025-11-28,2025-11-30,Closed,Other,Roads - Snow and Ice Control,OS - Mobility,WND,WINDSOR PARK,Community Centrepoint,-114.08355224178275,51.0050454446197
25-00913569,2025-11-28,2025-11-30,Closed,Other,Roads - Snow and Ice Control,OS - Mobility,CNS,CORNERSTONE,Community Centrepoint,-113.9305705256274,51.15735996767518
25-00913578,2025-11-28,2025-11-29,Closed,Other,Roads - Snow and Ice Control,OS - Mobility,SET,SETON,Community Centrepoint,-113.94793123802644,50.874157663473184
25-00913580,2025-11-28,2025-11-29,Closed,App,Roads - Pathway Snow and Ice Concerns,OS - Mobility,MIS,MISSION,Community Centrepoint,-114.06808259035856,51.033157759251445
25-00913581,2025-11-28,2025-11-30,Closed,Other,Bylaw - Snow and Ice on Sidewalk,CS - Emergency Management and Community Safety,CNS,CORNERSTONE,Community Centrepoint,-113.9305705256274,51.15735996767518
25-00913586,2025-11-28,2025-11-29,Closed,App,Roads - Snow and Ice Control,OS - Mobility,RRC,RICARDO RANCH,Community Centrepoint,-113.9359132306416,50.85446381088668
25-00913599,2025-11-28,2025-11-29,Closed,App,Roads - Pathway Snow and Ice Concerns,OS - Mobility,HUN,HUNTINGTON HILLS,Community Centrepoint,-114.06670855606806,51.11758074861446
25-00913601,2025-11-28,2025-11-29,Closed,App,Roads - Snow and Ice Control,OS - Mobility,CAN,CANYON MEADOWS,Community Centrepoint,-114.0820063458848,50.94095720926748
25-00913605,2025-11-28,2025-12-01,Closed,App,Bylaw - Snow and Ice on Sidewalk,CS - Emergency Management and Community Safety,BOW,BOWNESS,Community Centrepoint,-114.188388474722,51.08334628834888
25-00913624,2025-11-28,2025-11-30,Closed,App,Roads - Snow and Ice Control,OS - Mobility,SNA,SUNALTA,Community Centrepoint,-114.10148594325246,51.04295989297799
25-00913643,2025-11-28,2025-11-29,Closed,App,Roads - Snow and Ice Control,OS - Mobility,POI,POINT MCKAY,Community Centrepoint,-114.14614868218382,51.059541166664715
25-00913653,2025-11-28,2025-11-29,Closed,App,Roads - Pathway Snow and Ice Concerns,OS - Mobility,DAL,DALHOUSIE,Community Centrepoint,-114.15815535928552,51.109409937993064
25-00913685,2025-11-29,2025-11-29,Closed,App,Bylaw - Snow and Ice on Sidewalk,CS - Emergency Management and Community Safety,MOP,MOUNT PLEASANT,Community Centrepoint,-114.07602998447167,51.074237909055896
25-00913730,2025-11-29,2025-12-01,Closed,App,Roads - Pathway Snow and Ice Concerns,OS - Mobility,RAN,RANCHLANDS,Community Centrepoint,-114.18364711110482,51.11917908296843
25-00913740,2025-11-29,2025-11-30,Closed,Other,Roads - Snow and Ice Control,OS - Mobility,HAM,HAMPTONS,Community Centrepoint,-114.14668419231464,51.14509284032676
25-00913741,2025-11-29,2025-12-01,Closed,App,Bylaw - Snow and Ice on Sidewalk,CS - Emergency Management and Community Safety,GDL,GLENDALE,Community Centrepoint,-114.15271889005814,51.03337139240085
25-00913750,2025-11-29,2025-11-30,Closed,Other,Bylaw - Snow and Ice on Sidewalk,CS - Emergency Management and Community Safety,LIV,LIVINGSTON,Community Centrepoint,-114.06550619776098,51.18553606435354
25-00913760,2025-11-29,2025-12-04,Closed,App,Bylaw - Snow and Ice on Sidewalk,CS - Emergency Management and Community Safety,TUS,TUSCANY,Community Centrepoint,-114.2408862053562,51.12191108825487
25-00913763,2025-11-29,2025-12-07,Closed,App,Bylaw - Snow and Ice on Sidewalk,CS - Emergency Management and Community Safety,MAH,MAHOGANY,Community Centrepoint,-113.92463385892704,50.895943916674454
25-00913765,2025-11-29,2025-12-08,Closed,App,Bylaw - Snow and Ice on Sidewalk,CS - Emergency Management and Community Safety,MAH,MAHOGANY,Community Centrepoint,-113.92463385892704,50.895943916674454
25-00913768,2025-11-29,2025-12-03,Closed,Other,Roads - Snow and Ice Control,OS - Mobility,RUT,RUTLAND PARK,Community Centrepoint,-114.13736058542744,51.01899098746044
25-00913770,2025-11-29,2025-11-30,Closed,Other,Bylaw - Snow and Ice on Sidewalk,CS - Emergency Management and Community Safety,RIC,RICHMOND,Community Centrepoint,-114.11842028929551,51.02971029545911
25-00913783,2025-11-29,2025-11-30,Closed,Other,Roads - Snow and Ice Control,OS - Mobility,HAM,HAMPTONS,Community Centrepoint,-114.14668419231464,51.14509284032676
25-00913792,2025-11-29,2025-12-11,Closed,Other,Bylaw - Snow and Ice on Sidewalk,CS - Emergency Management and Community Safety,FLN,FOREST LAWN,Community Centrepoint,-113.9700019179966,51.037848048607955
25-00913795,2025-11-29,2025-12-11,Closed,Other,Bylaw - Snow and Ice on Sidewalk,CS - Emergency Management and Community Safety,FLN,FOREST LAWN,Community Centrepoint,-113.9700019179966,51.037848048607955
25-00913801,2025-11-29,2025-12-02,Closed,App,Bylaw - Snow and Ice on Sidewalk,CS - Emergency Management and Community Safety,EVN,EVANSTON,Community Centrepoint,-114.11219163730428,51.171218187340465
25-00913803,2025-11-29,2025-11-30,Closed,Other,Roads - Snow and Ice Control,OS - Mobility,HAM,HAMPTONS,Community Centrepoint,-114.14668419231464,51.14509284032676
25-00913804,2025-11-29,2025-11-30,Closed,Other,Roads - Snow and Ice Control,OS - Mobility,AYB,ALYTH/BONNYBROOK,Community Centrepoint,-114.0224822149138,51.02285923916085
25-00913811,2025-11-29,2025-11-29,Closed,Other,Roads - Pathway Snow and Ice Concerns,OS - Mobility,CIT,CITADEL,Community Centrepoint,-114.18393693294524,51.1445387597689
25-00913815,2025-11-29,2025-11-30,Closed,Other,Roads - Snow and Ice Control,OS - Mobility,DDG,DOUGLASDALE/GLEN,Community Centrepoint,-114.01190805579247,50.94844437258388
25-00913816,2025-11-29,2025-11-29,Closed,App,Bylaw - Snow and Ice on Sidewalk,CS - Emergency Management and Community Safety,HOU,HOUNSFIELD HEIGHTS/BRIAR HILL,Community Centrepoint,-114.10572976666074,51.063179539196874
25-00913821,2025-11-29,2025-11-29,Closed,Other,Roads - Snow and Ice Control,OS - Mobility,CRM,CRESTMONT,Community Centrepoint,-114.26908259341312,51.08370240107075
25-00913826,2025-11-29,2025-11-29,Closed,Other,Roads - Snow and Ice Control,OS - Mobility,LKB,LAKE BONAVISTA,Community Centrepoint,-114.0512955606845,50.939598998272274
25-00913836,2025-11-29,2025-12-04,Closed,Other,Roads - Snow and Ice Control,OS - Mobility,PKL,PARKLAND,Community Centrepoint,-114.02822405924384,50.920841901943966
25-00913837,2025-11-29,2025-11-29,Closed,Other,Roads - Snow and Ice Control,OS - Mobility,SHI,SHEPARD INDUSTRIAL,Community Centrepoint,-113.99278635609627,50.96149445575939
25-00913839,2025-11-29,2025-12-05,Closed,App,Bylaw - Snow and Ice on Sidewalk,CS - Emergency Management and Community Safety,MRN,MORAINE,Community Centrepoint,-114.10624312812324,51.19053872895641
25-00913842,2025-11-29,2025-11-30,Closed,Other,Bylaw - Snow and Ice on Sidewalk,CS - Emergency Management and Community Safety,PAN,PANORAMA HILLS,Community Centrepoint,-114.08806340626408,51.15971101170789
25-00913844,2025-11-29,2025-12-05,Closed,App,Bylaw - Snow and Ice on Sidewalk,CS - Emergency Management and Community Safety,MRN,MORAINE,Community Centrepoint,-114.10624312812324,51.19053872895641
25-00913848,2025-11-29,2025-11-29,Closed,Other,Roads - Snow and Ice Control,OS - Mobility,BOW,BOWNESS,Community Centrepoint,-114.188388474722,51.08334628834888
25-00913852,2025-11-29,2025-12-01,Closed,Other,Roads - Snow and Ice Control,OS - Mobility,STR,STRATHCONA PARK,Community Centrepoint,-114.17758676157425,51.04741013809688
25-00913853,2025-11-29,2025-12-01,Duplicate (Closed),Other,Roads - Snow and Ice Control,OS - Mobility,STR,STRATHCONA PARK,Community Centrepoint,-114.17758676157425,51.04741013809688
25-00913860,2025-11-29,2025-11-29,Closed,App,Roads - Pathway Snow and Ice Concerns,OS - Mobility,MLR,MILLRISE,Community Centrepoint,-114.08491413864552,50.91705536774364
25-00913865,2025-11-29,2025-11-30,Closed,App,Bylaw - Snow and Ice on Sidewalk,CS - Emergency Management and Community Safety,QLD,QUEENSLAND,Community Centrepoint,-114.02257170606138,50.93822412104478
25-00913866,2025-11-29,2025-11-29,Closed,App,Roads - Pathway Snow and Ice Concerns,OS - Mobility,EPK,ELBOW PARK,Community Centrepoint,-114.08380531110666,51.02134304236776
25-00913880,2025-11-29,2025-11-29,Closed,App,Bylaw - Snow and Ice on Sidewalk,CS - Emergency Management and Community Safety,DOV,DOVER,Community Centrepoint,-113.99305400906276,51.02256772313628
25-00913895,2025-11-29,,Open,Other,Roads - Snow and Ice Control,OS - Mobility,WGT,WESTGATE,Community Centrepoint,-114.1585939025738,51.04417784675184
25-00913899,2025-11-29,2025-11-29,Closed,Other,Roads - Snow and Ice Control,OS - Mobility,HIL,HILLHURST,Community Centrepoint,-114.09364601408991,51.057277532355
25-00913920,2025-11-29,2025-11-30,Closed,App,Roads - Snow and Ice Control,OS - Mobility,LIV,LIVINGSTON,Community Centrepoint,-114.06550670687444,51.18550406559082
25-00913934,2025-11-29,2025-11-29,Closed,App,Roads - Snow and Ice Control,OS - Mobility,MCT,MCKENZIE TOWNE,Community Centrepoint,-113.96135301049588,50.917148761958515
25-00913938,2025-11-29,2025-11-30,Closed,Other,Roads - Snow and Ice Control,OS - Mobility,HAM,HAMPTONS,Community Centrepoint,-114.14668419231464,51.14509284032676
25-00913954,2025-11-29,2025-12-01,Closed,App,Roads - Pathway Snow and Ice Concerns,OS - Mobility,ARB,ARBOUR LAKE,Community Centrepoint,-114.2076749807532,51.13259471210095
25-00913960,2025-11-29,2025-12-01,Closed,Other,Bylaw - Snow and Ice on Sidewalk,CS - Emergency Management and Community Safety,HIL,HILLHURST,Community Centrepoint,-114.09364601408991,51.057277532355
25-00913967,2025-11-29,2025-12-04,Closed,App,Bylaw - Snow and Ice on Sidewalk,CS - Emergency Management and Community Safety,PAN,PANORAMA HILLS,Community Centrepoint,-114.08807155795826,51.15970929560302
25-00913969,2025-11-29,2025-11-29,Closed,Other,Roads - Pathway Snow and Ice Concerns,OS - Mobility,MAC,MACEWAN GLEN,Community Centrepoint,-114.11521349389096,51.13771903702536
25-00913970,2025-11-29,2025-11-30,Closed,Other,Bylaw - Snow and Ice on Sidewalk,CS - Emergency Management and Community Safety,TUX,TUXEDO PARK,Community Centrepoint,-114.06104493215648,51.07421777221349
25-00913982,2025-11-29,2025-11-29,Closed,App,Bylaw - Snow and Ice on Sidewalk,CS - Emergency Management and Community Safety,BRE,BRENTWOOD,Community Centrepoint,-114.13591917398958,51.09606553683618
25-00913986,2025-11-29,2025-11-29,Closed,App,Bylaw - Snow and Ice on Sidewalk,CS - Emergency Management and Community Safety,BRE,BRENTWOOD,Community Centrepoint,-114.13591917398958,51.09606553683618
25-00913989,2025-11-29,2025-11-29,Closed,Other,Roads - Snow and Ice Control,OS - Mobility,BUR,BURNS INDUSTRIAL,Community Centrepoint,-114.03966808778404,50.99870820989172
25-00913990,2025-11-29,2025-11-29,Closed,App,Roads - Pathway Snow and Ice Concerns,OS - Mobility,CHW,CHARLESWOOD,Community Centrepoint,-114.1122123154031,51.09008805079572
25-00913993,2025-11-29,2025-11-29,Closed,Other,Bylaw - Snow and Ice on Sidewalk,CS - Emergency Management and Community Safety,CHW,CHARLESWOOD,Community Centrepoint,-114.1122123154031,51.09008805079572
25-00914008,2025-11-29,2025-11-29,Closed,Other,Roads - Snow and Ice Control,OS - Mobility,MAH,MAHOGANY,Community Centrepoint,-113.92463385892704,50.895943916674454
25-00914020,2025-11-29,2025-12-05,Closed,App,Bylaw - Snow and Ice on Sidewalk,CS - Emergency Management and Community Safety,TAR,TARADALE,Community Centrepoint,-113.934002077972,51.11794016367547
25-00914035,2025-11-29,2025-11-30,Closed,App,Roads - Snow and Ice Control,OS - Mobility,HAM,HAMPTONS,Community Centrepoint,-114.14668419231464,51.14509284032676
25-00914050,2025-11-29,2026-04-17,Closed,Other,Roads - Pathway Snow and Ice Concerns,OS - Mobility,FLN,FOREST LAWN,Community Centrepoint,-113.9700019179966,51.037848048607955
25-00914051,2025-11-29,2025-11-30,Closed,Other,Roads - Snow and Ice Control,OS - Mobility,BED,BEDDINGTON HEIGHTS,Community Centrepoint,-114.0849111408055,51.13164398595451
25-00914065,2025-11-29,2025-11-29,Closed,Other,Roads - Snow and Ice Control,OS - Mobility,REN,RENFREW,Community Centrepoint,-114.03916899334442,51.05965315830899
25-00914066,2025-11-29,2025-11-29,Closed,App,Bylaw - Snow and Ice on Sidewalk,CS - Emergency Management and Community Safety,HOU,HOUNSFIELD HEIGHTS/BRIAR HILL,Community Centrepoint,-114.10572976666074,51.063179539196874
25-00914073,2025-11-29,2025-12-02,Closed,App,Bylaw - Snow and Ice on Sidewalk,CS - Emergency Management and Community Safety,KIL,KILLARNEY/GLENGARRY,Community Centrepoint,-114.13173134426395,51.030131956517685
25-00914074,2025-11-29,2025-12-03,Closed,App,Bylaw - Snow and Ice on Sidewalk,CS - Emergency Management and Community Safety,GLR,GLACIER RIDGE,Community Centrepoint,-114.1681884917596,51.190418661433526
25-00914075,2025-11-29,2025-12-12,Closed,App,Bylaw - Snow and Ice on Sidewalk,CS - Emergency Management and Community Safety,KIL,KILLARNEY/GLENGARRY,Community Centrepoint,-114.13173134426395,51.030131956517685
25-00914078,2025-11-29,2025-12-12,Closed,App,Bylaw - Snow and Ice on Sidewalk,CS - Emergency Management and Community Safety,KIL,KILLARNEY/GLENGARRY,Community Centrepoint,-114.13173134426395,51.030131956517685
25-00914080,2025-11-29,2025-12-01,Closed,App,Roads - Pathway Snow and Ice Concerns,OS - Mobility,PAN,PANORAMA HILLS,Community Centrepoint,-114.08806340626408,51.15971101170789
25-00914081,2025-11-29,2026-01-12,Closed,Other,Bylaw - Snow and Ice on Sidewalk,CS - Emergency Management and Community Safety,SOW,SOUTHWOOD,Community Centrepoint,-114.08319427981304,50.957758808343314
25-00914085,2025-11-29,2025-12-01,Closed,App,Roads - Pathway Snow and Ice Concerns,OS - Mobility,PAN,PANORAMA HILLS,Community Centrepoint,-114.08806340626408,51.15971101170789
25-00914089,2025-11-29,2025-11-30,Closed,App,Roads - Snow and Ice Control,OS - Mobility,PAN,PANORAMA HILLS,Community Centrepoint,-114.08806340626408,51.15971101170789
25-00914096,2025-11-29,2025-11-30,Duplicate (Closed),App,Roads - Snow and Ice Control,OS - Mobility,COU,COUNTRY HILLS,Community Centrepoint,-114.07989394832668,51.14377568374259
25-00914100,2025-11-29,2025-11-29,Closed,Other,Roads - Snow and Ice Control,OS - Mobility,SOV,SOUTHVIEW,Community Centrepoint,-113.99733916298923,51.03415221323608
25-00914102,2025-11-29,2025-12-02,Closed,Other,Roads - Snow and Ice Control,OS - Mobility,BNK,BANKVIEW,Community Centrepoint,-114.10048318979052,51.034127528143316
25-00914111,2025-11-29,2025-11-29,Closed,App,Roads - Snow and Ice Control,OS - Mobility,LEG,LEGACY,Community Centrepoint,-114.00597971885598,50.85760046185492
25-00914124,2025-11-29,2025-11-30,Closed,Other,Roads - Snow and Ice Control,OS - Mobility,SIG,SIGNAL HILL,Community Centrepoint,-114.17990702915992,51.023260171926054
25-00914125,2025-11-29,2025-11-29,Closed,Other,Roads - Snow and Ice Control,OS - Mobility,OAK,OAKRIDGE,Community Centrepoint,-114.12961404738668,50.969662799426914
25-00914128,2025-11-29,2025-12-01,Closed,Other,Roads - Snow and Ice Control,OS - Mobility,KCA,KINCORA,Community Centrepoint,-114.13286512975282,51.16026670811414
25-00914130,2025-11-29,2025-12-01,Closed,App,Bylaw - Snow and Ice on Sidewalk,CS - Emergency Management and Community Safety,BED,BEDDINGTON HEIGHTS,Community Centrepoint,-114.0849111408055,51.13164398595451
25-00914137,2025-11-29,2025-11-29,Closed,Other,Roads - Snow and Ice Control,OS - Mobility,GRE,GREENWOOD/GREENBRIAR,Community Centrepoint,-114.22297068115532,51.08986537163767
25-00914139,2025-11-29,2025-12-03,Closed,App,Bylaw - Snow and Ice on Sidewalk,CS - Emergency Management and Community Safety,SET,SETON,Community Centrepoint,-113.94793123802644,50.874157663473184
25-00914149,2025-11-29,2025-11-30,Closed,Other,Roads - Snow and Ice Control,OS - Mobility,EVN,EVANSTON,Community Centrepoint,-114.11245112799344,51.1710848417942
25-00914153,2025-11-29,2025-11-29,Closed,App,Roads - Snow and Ice Control,OS - Mobility,MAH,MAHOGANY,Community Centrepoint,-113.92463385892704,50.895943916674454
25-00914163,2025-11-29,2025-12-08,Closed,Other,Bylaw - Snow and Ice on Sidewalk,CS - Emergency Management and Community Safety,SIG,SIGNAL HILL,Community Centrepoint,-114.17990702915992,51.023260171926054
25-00914164,2025-11-29,2025-11-30,Closed,Other,Roads - Snow and Ice Control,OS - Mobility,LMR,LOWER MOUNT ROYAL,Community Centrepoint,-114.08649939756664,51.03650319836411
25-00914167,2025-11-29,2025-11-29,Closed,App,Roads - Snow and Ice Control,OS - Mobility,MAH,MAHOGANY,Community Centrepoint,-113.92463385892704,50.895943916674454
25-00914171,2025-11-29,2025-12-02,Closed,App,Bylaw - Snow and Ice on Sidewalk,CS - Emergency Management and Community Safety,HAM,HAMPTONS,Community Centrepoint,-114.14668841065269,51.14509558933835
25-00914174,2025-11-29,2025-12-02,Closed,App,Bylaw - Snow and Ice on Sidewalk,CS - Emergency Management and Community Safety,HAM,HAMPTONS,Community Centrepoint,-114.14668841065269,51.14509558933835
25-00914175,2025-11-29,2025-11-30,Closed,App,Roads - Snow and Ice Control,OS - Mobility,MOP,MOUNT PLEASANT,Community Centrepoint,-114.07602998447167,51.074237909055896
25-00914176,2025-11-29,2025-12-10,Closed,Other,Bylaw - Snow and Ice on Sidewalk,CS - Emergency Management and Community Safety,ERI,ERIN WOODS,Community Centrepoint,-113.96766881721628,51.02097627623138
25-00914179,2025-11-29,2025-12-03,Closed,App,Bylaw - Snow and Ice on Sidewalk,CS - Emergency Management and Community Safety,SCE,SCENIC ACRES,Community Centrepoint,-114.21734033796923,51.11270738649579
25-00914186,2025-11-29,2025-12-02,Closed,App,Bylaw - Snow and Ice on Sidewalk,CS - Emergency Management and Community Safety,SCE,SCENIC ACRES,Community Centrepoint,-114.21734033796923,51.11270738649579
25-00914189,2025-11-29,2025-12-17,Closed,Other,Roads - Pathway Snow and Ice Concerns,OS - Mobility,CAN,CANYON MEADOWS,Community Centrepoint,-114.0820063458848,50.94095720926748
25-00914190,2025-11-29,2025-12-01,Closed,Other,Bylaw - Snow and Ice on Sidewalk,CS - Emergency Management and Community Safety,CAP,CAPITOL HILL,Community Centrepoint,-114.09463117970957,51.072665279064736
25-00914191,2025-11-29,2025-11-30,Closed,App,Roads - Snow and Ice Control,OS - Mobility,DDG,DOUGLASDALE/GLEN,Community Centrepoint,-114.01190805579247,50.94844437258388
25-00914193,2025-11-29,2026-01-30,Closed,App,Bylaw - Snow and Ice on Sidewalk,CS - Emergency Management and Community Safety,REN,RENFREW,Community Centrepoint,-114.03916899334442,51.05965315830899
25-00914195,2025-11-29,2025-11-29,Closed,App,Roads - Snow and Ice Control,OS - Mobility,WBN,WOODBINE,Community Centrepoint,-114.1296281640212,50.940233262618435
25-00914198,2025-11-29,2025-12-03,Closed,Other,Bylaw - Snow and Ice on Sidewalk,CS - Emergency Management and Community Safety,MOP,MOUNT PLEASANT,Community Centrepoint,-114.07602998447167,51.074237909055896
25-00914201,2025-11-29,2025-12-01,Closed,App,Bylaw - Snow and Ice on Sidewalk,CS - Emergency Management and Community Safety,REN,RENFREW,Community Centrepoint,-114.03916899334442,51.05965315830899
25-00914204,2025-11-29,2025-12-04,Closed,App,Bylaw - Snow and Ice on Sidewalk,CS - Emergency Management and Community Safety,REN,RENFREW,Community Centrepoint,-114.03916899334442,51.05965315830899
25-00914224,2025-11-29,2025-12-02,Closed,App,Bylaw - Snow and Ice on Sidewalk,CS - Emergency Management and Community Safety,BOW,BOWNESS,Community Centrepoint,-114.188388474722,51.08334628834888
25-00914231,2025-11-29,2025-12-01,Closed,Other,Roads - Snow and Ice Control,OS - Mobility,STR,STRATHCONA PARK,Community Centrepoint,-114.17758676157425,51.04741013809688
25-00914232,2025-11-29,2025-12-01,Closed,App,Bylaw - Snow and Ice on Sidewalk,CS - Emergency Management and Community Safety,TUX,TUXEDO PARK,Community Centrepoint,-114.06104493215648,51.07421777221349
25-00914233,2025-11-29,2025-12-09,Closed,Other,Roads - Snow and Ice Control,OS - Mobility,AUB,AUBURN BAY,Community Centrepoint,-113.95779514351894,50.89269507750196
25-00914234,2025-11-29,2025-11-29,Closed,Other,Roads - Snow and Ice Control,OS - Mobility,RIC,RICHMOND,Community Centrepoint,-114.11842028929551,51.02971029545911
25-00914240,2025-11-29,2025-12-01,Closed,App,Bylaw - Snow and Ice on Sidewalk,CS - Emergency Management and Community Safety,TUX,TUXEDO PARK,Community Centrepoint,-114.06104493215648,51.07421777221349
25-00914241,2025-11-29,2025-11-30,Closed,App,Roads - Snow and Ice Control,OS - Mobility,PAN,PANORAMA HILLS,Community Centrepoint,-114.08806340626408,51.15971101170789
25-00914246,2025-11-29,2025-12-05,Closed,App,Bylaw - Snow and Ice on Sidewalk,CS - Emergency Management and Community Safety,WGT,WESTGATE,Community Centrepoint,-114.1585939025738,51.04417784675184
25-00914257,2025-11-29,2025-12-08,Closed,App,Roads - Pathway Snow and Ice Concerns,OS - Mobility,MIS,MISSION,Community Centrepoint,-114.06808259035856,51.033157759251445
25-00914260,2025-11-29,2025-12-02,Closed,Other,Bylaw - Snow and Ice on Sidewalk,CS - Emergency Management and Community Safety,CNS,CORNERSTONE,Community Centrepoint,-113.9305705256274,51.15735996767518
25-00914268,2025-11-29,2025-12-02,Closed,Other,Bylaw - Snow and Ice on Sidewalk,CS - Emergency Management and Community Safety,CNS,CORNERSTONE,Community Centrepoint,-113.9305705256274,51.15735996767518
25-00914270,2025-11-29,2025-11-30,Closed,Other,Bylaw - Snow and Ice on Sidewalk,CS - Emergency Management and Community Safety,FLN,FOREST LAWN,Community Centrepoint,-113.9700019179966,51.037848048607955
25-00914273,2025-11-29,2025-11-30,Closed,Other,Roads - Snow and Ice Control,OS - Mobility,DDG,DOUGLASDALE/GLEN,Community Centrepoint,-114.01190805579247,50.94844437258388
25-00914274,2025-11-29,2025-12-02,Closed,Other,Bylaw - Snow and Ice on Sidewalk,CS - Emergency Management and Community Safety,CNS,CORNERSTONE,Community Centrepoint,-113.9305705256274,51.15735996767518
25-00914279,2025-11-29,2025-12-02,Closed,Other,Bylaw - Snow and Ice on Sidewalk,CS - Emergency Management and Community Safety,CNS,CORNERSTONE,Community Centrepoint,-113.9305705256274,51.15735996767518
25-00914281,2025-11-29,2025-12-02,Closed,Other,Bylaw - Snow and Ice on Sidewalk,CS - Emergency Management and Community Safety,CNS,CORNERSTONE,Community Centrepoint,-113.9305705256274,51.15735996767518
25-00914285,2025-11-29,2025-12-03,Closed,Other,Bylaw - Snow and Ice on Sidewalk,CS - Emergency Management and Community Safety,CNS,CORNERSTONE,Community Centrepoint,-113.9305705256274,51.15735996767518
25-00914287,2025-11-29,2025-12-01,Closed,App,Roads - Snow and Ice Control,OS - Mobility,CAR,CARRINGTON,Community Centrepoint,-114.08876544116865,51.1856882618504
25-00914289,2025-11-29,2025-12-02,Closed,Other,Bylaw - Snow and Ice on Sidewalk,CS - Emergency Management and Community Safety,CNS,CORNERSTONE,Community Centrepoint,-113.9305705256274,51.15735996767518
25-00914294,2025-11-29,2025-12-06,Closed,Other,Bylaw - Snow and Ice on Sidewalk,CS - Emergency Management and Community Safety,EVE,EVERGREEN,Community Centrepoint,-114.11569352503209,50.91870443401208
25-00914297,2025-11-29,2025-12-02,Closed,Other,Bylaw - Snow and Ice on Sidewalk,CS - Emergency Management and Community Safety,CNS,CORNERSTONE,Community Centrepoint,-113.9305705256274,51.15735996767518
25-00914302,2025-11-29,2025-12-02,Closed,Other,Bylaw - Snow and Ice on Sidewalk,CS - Emergency Management and Community Safety,CNS,CORNERSTONE,Community Centrepoint,-113.9305705256274,51.15735996767518
25-00914305,2025-11-29,2025-12-02,Closed,Other,Bylaw - Snow and Ice on Sidewalk,CS - Emergency Management and Community Safety,CNS,CORNERSTONE,Community Centrepoint,-113.9305705256274,51.15735996767518
25-00914309,2025-11-29,2025-12-02,Closed,Other,Bylaw - Snow and Ice on Sidewalk,CS - Emergency Management and Community Safety,CNS,CORNERSTONE,Community Centrepoint,-113.9305705256274,51.15735996767518
25-00914312,2025-11-29,2025-11-29,Closed,Other,Roads - Snow and Ice Control,OS - Mobility,DOV,DOVER,Community Centrepoint,-113.99305400906276,51.02256772313628
25-00914315,2025-11-29,2025-12-02,Closed,Other,Bylaw - Snow and Ice on Sidewalk,CS - Emergency Management and Community Safety,CNS,CORNERSTONE,Community Centrepoint,-113.9305705256274,51.15735996767518
25-00914318,2025-11-29,2025-12-02,Closed,Other,Bylaw - Snow and Ice on Sidewalk,CS - Emergency Management and Community Safety,CNS,CORNERSTONE,Community Centrepoint,-113.9305705256274,51.15735996767518
25-00914320,2025-11-29,2025-11-29,Closed,Other,Roads - Snow and Ice Control,OS - Mobility,PKL,PARKLAND,Community Centrepoint,-114.02822405924384,50.920841901943966
25-00914323,2025-11-29,2025-12-02,Closed,Other,Bylaw - Snow and Ice on Sidewalk,CS - Emergency Management and Community Safety,CNS,CORNERSTONE,Community Centrepoint,-113.9305705256274,51.15735996767518
25-00914325,2025-11-29,2025-11-29,Closed,Other,Roads - Snow and Ice Control,OS - Mobility,ST3,STONEY 3,Community Centrepoint,-113.97583513108812,51.14703268645852
25-00914331,2025-11-29,2025-12-02,Closed,Other,Bylaw - Snow and Ice on Sidewalk,CS - Emergency Management and Community Safety,CNS,CORNERSTONE,Community Centrepoint,-113.9305705256274,51.15735996767518
25-00914334,2025-11-29,2025-12-02,Closed,Other,Bylaw - Snow and Ice on Sidewalk,CS - Emergency Management and Community Safety,CNS,CORNERSTONE,Community Centrepoint,-113.9305705256274,51.15735996767518
25-00914335,2025-11-29,2025-11-30,Closed,Other,Roads - Snow and Ice Control,OS - Mobility,FVI,FAIRVIEW INDUSTRIAL,Community Centrepoint,-114.0687807458538,50.98701006465201
25-00914336,2025-11-29,2025-12-01,Closed,Other,Roads - Pathway Snow and Ice Concerns,OS - Mobility,DRG,DEER RIDGE,Community Centrepoint,-114.02023404987304,50.92657386979402
25-00914337,2025-11-29,2025-12-03,Closed,App,Bylaw - Snow and Ice on Sidewalk,CS - Emergency Management and Community Safety,HPK,HIGHLAND PARK,Community Centrepoint,-114.0620558477436,51.08801817919036
25-00914339,2025-11-29,2025-12-02,Closed,Other,Bylaw - Snow and Ice on Sidewalk,CS - Emergency Management and Community Safety,CNS,CORNERSTONE,Community Centrepoint,-113.9305705256274,51.15735996767518
25-00914343,2025-11-29,2025-12-02,Closed,Other,Bylaw - Snow and Ice on Sidewalk,CS - Emergency Management and Community Safety,CNS,CORNERSTONE,Community Centrepoint,-113.9305705256274,51.15735996767518
25-00914345,2025-11-29,2025-12-02,Closed,Other,Bylaw - Snow and Ice on Sidewalk,CS - Emergency Management and Community Safety,CNS,CORNERSTONE,Community Centrepoint,-113.9305705256274,51.15735996767518
25-00914348,2025-11-29,2025-12-02,Closed,Other,Bylaw - Snow and Ice on Sidewalk,CS - Emergency Management and Community Safety,CNS,CORNERSTONE,Community Centrepoint,-113.9305705256274,51.15735996767518
25-00914349,2025-11-29,2025-12-02,Closed,Other,Bylaw - Snow and Ice on Sidewalk,CS - Emergency Management and Community Safety,CNS,CORNERSTONE,Community Centrepoint,-113.9305705256274,51.15735996767518
25-00914352,2025-11-29,2025-12-03,Closed,Other,Bylaw - Snow and Ice on Sidewalk,CS - Emergency Management and Community Safety,CNS,CORNERSTONE,Community Centrepoint,-113.9305705256274,51.15735996767518
25-00914355,2025-11-29,2025-12-11,Closed,Other,Bylaw - Snow and Ice on Sidewalk,CS - Emergency Management and Community Safety,LIV,LIVINGSTON,Community Centrepoint,-114.06550619776098,51.18553606435354
25-00914360,2025-11-29,2025-12-01,Closed,Other,Bylaw - Snow and Ice on Sidewalk,CS - Emergency Management and Community Safety,PIN,PINERIDGE,Community Centrepoint,-113.9467616936152,51.07424750638858
25-00914361,2025-11-29,2025-11-29,Closed,Other,Roads - Snow and Ice Control,OS - Mobility,DNC,DOWNTOWN COMMERCIAL CORE,Community Centrepoint,-114.06959371115344,51.0472744358498
25-00914362,2025-11-29,2025-12-01,Closed,Other,Bylaw - Snow and Ice on Sidewalk,CS - Emergency Management and Community Safety,PIN,PINERIDGE,Community Centrepoint,-113.9467616936152,51.07424750638858
25-00914365,2025-11-29,2025-11-30,Closed,App,Roads - Pathway Snow and Ice Concerns,OS - Mobility,SHN,SHAWNESSY,Community Centrepoint,-114.07397621253683,50.90337303234254
25-00914367,2025-11-29,2025-11-29,Closed,Other,Roads - Snow and Ice Control,OS - Mobility,WSP,WEST SPRINGS,Community Centrepoint,-114.20668628482738,51.05977296984733
25-00914370,2025-11-29,2025-11-30,Closed,App,Roads - Snow and Ice Control,OS - Mobility,FAI,FAIRVIEW,Community Centrepoint,-114.0603609439821,50.98538212195565
25-00914372,2025-11-29,2025-12-03,Closed,Other,Bylaw - Snow and Ice on Sidewalk,CS - Emergency Management and Community Safety,HSN,HASKAYNE,Community Centrepoint,-114.28669528468198,51.11697203676882
25-00914374,2025-11-29,2025-12-03,Closed,App,Roads - Pathway Snow and Ice Concerns,OS - Mobility,PKH,PARKHILL,Community Centrepoint,-114.06553452471286,51.018192290783006
25-00914386,2025-11-29,2025-11-30,Duplicate (Closed),Other,Roads - Snow and Ice Control,OS - Mobility,HAM,HAMPTONS,Community Centrepoint,-114.14668841065269,51.14509558933835
25-00914391,2025-11-29,2025-11-29,Closed,App,Roads - Snow and Ice Control,OS - Mobility,SSD,SUNNYSIDE,Community Centrepoint,-114.07902910930612,51.05641953338241
25-00914396,2025-11-29,2025-11-30,Closed,App,Roads - Snow and Ice Control,OS - Mobility,SET,SETON,Community Centrepoint,-113.94793123802644,50.874157663473184
25-00914401,2025-11-29,2025-11-29,Closed,App,Roads - Pathway Snow and Ice Concerns,OS - Mobility,SHN,SHAWNESSY,Community Centrepoint,-114.07397621253683,50.90337303234254
25-00914411,2025-11-29,2025-11-29,Closed,App,Roads - Snow and Ice Control,OS - Mobility,CRA,CRANSTON,Community Centrepoint,-113.98000403324248,50.87819416673358
25-00914413,2025-11-29,2025-11-30,Closed,Other,Roads - Snow and Ice Control,OS - Mobility,SSD,SUNNYSIDE,Community Centrepoint,-114.07902910930612,51.05641953338241
25-00914414,2025-11-29,2025-12-11,Closed,Other,Bylaw - Snow and Ice on Sidewalk,CS - Emergency Management and Community Safety,PIN,PINERIDGE,Community Centrepoint,-113.9467616936152,51.07424750638858
25-00914417,2025-11-29,2025-11-30,Closed,Other,Roads - Snow and Ice Control,OS - Mobility,FVI,FAIRVIEW INDUSTRIAL,Community Centrepoint,-114.0687807458538,50.98701006465201
25-00914429,2025-11-29,2025-11-29,Closed,Other,Roads - Snow and Ice Control,OS - Mobility,DOV,DOVER,Community Centrepoint,-113.99305400906276,51.02256772313628
25-00914434,2025-11-29,2025-12-01,Closed,App,Bylaw - Snow and Ice on Sidewalk,CS - Emergency Management and Community Safety,BRI,BRIDLEWOOD,Community Centrepoint,-114.11020921039947,50.89921921581604
25-00914435,2025-11-29,2025-12-01,Closed,App,Bylaw - Snow and Ice on Sidewalk,CS - Emergency Management and Community Safety,BRI,BRIDLEWOOD,Community Centrepoint,-114.11020921039947,50.89921921581604
25-00914440,2025-11-29,2025-12-01,Closed,App,Bylaw - Snow and Ice on Sidewalk,CS - Emergency Management and Community Safety,BRI,BRIDLEWOOD,Community Centrepoint,-114.11020921039947,50.89921921581604
25-00914441,2025-11-29,2025-12-01,Closed,App,Bylaw - Snow and Ice on Sidewalk,CS - Emergency Management and Community Safety,BRI,BRIDLEWOOD,Community Centrepoint,-114.11020921039947,50.89921921581604
25-00914452,2025-11-29,2025-11-30,Closed,Other,Roads - Snow and Ice Control,OS - Mobility,SVO,SILVERADO,Community Centrepoint,-114.07129694074862,50.88298604108047
25-00914459,2025-11-29,2025-11-30,Closed,App,Roads - Snow and Ice Control,OS - Mobility,EVE,EVERGREEN,Community Centrepoint,-114.11569352503209,50.91870443401208
25-00914461,2025-11-29,2025-12-04,Closed,Other,Bylaw - Snow and Ice on Sidewalk,CS - Emergency Management and Community Safety,HID,HIDDEN VALLEY,Community Centrepoint,-114.11960923256338,51.15193708483775
25-00914465,2025-11-29,2025-12-03,Closed,Other,Bylaw - Snow and Ice on Sidewalk,CS - Emergency Management and Community Safety,SOW,SOUTHWOOD,Community Centrepoint,-114.08319427981304,50.957758808343314
25-00914470,2025-11-29,2025-12-03,Closed,Other,Bylaw - Snow and Ice on Sidewalk,CS - Emergency Management and Community Safety,SOW,SOUTHWOOD,Community Centrepoint,-114.08319427981304,50.957758808343314
25-00914471,2025-11-29,2025-12-03,Closed,Other,Bylaw - Snow and Ice on Sidewalk,CS - Emergency Management and Community Safety,SOW,SOUTHWOOD,Community Centrepoint,-114.08319427981304,50.957758808343314
25-00914490,2025-11-29,2025-12-02,Closed,App,Bylaw - Snow and Ice on Sidewalk,CS - Emergency Management and Community Safety,CPF,COPPERFIELD,Community Centrepoint,-113.9294857228364,50.91781382350559
25-00914491,2025-11-29,2025-12-02,Closed,App,Bylaw - Snow and Ice on Sidewalk,CS - Emergency Management and Community Safety,CPF,COPPERFIELD,Community Centrepoint,-113.9294857228364,50.91781382350559
25-00914493,2025-11-29,2025-12-02,Closed,App,Bylaw - Snow and Ice on Sidewalk,CS - Emergency Management and Community Safety,CPF,COPPERFIELD,Community Centrepoint,-113.9294857228364,50.91781382350559
25-00914495,2025-11-29,2025-12-01,Closed,App,Bylaw - Snow and Ice on Sidewalk,CS - Emergency Management and Community Safety,CPF,COPPERFIELD,Community Centrepoint,-113.9294857228364,50.91781382350559
25-00914497,2025-11-29,2025-11-29,Closed,Other,Roads - Snow and Ice Control,OS - Mobility,PKL,PARKLAND,Community Centrepoint,-114.02822405924384,50.920841901943966
25-00914498,2025-11-29,2025-11-30,Closed,Other,Roads - Snow and Ice Control,OS - Mobility,HUN,HUNTINGTON HILLS,Community Centrepoint,-114.06670855606806,51.11758074861446
25-00914499,2025-11-29,2025-11-29,Closed,Other,Roads - Snow and Ice Control,OS - Mobility,MON,MONTGOMERY,Community Centrepoint,-114.16224821352388,51.071076143699045
25-00914503,2025-11-29,2025-12-01,Closed,App,Bylaw - Snow and Ice on Sidewalk,CS - Emergency Management and Community Safety,CPF,COPPERFIELD,Community Centrepoint,-113.9294857228364,50.91781382350559
25-00914507,2025-11-29,2025-12-01,Closed,App,Bylaw - Snow and Ice on Sidewalk,CS - Emergency Management and Community Safety,CPF,COPPERFIELD,Community Centrepoint,-113.9294857228364,50.91781382350559
25-00914514,2025-11-29,2025-12-17,Closed,App,Roads - Pathway Snow and Ice Concerns,OS - Mobility,GLA,GLAMORGAN,Community Centrepoint,-114.15322733578051,51.015116804134095
25-00914517,2025-11-29,2025-12-08,Closed,Other,Roads - Pathway Snow and Ice Concerns,OS - Mobility,EVE,EVERGREEN,Community Centrepoint,-114.11569352503209,50.91870443401208
25-00914521,2025-11-29,2025-12-11,Closed,App,Bylaw - Snow and Ice on Sidewalk,CS - Emergency Management and Community Safety,ALP,ALPINE PARK,Community Centrepoint,-114.14701269720348,50.91704331336335
25-00914522,2025-11-29,2025-12-01,Closed,Other,Roads - Pathway Snow and Ice Concerns,OS - Mobility,SAD,SADDLE RIDGE,Community Centrepoint,-113.94562252266888,51.13057324276626
25-00914531,2025-11-29,2025-12-04,Closed,App,Bylaw - Snow and Ice on Sidewalk,CS - Emergency Management and Community Safety,SHG,SHAGANAPPI,Community Centrepoint,-114.1266528552515,51.04521146641257
25-00914532,2025-11-29,2025-11-29,Closed,App,Bylaw - Snow and Ice on Sidewalk,CS - Emergency Management and Community Safety,MCK,MCKENZIE LAKE,Community Centrepoint,-113.9881871837774,50.91486638419278
25-00914533,2025-11-29,2025-11-30,Closed,App,Roads - Snow and Ice Control,OS - Mobility,PAN,PANORAMA HILLS,Community Centrepoint,-114.08806340626408,51.15971101170789
25-00914536,2025-11-29,2025-12-02,Closed,Other,Roads - Pathway Snow and Ice Concerns,OS - Mobility,OGD,OGDEN,Community Centrepoint,-114.01243870034244,50.99187347872066
25-00914540,2025-11-29,2025-12-03,Closed,Other,Bylaw - Snow and Ice on Sidewalk,CS - Emergency Management and Community Safety,MAL,MAYLAND HEIGHTS,Community Centrepoint,-114.01331127596195,51.06083218163849
25-00914544,2025-11-29,2025-12-01,Closed,App,Roads - Pathway Snow and Ice Concerns,OS - Mobility,SHG,SHAGANAPPI,Community Centrepoint,-114.1266528552515,51.04521146641257
25-00914548,2025-11-29,2025-12-12,Closed,Other,Bylaw - Snow and Ice on Sidewalk,CS - Emergency Management and Community Safety,RCK,ROSSCARROCK,Community Centrepoint,-114.14548590929746,51.04328787200739
25-00914568,2025-11-29,2025-11-29,Closed,App,Roads - Snow and Ice Control,OS - Mobility,LKB,LAKE BONAVISTA,Community Centrepoint,-114.0512955606845,50.939598998272274
25-00914569,2025-11-29,2025-12-12,Closed,App,Bylaw - Snow and Ice on Sidewalk,CS - Emergency Management and Community Safety,BOW,BOWNESS,Community Centrepoint,-114.188388474722,51.08334628834888
25-00914572,2025-11-29,2025-11-29,Closed,Other,Roads - Snow and Ice Control,OS - Mobility,DRN,DEER RUN,Community Centrepoint,-114.00908770459684,50.925132387678815
25-00914574,2025-11-29,2025-12-17,Closed,App,Roads - Pathway Snow and Ice Concerns,OS - Mobility,SGH,SAGE HILL,Community Centrepoint,-114.14068609335126,51.175616973412424
25-00914580,2025-11-29,2025-12-04,Closed,Other,Bylaw - Snow and Ice on Sidewalk,CS - Emergency Management and Community Safety,CRE,CRESCENT HEIGHTS,Community Centrepoint,-114.06161323521869,51.05949594746299
25-00914582,2025-11-29,2025-12-17,Closed,Other,Roads - Pathway Snow and Ice Concerns,OS - Mobility,ASP,ASPEN WOODS,Community Centrepoint,-114.20838662695292,51.04521537783425
25-00914584,2025-11-29,2025-12-09,Closed,Other,Bylaw - Snow and Ice on Sidewalk,CS - Emergency Management and Community Safety,CRE,CRESCENT HEIGHTS,Community Centrepoint,-114.06161323521869,51.05949594746299
25-00914585,2025-11-29,2025-12-03,Closed,Other,Bylaw - Snow and Ice on Sidewalk,CS - Emergency Management and Community Safety,CIT,CITADEL,Community Centrepoint,-114.18391232300922,51.14453732608978
25-00914588,2025-11-29,2025-11-30,Closed,Other,Roads - Snow and Ice Control,OS - Mobility,MCK,MCKENZIE LAKE,Community Centrepoint,-113.9881871837774,50.91486638419278
25-00914595,2025-11-29,2025-12-12,Closed,Other,Bylaw - Snow and Ice on Sidewalk,CS - Emergency Management and Community Safety,STR,STRATHCONA PARK,Community Centrepoint,-114.17758676157425,51.04741013809688
25-00914602,2025-11-29,2025-12-01,Closed,App,Bylaw - Snow and Ice on Sidewalk,CS - Emergency Management and Community Safety,CAP,CAPITOL HILL,Community Centrepoint,-114.09463117970957,51.072665279064736
25-00914611,2025-11-29,2025-11-30,Closed,Other,Roads - Snow and Ice Control,OS - Mobility,LPK,LINCOLN PARK,Community Centrepoint,-114.12999189961278,51.01027374391133
25-00914624,2025-11-29,2025-11-30,Closed,Other,Bylaw - Snow and Ice on Sidewalk,CS - Emergency Management and Community Safety,EVN,EVANSTON,Community Centrepoint,-114.11219163730428,51.171218187340465
25-00914630,2025-11-29,2025-12-05,Closed,Other,Bylaw - Snow and Ice on Sidewalk,CS - Emergency Management and Community Safety,HPK,HIGHLAND PARK,Community Centrepoint,-114.0620558477436,51.08801817919036
25-00914634,2025-11-29,2025-11-30,Closed,App,Roads - Snow and Ice Control,OS - Mobility,PAN,PANORAMA HILLS,Community Centrepoint,-114.08806340626408,51.15971101170789
25-00914642,2025-11-29,2025-12-01,Closed,Other,Roads - Pathway Snow and Ice Concerns,OS - Mobility,RVW,RANGEVIEW,Community Centrepoint,-113.91974448757276,50.874379475430835
25-00914644,2025-11-29,2025-11-30,Closed,Other,Bylaw - Snow and Ice on Sidewalk,CS - Emergency Management and Community Safety,DNC,DOWNTOWN COMMERCIAL CORE,Community Centrepoint,-114.06959371115344,51.0472744358498
25-00914647,2025-11-29,2025-11-30,Closed,Other,Roads - Snow and Ice Control,OS - Mobility,MAH,MAHOGANY,Community Centrepoint,-113.92463385892704,50.895943916674454
25-00914650,2025-11-29,2025-11-30,Closed,Other,Roads - Snow and Ice Control,OS - Mobility,MAH,MAHOGANY,Community Centrepoint,-113.92463385892704,50.895943916674454
25-00914660,2025-11-29,2025-12-04,Closed,Other,Roads - Snow and Ice Control,OS - Mobility,WIN,WINSTON HEIGHTS/MOUNTVIEW,Community Centrepoint,-114.04184874950612,51.07529880280739
25-00914661,2025-11-29,2025-12-01,Closed,Other,Bylaw - Snow and Ice on Sidewalk,CS - Emergency Management and Community Safety,CAP,CAPITOL HILL,Community Centrepoint,-114.09463117970957,51.072665279064736
25-00914665,2025-11-29,2025-12-01,Closed,Other,Bylaw - Snow and Ice on Sidewalk,CS - Emergency Management and Community Safety,CAP,CAPITOL HILL,Community Centrepoint,-114.09463117970957,51.072665279064736
25-00914666,2025-11-29,2025-12-02,Closed,Other,Roads - Snow and Ice Control,OS - Mobility,GBK,GLENBROOK,Community Centrepoint,-114.152694837935,51.02419405304613
25-00914671,2025-11-29,2025-12-05,Closed,Other,Bylaw - Snow and Ice on Sidewalk,CS - Emergency Management and Community Safety,PAN,PANORAMA HILLS,Community Centrepoint,-114.08807155795826,51.15970929560302
25-00914672,2025-11-29,2025-11-30,Closed,Other,Bylaw - Snow and Ice on Sidewalk,CS - Emergency Management and Community Safety,FHT,FOREST HEIGHTS,Community Centrepoint,-113.96875793277384,51.04924314874295
25-00914673,2025-11-29,2025-11-30,Closed,Other,Bylaw - Snow and Ice on Sidewalk,CS - Emergency Management and Community Safety,CHA,CHAPARRAL,Community Centrepoint,-114.02566896242004,50.88467311348729
25-00914675,2025-11-29,2025-12-03,Closed,App,Roads - Pathway Snow and Ice Concerns,OS - Mobility,ABP,AURORA BUSINESS PARK,Community Centrepoint,-114.0584755415263,51.13626243286761
25-00914678,2025-11-29,2025-12-01,Closed,Other,Bylaw - Snow and Ice on Sidewalk,CS - Emergency Management and Community Safety,CHA,CHAPARRAL,Community Centrepoint,-114.02566896242004,50.88467311348729
25-00914681,2025-11-29,2025-12-01,Closed,Other,Bylaw - Snow and Ice on Sidewalk,CS - Emergency Management and Community Safety,CHA,CHAPARRAL,Community Centrepoint,-114.02566896242004,50.88467311348729
25-00914689,2025-11-29,2025-11-30,Closed,App,Roads - Snow and Ice Control,OS - Mobility,MAH,MAHOGANY,Community Centrepoint,-113.92463385892704,50.895943916674454
25-00914691,2025-11-29,2025-12-01,Closed,Other,Bylaw - Snow and Ice on Sidewalk,CS - Emergency Management and Community Safety,CHA,CHAPARRAL,Community Centrepoint,-114.02566896242004,50.88467311348729
25-00914699,2025-11-29,2026-01-08,Closed,App,Roads - Pathway Snow and Ice Concerns,OS - Mobility,TUX,TUXEDO PARK,Community Centrepoint,-114.06104493215648,51.07421777221349
25-00914705,2025-11-29,2025-12-10,Closed,Other,Roads - Pathway Snow and Ice Concerns,OS - Mobility,SPR,SPRUCE CLIFF,Community Centrepoint,-114.13627783911969,51.04865970828296
25-00914709,2025-11-29,2025-11-30,Closed,Other,Roads - Snow and Ice Control,OS - Mobility,UND,UNIVERSITY DISTRICT,Community Centrepoint,-114.14496478087015,51.07385411823227
25-00914728,2025-11-29,2025-11-30,Closed,App,Roads - Snow and Ice Control,OS - Mobility,VAL,VALLEY RIDGE,Community Centrepoint,-114.25129743656922,51.09538869219599
25-00914732,2025-11-29,2025-12-03,Closed,Other,Bylaw - Snow and Ice on Sidewalk,CS - Emergency Management and Community Safety,SHW,SHERWOOD,Community Centrepoint,-114.15192222360092,51.15999021930858
25-00914741,2025-11-29,2025-11-30,Closed,App,Roads - Snow and Ice Control,OS - Mobility,CAN,CANYON MEADOWS,Community Centrepoint,-114.0820063458848,50.94095720926748
25-00914742,2025-11-29,2025-12-01,Closed,Other,Bylaw - Snow and Ice on Sidewalk,CS - Emergency Management and Community Safety,DNW,DOWNTOWN WEST END,Community Centrepoint,-114.08777935920996,51.04796914082405
25-00914743,2025-11-29,2025-12-01,Closed,Other,Bylaw - Snow and Ice on Sidewalk,CS - Emergency Management and Community Safety,DNC,DOWNTOWN COMMERCIAL CORE,Community Centrepoint,-114.06959371115344,51.0472744358498
25-00914744,2025-11-29,2025-12-01,Closed,Other,Bylaw - Snow and Ice on Sidewalk,CS - Emergency Management and Community Safety,DNC,DOWNTOWN COMMERCIAL CORE,Community Centrepoint,-114.06959371115344,51.0472744358498
25-00914748,2025-11-29,2025-12-11,Closed,App,Bylaw - Snow and Ice on Sidewalk,CS - Emergency Management and Community Safety,WAL,WALDEN,Community Centrepoint,-114.03261830805454,50.87040296671561
25-00914749,2025-11-29,2025-11-30,Closed,App,Roads - Snow and Ice Control,OS - Mobility,WOO,WOODLANDS,Community Centrepoint,-114.10615958156993,50.9411239786837
25-00914754,2025-11-29,2025-11-30,Closed,App,Roads - Pathway Snow and Ice Concerns,OS - Mobility,WSP,WEST SPRINGS,Community Centrepoint,-114.20668628482738,51.05977296984733
25-00914755,2025-11-29,2025-11-30,Open,Other,Roads - Snow and Ice Control,OS - Mobility,CHW,CHARLESWOOD,Community Centrepoint,-114.1122123154031,51.09008805079572
25-00914756,2025-11-29,2025-12-01,Closed,Other,Roads - Pathway Snow and Ice Concerns,OS - Mobility,WAL,WALDEN,Community Centrepoint,-114.03261830805454,50.87040296671561
25-00914759,2025-11-29,2025-12-10,Closed,Other,Bylaw - Snow and Ice on Sidewalk,CS - Emergency Management and Community Safety,YKV,YORKVILLE,Community Centrepoint,-114.08232478981768,50.87035139693807
25-00914760,2025-11-29,2025-12-11,Duplicate (Closed),App,Bylaw - Snow and Ice on Sidewalk,CS - Emergency Management and Community Safety,ALT,ALTADORE,Community Centrepoint,-114.10078239468643,51.015954118930864
25-00914767,2025-11-29,2025-11-30,Closed,App,Bylaw - Snow and Ice on Sidewalk,CS - Emergency Management and Community Safety,DOV,DOVER,Community Centrepoint,-113.99305400906276,51.02256772313628
25-00914774,2025-11-29,2025-11-30,Closed,App,Roads - Pathway Snow and Ice Concerns,OS - Mobility,RUT,RUTLAND PARK,Community Centrepoint,-114.13736058542744,51.01899098746044
25-00914776,2025-11-29,2025-12-06,Closed,App,Bylaw - Snow and Ice on Sidewalk,CS - Emergency Management and Community Safety,RSN,REDSTONE,Community Centrepoint,-113.9575028271685,51.17044616888478
25-00914785,2025-11-29,2025-12-01,Closed,App,Roads - Snow and Ice Control,OS - Mobility,RUT,RUTLAND PARK,Community Centrepoint,-114.13736058542744,51.01899098746044
25-00914788,2025-11-29,2025-11-30,Closed,Other,Roads - Snow and Ice Control,OS - Mobility,MON,MONTGOMERY,Community Centrepoint,-114.16224821352388,51.071076143699045
25-00914801,2025-11-29,2025-11-30,Closed,Other,Roads - Snow and Ice Control,OS - Mobility,FLN,FOREST LAWN,Community Centrepoint,-113.9700019179966,51.037848048607955
25-00914805,2025-11-29,2025-11-30,Duplicate (Closed),Other,Roads - Snow and Ice Control,OS - Mobility,LPK,LINCOLN PARK,Community Centrepoint,-114.12999189961278,51.01027374391133
25-00914810,2025-11-29,2025-12-02,Closed,Other,Bylaw - Snow and Ice on Sidewalk,CS - Emergency Management and Community Safety,HAR,HARVEST HILLS,Community Centrepoint,-114.05277830448232,51.14767656521987
25-00914812,2025-11-29,2025-12-06,Closed,Other,Bylaw - Snow and Ice on Sidewalk,CS - Emergency Management and Community Safety,HAR,HARVEST HILLS,Community Centrepoint,-114.05277830448232,51.14767656521987
25-00914815,2025-11-29,2025-11-30,Closed,Other,Roads - Snow and Ice Control,OS - Mobility,WAL,WALDEN,Community Centrepoint,-114.03261830805454,50.87040296671561
25-00914816,2025-11-29,2025-12-02,Closed,Other,Bylaw - Snow and Ice on Sidewalk,CS - Emergency Management and Community Safety,HAR,HARVEST HILLS,Community Centrepoint,-114.05277830448232,51.14767656521987
25-00914817,2025-11-29,2025-12-06,Closed,Other,Bylaw - Snow and Ice on Sidewalk,CS - Emergency Management and Community Safety,HAR,HARVEST HILLS,Community Centrepoint,-114.05277830448232,51.14767656521987
25-00914823,2025-11-29,2025-11-30,Closed,Other,Roads - Snow and Ice Control,OS - Mobility,REN,RENFREW,Community Centrepoint,-114.03916899334442,51.05965315830899
25-00914828,2025-11-29,2025-11-30,Closed,Other,Roads - Snow and Ice Control,OS - Mobility,RUN,RUNDLE,Community Centrepoint,-113.97005350368742,51.07423887665301
25-00914835,2025-11-29,2025-11-30,Closed,Other,Roads - Pathway Snow and Ice Concerns,OS - Mobility,BLM,BELMONT,Community Centrepoint,-114.05524942357732,50.8686836961993
25-00914851,2025-11-29,2025-12-04,Closed,Other,Bylaw - Snow and Ice on Sidewalk,CS - Emergency Management and Community Safety,PAN,PANORAMA HILLS,Community Centrepoint,-114.08807155795826,51.15970929560302
25-00914858,2025-11-29,2025-11-30,Closed,Other,Roads - Pathway Snow and Ice Concerns,OS - Mobility,,,None,,
25-00914865,2025-11-30,2025-11-30,Closed,Other,Roads - Snow and Ice Control,OS - Mobility,FHT,FOREST HEIGHTS,Community Centrepoint,-113.96875793277384,51.04924314874295
25-00914866,2025-11-30,2025-11-30,Closed,Other,Roads - Snow and Ice Control,OS - Mobility,DOV,DOVER,Community Centrepoint,-113.99305400906276,51.02256772313628
25-00914871,2025-11-30,2025-12-10,Closed,Other,Bylaw - Snow and Ice on Sidewalk,CS - Emergency Management and Community Safety,UMR,UPPER MOUNT ROYAL,Community Centrepoint,-114.08502568683475,51.02997367691996
25-00914897,2025-11-30,2025-11-30,Closed,Other,Roads - Snow and Ice Control,OS - Mobility,EAG,EAGLE RIDGE,Community Centrepoint,-114.09679322093444,50.9887442746766
25-00914899,2025-11-30,2025-12-12,Closed,App,Bylaw - Snow and Ice on Sidewalk,CS - Emergency Management and Community Safety,GDL,GLENDALE,Community Centrepoint,-114.15271889005814,51.03337139240085
25-00914900,2025-11-30,2025-11-30,Closed,App,Roads - Pathway Snow and Ice Concerns,OS - Mobility,SGH,SAGE HILL,Community Centrepoint,-114.14068609335126,51.175616973412424
25-00914902,2025-11-30,2025-12-02,Closed,App,Bylaw - Snow and Ice on Sidewalk,CS - Emergency Management and Community Safety,GDL,GLENDALE,Community Centrepoint,-114.15271889005814,51.03337139240085
25-00914908,2025-11-30,2025-11-30,Closed,App,Bylaw - Snow and Ice on Sidewalk,CS - Emergency Management and Community Safety,WAL,WALDEN,Community Centrepoint,-114.03261830805454,50.87040296671561
25-00914913,2025-11-30,2025-12-03,Closed,Other,Bylaw - Snow and Ice on Sidewalk,CS - Emergency Management and Community Safety,KIL,KILLARNEY/GLENGARRY,Community Centrepoint,-114.13173134426395,51.030131956517685
25-00914914,2025-11-30,2025-12-18,Closed,Other,Bylaw - Snow and Ice on Sidewalk,CS - Emergency Management and Community Safety,KIL,KILLARNEY/GLENGARRY,Community Centrepoint,-114.13173134426395,51.030131956517685
25-00914916,2025-11-30,2026-01-12,Closed,Other,Bylaw - Snow and Ice on Sidewalk,CS - Emergency Management and Community Safety,KIL,KILLARNEY/GLENGARRY,Community Centrepoint,-114.13173134426395,51.030131956517685
25-00914917,2025-11-30,2025-12-03,Closed,Other,Bylaw - Snow and Ice on Sidewalk,CS - Emergency Management and Community Safety,KIL,KILLARNEY/GLENGARRY,Community Centrepoint,-114.13173134426395,51.030131956517685
25-00914924,2025-11-30,2025-11-30,Closed,Other,Roads - Snow and Ice Control,OS - Mobility,PEN,PENBROOKE MEADOWS,Community Centrepoint,-113.947687206113,51.04585328827213
25-00914928,2025-11-30,2025-11-30,Closed,App,Roads - Pathway Snow and Ice Concerns,OS - Mobility,CRA,CRANSTON,Community Centrepoint,-113.98000403324248,50.87819416673358
25-00914940,2025-11-30,2025-12-09,Closed,Other,Bylaw - Snow and Ice on Sidewalk,CS - Emergency Management and Community Safety,WSP,WEST SPRINGS,Community Centrepoint,-114.20668628482738,51.05977296984733
25-00914942,2025-11-30,2025-12-04,Closed,Other,Bylaw - Snow and Ice on Sidewalk,CS - Emergency Management and Community Safety,THO,THORNCLIFFE,Community Centrepoint,-114.06878100895472,51.103105008837304
25-00914943,2025-11-30,2025-12-01,Closed,Other,Roads - Snow and Ice Control,OS - Mobility,CAP,CAPITOL HILL,Community Centrepoint,-114.09463117970957,51.072665279064736
25-00914945,2025-11-30,2025-12-01,Closed,Other,Roads - Snow and Ice Control,OS - Mobility,ASP,ASPEN WOODS,Community Centrepoint,-114.20838662695292,51.04521537783425
25-00914946,2025-11-30,2025-11-30,Closed,Other,Roads - Snow and Ice Control,OS - Mobility,NHU,NORTH HAVEN UPPER,Community Centrepoint,-114.08535430355448,51.104401791502944
25-00914949,2025-11-30,2025-12-04,Closed,Other,Bylaw - Snow and Ice on Sidewalk,CS - Emergency Management and Community Safety,FAL,FALCONRIDGE,Community Centrepoint,-113.9453399517932,51.103349796180694
25-00914950,2025-11-30,2025-12-18,Closed,Other,Bylaw - Snow and Ice on Sidewalk,CS - Emergency Management and Community Safety,FAL,FALCONRIDGE,Community Centrepoint,-113.9453399517932,51.103349796180694
25-00914951,2025-11-30,2025-12-18,Closed,Other,Bylaw - Snow and Ice on Sidewalk,CS - Emergency Management and Community Safety,FAL,FALCONRIDGE,Community Centrepoint,-113.9453399517932,51.103349796180694
25-00914973,2025-11-30,2025-12-03,Closed,Other,Bylaw - Snow and Ice on Sidewalk,CS - Emergency Management and Community Safety,CNS,CORNERSTONE,Community Centrepoint,-113.9305705256274,51.15735996767518
25-00914980,2025-11-30,2025-12-01,Closed,Other,Bylaw - Snow and Ice on Sidewalk,CS - Emergency Management and Community Safety,ROY,ROYAL OAK,Community Centrepoint,-114.2197618738796,51.14266073154528
25-00914982,2025-11-30,2025-11-30,Closed,App,Roads - Pathway Snow and Ice Concerns,OS - Mobility,EVE,EVERGREEN,Community Centrepoint,-114.11569352503209,50.91870443401208
25-00914986,2025-11-30,2025-11-30,Closed,App,Roads - Pathway Snow and Ice Concerns,OS - Mobility,CPF,COPPERFIELD,Community Centrepoint,-113.9294857228364,50.91781382350559
25-00914996,2025-11-30,2025-11-30,Closed,Other,Roads - Snow and Ice Control,OS - Mobility,TUS,TUSCANY,Community Centrepoint,-114.2408862053562,51.12191108825487
25-00914997,2025-11-30,2025-12-01,Closed,Other,Roads - Snow and Ice Control,OS - Mobility,DNC,DOWNTOWN COMMERCIAL CORE,Community Centrepoint,-114.06959371115344,51.0472744358498
25-00915007,2025-11-30,2025-12-02,Closed,App,Bylaw - Snow and Ice on Sidewalk,CS - Emergency Management and Community Safety,CNS,CORNERSTONE,Community Centrepoint,-113.9305705256274,51.15735996767518
25-00915019,2025-11-30,2025-11-30,Closed,Other,Roads - Snow and Ice Control,OS - Mobility,WIN,WINSTON HEIGHTS/MOUNTVIEW,Community Centrepoint,-114.04184874950612,51.07529880280739
25-00915021,2025-11-30,2025-11-30,Closed,Other,Roads - Pathway Snow and Ice Concerns,OS - Mobility,SHG,SHAGANAPPI,Community Centrepoint,-114.1266528552515,51.04521146641257
25-00915028,2025-11-30,2025-11-30,Duplicate (Closed),Other,Roads - Snow and Ice Control,OS - Mobility,NHU,NORTH HAVEN UPPER,Community Centrepoint,-114.08535430355448,51.104401791502944
25-00915032,2025-11-30,2025-12-05,Closed,Other,Bylaw - Snow and Ice on Sidewalk,CS - Emergency Management and Community Safety,DDG,DOUGLASDALE/GLEN,Community Centrepoint,-114.01190805579247,50.94844437258388
25-00915036,2025-11-30,2025-11-30,Closed,App,Roads - Snow and Ice Control,OS - Mobility,LIV,LIVINGSTON,Community Centrepoint,-114.06550670687444,51.18550406559082
25-00915058,2025-11-30,2025-12-02,Closed,App,Roads - Pathway Snow and Ice Concerns,OS - Mobility,EVE,EVERGREEN,Community Centrepoint,-114.11569352503209,50.91870443401208
25-00915060,2025-11-30,2025-12-01,Closed,App,Bylaw - Snow and Ice on Sidewalk,CS - Emergency Management and Community Safety,HIL,HILLHURST,Community Centrepoint,-114.09364601408991,51.057277532355
25-00915061,2025-11-30,2025-11-30,Closed,Other,Roads - Snow and Ice Control,OS - Mobility,CHW,CHARLESWOOD,Community Centrepoint,-114.1122123154031,51.09008805079572
25-00915062,2025-11-30,2025-12-17,Closed,Other,Roads - Pathway Snow and Ice Concerns,OS - Mobility,LKB,LAKE BONAVISTA,Community Centrepoint,-114.0512955606845,50.939598998272274
25-00915063,2025-11-30,2025-12-01,Closed,Other,Roads - Snow and Ice Control,OS - Mobility,GDL,GLENDALE,Community Centrepoint,-114.15271889005814,51.03337139240085
25-00915064,2025-11-30,2025-11-30,Closed,Other,Roads - Snow and Ice Control,OS - Mobility,SCA,SCARBORO,Community Centrepoint,-114.10717502442168,51.04076520075529
25-00915066,2025-11-30,2025-11-30,Closed,App,Bylaw - Snow and Ice on Sidewalk,CS - Emergency Management and Community Safety,MON,MONTGOMERY,Community Centrepoint,-114.16224821352388,51.071076143699045
25-00915068,2025-11-30,2025-12-03,Closed,Other,Bylaw - Snow and Ice on Sidewalk,CS - Emergency Management and Community Safety,ROY,ROYAL OAK,Community Centrepoint,-114.21976419943832,51.142656213851055
25-00915077,2025-11-30,2025-12-01,Closed,Other,Roads - Snow and Ice Control,OS - Mobility,SET,SETON,Community Centrepoint,-113.94793123802644,50.874157663473184
25-00915082,2025-11-30,2025-11-30,Closed,Other,Roads - Snow and Ice Control,OS - Mobility,SET,SETON,Community Centrepoint,-113.94793123802644,50.874157663473184
25-00915087,2025-11-30,2025-11-30,Duplicate (Closed),App,Roads - Snow and Ice Control,OS - Mobility,LIV,LIVINGSTON,Community Centrepoint,-114.06550619776098,51.18553606435354
25-00915088,2025-11-30,2025-11-30,Closed,App,Roads - Snow and Ice Control,OS - Mobility,CNS,CORNERSTONE,Community Centrepoint,-113.9305705256274,51.15735996767518
25-00915091,2025-11-30,2025-12-01,Closed,App,Roads - Pathway Snow and Ice Concerns,OS - Mobility,SKW,SKYLINE WEST,Community Centrepoint,-114.04740128490042,51.10333220036564
25-00915095,2025-11-30,2025-12-04,Closed,Other,Bylaw - Snow and Ice on Sidewalk,CS - Emergency Management and Community Safety,VAR,VARSITY,Community Centrepoint,-114.162506759502,51.09605377080581
25-00915100,2025-11-30,2025-12-11,Closed,App,Bylaw - Snow and Ice on Sidewalk,CS - Emergency Management and Community Safety,MAL,MAYLAND HEIGHTS,Community Centrepoint,-114.01331127510768,51.06083217926603
25-00915103,2025-11-30,2025-11-30,Closed,Other,Roads - Snow and Ice Control,OS - Mobility,UMR,UPPER MOUNT ROYAL,Community Centrepoint,-114.08502568683475,51.02997367691996
25-00915104,2025-11-30,,Open,Other,Roads - Snow and Ice Control,OS - Mobility,VAR,VARSITY,Community Centrepoint,-114.162506759502,51.09605377080581
25-00915105,2025-11-30,2025-12-10,Closed,App,Bylaw - Snow and Ice on Sidewalk,CS - Emergency Management and Community Safety,TUX,TUXEDO PARK,Community Centrepoint,-114.06104493215648,51.07421777221349
25-00915108,2025-11-30,2025-12-13,Closed,App,Bylaw - Snow and Ice on Sidewalk,CS - Emergency Management and Community Safety,MAL,MAYLAND HEIGHTS,Community Centrepoint,-114.01331127596195,51.06083218163849
25-00915124,2025-11-30,2025-12-12,Closed,Other,Bylaw - Snow and Ice on Sidewalk,CS - Emergency Management and Community Safety,MRL,MARLBOROUGH,Community Centrepoint,-113.96997429032228,51.05954612270691
25-00915127,2025-11-30,2025-12-01,Closed,Other,Roads - Snow and Ice Control,OS - Mobility,PKL,PARKLAND,Community Centrepoint,-114.02822405924384,50.920841901943966
25-00915131,2025-11-30,2025-12-08,Closed,Other,Bylaw - Snow and Ice on Sidewalk,CS - Emergency Management and Community Safety,MRL,MARLBOROUGH,Community Centrepoint,-113.96997429032228,51.05954612270691
25-00915146,2025-11-30,2025-12-16,Closed,App,Bylaw - Snow and Ice on Sidewalk,CS - Emergency Management and Community Safety,CAP,CAPITOL HILL,Community Centrepoint,-114.09463117970957,51.072665279064736
25-00915147,2025-11-30,2025-11-30,Closed,Other,Roads - Snow and Ice Control,OS - Mobility,HUN,HUNTINGTON HILLS,Community Centrepoint,-114.06670855606806,51.11758074861446
25-00915149,2025-11-30,2025-12-01,Closed,App,Bylaw - Snow and Ice on Sidewalk,CS - Emergency Management and Community Safety,CAP,CAPITOL HILL,Community Centrepoint,-114.09463117970957,51.072665279064736
25-00915152,2025-11-30,2025-11-30,Closed,Other,Roads - Pathway Snow and Ice Concerns,OS - Mobility,,,None,,
25-00915158,2025-11-30,2025-12-10,Closed,Other,Bylaw - Snow and Ice on Sidewalk,CS - Emergency Management and Community Safety,RDL,ROSEDALE,Community Centrepoint,-114.07820713414688,51.06268666385911
25-00915168,2025-11-30,2026-04-17,Closed,Other,Roads - Pathway Snow and Ice Concerns,OS - Mobility,HAM,HAMPTONS,Community Centrepoint,-114.14668841065269,51.14509558933835
25-00915170,2025-11-30,2025-12-04,Closed,App,Bylaw - Snow and Ice on Sidewalk,CS - Emergency Management and Community Safety,WHI,WHITEHORN,Community Centrepoint,-113.97006247520194,51.08877824664194
25-00915172,2025-11-30,2025-12-11,Duplicate (Closed),Other,Bylaw - Snow and Ice on Sidewalk,CS - Emergency Management and Community Safety,TUX,TUXEDO PARK,Community Centrepoint,-114.06104493215648,51.07421777221349
25-00915173,2025-11-30,2025-11-30,Closed,Other,Roads - Snow and Ice Control,OS - Mobility,HUN,HUNTINGTON HILLS,Community Centrepoint,-114.06670855606806,51.11758074861446
25-00915175,2025-11-30,2025-12-01,Closed,Other,Roads - Snow and Ice Control,OS - Mobility,BLN,BELTLINE,Community Centrepoint,-114.0551860888619,51.03743796399198
25-00915177,2025-11-30,2025-12-07,Closed,Other,Bylaw - Snow and Ice on Sidewalk,CS - Emergency Management and Community Safety,MAH,MAHOGANY,Community Centrepoint,-113.92463385892704,50.895943916674454
25-00915179,2025-11-30,2025-11-30,Closed,App,Roads - Snow and Ice Control,OS - Mobility,EVE,EVERGREEN,Community Centrepoint,-114.11569352503209,50.91870443401208
25-00915185,2025-11-30,2025-12-12,Closed,App,Bylaw - Snow and Ice on Sidewalk,CS - Emergency Management and Community Safety,SET,SETON,Community Centrepoint,-113.94793123802644,50.874157663473184
25-00915186,2025-11-30,2025-11-30,Closed,App,Roads - Snow and Ice Control,OS - Mobility,EVE,EVERGREEN,Community Centrepoint,-114.11569352503209,50.91870443401208
25-00915187,2025-11-30,2025-12-12,Closed,App,Bylaw - Snow and Ice on Sidewalk,CS - Emergency Management and Community Safety,MAC,MACEWAN GLEN,Community Centrepoint,-114.11521349389096,51.13771903702536
25-00915205,2025-11-30,2025-12-09,Closed,Other,Bylaw - Snow and Ice on Sidewalk,CS - Emergency Management and Community Safety,OGD,OGDEN,Community Centrepoint,-114.01243870034244,50.99187347872066
25-00915213,2025-11-30,2025-12-10,Closed,Other,Bylaw - Snow and Ice on Sidewalk,CS - Emergency Management and Community Safety,OGD,OGDEN,Community Centrepoint,-114.01243870034244,50.99187347872066
25-00915216,2025-11-30,2025-12-05,Closed,App,Bylaw - Snow and Ice on Sidewalk,CS - Emergency Management and Community Safety,COV,COVENTRY HILLS,Community Centrepoint,-114.05313423182986,51.164928068908395
25-00915220,2025-11-30,2025-12-18,Closed,App,Bylaw - Snow and Ice on Sidewalk,CS - Emergency Management and Community Safety,LKV,LAKEVIEW,Community Centrepoint,-114.12962139244752,50.999572409011186
25-00915222,2025-11-30,2025-11-30,Closed,Other,Roads - Snow and Ice Control,OS - Mobility,AUB,AUBURN BAY,Community Centrepoint,-113.95779514351894,50.89269507750196
25-00915223,2025-11-30,2025-12-01,Closed,Other,Roads - Snow and Ice Control,OS - Mobility,NPK,NOSE HILL PARK,Community Centrepoint,-114.11069096475087,51.111277141566816
25-00915225,2025-11-30,2025-12-01,Closed,App,Roads - Snow and Ice Control,OS - Mobility,SIG,SIGNAL HILL,Community Centrepoint,-114.17990702915992,51.023260171926054
25-00915226,2025-11-30,2025-12-12,Closed,App,Bylaw - Snow and Ice on Sidewalk,CS - Emergency Management and Community Safety,PEN,PENBROOKE MEADOWS,Community Centrepoint,-113.947687206113,51.04585328827213
25-00915228,2025-11-30,2026-01-30,Closed,App,Bylaw - Snow and Ice on Sidewalk,CS - Emergency Management and Community Safety,EPK,ELBOW PARK,Community Centrepoint,-114.08380531110666,51.02134304236776
25-00915235,2025-11-30,2025-12-06,Closed,Other,Bylaw - Snow and Ice on Sidewalk,CS - Emergency Management and Community Safety,CSC,CITYSCAPE,Community Centrepoint,-113.9612580314835,51.14703155759964
25-00915244,2025-11-30,2025-12-01,Closed,App,Bylaw - Snow and Ice on Sidewalk,CS - Emergency Management and Community Safety,HIL,HILLHURST,Community Centrepoint,-114.09364601408991,51.057277532355
25-00915250,2025-11-30,2025-12-06,Closed,App,Bylaw - Snow and Ice on Sidewalk,CS - Emergency Management and Community Safety,CSC,CITYSCAPE,Community Centrepoint,-113.9612580314835,51.14703155759964
25-00915251,2025-11-30,2025-11-30,Closed,Other,Roads - Snow and Ice Control,OS - Mobility,SET,SETON,Community Centrepoint,-113.94793123802644,50.874157663473184
25-00915253,2025-11-30,2025-12-18,Closed,Other,Bylaw - Snow and Ice on Sidewalk,CS - Emergency Management and Community Safety,CSC,CITYSCAPE,Community Centrepoint,-113.9612580314835,51.14703155759964
25-00915259,2025-11-30,2025-12-07,Closed,App,Bylaw - Snow and Ice on Sidewalk,CS - Emergency Management and Community Safety,CSC,CITYSCAPE,Community Centrepoint,-113.9612580314835,51.14703155759964
25-00915265,2025-11-30,2025-12-12,Closed,App,Bylaw - Snow and Ice on Sidewalk,CS - Emergency Management and Community Safety,RIC,RICHMOND,Community Centrepoint,-114.11842028929551,51.02971029545911
25-00915274,2025-11-30,2025-11-30,Closed,Other,Roads - Snow and Ice Control,OS - Mobility,GDL,GLENDALE,Community Centrepoint,-114.15271889005814,51.03337139240085
25-00915276,2025-11-30,2025-11-30,Closed,Other,Roads - Snow and Ice Control,OS - Mobility,LIV,LIVINGSTON,Community Centrepoint,-114.06550670687444,51.18550406559082
25-00915279,2025-11-30,2025-11-30,Closed,Other,Roads - Pathway Snow and Ice Concerns,OS - Mobility,SET,SETON,Community Centrepoint,-113.94793123802644,50.874157663473184
25-00915291,2025-11-30,2025-11-30,Closed,Other,Roads - Snow and Ice Control,OS - Mobility,BRA,BRAESIDE,Community Centrepoint,-114.10636590290346,50.95600269188388
25-00915292,2025-11-30,2025-11-30,Closed,Other,Roads - Pathway Snow and Ice Concerns,OS - Mobility,ARB,ARBOUR LAKE,Community Centrepoint,-114.2076749807532,51.13259471210095
25-00915295,2025-11-30,2025-12-01,Closed,App,Roads - Snow and Ice Control,OS - Mobility,SIG,SIGNAL HILL,Community Centrepoint,-114.17990702915992,51.023260171926054
25-00915297,2025-11-30,2025-12-02,Closed,App,Roads - Pathway Snow and Ice Concerns,OS - Mobility,CRE,CRESCENT HEIGHTS,Community Centrepoint,-114.06161323521869,51.05949594746299
25-00915299,2025-11-30,2025-12-03,Closed,Other,Bylaw - Snow and Ice on Sidewalk,CS - Emergency Management and Community Safety,KIL,KILLARNEY/GLENGARRY,Community Centrepoint,-114.13173134426395,51.030131956517685
25-00915300,2025-11-30,2025-12-01,Closed,Other,Roads - Snow and Ice Control,OS - Mobility,HID,HIDDEN VALLEY,Community Centrepoint,-114.11960923256338,51.15193708483775
25-00915302,2025-11-30,2025-12-09,Closed,App,Bylaw - Snow and Ice on Sidewalk,CS - Emergency Management and Community Safety,GLA,GLAMORGAN,Community Centrepoint,-114.15322733578051,51.015116804134095
25-00915304,2025-11-30,2025-12-03,Closed,Other,Bylaw - Snow and Ice on Sidewalk,CS - Emergency Management and Community Safety,KIL,KILLARNEY/GLENGARRY,Community Centrepoint,-114.13173134426395,51.030131956517685
25-00915305,2025-11-30,2025-11-30,Duplicate (Closed),Other,Roads - Snow and Ice Control,OS - Mobility,BRA,BRAESIDE,Community Centrepoint,-114.10636590290346,50.95600269188388
25-00915308,2025-11-30,2025-11-30,Closed,Other,Roads - Snow and Ice Control,OS - Mobility,BRA,BRAESIDE,Community Centrepoint,-114.10636590290346,50.95600269188388
25-00915309,2025-11-30,2025-12-03,Closed,Other,Bylaw - Snow and Ice on Sidewalk,CS - Emergency Management and Community Safety,KIL,KILLARNEY/GLENGARRY,Community Centrepoint,-114.13173134426395,51.030131956517685
25-00915310,2025-11-30,2025-12-01,Closed,App,Bylaw - Snow and Ice on Sidewalk,CS - Emergency Management and Community Safety,BRE,BRENTWOOD,Community Centrepoint,-114.13591917398958,51.09606553683618
25-00915311,2025-11-30,2025-12-11,Closed,Other,Bylaw - Snow and Ice on Sidewalk,CS - Emergency Management and Community Safety,EVE,EVERGREEN,Community Centrepoint,-114.11569352503209,50.91870443401208
25-00915312,2025-11-30,2025-11-30,Closed,Other,Roads - Pathway Snow and Ice Concerns,OS - Mobility,EVE,EVERGREEN,Community Centrepoint,-114.11569352503209,50.91870443401208
25-00915314,2025-11-30,2025-12-02,Closed,Other,Bylaw - Snow and Ice on Sidewalk,CS - Emergency Management and Community Safety,HID,HIDDEN VALLEY,Community Centrepoint,-114.11960923256338,51.15193708483775
25-00915318,2025-11-30,2025-12-03,Closed,Other,Bylaw - Snow and Ice on Sidewalk,CS - Emergency Management and Community Safety,KIL,KILLARNEY/GLENGARRY,Community Centrepoint,-114.13173134426395,51.030131956517685
25-00915322,2025-11-30,2025-12-01,Closed,Other,Roads - Snow and Ice Control,OS - Mobility,WSP,WEST SPRINGS,Community Centrepoint,-114.20668628482738,51.05977296984733
25-00915324,2025-11-30,2025-12-01,Duplicate (Closed),Other,Roads - Snow and Ice Control,OS - Mobility,RUT,RUTLAND PARK,Community Centrepoint,-114.13736058542744,51.01899098746044
25-00915325,2025-11-30,2025-12-02,Closed,Other,Bylaw - Snow and Ice on Sidewalk,CS - Emergency Management and Community Safety,HID,HIDDEN VALLEY,Community Centrepoint,-114.11960923256338,51.15193708483775
25-00915332,2025-11-30,2025-12-04,Closed,App,Bylaw - Snow and Ice on Sidewalk,CS - Emergency Management and Community Safety,TUS,TUSCANY,Community Centrepoint,-114.2408862053562,51.12191108825487
25-00915334,2025-11-30,2025-12-04,Closed,Other,Bylaw - Snow and Ice on Sidewalk,CS - Emergency Management and Community Safety,KIL,KILLARNEY/GLENGARRY,Community Centrepoint,-114.13173134426395,51.030131956517685
25-00915337,2025-11-30,2025-11-30,Closed,Other,Roads - Snow and Ice Control,OS - Mobility,SET,SETON,Community Centrepoint,-113.94793123802644,50.874157663473184
25-00915338,2025-11-30,2025-12-02,Closed,Other,Bylaw - Snow and Ice on Sidewalk,CS - Emergency Management and Community Safety,RIC,RICHMOND,Community Centrepoint,-114.11842028929551,51.02971029545911
25-00915349,2025-11-30,2025-12-08,Closed,Other,Bylaw - Snow and Ice on Sidewalk,CS - Emergency Management and Community Safety,WIL,WILLOW PARK,Community Centrepoint,-114.05619550452296,50.956623796804834
25-00915351,2025-11-30,2025-11-30,Closed,Other,Roads - Snow and Ice Control,OS - Mobility,DDG,DOUGLASDALE/GLEN,Community Centrepoint,-114.01190805579247,50.94844437258388
25-00915357,2025-11-30,2025-12-02,Closed,Other,Bylaw - Snow and Ice on Sidewalk,CS - Emergency Management and Community Safety,CRA,CRANSTON,Community Centrepoint,-113.98000403324248,50.87819416673358
25-00915367,2025-11-30,2025-12-04,Closed,Other,Bylaw - Snow and Ice on Sidewalk,CS - Emergency Management and Community Safety,CHA,CHAPARRAL,Community Centrepoint,-114.02566896242004,50.88467311348729
25-00915368,2025-11-30,2025-12-04,Closed,Other,Bylaw - Snow and Ice on Sidewalk,CS - Emergency Management and Community Safety,COV,COVENTRY HILLS,Community Centrepoint,-114.05313423182986,51.164928068908395
25-00915369,2025-11-30,2025-11-30,Closed,Other,Roads - Snow and Ice Control,OS - Mobility,CRA,CRANSTON,Community Centrepoint,-113.98000403324248,50.87819416673358
25-00915372,2025-11-30,2025-12-05,Closed,Other,Bylaw - Snow and Ice on Sidewalk,CS - Emergency Management and Community Safety,COV,COVENTRY HILLS,Community Centrepoint,-114.05313423182986,51.164928068908395
25-00915378,2025-11-30,2025-12-05,Closed,Other,Bylaw - Snow and Ice on Sidewalk,CS - Emergency Management and Community Safety,COV,COVENTRY HILLS,Community Centrepoint,-114.05313423182986,51.164928068908395
25-00915379,2025-11-30,2025-12-12,Closed,Other,Bylaw - Snow and Ice on Sidewalk,CS - Emergency Management and Community Safety,LEG,LEGACY,Community Centrepoint,-114.00597971885598,50.85760046185492
25-00915384,2025-11-30,2025-11-30,Closed,App,Roads - Snow and Ice Control,OS - Mobility,RIC,RICHMOND,Community Centrepoint,-114.11842028929551,51.02971029545911
25-00915394,2025-11-30,2025-12-02,Closed,Other,Bylaw - Snow and Ice on Sidewalk,CS - Emergency Management and Community Safety,SPH,SPRINGBANK HILL,Community Centrepoint,-114.20981973671448,51.02656453162372
25-00915396,2025-11-30,2025-12-12,Closed,App,Bylaw - Snow and Ice on Sidewalk,CS - Emergency Management and Community Safety,RAM,RAMSAY,Community Centrepoint,-114.04253243760948,51.03641127911981
25-00915397,2025-11-30,2025-12-02,Closed,Other,Bylaw - Snow and Ice on Sidewalk,CS - Emergency Management and Community Safety,SPH,SPRINGBANK HILL,Community Centrepoint,-114.20981973671448,51.02656453162372
25-00915399,2025-11-30,2025-12-05,Closed,Other,Bylaw - Snow and Ice on Sidewalk,CS - Emergency Management and Community Safety,LIV,LIVINGSTON,Community Centrepoint,-114.06550619776098,51.18553606435354
25-00915403,2025-11-30,2025-12-05,Closed,Other,Bylaw - Snow and Ice on Sidewalk,CS - Emergency Management and Community Safety,LIV,LIVINGSTON,Community Centrepoint,-114.06550619776098,51.18553606435354
25-00915406,2025-11-30,2026-01-02,Closed,App,Bylaw - Snow and Ice on Sidewalk,CS - Emergency Management and Community Safety,CAP,CAPITOL HILL,Community Centrepoint,-114.09463117970957,51.072665279064736
25-00915411,2025-11-30,2025-11-30,Closed,Other,Roads - Snow and Ice Control,OS - Mobility,BED,BEDDINGTON HEIGHTS,Community Centrepoint,-114.0849111408055,51.13164398595451
25-00915423,2025-11-30,2025-12-01,Closed,Other,Bylaw - Snow and Ice on Sidewalk,CS - Emergency Management and Community Safety,MON,MONTGOMERY,Community Centrepoint,-114.16224821352388,51.071076143699045
25-00915425,2025-11-30,2025-11-30,Closed,Other,Roads - Snow and Ice Control,OS - Mobility,BRE,BRENTWOOD,Community Centrepoint,-114.13591917398958,51.09606553683618
25-00915434,2025-11-30,2025-12-01,Closed,App,Bylaw - Snow and Ice on Sidewalk,CS - Emergency Management and Community Safety,BNF,BANFF TRAIL,Community Centrepoint,-114.11512839717008,51.07420696879508
25-00915437,2025-11-30,2025-12-02,Closed,Other,Roads - Snow and Ice Control,OS - Mobility,NGM,NORTH GLENMORE PARK,Community Centrepoint,-114.11225607544716,51.00142837278614
25-00915438,2025-11-30,2025-12-01,Closed,App,Bylaw - Snow and Ice on Sidewalk,CS - Emergency Management and Community Safety,BNF,BANFF TRAIL,Community Centrepoint,-114.11512839717008,51.07420696879508
25-00915441,2025-11-30,2026-01-08,Closed,Other,Roads - Pathway Snow and Ice Concerns,OS - Mobility,HOU,HOUNSFIELD HEIGHTS/BRIAR HILL,Community Centrepoint,-114.10572976666074,51.063179539196874
25-00915442,2025-11-30,2025-12-01,Closed,App,Bylaw - Snow and Ice on Sidewalk,CS - Emergency Management and Community Safety,BNF,BANFF TRAIL,Community Centrepoint,-114.11512839717008,51.07420696879508
25-00915443,2025-11-30,2025-12-07,Closed,App,Bylaw - Snow and Ice on Sidewalk,CS - Emergency Management and Community Safety,CAP,CAPITOL HILL,Community Centrepoint,-114.09463117970957,51.072665279064736
25-00915446,2025-11-30,2025-12-01,Closed,App,Roads - Snow and Ice Control,OS - Mobility,SKR,SKYVIEW RANCH,Community Centrepoint,-113.958374560746,51.156126735611394
25-00915450,2025-11-30,2025-12-04,Closed,App,Bylaw - Snow and Ice on Sidewalk,CS - Emergency Management and Community Safety,BNF,BANFF TRAIL,Community Centrepoint,-114.11512839717008,51.07420696879508
25-00915453,2025-11-30,2025-12-17,Closed,App,Bylaw - Snow and Ice on Sidewalk,CS - Emergency Management and Community Safety,ACA,ACADIA,Community Centrepoint,-114.05369601618196,50.972415073979406
25-00915454,2025-11-30,2025-12-11,Closed,App,Bylaw - Snow and Ice on Sidewalk,CS - Emergency Management and Community Safety,ACA,ACADIA,Community Centrepoint,-114.05369601618196,50.972415073979406
25-00915456,2025-11-30,2025-12-01,Closed,Other,Roads - Snow and Ice Control,OS - Mobility,FHT,FOREST HEIGHTS,Community Centrepoint,-113.96875793277384,51.04924314874295
25-00915458,2025-11-30,2025-12-11,Closed,App,Bylaw - Snow and Ice on Sidewalk,CS - Emergency Management and Community Safety,ACA,ACADIA,Community Centrepoint,-114.05369601618196,50.972415073979406
25-00915464,2025-11-30,2025-12-07,Closed,Other,Bylaw - Snow and Ice on Sidewalk,CS - Emergency Management and Community Safety,ACA,ACADIA,Community Centrepoint,-114.05369601618196,50.972415073979406
25-00915469,2025-11-30,2025-11-30,Closed,Other,Roads - Snow and Ice Control,OS - Mobility,EAU,EAU CLAIRE,Community Centrepoint,-114.07282181932324,51.05360699412218
25-00915470,2025-11-30,2025-12-11,Closed,Other,Bylaw - Snow and Ice on Sidewalk,CS - Emergency Management and Community Safety,ACA,ACADIA,Community Centrepoint,-114.05369601618196,50.972415073979406
25-00915471,2025-11-30,2025-12-02,Closed,App,Bylaw - Snow and Ice on Sidewalk,CS - Emergency Management and Community Safety,NHV,NORTH HAVEN,Community Centrepoint,-114.08942057511464,51.095941552191746
25-00915472,2025-11-30,2025-12-05,Closed,Other,Bylaw - Snow and Ice on Sidewalk,CS - Emergency Management and Community Safety,MON,MONTGOMERY,Community Centrepoint,-114.16224821352388,51.071076143699045
25-00915475,2025-11-30,2025-12-11,Closed,Other,Bylaw - Snow and Ice on Sidewalk,CS - Emergency Management and Community Safety,ACA,ACADIA,Community Centrepoint,-114.05369601618196,50.972415073979406
25-00915478,2025-11-30,2026-04-17,Closed,Other,Roads - Pathway Snow and Ice Concerns,OS - Mobility,CRA,CRANSTON,Community Centrepoint,-113.98000403324248,50.87819416673358
25-00915479,2025-11-30,2025-12-08,Closed,Other,Bylaw - Snow and Ice on Sidewalk,CS - Emergency Management and Community Safety,ACA,ACADIA,Community Centrepoint,-114.05369601618196,50.972415073979406
25-00915487,2025-11-30,2025-12-11,Closed,Other,Bylaw - Snow and Ice on Sidewalk,CS - Emergency Management and Community Safety,ACA,ACADIA,Community Centrepoint,-114.05369601618196,50.972415073979406
25-00915488,2025-11-30,2025-12-01,Closed,App,Bylaw - Snow and Ice on Sidewalk,CS - Emergency Management and Community Safety,REN,RENFREW,Community Centrepoint,-114.03916899334442,51.05965315830899
25-00915490,2025-11-30,2025-12-17,Closed,Other,Roads - Pathway Snow and Ice Concerns,OS - Mobility,OAK,OAKRIDGE,Community Centrepoint,-114.12961404738668,50.969662799426914
25-00915492,2025-11-30,2025-12-01,Closed,App,Bylaw - Snow and Ice on Sidewalk,CS - Emergency Management and Community Safety,REN,RENFREW,Community Centrepoint,-114.03916899334442,51.05965315830899
25-00915496,2025-11-30,2025-12-02,Closed,Other,Roads - Pathway Snow and Ice Concerns,OS - Mobility,CSC,CITYSCAPE,Community Centrepoint,-113.9612580314835,51.14703155759964
25-00915498,2025-11-30,2025-12-01,Closed,App,Bylaw - Snow and Ice on Sidewalk,CS - Emergency Management and Community Safety,REN,RENFREW,Community Centrepoint,-114.03916899334442,51.05965315830899
25-00915502,2025-11-30,2025-12-08,Closed,Other,Bylaw - Snow and Ice on Sidewalk,CS - Emergency Management and Community Safety,SOW,SOUTHWOOD,Community Centrepoint,-114.08319427981304,50.957758808343314
25-00915510,2025-11-30,2025-12-02,Closed,Other,Roads - Snow and Ice Control,OS - Mobility,BNK,BANKVIEW,Community Centrepoint,-114.10048318979052,51.034127528143316
25-00915522,2025-11-30,2025-11-30,Closed,App,Roads - Pathway Snow and Ice Concerns,OS - Mobility,CHA,CHAPARRAL,Community Centrepoint,-114.02566896242004,50.88467311348729
25-00915524,2025-11-30,2025-12-12,Closed,App,Bylaw - Snow and Ice on Sidewalk,CS - Emergency Management and Community Safety,MAC,MACEWAN GLEN,Community Centrepoint,-114.11521349389096,51.13771903702536
25-00915526,2025-11-30,2025-12-14,Closed,App,Bylaw - Snow and Ice on Sidewalk,CS - Emergency Management and Community Safety,ARB,ARBOUR LAKE,Community Centrepoint,-114.20766602126564,51.13260178567984
25-00915529,2025-11-30,2025-12-03,Closed,Other,Bylaw - Snow and Ice on Sidewalk,CS - Emergency Management and Community Safety,RMT,ROSEMONT,Community Centrepoint,-114.09003307555308,51.07839419815386
25-00915532,2025-11-30,2025-12-08,Closed,Other,Bylaw - Snow and Ice on Sidewalk,CS - Emergency Management and Community Safety,ACA,ACADIA,Community Centrepoint,-114.05369601618196,50.972415073979406
25-00915533,2025-11-30,2025-12-04,Closed,App,Bylaw - Snow and Ice on Sidewalk,CS - Emergency Management and Community Safety,MAC,MACEWAN GLEN,Community Centrepoint,-114.11521349389096,51.13771903702536
25-00915535,2025-11-30,2025-12-05,Closed,Other,Bylaw - Snow and Ice on Sidewalk,CS - Emergency Management and Community Safety,CAR,CARRINGTON,Community Centrepoint,-114.08876508465124,51.18571527898334
25-00915537,2025-11-30,2025-12-01,Closed,Other,Bylaw - Snow and Ice on Sidewalk,CS - Emergency Management and Community Safety,TUX,TUXEDO PARK,Community Centrepoint,-114.06104493215648,51.07421777221349
25-00915541,2025-11-30,2025-12-03,Closed,Other,Bylaw - Snow and Ice on Sidewalk,CS - Emergency Management and Community Safety,RMT,ROSEMONT,Community Centrepoint,-114.09003307555308,51.07839419815386
25-00915549,2025-11-30,2025-12-08,Closed,Other,Bylaw - Snow and Ice on Sidewalk,CS - Emergency Management and Community Safety,ACA,ACADIA,Community Centrepoint,-114.05369601618196,50.972415073979406
25-00915552,2025-11-30,2025-12-01,Closed,Other,Roads - Pathway Snow and Ice Concerns,OS - Mobility,ALT,ALTADORE,Community Centrepoint,-114.10078239468643,51.015954118930864
25-00915556,2025-11-30,2025-12-23,Closed,Other,Bylaw - Snow and Ice on Sidewalk,CS - Emergency Management and Community Safety,MOP,MOUNT PLEASANT,Community Centrepoint,-114.07602998447167,51.074237909055896
25-00915560,2025-11-30,2025-12-12,Closed,Other,Bylaw - Snow and Ice on Sidewalk,CS - Emergency Management and Community Safety,RMT,ROSEMONT,Community Centrepoint,-114.09003307555308,51.07839419815386
25-00915562,2025-11-30,2025-12-01,Closed,Other,Roads - Snow and Ice Control,OS - Mobility,GRV,GREENVIEW,Community Centrepoint,-114.05746990262509,51.094856135698066
25-00915568,2025-11-30,2025-12-01,Closed,Other,Roads - Pathway Snow and Ice Concerns,OS - Mobility,GAW,GARRISON WOODS,Community Centrepoint,-114.11361449884984,51.01717823115197
25-00915571,2025-11-30,2025-12-01,Closed,Other,Bylaw - Snow and Ice on Sidewalk,CS - Emergency Management and Community Safety,SNA,SUNALTA,Community Centrepoint,-114.10148594325246,51.04295989297799
25-00915572,2025-11-30,2025-12-01,Closed,Other,Bylaw - Snow and Ice on Sidewalk,CS - Emergency Management and Community Safety,NGM,NORTH GLENMORE PARK,Community Centrepoint,-114.11225607544716,51.00142837278614
25-00915574,2025-11-30,2025-12-11,Closed,Other,Bylaw - Snow and Ice on Sidewalk,CS - Emergency Management and Community Safety,ACA,ACADIA,Community Centrepoint,-114.05369601618196,50.972415073979406
25-00915581,2025-11-30,2025-11-30,Closed,Other,Roads - Snow and Ice Control,OS - Mobility,WAL,WALDEN,Community Centrepoint,-114.03261830805454,50.87040296671561
25-00915582,2025-11-30,2025-12-01,Closed,Other,Bylaw - Snow and Ice on Sidewalk,CS - Emergency Management and Community Safety,NGM,NORTH GLENMORE PARK,Community Centrepoint,-114.11225607544716,51.00142837278614
25-00915587,2025-11-30,2025-12-07,Closed,App,Bylaw - Snow and Ice on Sidewalk,CS - Emergency Management and Community Safety,HIL,HILLHURST,Community Centrepoint,-114.09364601408991,51.057277532355
25-00915588,2025-11-30,2025-12-01,Closed,App,Roads - Pathway Snow and Ice Concerns,OS - Mobility,SET,SETON,Community Centrepoint,-113.94793123802644,50.874157663473184
25-00915589,2025-11-30,2025-11-30,Closed,Other,Roads - Snow and Ice Control,OS - Mobility,KEL,KELVIN GROVE,Community Centrepoint,-114.08902826660824,50.98988114550384
25-00915591,2025-11-30,2025-12-01,Closed,App,Bylaw - Snow and Ice on Sidewalk,CS - Emergency Management and Community Safety,HIL,HILLHURST,Community Centrepoint,-114.09364601408991,51.057277532355
25-00915592,2025-11-30,2025-12-02,Closed,App,Bylaw - Snow and Ice on Sidewalk,CS - Emergency Management and Community Safety,SET,SETON,Community Centrepoint,-113.94793123802644,50.874157663473184
25-00915596,2025-11-30,2025-12-01,Closed,App,Bylaw - Snow and Ice on Sidewalk,CS - Emergency Management and Community Safety,HIL,HILLHURST,Community Centrepoint,-114.09364601408991,51.057277532355
25-00915601,2025-11-30,2025-12-13,Closed,Other,Bylaw - Snow and Ice on Sidewalk,CS - Emergency Management and Community Safety,COL,COLLINGWOOD,Community Centrepoint,-114.10240362227502,51.08350990629627
25-00915604,2025-11-30,2025-12-13,Closed,Other,Bylaw - Snow and Ice on Sidewalk,CS - Emergency Management and Community Safety,COL,COLLINGWOOD,Community Centrepoint,-114.10240362227502,51.08350990629627
25-00915611,2025-11-30,2025-11-30,Duplicate (Closed),Other,Roads - Snow and Ice Control,OS - Mobility,WAL,WALDEN,Community Centrepoint,-114.03261830805454,50.87040296671561
25-00915615,2025-11-30,2025-12-13,Closed,Other,Bylaw - Snow and Ice on Sidewalk,CS - Emergency Management and Community Safety,COL,COLLINGWOOD,Community Centrepoint,-114.10240362227502,51.08350990629627
25-00915618,2025-11-30,2025-12-09,Closed,App,Bylaw - Snow and Ice on Sidewalk,CS - Emergency Management and Community Safety,HAM,HAMPTONS,Community Centrepoint,-114.14668841065269,51.14509558933835
25-00915619,2025-11-30,2025-12-13,Closed,Other,Bylaw - Snow and Ice on Sidewalk,CS - Emergency Management and Community Safety,COL,COLLINGWOOD,Community Centrepoint,-114.10240362227502,51.08350990629627
25-00915620,2025-11-30,2025-12-13,Closed,Other,Bylaw - Snow and Ice on Sidewalk,CS - Emergency Management and Community Safety,COL,COLLINGWOOD,Community Centrepoint,-114.10240362227502,51.08350990629627
25-00915621,2025-11-30,2025-12-01,Closed,App,Roads - Snow and Ice Control,OS - Mobility,EVN,EVANSTON,Community Centrepoint,-114.11245112799344,51.1710848417942
25-00915622,2025-11-30,2025-12-04,Closed,Other,Bylaw - Snow and Ice on Sidewalk,CS - Emergency Management and Community Safety,BRE,BRENTWOOD,Community Centrepoint,-114.13591917398958,51.09606553683618
25-00915626,2025-11-30,2025-12-12,Closed,App,Bylaw - Snow and Ice on Sidewalk,CS - Emergency Management and Community Safety,CRA,CRANSTON,Community Centrepoint,-113.98000403324248,50.87819416673358
25-00915635,2025-11-30,2025-12-02,Closed,App,Bylaw - Snow and Ice on Sidewalk,CS - Emergency Management and Community Safety,BLN,BELTLINE,Community Centrepoint,-114.0551860888619,51.03743796399198
25-00915636,2025-11-30,2025-12-02,Closed,App,Roads - Snow and Ice Control,OS - Mobility,MLR,MILLRISE,Community Centrepoint,-114.08491413864552,50.91705536774364
25-00915641,2025-11-30,2025-12-02,Closed,Other,Bylaw - Snow and Ice on Sidewalk,CS - Emergency Management and Community Safety,AUB,AUBURN BAY,Community Centrepoint,-113.95779514351894,50.89269507750196
25-00915642,2025-11-30,2025-12-02,Closed,Other,Bylaw - Snow and Ice on Sidewalk,CS - Emergency Management and Community Safety,AUB,AUBURN BAY,Community Centrepoint,-113.95779514351894,50.89269507750196
25-00915644,2025-11-30,2025-12-01,Closed,App,Bylaw - Snow and Ice on Sidewalk,CS - Emergency Management and Community Safety,BEL,BEL-AIRE,Community Centrepoint,-114.08893425156666,50.99944255007715
25-00915646,2025-11-30,2025-12-09,Closed,Other,Bylaw - Snow and Ice on Sidewalk,CS - Emergency Management and Community Safety,WIN,WINSTON HEIGHTS/MOUNTVIEW,Community Centrepoint,-114.04184874950612,51.07529880280739
25-00915662,2025-11-30,2025-12-03,Closed,App,Bylaw - Snow and Ice on Sidewalk,CS - Emergency Management and Community Safety,SET,SETON,Community Centrepoint,-113.94793123802644,50.874157663473184
25-00915665,2025-11-30,2025-12-14,Closed,App,Bylaw - Snow and Ice on Sidewalk,CS - Emergency Management and Community Safety,ARB,ARBOUR LAKE,Community Centrepoint,-114.20766602126564,51.13260178567984
25-00915669,2025-11-30,2025-12-01,Closed,App,Bylaw - Snow and Ice on Sidewalk,CS - Emergency Management and Community Safety,FLN,FOREST LAWN,Community Centrepoint,-113.9700019179966,51.037848048607955
25-00915685,2025-11-30,2025-12-01,Closed,App,Bylaw - Snow and Ice on Sidewalk,CS - Emergency Management and Community Safety,CPF,COPPERFIELD,Community Centrepoint,-113.9294857228364,50.91781382350559
25-00915696,2025-11-30,2025-12-03,Closed,Other,Roads - Pathway Snow and Ice Concerns,OS - Mobility,RVW,RANGEVIEW,Community Centrepoint,-113.91974448757276,50.874379475430835
25-00915697,2025-11-30,2025-11-30,Closed,App,Roads - Snow and Ice Control,OS - Mobility,CHW,CHARLESWOOD,Community Centrepoint,-114.1122123154031,51.09008805079572
25-00915698,2025-11-30,2025-12-03,Closed,Other,Roads - Pathway Snow and Ice Concerns,OS - Mobility,RVW,RANGEVIEW,Community Centrepoint,-113.91974448757276,50.874379475430835
25-00915699,2025-11-30,2025-12-02,Closed,App,Bylaw - Snow and Ice on Sidewalk,CS - Emergency Management and Community Safety,HAM,HAMPTONS,Community Centrepoint,-114.14668841065269,51.14509558933835
25-00915703,2025-11-30,2025-12-11,Closed,App,Bylaw - Snow and Ice on Sidewalk,CS - Emergency Management and Community Safety,BOW,BOWNESS,Community Centrepoint,-114.188388474722,51.08334628834888
25-00915704,2025-11-30,2025-12-13,Closed,Other,Bylaw - Snow and Ice on Sidewalk,CS - Emergency Management and Community Safety,CAM,CAMBRIAN HEIGHTS,Community Centrepoint,-114.08937896523608,51.0843391726819
25-00915709,2025-11-30,2025-12-06,Closed,App,Bylaw - Snow and Ice on Sidewalk,CS - Emergency Management and Community Safety,CPF,COPPERFIELD,Community Centrepoint,-113.9294857228364,50.91781382350559
25-00915710,2025-11-30,2025-12-02,Closed,Other,Bylaw - Snow and Ice on Sidewalk,CS - Emergency Management and Community Safety,CPF,COPPERFIELD,Community Centrepoint,-113.9294857228364,50.91781382350559
25-00915715,2025-11-30,2025-12-02,Closed,App,Bylaw - Snow and Ice on Sidewalk,CS - Emergency Management and Community Safety,CPF,COPPERFIELD,Community Centrepoint,-113.9294857228364,50.91781382350559
25-00915716,2025-11-30,2025-12-02,Closed,App,Bylaw - Snow and Ice on Sidewalk,CS - Emergency Management and Community Safety,HUN,HUNTINGTON HILLS,Community Centrepoint,-114.06670855606806,51.11758074861446
25-00915718,2025-11-30,2025-12-12,Closed,App,Bylaw - Snow and Ice on Sidewalk,CS - Emergency Management and Community Safety,CPF,COPPERFIELD,Community Centrepoint,-113.9294857228364,50.91781382350559
25-00915719,2025-11-30,2025-12-01,Closed,App,Roads - Snow and Ice Control,OS - Mobility,WAL,WALDEN,Community Centrepoint,-114.03261830805454,50.87040296671561
25-00915723,2025-11-30,2025-12-02,Closed,App,Bylaw - Snow and Ice on Sidewalk,CS - Emergency Management and Community Safety,CPF,COPPERFIELD,Community Centrepoint,-113.9294857228364,50.91781382350559
25-00915724,2025-11-30,2025-12-01,Closed,App,Bylaw - Snow and Ice on Sidewalk,CS - Emergency Management and Community Safety,CPF,COPPERFIELD,Community Centrepoint,-113.9294857228364,50.91781382350559
25-00915725,2025-11-30,2025-12-02,Closed,App,Bylaw - Snow and Ice on Sidewalk,CS - Emergency Management and Community Safety,CPF,COPPERFIELD,Community Centrepoint,-113.9294857228364,50.91781382350559
25-00915731,2025-11-30,2025-12-02,Closed,App,Bylaw - Snow and Ice on Sidewalk,CS - Emergency Management and Community Safety,HUN,HUNTINGTON HILLS,Community Centrepoint,-114.06670855606806,51.11758074861446
25-00915737,2025-11-30,2025-11-30,Closed,Other,Roads - Snow and Ice Control,OS - Mobility,HUN,HUNTINGTON HILLS,Community Centrepoint,-114.06670855606806,51.11758074861446
25-00915738,2025-11-30,2025-12-01,Closed,App,Roads - Snow and Ice Control,OS - Mobility,SIL,SILVER SPRINGS,Community Centrepoint,-114.19626862637182,51.10427448199788
25-00915743,2025-11-30,2025-12-01,Closed,Other,Bylaw - Snow and Ice on Sidewalk,CS - Emergency Management and Community Safety,SHG,SHAGANAPPI,Community Centrepoint,-114.1266528552515,51.04521146641257
25-00915753,2025-11-30,2025-12-01,Closed,Other,Roads - Snow and Ice Control,OS - Mobility,TUS,TUSCANY,Community Centrepoint,-114.2408862053562,51.12191108825487
25-00915754,2025-11-30,2026-01-30,Closed,App,Bylaw - Snow and Ice on Sidewalk,CS - Emergency Management and Community Safety,WHI,WHITEHORN,Community Centrepoint,-113.97006247520194,51.08877824664194
25-00915763,2025-11-30,2025-12-17,Closed,Other,Roads - Pathway Snow and Ice Concerns,OS - Mobility,EVE,EVERGREEN,Community Centrepoint,-114.11569352503209,50.91870443401208
25-00915767,2025-11-30,2025-12-31,Closed,Other,Roads - Pathway Snow and Ice Concerns,OS - Mobility,ROC,ROCKY RIDGE,Community Centrepoint,-114.24590791801704,51.14407647959192
25-00915768,2025-11-30,2025-11-30,Closed,Other,Roads - Snow and Ice Control,OS - Mobility,BRD,BRIDGELAND/RIVERSIDE,Community Centrepoint,-114.03507983816613,51.05055069499901
25-00915770,2025-11-30,2025-12-05,Closed,Other,Bylaw - Snow and Ice on Sidewalk,CS - Emergency Management and Community Safety,MRT,MARTINDALE,Community Centrepoint,-113.95838711713029,51.11791372657443
25-00915775,2025-11-30,2025-12-01,Closed,Other,Roads - Snow and Ice Control,OS - Mobility,COL,COLLINGWOOD,Community Centrepoint,-114.10240362227502,51.08350990629627
25-00915777,2025-11-30,2025-12-12,Closed,App,Bylaw - Snow and Ice on Sidewalk,CS - Emergency Management and Community Safety,ROY,ROYAL OAK,Community Centrepoint,-114.2197618738796,51.14266073154528
25-00915782,2025-11-30,2025-12-01,Closed,Other,Roads - Snow and Ice Control,OS - Mobility,SNA,SUNALTA,Community Centrepoint,-114.10148594325246,51.04295989297799
25-00915783,2025-11-30,2025-12-03,Closed,Other,Bylaw - Snow and Ice on Sidewalk,CS - Emergency Management and Community Safety,SAD,SADDLE RIDGE,Community Centrepoint,-113.94562252266888,51.13057324276626
25-00915785,2025-11-30,2025-12-04,Closed,Other,Bylaw - Snow and Ice on Sidewalk,CS - Emergency Management and Community Safety,SAD,SADDLE RIDGE,Community Centrepoint,-113.94562252266888,51.13057324276626
25-00915786,2025-11-30,2025-12-02,Closed,Other,Bylaw - Snow and Ice on Sidewalk,CS - Emergency Management and Community Safety,SAD,SADDLE RIDGE,Community Centrepoint,-113.94562252266888,51.13057324276626
25-00915788,2025-11-30,2025-12-03,Closed,Other,Bylaw - Snow and Ice on Sidewalk,CS - Emergency Management and Community Safety,SAD,SADDLE RIDGE,Community Centrepoint,-113.94562252266888,51.13057324276626
25-00915791,2025-11-30,2025-12-17,Closed,App,Bylaw - Snow and Ice on Sidewalk,CS - Emergency Management and Community Safety,MCK,MCKENZIE LAKE,Community Centrepoint,-113.9881871837774,50.91486638419278
25-00915813,2025-11-30,2025-12-01,Closed,Other,Roads - Snow and Ice Control,OS - Mobility,MNI,MANCHESTER INDUSTRIAL,Community Centrepoint,-114.0572224672051,51.01325599042462
25-00915814,2025-11-30,2025-12-01,Closed,Other,Bylaw - Snow and Ice on Sidewalk,CS - Emergency Management and Community Safety,HKS,HOTCHKISS,Community Centrepoint,-113.89624948761448,50.91419352023465
25-00915820,2025-11-30,2025-11-30,Closed,Other,Roads - Snow and Ice Control,OS - Mobility,DNW,DOWNTOWN WEST END,Community Centrepoint,-114.08777935920996,51.04796914082405
25-00915832,2025-11-30,2025-12-12,Closed,App,Bylaw - Snow and Ice on Sidewalk,CS - Emergency Management and Community Safety,BOW,BOWNESS,Community Centrepoint,-114.188388474722,51.08334628834888
25-00915833,2025-11-30,2025-12-03,Closed,App,Bylaw - Snow and Ice on Sidewalk,CS - Emergency Management and Community Safety,CNS,CORNERSTONE,Community Centrepoint,-113.9305705256274,51.15735996767518
25-00915843,2025-11-30,2025-12-12,Closed,App,Bylaw - Snow and Ice on Sidewalk,CS - Emergency Management and Community Safety,MOP,MOUNT PLEASANT,Community Centrepoint,-114.07602998447167,51.074237909055896
25-00915844,2025-11-30,2025-12-01,Closed,App,Roads - Pathway Snow and Ice Concerns,OS - Mobility,BLN,BELTLINE,Community Centrepoint,-114.0551860888619,51.03743796399198
25-00915845,2025-11-30,2025-12-13,Closed,App,Bylaw - Snow and Ice on Sidewalk,CS - Emergency Management and Community Safety,WIN,WINSTON HEIGHTS/MOUNTVIEW,Community Centrepoint,-114.04184874950612,51.07529880280739
25-00915847,2025-11-30,2026-01-30,Closed,App,Bylaw - Snow and Ice on Sidewalk,CS - Emergency Management and Community Safety,GRV,GREENVIEW,Community Centrepoint,-114.05746990262509,51.094856135698066
25-00915861,2025-11-30,2025-12-17,Closed,App,Roads - Pathway Snow and Ice Concerns,OS - Mobility,CRA,CRANSTON,Community Centrepoint,-113.98000403324248,50.87819416673358
25-00915863,2025-11-30,2025-12-17,Closed,App,Roads - Pathway Snow and Ice Concerns,OS - Mobility,CRA,CRANSTON,Community Centrepoint,-113.98000403324248,50.87819416673358
25-00915885,2025-11-30,2025-12-01,Closed,App,Bylaw - Snow and Ice on Sidewalk,CS - Emergency Management and Community Safety,WAL,WALDEN,Community Centrepoint,-114.03261830805454,50.87040296671561
25-00915888,2025-11-30,2025-12-02,Closed,Other,Bylaw - Snow and Ice on Sidewalk,CS - Emergency Management and Community Safety,MIS,MISSION,Community Centrepoint,-114.06808259035856,51.033157759251445
25-00915906,2025-11-30,2025-12-10,Open,Other,Roads - Snow and Ice Control,OS - Mobility,FLN,FOREST LAWN,Community Centrepoint,-113.9700019179966,51.037848048607955
25-00915929,2025-11-30,2025-12-01,Closed,Other,Roads - Snow and Ice Control,OS - Mobility,HAR,HARVEST HILLS,Community Centrepoint,-114.05277797732418,51.147677586662866
25-00915930,2025-11-30,2025-12-01,Duplicate (Closed),Other,Roads - Snow and Ice Control,OS - Mobility,HAR,HARVEST HILLS,Community Centrepoint,-114.05277830448232,51.14767656521987
25-00915933,2025-11-30,2025-12-01,Closed,App,Roads - Snow and Ice Control,OS - Mobility,ESH,EAST SHEPARD INDUSTRIAL,Community Centrepoint,-113.95096996432171,50.951309838058904
25-00915945,2025-11-30,2025-12-04,Closed,Other,Bylaw - Snow and Ice on Sidewalk,CS - Emergency Management and Community Safety,CAS,CASTLERIDGE,Community Centrepoint,-113.96102973195768,51.10525413516706
25-00915951,2025-12-01,2025-12-01,Closed,App,Roads - Snow and Ice Control,OS - Mobility,KIL,KILLARNEY/GLENGARRY,Community Centrepoint,-114.13173134426395,51.030131956517685
25-00915956,2025-12-01,2025-12-17,Closed,App,Roads - Pathway Snow and Ice Concerns,OS - Mobility,MON,MONTGOMERY,Community Centrepoint,-114.16224821352388,51.071076143699045
25-00915958,2025-12-01,2025-12-01,Closed,App,Roads - Pathway Snow and Ice Concerns,OS - Mobility,FAL,FALCONRIDGE,Community Centrepoint,-113.9453399517932,51.103349796180694
25-00915960,2025-12-01,2025-12-22,Closed,App,Roads - Snow and Ice Control,OS - Mobility,FAL,FALCONRIDGE,Community Centrepoint,-113.9453399517932,51.103349796180694
25-00915999,2025-12-01,2025-12-01,Closed,Other,Roads - Snow and Ice Control,OS - Mobility,EDG,EDGEMONT,Community Centrepoint,-114.14395321027078,51.124587846873936
25-00916007,2025-12-01,2025-12-05,Closed,Other,Bylaw - Snow and Ice on Sidewalk,CS - Emergency Management and Community Safety,HOU,HOUNSFIELD HEIGHTS/BRIAR HILL,Community Centrepoint,-114.10572976666074,51.063179539196874
25-00916019,2025-12-01,2025-12-04,Closed,App,Bylaw - Snow and Ice on Sidewalk,CS - Emergency Management and Community Safety,MEA,MEADOWLARK PARK,Community Centrepoint,-114.07735167071785,50.99785784458241
25-00916023,2025-12-01,2025-12-01,Closed,Other,Roads - Snow and Ice Control,OS - Mobility,DNC,DOWNTOWN COMMERCIAL CORE,Community Centrepoint,-114.06959371115344,51.0472744358498
25-00916034,2025-12-01,2025-12-02,Closed,Other,Bylaw - Snow and Ice on Sidewalk,CS - Emergency Management and Community Safety,WIL,WILLOW PARK,Community Centrepoint,-114.05619550452296,50.956623796804834
25-00916035,2025-12-01,,Open,Other,Roads - Snow and Ice Control,OS - Mobility,BNF,BANFF TRAIL,Community Centrepoint,-114.11512839717008,51.07420696879508
25-00916036,2025-12-01,2025-12-03,Closed,App,Roads - Pathway Snow and Ice Concerns,OS - Mobility,ROC,ROCKY RIDGE,Community Centrepoint,-114.24590791801704,51.14407647959192
25-00916042,2025-12-01,2025-12-01,Closed,Other,Roads - Pathway Snow and Ice Concerns,OS - Mobility,WIL,WILLOW PARK,Community Centrepoint,-114.05619550452296,50.956623796804834
25-00916043,2025-12-01,2026-01-15,Closed,Other,Roads - Pathway Snow and Ice Concerns,OS - Mobility,SCE,SCENIC ACRES,Community Centrepoint,-114.21734033796923,51.11270738649579
25-00916046,2025-12-01,2025-12-01,Closed,Other,Roads - Pathway Snow and Ice Concerns,OS - Mobility,WIL,WILLOW PARK,Community Centrepoint,-114.05619550452296,50.956623796804834
25-00916049,2025-12-01,2025-12-04,Closed,App,Roads - Pathway Snow and Ice Concerns,OS - Mobility,WHL,WEST HILLHURST,Community Centrepoint,-114.11515850909426,51.05507951426751
25-00916053,2025-12-01,2025-12-04,Closed,Other,Bylaw - Snow and Ice on Sidewalk,CS - Emergency Management and Community Safety,PCK,PINE CREEK,Community Centrepoint,-114.06786719699797,50.85631703837584
25-00916056,2025-12-01,2025-12-05,Closed,App,Bylaw - Snow and Ice on Sidewalk,CS - Emergency Management and Community Safety,SPR,SPRUCE CLIFF,Community Centrepoint,-114.13627783911969,51.04865970828296
25-00916058,2025-12-01,2025-12-01,Closed,Other,Bylaw - Snow and Ice on Sidewalk,CS - Emergency Management and Community Safety,EAU,EAU CLAIRE,Community Centrepoint,-114.07282181932324,51.05360699412218
25-00916061,2025-12-01,2025-12-10,Closed,App,Bylaw - Snow and Ice on Sidewalk,CS - Emergency Management and Community Safety,WLD,WILDWOOD,Community Centrepoint,-114.15853861691733,51.0582582482502
25-00916062,2025-12-01,2025-12-02,Closed,App,Roads - Pathway Snow and Ice Concerns,OS - Mobility,CRA,CRANSTON,Community Centrepoint,-113.98000403324248,50.87819416673358
25-00916063,2025-12-01,2025-12-04,Closed,App,Bylaw - Snow and Ice on Sidewalk,CS - Emergency Management and Community Safety,SPR,SPRUCE CLIFF,Community Centrepoint,-114.13627783911969,51.04865970828296
25-00916069,2025-12-01,2025-12-04,Closed,Other,Roads - Snow and Ice Control,OS - Mobility,WIL,WILLOW PARK,Community Centrepoint,-114.05619550452296,50.956623796804834
25-00916072,2025-12-01,,Open,Other,Roads - Snow and Ice Control,OS - Mobility,MRT,MARTINDALE,Community Centrepoint,-113.95838711713029,51.11791372657443
25-00916074,2025-12-01,2025-12-01,Closed,App,Roads - Pathway Snow and Ice Concerns,OS - Mobility,CRA,CRANSTON,Community Centrepoint,-113.98000403324248,50.87819416673358
25-00916075,2025-12-01,2025-12-08,Closed,App,Roads - Pathway Snow and Ice Concerns,OS - Mobility,UND,UNIVERSITY DISTRICT,Community Centrepoint,-114.14496478087015,51.07385411823227
25-00916076,2025-12-01,2025-12-01,Closed,App,Roads - Snow and Ice Control,OS - Mobility,SET,SETON,Community Centrepoint,-113.94793123802644,50.874157663473184
25-00916082,2025-12-01,2025-12-01,Closed,Other,Roads - Snow and Ice Control,OS - Mobility,PAT,PATTERSON,Community Centrepoint,-114.17714231360132,51.0639398770151
25-00916083,2025-12-01,2025-12-01,Closed,Other,Roads - Snow and Ice Control,OS - Mobility,SET,SETON,Community Centrepoint,-113.94793123802644,50.874157663473184
25-00916092,2025-12-01,2025-12-02,Closed,App,Roads - Pathway Snow and Ice Concerns,OS - Mobility,CRA,CRANSTON,Community Centrepoint,-113.98000403324248,50.87819416673358
25-00916093,2025-12-01,2025-12-01,Open,App,Roads - Snow and Ice Control,OS - Mobility,SHI,SHEPARD INDUSTRIAL,Community Centrepoint,-113.99278635609627,50.96149445575939
25-00916108,2025-12-01,2025-12-01,Closed,Other,Roads - Snow and Ice Control,OS - Mobility,BRA,BRAESIDE,Community Centrepoint,-114.10636590290346,50.95600269188388
25-00916115,2025-12-01,2025-12-03,Closed,App,Roads - Pathway Snow and Ice Concerns,OS - Mobility,CRA,CRANSTON,Community Centrepoint,-113.98000403324248,50.87819416673358
25-00916119,2025-12-01,2026-04-17,Closed,Other,Roads - Pathway Snow and Ice Concerns,OS - Mobility,ST2,STONEY 2,Community Centrepoint,-114.01718259300952,51.14338378288947
25-00916123,2025-12-01,2025-12-01,Closed,Other,Roads - Snow and Ice Control,OS - Mobility,SSD,SUNNYSIDE,Community Centrepoint,-114.07902910930612,51.05641953338241
25-00916128,2025-12-01,2025-12-01,Closed,Other,Roads - Snow and Ice Control,OS - Mobility,OAK,OAKRIDGE,Community Centrepoint,-114.12961404738668,50.969662799426914
25-00916145,2025-12-01,2025-12-05,Closed,Other,Bylaw - Snow and Ice on Sidewalk,CS - Emergency Management and Community Safety,DRN,DEER RUN,Community Centrepoint,-114.00908770459684,50.925132387678815
25-00916146,2025-12-01,2025-12-01,Closed,Other,Roads - Snow and Ice Control,OS - Mobility,DNW,DOWNTOWN WEST END,Community Centrepoint,-114.08777935920996,51.04796914082405
25-00916157,2025-12-01,2025-12-01,Closed,Other,Roads - Snow and Ice Control,OS - Mobility,SPH,SPRINGBANK HILL,Community Centrepoint,-114.20981973671448,51.02656453162372
25-00916159,2025-12-01,2025-12-04,Closed,Other,Roads - Pathway Snow and Ice Concerns,OS - Mobility,SSD,SUNNYSIDE,Community Centrepoint,-114.07902910930612,51.05641953338241
25-00916165,2025-12-01,2025-12-02,Closed,App,Roads - Pathway Snow and Ice Concerns,OS - Mobility,SAN,SANDSTONE VALLEY,Community Centrepoint,-114.094962509766,51.137732845524965
25-00916167,2025-12-01,2025-12-02,Closed,Other,Bylaw - Snow and Ice on Sidewalk,CS - Emergency Management and Community Safety,PIN,PINERIDGE,Community Centrepoint,-113.9467616936152,51.07424750638858
25-00916170,2025-12-01,2025-12-01,Closed,Other,Bylaw - Snow and Ice on Sidewalk,CS - Emergency Management and Community Safety,LEG,LEGACY,Community Centrepoint,-114.00597971885598,50.85760046185492
25-00916179,2025-12-01,2025-12-01,Closed,Other,Roads - Snow and Ice Control,OS - Mobility,DNC,DOWNTOWN COMMERCIAL CORE,Community Centrepoint,-114.06959371115344,51.0472744358498
25-00916200,2025-12-01,2025-12-01,Closed,Other,Roads - Snow and Ice Control,OS - Mobility,REN,RENFREW,Community Centrepoint,-114.03916899334442,51.05965315830899
25-00916204,2025-12-01,2025-12-10,Closed,Other,Roads - Pathway Snow and Ice Concerns,OS - Mobility,SDC,SUNDANCE,Community Centrepoint,-114.04212569181468,50.90180436956538
25-00916217,2025-12-01,2025-12-02,Closed,Other,Bylaw - Snow and Ice on Sidewalk,CS - Emergency Management and Community Safety,VAR,VARSITY,Community Centrepoint,-114.162506759502,51.09605377080581
25-00916218,2025-12-01,2025-12-02,Closed,Other,Bylaw - Snow and Ice on Sidewalk,CS - Emergency Management and Community Safety,BED,BEDDINGTON HEIGHTS,Community Centrepoint,-114.0849111408055,51.13164398595451
25-00916230,2025-12-01,2025-12-09,Closed,Other,Bylaw - Snow and Ice on Sidewalk,CS - Emergency Management and Community Safety,BVD,BELVEDERE,Community Centrepoint,-113.90498295155106,51.03782959976843
25-00916231,2025-12-01,2025-12-02,Closed,Other,Roads - Snow and Ice Control,OS - Mobility,UMR,UPPER MOUNT ROYAL,Community Centrepoint,-114.08502568683475,51.02997367691996
25-00916237,2025-12-01,2025-12-01,Closed,Other,Roads - Snow and Ice Control,OS - Mobility,REN,RENFREW,Community Centrepoint,-114.03916899334442,51.05965315830899
25-00916249,2025-12-01,2025-12-01,Closed,Other,Roads - Snow and Ice Control,OS - Mobility,SSD,SUNNYSIDE,Community Centrepoint,-114.07902910930612,51.05641953338241
25-00916268,2025-12-01,2025-12-12,Closed,App,Bylaw - Snow and Ice on Sidewalk,CS - Emergency Management and Community Safety,CRA,CRANSTON,Community Centrepoint,-113.98000403324248,50.87819416673358
25-00916274,2025-12-01,2025-12-03,Closed,App,Roads - Pathway Snow and Ice Concerns,OS - Mobility,LEG,LEGACY,Community Centrepoint,-114.00597971885598,50.85760046185492
25-00916292,2025-12-01,2025-12-12,Open,Other,Bylaw - Snow and Ice on Sidewalk,CS - Emergency Management and Community Safety,RIC,RICHMOND,Community Centrepoint,-114.11842028929551,51.02971029545911
25-00916318,2025-12-01,2025-12-01,Closed,App,Roads - Pathway Snow and Ice Concerns,OS - Mobility,GLR,GLACIER RIDGE,Community Centrepoint,-114.16819283826332,51.19042039027925
25-00916340,2025-12-01,2025-12-01,Closed,Other,Bylaw - Snow and Ice on Sidewalk,CS - Emergency Management and Community Safety,LEG,LEGACY,Community Centrepoint,-114.00597971885598,50.85760046185492
25-00916344,2025-12-01,2025-12-17,Closed,App,Roads - Pathway Snow and Ice Concerns,OS - Mobility,GAG,GARRISON GREEN,Community Centrepoint,-114.12452628199593,51.00305515480977
25-00916346,2025-12-01,2025-12-02,Closed,Other,Roads - Snow and Ice Control,OS - Mobility,EVN,EVANSTON,Community Centrepoint,-114.11245112799344,51.1710848417942
25-00916349,2025-12-01,2025-12-08,Closed,Other,Bylaw - Snow and Ice on Sidewalk,CS - Emergency Management and Community Safety,MRL,MARLBOROUGH,Community Centrepoint,-113.96997429032228,51.05954612270691
25-00916399,2025-12-01,2025-12-03,Closed,App,Bylaw - Snow and Ice on Sidewalk,CS - Emergency Management and Community Safety,HUN,HUNTINGTON HILLS,Community Centrepoint,-114.06670855606806,51.11758074861446
25-00916403,2025-12-01,2025-12-01,Closed,Other,Roads - Snow and Ice Control,OS - Mobility,CPF,COPPERFIELD,Community Centrepoint,-113.9294857228364,50.91781382350559
25-00916410,2025-12-01,2025-12-13,Closed,Other,Roads - Snow and Ice Control,OS - Mobility,BOW,BOWNESS,Community Centrepoint,-114.188388474722,51.08334628834888
25-00916416,2025-12-01,2025-12-11,Closed,Other,Bylaw - Snow and Ice on Sidewalk,CS - Emergency Management and Community Safety,BRI,BRIDLEWOOD,Community Centrepoint,-114.11020921039947,50.89921921581604
25-00916428,2025-12-01,2025-12-02,Closed,Other,Bylaw - Snow and Ice on Sidewalk,CS - Emergency Management and Community Safety,COU,COUNTRY HILLS,Community Centrepoint,-114.07989394832668,51.14377568374259
25-00916430,2025-12-01,2025-12-02,Closed,Other,Roads - Snow and Ice Control,OS - Mobility,BNF,BANFF TRAIL,Community Centrepoint,-114.11512839717008,51.07420696879508
25-00916431,2025-12-01,2025-12-12,Open,Other,Bylaw - Snow and Ice on Sidewalk,CS - Emergency Management and Community Safety,RIC,RICHMOND,Community Centrepoint,-114.11842028929551,51.02971029545911
25-00916438,2025-12-01,2025-12-01,Closed,Other,Bylaw - Snow and Ice on Sidewalk,CS - Emergency Management and Community Safety,BRD,BRIDGELAND/RIVERSIDE,Community Centrepoint,-114.03507983816613,51.05055069499901
25-00916441,2025-12-01,2025-12-02,Closed,Other,Bylaw - Snow and Ice on Sidewalk,CS - Emergency Management and Community Safety,RIC,RICHMOND,Community Centrepoint,-114.11842028929551,51.02971029545911
25-00916447,2025-12-01,2025-12-02,Closed,Other,Bylaw - Snow and Ice on Sidewalk,CS - Emergency Management and Community Safety,RIC,RICHMOND,Community Centrepoint,-114.11842028929551,51.02971029545911
25-00916449,2025-12-01,2025-12-30,Closed,Other,Bylaw - Snow and Ice on Sidewalk,CS - Emergency Management and Community Safety,LKV,LAKEVIEW,Community Centrepoint,-114.12962139244752,50.999572409011186
25-00916452,2025-12-01,2025-12-02,Closed,Other,Bylaw - Snow and Ice on Sidewalk,CS - Emergency Management and Community Safety,RIC,RICHMOND,Community Centrepoint,-114.11842028929551,51.02971029545911
25-00916456,2025-12-01,2025-12-14,Closed,Other,Bylaw - Snow and Ice on Sidewalk,CS - Emergency Management and Community Safety,CAN,CANYON MEADOWS,Community Centrepoint,-114.0820063458848,50.94095720926748
25-00916461,2025-12-01,2025-12-02,Closed,App,Bylaw - Snow and Ice on Sidewalk,CS - Emergency Management and Community Safety,HAY,HAYSBORO,Community Centrepoint,-114.08334023954264,50.97221484296711
25-00916462,2025-12-01,2025-12-03,Closed,Other,Bylaw - Snow and Ice on Sidewalk,CS - Emergency Management and Community Safety,RIC,RICHMOND,Community Centrepoint,-114.11842028929551,51.02971029545911
25-00916468,2025-12-01,2025-12-03,Closed,Other,Bylaw - Snow and Ice on Sidewalk,CS - Emergency Management and Community Safety,RIC,RICHMOND,Community Centrepoint,-114.11842028929551,51.02971029545911
25-00916473,2025-12-01,2025-12-03,Closed,Other,Bylaw - Snow and Ice on Sidewalk,CS - Emergency Management and Community Safety,RIC,RICHMOND,Community Centrepoint,-114.11842028929551,51.02971029545911
25-00916474,2025-12-01,2025-12-29,Closed,Other,Bylaw - Snow and Ice on Sidewalk,CS - Emergency Management and Community Safety,LKV,LAKEVIEW,Community Centrepoint,-114.12962139244752,50.999572409011186
25-00916479,2025-12-01,2025-12-03,Closed,App,Bylaw - Snow and Ice on Sidewalk,CS - Emergency Management and Community Safety,HAY,HAYSBORO,Community Centrepoint,-114.08334023954264,50.97221484296711
25-00916486,2025-12-01,2025-12-08,Closed,Other,Bylaw - Snow and Ice on Sidewalk,CS - Emergency Management and Community Safety,BLN,BELTLINE,Community Centrepoint,-114.0551860888619,51.03743796399198
25-00916489,2025-12-01,2025-12-14,Closed,Other,Bylaw - Snow and Ice on Sidewalk,CS - Emergency Management and Community Safety,CAN,CANYON MEADOWS,Community Centrepoint,-114.0820063458848,50.94095720926748
25-00916493,2025-12-01,2025-12-12,Closed,App,Bylaw - Snow and Ice on Sidewalk,CS - Emergency Management and Community Safety,HAY,HAYSBORO,Community Centrepoint,-114.08334023954264,50.97221484296711
25-00916508,2025-12-01,2025-12-28,Closed,Other,Bylaw - Snow and Ice on Sidewalk,CS - Emergency Management and Community Safety,LKV,LAKEVIEW,Community Centrepoint,-114.12962139244752,50.999572409011186
25-00916513,2025-12-01,2025-12-12,Closed,App,Bylaw - Snow and Ice on Sidewalk,CS - Emergency Management and Community Safety,HAY,HAYSBORO,Community Centrepoint,-114.08334023954264,50.97221484296711
25-00916516,2025-12-01,2026-01-03,Closed,Other,Bylaw - Snow and Ice on Sidewalk,CS - Emergency Management and Community Safety,LKV,LAKEVIEW,Community Centrepoint,-114.12962139244752,50.999572409011186
25-00916521,2025-12-01,2025-12-02,Duplicate (Closed),App,Bylaw - Snow and Ice on Sidewalk,CS - Emergency Management and Community Safety,HAY,HAYSBORO,Community Centrepoint,-114.08334023954264,50.97221484296711
25-00916531,2025-12-01,2025-12-03,Closed,App,Roads - Pathway Snow and Ice Concerns,OS - Mobility,GPK,GLENMORE PARK,Community Centrepoint,-114.13153145583588,50.990468420200145
25-00916541,2025-12-01,2025-12-09,Closed,Other,Roads - Snow and Ice Control,OS - Mobility,CPF,COPPERFIELD,Community Centrepoint,-113.9294857228364,50.91781382350559
25-00916543,2025-12-01,2025-12-01,Closed,Other,Roads - Snow and Ice Control,OS - Mobility,UNI,UNIVERSITY HEIGHTS,Community Centrepoint,-114.13308657031322,51.07040418074353
25-00916552,2025-12-01,2025-12-02,Closed,Other,Bylaw - Snow and Ice on Sidewalk,CS - Emergency Management and Community Safety,MIS,MISSION,Community Centrepoint,-114.06808259035856,51.033157759251445
25-00916563,2025-12-01,2026-01-09,Closed,App,Bylaw - Snow and Ice on Sidewalk,CS - Emergency Management and Community Safety,HKS,HOTCHKISS,Community Centrepoint,-113.89624948761448,50.91419352023465
25-00916582,2025-12-01,2025-12-01,Closed,Other,Roads - Snow and Ice Control,OS - Mobility,MNI,MANCHESTER INDUSTRIAL,Community Centrepoint,-114.0572224672051,51.01325599042462
25-00916587,2025-12-01,2025-12-01,Closed,Other,Roads - Snow and Ice Control,OS - Mobility,MNI,MANCHESTER INDUSTRIAL,Community Centrepoint,-114.0572224672051,51.01325599042462
25-00916616,2025-12-01,2025-12-04,Closed,Other,Roads - Snow and Ice Control,OS - Mobility,HAR,HARVEST HILLS,Community Centrepoint,-114.05277797732418,51.147677586662866
25-00916622,2025-12-01,2025-12-04,Closed,App,Roads - Pathway Snow and Ice Concerns,OS - Mobility,SAD,SADDLE RIDGE,Community Centrepoint,-113.94562252266888,51.13057324276626
25-00916642,2025-12-01,2025-12-02,Closed,Other,Roads - Snow and Ice Control,OS - Mobility,LIV,LIVINGSTON,Community Centrepoint,-114.06550670687444,51.18550406559082
25-00916651,2025-12-01,2025-12-01,Closed,Other,Roads - Snow and Ice Control,OS - Mobility,FVI,FAIRVIEW INDUSTRIAL,Community Centrepoint,-114.0687807458538,50.98701006465201
25-00916658,2025-12-01,2025-12-01,Closed,Other,Bylaw - Snow and Ice on Sidewalk,CS - Emergency Management and Community Safety,DNC,DOWNTOWN COMMERCIAL CORE,Community Centrepoint,-114.06959371115344,51.0472744358498
25-00916668,2025-12-01,2025-12-01,Duplicate (Closed),Other,Roads - Snow and Ice Control,OS - Mobility,GDL,GLENDALE,Community Centrepoint,-114.15271889005814,51.03337139240085
25-00916671,2025-12-01,2025-12-01,Closed,Other,Roads - Snow and Ice Control,OS - Mobility,GDL,GLENDALE,Community Centrepoint,-114.15271889005814,51.03337139240085
25-00916682,2025-12-01,2025-12-04,Closed,App,Bylaw - Snow and Ice on Sidewalk,CS - Emergency Management and Community Safety,BNF,BANFF TRAIL,Community Centrepoint,-114.11512839717008,51.07420696879508
25-00916688,2025-12-01,2025-12-03,Closed,Other,Bylaw - Snow and Ice on Sidewalk,CS - Emergency Management and Community Safety,NOL,NOLAN HILL,Community Centrepoint,-114.16631720339474,51.175293693597325
25-00916689,2025-12-01,2025-12-01,Closed,Other,Bylaw - Snow and Ice on Sidewalk,CS - Emergency Management and Community Safety,DNC,DOWNTOWN COMMERCIAL CORE,Community Centrepoint,-114.06959371115344,51.0472744358498
25-00916698,2025-12-01,2025-12-10,Closed,Other,Roads - Pathway Snow and Ice Concerns,OS - Mobility,HAW,HAWKWOOD,Community Centrepoint,-114.17561536315904,51.13097810215283
25-00916704,2025-12-01,2025-12-03,Closed,Other,Bylaw - Snow and Ice on Sidewalk,CS - Emergency Management and Community Safety,NOL,NOLAN HILL,Community Centrepoint,-114.16646528704749,51.175353209856
25-00916707,2025-12-01,2025-12-04,Closed,App,Bylaw - Snow and Ice on Sidewalk,CS - Emergency Management and Community Safety,BNF,BANFF TRAIL,Community Centrepoint,-114.11512839717008,51.07420696879508
25-00916720,2025-12-01,2025-12-04,Closed,Other,Bylaw - Snow and Ice on Sidewalk,CS - Emergency Management and Community Safety,MOP,MOUNT PLEASANT,Community Centrepoint,-114.07602998447167,51.074237909055896
25-00916729,2025-12-01,2025-12-01,Closed,Other,Roads - Snow and Ice Control,OS - Mobility,CHW,CHARLESWOOD,Community Centrepoint,-114.1122123154031,51.09008805079572
25-00916767,2025-12-01,2025-12-05,Closed,App,Bylaw - Snow and Ice on Sidewalk,CS - Emergency Management and Community Safety,LIV,LIVINGSTON,Community Centrepoint,-114.06550670687444,51.18550406559082
25-00916770,2025-12-01,2025-12-01,Closed,Other,Roads - Snow and Ice Control,OS - Mobility,SHN,SHAWNESSY,Community Centrepoint,-114.07397621253683,50.90337303234254
25-00916771,2025-12-01,2025-12-01,Closed,Other,Roads - Snow and Ice Control,OS - Mobility,SHG,SHAGANAPPI,Community Centrepoint,-114.1266528552515,51.04521146641257
25-00916776,2025-12-01,2025-12-02,Closed,Other,Roads - Pathway Snow and Ice Concerns,OS - Mobility,BDO,BONAVISTA DOWNS,Community Centrepoint,-114.03150547303493,50.94373043050096
25-00916780,2025-12-01,2025-12-01,Closed,Other,Bylaw - Snow and Ice on Sidewalk,CS - Emergency Management and Community Safety,WHL,WEST HILLHURST,Community Centrepoint,-114.11515850909426,51.05507951426751
25-00916790,2025-12-01,2025-12-10,Closed,App,Roads - Pathway Snow and Ice Concerns,OS - Mobility,ABB,ABBEYDALE,Community Centrepoint,-113.92779834680348,51.059416705656574
25-00916794,2025-12-01,2025-12-19,Closed,Other,Bylaw - Snow and Ice on Sidewalk,CS - Emergency Management and Community Safety,BOW,BOWNESS,Community Centrepoint,-114.188388474722,51.08334628834888
25-00916799,2025-12-01,2025-12-05,Closed,App,Bylaw - Snow and Ice on Sidewalk,CS - Emergency Management and Community Safety,SGH,SAGE HILL,Community Centrepoint,-114.14068609335126,51.175616973412424
25-00916818,2025-12-01,2025-12-04,Closed,Other,Bylaw - Snow and Ice on Sidewalk,CS - Emergency Management and Community Safety,THO,THORNCLIFFE,Community Centrepoint,-114.06878100895472,51.103105008837304
25-00916845,2025-12-01,2025-12-02,Closed,Other,Roads - Pathway Snow and Ice Concerns,OS - Mobility,UOC,UNIVERSITY OF CALGARY,Community Centrepoint,-114.12993378392358,51.0750207870862
25-00916860,2025-12-01,2025-12-23,Closed,Other,Bylaw - Snow and Ice on Sidewalk,CS - Emergency Management and Community Safety,WLD,WILDWOOD,Community Centrepoint,-114.15853861691733,51.0582582482502
25-00916894,2025-12-01,2025-12-03,Closed,Other,Roads - Snow and Ice Control,OS - Mobility,HID,HIDDEN VALLEY,Community Centrepoint,-114.11960923256338,51.15193708483775
25-00916907,2025-12-01,2025-12-02,Closed,App,Roads - Snow and Ice Control,OS - Mobility,GAW,GARRISON WOODS,Community Centrepoint,-114.11361449884984,51.01717823115197
25-00916911,2025-12-01,2025-12-01,Closed,Other,Roads - Snow and Ice Control,OS - Mobility,GBK,GLENBROOK,Community Centrepoint,-114.152694837935,51.02419405304613
25-00916915,2025-12-01,2025-12-01,Closed,Other,Roads - Snow and Ice Control,OS - Mobility,MAH,MAHOGANY,Community Centrepoint,-113.92463385892704,50.895943916674454
25-00916919,2025-12-01,2025-12-01,Closed,Other,Roads - Snow and Ice Control,OS - Mobility,HOU,HOUNSFIELD HEIGHTS/BRIAR HILL,Community Centrepoint,-114.10572976666074,51.063179539196874
25-00916928,2025-12-01,2025-12-02,Closed,App,Roads - Pathway Snow and Ice Concerns,OS - Mobility,LEG,LEGACY,Community Centrepoint,-114.00597971885598,50.85760046185492
25-00916940,2025-12-01,2025-12-02,Closed,Other,Roads - Snow and Ice Control,OS - Mobility,RIC,RICHMOND,Community Centrepoint,-114.11842028929551,51.02971029545911
25-00916959,2025-12-01,2025-12-02,Closed,Other,Bylaw - Snow and Ice on Sidewalk,CS - Emergency Management and Community Safety,SPH,SPRINGBANK HILL,Community Centrepoint,-114.20981973671448,51.02656453162372
25-00916977,2025-12-01,2025-12-05,Closed,Other,Bylaw - Snow and Ice on Sidewalk,CS - Emergency Management and Community Safety,PAN,PANORAMA HILLS,Community Centrepoint,-114.08807155795826,51.15970929560302
25-00916978,2025-12-01,2025-12-01,Closed,App,Bylaw - Snow and Ice on Sidewalk,CS - Emergency Management and Community Safety,BOW,BOWNESS,Community Centrepoint,-114.188388474722,51.08334628834888
25-00916980,2025-12-01,2025-12-10,Closed,Other,Roads - Pathway Snow and Ice Concerns,OS - Mobility,SNA,SUNALTA,Community Centrepoint,-114.10148594325246,51.04295989297799
25-00916983,2025-12-01,2025-12-03,Closed,Other,Bylaw - Snow and Ice on Sidewalk,CS - Emergency Management and Community Safety,SAD,SADDLE RIDGE,Community Centrepoint,-113.94562252266888,51.13057324276626
25-00916991,2025-12-01,2025-12-12,Closed,App,Bylaw - Snow and Ice on Sidewalk,CS - Emergency Management and Community Safety,SPH,SPRINGBANK HILL,Community Centrepoint,-114.20981973671448,51.02656453162372
25-00917000,2025-12-01,2025-12-04,Closed,Other,Bylaw - Snow and Ice on Sidewalk,CS - Emergency Management and Community Safety,SPR,SPRUCE CLIFF,Community Centrepoint,-114.13627783911969,51.04865970828296
25-00917002,2025-12-01,2025-12-17,Closed,Other,Bylaw - Snow and Ice on Sidewalk,CS - Emergency Management and Community Safety,PAN,PANORAMA HILLS,Community Centrepoint,-114.08807155795826,51.15970929560302
25-00917013,2025-12-01,2025-12-10,Closed,App,Bylaw - Snow and Ice on Sidewalk,CS - Emergency Management and Community Safety,MIS,MISSION,Community Centrepoint,-114.06808259035856,51.033157759251445
25-00917023,2025-12-01,2025-12-23,Closed,App,Bylaw - Snow and Ice on Sidewalk,CS - Emergency Management and Community Safety,MIS,MISSION,Community Centrepoint,-114.06808259035856,51.033157759251445
25-00917024,2025-12-01,2025-12-10,Closed,App,Bylaw - Snow and Ice on Sidewalk,CS - Emergency Management and Community Safety,MIS,MISSION,Community Centrepoint,-114.06808259035856,51.033157759251445
25-00917036,2025-12-01,2025-12-02,Closed,App,Bylaw - Snow and Ice on Sidewalk,CS - Emergency Management and Community Safety,MIS,MISSION,Community Centrepoint,-114.06808259035856,51.033157759251445
25-00917037,2025-12-01,2025-12-02,Closed,App,Bylaw - Snow and Ice on Sidewalk,CS - Emergency Management and Community Safety,MIS,MISSION,Community Centrepoint,-114.06808259035856,51.033157759251445
25-00917053,2025-12-01,2025-12-02,Closed,Other,Roads - Snow and Ice Control,OS - Mobility,CLI,CLIFF BUNGALOW,Community Centrepoint,-114.07490165596712,51.03393319537453
25-00917054,2025-12-01,2025-12-02,Closed,App,Roads - Pathway Snow and Ice Concerns,OS - Mobility,MIS,MISSION,Community Centrepoint,-114.06808259035856,51.033157759251445
25-00917055,2025-12-01,2025-12-08,Closed,App,Bylaw - Snow and Ice on Sidewalk,CS - Emergency Management and Community Safety,BOW,BOWNESS,Community Centrepoint,-114.188388474722,51.08334628834888
25-00917056,2025-12-01,2025-12-01,Closed,App,Roads - Snow and Ice Control,OS - Mobility,BRA,BRAESIDE,Community Centrepoint,-114.10636590290346,50.95600269188388
25-00917069,2025-12-01,2025-12-06,Closed,Other,Roads - Pathway Snow and Ice Concerns,OS - Mobility,FHT,FOREST HEIGHTS,Community Centrepoint,-113.96875793277384,51.04924314874295
25-00917076,2025-12-01,2025-12-01,Closed,Other,Roads - Snow and Ice Control,OS - Mobility,RSN,REDSTONE,Community Centrepoint,-113.9575028271685,51.17044616888478
25-00917079,2025-12-01,2025-12-15,Closed,App,Bylaw - Snow and Ice on Sidewalk,CS - Emergency Management and Community Safety,TEM,TEMPLE,Community Centrepoint,-113.94676645519942,51.08879880716327
25-00917085,2025-12-01,2025-12-09,Closed,Other,Bylaw - Snow and Ice on Sidewalk,CS - Emergency Management and Community Safety,HPK,HIGHLAND PARK,Community Centrepoint,-114.0620558477436,51.08801817919036
25-00917090,2025-12-01,2025-12-02,Closed,Other,Bylaw - Snow and Ice on Sidewalk,CS - Emergency Management and Community Safety,BOW,BOWNESS,Community Centrepoint,-114.188388474722,51.08334628834888
25-00917091,2025-12-01,2025-12-02,Closed,App,Roads - Pathway Snow and Ice Concerns,OS - Mobility,SDC,SUNDANCE,Community Centrepoint,-114.04212569181468,50.90180436956538
25-00917107,2025-12-01,2025-12-05,Closed,Other,Bylaw - Snow and Ice on Sidewalk,CS - Emergency Management and Community Safety,HPK,HIGHLAND PARK,Community Centrepoint,-114.0620558477436,51.08801817919036
25-00917133,2025-12-01,2025-12-01,Closed,Other,Bylaw - Snow and Ice on Sidewalk,CS - Emergency Management and Community Safety,LKB,LAKE BONAVISTA,Community Centrepoint,-114.0512955606845,50.939598998272274
25-00917141,2025-12-01,2025-12-02,Closed,Other,Bylaw - Snow and Ice on Sidewalk,CS - Emergency Management and Community Safety,BED,BEDDINGTON HEIGHTS,Community Centrepoint,-114.0849111408055,51.13164398595451
25-00917167,2025-12-01,2025-12-01,Closed,Other,Roads - Snow and Ice Control,OS - Mobility,SPH,SPRINGBANK HILL,Community Centrepoint,-114.20981973671448,51.02656453162372
25-00917174,2025-12-01,2025-12-17,Closed,Other,Bylaw - Snow and Ice on Sidewalk,CS - Emergency Management and Community Safety,MON,MONTGOMERY,Community Centrepoint,-114.16224821352388,51.071076143699045
25-00917191,2025-12-01,2025-12-03,Closed,Other,Roads - Pathway Snow and Ice Concerns,OS - Mobility,ARB,ARBOUR LAKE,Community Centrepoint,-114.2076749807532,51.13259471210095
25-00917207,2025-12-01,2025-12-01,Closed,Other,Bylaw - Snow and Ice on Sidewalk,CS - Emergency Management and Community Safety,MON,MONTGOMERY,Community Centrepoint,-114.16224821352388,51.071076143699045
25-00917227,2025-12-01,2025-12-19,Closed,Other,Bylaw - Snow and Ice on Sidewalk,CS - Emergency Management and Community Safety,MON,MONTGOMERY,Community Centrepoint,-114.16224821352388,51.071076143699045
25-00917243,2025-12-01,2025-12-01,Open,Other,Roads - Snow and Ice Control,OS - Mobility,BLM,BELMONT,Community Centrepoint,-114.05524942357732,50.8686836961993
25-00917251,2025-12-01,2025-12-07,Closed,Other,Roads - Snow and Ice Control,OS - Mobility,VAL,VALLEY RIDGE,Community Centrepoint,-114.25129743656922,51.09538869219599
25-00917252,2025-12-01,2025-12-09,Closed,Other,Bylaw - Snow and Ice on Sidewalk,CS - Emergency Management and Community Safety,MAC,MACEWAN GLEN,Community Centrepoint,-114.11521349389096,51.13771903702536
25-00917254,2025-12-01,,Open,Other,Roads - Snow and Ice Control,OS - Mobility,RAN,RANCHLANDS,Community Centrepoint,-114.18364711110482,51.11917908296843
25-00917315,2025-12-01,2025-12-02,Closed,App,Roads - Pathway Snow and Ice Concerns,OS - Mobility,MAL,MAYLAND HEIGHTS,Community Centrepoint,-114.01331127510768,51.06083217926603
25-00917326,2025-12-01,2025-12-02,Closed,App,Bylaw - Snow and Ice on Sidewalk,CS - Emergency Management and Community Safety,CLI,CLIFF BUNGALOW,Community Centrepoint,-114.07490165596712,51.03393319537453
25-00917338,2025-12-01,2025-12-29,Closed,Other,Bylaw - Snow and Ice on Sidewalk,CS - Emergency Management and Community Safety,ARB,ARBOUR LAKE,Community Centrepoint,-114.20766602126564,51.13260178567984
25-00917355,2025-12-01,2025-12-01,Closed,Other,Roads - Snow and Ice Control,OS - Mobility,CNS,CORNERSTONE,Community Centrepoint,-113.9305705256274,51.15735996767518
25-00917358,2025-12-01,2025-12-03,Closed,Other,Bylaw - Snow and Ice on Sidewalk,CS - Emergency Management and Community Safety,KIN,KINGSLAND,Community Centrepoint,-114.07735883671336,50.98697675033278
25-00917381,2025-12-01,2025-12-08,Closed,App,Bylaw - Snow and Ice on Sidewalk,CS - Emergency Management and Community Safety,BOW,BOWNESS,Community Centrepoint,-114.188388474722,51.08334628834888
25-00917390,2025-12-01,2025-12-01,Duplicate (Closed),Other,Bylaw - Snow and Ice on Sidewalk,CS - Emergency Management and Community Safety,BOW,BOWNESS,Community Centrepoint,-114.188388474722,51.08334628834888
25-00917408,2025-12-01,2025-12-03,Closed,Other,Bylaw - Snow and Ice on Sidewalk,CS - Emergency Management and Community Safety,TEM,TEMPLE,Community Centrepoint,-113.94676645519942,51.08879880716327
25-00917409,2025-12-01,2025-12-29,Closed,Other,Bylaw - Snow and Ice on Sidewalk,CS - Emergency Management and Community Safety,TEM,TEMPLE,Community Centrepoint,-113.94676645519942,51.08879880716327
25-00917417,2025-12-01,2025-12-03,Closed,Other,Bylaw - Snow and Ice on Sidewalk,CS - Emergency Management and Community Safety,TEM,TEMPLE,Community Centrepoint,-113.94676645519942,51.08879880716327
25-00917418,2025-12-01,2025-12-03,Closed,Other,Bylaw - Snow and Ice on Sidewalk,CS - Emergency Management and Community Safety,TEM,TEMPLE,Community Centrepoint,-113.94676645519942,51.08879880716327
25-00917426,2025-12-01,2025-12-03,Closed,Other,Bylaw - Snow and Ice on Sidewalk,CS - Emergency Management and Community Safety,TEM,TEMPLE,Community Centrepoint,-113.94676645519942,51.08879880716327
25-00917427,2025-12-01,2025-12-03,Closed,Other,Bylaw - Snow and Ice on Sidewalk,CS - Emergency Management and Community Safety,TEM,TEMPLE,Community Centrepoint,-113.94676645519942,51.08879880716327
25-00917431,2025-12-01,2025-12-11,Closed,Other,Bylaw - Snow and Ice on Sidewalk,CS - Emergency Management and Community Safety,RDL,ROSEDALE,Community Centrepoint,-114.07820713414688,51.06268666385911
25-00917432,2025-12-01,2025-12-11,Closed,Other,Roads - Snow and Ice Control,OS - Mobility,SIL,SILVER SPRINGS,Community Centrepoint,-114.19626862637182,51.10427448199788
25-00917435,2025-12-01,2025-12-13,Closed,Other,Bylaw - Snow and Ice on Sidewalk,CS - Emergency Management and Community Safety,TEM,TEMPLE,Community Centrepoint,-113.94676645519942,51.08879880716327
25-00917436,2025-12-01,2025-12-03,Closed,Other,Bylaw - Snow and Ice on Sidewalk,CS - Emergency Management and Community Safety,TEM,TEMPLE,Community Centrepoint,-113.94676645519942,51.08879880716327
25-00917440,2025-12-01,2025-12-18,Closed,App,Bylaw - Snow and Ice on Sidewalk,CS - Emergency Management and Community Safety,BNF,BANFF TRAIL,Community Centrepoint,-114.11512839717008,51.07420696879508
25-00917441,2025-12-01,2025-12-03,Closed,Other,Bylaw - Snow and Ice on Sidewalk,CS - Emergency Management and Community Safety,TEM,TEMPLE,Community Centrepoint,-113.94676645519942,51.08879880716327
25-00917443,2025-12-01,2025-12-03,Closed,Other,Bylaw - Snow and Ice on Sidewalk,CS - Emergency Management and Community Safety,TEM,TEMPLE,Community Centrepoint,-113.94676645519942,51.08879880716327
25-00917459,2025-12-01,2025-12-10,Closed,Other,Bylaw - Snow and Ice on Sidewalk,CS - Emergency Management and Community Safety,WLD,WILDWOOD,Community Centrepoint,-114.15853861691733,51.0582582482502
25-00917462,2025-12-01,2025-12-04,Closed,Other,Roads - Pathway Snow and Ice Concerns,OS - Mobility,DDG,DOUGLASDALE/GLEN,Community Centrepoint,-114.01190805579247,50.94844437258388
25-00917463,2025-12-01,2025-12-01,Closed,Other,Roads - Snow and Ice Control,OS - Mobility,DNC,DOWNTOWN COMMERCIAL CORE,Community Centrepoint,-114.06959371115344,51.0472744358498
25-00917476,2025-12-01,2025-12-04,Closed,Other,Bylaw - Snow and Ice on Sidewalk,CS - Emergency Management and Community Safety,STA,ST. ANDREWS HEIGHTS,Community Centrepoint,-114.12743730041028,51.06391056003454
25-00917477,2025-12-01,2025-12-04,Closed,Other,Roads - Snow and Ice Control,OS - Mobility,BED,BEDDINGTON HEIGHTS,Community Centrepoint,-114.0849111408055,51.13164398595451
25-00917483,2025-12-01,2025-12-15,Closed,App,Bylaw - Snow and Ice on Sidewalk,CS - Emergency Management and Community Safety,SUN,SUNRIDGE,Community Centrepoint,-113.99169526275338,51.074222025892624
25-00917485,2025-12-01,2025-12-12,Closed,App,Bylaw - Snow and Ice on Sidewalk,CS - Emergency Management and Community Safety,GDL,GLENDALE,Community Centrepoint,-114.15271889005814,51.03337139240085
25-00917496,2025-12-01,2025-12-02,Closed,App,Bylaw - Snow and Ice on Sidewalk,CS - Emergency Management and Community Safety,ALB,ALBERT PARK/RADISSON HEIGHTS,Community Centrepoint,-113.99677793526727,51.044532953156086
25-00917498,2025-12-01,2025-12-02,Closed,App,Bylaw - Snow and Ice on Sidewalk,CS - Emergency Management and Community Safety,BNK,BANKVIEW,Community Centrepoint,-114.10048318979052,51.034127528143316
25-00917515,2025-12-01,2025-12-01,Closed,Other,Roads - Snow and Ice Control,OS - Mobility,GRV,GREENVIEW,Community Centrepoint,-114.05746990262509,51.094856135698066
25-00917525,2025-12-01,2025-12-09,Closed,App,Bylaw - Snow and Ice on Sidewalk,CS - Emergency Management and Community Safety,ALT,ALTADORE,Community Centrepoint,-114.10078239468643,51.015954118930864
25-00917527,2025-12-01,2025-12-03,Closed,App,Bylaw - Snow and Ice on Sidewalk,CS - Emergency Management and Community Safety,SOC,SOUTH CALGARY,Community Centrepoint,-114.10207470149076,51.02680215199665
25-00917543,2025-12-01,2026-03-18,Closed,Other,Bylaw - Snow and Ice on Sidewalk,CS - Emergency Management and Community Safety,TEM,TEMPLE,Community Centrepoint,-113.94676645519942,51.08879880716327
25-00917551,2025-12-01,2025-12-03,Closed,Other,Bylaw - Snow and Ice on Sidewalk,CS - Emergency Management and Community Safety,TEM,TEMPLE,Community Centrepoint,-113.94676645519942,51.08879880716327
25-00917557,2025-12-01,2025-12-03,Closed,Other,Bylaw - Snow and Ice on Sidewalk,CS - Emergency Management and Community Safety,TEM,TEMPLE,Community Centrepoint,-113.94676645519942,51.08879880716327
25-00917562,2025-12-01,2025-12-03,Closed,Other,Bylaw - Snow and Ice on Sidewalk,CS - Emergency Management and Community Safety,TEM,TEMPLE,Community Centrepoint,-113.94676645519942,51.08879880716327
25-00917570,2025-12-01,2025-12-03,Closed,Other,Bylaw - Snow and Ice on Sidewalk,CS - Emergency Management and Community Safety,TEM,TEMPLE,Community Centrepoint,-113.94676645519942,51.08879880716327
25-00917573,2025-12-01,2025-12-03,Closed,Other,Roads - Pathway Snow and Ice Concerns,OS - Mobility,CRE,CRESCENT HEIGHTS,Community Centrepoint,-114.06161323521869,51.05949594746299
25-00917574,2025-12-01,2025-12-03,Closed,App,Roads - Pathway Snow and Ice Concerns,OS - Mobility,HIF,HIGHFIELD,Community Centrepoint,-114.0371938269173,51.01852460944606
25-00917580,2025-12-01,2025-12-03,Closed,Other,Bylaw - Snow and Ice on Sidewalk,CS - Emergency Management and Community Safety,TEM,TEMPLE,Community Centrepoint,-113.94676645519942,51.08879880716327
25-00917592,2025-12-01,2025-12-03,Closed,Other,Bylaw - Snow and Ice on Sidewalk,CS - Emergency Management and Community Safety,TEM,TEMPLE,Community Centrepoint,-113.94676645519942,51.08879880716327
25-00917595,2025-12-01,2025-12-12,Closed,Other,Bylaw - Snow and Ice on Sidewalk,CS - Emergency Management and Community Safety,MOP,MOUNT PLEASANT,Community Centrepoint,-114.07602998447167,51.074237909055896
25-00917597,2025-12-01,2025-12-23,Duplicate (Closed),Other,Bylaw - Snow and Ice on Sidewalk,CS - Emergency Management and Community Safety,MON,MONTGOMERY,Community Centrepoint,-114.16224821352388,51.071076143699045
25-00917599,2025-12-01,2026-01-21,Closed,Other,Bylaw - Snow and Ice on Sidewalk,CS - Emergency Management and Community Safety,TEM,TEMPLE,Community Centrepoint,-113.94676645519942,51.08879880716327
25-00917605,2025-12-01,2025-12-03,Closed,Other,Bylaw - Snow and Ice on Sidewalk,CS - Emergency Management and Community Safety,TEM,TEMPLE,Community Centrepoint,-113.94676645519942,51.08879880716327
25-00917609,2025-12-01,2025-12-17,Closed,Other,Roads - Pathway Snow and Ice Concerns,OS - Mobility,REN,RENFREW,Community Centrepoint,-114.03916899334442,51.05965315830899
25-00917611,2025-12-01,2025-12-03,Closed,Other,Bylaw - Snow and Ice on Sidewalk,CS - Emergency Management and Community Safety,TEM,TEMPLE,Community Centrepoint,-113.94676645519942,51.08879880716327
25-00917613,2025-12-01,2025-12-22,Closed,Other,Roads - Pathway Snow and Ice Concerns,OS - Mobility,REN,RENFREW,Community Centrepoint,-114.03916899334442,51.05965315830899
25-00917619,2025-12-01,2025-12-03,Closed,Other,Bylaw - Snow and Ice on Sidewalk,CS - Emergency Management and Community Safety,TEM,TEMPLE,Community Centrepoint,-113.94676645519942,51.08879880716327
25-00917629,2025-12-01,2025-12-03,Closed,Other,Bylaw - Snow and Ice on Sidewalk,CS - Emergency Management and Community Safety,TEM,TEMPLE,Community Centrepoint,-113.94676645519942,51.08879880716327
25-00917631,2025-12-01,2025-12-10,Closed,Other,Bylaw - Snow and Ice on Sidewalk,CS - Emergency Management and Community Safety,WLD,WILDWOOD,Community Centrepoint,-114.15853861691733,51.0582582482502
25-00917636,2025-12-01,2025-12-03,Closed,Other,Bylaw - Snow and Ice on Sidewalk,CS - Emergency Management and Community Safety,TEM,TEMPLE,Community Centrepoint,-113.94676645519942,51.08879880716327
25-00917638,2025-12-01,2025-12-09,Closed,App,Bylaw - Snow and Ice on Sidewalk,CS - Emergency Management and Community Safety,KIN,KINGSLAND,Community Centrepoint,-114.07735883671336,50.98697675033278
25-00917641,2025-12-01,2025-12-02,Closed,Other,Roads - Snow and Ice Control,OS - Mobility,FLN,FOREST LAWN,Community Centrepoint,-113.9700019179966,51.037848048607955
25-00917643,2025-12-01,2025-12-03,Closed,Other,Bylaw - Snow and Ice on Sidewalk,CS - Emergency Management and Community Safety,TEM,TEMPLE,Community Centrepoint,-113.94676645519942,51.08879880716327
25-00917647,2025-12-01,2025-12-03,Closed,Other,Bylaw - Snow and Ice on Sidewalk,CS - Emergency Management and Community Safety,TEM,TEMPLE,Community Centrepoint,-113.94676645519942,51.08879880716327
25-00917657,2025-12-01,2025-12-04,Closed,Other,Bylaw - Snow and Ice on Sidewalk,CS - Emergency Management and Community Safety,SCE,SCENIC ACRES,Community Centrepoint,-114.21734033796923,51.11270738649579
25-00917662,2025-12-01,2025-12-02,Closed,App,Bylaw - Snow and Ice on Sidewalk,CS - Emergency Management and Community Safety,CAP,CAPITOL HILL,Community Centrepoint,-114.09463117970957,51.072665279064736
25-00917665,2025-12-01,2025-12-02,Closed,Other,Roads - Snow and Ice Control,OS - Mobility,EVE,EVERGREEN,Community Centrepoint,-114.11569352503209,50.91870443401208
25-00917671,2025-12-01,2025-12-08,Closed,Other,Bylaw - Snow and Ice on Sidewalk,CS - Emergency Management and Community Safety,BLN,BELTLINE,Community Centrepoint,-114.0551860888619,51.03743796399198
25-00917679,2025-12-01,2026-02-19,Closed,Other,Bylaw - Snow and Ice on Sidewalk,CS - Emergency Management and Community Safety,SIL,SILVER SPRINGS,Community Centrepoint,-114.19626862637182,51.10427448199788
25-00917684,2025-12-01,2025-12-04,Closed,Other,Roads - Snow and Ice Control,OS - Mobility,WHI,WHITEHORN,Community Centrepoint,-113.97006247520194,51.08877824664194
25-00917699,2025-12-01,2025-12-02,Closed,Other,Roads - Snow and Ice Control,OS - Mobility,SOM,SOMERSET,Community Centrepoint,-114.08137551622823,50.898904177038276
25-00917700,2025-12-01,2025-12-04,Closed,App,Roads - Pathway Snow and Ice Concerns,OS - Mobility,EVN,EVANSTON,Community Centrepoint,-114.11245112799344,51.1710848417942
25-00917713,2025-12-01,2025-12-04,Closed,Other,Roads - Pathway Snow and Ice Concerns,OS - Mobility,SIL,SILVER SPRINGS,Community Centrepoint,-114.19626862637182,51.10427448199788
25-00917724,2025-12-01,2025-12-07,Closed,App,Bylaw - Snow and Ice on Sidewalk,CS - Emergency Management and Community Safety,CAP,CAPITOL HILL,Community Centrepoint,-114.09463117970957,51.072665279064736
25-00917743,2025-12-01,2025-12-01,Closed,Other,Roads - Snow and Ice Control,OS - Mobility,SFH,SOUTH FOOTHILLS,Community Centrepoint,-113.97367259111104,50.97124216080477
25-00917750,2025-12-01,2026-01-08,Closed,Other,Roads - Pathway Snow and Ice Concerns,OS - Mobility,DRN,DEER RUN,Community Centrepoint,-114.00908770459684,50.925132387678815
25-00917777,2025-12-01,2025-12-18,Closed,App,Bylaw - Snow and Ice on Sidewalk,CS - Emergency Management and Community Safety,BLN,BELTLINE,Community Centrepoint,-114.0551860888619,51.03743796399198
25-00917778,2025-12-01,2025-12-28,Closed,App,Bylaw - Snow and Ice on Sidewalk,CS - Emergency Management and Community Safety,LKV,LAKEVIEW,Community Centrepoint,-114.12962139244752,50.999572409011186
25-00917795,2025-12-01,2025-12-10,Closed,App,Roads - Pathway Snow and Ice Concerns,OS - Mobility,BLN,BELTLINE,Community Centrepoint,-114.0551860888619,51.03743796399198
25-00917806,2025-12-01,2026-01-30,Closed,App,Bylaw - Snow and Ice on Sidewalk,CS - Emergency Management and Community Safety,BLN,BELTLINE,Community Centrepoint,-114.0551860888619,51.03743796399198
25-00917809,2025-12-01,2025-12-06,Closed,Other,Bylaw - Snow and Ice on Sidewalk,CS - Emergency Management and Community Safety,CPF,COPPERFIELD,Community Centrepoint,-113.9294857228364,50.91781382350559
25-00917812,2025-12-01,2025-12-14,Closed,Other,Bylaw - Snow and Ice on Sidewalk,CS - Emergency Management and Community Safety,ROC,ROCKY RIDGE,Community Centrepoint,-114.24590791801704,51.14407647959192
25-00917814,2025-12-01,2025-12-04,Closed,App,Roads - Pathway Snow and Ice Concerns,OS - Mobility,BLN,BELTLINE,Community Centrepoint,-114.0551860888619,51.03743796399198
25-00917823,2025-12-01,2025-12-25,Closed,App,Bylaw - Snow and Ice on Sidewalk,CS - Emergency Management and Community Safety,ACA,ACADIA,Community Centrepoint,-114.05369601618196,50.972415073979406
25-00917824,2025-12-01,2025-12-11,Closed,App,Bylaw - Snow and Ice on Sidewalk,CS - Emergency Management and Community Safety,ACA,ACADIA,Community Centrepoint,-114.05369601618196,50.972415073979406
25-00917826,2025-12-01,2025-12-05,Closed,App,Bylaw - Snow and Ice on Sidewalk,CS - Emergency Management and Community Safety,COV,COVENTRY HILLS,Community Centrepoint,-114.05313423182986,51.164928068908395
25-00917828,2025-12-01,2025-12-04,Closed,Other,Bylaw - Snow and Ice on Sidewalk,CS - Emergency Management and Community Safety,WAL,WALDEN,Community Centrepoint,-114.03261830805454,50.87040296671561
25-00917832,2025-12-01,2025-12-01,Closed,Other,Roads - Snow and Ice Control,OS - Mobility,CHK,CHINOOK PARK,Community Centrepoint,-114.0889939534629,50.98322809435055
25-00917835,2025-12-01,2025-12-04,Closed,App,Bylaw - Snow and Ice on Sidewalk,CS - Emergency Management and Community Safety,COV,COVENTRY HILLS,Community Centrepoint,-114.05313423182986,51.164928068908395
25-00917847,2025-12-01,2025-12-02,Closed,App,Bylaw - Snow and Ice on Sidewalk,CS - Emergency Management and Community Safety,SHS,SHAWNEE SLOPES,Community Centrepoint,-114.08580210790822,50.92618812780506
25-00917849,2025-12-01,2025-12-02,Closed,App,Bylaw - Snow and Ice on Sidewalk,CS - Emergency Management and Community Safety,SHS,SHAWNEE SLOPES,Community Centrepoint,-114.08580210790822,50.92618812780506
25-00917861,2025-12-01,2025-12-04,Closed,App,Roads - Pathway Snow and Ice Concerns,OS - Mobility,BRD,BRIDGELAND/RIVERSIDE,Community Centrepoint,-114.03507983816613,51.05055069499901
25-00917863,2025-12-01,2025-12-04,Closed,App,Bylaw - Snow and Ice on Sidewalk,CS - Emergency Management and Community Safety,PIN,PINERIDGE,Community Centrepoint,-113.9467616936152,51.07424750638858
25-00917865,2025-12-01,2025-12-01,Closed,Other,Roads - Snow and Ice Control,OS - Mobility,ARB,ARBOUR LAKE,Community Centrepoint,-114.2076749807532,51.13259471210095
25-00917873,2025-12-01,2025-12-11,Closed,App,Bylaw - Snow and Ice on Sidewalk,CS - Emergency Management and Community Safety,SOM,SOMERSET,Community Centrepoint,-114.08137551622823,50.898904177038276
25-00917874,2025-12-01,2025-12-08,Closed,App,Roads - Pathway Snow and Ice Concerns,OS - Mobility,BLN,BELTLINE,Community Centrepoint,-114.0551860888619,51.03743796399198
25-00917875,2025-12-01,2025-12-03,Closed,Other,Roads - Snow and Ice Control,OS - Mobility,PAN,PANORAMA HILLS,Community Centrepoint,-114.08806340626408,51.15971101170789
25-00917878,2025-12-01,2025-12-04,Closed,App,Bylaw - Snow and Ice on Sidewalk,CS - Emergency Management and Community Safety,COV,COVENTRY HILLS,Community Centrepoint,-114.0531434069748,51.16490633093188
25-00917879,2025-12-01,2025-12-05,Closed,App,Roads - Pathway Snow and Ice Concerns,OS - Mobility,BRD,BRIDGELAND/RIVERSIDE,Community Centrepoint,-114.03507983816613,51.05055069499901
25-00917880,2025-12-01,2025-12-04,Closed,Other,Bylaw - Snow and Ice on Sidewalk,CS - Emergency Management and Community Safety,WAL,WALDEN,Community Centrepoint,-114.03261830805454,50.87040296671561
25-00917883,2025-12-01,,Open,Other,Roads - Snow and Ice Control,OS - Mobility,PAN,PANORAMA HILLS,Community Centrepoint,-114.08807155795826,51.15970929560302
25-00917887,2025-12-01,2025-12-04,Closed,App,Bylaw - Snow and Ice on Sidewalk,CS - Emergency Management and Community Safety,COV,COVENTRY HILLS,Community Centrepoint,-114.05313423182986,51.164928068908395
25-00917895,2025-12-01,2025-12-02,Closed,Other,Bylaw - Snow and Ice on Sidewalk,CS - Emergency Management and Community Safety,CPF,COPPERFIELD,Community Centrepoint,-113.9294857228364,50.91781382350559
25-00917900,2025-12-01,2025-12-03,Closed,Other,Bylaw - Snow and Ice on Sidewalk,CS - Emergency Management and Community Safety,HAY,HAYSBORO,Community Centrepoint,-114.08334023954264,50.97221484296711
25-00917920,2025-12-01,2025-12-01,Closed,Other,Roads - Snow and Ice Control,OS - Mobility,SIG,SIGNAL HILL,Community Centrepoint,-114.17990702915992,51.023260171926054
25-00917931,2025-12-01,2025-12-10,Closed,App,Roads - Pathway Snow and Ice Concerns,OS - Mobility,ACA,ACADIA,Community Centrepoint,-114.05369601618196,50.972415073979406
25-00917932,2025-12-01,2025-12-02,Closed,Other,Roads - Snow and Ice Control,OS - Mobility,EDG,EDGEMONT,Community Centrepoint,-114.14395321027078,51.124587846873936
25-00917941,2025-12-01,2025-12-02,Closed,App,Bylaw - Snow and Ice on Sidewalk,CS - Emergency Management and Community Safety,ARB,ARBOUR LAKE,Community Centrepoint,-114.20766602126564,51.13260178567984
25-00917957,2025-12-01,2025-12-04,Closed,App,Bylaw - Snow and Ice on Sidewalk,CS - Emergency Management and Community Safety,COV,COVENTRY HILLS,Community Centrepoint,-114.05313423182986,51.164928068908395
25-00917964,2025-12-01,2025-12-02,Closed,App,Bylaw - Snow and Ice on Sidewalk,CS - Emergency Management and Community Safety,SHS,SHAWNEE SLOPES,Community Centrepoint,-114.08580210790822,50.92618812780506
25-00917967,2025-12-01,2025-12-05,Closed,Other,Bylaw - Snow and Ice on Sidewalk,CS - Emergency Management and Community Safety,BRE,BRENTWOOD,Community Centrepoint,-114.13591917398958,51.09606553683618
25-00917972,2025-12-01,2025-12-02,Closed,Other,Roads - Snow and Ice Control,OS - Mobility,ALT,ALTADORE,Community Centrepoint,-114.10078239468643,51.015954118930864
25-00917977,2025-12-01,2025-12-05,Closed,App,Bylaw - Snow and Ice on Sidewalk,CS - Emergency Management and Community Safety,COV,COVENTRY HILLS,Community Centrepoint,-114.05313423182986,51.164928068908395
25-00917990,2025-12-01,2025-12-02,Closed,App,Bylaw - Snow and Ice on Sidewalk,CS - Emergency Management and Community Safety,ARB,ARBOUR LAKE,Community Centrepoint,-114.20766602126564,51.13260178567984
25-00917991,2025-12-01,2025-12-02,Closed,App,Bylaw - Snow and Ice on Sidewalk,CS - Emergency Management and Community Safety,ARB,ARBOUR LAKE,Community Centrepoint,-114.20766602126564,51.13260178567984
25-00917994,2025-12-01,2025-12-02,Closed,Other,Roads - Snow and Ice Control,OS - Mobility,BLN,BELTLINE,Community Centrepoint,-114.0551860888619,51.03743796399198
25-00917997,2025-12-01,2025-12-05,Closed,Other,Bylaw - Snow and Ice on Sidewalk,CS - Emergency Management and Community Safety,TAR,TARADALE,Community Centrepoint,-113.934002077972,51.11794016367547
25-00918000,2025-12-01,2025-12-02,Closed,App,Bylaw - Snow and Ice on Sidewalk,CS - Emergency Management and Community Safety,BRD,BRIDGELAND/RIVERSIDE,Community Centrepoint,-114.03507983816613,51.05055069499901
25-00918009,2025-12-01,2025-12-14,Closed,Other,Roads - Snow and Ice Control,OS - Mobility,KIN,KINGSLAND,Community Centrepoint,-114.07735883671336,50.98697675033278
25-00918015,2025-12-01,2025-12-04,Closed,App,Bylaw - Snow and Ice on Sidewalk,CS - Emergency Management and Community Safety,COV,COVENTRY HILLS,Community Centrepoint,-114.05313423182986,51.164928068908395
25-00918027,2025-12-01,2025-12-02,Closed,App,Bylaw - Snow and Ice on Sidewalk,CS - Emergency Management and Community Safety,SHS,SHAWNEE SLOPES,Community Centrepoint,-114.08580210790822,50.92618812780506
25-00918039,2025-12-01,2025-12-03,Closed,App,Bylaw - Snow and Ice on Sidewalk,CS - Emergency Management and Community Safety,ARB,ARBOUR LAKE,Community Centrepoint,-114.20766602126564,51.13260178567984
25-00918040,2025-12-01,2025-12-02,Closed,App,Roads - Pathway Snow and Ice Concerns,OS - Mobility,BRD,BRIDGELAND/RIVERSIDE,Community Centrepoint,-114.03507983816613,51.05055069499901
25-00918048,2025-12-01,2025-12-03,Closed,App,Bylaw - Snow and Ice on Sidewalk,CS - Emergency Management and Community Safety,ARB,ARBOUR LAKE,Community Centrepoint,-114.20766602126564,51.13260178567984
25-00918049,2025-12-01,2025-12-03,Closed,Other,Roads - Snow and Ice Control,OS - Mobility,LIV,LIVINGSTON,Community Centrepoint,-114.06550670687444,51.18550406559082
25-00918058,2025-12-01,2025-12-02,Closed,Other,Roads - Snow and Ice Control,OS - Mobility,MPK,MARLBOROUGH PARK,Community Centrepoint,-113.9467026472926,51.05969024495795
25-00918065,2025-12-01,2025-12-04,Closed,Other,Bylaw - Snow and Ice on Sidewalk,CS - Emergency Management and Community Safety,WAL,WALDEN,Community Centrepoint,-114.03261830805454,50.87040296671561
25-00918067,2025-12-01,2025-12-09,Closed,App,Bylaw - Snow and Ice on Sidewalk,CS - Emergency Management and Community Safety,RID,RIDEAU PARK,Community Centrepoint,-114.07416183074793,51.024875769770034
25-00918069,2025-12-01,2025-12-18,Closed,App,Bylaw - Snow and Ice on Sidewalk,CS - Emergency Management and Community Safety,PAN,PANORAMA HILLS,Community Centrepoint,-114.08807155795826,51.15970929560302
25-00918070,2025-12-01,2026-01-30,Closed,App,Bylaw - Snow and Ice on Sidewalk,CS - Emergency Management and Community Safety,RID,RIDEAU PARK,Community Centrepoint,-114.07416183074793,51.024875769770034
25-00918080,2025-12-01,2025-12-18,Closed,App,Bylaw - Snow and Ice on Sidewalk,CS - Emergency Management and Community Safety,PAN,PANORAMA HILLS,Community Centrepoint,-114.08807155795826,51.15970929560302
25-00918082,2025-12-01,2025-12-09,Closed,App,Bylaw - Snow and Ice on Sidewalk,CS - Emergency Management and Community Safety,ROX,ROXBORO,Community Centrepoint,-114.06764480275702,51.02619585294798
25-00918087,2025-12-01,2025-12-17,Closed,Other,Bylaw - Snow and Ice on Sidewalk,CS - Emergency Management and Community Safety,PAN,PANORAMA HILLS,Community Centrepoint,-114.08807155795826,51.15970929560302
25-00918088,2025-12-01,2025-12-06,Closed,Other,Bylaw - Snow and Ice on Sidewalk,CS - Emergency Management and Community Safety,RVW,RANGEVIEW,Community Centrepoint,-113.91974448757276,50.874379475430835
25-00918093,2025-12-01,2025-12-05,Closed,Other,Bylaw - Snow and Ice on Sidewalk,CS - Emergency Management and Community Safety,MON,MONTGOMERY,Community Centrepoint,-114.16224821352388,51.071076143699045
25-00918097,2025-12-01,2025-12-04,Closed,App,Bylaw - Snow and Ice on Sidewalk,CS - Emergency Management and Community Safety,CRE,CRESCENT HEIGHTS,Community Centrepoint,-114.06161323521869,51.05949594746299
25-00918106,2025-12-01,2025-12-02,Closed,App,Bylaw - Snow and Ice on Sidewalk,CS - Emergency Management and Community Safety,CIT,CITADEL,Community Centrepoint,-114.18391232300922,51.14453732608978
25-00918110,2025-12-01,2025-12-05,Closed,Other,Bylaw - Snow and Ice on Sidewalk,CS - Emergency Management and Community Safety,MON,MONTGOMERY,Community Centrepoint,-114.16224821352388,51.071076143699045
25-00918149,2025-12-01,2025-12-02,Closed,Other,Roads - Snow and Ice Control,OS - Mobility,MCT,MCKENZIE TOWNE,Community Centrepoint,-113.96135301049588,50.917148761958515
25-00918156,2025-12-01,2025-12-01,Closed,Other,Roads - Snow and Ice Control,OS - Mobility,STR,STRATHCONA PARK,Community Centrepoint,-114.17758676157425,51.04741013809688
25-00918173,2025-12-01,2025-12-04,Closed,App,Bylaw - Snow and Ice on Sidewalk,CS - Emergency Management and Community Safety,PIN,PINERIDGE,Community Centrepoint,-113.9467616936152,51.07424750638858
25-00918192,2025-12-01,2025-12-01,Closed,Other,Roads - Snow and Ice Control,OS - Mobility,CAP,CAPITOL HILL,Community Centrepoint,-114.09463117970957,51.072665279064736
25-00918212,2025-12-01,2025-12-02,Closed,Other,Roads - Snow and Ice Control,OS - Mobility,SAD,SADDLE RIDGE,Community Centrepoint,-113.94562252266888,51.13057324276626
25-00918231,2025-12-01,2025-12-19,Closed,App,Bylaw - Snow and Ice on Sidewalk,CS - Emergency Management and Community Safety,CLI,CLIFF BUNGALOW,Community Centrepoint,-114.07490165596712,51.03393319537453
25-00918232,2025-12-01,2025-12-05,Closed,App,Roads - Pathway Snow and Ice Concerns,OS - Mobility,EVE,EVERGREEN,Community Centrepoint,-114.11569352503209,50.91870443401208
25-00918259,2025-12-01,2025-12-03,Closed,App,Bylaw - Snow and Ice on Sidewalk,CS - Emergency Management and Community Safety,RIC,RICHMOND,Community Centrepoint,-114.11842028929551,51.02971029545911
25-00918266,2025-12-01,2025-12-10,Closed,Other,Roads - Pathway Snow and Ice Concerns,OS - Mobility,ERI,ERIN WOODS,Community Centrepoint,-113.96766881721628,51.02097627623138
25-00918270,2025-12-01,2025-12-02,Closed,App,Bylaw - Snow and Ice on Sidewalk,CS - Emergency Management and Community Safety,CNS,CORNERSTONE,Community Centrepoint,-113.9305705256274,51.15735996767518
25-00918275,2025-12-01,2025-12-10,Closed,Other,Roads - Pathway Snow and Ice Concerns,OS - Mobility,,,None,,
25-00918278,2025-12-01,2025-12-04,Closed,Other,Bylaw - Snow and Ice on Sidewalk,CS - Emergency Management and Community Safety,CRE,CRESCENT HEIGHTS,Community Centrepoint,-114.06161323521869,51.05949594746299
25-00918283,2025-12-01,2025-12-02,Closed,Other,Bylaw - Snow and Ice on Sidewalk,CS - Emergency Management and Community Safety,CPF,COPPERFIELD,Community Centrepoint,-113.9294857228364,50.91781382350559
25-00918300,2025-12-01,2025-12-11,Closed,Other,Bylaw - Snow and Ice on Sidewalk,CS - Emergency Management and Community Safety,GRE,GREENWOOD/GREENBRIAR,Community Centrepoint,-114.22297068115532,51.08986537163767
25-00918301,2025-12-01,2025-12-02,Closed,Other,Roads - Snow and Ice Control,OS - Mobility,RDL,ROSEDALE,Community Centrepoint,-114.07820713414688,51.06268666385911
25-00918313,2025-12-01,2025-12-02,Closed,Other,Bylaw - Snow and Ice on Sidewalk,CS - Emergency Management and Community Safety,TUX,TUXEDO PARK,Community Centrepoint,-114.06104493215648,51.07421777221349
25-00918320,2025-12-01,2025-12-02,Closed,Other,Bylaw - Snow and Ice on Sidewalk,CS - Emergency Management and Community Safety,TUX,TUXEDO PARK,Community Centrepoint,-114.06104493215648,51.07421777221349
25-00918325,2025-12-01,2025-12-09,Closed,App,Bylaw - Snow and Ice on Sidewalk,CS - Emergency Management and Community Safety,TUX,TUXEDO PARK,Community Centrepoint,-114.06104493215648,51.07421777221349
25-00918350,2025-12-01,2025-12-08,Closed,Other,Bylaw - Snow and Ice on Sidewalk,CS - Emergency Management and Community Safety,KIL,KILLARNEY/GLENGARRY,Community Centrepoint,-114.13173134426395,51.030131956517685
25-00918351,2025-12-01,2025-12-05,Closed,Other,Roads - Pathway Snow and Ice Concerns,OS - Mobility,CAP,CAPITOL HILL,Community Centrepoint,-114.09463117970957,51.072665279064736
25-00918355,2025-12-01,2025-12-05,Closed,App,Bylaw - Snow and Ice on Sidewalk,CS - Emergency Management and Community Safety,MRT,MARTINDALE,Community Centrepoint,-113.95838711713029,51.11791372657443
25-00918372,2025-12-01,2025-12-09,Closed,App,Bylaw - Snow and Ice on Sidewalk,CS - Emergency Management and Community Safety,TUX,TUXEDO PARK,Community Centrepoint,-114.06104493215648,51.07421777221349
25-00918380,2025-12-01,2025-12-01,Closed,Other,Roads - Snow and Ice Control,OS - Mobility,BLN,BELTLINE,Community Centrepoint,-114.0551860888619,51.03743796399198
25-00918384,2025-12-01,2025-12-12,Closed,Other,Bylaw - Snow and Ice on Sidewalk,CS - Emergency Management and Community Safety,RUN,RUNDLE,Community Centrepoint,-113.97005350368742,51.07423887665301
25-00918390,2025-12-01,2025-12-01,Closed,Other,Roads - Snow and Ice Control,OS - Mobility,SHI,SHEPARD INDUSTRIAL,Community Centrepoint,-113.99278635609627,50.96149445575939
25-00918391,2025-12-01,2025-12-20,Closed,Other,Bylaw - Snow and Ice on Sidewalk,CS - Emergency Management and Community Safety,CRE,CRESCENT HEIGHTS,Community Centrepoint,-114.06161323521869,51.05949594746299
25-00918392,2025-12-01,2025-12-02,Closed,Other,Roads - Snow and Ice Control,OS - Mobility,SAD,SADDLE RIDGE,Community Centrepoint,-113.94562252266888,51.13057324276626
25-00918393,2025-12-01,2025-12-12,Closed,Other,Bylaw - Snow and Ice on Sidewalk,CS - Emergency Management and Community Safety,AUB,AUBURN BAY,Community Centrepoint,-113.95779514351894,50.89269507750196
25-00918399,2025-12-01,2025-12-09,Closed,Other,Bylaw - Snow and Ice on Sidewalk,CS - Emergency Management and Community Safety,CRE,CRESCENT HEIGHTS,Community Centrepoint,-114.06161323521869,51.05949594746299
25-00918401,2025-12-01,2025-12-03,Closed,Other,Bylaw - Snow and Ice on Sidewalk,CS - Emergency Management and Community Safety,AUB,AUBURN BAY,Community Centrepoint,-113.95779514351894,50.89269507750196
25-00918412,2025-12-01,2025-12-02,Closed,Other,Bylaw - Snow and Ice on Sidewalk,CS - Emergency Management and Community Safety,AUB,AUBURN BAY,Community Centrepoint,-113.95779514351894,50.89269507750196
25-00918443,2025-12-01,2025-12-09,Closed,Other,Bylaw - Snow and Ice on Sidewalk,CS - Emergency Management and Community Safety,WBN,WOODBINE,Community Centrepoint,-114.1296281640212,50.940233262618435
25-00918445,2025-12-01,2025-12-11,Closed,Other,Bylaw - Snow and Ice on Sidewalk,CS - Emergency Management and Community Safety,EVE,EVERGREEN,Community Centrepoint,-114.11569352503209,50.91870443401208
25-00918447,2025-12-01,2025-12-08,Closed,Other,Bylaw - Snow and Ice on Sidewalk,CS - Emergency Management and Community Safety,BOW,BOWNESS,Community Centrepoint,-114.188388474722,51.08334628834888
25-00918449,2025-12-01,2025-12-12,Closed,App,Bylaw - Snow and Ice on Sidewalk,CS - Emergency Management and Community Safety,MOP,MOUNT PLEASANT,Community Centrepoint,-114.07602998447167,51.074237909055896
25-00918454,2025-12-01,2025-12-11,Closed,Other,Bylaw - Snow and Ice on Sidewalk,CS - Emergency Management and Community Safety,EVE,EVERGREEN,Community Centrepoint,-114.11569352503209,50.91870443401208
25-00918457,2025-12-01,2025-12-17,Closed,Other,Bylaw - Snow and Ice on Sidewalk,CS - Emergency Management and Community Safety,VAR,VARSITY,Community Centrepoint,-114.162506759502,51.09605377080581
25-00918461,2025-12-01,2025-12-09,Closed,App,Bylaw - Snow and Ice on Sidewalk,CS - Emergency Management and Community Safety,TUX,TUXEDO PARK,Community Centrepoint,-114.06104493215648,51.07421777221349
25-00918470,2025-12-01,2025-12-18,Closed,Other,Bylaw - Snow and Ice on Sidewalk,CS - Emergency Management and Community Safety,BOW,BOWNESS,Community Centrepoint,-114.188388474722,51.08334628834888
25-00918477,2025-12-01,2025-12-04,Closed,Other,Bylaw - Snow and Ice on Sidewalk,CS - Emergency Management and Community Safety,LEG,LEGACY,Community Centrepoint,-114.00597971885598,50.85760046185492
25-00918482,2025-12-01,2025-12-08,Closed,App,Bylaw - Snow and Ice on Sidewalk,CS - Emergency Management and Community Safety,KIL,KILLARNEY/GLENGARRY,Community Centrepoint,-114.13173134426395,51.030131956517685
25-00918489,2025-12-01,2025-12-10,Closed,Other,Roads - Pathway Snow and Ice Concerns,OS - Mobility,BRA,BRAESIDE,Community Centrepoint,-114.10636590290346,50.95600269188388
25-00918506,2025-12-01,2025-12-01,Closed,Other,Bylaw - Snow and Ice on Sidewalk,CS - Emergency Management and Community Safety,MLR,MILLRISE,Community Centrepoint,-114.08491413864552,50.91705536774364
25-00918508,2025-12-01,2025-12-17,Closed,Other,Bylaw - Snow and Ice on Sidewalk,CS - Emergency Management and Community Safety,MON,MONTGOMERY,Community Centrepoint,-114.16224821352388,51.071076143699045
25-00918522,2025-12-01,2025-12-11,Closed,App,Bylaw - Snow and Ice on Sidewalk,CS - Emergency Management and Community Safety,EVE,EVERGREEN,Community Centrepoint,-114.11569352503209,50.91870443401208
25-00918533,2025-12-01,2025-12-04,Closed,Other,Bylaw - Snow and Ice on Sidewalk,CS - Emergency Management and Community Safety,SIL,SILVER SPRINGS,Community Centrepoint,-114.19626862637182,51.10427448199788
25-00918549,2025-12-01,2025-12-02,Closed,Other,Bylaw - Snow and Ice on Sidewalk,CS - Emergency Management and Community Safety,STR,STRATHCONA PARK,Community Centrepoint,-114.17758676157425,51.04741013809688
25-00918552,2025-12-01,2025-12-17,Closed,Other,Roads - Pathway Snow and Ice Concerns,OS - Mobility,SIG,SIGNAL HILL,Community Centrepoint,-114.17990702915992,51.023260171926054
25-00918557,2025-12-01,2025-12-02,Closed,Other,Roads - Snow and Ice Control,OS - Mobility,CHA,CHAPARRAL,Community Centrepoint,-114.02566896242004,50.88467311348729
25-00918575,2025-12-01,2025-12-07,Closed,Other,Bylaw - Snow and Ice on Sidewalk,CS - Emergency Management and Community Safety,ABB,ABBEYDALE,Community Centrepoint,-113.92779834680348,51.059416705656574
25-00918581,2025-12-01,2025-12-10,Closed,Other,Roads - Snow and Ice Control,OS - Mobility,HAW,HAWKWOOD,Community Centrepoint,-114.17561536315904,51.13097810215283
25-00918588,2025-12-01,2025-12-10,Closed,Other,Roads - Pathway Snow and Ice Concerns,OS - Mobility,PKL,PARKLAND,Community Centrepoint,-114.02822405924384,50.920841901943966
25-00918596,2025-12-01,2025-12-07,Closed,Other,Bylaw - Snow and Ice on Sidewalk,CS - Emergency Management and Community Safety,ABB,ABBEYDALE,Community Centrepoint,-113.92779834680348,51.059416705656574
25-00918602,2025-12-01,2025-12-07,Closed,Other,Bylaw - Snow and Ice on Sidewalk,CS - Emergency Management and Community Safety,ABB,ABBEYDALE,Community Centrepoint,-113.92779834680348,51.059416705656574
25-00918607,2025-12-01,2025-12-02,Closed,App,Bylaw - Snow and Ice on Sidewalk,CS - Emergency Management and Community Safety,SOC,SOUTH CALGARY,Community Centrepoint,-114.10207470149076,51.02680215199665
25-00918609,2025-12-01,2025-12-19,Closed,Other,Bylaw - Snow and Ice on Sidewalk,CS - Emergency Management and Community Safety,ABB,ABBEYDALE,Community Centrepoint,-113.92779834680348,51.059416705656574
25-00918614,2025-12-01,2025-12-19,Closed,Other,Bylaw - Snow and Ice on Sidewalk,CS - Emergency Management and Community Safety,ABB,ABBEYDALE,Community Centrepoint,-113.92779834680348,51.059416705656574
25-00918637,2025-12-01,2025-12-02,Closed,Other,Roads - Snow and Ice Control,OS - Mobility,MRL,MARLBOROUGH,Community Centrepoint,-113.96997429032228,51.05954612270691
25-00918640,2025-12-01,2025-12-04,Closed,App,Bylaw - Snow and Ice on Sidewalk,CS - Emergency Management and Community Safety,RUN,RUNDLE,Community Centrepoint,-113.97005350368742,51.07423887665301
25-00918652,2025-12-01,2025-12-03,Closed,Other,Roads - Snow and Ice Control,OS - Mobility,KIL,KILLARNEY/GLENGARRY,Community Centrepoint,-114.13173134426395,51.030131956517685
25-00918655,2025-12-01,2025-12-04,Closed,App,Roads - Pathway Snow and Ice Concerns,OS - Mobility,SIL,SILVER SPRINGS,Community Centrepoint,-114.19626862637182,51.10427448199788
25-00918661,2025-12-01,2025-12-23,Closed,App,Bylaw - Snow and Ice on Sidewalk,CS - Emergency Management and Community Safety,RIV,RIVERBEND,Community Centrepoint,-114.018433843776,50.97602013392327
25-00918671,2025-12-01,2025-12-02,Closed,App,Bylaw - Snow and Ice on Sidewalk,CS - Emergency Management and Community Safety,BRD,BRIDGELAND/RIVERSIDE,Community Centrepoint,-114.03507983816613,51.05055069499901
25-00918674,2025-12-01,2025-12-08,Closed,Other,Roads - Pathway Snow and Ice Concerns,OS - Mobility,,,None,,
25-00918678,2025-12-01,2025-12-14,Closed,App,Bylaw - Snow and Ice on Sidewalk,CS - Emergency Management and Community Safety,ARB,ARBOUR LAKE,Community Centrepoint,-114.20766602126564,51.13260178567984
25-00918679,2025-12-01,2025-12-10,Closed,Other,Roads - Pathway Snow and Ice Concerns,OS - Mobility,MOP,MOUNT PLEASANT,Community Centrepoint,-114.07602998447167,51.074237909055896
25-00918684,2025-12-01,2025-12-02,Closed,Other,Roads - Snow and Ice Control,OS - Mobility,FLN,FOREST LAWN,Community Centrepoint,-113.9700019179966,51.037848048607955
25-00918685,2025-12-01,2025-12-02,Closed,App,Roads - Snow and Ice Control,OS - Mobility,SHN,SHAWNESSY,Community Centrepoint,-114.07397621253683,50.90337303234254
25-00918698,2025-12-01,2025-12-02,Closed,App,Roads - Pathway Snow and Ice Concerns,OS - Mobility,RID,RIDEAU PARK,Community Centrepoint,-114.07416183074793,51.024875769770034
25-00918699,2025-12-01,2025-12-02,Closed,App,Roads - Snow and Ice Control,OS - Mobility,SHN,SHAWNESSY,Community Centrepoint,-114.07397621253683,50.90337303234254
25-00918711,2025-12-01,2025-12-02,Closed,Other,Roads - Snow and Ice Control,OS - Mobility,HOR,HORIZON,Community Centrepoint,-113.99169523733028,51.08990020616713
25-00918712,2025-12-01,2026-04-17,Closed,Other,Roads - Pathway Snow and Ice Concerns,OS - Mobility,,,None,,
25-00918714,2025-12-01,2025-12-11,Closed,Other,Bylaw - Snow and Ice on Sidewalk,CS - Emergency Management and Community Safety,ACA,ACADIA,Community Centrepoint,-114.05369601618196,50.972415073979406
25-00918717,2025-12-01,2025-12-10,Closed,Other,Roads - Pathway Snow and Ice Concerns,OS - Mobility,,,None,,
25-00918718,2025-12-01,2025-12-02,Closed,App,Roads - Snow and Ice Control,OS - Mobility,AUB,AUBURN BAY,Community Centrepoint,-113.95779514351894,50.89269507750196
25-00918722,2025-12-01,2025-12-23,Closed,Other,Bylaw - Snow and Ice on Sidewalk,CS - Emergency Management and Community Safety,MRL,MARLBOROUGH,Community Centrepoint,-113.96997429032228,51.05954612270691
25-00918730,2025-12-01,2025-12-08,Closed,Other,Bylaw - Snow and Ice on Sidewalk,CS - Emergency Management and Community Safety,MRL,MARLBOROUGH,Community Centrepoint,-113.96997429032228,51.05954612270691
25-00918741,2025-12-01,2025-12-08,Closed,Other,Bylaw - Snow and Ice on Sidewalk,CS - Emergency Management and Community Safety,MRL,MARLBOROUGH,Community Centrepoint,-113.96997429032228,51.05954612270691
25-00918746,2025-12-01,2025-12-19,Closed,Other,Bylaw - Snow and Ice on Sidewalk,CS - Emergency Management and Community Safety,MRL,MARLBOROUGH,Community Centrepoint,-113.96997429032228,51.05954612270691
25-00918749,2025-12-01,2025-12-01,Closed,Other,Bylaw - Snow and Ice on Sidewalk,CS - Emergency Management and Community Safety,DNC,DOWNTOWN COMMERCIAL CORE,Community Centrepoint,-114.06959371115344,51.0472744358498
25-00918753,2025-12-01,2025-12-08,Closed,Other,Bylaw - Snow and Ice on Sidewalk,CS - Emergency Management and Community Safety,MRL,MARLBOROUGH,Community Centrepoint,-113.96997429032228,51.05954612270691
25-00918759,2025-12-01,2025-12-02,Closed,App,Bylaw - Snow and Ice on Sidewalk,CS - Emergency Management and Community Safety,GLR,GLACIER RIDGE,Community Centrepoint,-114.1681884917596,51.190418661433526
25-00918760,2025-12-01,2026-04-17,Closed,Other,Roads - Pathway Snow and Ice Concerns,OS - Mobility,EDG,EDGEMONT,Community Centrepoint,-114.14395321027078,51.124587846873936
25-00918761,2025-12-01,2025-12-29,Closed,Other,Bylaw - Snow and Ice on Sidewalk,CS - Emergency Management and Community Safety,MRL,MARLBOROUGH,Community Centrepoint,-113.96997429032228,51.05954612270691
25-00918765,2025-12-01,2025-12-08,Closed,Other,Bylaw - Snow and Ice on Sidewalk,CS - Emergency Management and Community Safety,MRL,MARLBOROUGH,Community Centrepoint,-113.96997429032228,51.05954612270691
25-00918768,2025-12-01,2025-12-05,Closed,Other,Bylaw - Snow and Ice on Sidewalk,CS - Emergency Management and Community Safety,HPK,HIGHLAND PARK,Community Centrepoint,-114.0620558477436,51.08801817919036
25-00918772,2025-12-01,2025-12-05,Closed,Other,Roads - Pathway Snow and Ice Concerns,OS - Mobility,CHA,CHAPARRAL,Community Centrepoint,-114.02566896242004,50.88467311348729
25-00918775,2025-12-01,2025-12-29,Closed,Other,Bylaw - Snow and Ice on Sidewalk,CS - Emergency Management and Community Safety,MRL,MARLBOROUGH,Community Centrepoint,-113.96997429032228,51.05954612270691
25-00918789,2025-12-01,2025-12-12,Closed,Other,Bylaw - Snow and Ice on Sidewalk,CS - Emergency Management and Community Safety,UNI,UNIVERSITY HEIGHTS,Community Centrepoint,-114.13308657031322,51.07040418074353
25-00918791,2025-12-01,2025-12-18,Closed,App,Bylaw - Snow and Ice on Sidewalk,CS - Emergency Management and Community Safety,PKL,PARKLAND,Community Centrepoint,-114.02822405924384,50.920841901943966
25-00918796,2025-12-01,2025-12-04,Closed,Other,Bylaw - Snow and Ice on Sidewalk,CS - Emergency Management and Community Safety,WAL,WALDEN,Community Centrepoint,-114.03261830805454,50.87040296671561
25-00918800,2025-12-01,2026-01-07,Closed,App,Bylaw - Snow and Ice on Sidewalk,CS - Emergency Management and Community Safety,TUX,TUXEDO PARK,Community Centrepoint,-114.06104493215648,51.07421777221349
25-00918805,2025-12-01,2025-12-02,Closed,App,Bylaw - Snow and Ice on Sidewalk,CS - Emergency Management and Community Safety,DNC,DOWNTOWN COMMERCIAL CORE,Community Centrepoint,-114.06959371115344,51.0472744358498
25-00918809,2025-12-01,2025-12-21,Closed,Other,Bylaw - Snow and Ice on Sidewalk,CS - Emergency Management and Community Safety,RDL,ROSEDALE,Community Centrepoint,-114.07820713414688,51.06268666385911
25-00918813,2025-12-01,2025-12-04,Closed,Other,Bylaw - Snow and Ice on Sidewalk,CS - Emergency Management and Community Safety,MAL,MAYLAND HEIGHTS,Community Centrepoint,-114.01331127510768,51.06083217926603
25-00918824,2025-12-01,2025-12-05,Closed,App,Roads - Pathway Snow and Ice Concerns,OS - Mobility,THO,THORNCLIFFE,Community Centrepoint,-114.06878100895472,51.103105008837304
25-00918827,2025-12-01,2025-12-03,Closed,Other,Bylaw - Snow and Ice on Sidewalk,CS - Emergency Management and Community Safety,MAL,MAYLAND HEIGHTS,Community Centrepoint,-114.01331127596195,51.06083218163849
25-00918834,2025-12-01,2025-12-02,Closed,Other,Bylaw - Snow and Ice on Sidewalk,CS - Emergency Management and Community Safety,GLR,GLACIER RIDGE,Community Centrepoint,-114.1681884917596,51.190418661433526
25-00918840,2025-12-01,2025-12-03,Closed,Other,Bylaw - Snow and Ice on Sidewalk,CS - Emergency Management and Community Safety,MAL,MAYLAND HEIGHTS,Community Centrepoint,-114.01331127510768,51.06083217926603
25-00918842,2025-12-01,2025-12-06,Closed,Other,Bylaw - Snow and Ice on Sidewalk,CS - Emergency Management and Community Safety,HAR,HARVEST HILLS,Community Centrepoint,-114.05277830448232,51.14767656521987
25-00918849,2025-12-01,2025-12-03,Closed,Other,Bylaw - Snow and Ice on Sidewalk,CS - Emergency Management and Community Safety,MAL,MAYLAND HEIGHTS,Community Centrepoint,-114.01331127596195,51.06083218163849
25-00918858,2025-12-01,2025-12-13,Closed,Other,Bylaw - Snow and Ice on Sidewalk,CS - Emergency Management and Community Safety,HAW,HAWKWOOD,Community Centrepoint,-114.17561536315904,51.13097810215283
25-00918860,2025-12-01,2025-12-03,Closed,Other,Bylaw - Snow and Ice on Sidewalk,CS - Emergency Management and Community Safety,MAL,MAYLAND HEIGHTS,Community Centrepoint,-114.01331127596195,51.06083218163849
25-00918866,2025-12-01,2025-12-02,Closed,Other,Bylaw - Snow and Ice on Sidewalk,CS - Emergency Management and Community Safety,HAW,HAWKWOOD,Community Centrepoint,-114.17561536315904,51.13097810215283
25-00918867,2025-12-01,2025-12-10,Closed,App,Roads - Pathway Snow and Ice Concerns,OS - Mobility,BOW,BOWNESS,Community Centrepoint,-114.188388474722,51.08334628834888
25-00918875,2025-12-01,2025-12-05,Closed,App,Bylaw - Snow and Ice on Sidewalk,CS - Emergency Management and Community Safety,MRT,MARTINDALE,Community Centrepoint,-113.95838711713029,51.11791372657443
25-00918876,2025-12-01,2025-12-02,Closed,Other,Bylaw - Snow and Ice on Sidewalk,CS - Emergency Management and Community Safety,HAW,HAWKWOOD,Community Centrepoint,-114.17561536315904,51.13097810215283
25-00918884,2025-12-01,2025-12-18,Closed,Other,Bylaw - Snow and Ice on Sidewalk,CS - Emergency Management and Community Safety,OAK,OAKRIDGE,Community Centrepoint,-114.12961404738668,50.969662799426914
25-00918902,2025-12-01,2025-12-07,Closed,App,Bylaw - Snow and Ice on Sidewalk,CS - Emergency Management and Community Safety,BOW,BOWNESS,Community Centrepoint,-114.188388474722,51.08334628834888
25-00918903,2025-12-01,2025-12-10,Closed,App,Bylaw - Snow and Ice on Sidewalk,CS - Emergency Management and Community Safety,PCK,PINE CREEK,Community Centrepoint,-114.06786719699797,50.85631703837584
25-00918910,2025-12-01,2025-12-02,Closed,Other,Roads - Snow and Ice Control,OS - Mobility,RCK,ROSSCARROCK,Community Centrepoint,-114.14548590929746,51.04328787200739
25-00918911,2025-12-01,2025-12-08,Closed,Other,Roads - Pathway Snow and Ice Concerns,OS - Mobility,SPR,SPRUCE CLIFF,Community Centrepoint,-114.13627783911969,51.04865970828296
25-00918913,2025-12-01,2025-12-12,Closed,Other,Bylaw - Snow and Ice on Sidewalk,CS - Emergency Management and Community Safety,REN,RENFREW,Community Centrepoint,-114.03916899334442,51.05965315830899
25-00918926,2025-12-01,2025-12-10,Closed,App,Roads - Pathway Snow and Ice Concerns,OS - Mobility,SOV,SOUTHVIEW,Community Centrepoint,-113.99733916298923,51.03415221323608
25-00918935,2025-12-01,2025-12-02,Closed,Other,Bylaw - Snow and Ice on Sidewalk,CS - Emergency Management and Community Safety,SAN,SANDSTONE VALLEY,Community Centrepoint,-114.094962509766,51.137732845524965
25-00918936,2025-12-01,2025-12-02,Closed,Other,Roads - Snow and Ice Control,OS - Mobility,BLN,BELTLINE,Community Centrepoint,-114.0551860888619,51.03743796399198
25-00918938,2025-12-01,2025-12-14,Closed,App,Bylaw - Snow and Ice on Sidewalk,CS - Emergency Management and Community Safety,BLN,BELTLINE,Community Centrepoint,-114.0551860888619,51.03743796399198
25-00918943,2025-12-01,2025-12-02,Closed,Other,Bylaw - Snow and Ice on Sidewalk,CS - Emergency Management and Community Safety,SSD,SUNNYSIDE,Community Centrepoint,-114.07902910930612,51.05641953338241
25-00918944,2025-12-01,2025-12-04,Closed,App,Bylaw - Snow and Ice on Sidewalk,CS - Emergency Management and Community Safety,WHL,WEST HILLHURST,Community Centrepoint,-114.11515850909426,51.05507951426751
25-00918945,2025-12-01,2025-12-02,Closed,Other,Bylaw - Snow and Ice on Sidewalk,CS - Emergency Management and Community Safety,SSD,SUNNYSIDE,Community Centrepoint,-114.07902910930612,51.05641953338241
25-00918953,2025-12-01,2025-12-02,Closed,Other,Bylaw - Snow and Ice on Sidewalk,CS - Emergency Management and Community Safety,SSD,SUNNYSIDE,Community Centrepoint,-114.07902910930612,51.05641953338241
25-00918956,2025-12-01,2025-12-07,Closed,Other,Bylaw - Snow and Ice on Sidewalk,CS - Emergency Management and Community Safety,HIL,HILLHURST,Community Centrepoint,-114.09364601408991,51.057277532355
25-00918958,2025-12-01,2025-12-07,Closed,Other,Bylaw - Snow and Ice on Sidewalk,CS - Emergency Management and Community Safety,HIL,HILLHURST,Community Centrepoint,-114.09364601408991,51.057277532355
25-00918960,2025-12-01,2025-12-10,Closed,App,Roads - Pathway Snow and Ice Concerns,OS - Mobility,SPR,SPRUCE CLIFF,Community Centrepoint,-114.13627783911969,51.04865970828296
25-00918962,2025-12-01,2025-12-07,Closed,Other,Bylaw - Snow and Ice on Sidewalk,CS - Emergency Management and Community Safety,HIL,HILLHURST,Community Centrepoint,-114.09364601408991,51.057277532355
25-00918976,2025-12-01,2025-12-17,Closed,App,Bylaw - Snow and Ice on Sidewalk,CS - Emergency Management and Community Safety,RVW,RANGEVIEW,Community Centrepoint,-113.91974448757276,50.874379475430835
25-00918983,2025-12-01,2025-12-02,Closed,Other,Roads - Snow and Ice Control,OS - Mobility,FLN,FOREST LAWN,Community Centrepoint,-113.9700019179966,51.037848048607955
25-00918993,2025-12-01,2025-12-02,Closed,App,Roads - Pathway Snow and Ice Concerns,OS - Mobility,UOC,UNIVERSITY OF CALGARY,Community Centrepoint,-114.12993378392358,51.0750207870862
25-00918999,2025-12-01,2025-12-05,Closed,Other,Roads - Pathway Snow and Ice Concerns,OS - Mobility,CHA,CHAPARRAL,Community Centrepoint,-114.02566896242004,50.88467311348729
25-00919000,2025-12-01,2025-12-11,Closed,App,Bylaw - Snow and Ice on Sidewalk,CS - Emergency Management and Community Safety,FVI,FAIRVIEW INDUSTRIAL,Community Centrepoint,-114.0687807458538,50.98701006465201
25-00919004,2025-12-01,2025-12-04,Closed,Other,Bylaw - Snow and Ice on Sidewalk,CS - Emergency Management and Community Safety,WHL,WEST HILLHURST,Community Centrepoint,-114.11515850909426,51.05507951426751
25-00919009,2025-12-01,2025-12-11,Closed,App,Bylaw - Snow and Ice on Sidewalk,CS - Emergency Management and Community Safety,CAR,CARRINGTON,Community Centrepoint,-114.08876508465124,51.18571527898334
25-00919011,2025-12-01,2025-12-04,Closed,Other,Bylaw - Snow and Ice on Sidewalk,CS - Emergency Management and Community Safety,RUN,RUNDLE,Community Centrepoint,-113.97005350368742,51.07423887665301
25-00919019,2025-12-01,2025-12-02,Closed,Other,Bylaw - Snow and Ice on Sidewalk,CS - Emergency Management and Community Safety,MOP,MOUNT PLEASANT,Community Centrepoint,-114.07602998447167,51.074237909055896
25-00919021,2025-12-01,2025-12-08,Closed,App,Bylaw - Snow and Ice on Sidewalk,CS - Emergency Management and Community Safety,CAN,CANYON MEADOWS,Community Centrepoint,-114.0820063458848,50.94095720926748
25-00919022,2025-12-01,2025-12-01,Closed,Other,Roads - Snow and Ice Control,OS - Mobility,SCA,SCARBORO,Community Centrepoint,-114.10717502442168,51.04076520075529
25-00919028,2025-12-01,2025-12-03,Closed,App,Bylaw - Snow and Ice on Sidewalk,CS - Emergency Management and Community Safety,KCA,KINCORA,Community Centrepoint,-114.13268930115572,51.16017477486294
25-00919035,2025-12-01,2025-12-03,Closed,App,Bylaw - Snow and Ice on Sidewalk,CS - Emergency Management and Community Safety,KCA,KINCORA,Community Centrepoint,-114.13268930115572,51.16017477486294
25-00919038,2025-12-01,2025-12-02,Closed,Other,Bylaw - Snow and Ice on Sidewalk,CS - Emergency Management and Community Safety,TUX,TUXEDO PARK,Community Centrepoint,-114.06104493215648,51.07421777221349
25-00919039,2025-12-01,2025-12-03,Closed,App,Bylaw - Snow and Ice on Sidewalk,CS - Emergency Management and Community Safety,KCA,KINCORA,Community Centrepoint,-114.13268930115572,51.16017477486294
25-00919044,2025-12-01,2025-12-04,Closed,Other,Bylaw - Snow and Ice on Sidewalk,CS - Emergency Management and Community Safety,HPK,HIGHLAND PARK,Community Centrepoint,-114.0620558477436,51.08801817919036
25-00919046,2025-12-01,2025-12-05,Closed,App,Roads - Pathway Snow and Ice Concerns,OS - Mobility,CHN,CHINATOWN,Community Centrepoint,-114.06552190579262,51.05282359517956
25-00919047,2025-12-01,2025-12-14,Closed,Other,Bylaw - Snow and Ice on Sidewalk,CS - Emergency Management and Community Safety,TEM,TEMPLE,Community Centrepoint,-113.94676645519942,51.08879880716327
25-00919049,2025-12-01,2025-12-14,Closed,Other,Bylaw - Snow and Ice on Sidewalk,CS - Emergency Management and Community Safety,TEM,TEMPLE,Community Centrepoint,-113.94676645519942,51.08879880716327
25-00919053,2025-12-01,2025-12-05,Closed,App,Roads - Pathway Snow and Ice Concerns,OS - Mobility,HIF,HIGHFIELD,Community Centrepoint,-114.0371938269173,51.01852460944606
25-00919054,2025-12-01,2025-12-14,Closed,Other,Bylaw - Snow and Ice on Sidewalk,CS - Emergency Management and Community Safety,TEM,TEMPLE,Community Centrepoint,-113.94676645519942,51.08879880716327
25-00919057,2025-12-01,2025-12-03,Closed,Other,Bylaw - Snow and Ice on Sidewalk,CS - Emergency Management and Community Safety,TUS,TUSCANY,Community Centrepoint,-114.2408862053562,51.12191108825487
25-00919060,2025-12-01,2025-12-02,Closed,App,Bylaw - Snow and Ice on Sidewalk,CS - Emergency Management and Community Safety,BLN,BELTLINE,Community Centrepoint,-114.0551860888619,51.03743796399198
25-00919073,2025-12-01,2025-12-05,Closed,App,Roads - Pathway Snow and Ice Concerns,OS - Mobility,SET,SETON,Community Centrepoint,-113.94793123802644,50.874157663473184
25-00919074,2025-12-01,2025-12-12,Closed,App,Bylaw - Snow and Ice on Sidewalk,CS - Emergency Management and Community Safety,CNS,CORNERSTONE,Community Centrepoint,-113.9305705256274,51.15735996767518
25-00919078,2025-12-01,2025-12-23,Closed,App,Bylaw - Snow and Ice on Sidewalk,CS - Emergency Management and Community Safety,ALT,ALTADORE,Community Centrepoint,-114.10078239468643,51.015954118930864
25-00919085,2025-12-01,2025-12-04,Closed,Other,Bylaw - Snow and Ice on Sidewalk,CS - Emergency Management and Community Safety,FLN,FOREST LAWN,Community Centrepoint,-113.9700019179966,51.037848048607955
25-00919086,2025-12-01,2025-12-10,Closed,Other,Bylaw - Snow and Ice on Sidewalk,CS - Emergency Management and Community Safety,RCK,ROSSCARROCK,Community Centrepoint,-114.14548590929746,51.04328787200739
25-00919087,2025-12-01,2025-12-04,Closed,App,Roads - Pathway Snow and Ice Concerns,OS - Mobility,MIS,MISSION,Community Centrepoint,-114.06808259035856,51.033157759251445
25-00919088,2025-12-01,2025-12-10,Closed,App,Bylaw - Snow and Ice on Sidewalk,CS - Emergency Management and Community Safety,BLM,BELMONT,Community Centrepoint,-114.05524942357732,50.8686836961993
25-00919101,2025-12-01,2025-12-09,Closed,Other,Bylaw - Snow and Ice on Sidewalk,CS - Emergency Management and Community Safety,BRE,BRENTWOOD,Community Centrepoint,-114.13591917398958,51.09606553683618
25-00919102,2025-12-01,2025-12-05,Closed,App,Roads - Pathway Snow and Ice Concerns,OS - Mobility,HSD,HOMESTEAD,Community Centrepoint,-113.91650032535892,51.1216297097572
25-00919108,2025-12-01,2025-12-02,Closed,App,Bylaw - Snow and Ice on Sidewalk,CS - Emergency Management and Community Safety,HSD,HOMESTEAD,Community Centrepoint,-113.91650032535892,51.1216297097572
25-00919115,2025-12-01,2025-12-05,Closed,Other,Bylaw - Snow and Ice on Sidewalk,CS - Emergency Management and Community Safety,HPK,HIGHLAND PARK,Community Centrepoint,-114.0620558477436,51.08801817919036
25-00919117,2025-12-01,2025-12-02,Closed,App,Bylaw - Snow and Ice on Sidewalk,CS - Emergency Management and Community Safety,ERL,ERLTON,Community Centrepoint,-114.06314803616586,51.02633258165659
25-00919118,2025-12-01,2025-12-05,Closed,App,Roads - Pathway Snow and Ice Concerns,OS - Mobility,MIS,MISSION,Community Centrepoint,-114.06808259035856,51.033157759251445
25-00919120,2025-12-01,2025-12-03,Closed,Other,Bylaw - Snow and Ice on Sidewalk,CS - Emergency Management and Community Safety,THO,THORNCLIFFE,Community Centrepoint,-114.06878100895472,51.103105008837304
25-00919121,2025-12-01,2025-12-04,Closed,Other,Bylaw - Snow and Ice on Sidewalk,CS - Emergency Management and Community Safety,THO,THORNCLIFFE,Community Centrepoint,-114.06878100895472,51.103105008837304
25-00919124,2025-12-01,2025-12-04,Closed,Other,Bylaw - Snow and Ice on Sidewalk,CS - Emergency Management and Community Safety,THO,THORNCLIFFE,Community Centrepoint,-114.06878100895472,51.103105008837304
25-00919127,2025-12-01,2025-12-02,Closed,App,Bylaw - Snow and Ice on Sidewalk,CS - Emergency Management and Community Safety,MIS,MISSION,Community Centrepoint,-114.06808259035856,51.033157759251445
25-00919128,2025-12-01,2025-12-03,Closed,Other,Bylaw - Snow and Ice on Sidewalk,CS - Emergency Management and Community Safety,SOC,SOUTH CALGARY,Community Centrepoint,-114.10207470149076,51.02680215199665
25-00919133,2025-12-01,2025-12-03,Closed,Other,Bylaw - Snow and Ice on Sidewalk,CS - Emergency Management and Community Safety,SOC,SOUTH CALGARY,Community Centrepoint,-114.10207470149076,51.02680215199665
25-00919134,2025-12-01,2025-12-02,Closed,Other,Roads - Snow and Ice Control,OS - Mobility,BOW,BOWNESS,Community Centrepoint,-114.188388474722,51.08334628834888
25-00919138,2025-12-01,2025-12-02,Closed,App,Bylaw - Snow and Ice on Sidewalk,CS - Emergency Management and Community Safety,CNS,CORNERSTONE,Community Centrepoint,-113.9305705256274,51.15735996767518
25-00919140,2025-12-01,2025-12-05,Closed,App,Bylaw - Snow and Ice on Sidewalk,CS - Emergency Management and Community Safety,BNF,BANFF TRAIL,Community Centrepoint,-114.11512839717008,51.07420696879508
25-00919148,2025-12-01,2025-12-09,Closed,Other,Bylaw - Snow and Ice on Sidewalk,CS - Emergency Management and Community Safety,BRE,BRENTWOOD,Community Centrepoint,-114.13591917398958,51.09606553683618
25-00919149,2025-12-01,2025-12-08,Closed,App,Bylaw - Snow and Ice on Sidewalk,CS - Emergency Management and Community Safety,CSC,CITYSCAPE,Community Centrepoint,-113.9612580314835,51.14703155759964
25-00919150,2025-12-01,2025-12-05,Closed,Other,Bylaw - Snow and Ice on Sidewalk,CS - Emergency Management and Community Safety,BRE,BRENTWOOD,Community Centrepoint,-114.13591917398958,51.09606553683618
25-00919154,2025-12-01,2025-12-15,Closed,Other,Bylaw - Snow and Ice on Sidewalk,CS - Emergency Management and Community Safety,GLA,GLAMORGAN,Community Centrepoint,-114.15322733578051,51.015116804134095
25-00919157,2025-12-01,2025-12-08,Closed,Other,Roads - Pathway Snow and Ice Concerns,OS - Mobility,UND,UNIVERSITY DISTRICT,Community Centrepoint,-114.14496478087015,51.07385411823227
25-00919165,2025-12-01,2025-12-06,Closed,App,Bylaw - Snow and Ice on Sidewalk,CS - Emergency Management and Community Safety,HKS,HOTCHKISS,Community Centrepoint,-113.89624948761448,50.91419352023465
25-00919171,2025-12-01,2025-12-09,Closed,App,Bylaw - Snow and Ice on Sidewalk,CS - Emergency Management and Community Safety,WIN,WINSTON HEIGHTS/MOUNTVIEW,Community Centrepoint,-114.04184874950612,51.07529880280739
25-00919181,2025-12-01,2025-12-19,Open,App,Bylaw - Snow and Ice on Sidewalk,CS - Emergency Management and Community Safety,TUX,TUXEDO PARK,Community Centrepoint,-114.06104493215648,51.07421777221349
25-00919197,2025-12-01,2025-12-02,Closed,Other,Bylaw - Snow and Ice on Sidewalk,CS - Emergency Management and Community Safety,HAR,HARVEST HILLS,Community Centrepoint,-114.05277830448232,51.14767656521987
25-00919198,2025-12-01,2025-12-06,Closed,Other,Bylaw - Snow and Ice on Sidewalk,CS - Emergency Management and Community Safety,HAR,HARVEST HILLS,Community Centrepoint,-114.05277830448232,51.14767656521987
25-00919199,2025-12-01,2025-12-02,Closed,Other,Bylaw - Snow and Ice on Sidewalk,CS - Emergency Management and Community Safety,HAR,HARVEST HILLS,Community Centrepoint,-114.05277830448232,51.14767656521987
25-00919201,2025-12-01,2026-01-08,Closed,Other,Roads - Pathway Snow and Ice Concerns,OS - Mobility,,,None,,
25-00919202,2025-12-01,2025-12-02,Closed,Other,Bylaw - Snow and Ice on Sidewalk,CS - Emergency Management and Community Safety,HAR,HARVEST HILLS,Community Centrepoint,-114.05277830448232,51.14767656521987
25-00919203,2025-12-01,2025-12-03,Closed,Other,Roads - Snow and Ice Control,OS - Mobility,RIC,RICHMOND,Community Centrepoint,-114.11842028929551,51.02971029545911
25-00919204,2025-12-01,2025-12-05,Closed,App,Roads - Pathway Snow and Ice Concerns,OS - Mobility,GAG,GARRISON GREEN,Community Centrepoint,-114.12452628199593,51.00305515480977
25-00919206,2025-12-01,2025-12-03,Closed,Other,Bylaw - Snow and Ice on Sidewalk,CS - Emergency Management and Community Safety,NOL,NOLAN HILL,Community Centrepoint,-114.16646528704749,51.175353209856
25-00919207,2025-12-01,2025-12-08,Closed,Other,Bylaw - Snow and Ice on Sidewalk,CS - Emergency Management and Community Safety,NOL,NOLAN HILL,Community Centrepoint,-114.16646528704749,51.175353209856
25-00919208,2025-12-01,2025-12-03,Closed,Other,Bylaw - Snow and Ice on Sidewalk,CS - Emergency Management and Community Safety,NOL,NOLAN HILL,Community Centrepoint,-114.16646528704749,51.175353209856
25-00919214,2025-12-01,2025-12-03,Closed,App,Bylaw - Snow and Ice on Sidewalk,CS - Emergency Management and Community Safety,GLR,GLACIER RIDGE,Community Centrepoint,-114.1681884917596,51.190418661433526
25-00919220,2025-12-01,2025-12-02,Closed,App,Bylaw - Snow and Ice on Sidewalk,CS - Emergency Management and Community Safety,HID,HIDDEN VALLEY,Community Centrepoint,-114.11960923256338,51.15193708483775
25-00919221,2025-12-01,2025-12-02,Closed,App,Bylaw - Snow and Ice on Sidewalk,CS - Emergency Management and Community Safety,HID,HIDDEN VALLEY,Community Centrepoint,-114.11960923256338,51.15193708483775
25-00919223,2025-12-01,2025-12-02,Closed,App,Bylaw - Snow and Ice on Sidewalk,CS - Emergency Management and Community Safety,HID,HIDDEN VALLEY,Community Centrepoint,-114.11960923256338,51.15193708483775
25-00919225,2025-12-01,2025-12-02,Closed,App,Bylaw - Snow and Ice on Sidewalk,CS - Emergency Management and Community Safety,HID,HIDDEN VALLEY,Community Centrepoint,-114.11960923256338,51.15193708483775
