type_of_program,program_address,capacity,last_insp,program_name,addr_key,lat,lon
FAMILY DAY HOME,"202, 222 - 16 AVENUE NE",1104,2022-03-17,,222 16 AV NE,51.06713863016813,-114.05858481263716
FACILITY-BASED PROGRAM,UNIT #5 1603 62 AVE SE,35,2022-04-11,,1603 62 AV SE,50.99762485138218,-114.02002373666082
FACILITY-BASED PROGRAM,1731 - 29 STREET SW,50,2022-05-05,,1731 29 ST SW,51.03817035634828,-114.129740464582
GROUP FAMILY CHILD CARE PROGRAM,1139 EDGEMONT ROAD NW,10,2022-05-26,,1139 EDGEMONT RD NW,51.11314304039677,-114.14611246849876
GROUP FAMILY CHILD CARE PROGRAM,13 SAGE BERRY ROAD NW,10,2022-05-26,,13 SAGE BERRY RD NW,51.18043573314849,-114.15565301448775
FACILITY-BASED PROGRAM,3413 - 19 AVENUE SE,60,2022-05-31,,3413 19 AV SE,51.03595686160417,-113.98494303791068
FACILITY-BASED PROGRAM,6415 RANCHVIEW DRIVE NW,20,2022-05-31,AL-SALAM PRESCHOOL,6415 RANCHVIEW DR NW,51.114524790647906,-114.18022753367993
INNOVATIVE CHILD CARE PROGRAM,"100, 138 - 4 AVENUE SE",42,2022-06-01,,138 4 AV SE,51.04940866102648,-114.06067879033314
FACILITY-BASED PROGRAM,"308, 1919 SIROCCO DRIVE SW",96,2022-06-06,,1919 SIROCCO DR SW,51.0357314544252,-114.16722848366328
INNOVATIVE CHILD CARE PROGRAM,1723 - 40 STREET SE,25,2022-06-07,,1723 40 ST SE,51.038471723581665,-113.97591680465855
INNOVATIVE CHILD CARE PROGRAM,3820 - 32 STREET NE,50,2022-06-07,,3820 32 ST NE,51.087172762001266,-113.98843448493275
FACILITY-BASED PROGRAM,4411 SPRUCE DRIVE SW,20,2022-06-16,,4411 SPRUCE DR SW,51.0521337374908,-114.1503164237502
FACILITY-BASED PROGRAM,4711 MARYVALE DRIVE NE,45,2022-06-16,,4711 MARYVALE DR NE,51.05654026955398,-113.96517754748302
FACILITY-BASED PROGRAM,303 CANTERBURY DRIVE SW,25,2022-06-21,,303 CANTERBURY DR SW,50.94776151678115,-114.08387505248236
FACILITY-BASED PROGRAM,403 - 28 AVENUE NE,48,2022-07-05,,403 28 AV NE,51.07774363791663,-114.05515799138276
FACILITY-BASED PROGRAM,224 SHAWNESSY DRIVE SW,65,2022-07-05,,224 SHAWNESSY DR SW,50.90935057516235,-114.07924527399533
FACILITY-BASED PROGRAM,3644 - 39 STREET NE,80,2022-07-05,,3644 39 ST NE,51.087229556843816,-113.9772671916942
FACILITY-BASED PROGRAM,536 SONORA AVENUE SW,106,2022-07-06,,536 SONORA AV SW,51.041457429179985,-114.11100035227943
FACILITY-BASED PROGRAM,"UNIT 102, 1925 - 18 AVENUE NE",35,2022-07-06,,1925 18 AV NE,51.06869399502062,-114.01565546533098
GROUP FAMILY CHILD CARE PROGRAM,20B MASTERS TERRACE SE,10,2022-07-07,,20 MASTERS TC SE,50.89456453854746,-113.9177838266599
FACILITY-BASED PROGRAM,11807 ELBOW DRIVE SW,88,2022-07-07,,11807 ELBOW DR SW,50.94752939975863,-114.08478145417692
FACILITY-BASED PROGRAM,4013 STANLEY ROAD SW,32,2022-07-07,,4013 STANLEY RD SW,51.01840173969444,-114.06523746070953
FACILITY-BASED PROGRAM,"126, 80 SAGE HILL ROAD NW",60,2022-07-08,,80 SAGE HL RD NW,51.17376261767251,-114.14385712669554
FACILITY-BASED PROGRAM,3 MILLSIDE DR SW,100,2022-07-08,,3 MILLSIDE DR SW,50.919867805388414,-114.08069825090288
FACILITY-BASED PROGRAM,50 GRAFTON DRIVE SW,50,2022-07-11,,50 GRAFTON DR SW,51.01493990526505,-114.14575280232393
FACILITY-BASED PROGRAM,"322, 5320 - 8 AVENUE SE",74,2022-07-12,,5320 8 AV SE,51.04530923027846,-113.95658935585436
FACILITY-BASED PROGRAM,236 ACADIA DRIVE SE,71,2022-07-12,,236 ACADIA DR SE,50.97237571217305,-114.058599482682
GROUP FAMILY CHILD CARE PROGRAM,53 SILVERADO SKIES WAY SW,10,2022-07-13,,53 SILVERADO SKIES WY SW,50.890007483411885,-114.08722500328354
GROUP FAMILY CHILD CARE PROGRAM,171 LEGACY GLEN PARK SE,10,2022-07-13,,171 LEGACY GLEN PA SE,50.85975262482611,-114.00586508491668
FACILITY-BASED PROGRAM,11 CRANARCH ROAD SE,114,2022-07-14,,11 CRANARCH RD SE,50.87821588726288,-113.9765501283284
GROUP FAMILY CHILD CARE PROGRAM,64 CHAPARRAL VALLEY GREEN SE,10,2022-07-15,,64 CHAPARRAL VALLEY GR SE,50.884914946398325,-114.01396658582482
FACILITY-BASED PROGRAM,"13, 6325 - 12 STREET SE",102,2022-07-15,,6325 12 ST SE,50.99610164695005,-114.0363123317996
FACILITY-BASED PROGRAM,12 ARBOUR LAKE DRIVE NW,56,2022-07-15,,12 ARBOUR LAKE DR NW,51.13362683923102,-114.2027367966087
FACILITY-BASED PROGRAM,"224, 20 SADDLESTONE DRIVE NE",40,2022-07-19,,20 SADDLESTONE DR NE,51.12907897393837,-113.92823551299917
FACILITY-BASED PROGRAM,150 SOMERSET MANOR SW,100,2022-07-19,,150 SOMERSET MR SW,50.897735601822546,-114.0855486825211
FACILITY-BASED PROGRAM,165 MAHOGANY BLVD SE,200,2022-07-19,,165 MAHOGANY BV SE,50.90224339342913,-113.926675599589
FACILITY-BASED PROGRAM,3803 RUNDLEHORN DRIVE NE,94,2022-07-19,,3803 RUNDLEHORN DR NE,51.07134337713633,-113.97968563264692
FACILITY-BASED PROGRAM,7000 ELKTON DRIVE SW,23,2022-07-19,,7000 ELKTON DR SW,51.02342855964773,-114.18818387694029
FACILITY-BASED PROGRAM,"210, 75 CORNER MEADOWS PARK NE",180,2022-07-20,,75 CORNER MEADOWS PA NE,51.151417228006686,-113.93441079058228
FACILITY-BASED PROGRAM,1035 NEW BRIGHTON DRIVE SE,198,2022-07-20,,1035 NEW BRIGHTON DR SE,50.921361536933915,-113.93608703253152
FACILITY-BASED PROGRAM,3820 - 24 AVENUE NW,109,2022-07-20,,3820 24 AV NW,51.07456478365851,-114.14174436551788
FACILITY-BASED PROGRAM,108 QUARRY PARK ROAD SE,63,2022-07-20,,108 QUARRY PA RD SE,50.96108717537908,-114.00701693295908
FACILITY-BASED PROGRAM,64 BRIDLEWOOD ROAD SW,50,2022-07-20,,64 BRIDLEWOOD RD SW,50.90238908245855,-114.10095851371824
FACILITY-BASED PROGRAM,"UNIT 102, 112 - 28 STREET SE",74,2022-07-20,,112 28 ST SE,51.05180015807002,-113.99313816817164
FACILITY-BASED PROGRAM,809 WILLINGDON BLVD SE,123,2022-07-21,,809 WILLINGDON BV SE,50.95097900368255,-114.04393437524251
FACILITY-BASED PROGRAM,8032 RANCHERO DRIVE NW,104,2022-07-21,,8032 RANCHERO DR NW,51.124974706772555,-114.18909967718308
FACILITY-BASED PROGRAM,185 SKYVIEW LINK NE,110,2022-07-22,,185 SKYVIEW LI NE,51.1577376952864,-113.9551585328798
FACILITY-BASED PROGRAM,"111, 1111 - 11 AVENUE SW",81,2022-07-22,,1111 11 AV SW,51.04292822885176,-114.0870205481468
FACILITY-BASED PROGRAM,7212 MACLEOD TRAIL SE,50,2022-07-25,,7212 MACLEOD TR SE,50.988799427431445,-114.07107255337704
FACILITY-BASED PROGRAM,"124, 4804 EDMONTON TRAIL NE",91,2022-07-27,,4804 EDMONTON TR NE,51.09533259712391,-114.05371611935546
FACILITY-BASED PROGRAM,15 CASTLEGLEN ROAD NE,104,2022-07-27,,15 CASTLEGLEN RD NE,51.10657182857948,-113.9512427140138
FACILITY-BASED PROGRAM,"201, 611 - 7 AVENUE SE",64,2022-07-27,,611 7 AV SE,51.045994419115495,-114.04974823807032
FACILITY-BASED PROGRAM,618 2 AVENUE NE,23,2022-07-28,,618 2 AV NE,51.05478997953363,-114.05057568583312
FACILITY-BASED PROGRAM,"3205, 4250 - 109 AVENUE NE",115,2022-07-28,,4250 109 AV NE,51.15289337865871,-113.97332124859376
FACILITY-BASED PROGRAM,"206, 11540 24 STREET SE",108,2022-08-05,,11540 24 ST SE,50.95109064465478,-114.00116616621575
FACILITY-BASED PROGRAM,6630 - 20A STREET SE,104,2022-08-05,,6630 20A ST SE,50.99343985604497,-114.0099858611848
FACILITY-BASED PROGRAM,"133, 7171 - 80 AVENUE NE",47,2022-08-08,,7171 80 AV NE,51.12504966088038,-113.9324769904936
FACILITY-BASED PROGRAM,134 SCARBORO AVENUE SW,24,2022-08-08,,134 SCARBORO AV SW,51.03878765570072,-114.10088401507532
FACILITY-BASED PROGRAM,404 MEREDITH ROAD NE,25,2022-08-08,,404 MEREDITH RD NE,51.05203809487226,-114.05406228544553
FACILITY-BASED PROGRAM,167 TEMPLEGREEN ROAD NE,65,2022-08-09,,167 TEMPLEGREEN RD NE,51.087452293241235,-113.94443219569872
FACILITY-BASED PROGRAM,2421 6 AVENUE NW,59,2022-08-09,,2421 6 AV NW,51.058058512356595,-114.11671056118112
FACILITY-BASED PROGRAM,295 MIDPARK WAY SE,50,2022-08-10,,295 MIDPARK WY SE,50.909387496814965,-114.06289557735174
FACILITY-BASED PROGRAM,629 - 49 AVENUE SW,36,2022-08-10,,629 49 AV SW,51.00949676525939,-114.07841952538055
FACILITY-BASED PROGRAM,"2122, 8561 - 8A  AVENUE SW",116,2022-08-11,,8561 8A AV SW,51.0614632487425,-114.20985021936848
FACILITY-BASED PROGRAM,"19, 8 WESTON DRIVE SW",24,2022-08-11,,8 WESTON DR SW,51.0634045290159,-114.19454718835132
FACILITY-BASED PROGRAM,"323, 2335 - 162 AVENUE SW",40,2022-08-12,,2335 162 AV SW,50.90650529201677,-114.1121139987873
FACILITY-BASED PROGRAM,8 EDGEPARK RISE NW,65,2022-08-16,,8 EDGEPARK RI NW,51.1325769103509,-114.15778849786362
FACILITY-BASED PROGRAM,"23A, 555 HAWKWOOD BLVD NW",66,2022-08-16,,555 HAWKWOOD BV NW,51.12990989739896,-114.17770338772976
FACILITY-BASED PROGRAM,"1000, 4 ROYAL VISTA WAY NW",92,2022-08-16,,4 ROYAL VISTA WY NW,51.15177834649887,-114.20700282093868
FACILITY-BASED PROGRAM,3133 - 30 AVENUE SE,56,2022-08-16,,3133 30 AV SE,51.02682464125195,-113.98919496671016
FACILITY-BASED PROGRAM,3 BERMUDA ROAD NW,88,2022-08-16,,3 BERMUDA RD NW,51.12897014690963,-114.0801507695422
FACILITY-BASED PROGRAM,111 COVEPARK SQUARE NE,174,2022-08-16,,111 COVEPARK SQ NE,51.16663582723832,-114.05943670560264
FACILITY-BASED PROGRAM,5703 - 24 AVENUE NE,20,2022-08-16,,5703 24 AV NE,51.074196018857194,-113.95236336626031
GROUP FAMILY CHILD CARE PROGRAM,221 HIDDEN CIRCLE NW,10,2022-08-16,,221 HIDDEN CI NW,51.14536659978212,-114.11342332596288
FACILITY-BASED PROGRAM,4120 CENTRE STREET NE,120,2022-08-16,,4120 CE ST NE,51.08917048637512,-114.06217711790346
FACILITY-BASED PROGRAM,30 ARBOUR LAKE WAY NW,136,2022-08-17,,30 ARBOUR LAKE WY NW,51.137942593508285,-114.1860630049628
FACILITY-BASED PROGRAM,"105, 4720 - 106 AVENUE SE",115,2022-08-17,,4720 106 AV SE,50.95806688314253,-113.9679274063242
FACILITY-BASED PROGRAM,1829 RANCHLANDS BLVD NW,72,2022-08-17,,1829 RANCHLANDS BV NW,51.12340635012194,-114.19706595082576
FACILITY-BASED PROGRAM,"111, 8579 SCURFIELD DRIVE NW",192,2022-08-17,,8579 SCURFIELD DR NW,51.12067801327112,-114.21123979811118
FACILITY-BASED PROGRAM,"7243, 8650 - 112 AVENUE NW",142,2022-08-18,,8650 112 AV NW,51.15146155729568,-114.21072640852287
FACILITY-BASED PROGRAM,10503 OAKMOOR WAY SW,61,2022-08-18,,10503 OAKMOOR WY SW,50.96097608068115,-114.1245050977176
FACILITY-BASED PROGRAM,"200, 115 - 2 AVENUE SW",80,2022-08-18,,115 2 AV SW,51.051112667039675,-114.0633160871421
FACILITY-BASED PROGRAM,4524 WORCESTER DRIVE SW,49,2022-08-18,,4524 WORCESTER DR SW,51.048823734498995,-114.15203486441088
FACILITY-BASED PROGRAM,"130, 3830 BRENTWOOD ROAD NW",84,2022-08-18,,3830 BRENTWOOD RD NW,51.08665655571791,-114.12956396862276
FACILITY-BASED PROGRAM,"412, 8888 COUNTRY HILLS BLVD NW",48,2022-08-18,,8888 COUNTRY HILLS BV NW,51.15232026068167,-114.21555115509464
FACILITY-BASED PROGRAM,4311 - 1A STREET NW,75,2022-08-19,,4311 1A ST NW,51.091052103837555,-114.06598272308446
FACILITY-BASED PROGRAM,14 ROYAL VISTA LINK NW,96,2022-08-22,,14 ROYAL VISTA LI NW,51.15164439476275,-114.20393612164428
FACILITY-BASED PROGRAM,"150, 2915 - 26 AVENUE SE",83,2022-08-22,,2915 26 AV SE,51.03036251778992,-113.99114502185128
FACILITY-BASED PROGRAM,500 MIDPARK WAY  SE,39,2022-08-23,,500 MIDPARK WY SE,50.907313158125085,-114.05839295006368
FACILITY-BASED PROGRAM,185 WALCREST WAY SE,143,2022-08-23,,185 WALCREST WY SE,50.865029294874674,-114.01199452727836
FACILITY-BASED PROGRAM,4506 - 16 STREET SW,80,2022-08-23,,4506 16 ST SW,51.013881089984146,-114.10026887002378
FACILITY-BASED PROGRAM,"BAY 1 & 2, 7750 RANCHVIEW DRIVE NW",68,2022-08-23,,7750 RANCHVIEW DR NW,51.12027340934856,-114.18038949616545
FACILITY-BASED PROGRAM,141 - 50 AVENUE SE,72,2022-08-24,,141 50 AV SE,51.00859075301288,-114.06275481340906
FACILITY-BASED PROGRAM,"#1, 3109 PALLISER DRIVE SW",71,2022-08-24,,3109 PALLISER DR SW,50.97028740669147,-114.13060754800289
FACILITY-BASED PROGRAM,"SUITE 157, 401 - 9 AVENUE SW",150,2022-08-24,,401 9 AV SW,51.04467556712184,-114.07078276701856
FACILITY-BASED PROGRAM,10702 18 STREET SE,348,2022-08-25,,10702 18 ST SE,50.95719006953368,-114.0070027954359
FACILITY-BASED PROGRAM,12400 CRESTMONT BLVD SW,34,2022-08-25,,12400 CRESTMONT BV SW,51.087334458253224,-114.26168526741937
FACILITY-BASED PROGRAM,430 ACADIA DRIVE SE,64,2022-08-25,,430 ACADIA DR SE,50.96981989262321,-114.04864374611856
FACILITY-BASED PROGRAM,65 SHANNON DRIVE SW,60,2022-08-26,,65 SHANNON DR SW,50.90983204268944,-114.0849201749682
FACILITY-BASED PROGRAM,"1A, 7005 - 18 STREET SE",132,2022-08-26,,7005 18 ST SE,50.99072470966741,-114.0156910258756
FACILITY-BASED PROGRAM,3140 - 41 STREET SW,94,2022-08-26,,3140 41 ST SW,51.02563859573067,-114.1466279807192
FACILITY-BASED PROGRAM,3708 - 44 AVENUE NE,94,2022-08-29,,3708 44 AV NE,51.09133033737251,-113.981113323314
FACILITY-BASED PROGRAM,3504 - 26 AVENUE SW,68,2022-08-30,HAPPY TIME CHILD CARE (KILLARNEY CENTRE),3504 26 AV SW,51.03016067217117,-114.13744134898808
GROUP FAMILY CHILD CARE PROGRAM,9 EVANSBOROUGH GREEN NW,10,2022-08-31,,9 EVANSBOROUGH GR NW,51.18025989021202,-114.1220239677217
FACILITY-BASED PROGRAM,4303 VARSITY DRIVE NW,132,2022-08-31,,4303 VARSITY DR NW,51.092311460012375,-114.14970153933848
FACILITY-BASED PROGRAM,3008 33 ST SW,42,2022-09-06,,3008 33 ST SW,51.0277257448455,-114.13530408942562
FACILITY-BASED PROGRAM,7245 12 ST SE,148,2022-09-06,,7245 12 ST SE,50.98985795892883,-114.0371474739956
FACILITY-BASED PROGRAM,375 BERMUDA DRIVE NW,126,2022-09-07,,375 BERMUDA DR NW,51.13217560463241,-114.08555756768789
FACILITY-BASED PROGRAM,1123 - 87 AVENUE SW,45,2022-09-07,,1123 87 AV SW,50.9756711020576,-114.08884103890288
FACILITY-BASED PROGRAM,"209, 18 ARBOUR LAKE WAY NW",135,2022-09-07,,18 ARBOUR LAKE WY NW,51.13778190598992,-114.18535429628224
FACILITY-BASED PROGRAM,4331 - 41 AVENUE SW,45,2022-09-08,BEST CHOICE IN-SCHOOL CARE,4331 41 AV SW,51.01676462135227,-114.14766008900406
FACILITY-BASED PROGRAM,60 COUNTRY HILLS LANDING NW,522,2022-09-08,,60 COUNTRY HILLS LD NW,51.1420732279957,-114.07209646784554
FACILITY-BASED PROGRAM,3 HUNTERHORN GATE NE,107,2022-09-08,,3 HUNTERHORN GA NE,51.115869982190375,-114.0524982350112
FACILITY-BASED PROGRAM,1625  - 18 STREET NE,95,2022-09-08,,1625 18 ST NE,51.06622606509047,-114.0164208972342
FACILITY-BASED PROGRAM,155 FALCONRIDGE CRESCENT NE,24,2022-09-08,,155 FALCONRIDGE CR NE,51.09678480163461,-113.95264323786591
FACILITY-BASED PROGRAM,100 CASTLEBROOK WAY NE,80,2022-09-09,,100 CASTLEBROOK WY NE,51.10711233494609,-113.96740796655388
FACILITY-BASED PROGRAM,4963 FRONT STREET SE,72,2022-09-09,,4963 FRONT ST SE,50.88178862910665,-113.94679692236744
FACILITY-BASED PROGRAM,"131, 900 - 47 AVENUE SW",54,2022-09-09,,900 47 AV SW,51.01149940583114,-114.08356349079904
FACILITY-BASED PROGRAM,"108, 8060 SILVER SPRINGS BLVD NW",65,2022-09-09,,8060 SILVER SPRINGS BV NW,51.11573032132341,-114.20520943688112
GROUP FAMILY CHILD CARE PROGRAM,663 - 97 AVENUE SE,10,2022-09-09,,663 97 AV SE,50.96601806281721,-114.04873763734054
FACILITY-BASED PROGRAM,3303 CAPITOL HILL CRESCENT NW,18,2022-09-09,,3303 CAPITOL HL CR NW,51.081587699081446,-114.12263822680022
FACILITY-BASED PROGRAM,2115 20 AVE NW,24,2022-09-12,,2115 20 AV NW,51.07040620622475,-114.10900128388288
FACILITY-BASED PROGRAM,11020 FAIRMOUNT DRIVE SE,89,2022-09-12,,11020 FAIRMOUNT DR SE,50.953319848412846,-114.05977444479278
FACILITY-BASED PROGRAM,220 SCENIC ACRES DRIVE NW,16,2022-09-12,,220 SCENIC ACRES DR NW,51.11132082791872,-114.21436153568008
FACILITY-BASED PROGRAM,"202, 912 - 6 AVENUE SW",61,2022-09-13,,912 6 AV SW,51.04809343882207,-114.0817971660682
FACILITY-BASED PROGRAM,4931 GROVE HILL RD SW,100,2022-09-13,,4931 GV HL RD SW,51.03542416314271,-114.15855585181832
FACILITY-BASED PROGRAM,"113, 178 - 96 AVENUE NE",24,2022-09-13,,178 96 AV NE,51.141847390820914,-114.06635646766276
FACILITY-BASED PROGRAM,10 HILLGROVE CRES. SW,58,2022-09-13,,10 HILLGROVE CR SW,50.96751248472325,-114.08645312597788
FACILITY-BASED PROGRAM,100 HAWKWOOD BLVD NW,50,2022-09-13,,100 HAWKWOOD BV NW,51.12536373396137,-114.16679539859332
FACILITY-BASED PROGRAM,2415 KELWOOD DRIVE SW,39,2022-09-13,,2415 KELWOOD DR SW,51.03220115681922,-114.14503769914894
FACILITY-BASED PROGRAM,228 MAHOGANY BLVD SE,200,2022-09-13,,228 MAHOGANY BV SE,50.90189541062049,-113.92375685129169
FACILITY-BASED PROGRAM,"103, 139 - 18 AVENUE NE",30,2022-09-14,,139 18 AV NE,51.068685845539605,-114.06019812108404
FACILITY-BASED PROGRAM,515 COUGAR RIDGE DRIVE SW,40,2022-09-14,,515 COUGAR RIDGE DR SW,51.07241340808473,-114.2192698495036
FACILITY-BASED PROGRAM,3011 - 35 STREET SW,60,2022-09-14,,3011 35 ST SW,51.027450204541886,-114.13849987433215
FACILITY-BASED PROGRAM,11 SACKVILLE DRIVE SW,78,2022-09-14,,11 SACKVILLE DR SW,50.95648363476806,-114.08620435361053
FACILITY-BASED PROGRAM,3527 FONDA WAY SE,94,2022-09-14,,3527 FONDA WY SE,51.05075325776382,-113.97432660198912
FACILITY-BASED PROGRAM,927 LAKE SYLVAN DRIVE SE,50,2022-09-15,,927 LAKE SYLVAN DR SE,50.943320276765554,-114.04215795009992
FACILITY-BASED PROGRAM,3826 COLLINGWOOD DRIVE NW,45,2022-09-15,,3826 COLLINGWOOD DR NW,51.08583211793371,-114.10450281843003
FACILITY-BASED PROGRAM,"50, 919 - 9 AVENUE SE",35,2022-09-15,,919 9 AV SE,51.0428876713801,-114.04012384679044
FACILITY-BASED PROGRAM,700 - 77 STREET SW,211,2022-09-15,,700 77 ST SW,51.068148011091594,-114.19904997092826
FACILITY-BASED PROGRAM,10620 SACRAMENTO DRIVE SW,80,2022-09-15,,10620 SACRAMENTO DR SW,50.95762596214267,-114.07776028198307
FACILITY-BASED PROGRAM,199 QUEEN CHARLOTTE WAY SE,91,2022-09-16,,199 QUEEN CHARLOTTE WY SE,50.93429088530565,-114.0224295426576
FACILITY-BASED PROGRAM,3527 BOULTON ROAD NW,24,2022-09-16,,3527 BOULTON RD NW,51.09425223212634,-114.1396894623112
FACILITY-BASED PROGRAM,1484 NORTHMOUNT DRIVE NW,80,2022-09-16,,1484 NORTHMOUNT DR NW,51.09616364458304,-114.1363351161963
FACILITY-BASED PROGRAM,200 SUNMILLS DRIVE SE,56,2022-09-16,,200 SUNMILLS DR SE,50.899735357693906,-114.04679513127402
FACILITY-BASED PROGRAM,"10, 11166 - 42 STREET SE",30,2022-09-19,,11166 42 ST SE,50.95463876298182,-113.97402534867368
FACILITY-BASED PROGRAM,"107, 20 INVERNESS SQUARE SE",24,2022-09-20,,20 INVERNESS SQ SE,50.91319763736442,-113.96948221103553
FACILITY-BASED PROGRAM,"1109, 55 SKYVIEW RANCH ROAD NE",26,2022-09-20,,55 SKYVIEW RANCH RD NE,51.16452281717087,-113.96225122331892
FACILITY-BASED PROGRAM,1312 - 75 AVENUE SW,45,2022-09-20,,1312 75 AV SW,50.985891492810275,-114.09021221045036
FACILITY-BASED PROGRAM,11 HOLMWOOD AVENUE NW,77,2022-09-20,,11 HOLMWOOD AV NW,51.09244248878499,-114.076777997412
FACILITY-BASED PROGRAM,"46, 4307 - 130 AVENUE SE",100,2022-09-20,,4307 130 AV SE,50.93156113754321,-113.97155118804125
FACILITY-BASED PROGRAM,"2L, 1134 - 8 AVENUE SW",46,2022-09-20,,1134 8 AV SW,51.046387840761454,-114.08797831942746
FACILITY-BASED PROGRAM,1803 - 14 AVENUE NE,24,2022-09-20,,1803 14 AV NE,51.0653127045349,-114.01868265601074
FACILITY-BASED PROGRAM,1747 - 107 AVENUE SW,20,2022-09-21,,1747 107 AV SW,50.95698418712842,-114.10169927922809
FACILITY-BASED PROGRAM,7555 FALCONRIDGE BLVD NE,24,2022-09-21,,7555 FALCONRIDGE BV NE,51.11890394995481,-113.94743612224346
FACILITY-BASED PROGRAM,1039 SUNCASTLE DR SE,162,2022-09-21,,1039 SUNCASTLE DR SE,50.90207292651593,-114.03313746316088
FACILITY-BASED PROGRAM,1704 - 26 STREET SW,126,2022-09-21,,1704 26 ST SW,51.03895942018089,-114.1234771531756
FACILITY-BASED PROGRAM,41 CRANSTON GATE SE,34,2022-09-21,,41 CRANSTON GA SE,50.87457321507062,-113.9691365541284
FACILITY-BASED PROGRAM,"1062, 11300 TUSCANY BLVD NW",48,2022-09-21,,11300 TUSCANY BV NW,51.123583956518445,-114.24783907850556
FACILITY-BASED PROGRAM,211 - 47 STREET SE,40,2022-09-21,,211 47 ST SE,51.050966398695294,-113.96436529680302
FACILITY-BASED PROGRAM,4820 DALHART ROAD NW,30,2022-09-22,,4820 DALHART RD NW,51.10938643209365,-114.15460780325074
FACILITY-BASED PROGRAM,622 - 11 AVENUE SW,48,2022-09-22,,622 11 AV SW,51.0428351588085,-114.07538735507929
FACILITY-BASED PROGRAM,"108, 2411 - 4 STREET NW",104,2022-09-22,,2411 4 ST NW,51.07360897476335,-114.07173974554502
FACILITY-BASED PROGRAM,5336 LAKEVIEW DRIVE SW,16,2022-09-22,,5336 LAKEVIEW DR SW,51.006796359084504,-114.13733708393522
FACILITY-BASED PROGRAM,464A WOODBINE BLVD SW,28,2022-09-22,,464 WOODBINE BV SW,50.94673880865502,-114.1335557402446
FACILITY-BASED PROGRAM,736 MCDOUGALL COURT NE,69,2022-09-22,BRIDGELAND DAY CARE AND AFTER SCHOOL PROGRAM,736 MCDOUGALL CO NE,51.04995130784589,-114.04632193979906
FACILITY-BASED PROGRAM,600 NORTHMOUNT DRIVE NW,60,2022-09-22,,600 NORTHMOUNT DR NW,51.086544861171426,-114.0879953128036
FACILITY-BASED PROGRAM,"7000, 250 EAST HILLS SQUARE SE",184,2022-09-22,,250 EAST HILLS SQ SE,51.04143149871837,-113.9112558581965
FACILITY-BASED PROGRAM,1607 - 90 AVENUE SW,172,2022-09-22,,1607 90 AV SW,50.9720891951433,-114.09932473971544
FACILITY-BASED PROGRAM,6311 NORFOLK DRIVE NW,36,2022-09-22,,6311 NORFOLK DR NW,51.10950066574093,-114.07712454226755
FACILITY-BASED PROGRAM,"780, 500 COUNTRY HILLS BLVD NE",24,2022-09-22,,500 COUNTRY HILLS BV NE,51.1545910583558,-114.05594900439392
FACILITY-BASED PROGRAM,5105 - 8 AVENUE SE,24,2022-09-22,,5105 8 AV SE,51.045036296408895,-113.96010529224148
FACILITY-BASED PROGRAM,4099 GARRISON BLVD SW,146,2022-09-22,,4099 GARRISON BV SW,51.01796425468462,-114.11404545648595
FACILITY-BASED PROGRAM,680 ACADIA DRIVE SE,18,2022-09-22,,680 ACADIA DR SE,50.959721829838585,-114.0434646362327
FACILITY-BASED PROGRAM,4540 - 26 AVENUE SW,50,2022-09-22,,4540 26 AV SW,51.03062796473413,-114.15209678966217
FACILITY-BASED PROGRAM,115 EDENWOLD DRIVE NW,56,2022-09-23,,115 EDENWOLD DR NW,51.12438029651209,-114.13854061935275
FACILITY-BASED PROGRAM,1216 - 36 AVENUE SW,101,2022-09-23,,1216 36 AV SW,51.02177989918541,-114.0902968354174
FACILITY-BASED PROGRAM,1531 - 21 AVENUE NW,34,2022-09-23,,1531 21 AV NW,51.0713458469643,-114.0959000441722
FACILITY-BASED PROGRAM,225 PRESTWICK AVENUE SE,150,2022-09-23,,225 PRESTWICK AV SE,50.92205528905168,-113.95964537196848
FACILITY-BASED PROGRAM,7112 - 7 STREET SW,29,2022-09-23,,7112 7 ST SW,50.9907899146417,-114.08155045714363
FACILITY-BASED PROGRAM,2210 - 18 STREET NW,70,2022-09-23,,2210 18 ST NW,51.07183753052323,-114.10438834485336
FACILITY-BASED PROGRAM,730 CITADEL WAY NW,60,2022-09-23,,730 CITADEL WY NW,51.14672825526228,-114.1871065308406
FACILITY-BASED PROGRAM,2223 SPILLER ROAD SE,70,2022-09-23,,2223 SPILLER RD SE,51.033023913969366,-114.04546121752836
FACILITY-BASED PROGRAM,375 SANDARAC DRIVE NW,60,2022-09-23,,375 SANDARAC DR NW,51.14023028226271,-114.10735718104117
FACILITY-BASED PROGRAM,"10, 5555 STRATHCONA HILL SW",36,2022-09-26,,5555 STRATHCONA HL SW,51.05190281933608,-114.1680524311136
FACILITY-BASED PROGRAM,333 EDGEPARK BLVD NW,48,2022-09-26,,333 EDGEPARK BV NW,51.13658246475782,-114.15727841848415
FACILITY-BASED PROGRAM,11950 COUNTRY VILLAGE LINK NE,33,2022-09-26,,11950 COUNTRY VILLAGE LI NE,51.159461760541134,-114.06756844168062
FACILITY-BASED PROGRAM,2919 DOUGLASDALE BLVD SE,60,2022-09-26,,2919 DOUGLASDALE BV SE,50.94086875414178,-113.99038106760707
FACILITY-BASED PROGRAM,357 TUSCANY DRIVE NW,90,2022-09-26,,357 TUSCANY DR NW,51.12853888772237,-114.2512797437268
FACILITY-BASED PROGRAM,649 QUEENSLAND DRIVE SE,29,2022-09-27,,649 QUEENSLAND DR SE,50.93981054600688,-114.02313585476266
FACILITY-BASED PROGRAM,327 SANDARAC DRIVE NW,40,2022-09-27,,327 SANDARAC DR NW,51.13945629619948,-114.10375164265564
FACILITY-BASED PROGRAM,1317 - 1 STREET NW,24,2022-09-27,,1317 1 ST NW,51.06394828594616,-114.06518640390384
FACILITY-BASED PROGRAM,6908 - 26 AVENUE NE,80,2022-09-27,,6908 26 AV NE,51.07626857788669,-113.9346612040554
FACILITY-BASED PROGRAM,320 ABERGALE DRIVE NE,20,2022-09-27,CALGARY ABORIGINAL HEAD START,320 ABERGALE DR NE,51.05673093215999,-113.92940992381902
FACILITY-BASED PROGRAM,30 NEW BRIGHTON DRIVE SE,182,2022-09-27,,30 NEW BRIGHTON DR SE,50.91928894451753,-113.95436961734627
FACILITY-BASED PROGRAM,901 - 11 AVENUE NW,55,2022-09-27,,901 11 AV NW,51.06225239824636,-114.0816178538222
FACILITY-BASED PROGRAM,"202, 924 - 7 AVENUE SW",78,2022-09-27,,924 7 AV SW,51.04716784760706,-114.08266545137676
FACILITY-BASED PROGRAM,320 ABERGALE DRIVE NE,20,2022-09-27,,320 ABERGALE DR NE,51.05673093215999,-113.92940992381902
FACILITY-BASED PROGRAM,"19, 400 DOUGLAS PARK BLVD SE",56,2022-09-28,,400 DOUGLAS PA BV SE,50.93493013992883,-113.98338124732146
FACILITY-BASED PROGRAM,"BLOCK 402, 512 - 18 STREET NW",71,2022-09-28,,512 18 ST NW,51.05634342509112,-114.10223791621536
FACILITY-BASED PROGRAM,1316 FALCONRIDGE DRIVE NE,38,2022-09-28,,1316 FALCONRIDGE DR NE,51.10002342021235,-113.9447314922637
FACILITY-BASED PROGRAM,2231 LONGRIDGE DRIVE SW,82,2022-09-28,,2231 LONGRIDGE DR SW,50.9970306984915,-114.1125735193015
FACILITY-BASED PROGRAM,5720 SILVER RIDGE DRIVE NW,56,2022-09-28,,5720 SILVER RIDGE DR NW,51.10395673313669,-114.1919843419542
FACILITY-BASED PROGRAM,1927 - 61 STREET NE,42,2022-09-29,,1927 61 ST NE,51.0702731540924,-113.9447307054678
FACILITY-BASED PROGRAM,2223 - 146 AVENUE SE,120,2022-09-29,,2223 146 AV SE,50.92214736806293,-114.00834595683276
FACILITY-BASED PROGRAM,855 COPPERFIELD BLVD SE,90,2022-09-29,,855 COPPERFIELD BV SE,50.91082119874806,-113.93674549144914
FACILITY-BASED PROGRAM,"1640, 6004 COUNTRY HILLS BLVD NE",24,2022-09-29,,6004 COUNTRY HILLS BV NE,51.15459911726743,-113.95207877304908
FACILITY-BASED PROGRAM,12011 BONAVENTURE DRIVE SE,100,2022-09-30,,12011 BONAVENTURE DR SE,50.9456002142777,-114.06036086445232
FACILITY-BASED PROGRAM,360 - 94 AVENUE SE,95,2022-10-03,,360 94 AV SE,50.96874818012266,-114.0621688632366
FACILITY-BASED PROGRAM,1515 93 STREET SW,106,2022-10-03,,1515 93 ST SW,51.043680132139734,-114.22276317538696
FACILITY-BASED PROGRAM,290 EDGEPARK BLVD NW,42,2022-10-03,,290 EDGEPARK BV NW,51.13536919575287,-114.1570351493983
FACILITY-BASED PROGRAM,52 DOVERCREST WAY SE,74,2022-10-03,,52 DOVERCREST WY SE,51.01715662408696,-113.99214994920077
FACILITY-BASED PROGRAM,360 - 94 AVE. SE,24,2022-10-03,,360 94 AV SE,50.96874818012266,-114.0621688632366
FACILITY-BASED PROGRAM,10 - 11A STREET NE,277,2022-10-03,,10 11A ST NE,51.04865636521991,-114.03454890299848
FACILITY-BASED PROGRAM,4207  41 AVE SW,64,2022-10-04,,4207 41 AV SW,51.01727707773647,-114.14588999539704
FACILITY-BASED PROGRAM,990 TUSCANY DRIVE NW,90,2022-10-04,,990 TUSCANY DR NW,51.11802005345432,-114.24538523614916
FACILITY-BASED PROGRAM,"224, 66 SANDARAC DRIVE NW",62,2022-10-04,,66 SANDARAC DR NW,51.13362994164192,-114.09942639718108
FACILITY-BASED PROGRAM,5511 BAROC ROAD NW,21,2022-10-05,,5511 BAROC RD NW,51.106750512219136,-114.16547469663983
FACILITY-BASED PROGRAM,19369 SHERIFF KING STREET SW,112,2022-10-05,,19369 SHERIFF KING ST SW,50.87875843683883,-114.07114513858544
FACILITY-BASED PROGRAM,120  45 ST SW,48,2022-10-05,,120 45 ST SW,51.05146344585159,-114.15258476236107
FACILITY-BASED PROGRAM,8999 WENTWORTH AVENUE SW,60,2022-10-05,,8999 WENTWORTH AV SW,51.05882115188394,-114.21675684576064
FACILITY-BASED PROGRAM,505 PARKVALLEY ROAD SE,30,2022-10-05,,505 PARKVALLEY RD SE,50.91831048210287,-114.02638462149024
FACILITY-BASED PROGRAM,1715 - 17 AVENUE SE,156,2022-10-05,,1715 17 AV SE,51.03770968396689,-114.02313397033132
FACILITY-BASED PROGRAM,2108 - 10 STREET NW,109,2022-10-05,,2108 10 ST NW,51.070985948445184,-114.08469909349884
FACILITY-BASED PROGRAM,4411 10 AVE SW,60,2022-10-05,,4411 10 AV SW,51.04316873602085,-114.15151180111556
FACILITY-BASED PROGRAM,2244 CHICOUTIMI DRIVE NW,48,2022-10-05,,2244 CHICOUTIMI DR NW,51.08626979119871,-114.11238968731784
FACILITY-BASED PROGRAM,5940 LAKEVIEW DRIVE SW,90,2022-10-05,,5940 LAKEVIEW DR SW,51.001078963634505,-114.1333546247066
FACILITY-BASED PROGRAM,1100 NEW BRIGHTON DRIVE SE,60,2022-10-05,,1100 NEW BRIGHTON DR SE,50.92191939610532,-113.93697722877216
FACILITY-BASED PROGRAM,"#4, 1110 CANTERBURY DRIVE SW",66,2022-10-05,,1110 CANTERBURY DR SW,50.93688150858299,-114.0802786558823
FACILITY-BASED PROGRAM,"SUITE 100, 19 ROYAL VISTA LINK NW",152,2022-10-05,,19 ROYAL VISTA LI NW,51.15113163316342,-114.20413994405618
FACILITY-BASED PROGRAM,140 HADDON ROAD SW,75,2022-10-06,CALGARY EARLY LEARNING CENTRE,140 HADDON RD SW,50.973281317257026,-114.07803756493304
FACILITY-BASED PROGRAM,679 PRESTWICK CIRCLE SE,56,2022-10-06,,679 PRESTWICK CI SE,50.92672782962724,-113.9668845112305
FACILITY-BASED PROGRAM,1308 PANATELLA BLVD NW,75,2022-10-06,,1308 PANATELLA BV NW,51.16891497335308,-114.0869279714313
FACILITY-BASED PROGRAM,332 - 41 AVENUE NE,89,2022-10-06,,332 41 AV NE,51.09012195717205,-114.05569400745058
FACILITY-BASED PROGRAM,7 TUSCARORA CRESCENT NW,30,2022-10-06,,7 TUSCARORA CR NW,51.12756089967904,-114.23835680367311
FACILITY-BASED PROGRAM,611 71 AVENUE SE,268,2022-10-06,,611 71 AV SE,50.9887073557734,-114.04907462204854
FACILITY-BASED PROGRAM,2670 RADCLIFFE DR. SE,110,2022-10-06,,2670 RADCLIFFE DR SE,51.045588012524526,-113.9932666781774
FACILITY-BASED PROGRAM,2839 - 12 AVENUE SE,52,2022-10-07,,2839 12 AV SE,51.04186054834716,-113.9933263821865
FACILITY-BASED PROGRAM,76 COUNTRY HILLS DRIVE NW,111,2022-10-07,,76 COUNTRY HILLS DR NW,51.15027060392792,-114.06639373095072
FACILITY-BASED PROGRAM,"12, 3616 - 52 AVENUE NW",50,2022-10-11,,3616 52 AV NW,51.10109603928822,-114.13947154385768
FACILITY-BASED PROGRAM,35 RADCLIFFE CRESCENT SE,113,2022-10-11,,35 RADCLIFFE CR SE,51.04953273357837,-113.98683706485564
FACILITY-BASED PROGRAM,2000 SOUTHLAND DRIVE SW,54,2022-10-11,,2000 SOUTHLAND DR SW,50.96157710749857,-114.10771997433288
FACILITY-BASED PROGRAM,"G100, 2210 - 2 STREET SW",127,2022-10-11,,2210 2 ST SW,51.03238781753659,-114.0687209996187
FACILITY-BASED PROGRAM,2003 MCKNIGHT BLVD NE,80,2022-10-11,,2003 MCKNIGHT BV NE,51.09248133213467,-114.0096482235394
FACILITY-BASED PROGRAM,6700 KOOTENAY ST SW,100,2022-10-11,,6700 KOOTENAY ST SW,50.99375081867502,-114.09310818472925
FACILITY-BASED PROGRAM,15001 - 69 STREET NW,66,2022-10-12,,15001 69 ST NW,51.18831257600108,-114.1879508720858
FACILITY-BASED PROGRAM,116 DEERVIEW DRIVE SE,113,2022-10-12,,116 DEERVIEW DR SE,50.931535406344416,-114.02280493565696
FACILITY-BASED PROGRAM,"115, 20 COUNTRY HILLS LANDING NW",30,2022-10-13,,20 COUNTRY HILLS LD NW,51.1426929074122,-114.07306636304617
FACILITY-BASED PROGRAM,"28, 2770 - 32 AVENUE NE",102,2022-10-13,,2770 32 AV NE,51.081671580838794,-113.99583630668576
FACILITY-BASED PROGRAM,"300, 910 - 7 AVENUE SW",80,2022-10-13,,910 7 AV SW,51.04717173860302,-114.08220880894682
FACILITY-BASED PROGRAM,1320  5 AVE NW,154,2022-10-13,,1320 5 AV NW,51.05718758413393,-114.09249533965377
FACILITY-BASED PROGRAM,"515, 4916 - 130 AVENUE SE",105,2022-10-13,,4916 130 AV SE,50.93215623562951,-113.96195869909312
FACILITY-BASED PROGRAM,11024 BRAESIDE DRIVE SW,60,2022-10-13,,11024 BRAESIDE DR SW,50.95477188436637,-114.1026070047137
FACILITY-BASED PROGRAM,640 NORTHMOUNT DRIVE NW,56,2022-10-14,,640 NORTHMOUNT DR NW,51.085666425395694,-114.08905338938224
FACILITY-BASED PROGRAM,1580 STRATHCONA DRIVE SW,150,2022-10-14,,1580 STRATHCONA DR SW,51.05071920219172,-114.20553474049518
FACILITY-BASED PROGRAM,1507 - 19 AVENUE NW,97,2022-10-14,,1507 19 AV NW,51.0695192541198,-114.09524456715889
FACILITY-BASED PROGRAM,2701 - 22 STREET SW,145,2022-10-14,,2701 22 ST SW,51.02969991265487,-114.11454193742988
FACILITY-BASED PROGRAM,"289, 523 WOODPARK BLVD SW",107,2022-10-14,,523 WOODPARK BV SW,50.9408495612113,-114.1092012036478
FACILITY-BASED PROGRAM,820 - 64 AVENUE NW,51,2022-10-14,,820 64 AV NW,51.11151001726748,-114.0768685692208
FACILITY-BASED PROGRAM,811 RADFORD ROAD NE,12,2022-10-14,,811 RADFORD RD NE,51.060476349586295,-114.04490011781913
FACILITY-BASED PROGRAM,4414 CROWCHILD TRAIL SW,195,2022-10-14,,4414 CROWCHILD TR SW,51.0152594386454,-114.11746466222226
FACILITY-BASED PROGRAM,4922 NORTH HAVEN DRIVE NW,70,2022-10-14,,4922 NORTH HAVEN DR NW,51.09765882200702,-114.0870629667534
FACILITY-BASED PROGRAM,505 78TH AVE SW,20,2022-10-17,,505 78 AV SW,50.983137051337955,-114.0743508609136
FACILITY-BASED PROGRAM,40 MCKENZIE TOWNE BLVD SE,30,2022-10-17,,40 MCKENZIE TOWNE BV SE,50.91709410651362,-113.96346399062249
FACILITY-BASED PROGRAM,5432 DALHART ROAD NW,62,2022-10-18,,5432 DALHART RD NW,51.11271022756254,-114.15982126291578
FACILITY-BASED PROGRAM,"505, 722 - 85 STREET SW",73,2022-10-18,,722 85 ST SW,51.06608249543005,-114.21066607367354
FACILITY-BASED PROGRAM,3504 - 26 AVENUE SW,68,2022-10-18,,3504 26 AV SW,51.03016067217117,-114.13744134898808
FACILITY-BASED PROGRAM,1819 - 66 AVENUE SE,60,2022-10-18,,1819 66 AV SE,50.99401234788763,-114.01406526124102
FACILITY-BASED PROGRAM,8887 SCURFIELD DRIVE NW,55,2022-10-19,,8887 SCURFIELD DR NW,51.12232506597208,-114.21630031742424
FACILITY-BASED PROGRAM,4631 - 85 STREET NW,75,2022-10-19,,4631 85 ST NW,51.09251580434857,-114.21115465311637
FACILITY-BASED PROGRAM,511 SILVERGROVE DRIVE NW,95,2022-10-19,,511 SILVERGROVE DR NW,51.11371210260843,-114.19373648668316
FACILITY-BASED PROGRAM,3305 - 40 STREET SW,52,2022-10-19,,3305 40 ST SW,51.02513901779707,-114.14558416359432
FACILITY-BASED PROGRAM,"7110, 5850 - 88 AVENUE NE",101,2022-10-19,,5850 88 AV NE,51.13270435889286,-113.95055455066132
FACILITY-BASED PROGRAM,1409 EDMONTON TRAIL NE,68,2022-10-19,,1409 EDMONTON TR NE,51.06484278971438,-114.05649597915688
FACILITY-BASED PROGRAM,3127 BOWWOOD DRIVE NW,108,2022-10-19,,3127 BOWWOOD DR NW,51.08007675180706,-114.17406870363642
GROUP FAMILY CHILD CARE PROGRAM,421 BLACKTHORN ROAD NE,10,2022-10-20,,421 BLACKTHORN RD NE,51.10875795155001,-114.057856522702
FACILITY-BASED PROGRAM,3 EVANSGLEN CLOSE NW,60,2022-10-21,,3 EVANSGLEN CL NW,51.176944780256235,-114.10103747966988
FACILITY-BASED PROGRAM,140 HADDON ROAD SW,63,2022-10-21,,140 HADDON RD SW,50.973281317257026,-114.07803756493304
FACILITY-BASED PROGRAM,5003 NORTH HAVEN DRIVE NW,18,2022-10-21,,5003 NORTH HAVEN DR NW,51.09905269162462,-114.0864246893242
FACILITY-BASED PROGRAM,4 TEMPLEVALE GATE NE,76,2022-10-21,,4 TEMPLEVALE GA NE,51.090974285391866,-113.93970321557909
FACILITY-BASED PROGRAM,"SUITE 200, 105 - 12 AVENUE SE",87,2022-10-21,,105 12 AV SE,51.04128193683712,-114.06293302150335
FACILITY-BASED PROGRAM,"209, 3400 - 14 STREET NW",35,2022-10-21,,3400 14 ST NW,51.082776749156885,-114.09448132941036
FACILITY-BASED PROGRAM,126 CRANFORD DRIVE SE,200,2022-10-21,,126 CRANFORD DR SE,50.87744612933886,-113.97154133549265
FACILITY-BASED PROGRAM,4623 BOWNESS ROAD NW,60,2022-10-21,,4623 BOWNESS RD NW,51.07201072056711,-114.15992971973108
FACILITY-BASED PROGRAM,1313 RANCHLANDS WAY NW,18,2022-10-22,,1313 RANCHLANDS WY NW,51.11971034192167,-114.19598274741293
FACILITY-BASED PROGRAM,2807 - 10 STREET NW,34,2022-10-24,,2807 10 ST NW,51.07433676385691,-114.08482632461558
FACILITY-BASED PROGRAM,"110, 4800 RICHARD ROAD SW",150,2022-10-24,,4800 RICHARD RD SW,51.01154064717626,-114.12329842386416
FACILITY-BASED PROGRAM,"1140, 11 ROYAL VISTA DRIVE NW",29,2022-10-25,,11 ROYAL VISTA DR NW,51.15045782615827,-114.2064663922928
FACILITY-BASED PROGRAM,1233 - 21 STREET NW,20,2022-10-25,,1233 21 ST NW,51.06248442636888,-114.11096924677192
FACILITY-BASED PROGRAM,5 REDSTONE HEIGHTS NE,40,2022-10-25,,5 REDSTONE HT NE,51.173939822847714,-113.96370977380674
FACILITY-BASED PROGRAM,3 ROSSDALE ROAD SW,48,2022-10-25,,3 ROSSDALE RD SW,51.04626889745608,-114.14879296564446
FACILITY-BASED PROGRAM,"2ND FLR, 922 - 9 AVENUE SE",78,2022-10-25,,922 9 AV SE,51.04333267202569,-114.04009833429224
FACILITY-BASED PROGRAM,"501, 555 - 2 AVENUE SW",186,2022-10-25,,555 2 AV SW,51.05137632323491,-114.07255577529337
FACILITY-BASED PROGRAM,6107 - 4 AVENUE NE,159,2022-10-25,,6107 4 AV NE,51.05564414338644,-113.94403239823512
FACILITY-BASED PROGRAM,3703 - 26 AVENUE SW,80,2022-10-26,,3703 26 AV SW,51.02994163136325,-114.14020803754732
FACILITY-BASED PROGRAM,5 SOMERSET CIRCLE SW,60,2022-10-26,,5 SOMERSET CI SW,50.89677668556153,-114.08133749138108
FACILITY-BASED PROGRAM,520 - 78 AVENUE NW,109,2022-10-26,,520 78 AV NW,51.12269174398981,-114.07359490609454
FACILITY-BASED PROGRAM,333 - 11 AVENUE SW,48,2022-10-26,,333 11 AV SW,51.04242390663092,-114.06966265569636
FACILITY-BASED PROGRAM,3519 - 36 AVENUE SW,40,2022-10-26,,3519 36 AV SW,51.021355314239635,-114.13645713816128
FACILITY-BASED PROGRAM,38 KINCORA RISE NW,66,2022-10-26,,38 KINCORA RI NW,51.16271773594062,-114.13132946509714
FACILITY-BASED PROGRAM,2828 - 19 STREET NW,100,2022-10-26,,2828 19 ST NW,51.07749272407909,-114.10613075659286
FACILITY-BASED PROGRAM,250 WALDEN DRIVE SE,87,2022-10-27,,250 WALDEN DR SE,50.87395114895584,-114.03691314832592
FACILITY-BASED PROGRAM,"200, 5717 - 2 STREET SW",84,2022-10-27,,5717 2 ST SW,51.00317550514493,-114.06878053193586
FACILITY-BASED PROGRAM,"402, 950 QUEENSLAND DRIVE SE",44,2022-10-27,,950 QUEENSLAND DR SE,50.93274544964201,-114.01759785687852
FACILITY-BASED PROGRAM,120 - 23 STREET NW,60,2022-10-27,,120 23 ST NW,51.053065376143735,-114.11492240809442
FACILITY-BASED PROGRAM,150 WESTMINSTER DRIVE SW,130,2022-10-28,,150 WESTMINSTER DR SW,51.04434423771976,-114.15975268233268
FACILITY-BASED PROGRAM,10307 EAMON ROAD NW,37,2022-10-28,,10307 EAMON RD NW,51.13628555283086,-114.23735857958413
FACILITY-BASED PROGRAM,"260, 4039 BRENTWOOD ROAD NW",64,2022-10-28,,4039 BRENTWOOD RD NW,51.088877918885345,-114.1327556780875
FACILITY-BASED PROGRAM,266 - 25 AVENUE NE,80,2022-10-28,,266 25 AV NE,51.07527620000376,-114.0564267159712
FACILITY-BASED PROGRAM,"20, 5220 - 4 STREET NE",238,2022-10-28,,5220 4 ST NE,51.09818446244042,-114.05354701399509
FACILITY-BASED PROGRAM,212 TUSCANY WAY NW,35,2022-10-28,,212 TUSCANY WY NW,51.1246569870548,-114.24629367093704
FACILITY-BASED PROGRAM,"134, 5403 CROWCHILD TRAIL NW",38,2022-11-01,,5403 CROWCHILD TR NW,51.10411031689412,-114.16498405695914
FACILITY-BASED PROGRAM,9603 - 5 STREET SE,70,2022-11-01,,9603 5 ST SE,50.96844639865199,-114.05295854954828
FACILITY-BASED PROGRAM,16520 - 24 STREET SW,114,2022-11-01,,16520 24 ST SW,50.90406435010423,-114.11687103781176
FACILITY-BASED PROGRAM,4603 MARBANK DRIVE NE,103,2022-11-02,,4603 MARBANK DR NE,51.06337267596369,-113.96838009733293
FACILITY-BASED PROGRAM,12777 CANDLE CRESCENT SW,25,2022-11-02,,12777 CANDLE CR SW,50.93877395740648,-114.08647012669236
FACILITY-BASED PROGRAM,63 ROSETREE ROAD NW,28,2022-11-02,,63 ROSETREE RD NW,51.08013188676869,-114.08915884842632
FACILITY-BASED PROGRAM,4612 VARSITY DRIVE NW,26,2022-11-03,,4612 VARSITY DR NW,51.093235246570046,-114.15330258869947
FACILITY-BASED PROGRAM,"13, 1215 LAKE SYLVAN DRIVE SE",44,2022-11-04,,1215 LAKE SYLVAN DR SE,50.942425867686815,-114.03329511398958
FACILITY-BASED PROGRAM,6452 - 35 AVENUE NW,34,2022-11-04,,6452 35 AV NW,51.08436799506859,-114.18243566685456
FACILITY-BASED PROGRAM,4725 - 33 AVENUE SW,45,2022-11-07,,4725 33 AV SW,51.0233165511946,-114.1555254984996
FACILITY-BASED PROGRAM,463 LAKE NEWELL CRESCENT SE,39,2022-11-07,,463 LAKE NEWELL CR SE,50.949666212835965,-114.06570830132893
FACILITY-BASED PROGRAM,3720 - 42 STREET NW,124,2022-11-07,,3720 42 ST NW,51.08528697195887,-114.15092814659604
FACILITY-BASED PROGRAM,"212 , 8 NOLAN HILL BLVD NW",48,2022-11-07,,8 NOLAN HL BV NW,51.172144768816246,-114.15760366370904
FACILITY-BASED PROGRAM,7 MCKENZIE TOWNE GATE SE,36,2022-11-08,,7 MCKENZIE TOWNE GA SE,50.91589843351305,-113.96342546297136
FACILITY-BASED PROGRAM,3704 WHITEHORN DRIVE NE,80,2022-11-08,,3704 WHITEHORN DR NE,51.08507222836987,-113.98101451909032
FACILITY-BASED PROGRAM,8003 FAIRMOUNT DRIVE SE,45,2022-11-08,,8003 FAIRMOUNT DR SE,50.98374851021544,-114.06068177074934
FACILITY-BASED PROGRAM,7 AUBURN BAY AVENUE SE,60,2022-11-09,SEEDS OF S.P.I.C.E. EARLY LEARNING CENTRE INC.,7 AUBURN BA AV SE,50.89701902168594,-113.96179471353932
FACILITY-BASED PROGRAM,"126, 790 COVENTRY DRIVE NE",24,2022-11-09,,790 COVENTRY DR NE,51.158340445769824,-114.04365155480144
FACILITY-BASED PROGRAM,536 SONORA  AVENUE SW,16,2022-11-09,,536 SONORA AV SW,51.041457429179985,-114.11100035227943
FACILITY-BASED PROGRAM,7 AUBURN BAY AVENUE SE,60,2022-11-09,,7 AUBURN BA AV SE,50.89701902168594,-113.96179471353932
FACILITY-BASED PROGRAM,4611 - 14 STREET NW,40,2022-11-09,,4611 14 ST NW,51.09321036328831,-114.09499430955776
FACILITY-BASED PROGRAM,369 SIENNA PARK DRIVE SW,70,2022-11-09,,369 SIENNA PA DR SW,51.02401642095692,-114.18313532207758
FACILITY-BASED PROGRAM,"300, 5119 ELBOW DRIVE SW",136,2022-11-09,,5119 ELBOW DR SW,51.008430653115056,-114.08178209847748
FACILITY-BASED PROGRAM,1407 - 7 AVENUE NW,32,2022-11-10,,1407 7 AV NW,51.05878568539798,-114.09227969944378
FACILITY-BASED PROGRAM,1121 - 12 AVENUE SW,58,2022-11-10,,1121 12 AV SW,51.041791852230844,-114.08772889262599
GROUP FAMILY CHILD CARE PROGRAM,244 HIDDEN CREEK ROAD NW,10,2022-11-10,,244 HIDDEN CREEK RD NW,51.16133778391369,-114.10235865344896
FACILITY-BASED PROGRAM,95 FALSHIRE DRIVE NE,65,2022-11-10,,95 FALSHIRE DR NE,51.10520322338895,-113.94626815740946
FACILITY-BASED PROGRAM,3320 CAROL DRIVE NW,30,2022-11-10,,3320 CAROL DR NW,51.08196403319642,-114.09806710266594
FACILITY-BASED PROGRAM,"250, 639 - 5 AVENUE SW",90,2022-11-10,,639 5 AV SW,51.04863498824823,-114.07554787376613
FACILITY-BASED PROGRAM,845 HILLCREST AVENUE SW,87,2022-11-14,,845 HILLCREST AV SW,51.03115356527869,-114.08171671940757
FACILITY-BASED PROGRAM,6508 BOWWOOD DRIVE NW,16,2022-11-14,,6508 BOWWOOD DR NW,51.08606511356115,-114.18302697903654
FACILITY-BASED PROGRAM,20 ASPEN HILLS DRIVE SW,90,2022-11-14,,20 ASPEN HILLS DR SW,51.0402531772218,-114.21657813691142
FACILITY-BASED PROGRAM,"201, 830 - 1 AVENUE NE",61,2022-11-14,,830 1 AV NE,51.053371346519974,-114.04352156144638
FACILITY-BASED PROGRAM,7904 - 43 AVENUE NW,25,2022-11-14,,7904 43 AV NW,51.091277091062366,-114.20013467025036
FACILITY-BASED PROGRAM,"101, 1526 - 9 AVENUE SE",82,2022-11-14,,1526 9 AV SE,51.03867966318182,-114.0273606812269
FACILITY-BASED PROGRAM,3512 - 5 AVENUE NW,60,2022-11-15,,3512 5 AV NW,51.06005538101238,-114.13678150973706
FACILITY-BASED PROGRAM,19 RIVERVALLEY DRIVE SE,154,2022-11-15,,19 RIVERVALLEY DR SE,50.97266962205422,-114.01667630010344
FACILITY-BASED PROGRAM,3512 - 5 AVENUE NW,60,2022-11-15,MOSAIC MONTESSORI PARKDALE,3512 5 AV NW,51.06005538101238,-114.13678150973706
FACILITY-BASED PROGRAM,"2, 199 MARTINDALE BLVD NE",91,2022-11-15,,199 MARTINDALE BV NE,51.11420203945934,-113.95768327898736
FACILITY-BASED PROGRAM,29 MASTERS PARK SE,24,2022-11-15,,29 MASTERS PA SE,50.89531812243776,-113.9220429621491
FACILITY-BASED PROGRAM,4700 RICHARD ROAD SW,40,2022-11-15,,4700 RICHARD RD SW,51.011801989312815,-114.12269204412604
FACILITY-BASED PROGRAM,"146, 6800 MEMORIAL DRIVE NE",114,2022-11-15,,6800 MEMORIAL DR NE,51.05258657447702,-113.93619964114455
FACILITY-BASED PROGRAM,3333 RICHARDSON WAY SW,44,2022-11-16,,3333 RICHARDSON WY SW,51.01567854595776,-114.13321756388588
FACILITY-BASED PROGRAM,3333 RICHARDSON WAY SW,44,2022-11-16,GREAT TREASURES PRESCHOOL,3333 RICHARDSON WY SW,51.01567854595776,-114.13321756388588
FACILITY-BASED PROGRAM,416 - 83 AVENUE SE,42,2022-11-16,,416 83 AV SE,50.97820044193978,-114.0580860196299
FACILITY-BASED PROGRAM,33 EDGEVALLEY CIRCLE NW,20,2022-11-16,,33 EDGEVALLEY CI NW,51.12942852561294,-114.14548108787712
FACILITY-BASED PROGRAM,3620 CEDARILLE DRIVE SW,100,2022-11-16,,3620 CEDARILLE DR SW,50.952496455836,-114.1345710700929
FACILITY-BASED PROGRAM,1416 - 21 STREET NE,48,2022-11-16,,1416 21 ST NE,51.06441751435699,-114.0103114386001
FACILITY-BASED PROGRAM,800 AUBURN BAY BLVD SE,100,2022-11-16,,800 AUBURN BA BV SE,50.89484570924265,-113.96946761035608
FACILITY-BASED PROGRAM,9 MAHOGANY ROW SE,76,2022-11-16,,9 MAHOGANY RO SE,50.898416367288846,-113.93919405491754
FACILITY-BASED PROGRAM,2315 PALLISER DRIVE SW,55,2022-11-16,,2315 PALLISER DR SW,50.96881823515914,-114.112700454287
FACILITY-BASED PROGRAM,13825 PARKSIDE DRIVE SE,85,2022-11-16,,13825 PARKSIDE DR SE,50.92785018305589,-114.03768727392892
FACILITY-BASED PROGRAM,829 RIDEAU ROAD SW,52,2022-11-16,,829 RIDEAU RD SW,51.02555125130427,-114.07575735259688
FACILITY-BASED PROGRAM,10623 WEST VALLEY ROAD SW,37,2022-11-16,,10623 WEST VALLEY RD SW,51.08726365072309,-114.24022742634368
FACILITY-BASED PROGRAM,36 MILLRISE DRIVE SW,106,2022-11-16,,36 MILLRISE DR SW,50.91655316853844,-114.07505718149056
FACILITY-BASED PROGRAM,2036 - 20 AVENUE SW,90,2022-11-17,,2036 20 AV SW,51.0359010872436,-114.1072701719863
FACILITY-BASED PROGRAM,"20, 20 PANATELLA BLVD NW",20,2022-11-17,,20 PANATELLA BV NW,51.16470498594889,-114.07124084628916
FACILITY-BASED PROGRAM,6 NEW BRIGHTON HEATH SE,90,2022-11-17,,6 NEW BRIGHTON HE SE,50.92541532204444,-113.953721618952
FACILITY-BASED PROGRAM,1624 - 17 AVENUE SW,34,2022-11-17,,1624 17 AV SW,51.037957709682914,-114.0990066286609
FACILITY-BASED PROGRAM,2103 - 46 STREET NW,15,2022-11-17,,2103 46 ST NW,51.0741735001661,-114.15795752686913
FACILITY-BASED PROGRAM,"106, 20 SUNPARK PLAZA SE",77,2022-11-17,,20 SUNPARK PZ SE,50.903654791534485,-114.05729723848948
FACILITY-BASED PROGRAM,7535 HUNTRIDGE HILL NE,72,2022-11-17,,7535 HUNTRIDGE HL NE,51.12012258009933,-114.06271041932229
FACILITY-BASED PROGRAM,2640 RUNDLELAWN ROAD NE,88,2022-11-17,,2640 RUNDLELAWN RD NE,51.07601135725256,-113.97390598267368
FACILITY-BASED PROGRAM,"118, 30 COUNTRY HILLS LANDING NW",31,2022-11-17,,30 COUNTRY HILLS LD NW,51.14227560947213,-114.07190828925565
FACILITY-BASED PROGRAM,"204, 555 - 11 AVENUE SW",100,2022-11-17,,555 11 AV SW,51.0425453899424,-114.0734430386194
FACILITY-BASED PROGRAM,602 - 22  AVENUE NW,56,2022-11-18,,602 22 AV NW,51.07244243519132,-114.07457118036989
FACILITY-BASED PROGRAM,7251 SIERRA MORENA BLVD SW,95,2022-11-18,,7251 SIERRA MORENA BV SW,51.01432770060532,-114.17580759748104
FACILITY-BASED PROGRAM,28 MACEWAN DRIVE NW,94,2022-11-18,,28 MACEWAN DR NW,51.134812067272634,-114.10902714232364
FACILITY-BASED PROGRAM,619 KINGSMERE CRESCENT SW,60,2022-11-18,,619 KINGSMERE CR SW,50.99041495215299,-114.07529169392237
FACILITY-BASED PROGRAM,"108, 20 SADDLESTONE DRIVE NE",112,2022-11-18,,20 SADDLESTONE DR NE,51.12907897393837,-113.92823551299917
FACILITY-BASED PROGRAM,1015 - 120 AVENUE SE,54,2022-11-18,,1015 120 AV SE,50.94485797062995,-114.04096992203908
FACILITY-BASED PROGRAM,1015 - 73 AVENUE SW,60,2022-11-18,,1015 73 AV SW,50.98768045616568,-114.0842064963222
FACILITY-BASED PROGRAM,1915 - 33 AVENUE SW,19,2022-11-21,,1915 33 AV SW,51.023872207095394,-114.10543051108118
FACILITY-BASED PROGRAM,2900 CEDARBRAE DRIVE SW,24,2022-11-21,,2900 CEDARBRAE DR SW,50.9572736995677,-114.12936286690868
FACILITY-BASED PROGRAM,4500 - 25 AVENUE SW,18,2022-11-21,,4500 25 AV SW,51.03229020271645,-114.14928368597072
FACILITY-BASED PROGRAM,4500 - 25 AVENUE SW,18,2022-11-21,GLENDALE COMMUNITY PRESCHOOL,4500 25 AV SW,51.03229020271645,-114.14928368597072
FACILITY-BASED PROGRAM,211 - 7 STREET NW,72,2022-11-21,,211 7 ST NW,51.056720830136335,-114.07929373007944
FACILITY-BASED PROGRAM,2900 CEDARBRAE DRIVE SW,24,2022-11-21,SOUTH CALGARY COMMUNITY PRESCHOOL,2900 CEDARBRAE DR SW,50.9572736995677,-114.12936286690868
FACILITY-BASED PROGRAM,10807 ELBOW DRIVE SW,80,2022-11-21,,10807 ELBOW DR SW,50.95679082181629,-114.08492378957284
FACILITY-BASED PROGRAM,"22, 4604 - 37 STREET SW",44,2022-11-22,,4604 37 ST SW,51.01401091676556,-114.14090252578625
FACILITY-BASED PROGRAM,3 SANDSTONE DRIVE NW,80,2022-11-22,,3 SANDSTONE DR NW,51.13361549372128,-114.08948838276204
FACILITY-BASED PROGRAM,3610 SARCEE ROAD SW,18,2022-11-22,,3610 SARCEE RD SW,51.022290228863746,-114.12948438305482
FACILITY-BASED PROGRAM,6625 - 4 STREET NE,77,2022-11-22,,6625 4 ST NE,51.1119797605303,-114.0572056044324
FACILITY-BASED PROGRAM,4315 - 26 AVENUE SE,51,2022-11-22,,4315 26 AV SE,51.03039093755101,-113.97189335236487
FACILITY-BASED PROGRAM,844 CANTABRIAN DRIVE SW,49,2022-11-23,,844 CANTABRIAN DR SW,50.94595175523271,-114.07849279507144
FACILITY-BASED PROGRAM,2 NEW BRIGHTON DRIVE SE,131,2022-11-23,,2 NEW BRIGHTON DR SE,50.91842141081376,-113.95435526249202
FACILITY-BASED PROGRAM,4525 - 49 STREET NW,55,2022-11-23,,4525 49 ST NW,51.093312803860194,-114.1587631810459
FACILITY-BASED PROGRAM,3730 WESTWINDS DRIVE NE,132,2022-11-23,,3730 WESTWINDS DR NE,51.10827806659596,-113.97365279478464
FACILITY-BASED PROGRAM,"352, 2335 - 162 AVENUE SW",40,2022-11-23,,2335 162 AV SW,50.90650529201677,-114.1121139987873
FACILITY-BASED PROGRAM,1229 - 17A STREET NE,60,2022-11-23,,1229 17A ST NE,51.06309468913039,-114.01778592721196
FACILITY-BASED PROGRAM,277 STRATHCONA DRIVE SW,40,2022-11-23,,277 STRATHCONA DR SW,51.0473265854123,-114.18042164432411
FACILITY-BASED PROGRAM,6823 - 43 AVENUE NE,118,2022-11-23,,6823 43 AV NE,51.09155359114791,-113.9358079931402
FACILITY-BASED PROGRAM,950 - 6 STREET NE,70,2022-11-23,,950 6 ST NE,51.0601583836116,-114.0481741683224
FACILITY-BASED PROGRAM,11263 OAKFIELD DRIVE SW,72,2022-11-23,,11263 OAKFIELD DR SW,50.95390741589353,-114.128301303157
FACILITY-BASED PROGRAM,"320, 255 - 5 AVENUE SW",94,2022-11-23,,255 5 AV SW,51.04837170000205,-114.06700773970708
FACILITY-BASED PROGRAM,"129, 2640 - 52 STREET NE",29,2022-11-24,,2640 52 ST NE,51.07551403966318,-113.95810980431423
FACILITY-BASED PROGRAM,"214, 10 CHAPARRAL DRIVE SE",24,2022-11-24,,10 CHAPARRAL DR SE,50.88576226857399,-114.02675706373286
FACILITY-BASED PROGRAM,812 MCKENZIE DRIVE SE,80,2022-11-24,,812 MCKENZIE DR SE,50.901699546638135,-113.98995097569222
FACILITY-BASED PROGRAM,65 CHAPARRAL DRIVE SE,60,2022-11-24,,65 CHAPARRAL DR SE,50.88509195252589,-114.02910815592352
FACILITY-BASED PROGRAM,"400, 333 SHAWVILLE BLVD SE",48,2022-11-24,,333 SHAWVILLE BV SE,50.89837481386987,-114.06287994519658
FACILITY-BASED PROGRAM,"314, 100 AUBURN MEADOWS DRIVE SE",67,2022-11-24,,100 AUBURN MEADOWS DR SE,50.89410407177073,-113.94501607715844
FACILITY-BASED PROGRAM,1721 - 29 AVENUE SW,65,2022-11-25,,1721 29 AV SW,51.02756434157801,-114.10042712858746
FACILITY-BASED PROGRAM,5615 BARRETT DRIVE NW,56,2022-11-25,,5615 BARRETT DR NW,51.10346174731187,-114.1344123378502
FACILITY-BASED PROGRAM,10203 MAPLEMONT ROAD SE,100,2022-11-25,,10203 MAPLEMONT RD SE,50.96157445089008,-114.0415152088084
FACILITY-BASED PROGRAM,2004 - 4 STREET NE,53,2022-11-25,,2004 4 ST NE,51.06971266239445,-114.05230424424008
FACILITY-BASED PROGRAM,15425 BANNISTER ROAD SE,131,2022-11-25,,15425 BANNISTER RD SE,50.91462242017247,-114.06600524821695
FACILITY-BASED PROGRAM,1677 - 93 STREET SW,45,2022-11-25,,1677 93 ST SW,51.04103229207849,-114.2227955802624
FACILITY-BASED PROGRAM,"5110, 47 LEGACY VIEW SE",84,2022-11-25,,47 LEGACY VW SE,50.86200438866956,-114.00945472554837
FACILITY-BASED PROGRAM,610 AGATE CRESCENT SE,95,2022-11-25,,610 AGATE CR SE,50.96488672603478,-114.05088631437232
FACILITY-BASED PROGRAM,1232 NORTHMOUNT DRIVE NW,100,2022-11-25,,1232 NORTHMOUNT DR NW,51.09064689645405,-114.12286287339604
FACILITY-BASED PROGRAM,352 SUNVALE DRIVE SE,80,2022-11-25,,352 SUNVALE DR SE,50.899815767111086,-114.04802691365504
FACILITY-BASED PROGRAM,"640, 1110 PANATELLA BLVD NW",172,2022-11-25,,1110 PANATELLA BV NW,51.16831035739379,-114.08999163417016
FACILITY-BASED PROGRAM,14911 - 5 STREET SW,72,2022-11-25,,14911 5 ST SW,50.91917378401855,-114.07267492350728
FACILITY-BASED PROGRAM,50 MIDPARK RISE SE,80,2022-11-28,,50 MIDPARK RI SE,50.91548160707303,-114.0561749114482
FACILITY-BASED PROGRAM,104 - 39 STREET SE,115,2022-11-28,,104 39 ST SE,51.052084243337994,-113.97674709065456
FACILITY-BASED PROGRAM,"#145, 755 LAKE BONAVISTA DRIVE SE",67,2022-11-28,,755 LAKE BONAVISTA DR SE,50.943318181755494,-114.04760930054545
FACILITY-BASED PROGRAM,3232 COCHRANE ROAD NW,75,2022-11-28,,3232 COCHRANE RD NW,51.081187029815595,-114.11662839546516
FACILITY-BASED PROGRAM,1204 - 89 AVENUE SW,15,2022-11-28,,1204 89 AV SW,50.97370817068817,-114.08704855022714
FACILITY-BASED PROGRAM,650 HAWKWOOD BLVD NW,60,2022-11-28,,650 HAWKWOOD BV NW,51.1304054776012,-114.1798902307718
FACILITY-BASED PROGRAM,16210 MCKENZIE LAKE WAY SE,100,2022-11-28,,16210 MCKENZIE LAKE WY SE,50.906773828335474,-113.98434339750769
FACILITY-BASED PROGRAM,"504, 303 SHAWVILLE BLVD SE",155,2022-11-28,,303 SHAWVILLE BV SE,50.90029803299689,-114.06404291176668
FACILITY-BASED PROGRAM,55 MIDPARK RISE SE,60,2022-11-29,,55 MIDPARK RI SE,50.91548179461712,-114.0557837179106
FAMILY DAY HOME,"208, 5720 MACLEOD TRAIL SW",54,2022-11-30,,5720 MACLEOD TR SW,51.003398987058986,-114.07089370565028
FACILITY-BASED PROGRAM,250 HARTELL WAY SE,218,2022-11-30,,250 HARTELL WY SE,50.862509151218624,-114.02881274932874
FACILITY-BASED PROGRAM,732 - 55 AVENUE SW,38,2022-11-30,,732 55 AV SW,51.00436815284554,-114.08085708947876
FACILITY-BASED PROGRAM,2635 - 32 STREET SW,120,2022-11-30,,2635 32 ST SW,51.0303154260304,-114.13425933577248
FACILITY-BASED PROGRAM,322 EVERRIDGE DRIVE SW,45,2022-11-30,,322 EVERRIDGE DR SW,50.91477839197285,-114.12316475625398
FACILITY-BASED PROGRAM,"2, 6208 RUNDLEHORN DRIVE NE",67,2022-11-30,,6208 RUNDLEHORN DR NE,51.071056202866224,-113.9445440369169
FACILITY-BASED PROGRAM,"236, 500 ROYAL OAK DRIVE NW",66,2022-11-30,,500 ROYAL OAK DR NW,51.13878013232134,-114.23290481128402
FACILITY-BASED PROGRAM,"150, 10 ROYAL VISTA DRIVE NW",64,2022-12-01,,10 ROYAL VISTA DR NW,51.15106847678903,-114.20682918206036
FACILITY-BASED PROGRAM,2100 19 STREET NE,108,2022-12-01,,2100 19 ST NE,51.07060460477466,-114.01322998104442
FACILITY-BASED PROGRAM,155 MIDRIDGE PLACE SE,100,2022-12-01,,155 MIDRIDGE PL SE,50.91976367973774,-114.05862973261053
FACILITY-BASED PROGRAM,8831 FAIRMOUNT DRIVE SE,24,2022-12-01,,8831 FAIRMOUNT DR SE,50.97490177437124,-114.05996949970888
GROUP FAMILY CHILD CARE PROGRAM,652 COPPERFIELD BLVD SE,10,2022-12-01,,652 COPPERFIELD BV SE,50.90865373637129,-113.94380046089712
FACILITY-BASED PROGRAM,"22, 7400 MACLEOD TRAIL SE",64,2022-12-01,,7400 MACLEOD TR SE,50.987031647361725,-114.07107817174658
FACILITY-BASED PROGRAM,816 - 78 STREET SW,44,2022-12-01,,816 78 ST SW,51.06294005784856,-114.200751568658
FACILITY-BASED PROGRAM,1227 KENSINGTON CLOSE NW,64,2022-12-01,,1227 KENSINGTON CL NW,51.05154687129284,-114.09192022656909
FACILITY-BASED PROGRAM,1711 LAKE BONAVISTA DRIVE SE,75,2022-12-01,,1711 LAKE BONAVISTA DR SE,50.93470178047091,-114.04119729339384
FACILITY-BASED PROGRAM,"4038, 356 CRANSTON ROAD SE",48,2022-12-02,,356 CRANSTON RD SE,50.88031992917737,-113.97854898490908
FACILITY-BASED PROGRAM,"502, 6505 HUNTRIDGE HILL NE",50,2022-12-02,,6505 HUNTRIDGE HL NE,51.11101878720138,-114.06014345181345
FAMILY DAY HOME,9 PANAMOUNT CRES NW,84,2022-12-02,,9 PANAMOUNT CR NW,51.15593666166749,-114.07108067720591
FACILITY-BASED PROGRAM,999 SHERWOOD BLVD NW,80,2022-12-02,,999 SHERWOOD BV NW,51.16029976929393,-114.14825594900192
FACILITY-BASED PROGRAM,3716 -  2 STREET NW,90,2022-12-02,,3716 2 ST NW,51.0854239263303,-114.06647240564368
FACILITY-BASED PROGRAM,11616 PANORAMA HILLS BLVD NW,95,2022-12-02,,11616 PANORAMA HILLS BV NW,51.15698690804952,-114.07908444738766
FACILITY-BASED PROGRAM,6615 - 19 STREET SE,24,2022-12-05,,6615 19 ST SE,50.99533875666934,-114.0137021887008
FACILITY-BASED PROGRAM,3031 LINDSAY DRIVE SW,90,2022-12-05,,3031 LINDSAY DR SW,50.99657104459952,-114.12706842185092
FACILITY-BASED PROGRAM,184 SHAWNESSY DRIVE SW,50,2022-12-05,,184 SHAWNESSY DR SW,50.908488699579536,-114.07751859564284
FACILITY-BASED PROGRAM,2108 UXBRIDGE DRIVE NW,16,2022-12-05,,2108 UXBRIDGE DR NW,51.07113495712313,-114.13038013141096
FACILITY-BASED PROGRAM,"UNIT 205, 35 CRANFORD WAY SE",34,2022-12-05,,35 CRANFORD WY SE,50.86877012803118,-113.96898082880708
FACILITY-BASED PROGRAM,3023 - 63 AVENUE SW,60,2022-12-05,,3023 63 AV SW,50.99725282059078,-114.12773011938978
FACILITY-BASED PROGRAM,2312 - 18 STREET NW,70,2022-12-05,,2312 18 ST NW,51.07280166385658,-114.10440099466831
FACILITY-BASED PROGRAM,1507 ACADIA DRIVE SE,46,2022-12-06,,1507 ACADIA DR SE,50.93084879596415,-114.04856642636172
FACILITY-BASED PROGRAM,367 EVERSTONE DRIVE SW,60,2022-12-06,,367 EVERSTONE DR SW,50.91677760456506,-114.1059031534128
FACILITY-BASED PROGRAM,1820 - 40 AVENUE SW,55,2022-12-06,,1820 40 AV SW,51.01822990814448,-114.10391829497226
FACILITY-BASED PROGRAM,3602 - 8 STREET SW,20,2022-12-06,,3602 8 ST SW,51.02267613271116,-114.08344208363287
FACILITY-BASED PROGRAM,450 ROYAL OAK DRIVE NW,75,2022-12-06,,450 ROYAL OAK DR NW,51.138776323278464,-114.23192181023217
FACILITY-BASED PROGRAM,4825 MOUNT ROYAL GATE SW,104,2022-12-06,,4825 MT ROYAL GA SW,51.0102401744634,-114.1328224625162
FACILITY-BASED PROGRAM,4002 - 16 STREET SW,70,2022-12-06,,4002 16 ST SW,51.01910310337996,-114.10030697051435
FACILITY-BASED PROGRAM,"100, 6712 FISHER STREET SE",81,2022-12-07,,6712 FISHER ST SE,50.993335749834735,-114.06947740386322
FACILITY-BASED PROGRAM,3716 - 2 STREET NW,20,2022-12-07,,3716 2 ST NW,51.0854239263303,-114.06647240564368
FACILITY-BASED PROGRAM,54 COPPERSTONE ROAD SE,60,2022-12-07,,54 COPPERSTONE RD SE,50.914498247336645,-113.92920021686946
FACILITY-BASED PROGRAM,7655 - 26 AVENUE SW,63,2022-12-07,,7655 26 AV SW,51.03042206647305,-114.1966976311946
FACILITY-BASED PROGRAM,"UNIT 30, 5315 - 17 AVENUE SE",48,2022-12-07,,5315 17 AV SE,51.037641110895606,-113.95693441809703
FACILITY-BASED PROGRAM,"44, 20 DOUGLAS WOODS DRIVE SE",36,2022-12-07,,20 DOUGLAS WOODS DR SE,50.9434672089872,-114.00216088242794
FACILITY-BASED PROGRAM,167 EVERMEADOW AVENUE SW,20,2022-12-07,,167 EVERMEADOW AV SW,50.91394892489818,-114.12115532522014
FACILITY-BASED PROGRAM,"UNIT 106, 625 - 42 AVENUE NE",92,2022-12-07,,625 42 AV NE,51.09073587839093,-114.05036414546736
FACILITY-BASED PROGRAM,"260, 151 WALDEN GATE SE",57,2022-12-07,,151 WALDEN GA SE,50.87631115930889,-114.03647918910778
FACILITY-BASED PROGRAM,226 NORTHMOUNT DRIVE NW,42,2022-12-07,,226 NORTHMOUNT DR NW,51.099995191587,-114.07548147671493
FACILITY-BASED PROGRAM,"1217, 55 SKYVIEW RANCH ROAD NE",44,2022-12-08,,55 SKYVIEW RANCH RD NE,51.16452281717087,-113.96225122331892
FACILITY-BASED PROGRAM,"3, 2308 - 24 STREET SW",25,2022-12-08,,2308 24 ST SW,51.03346864574494,-114.11767957979794
FACILITY-BASED PROGRAM,385 CAPRI AVENUE NW,24,2022-12-08,,385 CAPRI AV NW,51.09407803979981,-114.12320890305185
FACILITY-BASED PROGRAM,3711 - 73 STREET NW,106,2022-12-08,,3711 73 ST NW,51.08602855431782,-114.19367293174751
FACILITY-BASED PROGRAM,31 SILVERADO TERRACE SW,85,2022-12-08,,31 SILVERADO TC SW,50.88608696453326,-114.08225680630284
FACILITY-BASED PROGRAM,30 EVANSCOVE CIRCLE NW,77,2022-12-08,,30 EVANSCOVE CI NW,51.16518947673879,-114.11708809351612
FACILITY-BASED PROGRAM,"UNIT 322, 8338 - 18 STREET SE",34,2022-12-08,,8338 18 ST SE,50.97725909804029,-114.01549907534594
FACILITY-BASED PROGRAM,8 ROSSBURN CRESCENT SW,35,2022-12-08,,8 ROSSBURN CR SW,51.0469523460649,-114.15106756804842
FACILITY-BASED PROGRAM,3940 - 73 STREET NW,77,2022-12-09,,3940 73 ST NW,51.08747090195741,-114.19331525925058
FACILITY-BASED PROGRAM,300 STRATHCONA DRIVE SW,60,2022-12-09,,300 STRATHCONA DR SW,51.04824341177674,-114.18050381676896
FACILITY-BASED PROGRAM,483 SILVERADO BLVD SW,124,2022-12-09,,483 SILVERADO BV SW,50.88070334151724,-114.08656767572197
FACILITY-BASED PROGRAM,665 WOODBINE BLVD SW,80,2022-12-09,,665 WOODBINE BV SW,50.94311616322269,-114.1346496148876
FACILITY-BASED PROGRAM,170 TARAVISTA DRIVE NE,40,2022-12-09,,170 TARAVISTA DR NE,51.12104782534749,-113.93795986696443
FACILITY-BASED PROGRAM,875 STRATHCONA DRIVE SW,75,2022-12-09,,875 STRATHCONA DR SW,51.044830682580574,-114.18122954159938
FACILITY-BASED PROGRAM,12350 COVENTRY HILLS WAY NE,60,2022-12-09,,12350 COVENTRY HILLS WY NE,51.16491371106226,-114.0501204991343
FACILITY-BASED PROGRAM,15 AUBURN CREST PARK SE,100,2022-12-09,,15 AUBURN CREST PA SE,50.88767287617575,-113.94746864551666
FACILITY-BASED PROGRAM,6311 TREGILLUS STREET NW,70,2022-12-12,,6311 TREGILLUS ST NW,51.10865027919832,-114.06672307720886
FACILITY-BASED PROGRAM,235 - 18 AVENUE SW,30,2022-12-12,,235 18 AV SW,51.03701334966536,-114.06819894542416
FACILITY-BASED PROGRAM,"128, 197 - 1 STREET SW",75,2022-12-12,,197 1 ST SW,51.051281720563296,-114.06529012440323
FACILITY-BASED PROGRAM,731 - 13 AVENUE NE,143,2022-12-12,,731 13 AV NE,51.0640477501617,-114.04710096549462
FACILITY-BASED PROGRAM,728 - 32 STREET NW,90,2022-12-12,,728 32 ST NW,51.05841437511451,-114.13176964536216
FACILITY-BASED PROGRAM,1740 - 24 AVENUE SE,66,2022-12-12,,1740 24 AV SE,51.03205348350049,-114.01987523663848
FACILITY-BASED PROGRAM,1312 BERKLEY DRIVE NW,77,2022-12-13,,1312 BERKLEY DR NW,51.12669610472239,-114.09747533341816
FACILITY-BASED PROGRAM,6502 - 58 STREET NW,45,2022-12-13,,6502 58 ST NW,51.111767373182005,-114.16960754376608
FACILITY-BASED PROGRAM,2060 SYMONS VALLEY PARKWAY NW,45,2022-12-13,,2060 SYMONS VALLEY PY NW,51.1743897997568,-114.10824640012964
FACILITY-BASED PROGRAM,11150 BONAVENTURE DRIVE SE,150,2022-12-13,,11150 BONAVENTURE DR SE,50.95229600630291,-114.05978046114838
FACILITY-BASED PROGRAM,2227 - 58 AVENUE SW,30,2022-12-13,,2227 58 AV SW,51.00128920103286,-114.11300727358628
FACILITY-BASED PROGRAM,2227 - 58 AVENUE SW,30,2022-12-13,MOUNT ROYAL UNIVERSITY BEFORE AND AFTER SCHOOL,2227 58 AV SW,51.00128920103286,-114.11300727358628
FACILITY-BASED PROGRAM,1520B NORTHMOUNT DRIVE NW,30,2022-12-13,,1520 NORTHMOUNT DR NW,51.096172420415144,-114.13849058654723
FACILITY-BASED PROGRAM,4255 - 40 STREET NW,105,2022-12-13,,4255 40 ST NW,51.09118042068096,-114.1468339540096
FACILITY-BASED PROGRAM,"2120, 380 CANYON MEADOWS DRIVE SE",40,2022-12-13,,380 CANYON MEADOWS DR SE,50.93034249351539,-114.06386115957038
FACILITY-BASED PROGRAM,1436 JAMES MCKEVITT ROAD SW,56,2022-12-13,,1436 JAMES MCKEVITT RD SW,50.92153486639606,-114.09351443697727
FACILITY-BASED PROGRAM,"4, 539 QUEENSLAND DRIVE SE",24,2022-12-13,,539 QUEENSLAND DR SE,50.939643830105545,-114.02508702014384
FACILITY-BASED PROGRAM,217 HAWKSBROW DRIVE NW,36,2022-12-13,,217 HAWKSBROW DR NW,51.12965636054017,-114.17593932616391
FACILITY-BASED PROGRAM,11300 ROCKY RIDGE ROAD NW,58,2022-12-14,,11300 ROCKY RIDGE RD NW,51.15839877529586,-114.23347331776522
FACILITY-BASED PROGRAM,4440 DALLYN STREET NW,100,2022-12-14,,4440 DALLYN ST NW,51.106204123423566,-114.15156759554849
GROUP FAMILY CHILD CARE PROGRAM,75 CRANBROOK GREEN SE,10,2022-12-14,,75 CRANBROOK GR SE,50.86291927406769,-113.97594340327294
FACILITY-BASED PROGRAM,205 CRANSTON DRIVE SE,75,2022-12-14,,205 CRANSTON DR SE,50.88669965762279,-113.98782293705628
FACILITY-BASED PROGRAM,3636 RESEARCH ROAD NW,76,2022-12-14,,3636 RESEARCH RD NW,51.08639098810155,-114.13775319864206
FACILITY-BASED PROGRAM,"100, 909 - 7 AVENUE SW",85,2022-12-15,,909 7 AV SW,51.046914209602235,-114.0818247098645
FACILITY-BASED PROGRAM,"200, 738 - 3 AVENUE SW",69,2022-12-15,,738 3 AV SW,51.05084151884226,-114.0776029252933
FACILITY-BASED PROGRAM,"305, 10820 - 24 STREET SE",53,2022-12-15,,10820 24 ST SE,50.95554962771955,-114.00034342141812
FACILITY-BASED PROGRAM,"3110, 288 ST. MORITZ DRIVE SW",52,2022-12-15,,288 ST MORITZ DR SW,51.03375576555988,-114.21294380972914
FACILITY-BASED PROGRAM,"110, 9937 FAIRMOUNT DRIVE SE",89,2022-12-15,,9937 FAIRMOUNT DR SE,50.96220871034469,-114.05888263106836
FACILITY-BASED PROGRAM,"256, 30 SPRINGBOROUGH BLVD SW",54,2022-12-15,,30 SPRINGBOROUGH BV SW,51.034462994631355,-114.19126359935665
FACILITY-BASED PROGRAM,3 WINDSOR CRESCENT SW,58,2022-12-15,,3 WINDSOR CR SW,51.00771146959191,-114.0817826926058
FACILITY-BASED PROGRAM,2324 MAUNSELL DRIVE NE,56,2022-12-16,,2324 MAUNSELL DR NE,51.05856797502251,-114.00624750240858
FACILITY-BASED PROGRAM,16198 MCKENZIE LAKE WAY SE,115,2022-12-16,,16198 MCKENZIE LAKE WY SE,50.906764667460926,-113.9831167621121
FACILITY-BASED PROGRAM,"410, 180 LEGACY MAIN STREET SE",69,2022-12-16,,180 LEGACY MAIN ST SE,50.86134111171606,-114.02599031115484
FACILITY-BASED PROGRAM,"148, 30 SPRINGBOROUGH BLVD SW",66,2022-12-16,,30 SPRINGBOROUGH BV SW,51.034462994631355,-114.19126359935665
FACILITY-BASED PROGRAM,4995 MARKET STREET SE,62,2022-12-16,,4995 MARKET ST SE,50.88123885522022,-113.94384076386186
FACILITY-BASED PROGRAM,636 - 29 AVENUE SW,80,2022-12-16,,636 29 AV SW,51.02836531718902,-114.08043777876816
FACILITY-BASED PROGRAM,19 ROSEVALE DRIVE NW,43,2022-12-16,,19 ROSEVALE DR NW,51.07787782009272,-114.0919363980324
FACILITY-BASED PROGRAM,255 SACKVILLE DRIVE SW,40,2022-12-16,,255 SACKVILLE DR SW,50.95543445818181,-114.08981348184928
FACILITY-BASED PROGRAM,"120, 5701 - 17 AVENUE SE",156,2022-12-16,,5701 17 AV SE,51.03767373687573,-113.95387731677825
FACILITY-BASED PROGRAM,7318 SILVER SPRINGS BLVD NW,45,2022-12-16,,7318 SILVER SPRINGS BV NW,51.10889012487311,-114.1944551646102
FACILITY-BASED PROGRAM,"UNIT 7/8, 3525 - 26 AVENUE SE",60,2022-12-16,,3525 26 AV SE,51.03039322566133,-113.98402575601524
FACILITY-BASED PROGRAM,"BAY 5, 2915 - 19 STREET NE",61,2022-12-16,,2915 19 ST NE,51.078153802404806,-114.01189225346904
FACILITY-BASED PROGRAM,711 COVENTRY DRIVE NE,140,2022-12-16,,711 COVENTRY DR NE,51.15715696018971,-114.0471520327648
FACILITY-BASED PROGRAM,80 FALSHIRE DRIVE NE,99,2022-12-16,,80 FALSHIRE DR NE,51.10545364597638,-113.94665687816014
FACILITY-BASED PROGRAM,"SUITE 200, 815 - 8 AVENUE SW",59,2022-12-16,,815 8 AV SW,51.04587826007266,-114.07963780287164
FACILITY-BASED PROGRAM,"3205, 2045 SYMONS VALLEY PARKWAY NW",160,2022-12-16,,2045 SYMONS VALLEY PY NW,51.17418360912619,-114.10762997939642
FACILITY-BASED PROGRAM,4033 BOW TRAIL SW,128,2022-12-17,,4033 BOW TR SW,51.04594554704636,-114.14421611382284
FACILITY-BASED PROGRAM,5728 - 1 STREET SW,79,2022-12-19,,5728 1 ST SW,51.00239734885816,-114.06635411846094
FAMILY DAY HOME,3715 - 67 STREET NE,90,2022-12-19,R&S QUALITY DAYHOME AGENCY,3715 67 ST NE,51.08616630077611,-113.9373002083438
FACILITY-BASED PROGRAM,1057 PANORAMA HILLS DRIVE NW,60,2022-12-19,,1057 PANORAMA HILLS DR NW,51.15533281871948,-114.08548818801586
FACILITY-BASED PROGRAM,"104, 625 - 42 AVENUE NE",167,2022-12-19,,625 42 AV NE,51.09073587839093,-114.05036414546736
FACILITY-BASED PROGRAM,253 PARKLAND WAY SE,100,2022-12-19,,253 PARKLAND WY SE,50.92465124486289,-114.03281013545346
FACILITY-BASED PROGRAM,"160, 4 MAHOGANY ROW SE",173,2022-12-19,,4 MAHOGANY RO SE,50.89862795009351,-113.9398091597096
FAMILY DAY HOME,3715 - 67 STREET NE,30,2022-12-19,,3715 67 ST NE,51.08616630077611,-113.9373002083438
FACILITY-BASED PROGRAM,"88, 55 CASTLERIDGE BLVD NE",60,2022-12-20,,55 CASTLERIDGE BV NE,51.09893854025969,-113.96026548536264
FACILITY-BASED PROGRAM,"14, 30 COUNTRY HILLS LANDING NW",93,2022-12-20,,30 COUNTRY HILLS LD NW,51.14227560947213,-114.07190828925565
FACILITY-BASED PROGRAM,4427 - 58 STREET NE,124,2022-12-21,,4427 58 ST NE,51.09217391328826,-113.9489190900717
FACILITY-BASED PROGRAM,9504 OAKFIELD DRIVE SW,70,2022-12-21,,9504 OAKFIELD DR SW,50.96905819378727,-114.13247051663946
FACILITY-BASED PROGRAM,"100, 100 AUBURN MEADOWS DRIVE SE",103,2022-12-21,,100 AUBURN MEADOWS DR SE,50.89410407177073,-113.94501607715844
FACILITY-BASED PROGRAM,"200, 3425 - 22 STREET SW",157,2022-12-21,,3425 22 ST SW,51.02342954842504,-114.1145452293007
FACILITY-BASED PROGRAM,120 SKYVIEW RANCH DR. NE,60,2022-12-21,,120 SKYVIEW RANCH DR NE,51.16195566702947,-113.9603363973128
FACILITY-BASED PROGRAM,97 MCKENZIE TOWNE BLVD SE,286,2022-12-22,,97 MCKENZIE TOWNE BV SE,50.917955788302635,-113.95937355440807
FACILITY-BASED PROGRAM,"102, 1000 - 8 AVENUE SW",106,2022-12-22,,1000 8 AV SW,51.046266921390895,-114.0840926105008
FACILITY-BASED PROGRAM,"430, 8560 - 8A  AVENUE SW",260,2022-12-23,,8560 8A AV SW,51.06163854472689,-114.20985219591977
FACILITY-BASED PROGRAM,50 EVANSTON MANOR NW,140,2022-12-23,,50 EVANSTON MR NW,51.18084909593414,-114.09766914470772
FACILITY-BASED PROGRAM,5 WOODSTOCK ROAD SW,94,2022-12-29,,5 WOODSTOCK RD SW,50.94483622891955,-114.10957521649094
GROUP FAMILY CHILD CARE PROGRAM,244 HIDDEN CREEK ROAD NW,10,2023-01-05,WONDERLAND ACADEMY LTD.,244 HIDDEN CREEK RD NW,51.16133778391369,-114.10235865344896
FACILITY-BASED PROGRAM,4825 MOUNT ROYAL GATE SW,104,2023-01-19,MOUNT ROYAL UNIVERSITY CHILD CARE CENTRE,4825 MT ROYAL GA SW,51.0102401744634,-114.1328224625162
FACILITY-BASED PROGRAM,"201, 611 - 7 AVENUE SE",64,2023-01-26,KIDKO CHILD DEVELOPMENT CENTRE-CANCELLED,611 7 AV SE,51.045994419115495,-114.04974823807032
FACILITY-BASED PROGRAM,4623 BOWNESS ROAD NW,60,2023-01-27,CREATIVE MUNCHKINS CHILDCARE INC,4623 BOWNESS RD NW,51.07201072056711,-114.15992971973108
FAMILY DAY HOME,52 DOVERCREST WAY SE,384,2023-01-27,CHILDREN'S CHOICE DAY HOMES,52 DOVERCREST WY SE,51.01715662408696,-113.99214994920077
FACILITY-BASED PROGRAM,"289, 523 WOODPARK BLVD SW",107,2023-02-15,MOMMY'S KIDS CHILDCARE CENTRE LTD.,523 WOODPARK BV SW,50.9408495612113,-114.1092012036478
FACILITY-BASED PROGRAM,1747 - 107 AVENUE SW,20,2023-03-01,PRE-KINDERGARTEN AT BRAESIDE SCHOOL,1747 107 AV SW,50.95698418712842,-114.10169927922809
FACILITY-BASED PROGRAM,622 - 11 AVENUE SW,48,2023-03-01,CUPS CHILD DEVELOPMENT CENTRE,622 11 AV SW,51.0428351588085,-114.07538735507929
FACILITY-BASED PROGRAM,"BAY 5, 2915 - 19 STREET NE",61,2023-03-08,KIDS WORLD CHILDCARE,2915 19 ST NE,51.078153802404806,-114.01189225346904
FACILITY-BASED PROGRAM,1313 RANCHLANDS WAY NW,18,2023-03-09,WESTVIEW EDUCATION SOCIETY PRESCHOOL,1313 RANCHLANDS WY NW,51.11971034192167,-114.19598274741293
FACILITY-BASED PROGRAM,"UNIT 106, 625 - 42 AVENUE NE",92,2023-03-14,LITTLE SCHOLARS DAYCARE ECS LTD.,625 42 AV NE,51.09073587839093,-114.05036414546736
FACILITY-BASED PROGRAM,"502, 6505 HUNTRIDGE HILL NE",50,2023-03-15,METIS CALGARY FAMILY SERVICES ELCC,6505 HUNTRIDGE HL NE,51.11101878720138,-114.06014345181345
FACILITY-BASED PROGRAM,"10, 5555 STRATHCONA HILL SW",36,2023-03-20,THE THINK SUN PRE-SCHOOL ACADEMY,5555 STRATHCONA HL SW,51.05190281933608,-114.1680524311136
FACILITY-BASED PROGRAM,"BAY 1 & 2, 7750 RANCHVIEW DRIVE NW",68,2023-03-21,MONKEY VILLE CHILD CARE,7750 RANCHVIEW DR NW,51.12027340934856,-114.18038949616545
FACILITY-BASED PROGRAM,"3110, 288 ST. MORITZ DRIVE SW",52,2023-03-23,MONTREUX CHILDCARE CENTRE,288 ST MORITZ DR SW,51.03375576555988,-114.21294380972914
FACILITY-BASED PROGRAM,"102, 1000 - 8 AVENUE SW",106,2023-03-23,KIDS R FUN PRESCHOOL AND OUT OF SCHOOL CARE,1000 8 AV SW,51.046266921390895,-114.0840926105008
FACILITY-BASED PROGRAM,7112 - 7 STREET SW,29,2023-03-31,MOUNT ROYAL UNIVERSITY BEFORE & AFTER SCHOOL-ST. AUGUSTINE,7112 7 ST SW,50.9907899146417,-114.08155045714363
FACILITY-BASED PROGRAM,4725 - 33 AVENUE SW,16,2023-04-18,GLENBROOK PRESCHOOL SOCIETY,4725 33 AV SW,51.0233165511946,-114.1555254984996
FAMILY DAY HOME,"300, 340 MIDPARK WAY SE",150,2023-05-01,VIP KIDS CORP,340 MIDPARK WY SE,50.90798535545155,-114.06235488042807
FACILITY-BASED PROGRAM,7251 SIERRA MORENA BLVD SW,95,2023-05-15,CALGARY MONTESSORI SCHOOL #3,7251 SIERRA MORENA BV SW,51.01432770060532,-114.17580759748104
FACILITY-BASED PROGRAM,10623 WEST VALLEY ROAD SW,37,2023-06-01,LITTLE ROOTS LEARNING CENTRE,10623 WEST VALLEY RD SW,51.08726365072309,-114.24022742634368
FACILITY-BASED PROGRAM,4427 - 58 STREET NE,93,2023-06-02,"THE BLOSSOMS DAYCARE, PRESCHOOL, OUT OF SCHOOL PROG (TEMPLE LOCATION)",4427 58 ST NE,51.09217391328826,-113.9489190900717
FACILITY-BASED PROGRAM,1580 STRATHCONA DRIVE SW,150,2023-06-13,SUMMIT KIDS - BONDAR,1580 STRATHCONA DR SW,51.05071920219172,-114.20553474049518
FACILITY-BASED PROGRAM,3716 -  2 STREET NW,90,2023-06-14,NEXT,3716 2 ST NW,51.0854239263303,-114.06647240564368
FACILITY-BASED PROGRAM,352 SUNVALE DRIVE SE,80,2023-06-14,METIS CALGARY FAMILY SERVICES SOCIETY LITTLE SUNDANCE CHILDCARE CENTRE,352 SUNVALE DR SE,50.899815767111086,-114.04802691365504
FACILITY-BASED PROGRAM,"305, 10820 - 24 STREET SE",53,2023-06-14,LITTLE LEARNERS PRESCHOOL INC.,10820 24 ST SE,50.95554962771955,-114.00034342141812
FACILITY-BASED PROGRAM,322 EVERRIDGE DRIVE SW,45,2023-06-15,A CHILD FIRST PRESCHOOL INC. - EVERGREEN,322 EVERRIDGE DR SW,50.91477839197285,-114.12316475625398
FACILITY-BASED PROGRAM,11020 FAIRMOUNT DRIVE SE,89,2023-06-15,1ST CLASS AFTER CLASS - ST. WILLIAM,11020 FAIRMOUNT DR SE,50.953319848412846,-114.05977444479278
FACILITY-BASED PROGRAM,665 WOODBINE BLVD SW,80,2023-06-16,KIDSLAND PRE-SCHOOL LTD. #5,665 WOODBINE BV SW,50.94311616322269,-114.1346496148876
FACILITY-BASED PROGRAM,228 MAHOGANY BLVD SE,200,2023-06-19,1ST CLASS AFTER CLASS - DIVINE MERCY,228 MAHOGANY BV SE,50.90189541062049,-113.92375685129169
GROUP FAMILY CHILD CARE PROGRAM,75 CRANBROOK GREEN SE,10,2023-06-20,MINI MOVERS RIVERSTONE DAYHOME,75 CRANBROOK GR SE,50.86291927406769,-113.97594340327294
FACILITY-BASED PROGRAM,3940 - 73 STREET NW,77,2023-06-21,CHILDREN COME FIRST ASSOCIATION - BOWCROFT,3940 73 ST NW,51.08747090195741,-114.19331525925058
FACILITY-BASED PROGRAM,4255 - 40 STREET NW,105,2023-06-22,SEEDS OF S.P.I.C.E. EARLY LEARNING CENTRE INC. - VARSITY ACRES,4255 40 ST NW,51.09118042068096,-114.1468339540096
FACILITY-BASED PROGRAM,150 SOMERSET MANOR SW,100,2023-06-23,1ST CLASS AFTER CLASS - SOMERSET,150 SOMERSET MR SW,50.897735601822546,-114.0855486825211
FACILITY-BASED PROGRAM,19369 SHERIFF KING STREET SW,112,2023-06-28,LEAP N LEARN CHILDCARE CENTRE SILVERADO,19369 SHERIFF KING ST SW,50.87875843683883,-114.07114513858544
FACILITY-BASED PROGRAM,8032 RANCHERO DRIVE NW,104,2023-07-04,RANCHLANDS PLAYCARE LTD / O/A PANDA CHILD DEVELOPMENT CENTRE,8032 RANCHERO DR NW,51.124974706772555,-114.18909967718308
FACILITY-BASED PROGRAM,4711 MARYVALE DRIVE NE,45,2023-07-04,KIDZCLUB CALGARY,4711 MARYVALE DR NE,51.05654026955398,-113.96517754748302
FACILITY-BASED PROGRAM,3711 - 73 STREET NW,106,2023-07-04,BRIGHTPATH BOWNESS,3711 73 ST NW,51.08602855431782,-114.19367293174751
FACILITY-BASED PROGRAM,5 WOODSTOCK ROAD SW,94,2023-07-04,BRIGHTPATH WOODLANDS,5 WOODSTOCK RD SW,50.94483622891955,-114.10957521649094
GROUP FAMILY CHILD CARE PROGRAM,13 SAGE BERRY ROAD NW,10,2023-07-04,EARLY LEARNING CHILDHOOD DAYHOME,13 SAGE BERRY RD NW,51.18043573314849,-114.15565301448775
FACILITY-BASED PROGRAM,4825 MOUNT ROYAL GATE SW,104,2023-07-05,MOUNT ROYAL EARLY LEARNING CENTRE,4825 MT ROYAL GA SW,51.0102401744634,-114.1328224625162
GROUP FAMILY CHILD CARE PROGRAM,20B MASTERS TERRACE SE,10,2023-07-06,TREASURED SEEDS GROUP FAMILY CHILD CARE PROGRAM,20 MASTERS TC SE,50.89456453854746,-113.9177838266599
FACILITY-BASED PROGRAM,3803 RUNDLEHORN DRIVE NE,94,2023-07-06,BRIGHTPATH RUNDLE,3803 RUNDLEHORN DR NE,51.07134337713633,-113.97968563264692
FACILITY-BASED PROGRAM,618 2 AVENUE NE,23,2023-07-07,BRIDGELAND MONTESSORI HOUSE,618 2 AV NE,51.05478997953363,-114.05057568583312
FACILITY-BASED PROGRAM,UNIT #5 1603 62 AVE SE,35,2023-07-07,COMMON DIGS FOREST SCHOOL - LYNNWOOD,1603 62 AV SE,50.99762485138218,-114.02002373666082
FACILITY-BASED PROGRAM,"120, 5701 - 17 AVENUE SE",156,2023-07-10,WE CARE DAYCARE & OUT OF SCHOOL CARE,5701 17 AV SE,51.03767373687573,-113.95387731677825
GROUP FAMILY CHILD CARE PROGRAM,1139 EDGEMONT ROAD NW,10,2023-07-11,FIVE STAR GROUP FAMILY CHILD CARE,1139 EDGEMONT RD NW,51.11314304039677,-114.14611246849876
FAMILY DAY HOME,"202, 222 - 16 AVENUE NE",1260,2023-07-12,CHILD DEVELOPMENT DAYHOMES OF ALBERTA,222 16 AV NE,51.06713863016813,-114.05858481263716
FACILITY-BASED PROGRAM,"UNIT 102, 112 - 28 STREET SE",57,2023-07-12,THE BLOSSOMS DAYCARE PROGRAM,112 28 ST SE,51.05180015807002,-113.99313816817164
FACILITY-BASED PROGRAM,"SUITE 200, 105 - 12 AVENUE SE",87,2023-07-13,KIDS @ CHURCHILL PARK - KAHANOFF CHILD CARE,105 12 AV SE,51.04128193683712,-114.06293302150335
FACILITY-BASED PROGRAM,15 CASTLEGLEN ROAD NE,104,2023-07-14,CASTLE MOUNTAIN CHILD DEVELOPMENT CENTRE LTD,15 CASTLEGLEN RD NE,51.10657182857948,-113.9512427140138
FACILITY-BASED PROGRAM,5703 - 24 AVENUE NE,20,2023-07-14,CORNERSTONE CHILD DAYCARE INC. PHASE 1,5703 24 AV NE,51.074196018857194,-113.95236336626031
FACILITY-BASED PROGRAM,4033 BOW TRAIL SW,128,2023-07-14,KIDS & COMPANY - BOW TRAIL,4033 BOW TR SW,51.04594554704636,-114.14421611382284
FACILITY-BASED PROGRAM,1520B NORTHMOUNT DRIVE NW,30,2023-07-17,DAISIES ACADEMY,1520 NORTHMOUNT DR NW,51.096172420415144,-114.13849058654723
FACILITY-BASED PROGRAM,"UNIT 205, 35 CRANFORD WAY SE",34,2023-07-17,CLEVER CUBS PRESCHOOL ACADEMY INC.,35 CRANFORD WY SE,50.86877012803118,-113.96898082880708
FAMILY DAY HOME,"340, 600 CROWFOOT CRESCENT NW",48,2023-07-17,LITTLE STEPS ACADEMY INC.,600 CROWFOOT CR NW,51.12917596674067,-114.2033215339223
FACILITY-BASED PROGRAM,536 SONORA AVENUE SW,122,2023-07-18,SUNALTA STUDENT CARE,536 SONORA AV SW,51.041457429179985,-114.11100035227943
FACILITY-BASED PROGRAM,"206, 11540 24 STREET SE",60,2023-07-18,KIDS COOLLEGE,11540 24 ST SE,50.95109064465478,-114.00116616621575
FACILITY-BASED PROGRAM,4623 BOWNESS ROAD NW,60,2023-07-18,CREATIVE MUNCHKINS CHILDCARE,4623 BOWNESS RD NW,51.07201072056711,-114.15992971973108
FACILITY-BASED PROGRAM,3031 LINDSAY DRIVE SW,120,2023-07-19,JENNIE ELLIOTT STUDENT CARE,3031 LINDSAY DR SW,50.99657104459952,-114.12706842185092
FACILITY-BASED PROGRAM,3023 - 63 AVENUE SW,90,2023-07-19,JENNIE ELLIOTT STUDENT CARE II,3023 63 AV SW,50.99725282059078,-114.12773011938978
FACILITY-BASED PROGRAM,"308, 1919 SIROCCO DRIVE SW",96,2023-07-19,THE HEARTLAND AGENCY,1919 SIROCCO DR SW,51.0357314544252,-114.16722848366328
FACILITY-BASED PROGRAM,15 AUBURN CREST PARK SE,100,2023-07-20,TOPP KIDS OUT OF SCHOOL CLUB - BAYSIDE SCHOOL,15 AUBURN CREST PA SE,50.88767287617575,-113.94746864551666
FACILITY-BASED PROGRAM,"1A, 7005 - 18 STREET SE",132,2023-07-20,LYNNWOOD LEARNING CENTRE,7005 18 ST SE,50.99072470966741,-114.0156910258756
FACILITY-BASED PROGRAM,30 ARBOUR LAKE WAY NW,136,2023-07-20,CANCARE CHILDREN'S CENTRE II,30 ARBOUR LAKE WY NW,51.137942593508285,-114.1860630049628
FACILITY-BASED PROGRAM,1731 - 29 STREET SW,50,2023-07-20,CALGARY MONTESSORI SCHOOL #2,1731 29 ST SW,51.03817035634828,-114.129740464582
FACILITY-BASED PROGRAM,"133, 7171 - 80 AVENUE NE",47,2023-07-21,SUN PILLARS ACADEMY INC.,7171 80 AV NE,51.12504966088038,-113.9324769904936
FACILITY-BASED PROGRAM,100 CASTLEBROOK WAY NE,80,2023-07-21,CAROUSEL MONTESSORI CHILDREN'S CENTRE,100 CASTLEBROOK WY NE,51.10711233494609,-113.96740796655388
FACILITY-BASED PROGRAM,303 CANTERBURY DRIVE SW,25,2023-07-21,ALADDIN AFTER SCHOOL CARE,303 CANTERBURY DR SW,50.94776151678115,-114.08387505248236
FACILITY-BASED PROGRAM,7311 - 34 AVENUE NW,45,2023-07-24,SUMMIT KIDS - OLA,7311 34 AV NW,51.08368350728609,-114.19199886680065
FACILITY-BASED PROGRAM,50 GRAFTON DRIVE SW,50,2023-07-24,MAPLE ROOTS OOSC GLAMORGAN,50 GRAFTON DR SW,51.01493990526505,-114.14575280232393
FACILITY-BASED PROGRAM,"126, 80 SAGE HILL ROAD NW",60,2023-07-25,BIRDS AND BLOSSOMS DAYCARE CENTRE,80 SAGE HL RD NW,51.17376261767251,-114.14385712669554
FACILITY-BASED PROGRAM,250 HARTELL WAY SE,246,2023-07-25,BRIGHTPATH LEGACY,250 HARTELL WY SE,50.862509151218624,-114.02881274932874
GROUP FAMILY CHILD CARE PROGRAM,64 CHAPARRAL VALLEY GREEN SE,10,2023-07-25,MAGICAL LITTLE THINKERS,64 CHAPARRAL VALLEY GR SE,50.884914946398325,-114.01396658582482
GROUP FAMILY CHILD CARE PROGRAM,663 - 97 AVENUE SE,10,2023-07-25,3 AND UP KIDS CLUB,663 97 AV SE,50.96601806281721,-114.04873763734054
FACILITY-BASED PROGRAM,155 MIDRIDGE PLACE SE,100,2023-07-25,BRIGHTPATH MIDNAPORE,155 MIDRIDGE PL SE,50.91976367973774,-114.05862973261053
FACILITY-BASED PROGRAM,"146, 6800 MEMORIAL DRIVE NE",114,2023-07-25,HONEY BEAR DAY CARE,6800 MEMORIAL DR NE,51.05258657447702,-113.93619964114455
FACILITY-BASED PROGRAM,"1, 3516 - 26 STREET NE",33,2023-07-25,BAY RIVER DAYCARE LTD,3516 26 ST NE,51.084566305767176,-113.9976243091318
FACILITY-BASED PROGRAM,"7243, 8650 - 112 AVENUE NW",142,2023-07-26,KIDS & COMPANY - ROYAL OAK,8650 112 AV NW,51.15146155729568,-114.21072640852287
FACILITY-BASED PROGRAM,3636 RESEARCH ROAD NW,76,2023-07-26,KIDS & COMPANY - SMART TECH,3636 RESEARCH RD NW,51.08639098810155,-114.13775319864206
FACILITY-BASED PROGRAM,1624 - 17 AVENUE SW,34,2023-07-26,TINKERBOX CHILD DEVELOPMENT CENTRE,1624 17 AV SW,51.037957709682914,-114.0990066286609
FACILITY-BASED PROGRAM,"100, 100 AUBURN MEADOWS DRIVE SE",103,2023-07-26,KIDS' STOP CHILDREN'S CENTRE -  AUBURN BAY,100 AUBURN MEADOWS DR SE,50.89410407177073,-113.94501607715844
FACILITY-BASED PROGRAM,3644 - 39 STREET NE,80,2023-07-26,WHITEFIELD DAYCARE AND AFTER SCHOOL,3644 39 ST NE,51.087229556843816,-113.9772671916942
FACILITY-BASED PROGRAM,"224, 20 SADDLESTONE DRIVE NE",65,2023-07-27,FIRST STEPS KIDS PRESCHOOL AND YOUTH CENTRE (BEFORE & AFTER CARE),20 SADDLESTONE DR NE,51.12907897393837,-113.92823551299917
FACILITY-BASED PROGRAM,"210, 75 CORNER MEADOWS PARK NE",180,2023-07-27,WILLOWBRAE CHILDCARE ACADEMY CORNERSTONE,75 CORNER MEADOWS PA NE,51.151417228006686,-113.93441079058228
FACILITY-BASED PROGRAM,167 TEMPLEGREEN ROAD NE,65,2023-07-31,CALGARY DIVERSIFIED LEARNING CENTRE,167 TEMPLEGREEN RD NE,51.087452293241235,-113.94443219569872
FACILITY-BASED PROGRAM,"2, 6208 RUNDLEHORN DRIVE NE",67,2023-07-31,CORNERSTONE CHILD DAY CARE INC. PHASE 2,6208 RUNDLEHORN DR NE,51.071056202866224,-113.9445440369169
FACILITY-BASED PROGRAM,"160, 4 MAHOGANY ROW SE",173,2023-08-01,MAHOGANY LEARNING CENTRE,4 MAHOGANY RO SE,50.89862795009351,-113.9398091597096
FACILITY-BASED PROGRAM,404 MEREDITH ROAD NE,35,2023-08-03,ST. VLADIMIR'S SADOCHOK NURSERY SCHOOL,404 MEREDITH RD NE,51.05203809487226,-114.05406228544553
FACILITY-BASED PROGRAM,"202, 924 - 7 AVENUE SW",78,2023-08-03,JSKL KIDS R FUN,924 7 AV SW,51.04716784760706,-114.08266545137676
FAMILY DAY HOME,"208, 5720 MACLEOD TRAIL SW",66,2023-08-04,ECC FAMILY DAY HOME AGENCY,5720 MACLEOD TR SW,51.003398987058986,-114.07089370565028
GROUP FAMILY CHILD CARE PROGRAM,421 BLACKTHORN ROAD NE,10,2023-08-04,RAINBOW CHILD CARE,421 BLACKTHORN RD NE,51.10875795155001,-114.057856522702
FAMILY DAY HOME,4013 STANLEY ROAD SW,138,2023-08-10,THE MANGROVE TREE DAYHOME AGENCY,4013 STANLEY RD SW,51.01840173969444,-114.06523746070953
FACILITY-BASED PROGRAM,"320, 255 - 5 AVENUE SW",94,2023-08-10,BOW VALLEY CHILD CARE CENTRE,255 5 AV SW,51.04837170000205,-114.06700773970708
FACILITY-BASED PROGRAM,"100, 6712 FISHER STREET SE",95,2023-08-11,THE IMAGINATION TREE CHILDCARE CENTRE,6712 FISHER ST SE,50.993335749834735,-114.06947740386322
FAMILY DAY HOME,402 DISCOVERY RIDGE BLVD SW,102,2023-08-14,DISCOVERY TOTS DAYHOME LTD,402 DISCOVERY RIDGE BV SW,51.01852155399528,-114.22547785993838
FACILITY-BASED PROGRAM,"UNIT 102, 1925 - 18 AVENUE NE",35,2023-08-15,FRANKLIN CHILDREN'S CENTRE SOCIETY,1925 18 AV NE,51.06869399502062,-114.01565546533098
FACILITY-BASED PROGRAM,3140 - 41 STREET SW,94,2023-08-15,ALPINE MONTESSORI CHILDREN'S CENTRE,3140 41 ST SW,51.02563859573067,-114.1466279807192
GROUP FAMILY CHILD CARE PROGRAM,221 HIDDEN CIRCLE NW,10,2023-08-15,HAPPY LAND LEARNING CENTER INC.,221 HIDDEN CI NW,51.14536659978212,-114.11342332596288
FACILITY-BASED PROGRAM,2421 6 AVENUE NW,59,2023-08-16,KENSINGTON HONEYBEE CHILD CARE LTD.,2421 6 AV NW,51.058058512356595,-114.11671056118112
FACILITY-BASED PROGRAM,"UNIT 322, 8338 - 18 STREET SE",34,2023-08-16,LITTLE STEPS CHILDCARE,8338 18 ST SE,50.97725909804029,-114.01549907534594
FACILITY-BASED PROGRAM,"412, 8888 COUNTRY HILLS BLVD NW",48,2023-08-16,KIDS & COMPANY - ROYAL OAK OUT OF SCHOOL,8888 COUNTRY HILLS BV NW,51.15232026068167,-114.21555115509464
FACILITY-BASED PROGRAM,3704 WHITEHORN DRIVE NE,80,2023-08-16,BRIGHTPATH WHITEHORN,3704 WHITEHORN DR NE,51.08507222836987,-113.98101451909032
FAMILY DAY HOME,109 ASPEN STONE PLACE SW,138,2023-08-16,LIVING WATER EDUCATION LTD.,109 ASPEN STONE PL SW,51.04557045958874,-114.21175629118387
FACILITY-BASED PROGRAM,110-2000 69 STREET SW,30,2023-08-17,HEARTLAND AGENCY (THE) WESTSIDE,2000 69 ST SW,51.03553027236936,-114.18725828082395
FACILITY-BASED PROGRAM,"402, 950 QUEENSLAND DRIVE SE",44,2023-08-17,SUNVALLEY KIDS MONTESSORI QUEENSLAND,950 QUEENSLAND DR SE,50.93274544964201,-114.01759785687852
FACILITY-BASED PROGRAM,5107 - 33 STREET NW,30,2023-08-17,MILLENNIUM KIDZ N KARE LTD.,5107 33 ST NW,51.09887152732931,-114.13601060485428
FACILITY-BASED PROGRAM,500 MIDPARK WAY  SE,39,2023-08-17,OAKS & ACORNS MONTESSORI CHILDCARE LTD.,500 MIDPARK WY SE,50.907313158125085,-114.05839295006368
FACILITY-BASED PROGRAM,4524 WORCESTER DRIVE SW,49,2023-08-17,BOW TRAIL DAYCARE LTD.,4524 WORCESTER DR SW,51.048823734498995,-114.15203486441088
FACILITY-BASED PROGRAM,2223 - 146 AVENUE SE,120,2023-08-17,DEER RUN COMMUNITY CHILD CARE,2223 146 AV SE,50.92214736806293,-114.00834595683276
FACILITY-BASED PROGRAM,4013 STANLEY ROAD SW,32,2023-08-18,THE MANGROVE TREE PRESCHOOL,4013 STANLEY RD SW,51.01840173969444,-114.06523746070953
FACILITY-BASED PROGRAM,"SUITE 157, 401 - 9 AVENUE SW",150,2023-08-18,KIDS & COMPANY - GULF CANADA SQUARE,401 9 AV SW,51.04467556712184,-114.07078276701856
FACILITY-BASED PROGRAM,3133 - 30 AVENUE SE,56,2023-08-18,CHILDREN'S CHOICE OUT OF SCHOOL PROGRAM,3133 30 AV SE,51.02682464125195,-113.98919496671016
FACILITY-BASED PROGRAM,4963 FRONT STREET SE,72,2023-08-21,OAKS & ACORNS MONTESSORI CHILDCARE,4963 FRONT ST SE,50.88178862910665,-113.94679692236744
FACILITY-BASED PROGRAM,"2122, 8561 - 8A  AVENUE SW",141,2023-08-21,FIRST STEPS ACADEMY,8561 8A AV SW,51.0614632487425,-114.20985021936848
FACILITY-BASED PROGRAM,"28, 2770 - 32 AVENUE NE",102,2023-08-21,KIDS @ CHURCHILL PARK SUNRIDGE,2770 32 AV NE,51.081671580838794,-113.99583630668576
FACILITY-BASED PROGRAM,3620 CEDARILLE DRIVE SW,100,2023-08-21,KIDS FIRST CREATIVE CHILDCARE CENTRE,3620 CEDARILLE DR SW,50.952496455836,-114.1345710700929
FACILITY-BASED PROGRAM,"29, 9620 ELBOW DRIVE SW",24,2023-08-22,MY KINDERHOUSE LTD. HAYSBORO,9620 ELBOW DR SW,50.96916565153079,-114.084530504537
FACILITY-BASED PROGRAM,3 BERMUDA ROAD NW,88,2023-08-22,BRIGHTPATH BEDDINGTON,3 BERMUDA RD NW,51.12897014690963,-114.0801507695422
FACILITY-BASED PROGRAM,"13, 6325 - 12 STREET SE",102,2023-08-22,LITTLE WORLDS LEARNING CENTER,6325 12 ST SE,50.99610164695005,-114.0363123317996
FACILITY-BASED PROGRAM,"1109, 55 SKYVIEW RANCH ROAD NE",26,2023-08-23,BRIGHT FUTURES PRESCHOOL & OUT OF SCHOOL CARE,55 SKYVIEW RANCH RD NE,51.16452281717087,-113.96225122331892
FACILITY-BASED PROGRAM,4311 - 1A STREET NW,75,2023-08-24,BRIGHTPATH HIGHLAND PARK,4311 1A ST NW,51.091052103837555,-114.06598272308446
FACILITY-BASED PROGRAM,3 HUNTERHORN GATE NE,107,2023-08-24,JUST FOR YOU DAY CARE 2004 LTD.,3 HUNTERHORN GA NE,51.115869982190375,-114.0524982350112
FACILITY-BASED PROGRAM,1409 EDMONTON TRAIL NE,68,2023-08-25,CALGARY CHILDCARE CENTRE - CRESCENT HEIGHTS - CLOSED,1409 EDMONTON TR NE,51.06484278971438,-114.05649597915688
FACILITY-BASED PROGRAM,1409 EDMONTON TRAIL NE,76,2023-08-25,CALGARY CHILDCARE CENTRE - CRESCENT HEIGHTS,1409 EDMONTON TR NE,51.06484278971438,-114.05649597915688
FACILITY-BASED PROGRAM,"23A, 555 HAWKWOOD BLVD NW",66,2023-08-28,HAWKWOOD CHILD CARE CENTRE LIMITED,555 HAWKWOOD BV NW,51.12990989739896,-114.17770338772976
FACILITY-BASED PROGRAM,629 - 49 AVENUE SW,36,2023-08-28,KLUB CARE ELBOYA,629 49 AV SW,51.00949676525939,-114.07841952538055
FACILITY-BASED PROGRAM,12400 CRESTMONT BLVD SW,34,2023-08-28,LITTLE STARS LTD.,12400 CRESTMONT BV SW,51.087334458253224,-114.26168526741937
FACILITY-BASED PROGRAM,3820 - 24 AVENUE NW,158,2023-08-28,UNIVERSITY CHILD CARE CENTRE - WEST CAMPUS,3820 24 AV NW,51.07456478365851,-114.14174436551788
FACILITY-BASED PROGRAM,165 MAHOGANY BLVD SE,200,2023-08-29,1ST CLASS AFTER CLASS - MAHOGANY,165 MAHOGANY BV SE,50.90224339342913,-113.926675599589
FACILITY-BASED PROGRAM,4303 VARSITY DRIVE NW,132,2023-08-29,VARSITY PRE-SCHOOL AND OUT-OF-SCHOOL RECREATION PROGRAM,4303 VARSITY DR NW,51.092311460012375,-114.14970153933848
FACILITY-BASED PROGRAM,111 COVEPARK SQUARE NE,174,2023-08-29,ESG CHILD PLAYCARE CENTER,111 COVEPARK SQ NE,51.16663582723832,-114.05943670560264
FACILITY-BASED PROGRAM,10 HILLGROVE CRES. SW,100,2023-08-29,CHILD'S PLAY OUT OF SCHOOL CARE @ EUGENE COSTE,10 HILLGROVE CR SW,50.96751248472325,-114.08645312597788
FACILITY-BASED PROGRAM,"130, 3830 BRENTWOOD ROAD NW",84,2023-08-29,BRENTWOOD CHILDCARE CENTER,3830 BRENTWOOD RD NW,51.08665655571791,-114.12956396862276
INNOVATIVE CHILD CARE PROGRAM,"100, 138 - 4 AVENUE SE",42,2023-08-29,CALGARY IMMIGRANT WOMEN'S ASSOCIATION LINC CHILDMINDING PROGRAM,138 4 AV SE,51.04940866102648,-114.06067879033314
INNOVATIVE CHILD CARE PROGRAM,3820 - 32 STREET NE,50,2023-08-30,THE IMMIGRANT EDUCATION SOCIETY NE,3820 32 ST NE,51.087172762001266,-113.98843448493275
FACILITY-BASED PROGRAM,185 WALCREST WAY SE,143,2023-08-30,WALDEN CHILD CARE,185 WALCREST WY SE,50.865029294874674,-114.01199452727836
FACILITY-BASED PROGRAM,64 BRIDLEWOOD ROAD SW,50,2023-08-30,BRIDLEWOOD CHILDREN'S CENTRE,64 BRIDLEWOOD RD SW,50.90238908245855,-114.10095851371824
FACILITY-BASED PROGRAM,5010 SPRUCE DRIVE SW,40,2023-08-30,SUMMIT KIDS - ASPEN,5010 SPRUCE DR SW,51.05243537741301,-114.15902022845556
FACILITY-BASED PROGRAM,"134, 5403 CROWCHILD TRAIL NW",38,2023-08-30,PLAY PLAY PLAY,5403 CROWCHILD TR NW,51.10411031689412,-114.16498405695914
FACILITY-BASED PROGRAM,3708 - 44 AVENUE NE,94,2023-08-30,CREATIVE KIDS ACADEMY,3708 44 AV NE,51.09133033737251,-113.981113323314
FACILITY-BASED PROGRAM,"UNIT 30, 5315 - 17 AVENUE SE",48,2023-08-31,SMART KIDS DAYCARE,5315 17 AV SE,51.037641110895606,-113.95693441809703
INNOVATIVE CHILD CARE PROGRAM,1723 - 40 STREET SE,25,2023-08-31,THE IMMIGRANT EDUCATION SOCIETY SE,1723 40 ST SE,51.038471723581665,-113.97591680465855
FACILITY-BASED PROGRAM,731 - 13 AVENUE NE,143,2023-08-31,TRELLIS RENFREW HUB,731 13 AV NE,51.0640477501617,-114.04710096549462
FACILITY-BASED PROGRAM,11807 ELBOW DRIVE SW,88,2023-08-31,ALADDIN DAY CARE,11807 ELBOW DR SW,50.94752939975863,-114.08478145417692
FACILITY-BASED PROGRAM,"7000, 250 EAST HILLS SQUARE SE",184,2023-09-01,WILLOWBRAE ACADEMY EAST HILLS,250 EAST HILLS SQ SE,51.04143149871837,-113.9112558581965
FACILITY-BASED PROGRAM,24 AUBURN BAY BLVD SE,70,2023-09-01,RISING PILLARS CHILDCARE,24 AUBURN BA BV SE,50.88665879485439,-113.95160053801293
FACILITY-BASED PROGRAM,"103, 139 - 18 AVENUE NE",30,2023-09-05,LES ANGES CHILD CARE CENTRE,139 18 AV NE,51.068685845539605,-114.06019812108404
FACILITY-BASED PROGRAM,6823 - 43 AVENUE NE,118,2023-09-05,TEMPLE CHILD'S WAY,6823 43 AV NE,51.09155359114791,-113.9358079931402
FACILITY-BASED PROGRAM,"3110, 288 ST. MORITZ DRIVE SW",75,2023-09-06,LITTLE HANDS MONTESSORI ACADEMY,288 ST MORITZ DR SW,51.03375576555988,-114.21294380972914
FACILITY-BASED PROGRAM,63 ROSETREE ROAD NW,28,2023-09-06,ROSEMONT CHILD DEVELOPMENT CENTRE,63 ROSETREE RD NW,51.08013188676869,-114.08915884842632
FACILITY-BASED PROGRAM,3413 - 19 AVENUE SE,85,2023-09-06,THE CHILDREN'S CENTRE DAYCARE & OUT OF SCHOOL CARE,3413 19 AV SE,51.03595686160417,-113.98494303791068
FACILITY-BASED PROGRAM,369 SIENNA PARK DRIVE SW,70,2023-09-07,KIDZINC SCHOOL AGE CARE - BATTALION PARK,369 SIENNA PA DR SW,51.02401642095692,-114.18313532207758
FACILITY-BASED PROGRAM,"1062, 11300 TUSCANY BLVD NW",48,2023-09-07,KALEIDOSCOPE KIDS PRESCHOOL TUSCANY MARKET,11300 TUSCANY BV NW,51.123583956518445,-114.24783907850556
FACILITY-BASED PROGRAM,4411 10 AVE SW,60,2023-09-08,KIDZINC SCHOOL AGE CARE - ROSSCARROCK,4411 10 AV SW,51.04316873602085,-114.15151180111556
FACILITY-BASED PROGRAM,224 SHAWNESSY DRIVE SW,100,2023-09-08,CREATIONS CHILD CARE INC.,224 SHAWNESSY DR SW,50.90935057516235,-114.07924527399533
FACILITY-BASED PROGRAM,"110, 9937 FAIRMOUNT DRIVE SE",89,2023-09-08,CALGARY KIDS MONTESSORI ACADEMY LTD.,9937 FAIRMOUNT DR SE,50.96220871034469,-114.05888263106836
FACILITY-BASED PROGRAM,211 - 47 STREET SE,40,2023-09-08,WE SHINE DAYCARE INC.,211 47 ST SE,51.050966398695294,-113.96436529680302
FACILITY-BASED PROGRAM,3 EVANSGLEN CLOSE NW,60,2023-09-11,KIDZINC SCHOOL AGE CARE - ST. JOSEPHINE BAKHITA,3 EVANSGLEN CL NW,51.176944780256235,-114.10103747966988
FACILITY-BASED PROGRAM,"200, 738 - 3 AVENUE SW",69,2023-09-11,DOWNTOWN CALGARY MONTESSORI CHILD CARE,738 3 AV SW,51.05084151884226,-114.0776029252933
FACILITY-BASED PROGRAM,6311 NORFOLK DRIVE NW,36,2023-09-12,EARLY DISCOVERIES NURSERY SCHOOL - THORNCLIFFE,6311 NORFOLK DR NW,51.10950066574093,-114.07712454226755
FACILITY-BASED PROGRAM,4612 VARSITY DRIVE NW,26,2023-09-12,PUDDLEDUCKS PRESCHOOL,4612 VARSITY DR NW,51.093235246570046,-114.15330258869947
FACILITY-BASED PROGRAM,290 EDGEPARK BLVD NW,42,2023-09-12,UNIQUE KIDS PRESCHOOL,290 EDGEPARK BV NW,51.13536919575287,-114.1570351493983
FACILITY-BASED PROGRAM,357 TUSCANY DRIVE NW,90,2023-09-12,CODED MINDS - ERIC HARVIE ISTEAM LAB,357 TUSCANY DR NW,51.12853888772237,-114.2512797437268
FACILITY-BASED PROGRAM,11950 COUNTRY VILLAGE LINK NE,33,2023-09-12,LITTLE KIDS ACTIVE LEARNERS PRESCHOOL,11950 COUNTRY VILLAGE LI NE,51.159461760541134,-114.06756844168062
FACILITY-BASED PROGRAM,3527 BOULTON ROAD NW,24,2023-09-12,PRE-KINDERGARTEN AND OUT OF SCHOOL CARE AT HOPE LUTHERAN CHURCH,3527 BOULTON RD NW,51.09425223212634,-114.1396894623112
FACILITY-BASED PROGRAM,990 TUSCANY DRIVE NW,90,2023-09-12,CODED MINDS - TUSCANY ISTEAM LAB,990 TUSCANY DR NW,51.11802005345432,-114.24538523614916
FACILITY-BASED PROGRAM,11 CRANARCH ROAD SE,114,2023-09-12,GROW AND LEARN CHILDCARE AND PRESCHOOL,11 CRANARCH RD SE,50.87821588726288,-113.9765501283284
FACILITY-BASED PROGRAM,375 BERMUDA DRIVE NW,126,2023-09-12,BEDDINGTON HEIGHTS BEFORE AND AFTER SCHOOL PROGRAM,375 BERMUDA DR NW,51.13217560463241,-114.08555756768789
FACILITY-BASED PROGRAM,4540 - 26 AVENUE SW,50,2023-09-13,MAPLE ROOTS OOSC ST THOMAS AQUINAS,4540 26 AV SW,51.03062796473413,-114.15209678966217
FACILITY-BASED PROGRAM,295 MIDPARK WAY SE,50,2023-09-13,KLUB CARE TRINITY,295 MIDPARK WY SE,50.909387496814965,-114.06289557735174
FACILITY-BASED PROGRAM,2919 DOUGLASDALE BLVD SE,60,2023-09-13,JUVENESCENCE - MONSIGNOR JS SMITH,2919 DOUGLASDALE BV SE,50.94086875414178,-113.99038106760707
FACILITY-BASED PROGRAM,"46, 4307 - 130 AVENUE SE",100,2023-09-14,MONTESSORI CHILDREN'S HOUSE ACADEMY LTD.#3,4307 130 AV SE,50.93156113754321,-113.97155118804125
FACILITY-BASED PROGRAM,1316 FALCONRIDGE DRIVE NE,38,2023-09-15,MICHAEL'S MONTESSORI CHILDREN'S CENTRE,1316 FALCONRIDGE DR NE,51.10002342021235,-113.9447314922637
FACILITY-BASED PROGRAM,30 NEW BRIGHTON DRIVE SE,182,2023-09-15,1ST CLASS AFTER CLASS - NEW BRIGHTON,30 NEW BRIGHTON DR SE,50.91928894451753,-113.95436961734627
FACILITY-BASED PROGRAM,"200, 115 - 2 AVENUE SW",80,2023-09-15,CHILDREN'S PLACE DAY CARE,115 2 AV SW,51.051112667039675,-114.0633160871421
FACILITY-BASED PROGRAM,212 TUSCANY WAY NW,35,2023-09-15,TUSCANY CLUB OUT OF SCHOOL CARE,212 TUSCANY WY NW,51.1246569870548,-114.24629367093704
FACILITY-BASED PROGRAM,3303 CAPITOL HILL CRESCENT NW,18,2023-09-15,LA PRE-MATERNELLE LA COCCINELLE,3303 CAPITOL HL CR NW,51.081587699081446,-114.12263822680022
FACILITY-BASED PROGRAM,1740 - 24 AVENUE SE,66,2023-09-18,COLONEL WALKER PROGRAMS,1740 24 AV SE,51.03205348350049,-114.01987523663848
FACILITY-BASED PROGRAM,3 ROSSDALE ROAD SW,48,2023-09-18,DANA DAY CARE LTD.,3 ROSSDALE RD SW,51.04626889745608,-114.14879296564446
FACILITY-BASED PROGRAM,"108, 2411 - 4 STREET NW",104,2023-09-18,MONTESSORI CHILDREN'S HOUSE ACADEMY LTD. #1,2411 4 ST NW,51.07360897476335,-114.07173974554502
FACILITY-BASED PROGRAM,"1640, 6004 COUNTRY HILLS BLVD NE",24,2023-09-19,PURPLE POTAMUS PRESCHOOL & JUNIOR KINDERGARTEN,6004 COUNTRY HILLS BV NE,51.15459911726743,-113.95207877304908
FACILITY-BASED PROGRAM,"505, 722 - 85 STREET SW",73,2023-09-19,JOSO'S PLAY AND LEARN CENTRE - WEST SPRINGS,722 85 ST SW,51.06608249543005,-114.21066607367354
FACILITY-BASED PROGRAM,"780, 500 COUNTRY HILLS BLVD NE",24,2023-09-19,PURPLE POTAMUS PRESCHOOL,500 COUNTRY HILLS BV NE,51.1545910583558,-114.05594900439392
FACILITY-BASED PROGRAM,220 SCENIC ACRES DRIVE NW,100,2023-09-19,LES PETITS GEANTS - NM,220 SCENIC ACRES DR NW,51.11132082791872,-114.21436153568008
FACILITY-BASED PROGRAM,7112 - 7 STREET SW,29,2023-09-19,MOUNT ROYAL EARLY LEARNING CENTRE - BAS ST AUGUSTINE,7112 7 ST SW,50.9907899146417,-114.08155045714363
FACILITY-BASED PROGRAM,1715 - 17 AVENUE SE,156,2023-09-20,YWCA CHILD CARE CENTRE,1715 17 AV SE,51.03770968396689,-114.02313397033132
FACILITY-BASED PROGRAM,"150, 2915 - 26 AVENUE SE",83,2023-09-20,SUMMIT START - RIVERVIEW,2915 26 AV SE,51.03036251778992,-113.99114502185128
FACILITY-BASED PROGRAM,1035 NEW BRIGHTON DRIVE SE,198,2023-09-20,FUELING BRAINS ACADEMY NEW BRIGHTON,1035 NEW BRIGHTON DR SE,50.921361536933915,-113.93608703253152
FACILITY-BASED PROGRAM,4002 - 16 STREET SW,70,2023-09-20,KINDERVALLEY MONTESSORI ACADEMY & DAYCARE,4002 16 ST SW,51.01910310337996,-114.10030697051435
FACILITY-BASED PROGRAM,"#4, 1110 CANTERBURY DRIVE SW",95,2023-09-20,FLEDGLINGS EDUCARE CENTRE,1110 CANTERBURY DR SW,50.93688150858299,-114.0802786558823
FACILITY-BASED PROGRAM,636 - 29 AVENUE SW,80,2023-09-20,THE GLENCOE CLUB OUT OF SCHOOL CARE PROGRAM,636 29 AV SW,51.02836531718902,-114.08043777876816
FACILITY-BASED PROGRAM,1531 - 21 AVENUE NW,34,2023-09-20,CAMPUS PRE-SCHOOL ASSOCIATION OF CALGARY,1531 21 AV NW,51.0713458469643,-114.0959000441722
FACILITY-BASED PROGRAM,"430, 8560 - 8A  AVENUE SW",245,2023-09-20,FUELING BRAINS ACADEMY WEST 85TH,8560 8A AV SW,51.06163854472689,-114.20985219591977
FACILITY-BASED PROGRAM,12011 BONAVENTURE DRIVE SE,100,2023-09-21,RECHOUSE - SAM LIVINGSTON ELEMENTARY,12011 BONAVENTURE DR SE,50.9456002142777,-114.06036086445232
FACILITY-BASED PROGRAM,5105 - 8 AVENUE SE,24,2023-09-21,JACK JAMES PRESCHOOL,5105 8 AV SE,51.045036296408895,-113.96010529224148
FACILITY-BASED PROGRAM,60 COUNTRY HILLS LANDING NW,522,2023-09-21,ACTIVE START COUNTRY HILLS,60 COUNTRY HILLS LD NW,51.1420732279957,-114.07209646784554
FACILITY-BASED PROGRAM,1740 - 24 AVENUE SE,36,2023-09-21,ALMOND BRANCH SCHOOL,1740 24 AV SE,51.03205348350049,-114.01987523663848
FACILITY-BASED PROGRAM,"107, 20 INVERNESS SQUARE SE",24,2023-09-21,TINY TOWNE SCHOOLHOUSE,20 INVERNESS SQ SE,50.91319763736442,-113.96948221103553
FACILITY-BASED PROGRAM,5720 SILVER RIDGE DRIVE NW,56,2023-09-21,SCHOOL'S OUT KIDS' OPTION INC (S.O.K.O. INC),5720 SILVER RIDGE DR NW,51.10395673313669,-114.1919843419542
FACILITY-BASED PROGRAM,5720 SILVER RIDGE DRIVE NW,17,2023-09-21,SEEDLINGS SPANISH PRESCHOOL - SILVER SPRINGS,5720 SILVER RIDGE DR NW,51.10395673313669,-114.1919843419542
FACILITY-BASED PROGRAM,2701 - 22 STREET SW,110,2023-09-22,RICHMOND CHILD CARE ASSOCIATION,2701 22 ST SW,51.02969991265487,-114.11454193742988
FACILITY-BASED PROGRAM,1312 - 75 AVENUE SW,45,2023-09-22,ADVENTURERS SCHOOL AGE CARE LTD: CHINOOK PARK,1312 75 AV SW,50.985891492810275,-114.09021221045036
FACILITY-BASED PROGRAM,1039 SUNCASTLE DR SE,162,2023-09-22,1ST CLASS AFTER CLASS - FISH CREEK,1039 SUNCASTLE DR SE,50.90207292651593,-114.03313746316088
FACILITY-BASED PROGRAM,9504 OAKFIELD DRIVE SW,70,2023-09-22,THE OAKRIDGE COMMUNITY ASSOCIATION BEFORE & AFTER SCHOOL CARE PROGRAM,9504 OAKFIELD DR SW,50.96905819378727,-114.13247051663946
FACILITY-BASED PROGRAM,10620 SACRAMENTO DRIVE SW,80,2023-09-22,BRIGHTPATH SOUTHWOOD EAST,10620 SACRAMENTO DR SW,50.95762596214267,-114.07776028198307
FACILITY-BASED PROGRAM,820 - 64 AVENUE NW,51,2023-09-22,SUMMIT KIDS - HUNTINGTON,820 64 AV NW,51.11151001726748,-114.0768685692208
FACILITY-BASED PROGRAM,65 SHANNON DRIVE SW,60,2023-09-22,CREATIONS CHILD CARE INC.,65 SHANNON DR SW,50.90983204268944,-114.0849201749682
FACILITY-BASED PROGRAM,10807 ELBOW DRIVE SW,80,2023-09-22,BRIGHTPATH SOUTHWOOD,10807 ELBOW DR SW,50.95679082181629,-114.08492378957284
FACILITY-BASED PROGRAM,511 SILVERGROVE DRIVE NW,95,2023-09-22,SUMMIT KIDS - WOM,511 SILVERGROVE DR NW,51.11371210260843,-114.19373648668316
FACILITY-BASED PROGRAM,2103 - 46 STREET NW,75,2023-09-22,SUMMIT KIDS - TERRACE ROAD,2103 46 ST NW,51.0741735001661,-114.15795752686913
FACILITY-BASED PROGRAM,1312 BERKLEY DRIVE NW,75,2023-09-25,LITTLE SCHOLARS DAYCARE INC.,1312 BERKLEY DR NW,51.12669610472239,-114.09747533341816
FACILITY-BASED PROGRAM,"10, 5555 STRATHCONA HILL SW",36,2023-09-25,TINY TOTS CHILDCARE,5555 STRATHCONA HL SW,51.05190281933608,-114.1680524311136
FACILITY-BASED PROGRAM,9504 OAKFIELD DRIVE SW,30,2023-09-25,LEARNING EXPERIENCE (OAKRIDGE),9504 OAKFIELD DR SW,50.96905819378727,-114.13247051663946
FACILITY-BASED PROGRAM,220 SCENIC ACRES DRIVE NW,16,2023-09-25,LA CAPUCINE ENM,220 SCENIC ACRES DR NW,51.11132082791872,-114.21436153568008
FACILITY-BASED PROGRAM,"501, 555 - 2 AVENUE SW",186,2023-09-25,FUELING BRAINS ACADEMY CENTENNIAL,555 2 AV SW,51.05137632323491,-114.07255577529337
FACILITY-BASED PROGRAM,4331 - 41 AVENUE SW,45,2023-09-25,BEST CHOICE IN-SCHOOL CARE PROGRAM-ST. ANDREW SCHOOL,4331 41 AV SW,51.01676462135227,-114.14766008900406
FACILITY-BASED PROGRAM,11150 BONAVENTURE DRIVE SE,30,2023-09-25,GREEN DOOR NURSERY SCHOOL LTD.,11150 BONAVENTURE DR SE,50.95229600630291,-114.05978046114838
FACILITY-BASED PROGRAM,40 MCKENZIE TOWNE BLVD SE,30,2023-09-26,MTC CHILDCARE,40 MCKENZIE TOWNE BV SE,50.91709410651362,-113.96346399062249
FACILITY-BASED PROGRAM,649 QUEENSLAND DRIVE SE,29,2023-09-26,GREAT BEGINNINGS PRESCHOOL,649 QUEENSLAND DR SE,50.93981054600688,-114.02313585476266
FACILITY-BASED PROGRAM,"10, 11166 - 42 STREET SE",30,2023-09-26,ACTIVE EXPLORERS PRESCHOOL,11166 42 ST SE,50.95463876298182,-113.97402534867368
FACILITY-BASED PROGRAM,679 PRESTWICK CIRCLE SE,56,2023-09-26,RECHOUSE - MCKENZIE TOWNE ELEMENTARY,679 PRESTWICK CI SE,50.92672782962724,-113.9668845112305
FACILITY-BASED PROGRAM,"323, 2335 - 162 AVENUE SW",40,2023-09-26,BRIDLEWOOD OUT OF SCHOOL CARE,2335 162 AV SW,50.90650529201677,-114.1121139987873
FACILITY-BASED PROGRAM,2000 SOUTHLAND DRIVE SW,54,2023-09-26,SCHOOL'S OUT - SOUTHLAND LEISURE CENTRE,2000 SOUTHLAND DR SW,50.96157710749857,-114.10771997433288
FACILITY-BASED PROGRAM,"111, 8579 SCURFIELD DRIVE NW",192,2023-09-26,CANCARE CHILDREN'S CENTRE I,8579 SCURFIELD DR NW,51.12067801327112,-114.21123979811118
FACILITY-BASED PROGRAM,255 SACKVILLE DRIVE SW,40,2023-09-27,ADVENTURES CHILD CARE 2,255 SACKVILLE DR SW,50.95543445818181,-114.08981348184928
FACILITY-BASED PROGRAM,1233 - 21 STREET NW,94,2023-09-27,BRIAR HILL CHILDREN'S PROGRAMS,1233 21 ST NW,51.06248442636888,-114.11096924677192
FACILITY-BASED PROGRAM,1829 RANCHLANDS BLVD NW,72,2023-09-27,BRIGHTPATH RANCHLANDS,1829 RANCHLANDS BV NW,51.12340635012194,-114.19706595082576
FACILITY-BASED PROGRAM,"1217, 55 SKYVIEW RANCH ROAD NE",52,2023-09-27,BRIGHT FUTURES DAYCARE SKYVIEW,55 SKYVIEW RANCH RD NE,51.16452281717087,-113.96225122331892
FACILITY-BASED PROGRAM,680 ACADIA DRIVE SE,18,2023-09-27,WILLOW PARK PRESCHOOL,680 ACADIA DR SE,50.959721829838585,-114.0434646362327
FACILITY-BASED PROGRAM,100 HAWKWOOD BLVD NW,50,2023-09-27,EARLY DISCOVERIES NURSERY SCHOOL - HAWKWOOD,100 HAWKWOOD BV NW,51.12536373396137,-114.16679539859332
FACILITY-BASED PROGRAM,"19, 400 DOUGLAS PARK BLVD SE",56,2023-09-28,DOUGLASDALE - A STEP AHEAD CHILD DEVELOPMENT SERVICES LTD.,400 DOUGLAS PA BV SE,50.93493013992883,-113.98338124732146
FACILITY-BASED PROGRAM,14 ROYAL VISTA LINK NW,96,2023-09-28,RENERT JUNIOR KINDERGARTEN,14 ROYAL VISTA LI NW,51.15164439476275,-114.20393612164428
FACILITY-BASED PROGRAM,2 NEW BRIGHTON DRIVE SE,131,2023-09-29,1ST CLASS AFTER CLASS - CLUBHOUSE,2 NEW BRIGHTON DR SE,50.91842141081376,-113.95435526249202
FACILITY-BASED PROGRAM,"300, 5119 ELBOW DRIVE SW",136,2023-09-29,KIDS & COMPANY - BRITANNIA CROSSING,5119 ELBOW DR SW,51.008430653115056,-114.08178209847748
FACILITY-BASED PROGRAM,1803 - 14 AVENUE NE,24,2023-09-29,CROSSROADS COMMUNITY ASSOCIATION PRESCHOOL,1803 14 AV NE,51.0653127045349,-114.01868265601074
FACILITY-BASED PROGRAM,855 COPPERFIELD BLVD SE,90,2023-10-02,1ST CLASS AFTER CLASS - ST. ISABELLA,855 COPPERFIELD BV SE,50.91082119874806,-113.93674549144914
FACILITY-BASED PROGRAM,"124, 4804 EDMONTON TRAIL NE",91,2023-10-02,IMAGINE EARLY LEARNING & CHILD CARE CENTRE 4800,4804 EDMONTON TR NE,51.09533259712391,-114.05371611935546
FACILITY-BASED PROGRAM,120  45 ST SW,60,2023-10-02,KIDZINC SCHOOL AGE CARE -  WILDWOOD,120 45 ST SW,51.05146344585159,-114.15258476236107
FACILITY-BASED PROGRAM,"115, 20 COUNTRY HILLS LANDING NW",30,2023-10-02,MONTESSORI LEARNING CENTRE,20 COUNTRY HILLS LD NW,51.1426929074122,-114.07306636304617
FACILITY-BASED PROGRAM,2103 - 46 STREET NW,15,2023-10-02,UNIVERSITY HEIGHTS PRESCHOOL,2103 46 ST NW,51.0741735001661,-114.15795752686913
FACILITY-BASED PROGRAM,901 - 11 AVENUE NW,55,2023-10-02,ADVENTURERS SCHOOL AGE CARE LTD.: ROSEDALE,901 11 AV NW,51.06225239824636,-114.0816178538222
FACILITY-BASED PROGRAM,"88, 55 CASTLERIDGE BLVD NE",60,2023-10-03,CASTLERIDGE DAYCARE,55 CASTLERIDGE BV NE,51.09893854025969,-113.96026548536264
FACILITY-BASED PROGRAM,155 FALCONRIDGE CRESCENT NE,24,2023-10-03,WEE KARE PRESCHOOL,155 FALCONRIDGE CR NE,51.09678480163461,-113.95264323786591
FACILITY-BASED PROGRAM,5336 LAKEVIEW DRIVE SW,16,2023-10-03,LAKEVIEW COMMUNITY PRESCHOOL,5336 LAKEVIEW DR SW,51.006796359084504,-114.13733708393522
FACILITY-BASED PROGRAM,816 - 78 STREET SW,44,2023-10-03,RAINBOW ROOTS PRESCHOOL,816 78 ST SW,51.06294005784856,-114.200751568658
FACILITY-BASED PROGRAM,11024 BRAESIDE DRIVE SW,60,2023-10-03,BRAESIDE BEFORE AND AFTER SCHOOL CARE,11024 BRAESIDE DR SW,50.95477188436637,-114.1026070047137
FACILITY-BASED PROGRAM,1507 - 19 AVENUE NW,97,2023-10-04,PANDA CHILD DEVELOPMENT CENTRE,1507 19 AV NW,51.0695192541198,-114.09524456715889
GROUP FAMILY CHILD CARE PROGRAM,53 SILVERADO SKIES WAY SW,10,2023-10-04,KIDSZONE PLAYHOUSE DAYCARE,53 SILVERADO SKIES WY SW,50.890007483411885,-114.08722500328354
FACILITY-BASED PROGRAM,"113, 178 - 96 AVENUE NE",24,2023-10-04,LEARN AND PLAY PRESCHOOL ACADEMY,178 96 AV NE,51.141847390820914,-114.06635646766276
FACILITY-BASED PROGRAM,1927 - 61 STREET NE,46,2023-10-05,PINERIDGE OUT OF SCHOOL CARE PROGRAM,1927 61 ST NE,51.0702731540924,-113.9447307054678
FACILITY-BASED PROGRAM,1317 - 1 STREET NW,24,2023-10-05,ROSEDALE PLAYSCHOOL,1317 1 ST NW,51.06394828594616,-114.06518640390384
FACILITY-BASED PROGRAM,"UNIT 106, 625 42 AVENUE NE",92,2023-10-06,LITTLE SCHOLARS DAYCARE ECS LTD.,625 42 AV NE,51.09073587839093,-114.05036414546736
FACILITY-BASED PROGRAM,2670 RADCLIFFE DR. SE,40,2023-10-06,GBC CHILDCARE CENTRE,2670 RADCLIFFE DR SE,51.045588012524526,-113.9932666781774
FACILITY-BASED PROGRAM,464A WOODBINE BLVD SW,28,2023-10-06,PATHWAY MONTESSORI CHILDREN'S CENTRE,464 WOODBINE BV SW,50.94673880865502,-114.1335557402446
FACILITY-BASED PROGRAM,2244 CHICOUTIMI DRIVE NW,48,2023-10-10,ADVENTURERS SCHOOL AGE CARE LTD: TRIWOOD COMMUNITY,2244 CHICOUTIMI DR NW,51.08626979119871,-114.11238968731784
FACILITY-BASED PROGRAM,333 EDGEPARK BLVD NW,48,2023-10-10,FOOTHILLS ALLIANCE PRESCHOOL SOCIETY,333 EDGEPARK BV NW,51.13658246475782,-114.15727841848415
FACILITY-BASED PROGRAM,10503 OAKMOOR WAY SW,61,2023-10-10,BAMBI CHILD CARE,10503 OAKMOOR WY SW,50.96097608068115,-114.1245050977176
FACILITY-BASED PROGRAM,"#145, 755 LAKE BONAVISTA DRIVE SE",22,2023-10-11,HOLY FAMILY PRESCHOOL & EDUCATIONAL CENTRE LTD.,755 LAKE BONAVISTA DR SE,50.943318181755494,-114.04760930054545
FACILITY-BASED PROGRAM,12777 CANDLE CRESCENT SW,25,2023-10-11,CANYON MEADOWS OUT OF SCHOOL CARE,12777 CANDLE CR SW,50.93877395740648,-114.08647012669236
FACILITY-BASED PROGRAM,"1140, 11 ROYAL VISTA DRIVE NW",49,2023-10-11,WONDERLAND ACADEMY,11 ROYAL VISTA DR NW,51.15045782615827,-114.2064663922928
FACILITY-BASED PROGRAM,"220, 19 ROYAL VISTA LINK NW",60,2023-10-11,WILLOWBRAE ACADEMY ROYAL OAK NFP,19 ROYAL VISTA LI NW,51.15113163316342,-114.20413994405618
FACILITY-BASED PROGRAM,811 RADFORD ROAD NE,12,2023-10-11,ROOTS AND WINGS PRESCHOOL,811 RADFORD RD NE,51.060476349586295,-114.04490011781913
FACILITY-BASED PROGRAM,700 - 77 STREET SW,211,2023-10-11,CALGARY FRENCH & INTERNATIONAL SCHOOL CHILDCARE,700 77 ST SW,51.068148011091594,-114.19904997092826
FACILITY-BASED PROGRAM,"118, 30 COUNTRY HILLS LANDING NW",31,2023-10-11,MY KINDERHOUSE COUNTRY HILLS,30 COUNTRY HILLS LD NW,51.14227560947213,-114.07190828925565
FACILITY-BASED PROGRAM,1308 PANATELLA BLVD NW,75,2023-10-11,MIGHTY LEARNER - BUFFALO RUBBING STONE SCHOOL,1308 PANATELLA BV NW,51.16891497335308,-114.0869279714313
FACILITY-BASED PROGRAM,18 HIDDEN CREEK ROAD NW,24,2023-10-12,KIDZ CHOICE PRESCHOOL,18 HIDDEN CREEK RD NW,51.15709464265337,-114.10243790922864
FACILITY-BASED PROGRAM,1704 - 26 STREET SW,126,2023-10-12,ALEXANDER FERGUSON ELEMENTARY SCHOOL SOCIETY,1704 26 ST SW,51.03895942018089,-114.1234771531756
FACILITY-BASED PROGRAM,1607 - 90 AVENUE SW,172,2023-10-12,CALGARY JCC CHILDCARE,1607 90 AV SW,50.9720891951433,-114.09932473971544
FACILITY-BASED PROGRAM,41 CRANSTON GATE SE,60,2023-10-12,JUVENESCENCE - OUR LADY OF THE ROSARY,41 CRANSTON GA SE,50.87457321507062,-113.9691365541284
FACILITY-BASED PROGRAM,7 TUSCARORA CRESCENT NW,30,2023-10-13,SHINING WONDERS MONTESSORI PRESCHOOL & CHILD CARE,7 TUSCARORA CR NW,51.12756089967904,-114.23835680367311
FACILITY-BASED PROGRAM,1484 NORTHMOUNT DRIVE NW,120,2023-10-13,CAPTAIN JOHN PALLISER PRE-KINDERGARTEN AND OUT OF SCHOOL CARE,1484 NORTHMOUNT DR NW,51.09616364458304,-114.1363351161963
FACILITY-BASED PROGRAM,11 HOLMWOOD AVENUE NW,77,2023-10-13,CHILDREN COME FIRST ASSOCIATION - HIGHWOOD,11 HOLMWOOD AV NW,51.09244248878499,-114.076777997412
FACILITY-BASED PROGRAM,3511 - 3 AVENUE SW,32,2023-10-13,KINDLE MONTESSORI SCHOOL,3511 3 AV SW,51.05023187258678,-114.13773704369864
FACILITY-BASED PROGRAM,4525 - 49 STREET NW,55,2023-10-13,SUMMIT KIDS - ST. VINCENT,4525 49 ST NW,51.093312803860194,-114.1587631810459
FACILITY-BASED PROGRAM,360 - 94 AVENUE SE,95,2023-10-13,LA FORET ENCHANTEE LTD.,360 94 AV SE,50.96874818012266,-114.0621688632366
FACILITY-BASED PROGRAM,360 - 94 AVE. SE,24,2023-10-13,PREMATERNELLE ENTRE AMIS,360 94 AV SE,50.96874818012266,-114.0621688632366
FACILITY-BASED PROGRAM,4506 - 16 STREET SW,80,2023-10-13,SEEDS OF S.P.I.C.E. EARLY LEARNING CENTRE INC.,4506 16 ST SW,51.013881089984146,-114.10026887002378
FACILITY-BASED PROGRAM,11300 ROCKY RIDGE ROAD NW,58,2023-10-13,SHANE HOMES YMCA AT ROCKY RIDGE CHILD DEVELOPMENT CENTRE,11300 ROCKY RIDGE RD NW,51.15839877529586,-114.23347331776522
FACILITY-BASED PROGRAM,33 EDGEVALLEY CIRCLE NW,31,2023-10-13,EDGEMONT EDUSARC,33 EDGEVALLEY CI NW,51.12942852561294,-114.14548108787712
FACILITY-BASED PROGRAM,5728 - 1 STREET SW,79,2023-10-16,2000 DAYS PRE-KINDERGARTEN,5728 1 ST SW,51.00239734885816,-114.06635411846094
FACILITY-BASED PROGRAM,6700 KOOTENAY ST SW,100,2023-10-17,THE CALGARY JEWISH ACADEMY,6700 KOOTENAY ST SW,50.99375081867502,-114.09310818472925
FAMILY DAY HOME,"SUITE 1619, 800 5 AVENUE SW",60,2023-10-17,AFFECTIO FAMILY DAY HOMES AGENCY,800 5 AV SW,51.048971946605455,-114.07882060817256
FACILITY-BASED PROGRAM,140 HADDON ROAD SW,63,2023-10-17,AKIVA  ACADEMY,140 HADDON RD SW,50.973281317257026,-114.07803756493304
FACILITY-BASED PROGRAM,577 NORTHMOUNT DR NW,38,2023-10-17,NORTHMOUNT DAYCARE,577 NORTHMOUNT DR NW,51.0877695669739,-114.0870490672256
FACILITY-BASED PROGRAM,8003 FAIRMOUNT DRIVE SE,45,2023-10-17,A2Z KIDZ ED.,8003 FAIRMOUNT DR SE,50.98374851021544,-114.06068177074934
FACILITY-BASED PROGRAM,4631 - 85 STREET NW,75,2023-10-18,KIDS LOVE BOWNESS LTD.,4631 85 ST NW,51.09251580434857,-114.21115465311637
FACILITY-BASED PROGRAM,7245 12 ST SE,148,2023-10-18,WE CAMPERS OUTDOOR & SPORT CHILDCARE CENTRE,7245 12 ST SE,50.98985795892883,-114.0371474739956
FACILITY-BASED PROGRAM,"13, 1215 LAKE SYLVAN DRIVE SE",44,2023-10-18,MONTESSORI CASA - LAKE BONAVISTA,1215 LAKE SYLVAN DR SE,50.942425867686815,-114.03329511398958
FACILITY-BASED PROGRAM,"BAY #5&6, 2915 - 19 STREET NE",85,2023-10-19,KIDS WORLD CHILDCARE,2915 19 ST NE,51.078153802404806,-114.01189225346904
FACILITY-BASED PROGRAM,76 COUNTRY HILLS DRIVE NW,111,2023-10-19,PLAY WAY CHILD LEARNING CENTRE,76 COUNTRY HILLS DR NW,51.15027060392792,-114.06639373095072
FACILITY-BASED PROGRAM,6107 - 4 AVENUE NE,159,2023-10-19,A CHILD'S VIEW LEARNING CENTRE LTD.,6107 4 AV NE,51.05564414338644,-113.94403239823512
FACILITY-BASED PROGRAM,505 PARKVALLEY ROAD SE,30,2023-10-19,PARKLAND PRESCHOOL,505 PARKVALLEY RD SE,50.91831048210287,-114.02638462149024
FACILITY-BASED PROGRAM,4207  41 AVE SW,64,2023-10-19,GLAMORGAN CHILDREN'S CENTRE (PFSAC),4207 41 AV SW,51.01727707773647,-114.14588999539704
FACILITY-BASED PROGRAM,332 - 41 AVENUE NE,89,2023-10-19,RIGHT START DAYCARE,332 41 AV NE,51.09012195717205,-114.05569400745058
FACILITY-BASED PROGRAM,52 DOVERCREST WAY SE,53,2023-10-19,CHILDREN'S CHOICE DAY CARE,52 DOVERCREST WY SE,51.01715662408696,-113.99214994920077
FACILITY-BASED PROGRAM,844 CANTABRIAN DRIVE SW,49,2023-10-20,HOPSCOTCH BEFORE AND AFTER CARE,844 CANTABRIAN DR SW,50.94595175523271,-114.07849279507144
FAMILY DAY HOME,"1140, 11 ROYAL VISTA DR NW",60,2023-10-20,WONDERLAND DAYHOME AGENCY,11 ROYAL VISTA DR NW,51.15045782615827,-114.2064663922928
FACILITY-BASED PROGRAM,"110, 4800 RICHARD ROAD SW",150,2023-10-20,LA SOCIETE POMMES DE REINETTE DAYCARE SW,4800 RICHARD RD SW,51.01154064717626,-114.12329842386416
FACILITY-BASED PROGRAM,5940 LAKEVIEW DRIVE SW,90,2023-10-20,MI CASA MONTESSORI LTD.,5940 LAKEVIEW DR SW,51.001078963634505,-114.1333546247066
FACILITY-BASED PROGRAM,2003 MCKNIGHT BLVD NE,80,2023-10-20,HERITAGE EARLY LEARNING PROGRAM,2003 MCKNIGHT BV NE,51.09248133213467,-114.0096482235394
FACILITY-BASED PROGRAM,375 SANDARAC DRIVE NW,60,2023-10-20,CODED MINDS - SIMONS VALLEY ISTEAM LAB,375 SANDARAC DR NW,51.14023028226271,-114.10735718104117
FACILITY-BASED PROGRAM,15425 BANNISTER ROAD SE,131,2023-10-23,KIDS & COMPANY - MID-LAKE,15425 BANNISTER RD SE,50.91462242017247,-114.06600524821695
FACILITY-BASED PROGRAM,"4, 539 QUEENSLAND DRIVE SE",24,2023-10-23,SUNVALLEY INFANT CARE,539 QUEENSLAND DR SE,50.939643830105545,-114.02508702014384
FACILITY-BASED PROGRAM,1204 - 89 AVENUE SW,15,2023-10-23,HAYSBORO COMMUNITY PRESCHOOL,1204 89 AV SW,50.97370817068817,-114.08704855022714
FACILITY-BASED PROGRAM,126 CRANFORD DRIVE SE,187,2023-10-23,1ST CLASS AFTER CLASS - SIBYLLA KIDDLE,126 CRANFORD DR SE,50.87744612933886,-113.97154133549265
FACILITY-BASED PROGRAM,115 EDENWOLD DRIVE NW,45,2023-10-23,ADVENTURERS SCHOOL AGE CARE LTD: MOTHER MARY GREENE,115 EDENWOLD DR NW,51.12438029651209,-114.13854061935275
FACILITY-BASED PROGRAM,6452 - 35 AVENUE NW,34,2023-10-23,BOWMONT COMMUNITY PRE-SCHOOL,6452 35 AV NW,51.08436799506859,-114.18243566685456
FACILITY-BASED PROGRAM,1015 - 120 AVENUE SE,54,2023-10-24,RECHOUSE - LAKE BONAVISTA ELEMENTARY,1015 120 AV SE,50.94485797062995,-114.04096992203908
FACILITY-BASED PROGRAM,5432 DALHART ROAD NW,62,2023-10-24,DALHOUSIE OUT OF SCHOOL AND PLAYSCHOOL,5432 DALHART RD NW,51.11271022756254,-114.15982126291578
FACILITY-BASED PROGRAM,199 QUEEN CHARLOTTE WAY SE,91,2023-10-24,HORIZON ACADEMY CHILDCARE,199 QUEEN CHARLOTTE WY SE,50.93429088530565,-114.0224295426576
FACILITY-BASED PROGRAM,333 - 11 AVENUE SW,48,2023-10-24,KIDS & COMPANY - BELTLINE,333 11 AV SW,51.04242390663092,-114.06966265569636
FACILITY-BASED PROGRAM,927 LAKE SYLVAN DRIVE SE,50,2023-10-24,EARLY MINDS OUT OF SCHOOL CARE - ST BONIFACE,927 LAKE SYLVAN DR SE,50.943320276765554,-114.04215795009992
FACILITY-BASED PROGRAM,5003 NORTH HAVEN DRIVE NW,18,2023-10-24,NORTH HAVEN PLAYHOUSE,5003 NORTH HAVEN DR NW,51.09905269162462,-114.0864246893242
FACILITY-BASED PROGRAM,327 SANDARAC DRIVE NW,40,2023-10-24,ADVENTURERS SCHOOL AGE CARE LTD. MSGR N. ANDERSON,327 SANDARAC DR NW,51.13945629619948,-114.10375164265564
FACILITY-BASED PROGRAM,5 REDSTONE HEIGHTS NE,30,2023-10-24,EARLY DISCOVERIES NURSERY SCHOOL - REDSTONE,5 REDSTONE HT NE,51.173939822847714,-113.96370977380674
FACILITY-BASED PROGRAM,9 MAHOGANY ROW SE,76,2023-10-24,MAHOGANY SCHOLARS PRESCHOOL,9 MAHOGANY RO SE,50.898416367288846,-113.93919405491754
FACILITY-BASED PROGRAM,"209, 3400 - 14 STREET NW",35,2023-10-24,HAPPY SOULS PLAYSCHOOL INC.,3400 14 ST NW,51.082776749156885,-114.09448132941036
FACILITY-BASED PROGRAM,65 CHAPARRAL DRIVE SE,30,2023-10-25,A CHILD FIRST PRESCHOOL INC. - ST. SEBASTIAN,65 CHAPARRAL DR SE,50.88509195252589,-114.02910815592352
FACILITY-BASED PROGRAM,4603 MARBANK DRIVE NE,103,2023-10-25,BRIGHTPATH MARLBOROUGH,4603 MARBANK DR NE,51.06337267596369,-113.96838009733293
FACILITY-BASED PROGRAM,2828 - 19 STREET NW,100,2023-10-25,MONTESSORI NURSERY #1,2828 19 ST NW,51.07749272407909,-114.10613075659286
FACILITY-BASED PROGRAM,"224, 66 SANDARAC DRIVE NW",62,2023-10-25,BRIGHT BEGINNINGS CHILDREN CENTRE LTD.,66 SANDARAC DR NW,51.13362994164192,-114.09942639718108
FACILITY-BASED PROGRAM,3320 CAROL DRIVE NW,30,2023-10-25,CHILD'S PLAY OUT OF SCHOOL CARE @ ST. MARGARET,3320 CAROL DR NW,51.08196403319642,-114.09806710266594
FACILITY-BASED PROGRAM,4611 - 14 STREET NW,40,2023-10-25,CALGARY WINTER CLUB PRESCHOOL,4611 14 ST NW,51.09321036328831,-114.09499430955776
FACILITY-BASED PROGRAM,29 MASTERS PARK SE,24,2023-10-25,BRIGHT STARS PRESCHOOL,29 MASTERS PA SE,50.89531812243776,-113.9220429621491
FACILITY-BASED PROGRAM,108 QUARRY PARK ROAD SE,63,2023-10-25,REMINGTON YMCA CHILD DEVELOPMENT CENTRE,108 QUARRY PA RD SE,50.96108717537908,-114.00701693295908
FACILITY-BASED PROGRAM,505 78TH AVE SW,20,2023-10-25,KINGSLAND COMMUNITY PRESCHOOL,505 78 AV SW,50.983137051337955,-114.0743508609136
FACILITY-BASED PROGRAM,8887 SCURFIELD DRIVE NW,55,2023-10-25,SUMMIT KIDS - DOYLE,8887 SCURFIELD DR NW,51.12232506597208,-114.21630031742424
FACILITY-BASED PROGRAM,150 WESTMINSTER DRIVE SW,130,2023-10-25,CHILD'S PLAY OUT OF SCHOOL CARE @ WESTGATE,150 WESTMINSTER DR SW,51.04434423771976,-114.15975268233268
FACILITY-BASED PROGRAM,2415 KELWOOD DRIVE SW,39,2023-10-26,CHILD'S PLAY OUT OF SCHOOL CARE @ GLENDALE,2415 KELWOOD DR SW,51.03220115681922,-114.14503769914894
FACILITY-BASED PROGRAM,36 MILLRISE DRIVE SW,106,2023-10-26,INVERLEIGH CHILD CARE CENTRE,36 MILLRISE DR SW,50.91655316853844,-114.07505718149056
FACILITY-BASED PROGRAM,35 RADCLIFFE CRESCENT SE,113,2023-10-26,RADISSON HEIGHTS DAY CARE CENTRE,35 RADCLIFFE CR SE,51.04953273357837,-113.98683706485564
FACILITY-BASED PROGRAM,"131, 900 - 47 AVENUE SW",54,2023-10-26,CALGARY MONTESSORI SCHOOL #4,900 47 AV SW,51.01149940583114,-114.08356349079904
FACILITY-BASED PROGRAM,"22, 4604 - 37 STREET SW",44,2023-10-26,CLEVER DAYCARE 22,4604 37 ST SW,51.01401091676556,-114.14090252578625
FACILITY-BASED PROGRAM,4700 RICHARD ROAD SW,40,2023-10-26,SOCIETE PREMATERNELLE L'ARC-EN-CIEL,4700 RICHARD RD SW,51.011801989312815,-114.12269204412604
FACILITY-BASED PROGRAM,"209, 18 ARBOUR LAKE WAY NW",135,2023-10-27,CANCARE EDUTAINMENT CENTRE,18 ARBOUR LAKE WY NW,51.13778190598992,-114.18535429628224
FACILITY-BASED PROGRAM,1233 - 21 STREET NW,20,2023-10-27,HOUNSFIELD HEIGHTS BRIAR HILL COMMUNITY ASSOCIATION PLAYSCHOOL,1233 21 ST NW,51.06248442636888,-114.11096924677192
FACILITY-BASED PROGRAM,15001 - 69 STREET NW,66,2023-10-27,BCS - CHILD CARE PROGRAMS,15001 69 ST NW,51.18831257600108,-114.1879508720858
FACILITY-BASED PROGRAM,2108 - 10 STREET NW,109,2023-10-27,PLEASANT HEIGHTS AFTER SCHOOL #1,2108 10 ST NW,51.070985948445184,-114.08469909349884
FACILITY-BASED PROGRAM,600 NORTHMOUNT DRIVE NW,60,2023-10-27,EDELWEISS PREPARATORY SCHOOL LTD.,600 NORTHMOUNT DR NW,51.086544861171426,-114.0879953128036
FACILITY-BASED PROGRAM,5511 BAROC ROAD NW,21,2023-10-27,FUN 2 LEARN PRESCHOOL LTD.,5511 BAROC RD NW,51.106750512219136,-114.16547469663983
GROUP FAMILY CHILD CARE PROGRAM,652 COPPERFIELD BLVD SE,10,2023-10-30,HINA'S DAYCARE,652 COPPERFIELD BV SE,50.90865373637129,-113.94380046089712
FACILITY-BASED PROGRAM,"12, 3616 - 52 AVENUE NW",50,2023-10-30,BRAINEER ACADEMY,3616 52 AV NW,51.10109603928822,-114.13947154385768
FACILITY-BASED PROGRAM,520 - 78 AVENUE NW,109,2023-10-30,HUNTINGTON HILLS COMMUNITY ASSOCIATION CHILD CARE PROGRAM,520 78 AV NW,51.12269174398981,-114.07359490609454
FACILITY-BASED PROGRAM,1100 NEW BRIGHTON DRIVE SE,60,2023-10-30,1ST CLASS AFTER CLASS - ST. MARGUERITE,1100 NEW BRIGHTON DR SE,50.92191939610532,-113.93697722877216
FACILITY-BASED PROGRAM,3519 - 36 AVENUE SW,40,2023-10-30,SUMMIT KIDS - ALL BOYS,3519 36 AV SW,51.021355314239635,-114.13645713816128
FACILITY-BASED PROGRAM,4414 CROWCHILD TRAIL SW,195,2023-10-30,MASTER'S BEFORE AND AFTER SCHOOL PROGRAM,4414 CROWCHILD TR SW,51.0152594386454,-114.11746466222226
FACILITY-BASED PROGRAM,4 TEMPLEVALE GATE NE,76,2023-10-30,MINI MIRACLES DAYCARE,4 TEMPLEVALE GA NE,51.090974285391866,-113.93970321557909
INNOVATIVE CHILD CARE PROGRAM,2003 16 STREET SE,20,2023-10-31,YW CRISIS SHELTER CHILD SUPPORT PROGRAM,2003 16 ST SE,51.03557028152145,-114.02232655436072
FACILITY-BASED PROGRAM,6630 - 20A STREET SE,104,2023-11-01,KIDS R FUN DAYCARE,6630 20A ST SE,50.99343985604497,-114.0099858611848
FACILITY-BASED PROGRAM,50 EVANSTON MANOR NW,140,2023-11-02,KIDS & COMPANY - EVANSTON,50 EVANSTON MR NW,51.18084909593414,-114.09766914470772
FACILITY-BASED PROGRAM,"106, 20 SUNPARK PLAZA SE",77,2023-11-02,MONTESSORI CHILDREN'S HOUSE ACADEMY LTD. #2,20 SUNPARK PZ SE,50.903654791534485,-114.05729723848948
FACILITY-BASED PROGRAM,33 EDGEVALLEY CIRCLE NW,20,2023-11-02,KALEIDOSCOPE KIDS PRESCHOOL - EDGEMONT,33 EDGEVALLEY CI NW,51.12942852561294,-114.14548108787712
FACILITY-BASED PROGRAM,3232 COCHRANE ROAD NW,77,2023-11-02,CHILDREN COME FIRST ASSOCIATION - BANFF TRAIL,3232 COCHRANE RD NW,51.081187029815595,-114.11662839546516
FACILITY-BASED PROGRAM,"2, 199 MARTINDALE BLVD NE",91,2023-11-02,LA SOCIETE POMMES DE REINETTE DAYCARE NE,199 MARTINDALE BV NE,51.11420203945934,-113.95768327898736
FACILITY-BASED PROGRAM,602 - 22  AVENUE NW,56,2023-11-03,PLEASANT HEIGHTS AFTER SCHOOL #2,602 22 AV NW,51.07244243519132,-114.07457118036989
FACILITY-BASED PROGRAM,3720 - 42 STREET NW,21,2023-11-03,LA PRE-MATERNELLE CAPUCINE - TDJ,3720 42 ST NW,51.08528697195887,-114.15092814659604
FACILITY-BASED PROGRAM,13615 DEER RIDGE DR SE,60,2023-11-03,1ST CLASS AFTER CLASS - DON BOSCO,13615 DEER RIDGE DR SE,50.93112731134661,-114.01729607059444
FACILITY-BASED PROGRAM,3720 - 42 STREET NW,124,2023-11-03,LES PETITS GEANTS,3720 42 ST NW,51.08528697195887,-114.15092814659604
FACILITY-BASED PROGRAM,3703 - 26 AVENUE SW,80,2023-11-03,JUST FOR YOU DAYCARE (KILLARNEY) LTD.,3703 26 AV SW,51.02994163136325,-114.14020803754732
FACILITY-BASED PROGRAM,"2ND FLR, 922 - 9 AVENUE SE",78,2023-11-06,INGLEWOOD CHILD DEVELOPMENT CENTRE,922 9 AV SE,51.04333267202569,-114.04009833429224
FACILITY-BASED PROGRAM,536 SONORA  AVENUE SW,16,2023-11-06,SCARBORO COMMUNITY PRESCHOOL,536 SONORA AV SW,51.041457429179985,-114.11100035227943
FACILITY-BASED PROGRAM,"4038, 356 CRANSTON ROAD SE",48,2023-11-06,KIDS @ PLAY PRESCHOOL,356 CRANSTON RD SE,50.88031992917737,-113.97854898490908
FACILITY-BASED PROGRAM,"3205, 2045 SYMONS VALLEY PARKWAY NW",212,2023-11-07,WILLOWBRAE ACADEMY EVANSTON,2045 SYMONS VALLEY PY NW,51.17418360912619,-114.10762997939642
FACILITY-BASED PROGRAM,1915 - 33 AVENUE SW,19,2023-11-07,LITTLE HEARTPRINTS ACADEMY INC.,1915 33 AV SW,51.023872207095394,-114.10543051108118
FACILITY-BASED PROGRAM,999 SHERWOOD BLVD NW,80,2023-11-07,SUMMIT KIDS - BLESSED MARIE-ROSE,999 SHERWOOD BV NW,51.16029976929393,-114.14825594900192
FACILITY-BASED PROGRAM,11616 PANORAMA HILLS BLVD NW,95,2023-11-07,SUMMIT KIDS - ST JEROME,11616 PANORAMA HILLS BV NW,51.15698690804952,-114.07908444738766
FACILITY-BASED PROGRAM,611 71 AVENUE SE,268,2023-11-07,WEE WILD ONES FAIRVIEW,611 71 AV SE,50.9887073557734,-114.04907462204854
FACILITY-BASED PROGRAM,7811 RANCHVIEW DRIVE NW,45,2023-11-07,SUMMIT KIDS - ST. RITA,7811 RANCHVIEW DR NW,51.12014312353664,-114.18184011324166
FACILITY-BASED PROGRAM,4820 DALHART ROAD NW,30,2023-11-07,CHILD'S PLAY OUT OF SCHOOL CARE @ ST DOMINIC,4820 DALHART RD NW,51.10938643209365,-114.15460780325074
FACILITY-BASED PROGRAM,4931 GROVE HILL RD SW,100,2023-11-07,CHILD'S PLAY OUT OF SCHOOL CARE @ GLENMEADOWS,4931 GV HL RD SW,51.03542416314271,-114.15855585181832
FACILITY-BASED PROGRAM,2839 - 12 AVENUE SE,52,2023-11-07,ALBERT PARK CHILD CARE CENTRE,2839 12 AV SE,51.04186054834716,-113.9933263821865
FACILITY-BASED PROGRAM,"129, 2640 - 52 STREET NE",29,2023-11-07,FOOTHILLS CREATIVE BEGINNINGS PRESCHOOL & ECS,2640 52 ST NE,51.07551403966318,-113.95810980431423
FACILITY-BASED PROGRAM,5 SOMERSET CIRCLE SW,60,2023-11-07,SOMERSET CHILD CARE,5 SOMERSET CI SW,50.89677668556153,-114.08133749138108
FACILITY-BASED PROGRAM,3011 - 35 STREET SW,60,2023-11-08,CHILD'S PLAY OUT OF SCHOOL CARE @ HOLY NAME,3011 35 ST SW,51.027450204541886,-114.13849987433215
FACILITY-BASED PROGRAM,7 MCKENZIE TOWNE GATE SE,36,2023-11-08,SONSHINE PARK PRESCHOOL,7 MCKENZIE TOWNE GA SE,50.91589843351305,-113.96342546297136
FACILITY-BASED PROGRAM,19 RIVERVALLEY DRIVE SE,154,2023-11-08,LITTLE STEPS,19 RIVERVALLEY DR SE,50.97266962205422,-114.01667630010344
FACILITY-BASED PROGRAM,3826 COLLINGWOOD DRIVE NW,45,2023-11-08,ADVENTURERS SCHOOL AGE CARE LTD: COLLINGWOOD,3826 COLLINGWOOD DR NW,51.08583211793371,-114.10450281843003
FACILITY-BASED PROGRAM,"314, 100 AUBURN MEADOWS DRIVE SE",67,2023-11-08,KIDS' STOP CHILDREN'S CENTRE - AUBURN BAY OSC,100 AUBURN MEADOWS DR SE,50.89410407177073,-113.94501607715844
FACILITY-BASED PROGRAM,2108 UXBRIDGE DRIVE NW,16,2023-11-08,DOMINICAN SISTERS DAY CARE CENTRE,2108 UXBRIDGE DR NW,51.07113495712313,-114.13038013141096
FACILITY-BASED PROGRAM,"256, 30 SPRINGBOROUGH BLVD SW",54,2023-11-08,MONTESSORI BY BRIGHTPATH,30 SPRINGBOROUGH BV SW,51.034462994631355,-114.19126359935665
FACILITY-BASED PROGRAM,12 ARBOUR LAKE DRIVE NW,56,2023-11-08,CHILDSPLACE LEARNING CENTRES LTD.,12 ARBOUR LAKE DR NW,51.13362683923102,-114.2027367966087
FACILITY-BASED PROGRAM,"20, 20 PANATELLA BLVD NW",20,2023-11-09,PRESCHOOL 101 INC.,20 PANATELLA BV NW,51.16470498594889,-114.07124084628916
FACILITY-BASED PROGRAM,1216 - 36 AVENUE SW,101,2023-11-09,SEEDS OF S.P.I.C.E. EARLY LEARNING CENTRE INC.,1216 36 AV SW,51.02177989918541,-114.0902968354174
FACILITY-BASED PROGRAM,680 ACADIA DRIVE SE,49,2023-11-09,CREATIONS CHILD CARE INC.,680 ACADIA DR SE,50.959721829838585,-114.0434646362327
FACILITY-BASED PROGRAM,"108, 20 SADDLESTONE DRIVE NE",112,2023-11-09,SADDLERIDGE DAYCARE,20 SADDLESTONE DR NE,51.12907897393837,-113.92823551299917
FACILITY-BASED PROGRAM,225 PRESTWICK AVENUE SE,150,2023-11-09,1ST CLASS AFTER CLASS - ST. ALBERT,225 PRESTWICK AV SE,50.92205528905168,-113.95964537196848
FACILITY-BASED PROGRAM,2324 MAUNSELL DRIVE NE,56,2023-11-09,BRIAR HILL CHILDREN'S PROGRAMS-MAYLAND HEIGHTS,2324 MAUNSELL DR NE,51.05856797502251,-114.00624750240858
FACILITY-BASED PROGRAM,6508 BOWWOOD DRIVE NW,16,2023-11-10,SCIENCE MATTERS,6508 BOWWOOD DR NW,51.08606511356115,-114.18302697903654
FACILITY-BASED PROGRAM,650 HAWKWOOD BLVD NW,60,2023-11-10,CHILDREN COME FIRST ASSOCIATION - HAWKWOOD,650 HAWKWOOD BV NW,51.1304054776012,-114.1798902307718
FACILITY-BASED PROGRAM,640 NORTHMOUNT DRIVE NW,56,2023-11-10,CHILDREN COME FIRST ASSOCIATION - CAMBRIAN HEIGHTS,640 NORTHMOUNT DR NW,51.085666425395694,-114.08905338938224
FACILITY-BASED PROGRAM,4922 NORTH HAVEN DRIVE NW,70,2023-11-10,CHILDREN COME FIRST ASSOCIATION - NORTH HAVEN,4922 NORTH HAVEN DR NW,51.09765882200702,-114.0870629667534
FACILITY-BASED PROGRAM,463 LAKE NEWELL CRESCENT SE,39,2023-11-10,BONAVISTA MONTESSORI CHILDRENS CENTRE,463 LAKE NEWELL CR SE,50.949666212835965,-114.06570830132893
FACILITY-BASED PROGRAM,"44, 20 DOUGLAS WOODS DRIVE SE",36,2023-11-10,MONTESSORI EARLY LEARNING CENTRE,20 DOUGLAS WOODS DR SE,50.9434672089872,-114.00216088242794
FACILITY-BASED PROGRAM,97 MCKENZIE TOWNE BLVD SE,286,2023-11-10,BRIGHTPATH MCKENZIE TOWNE,97 MCKENZIE TOWNE BV SE,50.917955788302635,-113.95937355440807
FACILITY-BASED PROGRAM,"UNIT 109/110, 78 SADDLEPEACE MANOR NE",53,2023-11-10,NURTURING BRAINS ACADEMY LTD.,78 SADDLEPEACE MR NE,51.13179771938633,-113.96702966455442
FACILITY-BASED PROGRAM,"400, 333 SHAWVILLE BLVD SE",48,2023-11-14,SHAWNESSY YMCA CHILD DEVELOPMENT CENTRE,333 SHAWVILLE BV SE,50.89837481386987,-114.06287994519658
FACILITY-BASED PROGRAM,3 SANDSTONE DRIVE NW,80,2023-11-14,SANDSTONE CHILD LEARNING CENTRE,3 SANDSTONE DR NW,51.13361549372128,-114.08948838276204
FACILITY-BASED PROGRAM,2210 - 18 STREET NW,70,2023-11-14,ADVENTURERS SCHOOL AGE CARE LTD: CAPITOL HILL,2210 18 ST NW,51.07183753052323,-114.10438834485336
FACILITY-BASED PROGRAM,"200, 5717 - 2 STREET SW",84,2023-11-14,THORNHILL CHILD CARE - LUMINO CENTRE,5717 2 ST SW,51.00317550514493,-114.06878053193586
FACILITY-BASED PROGRAM,5 REDSTONE HEIGHTS NE,40,2023-11-14,THE TREASURE SEEDS DAYCARE,5 REDSTONE HT NE,51.173939822847714,-113.96370977380674
FACILITY-BASED PROGRAM,2036 - 20 AVENUE SW,90,2023-11-14,CALGARY ARTS ACADEMY STUDENT CARE,2036 20 AV SW,51.0359010872436,-114.1072701719863
FACILITY-BASED PROGRAM,"250, 639 - 5 AVENUE SW",90,2023-11-15,LITTLE TREASURES INC.,639 5 AV SW,51.04863498824823,-114.07554787376613
FACILITY-BASED PROGRAM,"214, 10 CHAPARRAL DRIVE SE",24,2023-11-15,A CHILD FIRST PRESCHOOL INC.,10 CHAPARRAL DR SE,50.88576226857399,-114.02675706373286
FACILITY-BASED PROGRAM,509 HARVEST HILLS DRIVE NE,160,2023-11-15,LITTLE STEPS - AOOL,509 HARVEST HILLS DR NE,51.14657248623041,-114.06031104286842
FACILITY-BASED PROGRAM,1229 - 17A STREET NE,60,2023-11-15,BELFAST STUDENT CARE,1229 17A ST NE,51.06309468913039,-114.01778592721196
FACILITY-BASED PROGRAM,7555 FALCONRIDGE BLVD NE,24,2023-11-15,PRE-KINDERGARTEN AT THE GENESIS CENTRE,7555 FALCONRIDGE BV NE,51.11890394995481,-113.94743612224346
FACILITY-BASED PROGRAM,236 ACADIA DRIVE SE,71,2023-11-15,BRIGHTPATH ACADIA,236 ACADIA DR SE,50.97237571217305,-114.058599482682
FACILITY-BASED PROGRAM,3610 SARCEE ROAD SW,18,2023-11-15,DISCOVERY PRESCHOOL SOCIETY OF CALGARY,3610 SARCEE RD SW,51.022290228863746,-114.12948438305482
FACILITY-BASED PROGRAM,732 - 55 AVENUE SW,38,2023-11-16,FREE TO BE KIDZ EARLY LEARNING CENTER,732 55 AV SW,51.00436815284554,-114.08085708947876
FACILITY-BASED PROGRAM,"105, 4720 - 106 AVENUE SE",115,2023-11-16,SOUTH CALGARY MONTESSORI CHILD CARE LTD.,4720 106 AV SE,50.95806688314253,-113.9679274063242
FACILITY-BASED PROGRAM,3527 FONDA WAY SE,94,2023-11-16,KIDDIES DAYCARE CENTRE,3527 FONDA WY SE,51.05075325776382,-113.97432660198912
FACILITY-BASED PROGRAM,"352, 2335 - 162 AVENUE SW",40,2023-11-16,APPLE TREE PRESCHOOL,2335 162 AV SW,50.90650529201677,-114.1121139987873
FACILITY-BASED PROGRAM,6 NEW BRIGHTON HEATH SE,90,2023-11-17,NEW BRIGHTON CHILD CARE,6 NEW BRIGHTON HE SE,50.92541532204444,-113.953721618952
FACILITY-BASED PROGRAM,1015 - 73 AVENUE SW,60,2023-11-17,HOPSCOTCH BEFORE AND AFTER CARE CKE,1015 73 AV SW,50.98768045616568,-114.0842064963222
FACILITY-BASED PROGRAM,6625 - 4 STREET NE,77,2023-11-17,CHILDREN COME FIRST ASSOCIATION - CNG,6625 4 ST NE,51.1119797605303,-114.0572056044324
FACILITY-BASED PROGRAM,2223 SPILLER ROAD SE,70,2023-11-17,CODED MINDS - RAMSAY ISTEAM LAB,2223 SPILLER RD SE,51.033023913969366,-114.04546121752836
FACILITY-BASED PROGRAM,200 SUNMILLS DRIVE SE,56,2023-11-20,CHILDREN CAN SUCCEED INC. - SUNDANCE,200 SUNMILLS DR SE,50.899735357693906,-114.04679513127402
FACILITY-BASED PROGRAM,"#1, 3109 PALLISER DRIVE SW",71,2023-11-20,PREFERRED CHILD CARE LTD.,3109 PALLISER DR SW,50.97028740669147,-114.13060754800289
FACILITY-BASED PROGRAM,"150, 10 ROYAL VISTA DRIVE NW",64,2023-11-20,CHAPTER1 DAYCARE ROYAL OAK,10 ROYAL VISTA DR NW,51.15106847678903,-114.20682918206036
FACILITY-BASED PROGRAM,10 - 11A STREET NE,277,2023-11-20,WEE WILD ONES BRIDGELAND,10 11A ST NE,51.04865636521991,-114.03454890299848
FACILITY-BASED PROGRAM,800 AUBURN BAY BLVD SE,100,2023-11-20,A CHILD FIRST PRESCHOOL INC. - ST. GIANNA,800 AUBURN BA BV SE,50.89484570924265,-113.96946761035608
FACILITY-BASED PROGRAM,416 - 83 AVENUE SE,42,2023-11-20,A2Z KIDZ ED. (2),416 83 AV SE,50.97820044193978,-114.0580860196299
FACILITY-BASED PROGRAM,610 AGATE CRESCENT SE,95,2023-11-20,SUMMIT KIDS - ST CECILIA,610 AGATE CR SE,50.96488672603478,-114.05088631437232
FACILITY-BASED PROGRAM,120 - 23 STREET NW,60,2023-11-21,KINDRED PARENT CHILD LEARNING CENTRE,120 23 ST NW,51.053065376143735,-114.11492240809442
FACILITY-BASED PROGRAM,277 STRATHCONA DRIVE SW,56,2023-11-21,KIDZINC SCHOOL AGE CARE  - STRATHCONA,277 STRATHCONA DR SW,51.0473265854123,-114.18042164432411
FACILITY-BASED PROGRAM,"212 , 8 NOLAN HILL BLVD NW",48,2023-11-21,KALEIDOSCOPE KIDS PRESCHOOL - NOLAN,8 NOLAN HL BV NW,51.172144768816246,-114.15760366370904
FACILITY-BASED PROGRAM,1407 - 7 AVENUE NW,32,2023-11-21,KIDS @ CHURCHILL PARK-PARKSIDE CHILD CARE,1407 7 AV NW,51.05878568539798,-114.09227969944378
FACILITY-BASED PROGRAM,277 STRATHCONA DRIVE SW,24,2023-11-21,SEEDLINGS SPANISH PRESCHOOL - STRATHCONA,277 STRATHCONA DR SW,51.0473265854123,-114.18042164432411
FACILITY-BASED PROGRAM,"128, 197 - 1 STREET SW",75,2023-11-22,CHAPTER1 DAYCARE CHINATOWN,197 1 ST SW,51.051281720563296,-114.06529012440323
FACILITY-BASED PROGRAM,450 ROYAL OAK DRIVE NW,23,2023-11-22,EARLY DISCOVERIES NURSERY SCHOOL- ROYAL OAK,450 ROYAL OAK DR NW,51.138776323278464,-114.23192181023217
FACILITY-BASED PROGRAM,14911 - 5 STREET SW,72,2023-11-22,KIDS & COMPANY LTD. - MILLRISE,14911 5 ST SW,50.91917378401855,-114.07267492350728
FACILITY-BASED PROGRAM,7318 SILVER SPRINGS BLVD NW,45,2023-11-22,CHILD'S PLAY OUT OF SCHOOL CARE @ ST. SYLVESTER,7318 SILVER SPRINGS BV NW,51.10889012487311,-114.1944551646102
FACILITY-BASED PROGRAM,3716 - 2 STREET NW,20,2023-11-22,HIGHLAND PARK COMMUNITY PRESCHOOL,3716 2 ST NW,51.0854239263303,-114.06647240564368
FACILITY-BASED PROGRAM,134 SCARBORO AVENUE SW,24,2023-11-22,SEEDLINGS SPANISH PRESCHOOL - SCARBORO,134 SCARBORO AV SW,51.03878765570072,-114.10088401507532
FACILITY-BASED PROGRAM,2315 PALLISER DRIVE SW,55,2023-11-22,SUMMIT KIDS - NELLIE,2315 PALLISER DR SW,50.96881823515914,-114.112700454287
FACILITY-BASED PROGRAM,"126, 790 COVENTRY DRIVE NE",24,2023-11-22,CURIOSITY CORNER PRESCHOOL INC.,790 COVENTRY DR NE,51.158340445769824,-114.04365155480144
FACILITY-BASED PROGRAM,4207 41 AVE SW,60,2023-11-23,KIDZINC SCHOOL AGE CARE - GLAMORGAN,4207 41 AV SW,51.01727707773647,-114.14588999539704
FACILITY-BASED PROGRAM,5720 SILVER RIDGE DRIVE NW,56,2023-11-23,SILVER SPRINGS PRESCHOOL,5720 SILVER RIDGE DR NW,51.10395673313669,-114.1919843419542
FACILITY-BASED PROGRAM,4411 SPRUCE DRIVE SW,20,2023-11-23,WILDWOOD PLAY SCHOOL,4411 SPRUCE DR SW,51.0521337374908,-114.1503164237502
FACILITY-BASED PROGRAM,2231 LONGRIDGE DRIVE SW,82,2023-11-23,KINDER STUDIOS,2231 LONGRIDGE DR SW,50.9970306984915,-114.1125735193015
FACILITY-BASED PROGRAM,4995 MARKET STREET SE,62,2023-11-23,SETON YMCA CHILD DEVELOPMENT CENTRE,4995 MARKET ST SE,50.88123885522022,-113.94384076386186
FACILITY-BASED PROGRAM,2919 8 AVENUE NW,60,2023-11-23,MOSAIC MONTESSORI PARKDALE,2919 8 AV NW,51.05949914479936,-114.12868032083723
FACILITY-BASED PROGRAM,8 EDGEPARK RISE NW,65,2023-11-23,EDGEMONT CHILDCARE CENTRE,8 EDGEPARK RI NW,51.1325769103509,-114.15778849786362
FACILITY-BASED PROGRAM,3305 - 40 STREET SW,52,2023-11-23,TEDDY BEAR DAYCARE CENTRE,3305 40 ST SW,51.02513901779707,-114.14558416359432
FACILITY-BASED PROGRAM,"101, 1526 - 9 AVENUE SE",82,2023-11-23,LITTLE TREASURES INGLEWOOD,1526 9 AV SE,51.03867966318182,-114.0273606812269
FACILITY-BASED PROGRAM,721 - 38 AVENUE SW,45,2023-11-24,CHILD'S PLAY OUT OF SCHOOL CARE @ ELBOW PARK,721 38 AV SW,51.01999122464336,-114.082193373103
FACILITY-BASED PROGRAM,2004 - 4 STREET NE,53,2023-11-24,CREATIVE WORLD,2004 4 ST NE,51.06971266239445,-114.05230424424008
FACILITY-BASED PROGRAM,1711 LAKE BONAVISTA DRIVE SE,100,2023-11-24,RECHOUSE - ANDREW SIBBALD ELEMENTARY,1711 LAKE BONAVISTA DR SE,50.93470178047091,-114.04119729339384
FACILITY-BASED PROGRAM,10307 EAMON ROAD NW,60,2023-11-24,ROC CHILDCARE,10307 EAMON RD NW,51.13628555283086,-114.23735857958413
FACILITY-BASED PROGRAM,1232 NORTHMOUNT DRIVE NW,100,2023-11-24,CHILD'S PLAY OUT OF SCHOOL CARE @ ST. LUKE,1232 NORTHMOUNT DR NW,51.09064689645405,-114.12286287339604
FACILITY-BASED PROGRAM,730 WOODBINE BLVD SW,28,2023-11-24,CHILD'S PLAY OUT OF SCHOOL CARE @ ST. JUDE,730 WOODBINE BV SW,50.94268039425095,-114.13379067951898
FACILITY-BASED PROGRAM,7970 WENTWORTH DR. SW,90,2023-11-24,SUMMIT KIDS - SJA,7970 WENTWORTH DR SW,51.05682839023325,-114.20770098318658
FACILITY-BASED PROGRAM,"204, 555 - 11 AVENUE SW",85,2023-11-24,FAMILY FIRST CREATIVE LEARNING CENTRE INC.,555 11 AV SW,51.0425453899424,-114.0734430386194
FACILITY-BASED PROGRAM,38 KINCORA RISE NW,66,2023-11-24,EARLY DISCOVERIES NURSERY SCHOOL-KINCORA,38 KINCORA RI NW,51.16271773594062,-114.13132946509714
FACILITY-BASED PROGRAM,8999 WENTWORTH AVENUE SW,60,2023-11-24,MAPLE ROOTS OOSC WEST SPRINGS,8999 WENTWORTH AV SW,51.05882115188394,-114.21675684576064
FACILITY-BASED PROGRAM,16198 MCKENZIE LAKE WAY SE,135,2023-11-24,MCKENZIE LAKE CHILDCARE,16198 MCKENZIE LAKE WY SE,50.906764667460926,-113.9831167621121
FACILITY-BASED PROGRAM,3127 BOWWOOD DRIVE NW,108,2023-11-24,RIVER VALLEY EARLY LEARNING,3127 BOWWOOD DR NW,51.08007675180706,-114.17406870363642
FACILITY-BASED PROGRAM,2115 20 AVE NW,24,2023-11-27,SEEDLINGS SPANISH PRESCHOOL - BANFF TRAIL,2115 20 AV NW,51.07040620622475,-114.10900128388288
FACILITY-BASED PROGRAM,2640 RUNDLELAWN ROAD NE,88,2023-11-27,KINGS KIDS OUT OF SCHOOL CARE,2640 RUNDLELAWN RD NE,51.07601135725256,-113.97390598267368
FACILITY-BASED PROGRAM,55 MIDPARK RISE SE,60,2023-11-27,MID-SUN COMMUNITY CHILD CARE MIDNAPORE ELEMENTARY,55 MIDPARK RI SE,50.91548179461712,-114.0557837179106
FACILITY-BASED PROGRAM,515 COUGAR RIDGE DRIVE SW,40,2023-11-28,CALGARY WALDORF SCHOOL,515 COUGAR RIDGE DR SW,51.07241340808473,-114.2192698495036
FACILITY-BASED PROGRAM,80 FALSHIRE DRIVE NE,99,2023-11-28,BRIGHTPATH FALCONRIDGE,80 FALSHIRE DR NE,51.10545364597638,-113.94665687816014
FACILITY-BASED PROGRAM,845 HILLCREST AVENUE SW,87,2023-11-28,LITTLE STEPS - EARL GREY OSC,845 HILLCREST AV SW,51.03115356527869,-114.08171671940757
FACILITY-BASED PROGRAM,"515, 4916 - 130 AVENUE SE",105,2023-11-28,1ST CLASS CHILDCARE - 130TH,4916 130 AV SE,50.93215623562951,-113.96195869909312
FACILITY-BASED PROGRAM,16201 MCKENZIE LAKE BLVD SE,75,2023-11-28,EARLY MINDS OUT OF SCHOOL CARE - NEWMAN,16201 MCKENZIE LAKE BV SE,50.90732714723203,-113.9880403192862
FACILITY-BASED PROGRAM,3715 - 67 STREET NE,43,2023-11-28,MISS MICHELLE'S CHILD DEVELOPMENT DAYCARE LTD.,3715 67 ST NE,51.08616630077611,-113.9373002083438
FACILITY-BASED PROGRAM,20 ASPEN HILLS DRIVE SW,90,2023-11-29,MAPLE ROOTS OOSC GUARDIAN ANGEL,20 ASPEN HILLS DR SW,51.0402531772218,-114.21657813691142
FACILITY-BASED PROGRAM,"240, 50 NOLANRIDGE COURT NW",76,2023-11-29,TINY TOTS DAYCARE & PRESCHOOL INC,50 NOLANRIDGE CO NW,51.17058934059885,-114.16747980532976
FACILITY-BASED PROGRAM,1407 - 7 AVENUE NW,60,2023-11-29,MONTESSORI ALBERTA,1407 7 AV NW,51.05878568539798,-114.09227969944378
FACILITY-BASED PROGRAM,"300, 910 - 7 AVENUE SW",80,2023-11-29,CHILDREN'S CREATIVE LEARNING CENTRE,910 7 AV SW,51.04717173860302,-114.08220880894682
FACILITY-BASED PROGRAM,1123 - 87 AVENUE SW,45,2023-11-29,MAPLE ROOTS OOSC HAYSBORO,1123 87 AV SW,50.9756711020576,-114.08884103890288
FACILITY-BASED PROGRAM,3717 CENTRE STREET NW,42,2023-11-29,S'COOL KIDS CLUB,3717 CE ST NW,51.085651291073496,-114.06263358138536
FACILITY-BASED PROGRAM,"504, 303 SHAWVILLE BLVD SE",155,2023-11-29,1ST CLASS CHILDCARE - SHAWNESSY,303 SHAWVILLE BV SE,50.90029803299689,-114.06404291176668
FACILITY-BASED PROGRAM,300 STRATHCONA DRIVE SW,60,2023-11-29,KIDZINC SCHOOL AGE CARE - JOHN COSTELLO,300 STRATHCONA DR SW,51.04824341177674,-114.18050381676896
FACILITY-BASED PROGRAM,277 STRATHCONA DRIVE SW,40,2023-11-29,A CHILD'S GARDEN PRESCHOOL,277 STRATHCONA DR SW,51.0473265854123,-114.18042164432411
FACILITY-BASED PROGRAM,320 ABERGALE DRIVE NE,20,2023-11-29,LITTLE BUFFALOS EARLY LEARNING & CHILDCARE CENTER,320 ABERGALE DR NE,51.05673093215999,-113.92940992381902
FACILITY-BASED PROGRAM,812 MCKENZIE DRIVE SE,80,2023-11-29,KIDSLAND PRE-SCHOOL - MCKENZIE,812 MCKENZIE DR SE,50.901699546638135,-113.98995097569222
FACILITY-BASED PROGRAM,167 EVERMEADOW AVENUE SW,20,2023-11-29,EVERGREEN CHILD CARE,167 EVERMEADOW AV SW,50.91394892489818,-114.12115532522014
FACILITY-BASED PROGRAM,2635 - 32 STREET SW,120,2023-11-30,MONTESSORI CASA - KILLARNEY,2635 32 ST SW,51.0303154260304,-114.13425933577248
FACILITY-BASED PROGRAM,11263 OAKFIELD DRIVE SW,72,2023-11-30,HAPPY TIME CHILD CARE CENTRE,11263 OAKFIELD DR SW,50.95390741589353,-114.128301303157
FACILITY-BASED PROGRAM,1819 - 66 AVENUE SE,60,2023-11-30,CODED MINDS - BANTING AND BEST ISTEAM LAB,1819 66 AV SE,50.99401234788763,-114.01406526124102
FACILITY-BASED PROGRAM,"G100, 2210 - 2 STREET SW",127,2023-12-01,SUNVALLEY KIDS MONTESSORI MISSION,2210 2 ST SW,51.03238781753659,-114.0687209996187
FACILITY-BASED PROGRAM,5615 BARRETT DRIVE NW,56,2023-12-01,MILLENNIUM KIDZ N KARE LTD.,5615 BARRETT DR NW,51.10346174731187,-114.1344123378502
FACILITY-BASED PROGRAM,10702 18 STREET SE,348,2023-12-01,QUARRY PARK CHILD DEVELOPMENT CENTRE,10702 18 ST SE,50.95719006953368,-114.0070027954359
FACILITY-BASED PROGRAM,829 RIDEAU ROAD SW,52,2023-12-01,SUMMIT KIDS - RIDEAU,829 RIDEAU RD SW,51.02555125130427,-114.07575735259688
FACILITY-BASED PROGRAM,"322, 5320 - 8 AVENUE SE",74,2023-12-01,MILHULRON DAY CARE LTD.,5320 8 AV SE,51.04530923027846,-113.95658935585436
FACILITY-BASED PROGRAM,950 - 6 STREET NE,70,2023-12-01,ADVENTURES CHILD CARE 6,950 6 ST NE,51.0601583836116,-114.0481741683224
FACILITY-BASED PROGRAM,13825 PARKSIDE DRIVE SE,85,2023-12-01,TOPP KIDS OUT OF SCHOOL CLUB - ST PHILIP FINE ART SCHOOL,13825 PARKSIDE DR SE,50.92785018305589,-114.03768727392892
FACILITY-BASED PROGRAM,8825 SCURFIELD DR NW,16,2023-12-01,SCENIC ACRES MONTESSORI,8825 SCURFIELD DR NW,51.12218029940578,-114.2143656370364
FACILITY-BASED PROGRAM,7000 ELKTON DRIVE SW,23,2023-12-04,CUTE'N CREATIVE CHILDCARE INC.,7000 ELKTON DR SW,51.02342855964773,-114.18818387694029
FACILITY-BASED PROGRAM,483 SILVERADO BLVD SW,124,2023-12-04,1ST CLASS AFTER CLASS - SILVERADO,483 SILVERADO BV SW,50.88070334151724,-114.08656767572197
FAMILY DAY HOME,9 PANAMOUNT CRES NW,300,2023-12-04,INNER GARDEN BILINGUAL DAYHOME AGENCY,9 PANAMOUNT CR NW,51.15593666166749,-114.07108067720591
FAMILY DAY HOME,"116, 817 - 19 STREET NE",1200,2023-12-04,DAVAR CHILD CARE SOCIETY,817 19 ST NE,51.05879661001222,-114.01341348644756
FACILITY-BASED PROGRAM,"1000, 4 ROYAL VISTA WAY NW",97,2023-12-05,JOSO'S PRESCHOOL ACADEMY - ROYAL OAK,4 ROYAL VISTA WY NW,51.15177834649887,-114.20700282093868
FACILITY-BASED PROGRAM,711 COVENTRY DRIVE NE,140,2023-12-05,LITTLE STEPS - NORTHERN LIGHTS,711 COVENTRY DR NE,51.15715696018971,-114.0471520327648
FACILITY-BASED PROGRAM,375 HAWKSTONE DRIVE NW,30,2023-12-05,KIDZINC SCHOOL AGE CARE - ST. MARIA GORETTI,375 HAWKSTONE DR NW,51.13483089048726,-114.17824001489818
FACILITY-BASED PROGRAM,2060 SYMONS VALLEY PARKWAY NW,45,2023-12-05,GREY MATTER MONTESSORI INC.,2060 SYMONS VALLEY PY NW,51.1743897997568,-114.10824640012964
FACILITY-BASED PROGRAM,7655 - 26 AVENUE SW,63,2023-12-05,MY KINDERHOUSE SPRINGBANK HILL,7655 26 AV SW,51.03042206647305,-114.1966976311946
FACILITY-BASED PROGRAM,10203 MAPLEMONT ROAD SE,100,2023-12-05,TOPP KIDS OUT OF SCHOOL CLUB - MAPLE RIDGE ELEMENTARY,10203 MAPLEMONT RD SE,50.96157445089008,-114.0415152088084
FACILITY-BASED PROGRAM,4099 GARRISON BLVD SW,146,2023-12-05,LYCEE LOUIS PASTEUR SOCIETY,4099 GARRISON BV SW,51.01796425468462,-114.11404545648595
FACILITY-BASED PROGRAM,7 AUBURN BAY AVENUE SE,70,2023-12-05,TOPP KIDS OUT OF SCHOOL CLUB - AUBURN BAY SCHOOL,7 AUBURN BA AV SE,50.89701902168594,-113.96179471353932
FACILITY-BASED PROGRAM,2100 19 STREET NE,108,2023-12-05,EARLY EXPLORERS LEARNING CENTRE LTD,2100 19 ST NE,51.07060460477466,-114.01322998104442
FACILITY-BASED PROGRAM,7904 - 43 AVENUE NW,25,2023-12-05,LITTLE OAKS EARLY EDUCATION,7904 43 AV NW,51.091277091062366,-114.20013467025036
GROUP FAMILY CHILD CARE PROGRAM,9 EVANSBOROUGH GREEN NW,10,2023-12-05,MIGHTY MINDS MONTESSORI,9 EVANSBOROUGH GR NW,51.18025989021202,-114.1220239677217
FACILITY-BASED PROGRAM,781 NORTHMOUNT DRIVE NW,31,2023-12-05,BEST AMIGOS FOREVER LTD.,781 NORTHMOUNT DR NW,51.082854993268754,-114.0963017698798
FACILITY-BASED PROGRAM,2807 - 10 STREET NW,34,2023-12-05,COMMON DIGS FOREST SCHOOL - ROSEMONT,2807 10 ST NW,51.07433676385691,-114.08482632461558
FACILITY-BASED PROGRAM,50 MIDPARK RISE SE,80,2023-12-05,MID-SUN COMMUNITY CHILD CARE,50 MIDPARK RI SE,50.91548160707303,-114.0561749114482
FACILITY-BASED PROGRAM,4725 - 33 AVENUE SW,45,2023-12-06,MAPLE ROOTS OOSC GLENBROOK,4725 33 AV SW,51.0233165511946,-114.1555254984996
FACILITY-BASED PROGRAM,"104, 625 - 42 AVENUE NE",179,2023-12-06,LITTLE SCHOLARS DAYCARE GREENVIEW,625 42 AV NE,51.09073587839093,-114.05036414546736
FACILITY-BASED PROGRAM,"2120, 380 CANYON MEADOWS DRIVE SE",31,2023-12-06,CREATIVE LEARNING CENTRE,380 CANYON MEADOWS DR SE,50.93034249351539,-114.06386115957038
FACILITY-BASED PROGRAM,5607 THORNTON ROAD NW,45,2023-12-06,SUMMIT KIDS - CORPUSC,5607 THORNTON RD NW,51.1017708205826,-114.06786536502028
FACILITY-BASED PROGRAM,"BLOCK 402, 512 - 18 STREET NW",71,2023-12-06,ADVENTURERS SCHOOL AGE CARE LTD: QUEEN ELIZABETH,512 18 ST NW,51.05634342509112,-114.10223791621536
FACILITY-BASED PROGRAM,140 HADDON ROAD SW,75,2023-12-06,THORNHILL CHILD CARE - HAYSBORO CENTRE,140 HADDON RD SW,50.973281317257026,-114.07803756493304
FACILITY-BASED PROGRAM,8831 FAIRMOUNT DRIVE SE,24,2023-12-06,PAINTED WOMBAT FINE ARTS PRESCHOOL,8831 FAIRMOUNT DR SE,50.97490177437124,-114.05996949970888
FACILITY-BASED PROGRAM,"108, 8060 SILVER SPRINGS BLVD NW",165,2023-12-06,FIT KIDS CARE,8060 SILVER SPRINGS BV NW,51.11573032132341,-114.20520943688112
FACILITY-BASED PROGRAM,1507 ACADIA DRIVE SE,46,2023-12-06,TOT SPOT PRESCHOOL,1507 ACADIA DR SE,50.93084879596415,-114.04856642636172
FAMILY DAY HOME,191 TUSCANY RAVINE VIEW NW,60,2023-12-06,ART AND SOUL MONTESSORI CHILDCARE INC.,191 TUSCANY RAVINE VW NW,51.11172166652199,-114.24161685787465
FACILITY-BASED PROGRAM,6311 TREGILLUS STREET NW,70,2023-12-06,EDUCENTRE EARLY LEARNING,6311 TREGILLUS ST NW,51.10865027919832,-114.06672307720886
FACILITY-BASED PROGRAM,16520 - 24 STREET SW,114,2023-12-07,ABC PROGRAM,16520 24 ST SW,50.90406435010423,-114.11687103781176
FACILITY-BASED PROGRAM,3730 WESTWINDS DRIVE NE,132,2023-12-07,LITTLE STARS DAYCARE,3730 WESTWINDS DR NE,51.10827806659596,-113.97365279478464
FACILITY-BASED PROGRAM,3504 - 26 AVENUE SW,68,2023-12-07,HAPPY TIME CHILD CARE KILLARNEY CENTRE,3504 26 AV SW,51.03016067217117,-114.13744134898808
FACILITY-BASED PROGRAM,3 WINDSOR CRESCENT SW,58,2023-12-07,BRITANNIA MONTESSORI CHILDREN'S CENTRE,3 WINDSOR CR SW,51.00771146959191,-114.0817826926058
FACILITY-BASED PROGRAM,7535 HUNTRIDGE HILL NE,72,2023-12-07,HUNTINGTON CHILD DEVELOPMENT CENTRE,7535 HUNTRIDGE HL NE,51.12012258009933,-114.06271041932229
FACILITY-BASED PROGRAM,1625  - 18 STREET NE,95,2023-12-07,IMAGINE EARLY LEARNING AND CHILDCARE CENTRE,1625 18 ST NE,51.06622606509047,-114.0164208972342
FACILITY-BASED PROGRAM,"289 & 210, 523 WOODPARK BLVD SW",157,2023-12-07,MOMMY'S KIDS CHILDCARE CENTRE LTD.,523 WOODPARK BV SW,50.9408495612113,-114.1092012036478
FACILITY-BASED PROGRAM,"2L, 1134 - 8 AVENUE SW",46,2023-12-08,DISCOVERY CHILD CARE INC.,1134 8 AV SW,51.046387840761454,-114.08797831942746
FACILITY-BASED PROGRAM,"19, 8 WESTON DRIVE SW",24,2023-12-08,AKIDEMY EARLY LEARNING AND CARE,8 WESTON DR SW,51.0634045290159,-114.19454718835132
FACILITY-BASED PROGRAM,385 CAPRI AVENUE NW,24,2023-12-08,CHARLESWOOD DAY NURSERY LTD.,385 CAPRI AV NW,51.09407803979981,-114.12320890305185
FACILITY-BASED PROGRAM,54 COPPERSTONE ROAD SE,60,2023-12-08,TOPP KIDS OUT OF SCHOOL CLUB - COPPERFIELD,54 COPPERSTONE RD SE,50.914498247336645,-113.92920021686946
FACILITY-BASED PROGRAM,12350 COVENTRY HILLS WAY NE,60,2023-12-08,TOPP KIDS OUT OF SCHOOL CLUB - COVENTRY HILLS,12350 COVENTRY HILLS WY NE,51.16491371106226,-114.0501204991343
FACILITY-BASED PROGRAM,3008 33 ST SW,42,2023-12-08,KIDZINC SCHOOL AGE CARE - KILLARNEY,3008 33 ST SW,51.0277257448455,-114.13530408942562
FACILITY-BASED PROGRAM,170 TARAVISTA DRIVE NE,40,2023-12-08,TARADALE STUDENT CARE,170 TARAVISTA DR NE,51.12104782534749,-113.93795986696443
FACILITY-BASED PROGRAM,1416 - 21 STREET NE,48,2023-12-08,MAYLAND HEIGHTS CHILD CARE CENTRE LTD.,1416 21 ST NE,51.06441751435699,-114.0103114386001
FACILITY-BASED PROGRAM,226 NORTHMOUNT DRIVE NW,42,2023-12-08,NORTHMOUNT STUDENT CARE,226 NORTHMOUNT DR NW,51.099995191587,-114.07548147671493
FACILITY-BASED PROGRAM,211 - 7 STREET NW,87,2023-12-08,SUNNYSIDE PRE-KINDERGARTEN AND OUT OF SCHOOL CARE,211 7 ST NW,51.056720830136335,-114.07929373007944
FACILITY-BASED PROGRAM,875 STRATHCONA DRIVE SW,75,2023-12-08,KIDZINC SCHOOL AGE CARE - OLYMPIC HEIGHTS,875 STRATHCONA DR SW,51.044830682580574,-114.18122954159938
FACILITY-BASED PROGRAM,16210 MCKENZIE LAKE WAY SE,100,2023-12-08,TOPP KIDS OUT OF SCHOOL CLUB - MCKENZIE LAKE SCHOOL,16210 MCKENZIE LAKE WY SE,50.906773828335474,-113.98434339750769
FACILITY-BASED PROGRAM,9603 - 5 STREET SE,70,2023-12-08,ADVENTURES CHILD CARE 1,9603 5 ST SE,50.96844639865199,-114.05295854954828
FACILITY-BASED PROGRAM,1418 - 7 AVENUE NW,60,2023-12-08,BRIAR HILL CHILDREN'S PROGRAMS HILLHURST SCHOOL,1418 7 AV NW,51.059009878257505,-114.09323334774804
FACILITY-BASED PROGRAM,253 PARKLAND WAY SE,150,2023-12-08,TOPP KIDS OUT OF SCHOOL CLUB - PRINCE OF WALES,253 PARKLAND WY SE,50.92465124486289,-114.03281013545346
FACILITY-BASED PROGRAM,367 EVERSTONE DRIVE SW,60,2023-12-11,TOPP KIDS OUT OF SCHOOL CLUB - EVERGREEN,367 EVERSTONE DR SW,50.91677760456506,-114.1059031534128
FACILITY-BASED PROGRAM,"148, 30 SPRINGBOROUGH BLVD SW",66,2023-12-11,MONTESSORI BY BRIGHTPATH,30 SPRINGBOROUGH BV SW,51.034462994631355,-114.19126359935665
FACILITY-BASED PROGRAM,"20, 5220 - 4 STREET NE",214,2023-12-11,FUELING BRAINS ACADEMY MCKNIGHT,5220 4 ST NE,51.09818446244042,-114.05354701399509
FACILITY-BASED PROGRAM,680 ACADIA DR SE,47,2023-12-11,WILLOW RIDGE COMMUNITY KIDS CLUB,680 ACADIA DR SE,50.959721829838585,-114.0434646362327
FACILITY-BASED PROGRAM,1227 KENSINGTON CLOSE NW,64,2023-12-11,P.L.A.Y. COMMUNITY CHILD DEVELOPMENT CENTRE,1227 KENSINGTON CL NW,51.05154687129284,-114.09192022656909
FACILITY-BASED PROGRAM,250 WALDEN DRIVE SE,87,2023-12-11,FUELING BRAINS ACADEMY WALDEN,250 WALDEN DR SE,50.87395114895584,-114.03691314832592
FACILITY-BASED PROGRAM,"111, 1111 - 11 AVENUE SW",81,2023-12-11,CROSS CULTURAL CHILDREN'S CENTER,1111 11 AV SW,51.04292822885176,-114.0870205481468
FACILITY-BASED PROGRAM,120 SKYVIEW RANCH DR. NE,60,2023-12-11,SKYVIEW EARLY LEARNING VILLAGE,120 SKYVIEW RANCH DR NE,51.16195566702947,-113.9603363973128
FACILITY-BASED PROGRAM,205 CRANSTON DRIVE SE,75,2023-12-11,JUVENESCENCE - CRANSTON,205 CRANSTON DR SE,50.88669965762279,-113.98782293705628
FACILITY-BASED PROGRAM,235 - 18 AVENUE SW,30,2023-12-12,PARAMOUNT KIDS OUT OF SCHOOL CARE,235 18 AV SW,51.03701334966536,-114.06819894542416
FACILITY-BASED PROGRAM,730 CITADEL WAY NW,60,2023-12-12,ADVENTURERS SCHOOL AGE CARE LTD: ST. BRIGID,730 CITADEL WY NW,51.14672825526228,-114.1871065308406
FACILITY-BASED PROGRAM,"3, 2308 - 24 STREET SW",25,2023-12-12,RICHMOND DAYCARE LTD.,2308 24 ST SW,51.03346864574494,-114.11767957979794
FACILITY-BASED PROGRAM,30 EVANSCOVE CIRCLE NW,77,2023-12-12,CHILDREN COME FIRST ASSOCIATION - EVANSTON,30 EVANSCOVE CI NW,51.16518947673879,-114.11708809351612
FACILITY-BASED PROGRAM,1515 93 STREET SW,106,2023-12-12,WEBBER ACADEMY FOUNDATION DAY CARE CENTRE AND WEBBER ACADEMY,1515 93 ST SW,51.043680132139734,-114.22276317538696
FACILITY-BASED PROGRAM,141 - 50 AVENUE SE,72,2023-12-12,KIDS @ CHURCHILL PARK BRIGHT LIGHTS,141 50 AV SE,51.00859075301288,-114.06275481340906
FACILITY-BASED PROGRAM,4440 DALLYN STREET NW,100,2023-12-12,DALHOUSIE OUT OF SCHOOL CARE - DALHOUSIE ELEMENTARY,4440 DALLYN ST NW,51.106204123423566,-114.15156759554849
FACILITY-BASED PROGRAM,31 SILVERADO TERRACE SW,85,2023-12-12,TOPP KIDS OUT OF SCHOOL CLUB - HOLY CHILD SCHOOL,31 SILVERADO TC SW,50.88608696453326,-114.08225680630284
FACILITY-BASED PROGRAM,2227 - 58 AVENUE SW,30,2023-12-12,MOUNT ROYAL EARLY LEARNING CENTRE - BAS ST JAMES,2227 58 AV SW,51.00128920103286,-114.11300727358628
FACILITY-BASED PROGRAM,1721 - 29 AVENUE SW,65,2023-12-12,MARIA MONTESSORI EDUCATION CENTRE OF CALGARY LTD.,1721 29 AV SW,51.02756434157801,-114.10042712858746
FACILITY-BASED PROGRAM,"202, 912 - 6 AVENUE SW",61,2023-12-12,VISTA KIDS TOWN CHILD CARE,912 6 AV SW,51.04809343882207,-114.0817971660682
FACILITY-BASED PROGRAM,2312 - 18 STREET NW,70,2023-12-12,CHILD'S PLAY OUT OF SCHOOL CARE @ ST. PIUS,2312 18 ST NW,51.07280166385658,-114.10440099466831
FACILITY-BASED PROGRAM,217 HAWKSBROW DRIVE NW,36,2023-12-12,MELODIES PRESCHOOL HAWKWOOD,217 HAWKSBROW DR NW,51.12965636054017,-114.17593932616391
FACILITY-BASED PROGRAM,"200, 3425 - 22 STREET SW",157,2023-12-13,KIDS & COMPANY - MARDA LOOP,3425 22 ST SW,51.02342954842504,-114.1145452293007
FACILITY-BASED PROGRAM,403 - 28 AVENUE NE,48,2023-12-13,WINSTON HEIGHTS DAYCARE,403 28 AV NE,51.07774363791663,-114.05515799138276
FACILITY-BASED PROGRAM,3602 - 8 STREET SW,20,2023-12-13,CHRIST CHURCH PRESCHOOL CENTRE,3602 8 ST SW,51.02267613271116,-114.08344208363287
FACILITY-BASED PROGRAM,"180, 9 ROYAL VISTA DRIVE NW",83,2023-12-13,WONDER TALES PRE-SCHOOL ACADEMY,9 ROYAL VISTA DR NW,51.15075318311396,-114.20720117079908
FACILITY-BASED PROGRAM,8 ROSSBURN CRESCENT SW,35,2023-12-14,SUNSHINE DAYCARE,8 ROSSBURN CR SW,51.0469523460649,-114.15106756804842
FACILITY-BASED PROGRAM,1677 - 93 STREET SW,45,2023-12-14,CHILD'S PLAY OUT OF SCHOOL CARE @ CALGARY ACADEMY,1677 93 ST SW,51.04103229207849,-114.2227955802624
FACILITY-BASED PROGRAM,104 - 39 STREET SE,115,2023-12-14,PLAY'N LEARN CHILD CARE CENTRE,104 39 ST SE,51.052084243337994,-113.97674709065456
FAMILY DAY HOME,4620 MANILLA ROAD SE,384,2023-12-14,EDUCARE CHILDCARE AGENCY LTD.,4620 MANILLA RD SE,51.01220895286866,-114.05049386084944
FACILITY-BASED PROGRAM,"7110, 5850 - 88 AVENUE NE",101,2023-12-14,KIDSWISH,5850 88 AV NE,51.13270435889286,-113.95055455066132
FACILITY-BASED PROGRAM,3 MILLSIDE DR SW,100,2023-12-14,BRIGHTPATH MILLRISE,3 MILLSIDE DR SW,50.919867805388414,-114.08069825090288
FACILITY-BASED PROGRAM,"UNIT 7/8, 3525 - 26 AVENUE SE",126,2023-12-14,DOVER DAY CARE,3525 26 AV SE,51.03039322566133,-113.98402575601524
FACILITY-BASED PROGRAM,6908 - 26 AVENUE NE,80,2023-12-15,HEARTLAND AGENCY - MONTEREY PARK,6908 26 AV NE,51.07626857788669,-113.9346612040554
FACILITY-BASED PROGRAM,1057 PANORAMA HILLS DRIVE NW,60,2023-12-15,PLEASANT HEIGHTS AFTER SCHOOL - PANORAMA HILLS,1057 PANORAMA HILLS DR NW,51.15533281871948,-114.08548818801586
FACILITY-BASED PROGRAM,1436 JAMES MCKEVITT ROAD SW,56,2023-12-15,EVERGREEN - SHAWNEE DAYCARE LTD,1436 JAMES MCKEVITT RD SW,50.92153486639606,-114.09351443697727
FACILITY-BASED PROGRAM,728 - 32 STREET NW,90,2023-12-15,WESTMOUNT STUDENT CARE,728 32 ST NW,51.05841437511451,-114.13176964536216
FACILITY-BASED PROGRAM,6615 - 19 STREET SE,24,2023-12-15,BLOSSOM HEIGHTS CHILD CARE CENTRE,6615 19 ST SE,50.99533875666934,-114.0137021887008
FACILITY-BASED PROGRAM,809 WILLINGDON BLVD SE,154,2023-12-15,LA SOCIETE POMMES DE REINETTE DAYCARE SE,809 WILLINGDON BV SE,50.95097900368255,-114.04393437524251
FACILITY-BASED PROGRAM,"216, 18 ROYAL VISTA LINK NW",30,2023-12-15,KICKSTART BEFORE AND AFTER SCHOOL CARE LTD.,18 ROYAL VISTA LI NW,51.15105148441005,-114.20370544303638
FACILITY-BASED PROGRAM,"201, 830 - 1 AVENUE NE",61,2023-12-15,CALGARY CHILDCARE CENTRE,830 1 AV NE,51.053371346519974,-114.04352156144638
FACILITY-BASED PROGRAM,"236, 500 ROYAL OAK DRIVE NW",66,2023-12-18,ROYAL DAYCARE CENTER LTD.,500 ROYAL OAK DR NW,51.13878013232134,-114.23290481128402
FACILITY-BASED PROGRAM,28 MACEWAN DRIVE NW,94,2023-12-18,KIDSLAND PRE-SCHOOL LTD. #6,28 MACEWAN DR NW,51.134812067272634,-114.10902714232364
FACILITY-BASED PROGRAM,"SUITE 200, 815 - 8 AVENUE SW",59,2023-12-18,ALPHABEEZ CHILDCARE CENTRE INC.,815 8 AV SW,51.04587826007266,-114.07963780287164
FACILITY-BASED PROGRAM,"5110, 47 LEGACY VIEW SE",84,2023-12-18,BLOSSOM HEIGHTS CHILDCARE CENTRE,47 LEGACY VW SE,50.86200438866956,-114.00945472554837
FACILITY-BASED PROGRAM,450 ROYAL OAK DRIVE NW,72,2023-12-18,ROYAL DAYCARE CENTER,450 ROYAL OAK DR NW,51.138776323278464,-114.23192181023217
FACILITY-BASED PROGRAM,19 ROSEVALE DRIVE NW,43,2023-12-18,ROSEMONT COMMUNITY CHILDCARE,19 ROSEVALE DR NW,51.07787782009272,-114.0919363980324
FACILITY-BASED PROGRAM,414 - 11A STREET NE,30,2023-12-18,DISCOVERY KIDS OUT OF SCHOOL CARE LTD.,414 11A ST NE,51.0552861946781,-114.03485426177691
FACILITY-BASED PROGRAM,"50, 919 - 9 AVENUE SE",35,2023-12-18,SANKALPA,919 9 AV SE,51.0428876713801,-114.04012384679044
FACILITY-BASED PROGRAM,266 - 25 AVENUE NE,80,2023-12-18,LITTLE FLOWER CHILDCARE CENTRE LTD.,266 25 AV NE,51.07527620000376,-114.0564267159712
FACILITY-BASED PROGRAM,1121 - 12 AVENUE SW,80,2023-12-18,KIDS @ CHURCHILL PARK CONNAUGHT OUT OF SCHOOL CARE PROGRAM,1121 12 AV SW,51.041791852230844,-114.08772889262599
FACILITY-BASED PROGRAM,185 SKYVIEW LINK NE,110,2023-12-18,KIDZ SPACE,185 SKYVIEW LI NE,51.1577376952864,-113.9551585328798
FACILITY-BASED PROGRAM,"260, 4039 BRENTWOOD ROAD NW",90,2023-12-18,GREAT JOURNEYS LEARNING CENTER,4039 BRENTWOOD RD NW,51.088877918885345,-114.1327556780875
FACILITY-BASED PROGRAM,"SUITE 100, 19 ROYAL VISTA LINK NW",152,2023-12-19,WILLOWBRAE ACADEMY ROYAL OAK,19 ROYAL VISTA LI NW,51.15113163316342,-114.20413994405618
FACILITY-BASED PROGRAM,"410, 180 LEGACY MAIN STREET SE",69,2023-12-19,CURIOUS KIDS LEARNING CENTER,180 LEGACY MAIN ST SE,50.86134111171606,-114.02599031115484
FACILITY-BASED PROGRAM,11 SACKVILLE DRIVE SW,78,2023-12-19,THE LEARNING TREE PRE-SCHOOL INC.,11 SACKVILLE DR SW,50.95648363476806,-114.08620435361053
FACILITY-BASED PROGRAM,4120 CENTRE STREET NE,160,2023-12-19,WING KEI MONTESSORI SCHOOL,4120 CE ST NE,51.08917048637512,-114.06217711790346
FACILITY-BASED PROGRAM,"100, 909 - 7 AVENUE SW",85,2023-12-19,GOOD START DAYCARE,909 7 AV SW,51.046914209602235,-114.0818247098645
FACILITY-BASED PROGRAM,1501 CENTRE B STREET NW,88,2023-12-19,BM ROYAL DAYCARE,1501 CE B ST NW,51.06551320405935,-114.06390097537376
FACILITY-BASED PROGRAM,7212 MACLEOD TRAIL SE,50,2023-12-19,GLOBAL KIDS II,7212 MACLEOD TR SE,50.988799427431445,-114.07107255337704
FACILITY-BASED PROGRAM,"22, 7400 MACLEOD TRAIL SE",52,2023-12-19,GLOBAL KIDS ACADEMY,7400 MACLEOD TR SE,50.987031647361725,-114.07107817174658
FACILITY-BASED PROGRAM,4315 - 26 AVENUE SE,51,2023-12-20,MONTESSORI EARLY DEVELOPMENT ACADEMY,4315 26 AV SE,51.03039093755101,-113.97189335236487
FACILITY-BASED PROGRAM,1105 7 AVE SW,204,2023-12-20,KIDZ PLANET CHILDCARE CENTER,1105 7 AV SW,51.04703374490053,-114.08655638990317
FACILITY-BASED PROGRAM,"14, 30 COUNTRY HILLS LANDING NW",93,2023-12-20,KIDDIES DAYCARE CENTRE,30 COUNTRY HILLS LD NW,51.14227560947213,-114.07190828925565
FACILITY-BASED PROGRAM,"260, 151 WALDEN GATE SE",57,2023-12-20,LEAP N LEARN CHILDCARE CENTRE WALDEN,151 WALDEN GA SE,50.87631115930889,-114.03647918910778
FACILITY-BASED PROGRAM,184 SHAWNESSY DRIVE SW,43,2023-12-20,SHAWNESSY DAYCARE,184 SHAWNESSY DR SW,50.908488699579536,-114.07751859564284
GROUP FAMILY CHILD CARE PROGRAM,171 LEGACY GLEN PARK SE,10,2023-12-20,LEGACY KIDS INC.,171 LEGACY GLEN PA SE,50.85975262482611,-114.00586508491668
FACILITY-BASED PROGRAM,1320  5 AVE NW,154,2023-12-20,HILLHURST SUNNYSIDE DAYCARE/OUT OF SCHOOL CARE,1320 5 AV NW,51.05718758413393,-114.09249533965377
FACILITY-BASED PROGRAM,430 ACADIA DRIVE SE,71,2023-12-21,SUNVALLEY KIDS MONTESSORI ACADIA,430 ACADIA DR SE,50.96981989262321,-114.04864374611856
FACILITY-BASED PROGRAM,11150 BONAVENTURE DRIVE SE,150,2023-12-21,TRICO CENTRE OUT OF SCHOOL CARE PROGRAM,11150 BONAVENTURE DR SE,50.95229600630291,-114.05978046114838
FACILITY-BASED PROGRAM,"3205, 4250 - 109 AVENUE NE",115,2023-12-21,ROYAL DAYCARE CENTRE METIS TRAIL,4250 109 AV NE,51.15289337865871,-113.97332124859376
FACILITY-BASED PROGRAM,95 FALSHIRE DRIVE NE,65,2023-12-21,FALCONRIDGE/CASTLERIDGE COMMUNITY ASSOCIATION - BUZZ CLUB,95 FALSHIRE DR NE,51.10520322338895,-113.94626815740946
FACILITY-BASED PROGRAM,116 DEERVIEW DRIVE SE,113,2023-12-21,BRIGHTPATH DEER RIDGE,116 DEERVIEW DR SE,50.931535406344416,-114.02280493565696
FACILITY-BASED PROGRAM,6502 - 58 STREET NW,45,2023-12-21,DALHOUSIE OUT OF SCHOOL CARE WEST DALHOUSIE ELEMENTARY,6502 58 ST NW,51.111767373182005,-114.16960754376608
FACILITY-BASED PROGRAM,"640, 1110 PANATELLA BLVD NW",101,2023-12-21,ZEBRA CROSSING ACADEMY,1110 PANATELLA BV NW,51.16831035739379,-114.08999163417016
FACILITY-BASED PROGRAM,1820 - 40 AVENUE SW,55,2023-12-22,ALTADORE DAYCARE,1820 40 AV SW,51.01822990814448,-114.10391829497226
FACILITY-BASED PROGRAM,619 KINGSMERE CRESCENT SW,60,2023-12-22,KINGSLAND CHILD DEVELOPMENT CENTER,619 KINGSMERE CR SW,50.99041495215299,-114.07529169392237
