cross_street_name1,cross_street_name2,crosswalk_type,crosswalk_comp,number_of_crosswalks,material,direction,lon,lat
VARSITY DR NW,41 ST NW,SCHOOL,LADDER CROSSWALK,1.0,MMA,W,-114.14893058139616,51.092308981755366
VARSITY DR NW,VISCOUNT DR NW,REGULAR,REGULAR CROSSWALK,1.0,PAINT,E,-114.15215284440701,51.092889826446424
SOUTHLAND DR SW,BRADBURY DR SW,SIGNALIZED,REGULAR CROSSWALK,2.0,PAINT,SW,-114.09892443012005,50.961427046367646
CHAPARRAL BLVD SE,CHAPARRAL DR SE,MULTIWAYS,RIGHT TURN,2.0,PAINT,EW,-114.02469412593989,50.8858419114076
17 AVE SE,70 ST SE,SIGNALIZED,RIGHT TURN,1.0,PAINT,N,-113.93022761857026,51.03789914156752
22 ST SW,17 AV SW,RSM,STOP LINE,1.0,PAINT,N,-114.11388110375829,51.03787348335147
SOUTHLAND DR SW,BRAESIDE DR SW,SIGNAL,RIGHT TURN,2.0,PAINT,EW,-114.10334443110975,50.9614510771733
HERITAGE DR SW,HAMLET RD SW,REGULAR,STOP LINE,2.0,PAINT,NS,-114.08593950269584,50.979581075643715
65 ST SE,17 AV SE,RSM,STOP LINE,1.0,PAINT,N,-113.93931420873268,51.03791960340514
17 AVE SE,68 ST SE,SIGNALIZED,RIGHT TURN,3.0,PAINT,NSW,-113.93524088698038,51.03785811112583
MISSION RD SW,34 AVE SW,RSM,REGULAR CROSSWALK,1.0,PAINT,S,-114.06622634204311,51.023239332192226
SOUTHLAND DR SW,19 ST SW,SIGNALIZED,RIGHT TURN,2.0,PAINT,SE,-114.10637360665713,50.961418577092395
32 AVE NE,EDMONTON TR NE,SIGNAL,STOP LINE,4.0,PAINT,NSEW,-114.05461566737151,51.08149979698858
19 ST NW,6 AVE NW,RSM,REGULAR CROSSWALK,1.0,PAINT,N,-114.10562484967568,51.05819340102975
31 ST NW,LRT ENTRANCE,RSM,LADDER CROSSWALK,1.0,PAINT,MID,-114.12934215414685,51.08428960777595
84 ST SE,FRONTIER RD SE,SIGNALIZED,STOP LINE,3.0,PAINT,NSE,-113.91193029836718,51.01299327953852
17 AV SW,GLENWOOD DR SW,RSM,REGULAR CROSSWALK,1.0,PAINT,S,-114.1456859215492,51.0378119393724
SIENNA PARK DR SW,SIENNA PARK PL SW,REGULAR,REGULAR CROSSWALK,1.0,PAINT,S,-114.18046718364985,51.025189040087355
SHAGANAPPI TR NW,UNIVERSITY AVE NW,SIGNALIZED,RIGHT TURN,2.0,PAINT,NE,-114.15219083023644,51.07677444930201
EDMONTON TR NE,18 AVE NE,SIGNALIZED,STOP LINE,4.0,PAINT,NSEW,-114.05611635226515,51.06879445444192
29 AVE SW,6 ST SW,REGULAR,REGULAR CROSSWALK,1.0,PAINT,W,-114.08021952860588,51.02825897001137
32 AVE NE,12 ST NE,SIGNAL,RIGHT TURN,2.0,PAINT,NE,-114.02961381183812,51.081479499659395
32 AVE NE,26 ST NE,SIGNAL,REGULAR CROSSWALK,4.0,PAINT,NSEW,-113.99819028328493,51.081515489403166
29 AVE SW,7 ST SW,CORRIDOR,REGULAR CROSSWALK,1.0,PAINT,S,-114.08165054107951,51.028244850311964
32 AVE NE,27 ST NE,SIGNAL,RIGHT TURN,2.0,PAINT,NS,-113.99480213915254,51.08150463710863
32 AVE NE,29 ST NE,SIGNAL,RIGHT TURN,2.0,PAINT,NS,-113.9918065735337,51.08151521630394
32 AVE NE,32 ST NE,SIGNAL,RIGHT TURN,2.0,PAINT,NS,-113.98865739178808,51.081514953189306
32 AVE NE,RUNDLESIDE DR NE,CORRIDOR,LADDER CROSSWALK,1.0,PAINT,W,-113.96987917820009,51.08149259484741
9 AVE SW,5 ST SW,DOWNTOWN,REGULAR CROSSWALK,4.0,MMA,NSEW,-114.07393927703141,51.04490616114623
CRESCENT BLVD SW,LANSDOWNE AVE SW,CORRIDOR,LADDER CROSSWALK,1.0,PAINT,N,-114.07485360041845,51.0141969771453
38 AVE SW,1 A ST,REGULAR,REGULAR CROSSWALK,1.0,PAINT,N,-114.06726806786264,51.02021326428304
ERIN WOODS BLVD SE,ERIN WOODS PL SE,CORRIDOR,LADDER CROSSWALK,2.0,MMA,EW,-113.97561927735157,51.01921288130021
32 AVE NE,36 AVE NE,SIGNAL,REGULAR CROSSWALK,4.0,PAINT,NSEW,-114.0463216099766,51.08497094728538
40 AVE NW,40 ST NW,CORRIDOR,STOP LINE,1.0,PAINT,N,-114.14726887557322,51.08828419589453
49 AVE SW,8 ST SW,MULTIWAYS,REGULAR CROSSWALK,4.0,PAINT,NSEW,-114.08308938974285,51.00961374395507
3 AVE S,CENTRE ST S,SIGNAL,LADDER CROSSWALK,4.0,PAINT,NSEW,-114.06269697415621,51.050273079981814
COUNTRY HILLS BLVD NW,EDGEBROOK BLVD NW,SIGNAL,REGULAR CROSSWALK,4.0,PAINT,NSEW,-114.1319334888206,51.14038713333162
ELBOW DR SW,GARDEN CR SW,REGULAR,REGULAR CROSSWALK,1.0,PAINT,E,-114.0759779234777,51.02866085285557
ELBOW DR SW,30 AVE SW,SIGNAL,STOP X,1.0,PAINT,N,-114.07883448508764,51.026397237505854
8 AVE SW,2 ST SW,DOWNTOWN,STOP LINE,1.0,MMA,S,-114.06798063607776,51.045670910732234
40 AVE NW,42 ST NW,REGULAR,REGULAR CROSSWALK,1.0,PAINT,E,-114.15075130771015,51.08825287846368
64 AVE NE,160M WEST OF 11 ST,RSM,RIGHT TURN,2.0,PAINT,SE,-114.03888451008761,51.11043175900504
1 AVE SW,7 ST SW,RSM,REGULAR CROSSWALK,1.0,PAINT,E,-114.0783231959456,51.05228316098682
ELBOW DR SW,32 AVE SW,CORRIDOR,REGULAR CROSSWALK,1.0,PAINT,W,-114.07872560250375,51.02485040439479
ELBOW DR SW,34 AVE SW,REGULAR,REGULAR CROSSWALK,1.0,PAINT,N,-114.07783747427784,51.023281753730735
ELBOW DR SW,36 AVE SW,REGULAR,REGULAR CROSSWALK,2.0,PAINT,NS,-114.07781701645405,51.021639922652284
SIMCOE BLVD SW,SIMCOE RD SW,REGULAR,REGULAR CROSSWALK,1.0,PAINT,N,-114.17896783670393,51.03508808168722
ELBOW DR SW,38 AVE SW,SIGNALIZED,REGULAR CROSSWALK,4.0,PAINT,NSEW,-114.0778498897582,51.02012091522072
20 AVE NW,17 ST NW,REGULAR,REGULAR CROSSWALK,1.0,PAINT,W,-114.10208703252732,51.07051957981871
50 ST SW,GLAMIS DR SW,MULTIWAYS,REGULAR CROSSWALK,4.0,PAINT,NSEW,-114.15973785687723,51.01626229279833
11 ST SE,200M S OF HERITAGE MEADOWS WAY SE,SIGNALIZED,REGULAR CROSSWALK,4.0,PAINT,NSEW,-114.043778503031,50.982627899525816
ELBOW DR SW,SIFTON BLVD SW,SIGNAL,STOP X,1.0,PAINT,W,-114.07784831865922,51.01918271922585
CITADEL BLVD NW,CITADEL DR NW,SCHOOL,LADDER CROSSWALK,3.0,MMA,NSE,-114.17320874465888,51.14465027776925
HERITAGE DR SW,CHURCHILL DR SW,CORRIDOR,LADDER CROSSWALK,1.0,PAINT,E,-114.09167381510221,50.979576716478306
5 ST SW,18 AVE SW,DOWNTOWN,REGULAR CROSSWALK,1.0,PAINT,S,-114.07418850989654,51.03693142195716
40 AVE NW,37 ST NW,MULTIWAYS,REGULAR CROSSWALK,4.0,PAINT,NSEW,-114.14123193741922,51.087544425285884
40 AVE NW,36 ST NW,SIGNAL,REGULAR CROSSWALK,3.0,PAINT,SEW,-114.13884123890335,51.08728925725497
51 ST SW,30 AVE SW,ELDERLY,LADDER CROSSWALK,1.0,PAINT,N,-114.16096605819368,51.026997650828925
37 ST SW,46 AVE SW,SIGNAL,REGULAR CROSSWALK,4.0,PAINT,NSEW,-114.14116303873087,51.01245878973226
ELBOW DR SW,RIVERDALE AVE SW,SIGNAL,STOP X,2.0,PAINT,S,-114.07808409184622,51.01722798328653
MARTINDALE DR NE,MARTINDALE CROSSING DR NE,RSM,REGULAR CROSSWALK,1.0,PAINT,S,-113.95376473196421,51.11879779133301
69 ST SW,SPRINGBOROUGH BLVD SW,SIGNALIZED,RIGHT TURN,2.0,PAINT,EW,-114.18756009871636,51.03550656964103
1 AVE NW,26 ST NW,MULTIWAYS,REGULAR CROSSWALK,4.0,PAINT,NSEW,-114.12293413319166,51.05406679932092
ELBOW DR SW,LANSDOWNE AVE SW,SIGNAL,RIGHT TURN,1.0,PAINT,W,-114.07841947087319,51.01660229400918
ELBOW DR SW,MADISON AVE SW,SIGNALIZED,STOP LINE,2.0,PAINT,EW,-114.07931797633498,51.01393787540354
40 AVE NW,33 ST NW,SIGNALIZED,REGULAR CROSSWALK,3.0,PAINT,NSE,-114.1363927619735,51.087695314346675
34 AVE SW,7A ST SW,REGULAR,REGULAR CROSSWALK,1.0,PAINT,W,-114.08218634868878,51.02327533935245
34 ST NW,5 AVE NW,MULTIWAYS,REGULAR CROSSWALK,4.0,PAINT,NSEW,-114.13602635735026,51.05953663241063
33 AVE SW,49 ST SW,REGULAR,REGULAR CROSSWALK,1.0,PAINT,S,-114.15859863134025,51.0238885322393
GLENPATRICK DR SW,N OF 35 AVE SW,MIDBLOCK,REGULAR CROSSWALK,1.0,PAINT,MID,-114.157449292918,51.023393143476405
45 ST SW,35 AVE SW,REGULAR,REGULAR CROSSWALK,1.0,PAINT,N,-114.15247627170257,51.02232196301697
ELBOW DR SW,49 AVE SW,CORRIDOR,LADDER CROSSWALK,1.0,PAINT,S,-114.0814174030546,51.00961401655089
50 ST SW,39 AVE SW,MULTIWAYS,REGULAR CROSSWALK,3.0,PAINT,NSE,-114.1602619938407,51.019398457962374
ELBOW DR SW,50 AVE SW,SIGNAL,RIGHT TURN,1.0,PAINT,N,-114.08134501436825,51.00871495941896
ELBOW DR SW,52 AVE SW,REGULAR,STOP LINE,2.0,PAINT,EW,-114.08139497818475,51.00691671000946
37 ST SW,RICHMOND RD SW,SIGNAL,STOP LINE,4.0,PAINT,NSEW,-114.14115158214867,51.02246324934511
ELBOW DR SW,54 AVE SW,REGULAR,STOP LINE,1.0,PAINT,E,-114.08135645606436,51.00513527415107
ELBOW DR SW,55 AVE SW,SIGNAL,REGULAR CROSSWALK,3.0,PAINT,NSE,-114.08136375396374,51.00424733065141
ELBOW DR SW,56 AVE SW,CORRIDOR,LADDER CROSSWALK,1.0,PAINT,S,-114.08133563859424,51.00335382631047
HUNTERHORN RD NE,64 AV NE,SIGNAL,RIGHT TURN,1.0,PAINT,E,-114.05280197344038,51.11061601743073
ELBOW DR SW,58 AVE SW,SIGNAL,RIGHT TURN,2.0,PAINT,NE,-114.08164212644519,51.00147721197516
ELBOW DR SW,BELAIRE DR SW,SIGNAL,REGULAR CROSSWALK,4.0,PAINT,NSEW,-114.08314373463739,50.999806379842845
ELBOW DR SW,61 AVE SW,REGULAR,REGULAR CROSSWALK,1.0,PAINT,S,-114.08315775286823,50.997745679765245
5 AVE SW,4 ST SW,DOWNTOWN,STOP LINE,2.0,MMA,SW,-114.07147223500004,51.04862810959419
ELBOW DR SW,MALIBOU RD SW,SIGNAL,REGULAR CROSSWALK,4.0,PAINT,NSEW,-114.08319800703065,50.99551183898972
5 AVE SW,3 ST SW,DOWNTOWN,STOP LINE,2.0,MMA,NW,-114.07013910603825,51.04859847166928
5 AVE SW,2 ST SW,DOWNTOWN,STOP LINE,2.0,MMA,SW,-114.06776263632337,51.048526805072605
ELBOW DR SW,GLENMORE TR SW - INTERCHANGE,SIGNAL,RIGHT TURN,4.0,PAINT,NSEW,-114.08314289393344,50.99438380244859
51 ST SW,33 AVE SW,REGULAR,REGULAR CROSSWALK,1.0,PAINT,N,-114.16099093380828,51.023885274495264
ELBOW DR SW,HARCOURT RD SW,CORRIDOR,LADDER CROSSWALK,3.0,PAINT,SEW,-114.08385441842202,50.9767305621077
51 ST SW,35 AV SW,REGULAR,REGULAR CROSSWALK,1.0,PAINT,N,-114.16098566157173,51.0223444920546
ELBOW DR SW,87 AVE SW,CORRIDOR,LADDER CROSSWALK,2.0,PAINT,NW,-114.08432057872999,50.97525590515681
ELBOW DR SW,89 AVE SW,SIGNAL,STOP X,1.0,PAINT,W,-114.08451205853522,50.97353572467413
ELBOW DR SW,HILLARY CR SW,REGULAR,REGULAR CROSSWALK,1.0,PAINT,S,-114.08462270317624,50.971145456398965
ELBOW DR SW,96 AVE SW,CORRIDOR,REGULAR CROSSWALK,1.0,PAINT,W,-114.08476867287582,50.96873282251851
WILLOW PARK DR SE,FAIRMOUNT DR SE,SIGNAL,REGULAR CROSSWALK,4.0,PAINT,NSEW,-114.05909353104204,50.95835196716496
BONAVENTURE DR SE,FAIRMOUNT DR SE,SIGNAL,REGULAR CROSSWALK,2.0,PAINT,NW,-114.0608509416918,50.95353903115459
94 AVE SE,5 ST SE,SCHOOL,LADDER CROSSWALK,1.0,MMA,S,-114.05280863368834,50.968511346283016
GLENMORE TR SE,BLACKFOOT TR SE,SIGNAL,STOP LINE,3.0,PAINT,NSW,-114.0532233772982,50.99252114971837
MACLEOD TR S,MISSION RD SE,SIGNAL,REGULAR CROSSWALK,4.0,PAINT,NSEW,-114.0606958527364,51.02145470743739
MACLEOD TR S,39 AVE SE,SIGNAL,STOP LINE,4.0,PAINT,NSEW,-114.0627631034518,51.01863431224687
9 AVE SE,20 ST SE,SCHOOL,LADDER CROSSWALK,1.0,MMA,W,-114.01794526215178,51.034537299852495
TWELVE MILE COULEE RD,TUSSLEWOOD DR NW,RSM,REGULAR CROSSWALK,2.0,PAINT,ES,-114.25738919893772,51.13870553317357
NORFORD AV NW,THIRSK ST NW,RSM,STOP LINE,2.0,PAINT,EW,-114.14739070345318,51.0799079697587
SADDLEMONT BV NE,SADDLELAND CR & SADDLELAKE DR,MID BLOCK,LADDER CROSSWALK,1.0,PAINT,MID,-113.93517850956286,51.12973517621926
NORTHMOUNT DR NW,CHISHOLM CR NW,REGULAR,REGULAR CROSSWALK,2.0,PAINT,EW,-114.11152163076768,51.08804825435243
NORTHMOUNT DR NW,CHILCOTIN RD NW,CORRIDOR,LADDER CROSSWALK,2.0,PAINT,SE,-114.11451992562122,51.0886744692338
MACLEOD TR S,53 AVE SE,SIGNALIZED,REGULAR CROSSWALK,4.0,PAINT,NSEW,-114.06981703316083,51.00553084377558
210 AV SW,BELMONT DR SW,RSM,RIGHT TURN,2.0,PAINT,NS,-114.06484643216663,50.86308761346373
CHARLESWOOD DR NW,NORTHMOUNT DR NW,SIGNAL,REGULAR CROSSWALK,4.0,PAINT,NSEW,-114.11732035170685,51.08928300006589
HARVEST HILLS BLVD NE,SOUTH ROAD NE,SIGNAL,REGULAR CROSSWALK,2.0,PAINT,NE,-114.07129459024426,51.139889791364745
SIERRA MORENA BLVD SW,SIERRA VISTA CIRCLE SW,REGULAR,LADDER CROSSWALK,1.0,PAINT,E,-114.18229359508035,51.02045520244905
WENTWORTH DR SW,WENTWORTH LINK SW,REGULAR,REGULAR CROSSWALK,1.0,PAINT,S,-114.20705212404194,51.05518747949809
WENTWORTH DR SW,700 WENTWORTH PLACE SW,REGULAR,REGULAR CROSSWALK,1.0,PAINT,E,-114.20623077983032,51.054342613194684
GLENMORE TR SE,OGDEN RD SE,SIGNAL,REGULAR CROSSWALK,3.0,PAINT,SEW,-113.9988165024316,50.97858884500705
CHRISTIE ESTATES BLVD,CHRISTIE KNOLL  HTS,REGULAR,REGULAR CROSSWALK,1.0,PAINT,W,-114.18280571101494,51.04105370001061
SHAWNESSY BLVD SW,SHAWINIGAN DR SW,SIGNALIZED,STOP LINE,3.0,PAINT,SEW,-114.08938258410383,50.91399609067496
25 AVE SW,HILLCREST AVE SW,MULTIWAYS,REGULAR CROSSWALK,3.0,PAINT,E,-114.07422977409975,51.03058756449243
10 AVE SW,6 ST SW,SIGNALIZED,STOP LINE,3.0,MMA,SEW,-114.07646477779448,51.04368703026559
GARRISON SQUARE SW,SORREL MEWS SW,REGULAR,REGULAR CROSSWALK,2.0,PAINT,SW,-114.11464282385109,51.02151640423751
38 AVE SW,15 ST SW,REGULAR,REGULAR CROSSWALK,1.0,PAINT,E,-114.09760139165557,51.02014919539624
EDMONTON TR NE,GREENVIEW DR NE,REGULAR,REGULAR CROSSWALK,1.0,PAINT,N,-114.0524901470322,51.09134614321535
MARLBOROUGH DR,MARPOLE RD NE,REGULAR,REGULAR CROSSWALK,1.0,PAINT,W,-113.97756979734538,51.05952021628734
MACLEOD TR S,42 AVE SE,SIGNAL,REGULAR CROSSWALK,4.0,PAINT,NSEW,-114.06441474898953,51.016004298467365
HIDDEN CREEK BLVD NW,HIDDEN CREEK DR NW,REGULAR,STOP LINE,1.0,PAINT,W,-114.10045372295855,51.15631344075206
ARBOUR LAKE WAY NW,ARBOUR CLIFF CLOSE NW,REGULAR,LADDER CROSSWALK,2.0,PAINT,NS,-114.19185038527739,51.13523205996208
BRADBURY DR SW,107 AVE SW,RSM,REGULAR CROSSWALK,1.0,PAINT,S,-114.09913988426496,50.95706233128725
32 ST SE,NORTH OF RAYNARD CR,SCHOOL,LADDER CROSSWALK,1.0,MMA,MID,-113.98841053733692,51.04558750962593
EAGLE RIDGE DR SW,TRANSIT WAY,RSM,REGULAR CROSSWALK,1.0,PAINT,E,-114.09596339015758,50.98767296831503
RICHMOND RD SW,33 ST SW,CORRIDOR,LADDER CROSSWALK,1.0,PAINT,W,-114.13466243608643,51.02438314125954
MARBANK DR NE,MARLYN WAY,REGULAR,STOP LINE,1.0,PAINT,N,-113.97667614963817,51.063209198888096
HARVEST HILLS BLVD NE,PANATELLA BLVD NW,SIGNAL,RIGHT TURN,2.0,PAINT,EW,-114.07038234500138,51.16429756344445
17 AVE SW,73 ST SW,SIGNAL,RIGHT TURN,1.0,PAINT,N,-114.19348479429999,51.0378351036411
9 AVE SW,10 ST SW,DOWNTOWN,STOP X,1.0,MMA,N,-114.0862361611246,51.04525698918008
RICHMOND RD SW,KERRYDALE RD SW,REGULAR,STOP LINE,2.0,PAINT,NS,-114.13816946845479,51.023304795839614
52 ST SE,130 AVE SE,SIGNAL,RIGHT TURN,4.0,PAINT,NSEW,-113.95813850161646,50.93137198680617
17 AVE SW,29 ST SW,SIGNAL,STOP X,1.0,PAINT,S,-114.12953617395227,51.037807699177826
9 AVE SW,11 ST SW,DOWNTOWN,STOP X,2.0,MMA,NS,-114.08870908558677,51.04532820790601
17 AVE SW,4 ST SW,DOWNTOWN,STOP X,1.0,PAINT,S,-114.07150884015434,51.03783929908201
RICHMOND RD SW,45 ST SW,SIGNAL,RIGHT TURN,2.0,PAINT,NS,-114.15278852285837,51.0189124303757
3 AVE SW,5 ST SW,DOWNTOWN,REGULAR CROSSWALK,4.0,MMA,NSEW,-114.07352682105977,51.05059653921507
17 AVE SE,1 ST SE,RSM,STOP LINE,3.0,MMA,NEW,-114.06112128953629,51.03783055508886
JAMES MCKEVITT RD SW,MILLRISE BLVD SW,SIGNAL,RIGHT TURN,2.0,PAINT,NS,-114.07503083067748,50.921346492600165
32 AVE NE,AT SPRING GARDENS CITY YARDS,RSM,STOP LINE,1.0,PAINT,E,-114.04680106950761,51.08707804551718
10 AVE SW,14 ST SW,SIGNALIZED,REGULAR CROSSWALK,4.0,MMA,NSEW,-114.09465155940387,51.04418820776001
17 AVE SW,85 ST SW,SIGNAL,RIGHT TURN,3.0,PAINT,NSW,-114.21104988748878,51.03796211769103
FREEPORT BLVD NE,BARLOW TR NE,SIGNAL,RIGHT TURN,2.0,PAINT,SW,-114.00177555278009,51.150799230412616
RICHMOND RD SW,48 ST SW,SIGNAL,REGULAR CROSSWALK,3.0,PAINT,NEW,-114.15670112637483,51.01836715485532
17 AVE SW,5 ST SW,DOWNTOWN,STOP LINE,4.0,PAINT,NSEW,-114.07433896788439,51.037862229829386
52 ST SE,COPPERFIELD GATE SE,SIGNALIZED,RIGHT TURN,1.0,PAINT,E,-113.9493798742732,50.910461272244
COUNTRY HILLS BLVD NW,370M WEST OF ROCKY RIDGE RD NW,SIGNALIZED,REGULAR CROSSWALK,3.0,PAINT,NEW,-114.22894188485816,51.15421328086003
17 AVE SW,SUFFOLK ST SW,REGULAR,REGULAR CROSSWALK,2.0,PAINT,NE,-114.11530019332493,51.03781703966037
34 ST SE,14 AVE SE,REGULAR,REGULAR CROSSWALK,1.0,PAINT,S,-113.98461102862912,51.04091706180078
17 AVE SW,24 ST SW,SIGNAL,STOP X,1.0,PAINT,S,-114.11792468803662,51.03780884917067
10 AVE SW,1 ST SW,DOWNTOWN,STOP X,1.0,MMA,S,-114.06566914053283,51.043401112507894
17 AVE SW,8 ST SW,DOWNTOWN,LADDER CROSSWALK,4.0,PAINT,NSEW,-114.08181072944076,51.03782019351801
ARBOUR LAKE DR NW,ARBOUR CREST RD NW,MULTIWAYS,REGULAR CROSSWALK,4.0,PAINT,NSEW,-114.20129583625375,51.13577201232569
17 AVE SW,14 ST SW,DOWNTOWN,LADDER CROSSWALK,4.0,PAINT,NSEW,-114.09470773863306,51.03783206361208
10 ST NW,HUNTINGTON PARK GREEN NW,SCHOOL,LADDER CROSSWALK,1.0,MMA,S,-114.08139206321333,51.11984687975519
17 AVE SW,9A ST SW,RSM,REGULAR CROSSWALK,1.0,PAINT,S,-114.08560500582747,51.037843608239584
17 AVE SW,26 ST SW,SIGNALIZED,REGULAR CROSSWALK,4.0,PAINT,NSEW,-114.12370393609609,51.037814017819564
34 ST NW,3 AVE NW,CORRIDOR,STOP LINE,1.0,PAINT,S,-114.1370986226993,51.058040719746764
17 AVE SW,27 ST SW,CORRIDOR,LADDER CROSSWALK,1.0,MMA,W,-114.12663772865778,51.03781087573023
14 ST NW,ROSEVIEW DR NW,CORRIDOR,LADDER CROSSWALK,1.0,PAINT,N,-114.09471027470984,51.081353671407136
32 AVE NW,CROWCHILD TR NW,SIGNAL,REGULAR CROSSWALK,3.0,PAINT,NSE,-114.12712271254696,51.082141220222496
TARADALE DR NE,TARALAKE WAY,RSM,REGULAR CROSSWALK,2.0,PAINT,EW,-113.92711978457956,51.11893523916309
COUGAR RIDGE AVE SW,COUGAR RIDGE CIRCLE SW,REGULAR,REGULAR CROSSWALK,1.0,PAINT,N,-114.20195375106944,51.06884787318435
SHERWOOD PARADE NW,SHERWOOD CIRCLE NW,SCHOOL,LADDER CROSSWALK,1.0,MMA,E,-114.1496351226306,51.15939421445771
SOUTHLAND DR,14 ST SW,SIGNAL,RIGHT TURN,4.0,PAINT,NSEW,-114.09518849856488,50.96152191557425
17 AVE SW,42 ST SW,CORRIDOR,REGULAR CROSSWALK,2.0,,NS,-114.14832026276075,51.03783688426954
52 ST SE,PEIGAN TR SE,SIGNALIZED,STOP LINE,4.0,PAINT,NSEW,-113.95839139252102,51.0149458076055
17 AVE SW,GLENMOUNT DR SW,REGULAR,STOP LINE,1.0,PAINT,S,-114.15085037115739,51.037793274819926
COUNTRY HILLS BLVD NW,BEDDINGTON TR NW,SIGNALIZED,REGULAR CROSSWALK,1.0,PAINT,N,-114.09256448375956,51.143853394429335
16 ST NW,BROADVIEW RD NW,REGULAR,REGULAR CROSSWALK,2.0,PAINT,NS,-114.09818095533203,51.05019939101124
17 AVE SW,SIROCCO DR SW,SIGNAL,X RRXING,3.0,PAINT,N,-114.1699990238548,51.037633276972
WENTWORTH RD SW,WENTWORTH WAY SW,SCHOOL,LADDER CROSSWALK,1.0,MMA,W,-114.20554100464607,51.05675901398952
RADCLIFFE DR SE,RADCLIFFE PL SE,SCHOOL,LADDER CROSSWALK,1.0,MMA,W,-113.99227812636272,51.046641716865594
SHAWNEE DR SW,SHAWNEE CO SW,RSM,REGULAR CROSSWALK,1.0,PAINT,S,-114.08095537401547,50.925515760060655
19 ST SW,NORTH of SOUTHLAND DR SW,SCHOOL,LADDER CROSSWALK,1.0,MMA,E,-114.10634874363937,50.962521656979064
4 AVE SW,11 ST SW,SIGNALIZED,STOP LINE,2.0,MMA,EW,-114.08857344001017,51.04878392768091
11A ST NW,GLADSTONE RD NW,MULTIWAYS,REGULAR CROSSWALK,4.0,PAINT,NSEW,-114.09025153707096,51.05500859080428
5 AVE SW,1 ST SW,DOWNTOWN,STOP LINE,3.0,MMA,NSW,-114.06528956472802,51.04844905451664
12 ST NW,GLADSTONE RD NW,MULTIWAYS,REGULAR CROSSWALK,4.0,PAINT,NSEW,-114.09168065103658,51.054230355972194
38 AVE SW,7 ST SW,SCHOOL,STOP LINE,4.0,MMA,NSEW,-114.0807508748207,51.020105554524015
MCKENZIE TOWNE DR SE,ELGIN WAY SE,RSM,REGULAR CROSSWALK,1.0,PAINT,E,-113.96886380844487,50.90647781872956
ELBOW DR SW,SOUTHLAND DR SW,SIGNAL,REGULAR CROSSWALK,4.0,PAINT,NSEW,-114.08483877115873,50.963516792943416
CORNERSTONE BV NE,CORNERSTONE CI NE,RSM,REGULAR CROSSWALK,1.0,PAINT,S,-113.93813088617183,51.162646519151096
72 AV SE,44 ST SE,RSM,REGULAR CROSSWALK,2.0,PAINT,EW,-113.97012593026645,50.989511729261125
CITADEL DR NW,CITADEL CREST PARK NW,SCHOOL,LADDER CROSSWALK,1.0,MMA,S,-114.17262371274619,51.146860570587705
SOUTHLAND DR SE,MAPLECREEK DR SE,REGULAR,STOP LINE,3.0,PAINT,EWS,-114.04238543907748,50.964519994989686
96 AVE NE,HARVEST GOLD MANOR NE,RSM,REGULAR CROSSWALK,4.0,PAINT,NSEW,-114.06564260378877,51.141661651699465
COUNTRY HILLS BLVD NW,SUPER STORE ENTRANCE,SIGNAL,RIGHT TURN,2.0,PAINT,EW,-114.1600859523775,51.138722297022504
194 AVE SW,SILVERADO DR,MULTIWAY STOP,STOP LINE,4.0,PAINT,NSEW,-114.07779164155713,50.87764989491473
9 AVE SE,12 ST SE,SIGNAL,REGULAR CROSSWALK,4.0,PAINT,NSEW,-114.03434827083406,51.04125016356805
EDMONTON TR NE,MEREDITH RD,SIGNALIZED,REGULAR CROSSWALK,4.0,PAINT,NESW,-114.05027480879006,51.051904097126865
12 ST SE,8 AVE SE,SIGNALIZED,REGULAR CROSSWALK,4.0,PAINT,NSEW,-114.03361150569337,51.04205303732741
CHARLESWOOD DR NW,26 ST NW,REGULAR,LADDER CROSSWALK,1.0,PAINT,S,-114.11755153466675,51.094477511783076
WALDEN DR SE,WALDEN COMMON,RSM,LADDER CROSSWALK,1.0,PAINT,E,-114.02727955132903,50.8674333642039
39 AV SE,MANCHESTER RD SE,RSM,LADDER CROSSWALK,1.0,PAINT,W,-114.05988332654822,51.0178372482804
12 ST SE,10 AV SE,RSM,REGULAR CROSSWALK,1.0,PAINT,W,-114.0350600592997,51.04046960238365
SOUTHLAND DR SW,OAKMOOR DR SW,RSM,REGULAR CROSSWALK,1.0,PAINT,E,-114.11460863610249,50.96138069907452
CITADEL DR NW,CITADEL MEADOWS CL NW,RSM,REGULAR CROSSWALK,1.0,PAINT,N,-114.1808823733695,51.14793866234137
HAMPTONS BLVD NW,HAMPSHIRE CIRCLE NW,REGULAR,LADDER CROSSWALK,1.0,PAINT,E,-114.15910968512685,51.14117820519882
REDSTONE DR NE,RED EMBERS GA NE,RSM,LADDER CROSSWALK,1.0,PAINT,W,-113.95778129685142,51.1683612222918
BARLOW TR NE,37 AVE NE,SIGNAL,RIGHT TURN,4.0,PAINT,NSEW,-114.00171104898517,51.08669567529529
EDMONTON TR NE,12 AVE NE,SIGNAL,STOP X,2.0,PAINT,NS,-114.0560742797246,51.06331611670347
PARK AVE SW,5 ST SW,MULTIWAY STOP,STOP LINE,4.0,PAINT,NSEW,-114.07506694373696,51.01546135815078
2 AVE NE,EDMONTON TR,CORRIDOR,LADDER CROSSWALK,1.0,PAINT,S,-114.05099552329473,51.05467368412279
84 ST SE,PEIGAN TR SE,RSM,STOP X,4.0,PAINT,NS,-113.91192513883831,51.01587972208241
BOWNESS RD NW,73 ST NW,SCHOOL,LADDER CROSSWALK,3.0,MMA,NSE,-114.19361903525429,51.08897755362045
EDMONTON TR NE,11 AVE NE,REGULAR,LADDER CROSSWALK,1.0,PAINT,N,-114.05575414127722,51.062406001881286
BARLOW TR NE,48 AVE NE,SIGNAL,RIGHT TURN,4.0,PAINT,NSEW,-114.00163642717722,51.096044721447086
5 AVE SW,5 ST SW,DOWNTOWN,REGULAR CROSSWALK,4.0,MMA,NSEW,-114.07367482561203,51.048693721755576
5 AVE SW,6 ST SW,DOWNTOWN,STOP LINE,2.0,MMA,SW,-114.0761092844341,51.04877131914401
BOWNESS RD NW,75 ST NW,REGULAR,REGULAR CROSSWALK,1.0,PAINT,E,-114.1964344729589,51.08896702479665
5 AVE SW,10 ST SW,DOWNTOWN,REGULAR CROSSWALK,4.0,MMA,NSEW,-114.08595339002605,51.04904459109273
BOWNESS RD NW,77 ST NW,SIGNAL,RIGHT TURN,1.0,PAINT,W,-114.19934239727863,51.08892710711602
MOUNT ROYAL GATE SW,RICHARD RD SW,SIGNAL,REGULAR CROSSWALK,4.0,PAINT,NSEW,-114.12940409606078,51.008708754081
50 AVE SE,36 ST SE,RSM,STOP LINE,1.0,PAINT,N,-113.97611413841308,51.00879910102825
NORTHLAND DR NW,CROWCHILD TR NW,SIGNAL,RIGHT TURN,2.0,PAINT,NW,-114.14215958276537,51.09374270274406
17 AVE SW,37 ST SW,SIGNAL,REGULAR CROSSWALK,4.0,PAINT,NSEW,-114.14116044681072,51.037812445165486
28 AVE SW,37 ST SW,REGULAR,REGULAR CROSSWALK,2.0,PAINT,NEW,-114.1411331374988,51.02872975054001
5 ST SE,14 AVE SE,DOWNTOWN,REGULAR CROSSWALK,1.0,PAINT,S,-114.0511820507007,51.039195031781595
52 ST SE,68 AVE SE,SIGNAL,RIGHT TURN,3.0,PAINT,NEW,-113.95845340130174,50.99412346434765
52 ST SE,72 AVE SE,SIGNAL,RIGHT TURN,4.0,PAINT,NSEW,-113.95848644048208,50.98950996396002
LAKE BONAVISTA DR SE,LAKE WILLOW RD SE,REGULAR,REGULAR CROSSWALK,1.0,PAINT,S,-114.06504593034639,50.943744353314656
36 AVE SW,7A ST SW,MULTIWAYS,REGULAR CROSSWALK,4.0,PAINT,NSEW,-114.08218775638898,51.021662672618916
LAKE SYLVAN DR SE,LAKE CHRISTINA WAY SE,SCHOOL,LADDER CROSSWALK,1.0,MMA,E,-114.04091084496973,50.94313979243637
6 AVE SW,2 ST SW,DOWNTOWN,LADDER CROSSWALK,4.0,MMA,NSEW,-114.0678192268212,51.04758905809141
18 AVE SW,1 ST SW,DOWNTOWN,REGULAR CROSSWALK,1.0,MMA,W,-114.06609768306639,51.037065572843524
6 AVE SW,6 ST SW,DOWNTOWN,STOP LINE,2.0,MMA,SE,-114.07618502682786,51.04783355564352
LAKE BONAVISTA DR SE,120 AVE SE,REGULAR,REGULAR CROSSWALK,1.0,PAINT,N,-114.04871638537905,50.94548918164275
120 AVE SE,10 ST SE,SCHOOL,LADDER CROSSWALK,1.0,MMA,W,-114.03996073802365,50.944869336495984
18 AVE SW,1 ST SW,SCHOOL,REGULAR CROSSWALK,2.0,MMA,EW,-114.06566785377082,51.03706504202667
17 AVE SE,ESTON RD SE,SIGNAL,STOP LINE,3.0,PAINT,SEW,-113.91192217897132,51.0378236996508
ACADIA DR SE,WILLOW PARK DR SE,CORRIDOR,LADDER CROSSWALK,1.0,PAINT,N,-114.04410488644871,50.95994404584367
52 ST SE,76 AVE SE,SIGNALIZED,RIGHT TURN,2.0,PAINT,EW,-113.95853847372098,50.98510884139173
ACADIA DR SE,MAPLECROFT RD SE,REGULAR,REGULAR CROSSWALK,1.0,PAINT,N,-114.04204037817439,50.95805549776682
69 ST SW,26 AVE SW,MULTIWAYS,REGULAR CROSSWALK,4.0,PAINT,NSEW,-114.18755857779583,51.03054095343944
GLENMORE TR SE,BARLOW TR SE,SIGNAL,REGULAR CROSSWALK,2.0,PAINT,NE,-113.98177239313152,50.979526032447126
ACADIA DR SE,LAKE SYLVAN DR SE,SCHOOL,LADDER CROSSWALK,2.0,MMA,NE,-114.04291665693395,50.943582805487864
30 AVE SW,5 ST SW,RSM,LADDER CROSSWALK,1.0,PAINT,W,-114.07295309956184,51.02629228808722
47 AVE SW,5 ST SW,SCHOOL,REGULAR CROSSWALK,2.0,MMA,NE,-114.07643240083426,51.0113965893948
5 AVE SE,IN FRONT OF 6220 5TH AVE SE,MID BLOCK,LADDER CROSSWALK,1.0,PAINT,MID,-113.94324112508086,51.04852895287439
19 ST NW,2 AVE NW,REGULAR,REGULAR CROSSWALK,1.0,PAINT,N,-114.10556350336005,51.05455889179653
NORTHLAND DR NW,NORTHMOUNT DR NW,SIGNAL,LADDER CROSSWALK,4.0,PAINT,NSEW,-114.14132210432322,51.0960292170928
17 AVE SW,38 ST SW,CORRIDOR,LADDER CROSSWALK,1.0,PAINT,MID,-114.14405054332346,51.03781988083998
17 AVE SW,36 ST SW,RSM,REGULAR CROSSWALK,1.0,PAINT,S,-114.13973182052673,51.037795714080644
17 AVE SW,34 ST SW,RSM,REGULAR CROSSWALK,1.0,PAINT,S,-114.13689960015853,51.03773747086764
CITADEL WAY NW,CITADEL BLUFF CLOSE NW,RSM,REGULAR CROSSWALK,1.0,PAINT,W,-114.19250396930425,51.146497598892516
NORHTLAND DR NW,NORHTLAND VILLAGE MALL,SIGNAL,LADDER CROSSWALK,3.0,PAINT,NSW,-114.14133084325654,51.09889582034062
52 AVE NW,NORTHLAND DR NW,SIGNAL,LADDER CROSSWALK,4.0,PAINT,NSEW,-114.1413937342468,51.100972999705746
NOLAN HILL BLVD NW,NOLAND HILL DR NW,RSM,REGULAR CROSSWALK,4.0,PAINT,NSEW,-114.17048927792233,51.17874340902248
ACADIA DR SE,MAPLETON DR SE,SCHOOL,LADDER CROSSWALK,2.0,MMA,SE,-114.04681633363793,50.96116892929349
17 AVE SW,CENTRE ST S,SIGNALIZED,REGULAR CROSSWALK,4.0,PAINT,NSEW,-114.06357128092847,51.03783896245243
NORTHMOUNT DR NW,CAROL DR NW,SCHOOL,LADDER CROSSWALK,2.0,MMA,SW,-114.09706462685115,51.08306979192122
NORTHMOUNT DR NW,CAWDER DR NW,REGULAR,REGULAR CROSSWALK,1.0,PAINT,E,-114.09898906193085,51.08410087366033
NORTHMOUNT DR NW,CALANDAR RD NW,SCHOOL,STOP LINE,3.0,MMA,NEW,-114.10179113312957,51.0856771856092
COUNTRY HILLS BLVD NW,EDGEPARK BLVD NW,MULTIWAYS,RIGHT TURN,2.0,PAINT,NS,-114.1569858719275,51.13878208614178
NORTHMOUNT DR NW,COLLINGWOOD DR NW,SCHOOL,LADDER CROSSWALK,2.0,MMA,SE,-114.10432794566887,51.08654739802629
19 ST NW,NORTHMOUNT DR NW,SIGNAL,REGULAR CROSSWALK,4.0,PAINT,NSEW,-114.1091173970538,51.087546046005045
ANDERSON RD SW,ELBOW DR SW,SIGNAL,RIGHT TURN,4.0,PAINT,NSEW,-114.08455329153009,50.95044719040143
19 ST NW,BROADVIEW RD NW,RSM,REGULAR CROSSWALK,1.0,PAINT,S,-114.10550953691438,51.05021648742167
34 ST NW,PARKDALE BLVD NW,RSM,REGULAR CROSSWALK,1.0,PAINT,E,-114.13720938247442,51.05683744987601
17 AVE SW,38 ST SW,RSM,STOP LINE,1.0,PAINT,N,-114.14258738217026,51.03785582444743
NORTHMOUNT DR NW,BOWLEN ST NW,SCHOOL,LADDER CROSSWALK,2.0,MMA,NE,-114.12370456842592,51.09084920147509
NORTHMOUNT DR NW,34 ST NW,REGULAR,LADDER CROSSWALK,1.0,PAINT,E,-114.13724382660665,51.09604504259754
NORTHMOUNT DR NW,BUTTON RD NW,REGULAR,REGULAR CROSSWALK,1.0,PAINT,W,-114.13845960586607,51.096013933456774
NORTHMOUNT DR NW,BOULTON RD NW,REGULAR,REGULAR CROSSWALK,1.0,PAINT,E,-114.13969096433114,51.096020585589905
HERITAGE DR SW,ELBOW DR SW,SIGNAL,STOP X,4.0,PAINT,NSEW,-114.0831695107299,50.97956800188741
52 ST SE,28 AVE SE,SIGNALIZED,REGULAR CROSSWALK,3.0,PAINT,NSW,-113.95854121466915,51.02815401301521
KENSINGTON RD NW,21 ST NW,SIGNALIZED,STOP LINE,4.0,PAINT,NSEW,-114.1104896275489,51.05250056859849
KENSINGTON RD NW,19 ST NW,SIGNAL,REGULAR CROSSWALK,4.0,PAINT,NSEW,-114.10555883488325,51.052505425816136
24 AVE NW,UNIVERSITY DR NW,SIGNAL,RIGHT TURN,4.0,MMA,NSEW,-114.12833602016192,51.07443966146357
VARSITY DR NW,VEGAS RD NW,SCHOOL,LADDER CROSSWALK,1.0,MMA,W,-114.14731051733266,51.09198232338367
17 AVE SW,32 ST SW,RSM,STOP LINE,2.0,PAINT,NS,-114.13408306893095,51.037808840627484
4 ST NE,2 AVE NE,CORRIDOR,LADDER CROSSWALK,1.0,PAINT,S,-114.05165854070785,51.054669966102786
17 AVE SW,31 ST SW,RSM,STOP LINE,2.0,PAINT,NS,-114.13266650716034,51.037809759596065
MEMORIAL DR SE,28 ST SE,SIGNALIZED,RIGHT TURN,4.0,PAINT,NSEW,-113.99098627261483,51.04906822172117
CROWCHILD TR SW,GLENMORE TR SW,SIGNALIZED,STOP LINE,3.0,PAINT,NSW,-114.11795653151475,50.99992381468019
OAKFIELD DR SW,SOUTH OF OAKWOOD DR,SCHOOL,REGULAR CROSSWALK,1.0,MMA,MID,-114.13234257248197,50.96509769499486
17 AVE SW,30 ST SW,RSM,REGULAR CROSSWALK,1.0,PAINT,S,-114.13120882712478,51.03780327034521
HOME RD NW,52 ST NW,REGULAR,LADDER CROSSWALK,1.0,PAINT,N,-114.16443041116672,51.07992289815188
8 AVE NE,7 ST NE,SCHOOL,LADDER CROSSWALK,1.0,MMA,W,-114.04592357319244,51.059613670691355
CROWCHILD TR SW,LINDEN DR SW,RSM,STOP LINE,1.0,PAINT,W,-114.11806816889651,50.99136381330665
RICHMOND RD SW,SARCEE TR SW,SIGNAL,RIGHT TURN,2.0,PAINT,NS,-114.1660531069801,51.01803967924932
NORTH HAVEN DR NW,NIPAWIN CR NW,SCHOOL,LADDER CROSSWALK,1.0,MMA,N,-114.08697524308535,51.096241530725166
CORNERSTONE WY NE,CORNER MEADOWS AV NE,RSM,LADDER CROSSWALK,1.0,PAINT,W,-113.93016465440991,51.15065333371483
7 AVE SE,6 ST SE,DOWNTOWN,STOP LINE,1.0,MMA,W,-114.0483724746299,51.046100815620626
CROWCHILD TR SW,GLENMORE TR SW,SIGNAL,RIGHT TURN,2.0,PAINT,NE,-114.11801272225762,51.000798080364305
CROWCHILD TR SW,GLENMORE TR SW,RSM,STOP LINE,2.0,PAINT,NE,-114.11794873386042,50.99879589571792
5 AVE NW,CROWCHILD TR NW,SIGNAL,REGULAR CROSSWALK,4.0,PAINT,NSEW,-114.11803430119613,51.05718235154208
RUNDLEVILLE DR NE,RUNDLEWOOD DR NE,SCHOOL,STOP LINE,1.0,MMA,S,-113.96990956462155,51.07442332088096
SOUTHLAND DR SE,ACADIA DR SE,SIGNAL,REGULAR CROSSWALK,4.0,PAINT,NSEW,-114.04844626168615,50.964071918642055
CROWCHILD TR SW,54 AVE SW,RSM,RIGHT TURN,1.0,PAINT,N,-114.11788136021637,51.00500390560564
PRESTWICK DR SE,PRESTWICK ST SE,RSM,REGULAR CROSSWALK,1.0,PAINT,W,-113.96683921423102,50.92331102290171
KENSINGTON RD NW,CROWCHILD TR NW,SIGNAL,RIGHT TURN,3.0,PAINT,SEW,-114.1179427367888,51.05249676744863
CROWCHILD TR NW,24 AVE NW,SIGNAL,RIGHT TURN,4.0,PAINT,NSEW,-114.11836113211442,51.074279130256066
CORAL SPRINGS BLVD,CORAL SHORES DR,MULTIWAYS,REGULAR CROSSWALK,4.0,PAINT,NSEW,-113.9312469901347,51.098785420494934
28 ST SW,17 AV SW,RSM,REGULAR CROSSWALK,2.0,PAINT,NS,-114.12804196524424,51.037805223933425
SHAWVILLE GATE SW,SOMERVALE CO SW,SIGNAL,STOP LINE,4.0,PAINT,NSEW,-114.07005874233701,50.898117680967275
17 AV SW,26A ST SW,RSM,REGULAR CROSSWALK,1.0,PAINT,S,-114.1251998813294,51.037806909655046
17 AV SW,10A ST SW,RSM,REGULAR CROSSWALK,1.0,PAINT,S,-114.0885670710457,51.037816548952996
26 AVE SE,IN FRONT OF POLICE FORENSICS BUILDING,MID BLOCK,STOP X,8.0,MMA,MID,-114.03910271683753,51.03048216090096
CLIFF ST SW,22 AVE SW,SCHOOL,LADDER CROSSWALK,1.0,MMA,N,-114.07576016270818,51.03334485932755
WESTVIEW DR SW,49 ST SW,REGULAR,REGULAR CROSSWALK,2.0,PAINT,NS,-114.15754327833078,51.04830194636303
MCKNIGHT BLVD NE,EDMONTON TR NE,SIGNAL,RIGHT TURN,4.0,PAINT,NSEW,-114.05394805100252,51.096046028931305
SUPERIOR AVE SW,SENLAC ST SW,MULTIWAY STOP,REGULAR CROSSWALK,2.0,PAINT,NW,-114.10497276962779,51.03935826488897
BONAVENTURE DR SE,LAKE MORAINE RD SE,CORRIDOR,STOP LINE,2.0,PAINT,EW,-114.06089876083088,50.94365849030313
SHAWNESSY BLVD SW,SHANNON SQUARE SW,CORRIDOR,RIGHT TURN,2.0,PAINT,NS,-114.09693079429792,50.914022553726234
STRATHCONA DR SW,STRATHRIDGE GA SW,REGULAR,LADDER CROSSWALK,1.0,PAINT,N,-114.19040242999172,51.048930260218015
VALLEYVIEW RD NE,19 ST NE,REGULAR,REGULAR CROSSWALK,2.0,PAINT,NS,-114.0134495107162,51.07103950645272
4711 MARYVALE DR NE,W OF 50 ST,SCHOOL,LADDER CROSSWALK,1.0,MMA,MID,-113.96556460160798,51.056716225741816
SHAWNESSY BLVD SE,MACLEOD TR SE,SIGNAL,RIGHT TURN,4.0,PAINT,NSEW,-114.06965068595326,50.912957427616746
PALLISER DR SW,26 ST SW,REGULAR,REGULAR CROSSWALK,1.0,PAINT,E,-114.12311467096535,50.969469100573136
ROCKY RIDGE BLVD NW,110M E/ROCKY RIDGE GATE NW,MID BLOCK,REGULAR CROSSWALK,1.0,PAINT,E,-114.24099354872213,51.1439499352439
ARBOUR LAKE RD NW,ARBOUR CREST DR NW,SCHOOL,REGULAR CROSSWALK,1.0,MMA,N,-114.20840612345208,51.134061465493
BARLOW TR SE,MEMORIAL DR S,SIGNAL,REGULAR CROSSWALK,2.0,PAINT,WS,-114.00206222769887,51.043765823742014
50 AVE SE,RAMP,SIGNAL,RIGHT TURN,2.0,PAINT,SW,-114.0119083047122,51.00629124674985
SCOTLAND ST SW,SONORA AVE SW,SCHOOL,LADDER CROSSWALK,1.0,MMA,N,-114.10874301466602,51.04057003964425
JAMES MCKEVITT RD SW,SHANNON AVE SW,CORRIDOR,LADDER CROSSWALK,1.0,PAINT,N,-114.09947189282629,50.908926619259525
13 AVE SE,MACLEOD TR SE,SIGNALIZED,REGULAR CROSSWALK,3.0,PAINT,NSW,-114.05849863639814,51.04033542372574
SBND EXIT FR 14 ST SW,9 AVE EBND,REGULAR,REGULAR CROSSWALK,1.0,PAINT,W,-114.09487464363953,51.04659290405037
MACLEOD TR S,34 AVE SE,RSM,REGULAR CROSSWALK,1.0,PAINT,E,-114.0590106931976,51.0233479060492
14 AV SE,MACLEOD TR SE,SIGNALIZED,STOP LINE,2.0,PAINT,WS,-114.05856820570722,51.03939534060005
SHANNON AVE SW,SHANNON GARDEN SW,REGULAR,REGULAR CROSSWALK,1.0,PAINT,E,-114.09757667590976,50.90934805342997
32 AVE NE,34 ST NE,SIGNAL,RIGHT TURN,1.0,PAINT,N,-113.9854911442299,51.08150385237682
17 AVE SE,38 ST SE,SIGNALIZED,REGULAR CROSSWALK,4.0,PAINT,NSEW,-113.97866614001707,51.037843798304266
42 AVE SE,7 ST SE,REGULAR,REGULAR CROSSWALK,1.0,PAINT,E,-114.04583145791744,51.01601420910676
17 AVE SE,41 ST SE,SCHOOL,STOP LINE,1.0,MMA,N,-113.97431550234012,51.038071619551246
69 ST NW,33 AVE NW,REGULAR,REGULAR CROSSWALK,1.0,PAINT,N,-114.18765431424913,51.082669726997715
AERO GA NE,11 ST NE,RSM,STOP LINE,3.0,PAINT,SEW,-114.03896231045759,51.12035458099381
23 AVE NW,47 ST NW,REGULAR,REGULAR CROSSWALK,1.0,PAINT,E,-114.1567534697363,51.07669552499461
20 AVE NW,MACKAY RD NW,SCHOOL,LADDER CROSSWALK,2.0,MMA,NS,-114.15281370379155,51.06967533262916
PATTERSON BLVD SW,AT 221 PATTERSON BLVD SW,MIDBLOCK,REGULAR CROSSWALK,1.0,PAINT,MID,-114.18236497117067,51.066417739176735
19 AVE SE,38 ST SE,RSM,REGULAR CROSSWALK,3.0,PAINT,NSE,-113.97869160116754,51.036280684960616
17 AVE SE,44 ST SE,SIGNAL,RIGHT TURN,1.0,PAINT,SW,-113.96999726983185,51.03786975182008
HERITAGE MEADOWS WAY SE,150M 11 ST SE,SIGNALIZED,STOP LINE,4.0,PAINT,NSEW,-114.03986557885709,50.98355323447166
38 AVE SW,7A ST SW,SCHOOL,LADDER CROSSWALK,2.0,MMA,EW,-114.08219283744778,51.02010745559508
SHAWNEE DR SW,SHAWNEE CR W. LEG,REGULAR,REGULAR CROSSWALK,1.0,PAINT,W,-114.08397871167955,50.926555483716385
COUGAR RIDGE DR SW,COUGARSTONE GATE SW,SCHOOL,LADDER CROSSWALK,1.0,MMA,S,-114.21946379906733,51.0725130411141
SIFTON BLVD SW,7 ST SW,SCHOOL,LADDER CROSSWALK,1.0,MMA,W,-114.08075371481445,51.01917882465804
4 ST NE,HUNTERHORN DR NE,SIGNALIZED,REGULAR CROSSWALK,4.0,PAINT,NSEW,-114.05664615979346,51.11273337729461
VETERAN'S WAY NW,1942 VETERAN'S WY NW,ELDERLY PEDESTRIAN,LADDER CROSSWALK,1.0,PAINT,MID,-114.14304391810384,51.062887154931886
OLD BANFF COACH RD SW,85 ST SW,SIGNAL,RIGHT TURN,3.0,PAINT,NSE,-114.21097198265255,51.06703161961487
COUNTRY HILLS BLVD NE,36 ST NE,SIGNALIZED,STOP LINE,3.0,PAINT,SEW,-113.98166139625806,51.15432155189965
32 AVE NW,COLLEGIATE BLVD NW,SIGNAL,RIGHT TURN,2.0,PAINT,SW,-114.13751572694211,51.08145620599863
SHAWNEE DR SW,SHAWNEE CR,REGULAR,REGULAR CROSSWALK,1.0,PAINT,E,-114.08126761696631,50.92613873154702
SHAWNEE DR SW,SHAWNEE BAY,REGULAR,REGULAR CROSSWALK,1.0,PAINT,E,-114.0850667043653,50.92648298993816
PANORAMA HILLS DR NW,PANORAMA HILLS GREEN NW,REGULAR,REGULAR CROSSWALK,3.0,PAINT,SEW,-114.07989173164096,51.14915414228119
COUNTRY HILLS BLVD NE,38 ST NE,SIGNALIZED,REGULAR CROSSWALK,3.0,PAINT,SEW,-113.97730306176535,51.154215214911815
16 AVE SW,8 ST SW,RSM,REGULAR CROSSWALK,3.0,PAINT,NEW,-114.08180559938228,51.03815389735654
34 AVE SW,20 ST SW,MULTIWAYS,STOP LINE,4.0,MMA,NSEW,-114.1093392025845,51.02319001092747
HIDDEN VALLEY DR NW,HIDDEN VALLEY GROVE NW,REGULAR,REGULAR CROSSWALK,2.0,PAINT,NS,-114.10259929163715,51.148958997325444
CROWFOOT CRESCENT NW,CROWFOOT TERRACE NW,RSM,LADDER CROSSWALK,1.0,MMA,N,-114.20420386797308,51.12826560457184
34 AVE SW,21 ST SW,RSM,REGULAR CROSSWALK,1.0,MMA,E,-114.11185774088298,51.02318264340871
10 ST NW,5 AVE NW,SIGNAL,REGULAR CROSSWALK,3.0,MMA,NSW,-114.08587197621394,51.057123619911174
17 AVE SE,31 ST SE,CORRIDOR,REGULAR CROSSWALK,2.0,PAINT,WS,-113.98937628823342,51.03782854885379
HIDDEN VALLEY DR NW,HIDDEN VALLEY LINK NW,MULTIWAY STOP,LADDER CROSSWALK,2.0,PAINT,NW,-114.10638514446704,51.15095479049807
WHITNEL PL NE,42 ST NE,SCHOOL,LADDER CROSSWALK,1.0,MMA,N,-113.97315856030417,51.08326765893334
CRANSTON DR SE,CRANFIELD PARK SE,SIGNALIZED,REGULAR CROSSWALK,1.0,PAINT,E,-113.97949471757272,50.89231415516009
WBND BOW TR TO,NBND 14 ST RAMP,REGULAR,REGULAR CROSSWALK,1.0,PAINT,E,-114.09449060878949,51.04641524720542
10 AVE SW,19 ST SW,DOWNTOWN,STOP LINE,2.0,PAINT,EW,-114.10660587014296,51.04453806861997
11 AVE SW,OLYMPIC WAY SE,DOWNTOWN,BIKE BOX,1.0,MMA,N,-114.05340222832916,51.04210601663678
ANDERSON RD SE,ACADIA DR SE,SIGNAL,RIGHT TURN,4.0,PAINT,NSEW,-114.04197434574085,50.94825370770971
11 AVE SE,MACLEOD TR SE,DOWNTOWN,STOP LINE,2.0,MMA,SE,-114.05832694805963,51.0422437183519
34 AVE NW,69 ST NW,MULTIWAYS,STOP X,3.0,PAINT,SEW,-114.18765037440727,51.08381609058131
CENTRE ST S,11 AVE SE,DOWNTOWN,REGULAR CROSSWALK,4.0,MMA,NSEW,-114.0632516715301,51.042363705044686
EVERRIDGE DR SW,EVERMEADOWS AVE SW,SCHOOL,LADDER CROSSWALK,2.0,MMA,NE,-114.12348259239297,50.91398712684235
9 AVE SW,6 ST SW,DOWNTOWN,STOP LINE,1.0,MMA,W,-114.07638319651996,51.04498374685087
52 ST SE,ERIN WOODS DR SE,SIGNAL,RIGHT TURN,1.0,PAINT,N,-113.95841932705248,51.024154544938135
11 AVE SW,1 ST SW,DOWNTOWN,REGULAR CROSSWALK,4.0,MMA,NSEW,-114.0657233119371,51.0424323686669
26 AVE SE,40 ST SE,SCHOOL,LADDER CROSSWALK,1.0,MMA,W,-113.97574522274124,51.03051523518986
MILLVIEW RD SW,MILLVIEW COMMON SW,RSM,REGULAR CROSSWALK,1.0,PAINT,W,-114.09477690193657,50.9182695433894
12 AVE SW,1 ST SW,DOWNTOWN,STOP LINE,4.0,PAINT,NSEW,-114.06581918447023,51.04149861439891
JOHN LAURIE BLVD NW,MCKNIGHT BV NW,CORRIDOR,RIGHT TURN,2.0,PAINT,SE,-114.08331315941601,51.09727770206186
14 ST NW,BERKSHIRE BLVD NW,SIGNAL,RIGHT TURN,3.0,MMA,NSE,-114.10630710090759,51.131623370363116
12 AVE SW,2 ST SW,DOWNTOWN,STOP LINE,4.0,PAINT,NSEW,-114.06828153523053,51.041573065293186
39 AVE NW,77 ST NW,REGULAR,REGULAR CROSSWALK,1.0,PAINT,S,-114.19931469579056,51.08789303764766
12 AVE SW,5 ST SW,DOWNTOWN,STOP LINE,4.0,PAINT,NSEW,-114.07415044866895,51.04173288670672
12 AVE SW,6 ST SW,DOWNTOWN,STOP LINE,4.0,PAINT,NSEW,-114.07660356759526,51.04180716723257
12 AVE SW,7 ST SW,DOWNTOWN,STOP LINE,4.0,PAINT,NSEW,-114.07906593186625,51.04186971953726
14 ST NW,JOHN LAURIE BLVD NW,SIGNAL,RIGHT TURN,4.0,PAINT,NSEW,-114.09469253498976,51.08974407883135
12 AVE SW,8 ST SW,DOWNTOWN,STOP LINE,4.0,PAINT,NSEW,-114.081537558714,51.04193221350399
NORTHMOUNT DR NW,40 AVE NW,SIGNAL,STOP X,1.0,PAINT,E,-114.08552729148336,51.08883634597637
12 AVE SW,9 ST SW,DOWNTOWN,REGULAR CROSSWALK,4.0,MMA,NSEW,-114.08396291975794,51.04200052368913
PANAMOUNT BLVD NW,PANAMOUNT SQUARE NW,SCHOOL,LADDER CROSSWALK,1.0,MMA,E,-114.07958728197578,51.15815638661348
MACEWAN DR NW,MACEWAN RIDGE GATE NW,REGULAR,REGULAR CROSSWALK,1.0,PAINT,N,-114.11600775291848,51.13960865724588
12 AVE SW,10 ST SW,SIGNALIZED,REGULAR CROSSWALK,4.0,MMA,NSEW,-114.0864531155289,51.04208624222382
PANORAMA HILLS DR NW,PANAMOUNT GARDEN NW,SCHOOL,LADDER CROSSWALK,1.0,MMA,S,-114.0849730038039,51.155662528554146
BRENNER DR NW,BRENNER CR NW,REGULAR,REGULAR CROSSWALK,1.0,PAINT,W,-114.13600984558728,51.1047161213725
BEDDINGTON BLVD NE,BEDDINGTON TR,SIGNAL,REGULAR CROSSWALK,3.0,PAINT,NSE,-114.05306679712743,51.12797582095301
12 AVE SW,11 ST SW,SIGNALIZED,STOP X,1.0,MMA,N,-114.08892478597828,51.04216025131983
12 AVE SW,12 ST SW,DOWNTOWN,STOP LINE,3.0,MMA,NSW,-114.09137792914903,51.042222551255016
12 AVE SW,14 ST SW,DOWNTOWN,STOP LINE,3.0,MMA,NSW,-114.09474756132322,51.04231907357077
HIDDEN CREEK BLVD NW,HIDDEN CREEK WAY NW,RSM,REGULAR CROSSWALK,3.0,PAINT,SEW,-114.10088297055194,51.16002495711862
HIDDEN VALLEY DR NW,HIDDEN HILLS TC NW,RSM,REGULAR CROSSWALK,1.0,PAINT,W,-114.12948075883502,51.149344388046615
COVENTRY HILLS WAY NE,COVEPARK SQ NE,SCHOOL,LADDER CROSSWALK,2.0,MMA,NE,-114.0608058175114,51.1661434880668
HUNTERVIEW DR NW,WALKWAY S OF BERKLEY DR,MIDBLOCK,REGULAR CROSSWALK,1.0,PAINT,MID,-114.08534957110028,51.12519333147292
CENTRE ST S,12 AVE SE,DOWNTOWN,STOP LINE,4.0,MMA,NSEW,-114.06329203002116,51.04141247536095
1 ST NE,18 AVE NE,ELDERLY,REGULAR CROSSWALK,4.0,PAINT,NSEW,-114.05993793524006,51.06880806381233
BOWWOD DR NW,63 ST NW,RSM,STOP LINE,2.0,PAINT,NS,-114.18081973435076,51.0849543977864
MILLRISE DR SW,MILLBANK DR SW,RSM,REGULAR CROSSWALK,1.0,PAINT,E,-114.0855629998302,50.91753800077545
66 AVE SW,CROWCHILD TR SW,MULTIWAY STOP,REGULAR CROSSWALK,2.0,PAINT,SW,-114.11791911334261,50.99461036657143
1 ST NE,17 AVE NE,MULTIWAYS,REGULAR CROSSWALK,4.0,PAINT,NSEW,-114.05993678237431,51.06788892895948
MARTINDALE BLVD NE,MARTINVIEW RD NE,REGULAR,REGULAR CROSSWALK,1.0,PAINT,W,-113.96159432684465,51.11328447686707
COUNTRY HILLS BLVD NE,COVENTRY HILLS BLVD NE,SIGNAL,RIGHT TURN,2.0,PAINT,NW,-114.05248249519263,51.154242066582874
CROWCHILD TR SW,LONGRIDGE DR SW,CORRIDOR,LADDER CROSSWALK,1.0,PAINT,N,-114.1179121118478,50.995335545071725
PANORAMA HILLS BLVD NW,PANORAMA HILLS DR NW,REGULAR,RIGHT TURN,1.0,PAINT,W,-114.07549820341903,51.150718759543096
37 ST NW,3 AV NW,SIGNALIZED,RIGHT TURN,1.0,PAINT,E,-114.14117612481708,51.0600931979179
6 ST NE,24 AVE NE,MULTIWAYS,REGULAR CROSSWALK,4.0,PAINT,NSEW,-114.04833530489388,51.07425942671197
EVERBROOK DR SW,EVERBROOK WAY,SCHOOL,LADDER CROSSWALK,2.0,MMA,NE,-114.11519254018783,50.92045015199898
18 ST SE,RIVERBEND GATE SE,SIGNAL,RIGHT TURN,2.0,PAINT,EW,-114.0157660584649,50.97571491188027
RIVERBEND DR SE,RIVERBEND GATE SE,REGULAR,REGULAR CROSSWALK,1.0,PAINT,N,-114.01869400032554,50.97569817874925
NORTHMOUNT DR NW,CONNAUGHT DR NW,REGULAR,REGULAR CROSSWALK,1.0,PAINT,N,-114.09123830421622,51.084113682295104
MILLRISE BLVD SW,180 M NORTH OF SHAWMEADOWS CL SW,SIGNALIZED,STOP LINE,3.0,PAINT,NSE,-114.07366082295074,50.91452163225014
NORTHMOUNT DR NW,COLERIDGE RD NW,REGULAR,REGULAR CROSSWALK,2.0,PAINT,NS,-114.08705155449513,51.08755325571074
MACLEOD TR S,61 AVE SE,SIGNAL,STOP LINE,4.0,PAINT,NSEW,-114.07154699589931,50.99774375656127
18 ST / RIVERVALLEY DR,RIVERGLEN DR SE,SIGNALIZED,RIGHT TURN,2.0,PAINT,EW,-114.01578226421476,50.972857588164324
RICHARDSON WAY SW,RICHARD RD SW,SIGNAL,STOP LINE,3.0,PAINT,NSW,-114.12240813584022,51.01231225166462
32 AV NW,CROWCHILD TR NW,SIGNAL,RIGHT TURN,2.0,PAINT,SE,-114.12517721127467,51.08343695398261
24 ST SW,OFF RAMP TO SB CROWCHILD TR,REGULAR,REGULAR CROSSWALK,1.0,PAINT,S,-114.11763389572985,51.03555969565033
CROWCHILD TR,23 AVE,SIGNAL,STOP LINE,4.0,PAINT,NSEW,-114.11788047695323,51.07100748690786
RICHMOND RD SW,40 ST SW,CORRIDOR,REGULAR CROSSWALK,3.0,PAINT,NS,-114.14528634971211,51.02108237422354
RIVER GLEN DR SE,21 ST SE,SCHOOL,REGULAR CROSSWALK,1.0,MMA,S,-114.00947176116544,50.973547949523514
18 ST SE,RIVERVIEW CLOSE,CORRIDOR,RIGHT TURN,2.0,PAINT,EW,-114.01533854184412,50.970232243552395
EDMONTON TR NE,36 AVE NE,SIGNAL,STOP X,1.0,PAINT,E,-114.05203961826602,51.084980082032494
BANFFTR NW,CROWCHILD TR NW,RSM,REGULAR CROSSWALK,2.0,PAINT,NS,-114.11778028328315,51.07252575863321
63 AVE SW,CROWCHILD TR SW,SIGNAL,REGULAR CROSSWALK,3.0,PAINT,NSW,-114.11795215122388,50.997181903259566
RIVERVALLEY DR SE,RIVERVIEW PARK SE,CORRIDOR,LADDER CROSSWALK,1.0,PAINT,E,-114.02044892386995,50.973362797603784
DISCOVERY RIDGE BLVD SW,DISCOVERY RIDGE LANE,RSM,STOP LINE,2.0,PAINT,NS,-114.21397017875918,51.015216810849395
RIVERBEND DR SE,RIVERSIDE CLOSE SE,REGULAR,REGULAR CROSSWALK,1.0,PAINT,N,-114.0252288607994,50.97713350130804
PARKDALE BLVD NW,27 ST NW,CORRIDOR,STOP LINE,1.0,PAINT,N,-114.12543913981506,51.054205918401586
HUNTSTROM DR NE,HUNTWELL RD NE,MULTIWAYS,REGULAR CROSSWALK,1.0,PAINT,S,-114.05042047696305,51.12127069667859
26 ST SW,N OF OAKLAWN PL,MIDBLOCK,REGULAR CROSSWALK,1.0,PAINT,MID,-114.12277654830065,50.96503011394405
OAKWOOD DR SW,N OF OAKHILL DR,MIDBLOCK,REGULAR CROSSWALK,1.0,PAINT,MID,-114.12596152538774,50.96750030498522
PALLISER DR SW,29 ST SW,REGULAR,REGULAR CROSSWALK,1.0,PAINT,W,-114.12986205429783,50.97013790951563
RIVER GLEN DR SE,RIVER CREST DR SE,REGULAR,STOP LINE,2.0,PAINT,NS,-114.01239040318163,50.976275148358624
CENTRE ST S,RIVERFRONT AVE S,DOWNTOWN,STOP X,1.0,PAINT,N,-114.06258035580404,51.052023859809054
RIVER GLEN DR SE,RIVER STONE CLOSE SE,REGULAR,REGULAR CROSSWALK,1.0,PAINT,S,-114.00516941000093,50.97536467151124
OAKWOOD DR SW,300 OAKWOOD PL SW,REGULAR,LADDER CROSSWALK,1.0,PAINT,W,-114.13007068402109,50.96622809319218
OAKFIELD DR SW,PALLISER DR SW,REGULAR,REGULAR CROSSWALK,2.0,PAINT,SE,-114.13112189994509,50.97070325663037
PALLISER DR SW,PUMPHILL GATE SW,REGULAR,REGULAR CROSSWALK,1.0,PAINT,S,-114.1022427337945,50.96324577348844
19 ST SW,PALLISER DR SW,MULTIWAYS,REGULAR CROSSWALK,4.0,PAINT,NSEW,-114.10637561317903,50.9667076602258
11 AVE SW,2 ST SW,MID BLOCK,PARKING STALLS,13.0,MMA,W,-114.06822612702697,51.04298410268081
PALLISER DR SW,22 ST SW,SCHOOL,LADDER CROSSWALK,1.0,MMA,W,-114.11319712397966,50.96920261774998
24 ST SW,PALLISER DR SW,SIGNAL,REGULAR CROSSWALK,4.0,PAINT,NSEW,-114.11793555000713,50.96945805308834
11 AVE SW,12 AVE SW,MID BLOCK,PARKING STALLS,11.0,MMA,E,-114.09127416537913,51.042670069621856
SOMERSET DR SW,SOMERSET CIRCLE,REGULAR,REGULAR CROSSWALK,2.0,PAINT,NW,-114.08125896794044,50.8965689507074
19 ST SW,98 AVE SW,REGULAR,REGULAR CROSSWALK,1.0,PAINT,N,-114.10635750603905,50.965010824784024
RICHMOND RD SW,50 ST SW,SIGNAL,RIGHT TURN,3.0,PAINT,NSW,-114.15978630035896,51.01802467621566
19 ST SW,PALISPRIOR RD SW,REGULAR,REGULAR CROSSWALK,2.0,PAINT,NS,-114.10633731314748,50.96896293962044
GREYHOUND WAY,9 AVE SW/16 ST SW,REGULAR,REGULAR CROSSWALK,1.0,PAINT,N,-114.09743491277764,51.04549082834881
27 ST SE,11 AVE SE,REGULAR,REGULAR CROSSWALK,2.0,PAINT,EW,-113.99553102440338,51.0428679857999
BARLOW TR NE,23 AVE NE,SIGNAL,RIGHT TURN,4.0,PAINT,NSEW,-114.00164013900654,51.073401080018556
RICHMOND RD SW,SARCEE TR SW,SIGNAL,RIGHT TURN,2.0,PAINT,NE,-114.16424625335459,51.01797694725025
27 ST SE,13 AVE SE,REGULAR,REGULAR CROSSWALK,1.0,PAINT,N,-113.99551146859555,51.04109265666753
16 AV SW,9 ST SW,RSM,PARKING STALLS,31.0,PAINT,N,-114.08539671374344,51.03825892684245
BARLOW TR SE,MEMORIAL DR SE,SIGNAL,STOP LINE,3.0,PAINT,NSE,-114.00175672023161,51.04580560183887
27 ST SE,14 AVE SE,REGULAR,REGULAR CROSSWALK,1.0,PAINT,W,-113.99552883274288,51.04048169038809
SOMERSET DR SW,SOMERCREST ST SW,REGULAR,REGULAR CROSSWALK,1.0,PAINT,W,-114.08928574936732,50.90036504440864
12 AVE NW,19 ST NW,CORRIDOR,LADDER CROSSWALK,1.0,PAINT,S,-114.10627875828939,51.06337447080331
27 ST SE,15 AVE SE,REGULAR,STOP LINE,1.0,PAINT,N,-113.99552891884886,51.03958706020238
19 ST NE,MCKINNON DR NE,SIGNALIZED,REGULAR CROSSWALK,4.0,PAINT,NSEW,-114.01333924472519,51.06539477161922
RADCLIFFE DR SE,RADCLIFFE CR SE,RSM,LADDER CROSSWALK,1.0,PAINT,E,-113.98416320253168,51.04814649345723
SHAWVILLE GATE SW,110 M E OF SOMERVALE CO SW,REGULAR,STOP LINE,2.0,PAINT,EW,-114.06852676940285,50.8983182356687
BOWNESS RD NW,POINT DR NW,SIGNAL,RIGHT TURN,1.0,PAINT,N,-114.14322428829352,51.06095395084788
FAIRMOUNT DR SE,83 AVE SE,SCHOOL,LADDER CROSSWALK,2.0,MMA,NE,-114.05994784429396,50.97819282820282
28 ST SE,RADCLIFFE DR (S/LEG),SCHOOL,LADDER CROSSWALK,1.0,MMA,MID,-113.99307370140662,51.0454817363252
28 ST SE,12 AVE SE,MULTIWAYS,REGULAR CROSSWALK,3.0,PAINT,NSE,-113.99309850615322,51.04245291203768
FAIRMOUNT DR SE,90 AVE SE,REGULAR,REGULAR CROSSWALK,1.0,PAINT,N,-114.05920314701514,50.97058990723493
28 ST SE,14 AVE SE,CORRIDOR,REGULAR CROSSWALK,1.0,PAINT,W,-113.99309624895668,51.04049460174098
28 ST SE,15 AVE/16 AVE SE,MULTIWAYS,REGULAR CROSSWALK,4.0,PAINT,NSEW,-113.99307076223248,51.03937348789971
CROWFOOT CRESCENT NW,100 CROWFOOT GATE NW,SIGNAL,REGULAR CROSSWALK,4.0,MMA,NSEW,-114.19809227142248,51.127854197281984
12 AVE SE,32 ST SE,REGULAR,REGULAR CROSSWALK,1.0,PAINT,W,-113.98837990349162,51.042458234954225
12 AVE SE,34 ST SE,REGULAR,REGULAR CROSSWALK,1.0,PAINT,W,-113.9846105006964,51.04246325438381
17 AVE SW,1 ST SW,DOWNTOWN,STOP LINE,3.0,PAINT,NEW,-114.06604538777776,51.03783371143879
32 AVE NE,12 ST NE,SIGNAL,RIGHT TURN,2.0,PAINT,SW,-114.02724980340479,51.081496201142805
BOWNESS RD NW,POINT DR NW,SIGNALIZED,REGULAR CROSSWALK,4.0,PAINT,NSEW,-114.14633827087073,51.06222746205847
32 AVE NE,19 ST NE,SIGNAL,RIGHT TURN,4.0,PAINT,NSEW,-114.0115977762505,51.08150417740111
16 AV SW,10 ST SW,RSM,PARKING STALLS,11.0,PAINT,N,-114.08774659188578,51.038303242480175
19 ST NE,8 AVE NE,SIGNAL,REGULAR CROSSWALK,4.0,PAINT,NSEW,-114.01326517043633,51.05960856682133
JOHN LAURIE BLVD NW,200 CROWFOOT GATE NW,SIGNALIZED,STOP LINE,3.0,MMA,SEW,-114.19968340143141,51.12990995223727
12 AVE SE,RAYNARD CR SE,REGULAR,REGULAR CROSSWALK,2.0,PAINT,EW,-113.9858755732247,51.0424634042236
ANDERSON RD SE,BONAVENTURE DR SE,SIGNAL,RIGHT TURN,4.0,PAINT,NSEW,-114.0600474554786,50.94920899285007
JOHN LAURIE BLVD NW,NOSE HILL DR NW,SIGNAL,REGULAR CROSSWALK,4.0,MMA,NSEW,-114.19446184526039,51.1276952649906
PEGASUS RD,MCCALL WY NE,SIGNAL,STOP LINE,3.0,PAINT,NSE,-114.01152253371629,51.09408739048691
32 ST SE,RAYNARD CR SE,REGULAR,REGULAR CROSSWALK,1.0,PAINT,W,-113.98838977568127,51.04470015355015
RADISSON DR SE,ROULEAU CR SE,REGULAR,REGULAR CROSSWALK,1.0,PAINT,S,-113.98707141443045,51.04089351188139
10 AVE SW,15 ST SW,MID BLOCK,PARKING STALLS,22.0,PAINT,E,-114.09669066943322,51.04380349764475
FAIRMOUNT DR SE,94 AVE SE,CORRIDOR,REGULAR CROSSWALK,1.0,PAINT,W,-114.05920067376624,50.96864430621759
16 AVE SE,RADISSON DR SE,MULTIWAYS,REGULAR CROSSWALK,4.0,PAINT,NSEW,-113.98666825802292,51.039354803329786
KENSINGTON RD NW,11 ST NW,REGULAR,REGULAR CROSSWALK,1.0,MMA,W,-114.0887563166926,51.05250722205139
BONAVENTURE DR SE,90 AVE SE,SIGNAL,REGULAR CROSSWALK,4.0,PAINT,NSEW,-114.06873303231885,50.9722696135235
ARBOUR LAKE WAY NW,NOSE HILL DR NW,SIGNALIZED,REGULAR CROSSWALK,4.0,PAINT,NSEW,-114.1847389148165,51.1374681429309
HOME RD NW,BOWNESS RD NW,SIGNAL,MULTI USE XWALK,5.0,MMA,NSEW,-114.16441541845002,51.07528040151985
36 ST NE,26 AVE NE,SIGNAL,RIGHT TURN,3.0,PAINT,SEW,-113.9817158063588,51.07789444231045
BONAVENTURE DR SE,BTW 86 & 90 AVE SE,MID BLOCK,LADDER CROSSWALK,1.0,PAINT,MID,-114.06860582012656,50.97422735650149
NOSE HILL DR NW,87 ST NW,SIGNAL,RIGHT TURN,1.0,PAINT,S,-114.21713344180513,51.104745064496576
36 ST NE,WHITEFIELD DR NE,SIGNAL,RIGHT TURN,3.0,PAINT,SEW,-113.9817261721528,51.08835796301471
61 AVE SE,84 ST SE,SIGNAL,STOP LINE,4.0,PAINT,NSEW,-113.91195132353835,50.997869139407676
10 AVE SW,13 ST SW,RSM,REGULAR CROSSWALK,1.0,PAINT,S,-114.0937262755563,51.04411503081483
11 AVE SW,2 ST SW,DOWNTOWN,STOP LINE,2.0,MMA,SE,-114.06818571204421,51.04250682065104
11 ST SW RRXING,BTW 9 & 10 AVE,DOWNTOWN,X RRXING,4.0,MMA,NS,-114.08873758474608,51.04470587727124
11 AVE SW,5 ST SW,DOWNTOWN,STOP LINE,3.0,MMA,NSE,-114.0740825409485,51.042684136698796
11 AVE SW,6 ST SW,DOWNTOWN,REGULAR CROSSWALK,4.0,MMA,NSEW,-114.076544957988,51.04275257732102
36 ST NE,32 AVE NE,SIGNAL,RIGHT TURN,4.0,PAINT,NSEW,-113.98170713196455,51.08152222233546
78 AVE SW,CHURCHILL DR SW,MULTIWAYS,REGULAR CROSSWALK,3.0,PAINT,NSW,-114.09081636163077,50.984271838103794
CENTRE ST N,NORTHMOUNT DR NW,RSM,REGULAR CROSSWALK,4.0,MMA,NSEW,-114.06245061430532,51.10264598181308
EVANSTON VIEW NW,EVANSBROOKE LINK NW,SCHOOL,LADDER CROSSWALK,1.0,MMA,E,-114.12023405327149,51.164676213223366
HUNTERVIEW DR NW,HUNTERCREST RD,REGULAR,LADDER CROSSWALK,1.0,PAINT,S,-114.0798608995191,51.112951295382416
47 ST SE,7 AVE SE,SCHOOL,LADDER CROSSWALK,1.0,MMA,N,-113.96570748653761,51.046888723850444
11 AVE SW,8 ST SW,DOWNTOWN,REGULAR CROSSWALK,4.0,MMA,NSEW,-114.08147905818743,51.04288346123245
OAKWOOD DR SW,S OF OAKHILL DR SW,REGULAR,REGULAR CROSSWALK,1.0,PAINT,S,-114.12623196234601,50.96700703354234
47 ST SE,FOREMAN CR (S. LEG),SCHOOL,LADDER CROSSWALK,1.0,MMA,S,-113.96570682919945,51.04774804469702
SANDSTONE DR NW,SANDARAC DR NW,REGULAR,STOP LINE,2.0,PAINT,NS,-114.1008984386937,51.13838014664096
11 AVE SW,9 ST SW,RSM,REGULAR CROSSWALK,4.0,MMA,NSEW,-114.08391373699489,51.04295760208082
ARBOUR CREST DR NW,ARBOUR CREST CIRCLE NW,SCHOOL,LADDER CROSSWALK,1.0,MMA,N,-114.20840779520164,51.13515114217829
11 AVE SW,11 ST SW,DOWNTOWN,STOP X,1.0,MMA,N,-114.08886642672083,51.04310566740019
VARSITY DR NW,37 ST NW,REGULAR,STOP LINE,4.0,PAINT,NSEW,-114.14120516843585,51.08879188872141
47 ST SE,4 AVE SE,SCHOOL,LADDER CROSSWALK,2.0,MMA,NS,-113.96557665725102,51.04927330159392
47 ST SE,FOREGO AV/FORDHAM CR,SCHOOL,LADDER CROSSWALK,1.0,MMA,S,-113.96493901877034,51.050001368852115
11 AVE SW,12 ST SW,SIGNALIZED,STOP LINE,3.0,MMA,NSE,-114.0913011172919,51.04317381821826
EVERRIDGE DR SW,EVERHOLLOW WAY SW,RSM,REGULAR CROSSWALK,1.0,PAINT,S,-114.12421923039022,50.918722353474564
PANORAMA HILLS BLVD NW,PANAMOUNT BLVD NW,SCHOOL,REGULAR CROSSWALK,1.0,MMA,W,-114.08023435378848,51.15784570319763
11 AVE SW,14 ST SW,SIGNALIZED,LADDER CROSSWALK,4.0,MMA,NSEW,-114.09467078121365,51.043252836110376
EVERGREEN DR SW,EVERGREEN MANOR SW,RSM,REGULAR CROSSWALK,1.0,PAINT,MID,-114.10294971102677,50.923703540068644
12 AVE SE,5 ST SE,DOWNTOWN,REGULAR CROSSWALK,4.0,MMA,NSEW,-114.05104990210208,51.04107416207823
17 AVE SW,CHRISTIE P[ARK GATE SW,SIGNAL,X RRXING,3.0,PAINT,N,-114.17857690315792,51.036963056311755
4 ST NW,54 AVE NW,CORRIDOR,LADDER CROSSWALK,1.0,PAINT,N,-114.07148095388405,51.10113233946763
4 ST NW,NORTHMOUNT DR NW,SIGNAL,LADDER CROSSWALK,4.0,PAINT,NSEW,-114.07149184679679,51.102659018337086
FORITANA RD SE,FORTALICE CR SE,SCHOOL,LADDER CROSSWALK,1.0,MMA,N,-113.9619344746457,51.04868025260912
ACADIA DR SE,WILLOWFERN DR SW,MIDBLOCK,REGULAR CROSSWALK,2.0,PAINT,NS,-114.04085490978768,50.955110818170375
4 ST NE,64 AV NE,RSM,RIGHT TURN,4.0,PAINT,NSEW,-114.05686690858674,51.110635613607215
18 AVE NE,21 ST NE,SCHOOL,LADDER CROSSWALK,1.0,MMA,E,-114.00905224256137,51.06892654967883
50 AVE SE,BARLOW TR SE,SIGNAL,RIGHT TURN,3.0,PAINT,NSE,-114.00169895733296,51.00867276839734
BARLOW TR SE,58 AVE SE,MID BLOCK,RIGHT TURN,2.0,PAINT,NS,-113.9886522253549,51.00186120748754
MACLEOD TR S,75 AVE SE,SIGNAL,STOP LINE,4.0,PAINT,NSEW,-114.07154772699371,50.98598627655421
70 MARTINVALLEY COURT NE,MARTINVALLEY RD,SIGNALIZED,PARKING STALLS,15.0,PAINT,N,-113.95412810722881,51.12379756289052
32 AVE NE,15A ST NE,SIGNAL,REGULAR CROSSWALK,3.0,PAINT,EWS,-114.02081651416803,51.081458309742736
CAMBRIAN DR NW,ROSEHILL DR NW,CORRIDOR,LADDER CROSSWALK,1.0,PAINT,E,-114.08616299356653,51.078970470987024
6 ST SW,8 AVE SW TO 9 AVE SW,MID BLOCK,PARKING STALLS,3.0,MMA,E,-114.07621842588014,51.04544110554695
9 AV SW,5 ST SW TO 6 ST SW,MID BLOCK,PARKING STALLS,11.0,PAINT,N,-114.07540869725446,51.04501914114877
SHAWNEE GATE SW,LRT S/ PARKNG LOT ENTRN,CORRIDOR,LADDER CROSSWALK,1.0,PAINT,S,-114.07495593192068,50.922587783187524
4 AVE SW,8 ST SW,DOWNTOWN,STOP LINE,3.0,MMA,NSE,-114.08101331163621,51.049834406955426
4 ST SW,25 AVE SW,SIGNAL,REGULAR CROSSWALK,4.0,PAINT,NSEW,-114.07151099743089,51.03058857292564
NORTHMOUNT DR NW,BRISEBOIS DR NW,SIGNAL,REGULAR CROSSWALK,4.0,PAINT,NSEW,-114.12886567363132,51.093093205186065
BRENTWOOD RD NW,BRISEBOIS DR NW,SIGNAL,STOP X,1.0,PAINT,E,-114.1335770047212,51.089608431461315
43 ST SE,BETWEEN 16 AND 17 AVE SE,MID BLOCK,PARKING STALLS,23.0,PAINT,E,-113.97139539104049,51.03875118620467
NORTH SERVICE RD,CROSSROADS HOTEL ENTRAN,MULTIWAYS,STOP LINE,1.0,PAINT,W,-114.01068755765355,51.067228509564075
18 AVE NE,19 ST NE,SIGNAL,REGULAR CROSSWALK,4.0,PAINT,NSEW,-114.01341267944728,51.06890390817667
OGDEN RD SE,72 AVE SE,REGULAR,RIGHT TURN,1.0,PAINT,W,-114.00001928850304,50.98875321836066
68 AVE SW,9 ST SW,REGULAR,REGULAR CROSSWALK,1.0,PAINT,N,-114.08581770361029,50.99244336498729
LAKE FRASER DR SE,LAKE FRASER GA SE,MULTIWAY STOP,REGULAR CROSSWALK,1.0,PAINT,W,-114.06754397248821,50.9395944939894
WOODBINE BLVD SW,WOODMOUNT RD SW,REGULAR,REGULAR CROSSWALK,1.0,PAINT,S,-114.12589414683255,50.94308414079198
BONAVENTURE DR SE,129 AVE SE,RSM,LADDER CROSSWALK,1.0,PAINT,S,-114.0646093666141,50.936768590162096
WOODBINE BLVD SW,WOODBROOK COURT SW,REGULAR,REGULAR CROSSWALK,1.0,PAINT,W,-114.13327177965617,50.9468588531837
42 AV SW,15 ST SW,RSM,REGULAR CROSSWALK,2.0,PAINT,NS,-114.09757973216871,51.016047535156424
SHAWINIGAN DR SW,SHAWFIELD DR SW,RSM,REGULAR CROSSWALK,1.0,PAINT,W,-114.0810887347601,50.905200817219594
SOMERSET DR SW,SOMERSET MANOR SW,SCHOOL,LADDER CROSSWALK,1.0,MMA,E,-114.0858013084582,50.89703880217437
40 ST SE,150M S OF 64 AVE AT RRXING,MID BLOCK,STOP LINE,4.0,PAINT,NS,-113.97656340041088,50.99512820992787
HADDON RD SW,84 AVE SW,MULTIWAYS,REGULAR CROSSWALK,3.0,PAINT,NSW,-114.07686587397548,50.97743395107881
HERITAGE DR SE,BONAVENTURE DR SE,SIGNAL,REGULAR CROSSWALK,4.0,PAINT,NSEW,-114.06791828372148,50.97958502554358
HADDON RD SW,86 AVE SW,CORRIDOR,LADDER CROSSWALK,1.0,PAINT,N,-114.077374699598,50.975882326571764
HERITAGE DR SE,FAIRVIEW DR SE,CORRIDOR,LADDER CROSSWALK,1.0,PAINT,W,-114.06375898468629,50.97968285248413
34 AVE SW,18 ST SW,REGULAR,REGULAR CROSSWALK,1.0,PAINT,E,-114.10452806467734,51.02319033833101
CENTRE ST N,20 AVE N,SIGNALIZED,REGULAR CROSSWALK,4.0,PAINT,NSEW,-114.06252260470244,51.070621761002954
26 ST SE,24 AVE SE,RSM,REGULAR CROSSWALK,1.0,PAINT,S,-113.99434910098387,51.032178645125526
MCKNIGHT BLVD NE,47 ST NE,SIGNAL,REGULAR CROSSWALK,2.0,PAINT,NW,-113.96594574474746,51.096072020557315
26 ST SE,22 AVE SE,REGULAR,REGULAR CROSSWALK,2.0,PAINT,SE,-113.99483739224732,51.03385033442134
CENTRE ST N,34 AVE N,REGULAR,REGULAR CROSSWALK,2.0,PAINT,NS,-114.0624333375443,51.083239614612125
HUNTRIDGE HILL NE,N OF HUNTFORD CL NE,SCHOOL,LADDER CROSSWALK,1.0,MMA,MID,-114.05999056485776,51.112473649538366
13 AVE NE,BETWEEN 1 ST AND CENTRE A ST NE,MID BLOCK,PARKING STALLS,17.0,PAINT,S,-114.0608618030213,51.06440204631013
OAKFIELD DR SW,NORTH OF 100 OAKIELD PL,SCHOOL,LADDER CROSSWALK,1.0,MMA,MID,-114.13300982455306,50.968169476683656
26 ST SE,26 AVE SE,RSM,REGULAR CROSSWALK,1.0,PAINT,N,-113.99434214745817,51.03047319679959
8524 CENTRE ST N,BEDDINGTON TR NE,RSM,REGULAR CROSSWALK,1.0,PAINT,N,-114.07142104648405,51.13224341967141
4 ST NE,HUNTBOURNE WY NE,REGULAR,REGULAR CROSSWALK,3.0,PAINT,NSW,-114.05532796667845,51.1142147259267
OAKFIELD DR SW,OAKFIELD PLACE SW,SCHOOL,REGULAR CROSSWALK,1.0,MMA,S,-114.13302937983185,50.96776591232881
13 AVE NW,9 ST NW,SCHOOL,LADDER CROSSWALK,1.0,MMA,E,-114.08273104963439,51.063879823270824
13 AVE NW,8 ST NW,SCHOOL,LADDER CROSSWALK,1.0,MMA,E,-114.08133389662952,51.06386479036747
OAKFIELD DR SW,OAKWOOD DR SW,SCHOOL,LADDER CROSSWALK,1.0,MMA,N,-114.13255199082903,50.96622242618782
SUN VALLEY BLVD SE,SUNPARK GATE SE,SIGNAL,RIGHT TURN,1.0,PAINT,S,-114.05807678565299,50.90599362835531
OAKMOOR DR SW,OAKMOOR WAY SW,REGULAR,REGULAR CROSSWALK,1.0,PAINT,E,-114.12489038783939,50.96345910431122
14 AVE SW,93 ST SW,SCHOOL,LADDER CROSSWALK,2.0,MMA,SW,-114.22256809891228,51.04517001417231
1 ST NW,8 AVE NW,MULTIWAYS,REGULAR CROSSWALK,4.0,PAINT,NSEW,-114.06501805959039,51.059784270658625
61 AVE SE,30 ST SE,SIGNAL,REGULAR CROSSWALK,4.0,PAINT,NSEW,-113.98676045890652,50.99866326399076
98 AVE SW,PALISCLIFFE RD SW,REGULAR,REGULAR CROSSWALK,1.0,PAINT,E,-114.1149109356,50.964980543716564
61 AVE SE,36 ST SE,SIGNAL,REGULAR CROSSWALK,4.0,PAINT,NSEW,-113.98090991445657,50.99905073768269
72 AVE SE,40 ST SE,SIGNAL,REGULAR CROSSWALK,4.0,PAINT,NSEW,-113.97660321136435,50.98956826861323
72 AVE SE,30 ST SE,REGULAR,REGULAR CROSSWALK,1.0,PAINT,S,-113.98448808680443,50.98978700753133
75 AVE SE,44 ST SE,REGULAR,REGULAR CROSSWALK,1.0,PAINT,S,-113.97018469562336,50.98739492925069
13 AVE NW,10 ST NW,CORRIDOR,LADDER CROSSWALK,1.0,PAINT,N,-114.08444634863993,51.06388641326487
ASPEN STONE BLVD SW,ASPEN HILLS DR SW,SCHOOL,STOP LINE,3.0,MMA,NEW,-114.21603002802402,51.039815722685915
HIDDEN VALLEY DR NW,HIDDEN GREEN NW,REGULAR,LADDER CROSSWALK,1.0,PAINT,E,-114.11526899175949,51.14677591148481
16 AVE NW,CENTRE ST N,SIGNAL,STOP LINE,4.0,,NSEW,-114.06252176725386,51.06697557723028
72 AV BTW BARLOW TR &,40 ST SE RR CROSSING XS,RSM,STOP LINE,4.0,PAINT,EW,-113.97932669332496,50.98956665708758
17 AVE SE,28 ST SE,SIGNAL,STOP LINE,4.0,PAINT,NSEW,-113.99305236945622,51.0378678245009
76 AVE E OF BARLOW TR,RAILROAD CROSSING,REGULAR,STOP LINE,4.0,PAINT,EW,-113.97868657648183,50.985159354680135
8 AVE SE,39 ST SE,REGULAR,REGULAR CROSSWALK,1.0,PAINT,E,-113.9772017734597,51.04514849588525
4 ST SW,10 AVE SW,DOWNTOWN,REGULAR CROSSWALK,4.0,MMA,NSEW,-114.07151977242063,51.04356691242162
4 ST SW,11 AVE SW,DOWNTOWN,STOP LINE,1.0,MMA,S,-114.0714997851301,51.042609881739686
4 ST SW,12 AVE SW,DOWNTOWN,STOP LINE,4.0,PAINT,NSEW,-114.07151220563883,51.04165866721106
BONAVENTURE DR SE,LAKE SIMCOE CR SE,RSM,REGULAR CROSSWALK,1.0,PAINT,S,-114.06483130841256,50.93423707492471
11 ST SE,58 AV SE,SIGNAL,REGULAR CROSSWALK,3.0,PAINT,NSW,-114.03728818731823,51.00175897762466
128 AVE NE,REDSTONE BLVD NE,SIGNALIZED,STOP LINE,4.0,PAINT,NSEW,-113.95110874976469,51.16539302533856
58 AVE SE,BURBANK RD SE,SIGNAL,RIGHT TURN,4.0,PAINT,NSEW,-114.04523678478388,51.001439001431635
OGDEN DALE RD SE,RRXING 260M SOUTH OF,RSM,STOP LINE,4.0,PAINT,NS,-113.99832149888721,50.98917883469443
OGDEN RD SE,76 AVE SE,CORRIDOR,REGULAR CROSSWALK,4.0,PAINT,NSEW,-113.99879691573902,50.98505562804743
HADDON RD SW,HOGARTH CR SW,REGULAR,LADDER CROSSWALK,2.0,PAINT,NS,-114.07813717556121,50.973555814924225
11 ST SE,59 AVE SE,SIGNALIZED,STOP LINE,3.0,PAINT,NSE,-114.03724316419382,50.99950987845632
11 ST SE,64 AVE SE,REGULAR,REGULAR CROSSWALK,2.0,PAINT,NS,-114.0388073052999,50.99541842396721
HADDON RD SW,94 AVE SW,MULTIWAYS,REGULAR CROSSWALK,3.0,PAINT,NSW,-114.07951267203953,50.96866628613948
87 AVE SW,11 ST SW,SCHOOL,LADDER CROSSWALK,2.0,MMA,EW,-114.08941404613323,50.975780654695356
23 ST NE,37 AVE NE,MULTIWAYS,REGULAR CROSSWALK,3.0,PAINT,NSE,-114.00510316176806,51.08668848179853
11 ST SE,HIGHFIELD CR SE,RSM,REGULAR CROSSWALK,1.0,PAINT,N,-114.03727739884604,51.00661750111987
16 ST SW,45 AVE SW,SCHOOL,LADDER CROSSWALK,1.0,MMA,N,-114.10047288201665,51.013315594871834
SABLE DR SE,REDWOOD CR SE,SCHOOL,LADDER CROSSWALK,1.0,MMA,S,-113.98681026643457,51.03305527541095
19 AVE SE,31 ST SE,MULTIWAYS,REGULAR CROSSWALK,4.0,PAINT,NSEW,-113.9894471461335,51.0360698294074
COUNTRY HILLS BLVD NW,ROYAL BIRCH BLVD NW,SIGNAL,REGULAR CROSSWALK,4.0,PAINT,NSEW,-114.21336613393056,51.14985998134144
BARLOW TR NE,4 AVE NE,SIGNALIZED,REGULAR CROSSWALK,2.0,PAINT,NE,-114.00170904412009,51.05548541810255
WOODBOROUGH RD SW,#99 WOODBOROUGH RD SW,REGULAR,LADDER CROSSWALK,1.0,MMA,E,-114.1330351991283,50.94359560422506
20 ST SW,44 AVE,RSM,REGULAR CROSSWALK,1.0,PAINT,N,-114.10932300520017,51.0142353068231
14 ST SW,30 AVE SW,REGULAR,STOP LINE,1.0,PAINT,W,-114.09470999010702,51.02676636130852
162 AVE SW,24 ST SW,SIGNALIZED,RIGHT TURN,2.0,PAINT,NS,-114.11719184812816,50.906807495923026
SHAWVILLE GATE SE,EAST LRT PARKING LOT ENTRANCE,SIGNALIZED,REGULAR CROSSWALK,1.0,PAINT,MID,-114.06739646711534,50.898580882657065
19 AVE SE,47 ST SE,RSM,MULTI USE XWALK,2.0,PAINT,NS,-113.96575721435671,51.03629005549717
11 ST SE,95M NORTH OF 42 AVE,MID BLOCK,X RRXING,2.0,PAINT,NS,-114.03713124559556,51.01694656991474
4 ST SW,2 AVE SW,DOWNTOWN,REGULAR CROSSWALK,4.0,MMA,NSEW,-114.07153021521354,51.05147633764582
19 AVE SE,39 ST SE,RSM,MULTI USE XWALK,2.0,PAINT,NS,-113.97721975822098,51.036278750531785
8 ST SW,FRONTENAC AVE SW,RSM,REGULAR CROSSWALK,3.0,PAINT,NSW,-114.08345004203862,51.02940415176324
96 AVE SW,HILLGROVE CR SW,SCHOOL,STOP LINE,1.0,MMA,S,-114.08627574018985,50.968629859615746
WOODBINE BLVD SW,WOODMONT DR  SW/ N LEG,REGULAR,REGULAR CROSSWALK,3.0,PAINT,NSE,-114.13321971652508,50.941461956685394
KINCORA GLEN RD NW,KINCORA GLEN GREEN NW,CORRIDOR,LADDER CROSSWALK,1.0,PAINT,E,-114.13556032004698,51.165058130752556
90 AVE SW,14 ST SW,SIGNAL,RIGHT TURN,2.0,PAINT,SW,-114.0951309612073,50.972268619738806
SCOTLAND ST SW,SUNDERLAND AVE SW,MULTIWAY STOP,REGULAR CROSSWALK,4.0,PAINT,NSEW,-114.1085883608529,51.03952521563265
PANORAMA HILLS LINK NW,50M SOUTH OF PANAMOUNT RD NW,MID BLOCK,LADDER CROSSWALK,1.0,PAINT,MID,-114.09088663986763,51.15417573290963
ACADIA DR SE,WILLINGDON BLVD SE,SCHOOL,STOP LINE,2.0,MMA,EW,-114.0413992983138,50.95170245795211
162 AVE SW,BRIDLERIDGE WAY SW,MULTIWAYS,RIGHT TURN,2.0,PAINT,NS,-114.1104467758298,50.90678915826639
MISSION RD SW,30 AVE SW,SIGNAL,REGULAR CROSSWALK,3.0,PAINT,NEW,-114.07121458176624,51.0263043036854
ARBOUR LAKE WAY NW,ARBOUR SUMMIT CLOSE NW,REGULAR,REGULAR CROSSWALK,1.0,PAINT,W,-114.18889079410854,51.13766712425086
PANORAMA HILLS BLVD NW,50M S/PANAMOUNT HEIGHTS NW,MIDBLOCK,LADDER CROSSWALK,1.0,PAINT,MID,-114.07870068642474,51.15425405192689
GARRISON BV SW,ST JULIEN DR SW,SCHOOL,REGULAR CROSSWALK,1.0,MMA,N,-114.11361451331474,51.01703641867509
JOHN LAURIE BLVD NW,ARBOUR LAKE DR NW,SIGNALIZED,RIGHT TURN,1.0,PAINT,N,-114.20428013587214,51.1331760569065
SOMERSET DR SW,SOMERSIDE CL SW,RSM,REGULAR CROSSWALK,1.0,PAINT,N,-114.09027539298756,50.898901084713565
17 AVE SE,34 ST SE,RSM,REGULAR CROSSWALK,1.0,PAINT,N,-113.98461664145536,51.03788471580204
SHAGANAPPI TR NW,CROWCHILD TR NW,SIGNAL,RIGHT TURN,4.0,PAINT,NSEW,-114.14948152370364,51.09806779205612
4 ST SW,13 AVE SW,DOWNTOWN,REGULAR CROSSWALK,4.0,PAINT,NSEW,-114.07151999706375,51.04070745535814
ACADIA DR SE,120 AVE SE,SCHOOL,STOP LINE,2.0,MMA,EW,-114.04249775229988,50.94504007672897
WENTWORTH DR SW,WENTWORTH RD SW,SCHOOL,LADDER CROSSWALK,2.0,MMA,ES,-114.2074038556131,51.056422032891454
COVENTRY HILLS WAY NE,COVENTRY HILLS DR NE,REGULAR,REGULAR CROSSWALK,1.0,PAINT,N,-114.06010701444998,51.165555398848326
HIGHFIELD AV SE,42 AV SE,RSM,REGULAR CROSSWALK,1.0,PAINT,S,-114.04319797885115,51.01608816166475
RICHMOND RD SW,STEWART GREEN SW,SIGNAL,RIGHT TURN,4.0,PAINT,NSEW,-114.1679965424783,51.017832185211915
17 AVE SW,6 ST SW,DOWNTOWN,REGULAR CROSSWALK,3.0,PAINT,NEW,-114.07688500794227,51.0378235377058
17 AVE SW,7 ST SW,DOWNTOWN,REGULAR CROSSWALK,4.0,PAINT,NSEW,-114.0793723506398,51.03782187493789
16 AVE SE,47 ST,MULTIWAY STOP,REGULAR CROSSWALK,4.0,PAINT,NSEW,-113.96575487100812,51.03939185002279
17 AVE SW,SARCEE TR SW,SIGNAL,STOP LINE,9.0,PAINT,NSEW,-114.16448812934456,51.03981045351946
17 AVE SW,5A ST SW,RSM,REGULAR CROSSWALK,1.0,PAINT,S,-114.07554856281928,51.03780989080694
17 AVE SW,COLLEGE LANE SW,RSM,REGULAR CROSSWALK,1.0,PAINT,S,-114.07829653665786,51.03781199360646
4 ST SW,18 AVE SW,CORRIDOR,REGULAR CROSSWALK,1.0,PAINT,W,-114.07154634824818,51.0369372728951
WOODBINE BLVD SW,WOODBOROUGH RD SW/S. L,REGULAR,LADDER CROSSWALK,1.0,MMA,S,-114.13544161929993,50.94421968023851
4 ST SW,19 AVE SW,CORRIDOR,REGULAR CROSSWALK,1.0,PAINT,W,-114.07151939530266,51.03604492123236
WHITEHORN DR NE,39 ST NE,MULTIWAYS,REGULAR CROSSWALK,3.0,PAINT,NEW,-113.97757583367378,51.085076437867386
69 AVE SE,OGDENDALE RD SE,MID BLOCK,X RRXING,4.0,PAINT,EW,-114.00048221028622,50.99114408638096
4 ST SW,21 AVE SW,CORRIDOR,STOP LINE,4.0,PAINT,NSEW,-114.07152518232596,51.034265555932585
39 ST NE,WHITAKER CLOSE,REGULAR,REGULAR CROSSWALK,1.0,PAINT,N,-113.97737720430835,51.087376746228635
WHITEFIELD DR NE,39 ST NE,REGULAR,REGULAR CROSSWALK,1.0,PAINT,E,-113.9773026262283,51.08834051661591
4 ST SW,22 AVE SW,CORRIDOR,REGULAR CROSSWALK,2.0,PAINT,EW,-114.07151529946185,51.03338394425528
WHITEHORN DR NE,42 ST NE,SCHOOL,STOP LINE,1.0,MMA,S,-113.97263029637739,51.084911984866025
61 AVE SE,30M WEST 30 ST SE AT RRXXING,MID BLOCK,STOP LINE,4.0,PAINT,EW,-113.9882097168397,50.99874251511903
4 ST SW,23 AVE SW,SIGNAL,REGULAR CROSSWALK,4.0,PAINT,NSEW,-114.07150540044437,51.032491580708275
WOODFIELD WAY SW,WOODBINE BLVD SW,CORRIDOR,LADDER CROSSWALK,3.0,PAINT,NSW,-114.12830528396991,50.93867145473312
4 ST SW,24 AVE SW,SIGNAL,REGULAR CROSSWALK,4.0,PAINT,NSEW,-114.0715039362723,51.03154007995251
70 AVE SE,40 ST SE,RSM,X RRXING,2.0,PAINT,EW,-113.97925383577962,50.992275035831604
CANYON MEADOWS DR SE,BOW BOTTOM TR SE,SIGNALIZED,STOP LINE,3.0,PAINT,NSE,-114.03230134914095,50.93121465148638
HILLGROVE CR SW,HILLGROVE DR SW,SCHOOL,REGULAR CROSSWALK,1.0,MMA,W,-114.0875702494322,50.96635589158186
SHAGANAPPI TR NW,SHERWOOD GA NW,SIGNALIZED,REGULAR CROSSWALK,3.0,PAINT,NSW,-114.14375770569032,51.163348713045565
WOODVIEW DR SW,WOODGLEN GATE SW,SIGNALIZED,LADDER CROSSWALK,1.0,PAINT,E,-114.121721299307,50.94125108180803
AMIENS RD SW,PASSCHENDAELE AV SW,MULTIWAY STOP,STOP LINE,4.0,PAINT,NSEW,-114.11440318072295,51.01448088094327
36 ST SE,BTW 54 & 56 AVE SE,REGULAR,STOP LINE,4.0,PAINT,NS,-113.98171854440466,51.00381352646713
4 ST SW,EAU CLAIRE AVE SW,RSM,REGULAR CROSSWALK,1.0,MMA,S,-114.07148810426317,51.0524201594025
SOMERSET MANOR SW,SOMERSET CR SW,SCHOOL,LADDER CROSSWALK,1.0,MMA,S,-114.0856887977522,50.89786326801225
WHITESTONE WAY NE,WHITESTONE CRES NE/W LG,REGULAR,REGULAR CROSSWALK,1.0,PAINT,E,-113.96250324590413,51.08256922745
24 ST SW,EVERSYDE AVE,RSM,REGULAR CROSSWALK,1.0,PAINT,N,-114.1170914510981,50.908087088491754
WHITEHORN DR NE,WHITEHORN CR NE,REGULAR,REGULAR CROSSWALK,3.0,PAINT,NEW,-113.96991021317244,51.084730057712584
8 AVE SE,47 ST SE,CORRIDOR,LADDER CROSSWALK,1.0,PAINT,W,-113.96569539804719,51.04516538160661
WHITEHORN DR NE,WHITEHORN RD NE,CORRIDOR,REGULAR CROSSWALK,1.0,PAINT,N,-113.96746887159362,51.08473770227341
WHITEHORN RD NE,49 ST NE,REGULAR,REGULAR CROSSWALK,1.0,PAINT,S,-113.9625401153119,51.08811293002732
WHITEHORN RD NE,COLONEL SCOTT SCHOOL,SCHOOL,LADDER CROSSWALK,1.0,MMA,MID,-113.96748196942245,51.0875475726897
HILLCREST AVE SW,EARL GREY SCHOOL,SCHOOL,LADDER CROSSWALK,1.0,MMA,MID,-114.08212910941141,51.03126432575215
SOMERSET DR SW,SOMERGLEN COMMON,SCHOOL,LADDER CROSSWALK,3.0,MMA,SEW,-114.08424853657027,50.896992342834615
42 AVE SE,9 ST SE,CORRIDOR,LADDER CROSSWALK,1.0,PAINT,E,-114.04068825532742,51.016021257995185
WHITERIDGE WAY NE,49 ST NE,REGULAR,REGULAR CROSSWALK,1.0,PAINT,S,-113.96254391616766,51.088728307136115
WHITERIDGE WAY NE,44 AVE NE,SCHOOL,STOP LINE,1.0,MMA,S,-113.96823422469595,51.09246608452166
44 AVE NE,40 ST NE,MULTIWAYS,REGULAR CROSSWALK,3.0,PAINT,NEW,-113.97636460503698,51.09188655414337
36 ST NE,WHITEHORN DR NE,SIGNAL,RIGHT TURN,1.0,PAINT,E,-113.9817420123685,51.084930970879924
OGDEN RD SE,74 AVE SE,REGULAR,REGULAR CROSSWALK,2.0,PAINT,NS,-113.99881567480567,50.98688364781053
44 ST SE,FONDA DR SE,RSM,REGULAR CROSSWALK,1.0,PAINT,W,-113.96999622477126,51.05091868551205
HILLCREST AVE SW,7 ST SW,MULTIWAYS,REGULAR CROSSWALK,1.0,PAINT,N,-114.0793348262924,51.03126524199998
19 AVE SE,46 ST,RSM,REGULAR CROSSWALK,2.0,PAINT,NS,-113.96717620232621,51.0362904617396
SCARBORO AVE SW,SUPERIOR AVE SW,RSM,REGULAR CROSSWALK,3.0,PAINT,NEW,-114.10137354832352,51.03881701424345
19 AVE SE,45 ST SE,RSM,REGULAR CROSSWALK,2.0,PAINT,NS,-113.96859520030678,51.036290853453096
KINCORA GLEN RD NW,KINCORA GATE NW,RSM,REGULAR CROSSWALK,4.0,PAINT,NSEW,-114.14707037958145,51.16663979256573
19 AVE SE,48 ST SE,MULTIWAY STOP,REGULAR CROSSWALK,3.0,PAINT,NSW,-113.96435195975855,51.036289635317004
STRATHCONA DR SW,STRATHCONA BLVD SW,SIGNALIZED,REGULAR CROSSWALK,4.0,PAINT,NSEW,-114.18611719348151,51.04698809096539
STRATHCONA DR SW,STRATHDALE CL SW,SCHOOL,LADDER CROSSWALK,3.0,MMA,NEW,-114.18232381206167,51.04541499771405
STRATHCONA DR SW,STRATHAVEN GT SW,SCHOOL,LADDER CROSSWALK,2.0,MMA,NS,-114.18089912595298,51.04669137228816
162 AVE SW,220 M EAST OF,RSM,RIGHT TURN,1.0,PAINT,S,-114.11397733829926,50.90670413462556
JOHN LAURIE BLVD NW,SARCEE TR NW,SIGNAL,STOP LINE,4.0,PAINT,NSEW,-114.16672847877072,51.12080276053314
STRATHCONA DR SW,STRATHCONA HL SW,REGULAR,REGULAR CROSSWALK,2.0,PAINT,NE,-114.16867844924506,51.04971205759503
STRATHCONA DR SW,STRATHCONA CRES/S LEG,REGULAR,REGULAR CROSSWALK,1.0,PAINT,S,-114.16802655097206,51.047815626709145
50 AVE SW,4 ST SW,REGULAR,REGULAR CROSSWALK,4.0,PAINT,NSEW,-114.07149440851009,51.00872011360836
51 AVE SW,4 ST SW,REGULAR,REGULAR CROSSWALK,1.0,PAINT,N,-114.07151859024967,51.0078223504223
LAKE FRASER DR SE,MACLEOD TR (OFF RAMP),RSM,REGULAR CROSSWALK,2.0,PAINT,NS,-114.06833504132595,50.94348996439285
THORTON RD NW,54 AVE NW,SCHOOL,STOP LINE,1.0,MMA,N,-114.06724549066675,51.10100482031636
SONORA AVE SW,SUMMIT ST SW,SCHOOL,LADDER CROSSWALK,1.0,MMA,E,-114.11105867997563,51.04088509041168
14A ST SW,50 AV SW,RSM,REGULAR CROSSWALK,1.0,PAINT,W,-114.09630581489448,51.00875030640971
14 ST SW,90 AV SW,RSM,REGULAR CROSSWALK,1.0,PAINT,,-114.09558558844454,50.973352768466306
8 ST SW,HILLCREST AVE SW,SCHOOL,LADDER CROSSWALK,4.0,MMA,NSEW,-114.08359689089552,51.03127282766925
18 ST SW,SUDBURY AVE SW,RSM,REGULAR CROSSWALK,1.0,PAINT,N,-114.10507906237545,51.04162158972184
STRATHCONA DR SW,STRATHBURY GATE SW,REGULAR,REGULAR CROSSWALK,1.0,PAINT,W,-114.17719816790714,51.0492958281822
HOLMWOOD AVE NW,HUDSON RD NW,SCHOOL,STOP LINE,1.0,MMA,W,-114.07549291015461,51.092451736316946
44 AVE NE,49 ST NE,MULTIWAYS,REGULAR CROSSWALK,3.0,PAINT,SEW,-113.96254408342652,51.091410638438724
SARCEE TR NW,CROWCHILD TR NW,SIGNAL,RIGHT TURN,1.0,PAINT,N,-114.17779089929007,51.111426667115516
52 AVE SW,4 ST SW,REGULAR,REGULAR CROSSWALK,2.0,PAINT,SW,-114.07150872190245,51.006946110621485
64 AVE NE,MALL ENTRANCE,SIGNALIZED,REGULAR CROSSWALK,3.0,PAINT,NSW,-114.03645539632703,51.10846170014336
PARK AVE SW,4A ST SW,MULTIWAY STOP,STOP LINE,4.0,PAINT,NSEW,-114.07369570235846,51.01529837966908
STRATHCONA DR SW,STRATHAM BAY SW,REGULAR,REGULAR CROSSWALK,1.0,PAINT,W,-114.17374302942287,51.04226178266723
CROWCHILD TR SW,50 AVE SW,SIGNAL,RIGHT TURN,2.0,PAINT,NE,-114.1171597062418,51.00872534508769
CANYON MEADOWS DR SE,BONAVENTURE DR,SIGNAL,REGULAR CROSSWALK,2.0,PAINT,NW,-114.06261243046725,50.930226139948346
STRATHCONA DR SW,STRATFORD PL,REGULAR,REGULAR CROSSWALK,1.0,PAINT,E,-114.17563912852175,51.049542464788544
STRATHCONA HILL SW,STRANDELL CR SW,REGULAR,REGULAR CROSSWALK,1.0,PAINT,S,-114.16803976554353,51.05063761741129
FRONTENAC AVE SW,CARLTON ST SW,MULTIWAYS,REGULAR CROSSWALK,4.0,PAINT,NSEW,-114.08895272701585,51.0296991669129
19 ST SW,38 AVE SW,MULTIWAY STOP,STOP LINE,3.0,PAINT,NSE,-114.10629693147368,51.02014837939942
CANYON MEADOWS DR,E LEG,SIGNAL,RIGHT TURN,1.0,PAINT,N,-114.06780521278384,50.93103191876107
17 AVE SW,69 ST SW- 170M EAST OF,RSM,REGULAR CROSSWALK,1.0,PAINT,S,-114.18501255646417,51.0377903441465
STRATHCONA DR SW,STRATHWOOD BAY,SCHOOL,LADDER CROSSWALK,2.0,MMA,SE,-114.17965329431475,51.048635897964495
STRATHCONA DR SW,STRATHCONA RD WEST LEG,SCHOOL,LADDER CROSSWALK,2.0,MMA,NS,-114.18048915504136,51.04772398671996
COUNTRY HILLS BLVD NW,NORTH MALL ENTRANCE,MID BLOCK,REGULAR CROSSWALK,1.0,PAINT,W,-114.2180270517365,51.15359187238125
STRATHCONA RD SW,STRATTON CR SW,REGULAR,REGULAR CROSSWALK,1.0,PAINT,W,-114.1779963969074,51.0471453616538
8 ST SW,DORCHESTER AVE SW,SCHOOL,STOP LINE,2.0,MMA,NW,-114.0836038038366,51.03042413217516
194 AVE SE,WALDEN BLVD SE,SIGNALIZED,STOP LINE,4.0,PAINT,NSEW,-114.02456392860846,50.8777297464232
BONAVENTURE DR SE,LAKE BONAVISTA DR SE,SCHOOL,LADDER CROSSWALK,4.0,MMA,NSEW,-114.06245038523724,50.94145525969528
SPRINGBOROUGH BLVD SW,SPRINGBOROUGH GATE SW,RSM,REGULAR CROSSWALK,4.0,PAINT,NSEW,-114.19200824527734,51.03377709550788
WOODBINE BLVD SW,WOODBINE BLVD SW,REGULAR,REGULAR CROSSWALK,3.0,PAINT,NEW,-114.1324068445099,50.938256319425385
14 AVE NE,28 ST NE,MULTIWAY STOP,STOP LINE,4.0,PAINT,NSEW,-113.9932712118805,51.06506447757046
COACH HILL RD SW,COACH MANOR RISE SW,REGULAR,REGULAR CROSSWALK,1.0,PAINT,E,-114.17558965536502,51.05668479961238
CANYON MEADOWS DR SW,ELBOW DR SW,SIGNAL,RIGHT TURN,3.0,PAINT,NEW,-114.08536065482943,50.93945248609623
OLD BANFF COACH RD SW,COACH WAY RD SW,REGULAR,STOP LINE,1.0,PAINT,S,-114.18250828686345,51.06124880988393
SUNRIDGE BLVD,32 ST NE,SIGNAL,REGULAR CROSSWALK,4.0,PAINT,NSEW,-113.98869224342822,51.07580832439934
MACLEOD TR S,NORTH OF 60 AVE SE,SIGNALIZED,STOP LINE,2.0,PAINT,NS,-114.07161727384857,50.99937067240069
26 AVE NE,32 ST NE,SIGNAL,REGULAR CROSSWALK,3.0,PAINT,NSE,-113.98865037685205,51.07786462502384
PATTERSON BLVD SW,PATTERSON HILL SW,REGULAR,REGULAR CROSSWALK,1.0,PAINT,N,-114.17855950161338,51.06116138668457
26 AVE NE,3400 BLOCK,SIGNAL,REGULAR CROSSWALK,4.0,PAINT,NSEW,-113.98520830834394,51.07784881839371
PATTERSON BLVD SW,PATTERSON DR SW,REGULAR,REGULAR CROSSWALK,1.0,PAINT,N,-114.17916457084844,51.06557619189383
RICHARD WAY SW,RICHARD WAY SW,MULTIWAY STOP,STOP LINE,3.0,PAINT,NSE,-114.13124924122732,51.00580460926703
PATTERSON BLVD SW,200 PATTERSON MT SW,REGULAR,REGULAR CROSSWALK,1.0,PAINT,N,-114.17856698720288,51.0642549786845
WOODGLEN RISE SW,WOODGLEN RD SW,CORRIDOR,STOP LINE,1.0,PAINT,E,-114.12068475123445,50.946303797067806
19 ST SW,48 AVE SW,MULTIWAYS,REGULAR CROSSWALK,4.0,PAINT,NSEW,-114.1063351797638,51.010617251332285
32 AVE NW,32 AVE NW/CAMPUS DR,SIGNAL,REGULAR CROSSWALK,4.0,PAINT,NSEW,-114.13066730784814,51.08149571703147
50 AVE SW,22 ST SW,RSM,REGULAR CROSSWALK,1.0,PAINT,E,-114.11509216565601,51.00871122722803
14 AVE SE,40 ST SE,SCHOOL,STOP LINE,2.0,MMA,EW,-113.97573768772902,51.040935303477994
WESTMINSTER DR SW,8 AVE SW,SCHOOL,LADDER CROSSWALK,1.0,MMA,W,-114.15780037165732,51.045091809418565
LAKE FRASER DR SE,AT 13201,RSM,REGULAR CROSSWALK,1.0,PAINT,S,-114.06603676769015,50.9341428541366
MARTINDALE BLVD NE,MARTIN CROSSING DR NE,RSM,LADDER CROSSWALK,3.0,PAINT,NSE,-113.96746738612359,51.117292847442975
36 ST NE,108 AVE NE,SIGNALIZED,STOP LINE,3.0,PAINT,NSE,-113.98153328692058,51.15102024119396
14 AV SW,CENTRE ST S,RSM,REGULAR CROSSWALK,1.0,MMA,E,-114.06345636924686,51.039523140083816
WESTMINSTER DR SW,8 AVE SW,SCHOOL,LADDER CROSSWALK,2.0,MMA,SE,-114.15995308455972,51.04516679546237
26 AVE NE,48 ST NE,MULTIWAYS,REGULAR CROSSWALK,3.0,PAINT,NEW,-113.9645659610571,51.076883827652985
26 AVE NE,RUNDLEHILL DR WEST LEG,SCHOOL,LADDER CROSSWALK,2.0,MMA,SW,-113.96990177150506,51.07810838024624
24 ST SW,90 AV SW,SIGNAL,RIGHT TURN,4.0,PAINT,NSEW,-114.1179293669973,50.972241332569425
26 AVE NE,RUNDLEHILL DR EAST LEG,REGULAR,REGULAR CROSSWALK,1.0,PAINT,E,-113.96594121967536,51.07734290082542
60 ST NE,SADDLEHORN DR NE,RSM,RIGHT TURN,2.0,PAINT,EW,-113.94676633960394,51.129463307931644
26 AVE NE,RUNDLELAWN RD NE,MULTIWAYS,REGULAR CROSSWALK,4.0,PAINT,NSEW,-113.97405440377541,51.07788574287284
WESTMINSTER DR SW,WAKEFIELD DR SW,SCHOOL,LADDER CROSSWALK,1.0,MMA,S,-114.15996064767778,51.04436822917882
7 AVE SW,8 ST SW,DOWNTOWN,STOP LINE,4.0,MMA,NSEW,-114.08120676561325,51.04703859728164
19 AVE SE,42 ST SE,RSM,REGULAR CROSSWALK,2.0,PAINT,NS,-113.97287877229586,51.03629773337404
COPPERFIELD BLVD SE,COPPERFIELD GATE SE,REGULAR,REGULAR CROSSWALK,3.0,PAINT,NSW,-113.94602241828395,50.91143759168591
130 AVE SW,WOODPATH RD SW,SIGNALIZED,LADDER CROSSWALK,3.0,PAINT,NSE,-114.13587653926989,50.93609257420947
3 ST SE,BTW 7TH AND 9TH AV SE,DOWNTOWN,LADDER CROSSWALK,1.0,MMA,MID,-114.05565619526308,51.045222558595114
LAKE FRASER DR SE,AT LRT ENTRANCE,CORRIDOR,LADDER CROSSWALK,1.0,PAINT,MID,-114.06679905830734,50.936760533982195
6 ST SW,SOMERSET GATE SW,SIGNALIZED,REGULAR CROSSWALK,4.0,PAINT,NSEW,-114.07535432068612,50.89988555902925
MARTINDALE BLVD NE,MARTINDALE DR NE,MULTIWAYS,REGULAR CROSSWALK,4.0,PAINT,NSEW,-113.95263453213433,51.11415725626298
MEMORIAL DR NE,36 ST NE,SIGNAL,RIGHT TURN,4.0,PAINT,NSEW,-113.9817010675984,51.05212962930032
MARTIN CROSSING DR NE,MARTIN CROSSING GREEN NE,REGULAR,REGULAR CROSSWALK,2.0,PAINT,SE,-113.95910087330405,51.11779671300766
14 AVE SW,6 ST SW,RSM,STOP LINE,1.0,PAINT,S,-114.07674341320842,51.03989818585499
WOODFIELD WAY SW,WOODFIELD CR N LEG,SCHOOL,LADDER CROSSWALK,2.0,MMA,NS,-114.1281645963461,50.937829521457026
38 ST NE,RUNDLEMERE RD N LEG,REGULAR,REGULAR CROSSWALK,1.0,PAINT,N,-113.97870574149496,51.074694270400315
38 ST NE,RUNDLEMERE RD  S LEG,REGULAR,REGULAR CROSSWALK,1.0,PAINT,N,-113.97865803857351,51.072278236117064
16 AVE NW,2 ST NW,SIGNAL,REGULAR CROSSWALK,4.0,PAINT,NSEW,-114.06744689988305,51.066956125691284
16 AVE NW,UNIVERSITY DR NW,RSM,REGULAR CROSSWALK,1.0,PAINT,N,-114.12487484278591,51.06840185840154
36 ST SE,23 AVE SE,REGULAR,STOP LINE,1.0,PAINT,EW,-113.98160175110178,51.03317720430847
14 AVE NW,AT 1904 14 AVE NW,RSM,LADDER CROSSWALK,1.0,PAINT,MID,-114.10437222873959,51.06519254612184
5A ST NW,7 AVE NW,MULTIWAYS,REGULAR CROSSWALK,4.0,PAINT,NSEW,-114.07577285585566,51.05925278840493
VIMY WY SW,ST JULIEN DR SW,RSM,REGULAR CROSSWALK,1.0,PAINT,N,-114.11190413537143,51.0176419575138
WOODFIELD RD SW,130 AVE SW,REGULAR,REGULAR CROSSWALK,1.0,PAINT,W,-114.13238948769877,50.93607561214116
12 AVE SW,16 ST SW,DOWNTOWN,REGULAR CROSSWALK,2.0,PAINT,NS,-114.09930210368458,51.04243200553082
48 ST NE,RUNDLEHORN DR NE,MULTIWAYS,REGULAR CROSSWALK,3.0,PAINT,NEW,-113.96387194191044,51.07102147820594
WOODBINE BLVD SW,WOODGLEN WAY SW,REGULAR,REGULAR CROSSWALK,1.0,PAINT,E,-114.12964992490342,50.946864905880076
NORTHMOUNT DR NW,HARLOW AVE NW,REGULAR,REGULAR CROSSWALK,1.0,PAINT,N,-114.0824220206599,51.091432181770514
5 AVE SE,3 ST SE,DOWNTOWN,STOP LINE,3.0,MMA,NSW,-114.05545540159454,51.04820448303603
56 ST NE,RUNDLEHORN DR NE,MULTIWAYS,REGULAR CROSSWALK,4.0,PAINT,NSEW,-113.9526048295763,51.07154567226448
89 AVE SW,HAYSBORO COM. ASSO.,MIDBLOCK,LADDER CROSSWALK,1.0,PAINT,MID,-114.08818242776368,50.97401691162955
19 ST SW,44 AVE SW,MULTIWAYS,REGULAR CROSSWALK,4.0,PAINT,NSEW,-114.1063040970673,51.0142438897278
5 AVE SE,MACLEOD TR S,DOWNTOWN,REGULAR CROSSWALK,4.0,MMA,NSEW,-114.05791874643937,51.04825200097402
SIROCCO DR SW,SIGNATURE WAY SW,SIGNAL,RIGHT TURN,2.0,PAINT,EW,-114.16807426653838,51.036005357312966
11 ST SE,19 AVE SE,CORRIDOR,LADDER CROSSWALK,1.0,PAINT,N,-114.03679085084377,51.036207449286444
CENTRE ST N,36 AVE N,SCHOOL,STOP LINE,3.0,MMA,NEW,-114.0624534005998,51.084985566549754
29 ST NE,AT COSTCO (S DRIVEWAY),REGULAR,LADDER CROSSWALK,1.0,PAINT,S,-113.99182286202554,51.07870626209542
8 ST SE,19 AVE SE,REGULAR,REGULAR CROSSWALK,1.0,PAINT,N,-114.04117300159821,51.036235970246814
SIROCCO DR SW,SIROCCO PL SW,REGULAR,REGULAR CROSSWALK,1.0,PAINT,N,-114.16675620649076,51.033984922473046
15 AVE SW,14 ST SW,CORRIDOR,STOP LINE,2.0,PAINT,EW,-114.09471173618476,51.039472595342566
CENTRE ST N,30 AVE N,REGULAR,REGULAR CROSSWALK,1.0,PAINT,S,-114.06251704269066,51.07963607927419
HERITAGE DR SW,BY LRT BUS LOOP WEST SIDE,RSM,STOP LINE,1.0,PAINT,S,-114.07530730365534,50.97944196713585
SIGNAL HILL HEIGHTS SW,SIGNAL HILL CIRCLE SW,REGULAR,REGULAR CROSSWALK,1.0,PAINT,N,-114.16691572181196,51.0305124951389
14 ST SW,29 AVE SW,CORRIDOR,LADDER CROSSWALK,1.0,PAINT,N,-114.09464674288208,51.02768819674303
SIGNAL HILL DR SW,SIGNAL RIDGE HEIGHTS SW,REGULAR,REGULAR CROSSWALK,1.0,PAINT,S,-114.17028219836163,51.03051823287729
SETON WAY SE,WATER ST SE,SIGNALIZED,REGULAR CROSSWALK,4.0,PAINT,NSEW,-113.95719109964598,50.87403716303277
48 AVE SE,150M E OF 47 ST AT RRXING,MID BLOCK,STOP LINE,4.0,PAINT,EW,-113.96312156381141,51.01094882177954
MADIGAN DR NE,MANORA PL/MADEIRA WY NE,MULTIWAY STOP,REGULAR CROSSWALK,1.0,PAINT,W,-113.95513091567672,51.06227203857064
14 ST SW,U TURN RAMP,MIDBLOCK,REGULAR CROSSWALK,2.0,PAINT,EW,-114.09496314522673,50.994850508629824
14 ST NW,2 AVE NW,CORRIDOR,STOP LINE,1.0,PAINT,W,-114.09470266405842,51.054555950936376
COUNTRY VILLAGE RD NE,VIVO PL ENTRANCE,SIGNAL,RIGHT TURN,2.0,PAINT,NS,-114.06448029433315,51.16056088465531
14 ST NW,5 AVE NW,SIGNAL,RIGHT TURN,2.0,MMA,NS,-114.09471584345681,51.05746730363453
HIDDEN VALLEY DR NW,HIDDEN VALLEY GATE NW,REGULAR,REGULAR CROSSWALK,1.0,PAINT,S,-114.10023489592825,51.14714923776795
BRIDLEWOOD RD SW,BRIDLEWOOD LINK SW,SCHOOL,STOP LINE,1.0,MMA,N,-114.10125266828533,50.90223626817141
SKYVIEW RANCH RD NE,SKYVIEW RANCH ST NE,MULTIWAY STOP,STOP LINE,3.0,PAINT,SEW,-113.95572073609272,51.16286216430666
SILVER SPRINGS BLVD NW,54 AVE NW,RSM,REGULAR CROSSWALK,1.0,PAINT,E,-114.1896841418902,51.10172267735978
VARDELL RD NW,VARDANA RD NW,REGULAR,REGULAR CROSSWALK,1.0,PAINT,E,-114.14810623997312,51.08613844204933
HERITAGE DR SW,5 ST SW,CORRIDOR,LADDER CROSSWALK,1.0,PAINT,MID,-114.07917020392225,50.97956306829882
PANORAMA HILLS BLVD NW,PANORAMA HILLS MANOR NW,REGULAR,REGULAR CROSSWALK,1.0,PAINT,N,-114.07685241729378,51.15270799391322
HIDDEN VALLEY DR NW,HIDDEN VALLEY GREEN NW,REGULAR,REGULAR CROSSWALK,1.0,PAINT,W,-114.09833999594454,51.146003931520745
50 AVE SE,120M WEST OF 22 ST SE,MID BLOCK,STOP LINE,4.0,PAINT,EW,-114.00818092372015,51.00887206766914
48 ST SE,BETWEEN 61 AVE AND 54 AVE SE,RSM,STOP LINE,4.0,PAINT,NS,-113.96422311753574,50.999949687193634
BRIDLEWOOD RD SW,BRIDLEWOOD ST SW,SCHOOL,REGULAR CROSSWALK,2.0,MMA,SE,-114.10448917117193,50.90219789900367
BARLOW TR SE,114 AVE SE,SIGNAL,RIGHT TURN,3.0,PAINT,NSE,-113.98137564176484,50.950404758914566
NORTH HAVEN DR NW,NORQUAY DR NW,SCHOOL,LADDER CROSSWALK,2.0,MMA,NS,-114.08721534059617,51.09786106374681
CROWFOOT CRESCENT NW,CROWFOOT WAY NW,SIGNAL,REGULAR CROSSWALK,4.0,MMA,NSEW,-114.20016467498925,51.12493517908397
32 AVE NE,64 ST NE,SIGNAL,RIGHT TURN,2.0,PAINT,NS,-113.94094869845986,51.08153003053576
SOUTHLAND DR SW,300M E/OF 14 ST SW,MIDBLOCK,LADDER CROSSWALK,1.0,PAINT,MID,-114.09120661902524,50.962274623425415
MACLEOD TR S,210 AVE SE,SIGNALIZED,STOP LINE,6.0,PAINT,NSEW,-114.03820237798294,50.86651082296971
KENSINGTON RD NW,PARKDALE BLVD NW,SIGNALIZED,REGULAR CROSSWALK,1.0,PAINT,E,-114.12116249834395,51.05218113700802
137 AVE  SE,BOW BOTTOM TR SE,CORRIDOR,LADDER CROSSWALK,1.0,PAINT,N,-114.03015387711305,50.92728876749457
33 AVE SW,19 ST SW,REGULAR,STOP LINE,2.0,MMA,NS,-114.1070049731581,51.02399462267168
MILLRISE BLVD SW,148 AVE SW,REGULAR,REGULAR CROSSWALK,1.0,PAINT,S,-114.07503083320223,50.91960500531097
MEMORIAL DR NW,TO 14 ST SBND,REGULAR,REGULAR CROSSWALK,1.0,MMA,W,-114.0948288797143,51.04899778589234
MILLRISE BLVD SW,MILLRISE DR SW,SIGNALIZED,RIGHT TURN,3.0,PAINT,NEW,-114.07431939789531,50.916486726582484
MIDLAKE BLVD SE,MIDRIDGE DR/MIDPARK BV SE,SIGNALIZED,REGULAR CROSSWALK,4.0,PAINT,NSEW,-114.06153282926239,50.91488381868298
COUNTRY VILLAGE RD NE,COUNTRY VILLAGE LINK NE,SIGNAL,RIGHT TURN,3.0,PAINT,NSE,-114.0677417264857,51.16042849249117
13 AVE NW,29 ST NW,SIGNAL,REGULAR CROSSWALK,6.0,MMA,NSEW,-114.13058998486437,51.06458714344366
MILLRISE HILL SW,MILLVIEW DR,SCHOOL,LADDER CROSSWALK,1.0,MMA,S,-114.08925163387741,50.91999255073934
50 AVE SE,70M W OF 51 ST AT RRXING,MID BLOCK,STOP LINE,4.0,PAINT,EW,-113.9621403975052,51.008788778102804
TAYLOR CR NE,THOMAS ST NE,MIDBLOCK,REGULAR CROSSWALK,1.0,PAINT,MID,-114.05921049855354,51.10025222960972
4 ST NE,GODDARD AVE NE,SIGNAL,REGULAR CROSSWALK,4.0,PAINT,NSEW,-114.05386289611603,51.097477229103774
40 AVE NW,HUDSON RD NW,REGULAR,REGULAR CROSSWALK,1.0,PAINT,W,-114.07736629386189,51.0886326194345
104 AVE SW,8 ST SW,REGULAR,REGULAR CROSSWALK,1.0,PAINT,E,-114.08341529892296,50.95981399168252
50 AV BTW 25 & 30 ST SE,RAILWAY CROSSING X'S,MID BLOCK,X RRXING,4.0,PAINT,EW,-113.99624454860108,51.00877153076314
SILVERADO BLVD SW,SILVERADO PONDS WAY SW,RSM,REGULAR CROSSWALK,1.0,PAINT,W,-114.07353461948036,50.88656736549247
24 ST SE,150M S OF 52 AVE SE,RSM,STOP LINE,2.0,PAINT,MID,-114.00166641400997,51.005407192994795
FALCONRIDGE BLVD NE,TARACOVE ESTATE DR NE,SIGNALIZED,STOP LINE,4.0,PAINT,NSEW,-113.94684022358358,51.118919125660696
40 ST SE,54 AVE SE,RSM,STOP LINE,4.0,PAINT,NS,-113.97659397738636,51.002942514993904
104 AVE SW,HOUSE 735,MIDBLOCK,REGULAR CROSSWALK,1.0,PAINT,MID,-114.0810183028408,50.96026262715652
8 AVE SW,6 ST SW,DOWNTOWN,STOP LINE,3.0,MMA,SEW,-114.07630744270595,51.04590933345679
SACRAMENTO DR SW,SEYMOUR AVE SW,REGULAR,REGULAR CROSSWALK,1.0,PAINT,N,-114.07756311035699,50.96147427034141
39 ST NW,NORFORD AV NW,RSM,REGULAR CROSSWALK,1.0,PAINT,W,-114.14499709757338,51.08029054424436
50 AVE NE,70M E OF 6 ST NE,RSM,STOP LINE,4.0,PAINT,EW,-114.04701429464718,51.09914884687023
EVERRIDGE DR SW,24 ST SW,RSM,LADDER CROSSWALK,1.0,PAINT,E,-114.11712330354182,50.91080264421244
SACRAMENTO DR SW,104 AVE SW,REGULAR,REGULAR CROSSWALK,1.0,PAINT,N,-114.07707040405623,50.960578502991005
13 AVE SW,15 ST SW,SCHOOL,LADDER CROSSWALK,4.0,MMA,NSEW,-114.09692061232586,51.04143022016489
8 AVE SW,9 ST SW,DOWNTOWN,STOP X,2.0,MMA,EW,-114.0836973290479,51.04612957051081
8 AVE SW,10 ST SW,DOWNTOWN,STOP LINE,4.0,MMA,NSEW,-114.08616061453296,51.04618867076882
COUNTRY VILLAGE LI NE,COUNTRY HILLS VILLAGE WY NE,MID BLOCK,REGULAR CROSSWALK,1.0,PAINT,W,-114.06784128872704,51.157850406802
50 ST NE,RUNDLEHORN CR NORTH LEG,REGULAR,REGULAR CROSSWALK,1.0,PAINT,S,-113.96131865019694,51.075334417676075
26 AVE NE,50 ST NE,SCHOOL,LADDER CROSSWALK,4.0,MMA,NSEW,-113.96131181354023,51.076248103668114
13 AVE SE,1 ST SE,DOWNTOWN,STOP LINE,3.0,MMA,NEW,-114.06093031587628,51.040421673973704
SACRAMENTO DR SW,SHILLINGTON CR SW,REGULAR,REGULAR CROSSWALK,1.0,PAINT,N,-114.07713690656367,50.958723291390264
SACRAMENTO DR SW,SHILLINGTON CR SW,REGULAR,REGULAR CROSSWALK,1.0,PAINT,S,-114.0768492051428,50.95968150419539
61 AVE SE,100M E OF 36 ST SE,MID BLOCK,STOP LINE,4.0,PAINT,EW,-113.97922725652977,50.998995710825184
50 ST NE,RUNDLEHORN DR NE,MULTIWAYS,REGULAR CROSSWALK,3.0,PAINT,NEW,-113.96129968849945,51.071643833924156
SIERRA MORENA BLVD SW,SIERRA NEVADA CL SW,RSM,REGULAR CROSSWALK,2.0,PAINT,EW,-114.18116140544552,51.01326393462012
HUNTERVIEW DR NW,HUNTERBROOK RD NW,REGULAR,REGULAR CROSSWALK,1.0,PAINT,S,-114.0853341812789,51.123961274171776
NORFOLK DR NW,36M OF THEODORE PL NW,MID BLOCK,LADDER CROSSWALK,1.0,PAINT,MID,-114.08223531475387,51.106392684898424
HUNTERVIEW DR NW,HUNTERBURN HILL NW,CORRIDOR,LADDER CROSSWALK,2.0,PAINT,SW,-114.08319020738438,51.117818473928246
WOODBINE BLVD SW,WOODBROOK WAY SW,REGULAR,REGULAR CROSSWALK,1.0,PAINT,E,-114.13456276430632,50.94685876275046
38 ST NE,RUNDLEHORN DR NE,MULTIWAYS,REGULAR CROSSWALK,4.0,PAINT,NSEW,-113.97860503093348,51.07149397116363
HUNTERVIEW DR NW,HUNTSBAY RD/NORTH LEG,REGULAR,REGULAR CROSSWALK,1.0,PAINT,S,-114.07993907306388,51.11172881765367
SIERRA MORENA BLVD SW,50M SOUTH OF 900 SIERRA MORENA COURT,MID BLOCK,REGULAR CROSSWALK,1.0,PAINT,MID,-114.18582542815102,51.01611677232175
40 ST NE,RUNDLEHORN DR NE,SCHOOL,LADDER CROSSWALK,2.0,MMA,SE,-113.97465818814035,51.07095902817889
72 AVE NW,HUNTERVIEW DR,MULTIWAYS,REGULAR CROSSWALK,3.0,PAINT,NSE,-114.0808841337914,51.11628375697383
41 ST NE,RUNDLEHORN DR NE,SCHOOL,LADDER CROSSWALK,1.0,MMA,E,-113.97314171929749,51.070626327174594
LAKE FRASER DR SE,60M NORTH OF 12025 LAKE FRASER DR,MID BLOCK,REGULAR CROSSWALK,1.0,PAINT,MID,-114.06844566101398,50.94632840127537
RUNDLEVILLE DR NE,RUNDLEHORN DR NE,SCHOOL,LADDER CROSSWALK,1.0,MMA,W,-113.97199244207702,51.0706497983598
SIERRA MORENA BLVD SW,SIERRA MORENA CIRCLE SW,SIGNALIZED,REGULAR CROSSWALK,4.0,PAINT,NSEW,-114.17607587199169,51.01811977271973
RUNDLEWOOD DR NE,RUNDLEHORN DR NE,CORRIDOR,REGULAR CROSSWALK,1.0,PAINT,N,-113.96992942206737,51.07064335090077
HOLMWOOD AVE NW,HIGHWOOD ELEMENTARY.,SCHOOL,LADDER CROSSWALK,1.0,MMA,MID,-114.07736087831465,51.09262673782668
72 AVE NW,HUNTERCREST RD NW,SCHOOL,LADDER CROSSWALK,2.0,MMA,SE,-114.07983826094996,51.11678401649063
NORTHMOUNT DR NW,HOLMWOOD AVE NW,SCHOOL,STOP LINE,2.0,MMA,EW,-114.08013638861227,51.09327518949594
89 AVE SW,12 ST SW,SCHOOL,LADDER CROSSWALK,2.0,MMA,SE,-114.09060469459423,50.974487463536434
72 AVE NW,10 ST NW,SCHOOL,LADDER CROSSWALK,1.0,MMA,W,-114.07884631897659,51.11722025830337
14 ST SW,23 AVE SW,CORRIDOR,STOP LINE,1.0,PAINT,N,-114.09472074989439,51.033243708132204
SIERRA MORENA BLVD SW,SIERRA MORENA RD SW,TRAFFIC CIRCLE,REGULAR CROSSWALK,4.0,PAINT,NSEW,-114.18378589837872,51.02047999253805
10 ST NW,HUNTERHAVEN RD NW,SCHOOL,LADDER CROSSWALK,2.0,MMA,SE,-114.08045423989682,51.11848091411051
7 ST NW,WALKWY N HUNTERHAVEN RD,MIDBLOCK,REGULAR CROSSWALK,1.0,PAINT,MID,-114.07597948730034,51.11870586520298
MEMORIAL DR NW,10A ST NW,RSM,LADDER CROSSWALK,1.0,PAINT,N,-114.08713233160846,51.05180072343154
14 ST NW,MEMORIAL DR NW,CORRIDOR,LADDER CROSSWALK,1.0,PAINT,E,-114.09451195859049,51.04979205135502
78 AVE NW,10 ST NW,REGULAR,REGULAR CROSSWALK,1.0,PAINT,E,-114.0814659462981,51.121999359771976
FRONTENAC AVE SW,MARQUETTE ST SW,RSM,STOP LINE,1.0,PAINT,S,-114.08499332743106,51.02911738817062
SIERRA MORENA BLVD SW,SIERRA VISTA CLOSE SW,TRAFFIC CIRCLE,REGULAR CROSSWALK,4.0,PAINT,NSEW,-114.18068087193673,51.020377090363915
19 AVE SE,41 ST SE,RSM,REGULAR CROSSWALK,2.0,PAINT,NS,-113.97433704815184,51.03628340400287
KENSINGTON RD NW,14 ST NW,SIGNAL,REGULAR CROSSWALK,4.0,MMA,NSEW,-114.09469128252574,51.05252530512108
WOODVIEW DR SW,WOODBINE BLVD SW,MULTIWAYS,RIGHT TURN,1.0,PAINT,E,-114.12590359280325,50.94129667674633
16 AVE SE,41 ST SE,SCHOOL,LADDER CROSSWALK,1.0,MMA,W,-113.97432562227395,51.03939407223045
62 AVE SE,19 ST SE,RSM,REGULAR CROSSWALK,1.0,PAINT,N,-114.01352970010377,50.997768585129094
SACRAMENTO DR SW,SABRINA RD SW,MULTIWAYS,REGULAR CROSSWALK,4.0,PAINT,NSEW,-114.07846795637907,50.956954496654795
BANNISTER RD SE,146 AVE SE,REGULAR,STOP LINE,1.0,PAINT,E,-114.06950511056469,50.92133364692296
SACRAMENTO DR SW,SHAMROCK AVE SW,REGULAR,REGULAR CROSSWALK,1.0,PAINT,S,-114.07899399048054,50.9552327901646
SYMONS VALLEY PARKWAY NW,NOLAN HILL DR NW,SIGNALIZED,RIGHT TURN,4.0,PAINT,NSEW,-114.1605002930844,51.16803761248431
SACRAMENTO DR SW,110 AVE SW,REGULAR,REGULAR CROSSWALK,1.0,PAINT,S,-114.07899815979144,50.95375041728301
20 ST SW,40 AVE SW,SCHOOL,LADDER CROSSWALK,2.0,MMA,SE,-114.10917472909892,51.01785567333282
SACRAMENTO DR SW,7 ST SW,REGULAR,REGULAR CROSSWALK,1.0,PAINT,W,-114.08163278626081,50.95309569967329
LAKE FRASER DR SE,AT MAZDA DEALERSHIP,MID BLOCK,REGULAR CROSSWALK,1.0,PAINT,MID,-114.06936919701938,50.949000368385285
FLANDERS AVE SW,GARRISON BLVD SW,REGULAR,REGULAR CROSSWALK,3.0,PAINT,NEW,-114.11347044295287,51.01627560164194
SOUTHLAND DR SW,BROOKPARK BLVD SW,CORRIDOR,STOP LINE,2.0,PAINT,NS,-114.10943151334988,50.96133410271268
14 ST SW,26 AVE SW,SIGNAL,REGULAR CROSSWALK,3.0,PAINT,NSW,-114.09466439283668,51.03044646011183
LAKE BONAVISTA DR SE,LAKE ERIE RD SE,RSM,REGULAR CROSSWALK,1.0,PAINT,W,-114.05798769190902,50.939568001656745
36 ST SE,19 AVE SE,SIGNALIZED,MULTI USE XWALK,2.0,PAINT,NS,-113.9816027396008,51.03622587904716
SOUTHAMPTON DR SW,SALINA ST SW,REGULAR,REGULAR CROSSWALK,1.0,PAINT,E,-114.08865787429238,50.96012297112875
84 ST SE,BELVEDERE DR & BELVEDERE AV SE,MID BLOCK,STOP LINE,2.0,PAINT,EW,-113.90958686141056,51.04170909026517
96 AVE SW,12 ST SW,SCHOOL,STOP LINE,2.0,MMA,NS,-114.08988822007773,50.967966118888775
SOUTHAMPTON DR SW,SACKVILLE DR SW,RSM,REGULAR CROSSWALK,2.0,PAINT,NW,-114.0911038461824,50.95476934986492
EVERSTONE DR SW,EVERSTONE BLVD SW,RSM,REGULAR CROSSWALK,1.0,PAINT,N,-114.10526665998125,50.910830100397696
EVERSYDE BV SW,EVERSYDE AVE SW,RSM,REGULAR CROSSWALK,1.0,PAINT,S,-114.11046781379471,50.90808096795453
23 ST NE,3 AVE NE,MULTIWAYS,REGULAR CROSSWALK,3.0,PAINT,NSW,-114.00465425986886,51.054698744887475
MIDLAKE BLVD SE,BANNISTER RD SE,SIGNAL,REGULAR CROSSWALK,4.0,PAINT,NSEW,-114.06482682896417,50.91410835259167
52 ST SE,114 AVE SE,SIGNAL,RIGHT TURN,4.0,PAINT,NSEW,-113.95813726112944,50.95054835916719
61 ST NW,BOW CR NW,MULTIWAYS,REGULAR CROSSWALK,1.0,PAINT,S,-114.17548391195648,51.08481764710873
44 ST SE,BETWEEN 58 AVE AND 61 AVE SE,RSM,X RRXING,2.0,PAINT,NS,-113.97010958996479,50.9999695259504
MIDLAKE BLVD SE,MIDPARK RS/MIDRIDGE RD SE,SCHOOL,LADDER CROSSWALK,3.0,MMA,NSE,-114.0559697008114,50.915999469153085
14 ST SW,21 AVE SW,SIGNAL,REGULAR CROSSWALK,3.0,PAINT,NSW,-114.0947098106117,51.0349777655491
ROSEVALE DR NW,ROSEMOUNT SCHOOL,SCHOOL,LADDER CROSSWALK,1.0,MMA,MID,-114.09181264940588,51.0779827631294
MIDLAKE BLVD SE,MIDRIDGE DR SE,SCHOOL,STOP LINE,1.0,MMA,E,-114.05098605235813,50.914348146703645
MIDLAKE BLVD SE,6 ST SE,SIGNALIZED,STOP LINE,1.0,PAINT,W,-114.04778592834941,50.911905493138214
MIDLAKE BLVD SE,MIDVALLEY DR,REGULAR,REGULAR CROSSWALK,1.0,PAINT,S,-114.04614482287164,50.910433451777685
MIDPARK BLVD SE,MIDPARK WY SE,SIGNALIZED,STOP LINE,4.0,PAINT,NSEW,-114.06127377363339,50.91260807779357
10 AVE SW,5 ST SW,DOWNTOWN,STOP X,1.0,MMA,E,-114.07401925935326,51.04363538356548
MIDPARK BLVD SE,MIDPARK GATE SE,SCHOOL,LADDER CROSSWALK,1.0,MMA,N,-114.06205406569012,50.910306977253285
73 AVE SW,11 ST SW,MULTIWAYS,REGULAR CROSSWALK,3.0,PAINT,NEW,-114.08834516674334,50.98756980243652
75 AVE SW,CHURCHILL DR SW,SCHOOL,STOP LINE,1.0,MMA,S,-114.09017033872654,50.98570553371559
MIDPARK CR SE,N OF MIDPARK PL SE,MIDBLOCK,LADDER CROSSWALK,1.0,PAINT,MID,-114.05707199578848,50.913161506112125
GREENBRIAR WY NW,GREENBRIAR PL NW,RSM,STOP LINE,4.0,PAINT,NSEW,-114.2178685401419,51.08788275608815
75 AVE SW,CHEROVAN DR SW,MULTIWAYS,REGULAR CROSSWALK,3.0,PAINT,SEW,-114.08817990211979,50.98547590930483
MIDRIDGE CRES SE,MIDRIDGE GARDENS SE,CORRIDOR,REGULAR CROSSWALK,1.0,PAINT,E,-114.05758282226313,50.91611433758392
MIDRIDGE DR SE,MIDCREST CR SE/NORTHLEG,REGULAR,REGULAR CROSSWALK,1.0,PAINT,E,-114.06028560406077,50.91950544596905
MIDRIDGE DR SE,MIDRIDGE RD,REGULAR,REGULAR CROSSWALK,1.0,PAINT,W,-114.05502520405828,50.91837425330377
114 AVE SE,56 ST SE,SIGNALIZED,STOP LINE,4.0,PAINT,NSEW,-113.95190863837581,50.95055482371245
MIDRIDGE DR SE,MIDLAWN PL,REGULAR,REGULAR CROSSWALK,1.0,PAINT,S,-114.06313363999216,50.91768701230188
44 AVE NW,HUDSON RD NW,REGULAR,REGULAR CROSSWALK,1.0,PAINT,E,-114.07547324364862,51.09322209907309
BANNISTER RD SE,145 AVE SE,SIGNALIZED,STOP LINE,3.0,PAINT,NSE,-114.06994301155198,50.92268453511905
CHURCHILL DR SW,COLLEEN AVE SW,MULTIWAYS,REGULAR CROSSWALK,4.0,PAINT,NSEW,-114.09145551695946,50.98099092391755
NORTHMOUNT DR NW,THORNCLIFFE DR NW,REGULAR,REGULAR CROSSWALK,2.0,PAINT,SE,-114.06527591736739,51.10263051647552
BANNISTER RD SE,149 AVE SE,REGULAR,REGULAR CROSSWALK,1.0,PAINT,N,-114.06859251405595,50.91912712890611
BANNISTER RD SE,153 AVE SE,REGULAR,REGULAR CROSSWALK,1.0,PAINT,N,-114.06649782307886,50.915200831807574
4 ST NW,53 AVE NW,REGULAR,REGULAR CROSSWALK,1.0,PAINT,N,-114.07146266887372,51.10034750493972
RIVERFRONT AVE SW,2 ST SW,DOWNTOWN,STOP LINE,3.0,MMA,NSE,-114.06745874629141,51.05229314457441
JAMES MCKEVITT RD SW,W OF MACLEOD TRAIL SW,RRXING,X RRXING,2.0,PAINT,EW,-114.07253764068626,50.92146338534497
JAMES MCKEVITT RD SW,SHAWNESSY BLVD,SIGNAL,REGULAR CROSSWALK,4.0,PAINT,NSEW,-114.10004959266115,50.91401971087522
EVERGREEN DRIVE SW,EVERGREEN HILL,REGULAR,REGULAR CROSSWALK,1.0,PAINT,E,-114.10080720221558,50.92732050440651
30 AVE SW,7 ST SW,CORRIDOR,LADDER CROSSWALK,1.0,PAINT,E,-114.081633222198,51.02641484895245
EVERGREEN HILL SW,AT 1551 N OF EVERGREEN TERRACE SW,MIDBLOCK,REGULAR CROSSWALK,1.0,PAINT,MID,-114.09751493383288,50.93171119257423
20 AVE NW,46 ST NW,SCHOOL,LADDER CROSSWALK,1.0,MMA,N,-114.15837401659518,51.07379236333645
21 AVE NW,46 ST NW,SCHOOL,LADDER CROSSWALK,2.0,MMA,NS,-114.15728473983958,51.07436337154907
5 AVE SW,8 ST SW,DOWNTOWN,STOP LINE,3.0,MMA,NSW,-114.08102648173929,51.0489019733758
SOUTHLAND DR SE,5 ST SE,CORRIDOR,REGULAR CROSSWALK,2.0,PAINT,NS,-114.05227532736566,50.964064696759536
BRIDLEWOOD DR SW,S OF 200 BRIDLEWOOD PL SW,MIDBLOCK,REGULAR CROSSWALK,1.0,PAINT,MID,-114.09935975230387,50.90115548199889
RIVERFRONT AVE SW,1 ST SW,DOWNTOWN,REGULAR CROSSWALK,3.0,PAINT,SEW,-114.06499592169865,51.05229654830984
36 AVE NE,6 ST NE,RSM,REGULAR CROSSWALK,1.0,PAINT,W,-114.048298087921,51.084989201109494
21 AVE NW,47 ST NW,SCHOOL,LADDER CROSSWALK,1.0,MMA,S,-114.15888782219567,51.07556367326335
48 ST NW,21 AVE NW,REGULAR,REGULAR CROSSWALK,1.0,PAINT,S,-114.16046882283972,51.07674834193517
14 AVE NW,21 ST NW,REGULAR,REGULAR CROSSWALK,1.0,PAINT,E,-114.11078789343782,51.06514059474871
48 ST NW,20 AVE NW,REGULAR,REGULAR CROSSWALK,1.0,PAINT,S,-114.16154280768276,51.07617911437683
75 AVE SW,EAGLE RIDGE DR SW,SIGNAL,RIGHT TURN,1.0,PAINT,N,-114.09626852838113,50.9881503070467
BRIDLEWOOD DR SW,BRIDLECREEK GATE,REGULAR,REGULAR CROSSWALK,1.0,PAINT,N,-114.09936184646638,50.89735590918334
HIDDEN VALLEY DR NW,HIDDEN RANCH TR NW,RSM,REGULAR CROSSWALK,1.0,PAINT,W,-114.12540873506708,51.15024908652088
HERITAGE DR SW,14 ST SW,SIGNAL,REGULAR CROSSWALK,3.0,PAINT,NEW,-114.09481336897457,50.97957476794982
BARLOW TR NE,27 AVE NE,SIGNAL,STOP LINE,4.0,PAINT,NSEW,-114.00165199961734,51.07688370488769
HOME RD NW,20 AVE NW,REGULAR,REGULAR CROSSWALK,1.0,PAINT,S,-114.16441301559091,51.07832711462571
SOUTHLAND DR SE,BONAVENTURE DR SE,SIGNAL,REGULAR CROSSWALK,4.0,PAINT,NSEW,-114.06809594701343,50.96504269846046
HERITAGE DR SW,14 ST TRANSIT WAY,SIGNALIZED,REGULAR CROSSWALK,2.0,PAINT,NS,-114.09589892059789,50.97958036713218
HOME RD NW,19 AVE NW,REGULAR,STOP LINE,1.0,PAINT,E,-114.1644468405941,51.076916029138374
BRIDLEWOOD DR SW,BRIDLECREEK PARK SW,REGULAR,REGULAR CROSSWALK,1.0,PAINT,S,-114.09928663923132,50.89956012040449
114 AVE SE,400M W OF 68 ST,SIGNALIZED,REGULAR CROSSWALK,4.0,PAINT,NSEW,-113.94107966896031,50.95052670939357
24 ST SW,BRIDELRIDGE HTS SW,CORRIDOR,LADDER CROSSWALK,1.0,PAINT,N,-114.11711723841277,50.903150766197555
CITYSCAPE DR NE,CITYSCAPE GATE NE,RSM,REGULAR CROSSWALK,3.0,PAINT,NEW,-113.95839123201391,51.152345976343895
BRIDLEWOOD RD SW,BRIDLEWOOD DR SW,RSM,STOP LINE,1.0,PAINT,S,-114.09998044503556,50.90239766625604
24 ST SW,BRIDLEWOOD AV SW,RSM,STOP LINE,2.0,PAINT,EW,-114.11711574006122,50.89737302889308
SYMONS VALLEY PARKWAY NW,37 ST NW,SIGNALIZED,REGULAR CROSSWALK,4.0,PAINT,NSEW,-114.14115108242466,51.16803267307773
14 AVE NW,21A ST NW,REGULAR,REGULAR CROSSWALK,1.0,PAINT,E,-114.11227674107107,51.06513915535272
SHAWINIGAN DR SW,SHAWBROOKE CLOSE SW,CORRIDOR,LADDER CROSSWALK,2.0,PAINT,NW,-114.08802569136131,50.907372769861915
14 AVE NW,24 ST NW,REGULAR,REGULAR CROSSWALK,1.0,PAINT,N,-114.11769494214593,51.06519756006022
SHAWINIGAN DR SW,SHANNON DR SW,REGULAR,STOP LINE,1.0,PAINT,E,-114.08889439344595,50.90853204770041
SHAWINIGAN DR SW,SHANNON CIRCLE SW,REGULAR,REGULAR CROSSWALK,1.0,PAINT,S,-114.08936124958805,50.91226246560311
162 AVE SW,SHAWBROOKE DR,SIGNAL,RIGHT TURN,2.0,PAINT,NS,-114.08958347094108,50.90396939221664
162 AVE SW,SHAWINIGAN DR,SIGNAL,RIGHT TURN,3.0,PAINT,NSE,-114.07643626935194,50.90260420254759
BONAVENTURE DR SE,99 AVE SE,SIGNAL,REGULAR CROSSWALK,3.0,PAINT,SEW,-114.06883742512117,50.96097288467765
BONAVENTURE DR SE,S OF 99 AVE,MID BLOCK,REGULAR CROSSWALK,1.0,PAINT,MID,-114.06884636655727,50.96002343372471
19 ST NE,39 AV NE,RSM,REGULAR CROSSWALK,1.0,PAINT,S,-114.01153977191852,51.08822590848528
BONAVENTURE DR SE,HEARTHSTONE PL (W INT),SIGNAL,REGULAR CROSSWALK,4.0,PAINT,NSEW,-114.06794402953899,50.954930960172106
BONAVENTURE DR SE,WILLOW PARK DR SE,SIGNAL,REGULAR CROSSWALK,4.0,PAINT,NSEW,-114.06892586464302,50.95792417376704
75 AVE SW,14 ST SW,SIGNAL,STOP X,1.0,PAINT,N,-114.09485253628144,50.98815378373377
EVERMEADOWS AVE SW,100M EAST OF EVERMEADOWS RD,MID BLOCK,REGULAR CROSSWALK,1.0,PAINT,MID,-114.11715048482112,50.91411432982574
EVEROAK DR SW,EVERMEADOW AVE SW,RSM,REGULAR CROSSWALK,1.0,PAINT,S,-114.11396705458479,50.91414497431179
WILLOW PARK DR SE,WATSON RD SE,SCHOOL,LADDER CROSSWALK,1.0,MMA,E,-114.06176790753729,50.958349039956445
BONAVENTURE DR SE,TWO BLOCKS WEST OF FAIRMOUNT DR,CORRIDOR,REGULAR CROSSWALK,3.0,PAINT,NSW,-114.06579287985781,50.95416766946986
BONAVENTURE DR SE,SOUTHCENTRE EAST ENT,SIGNAL,REGULAR CROSSWALK,4.0,PAINT,NSEW,-114.0602845483128,50.95226602937225
MILLRISE DR SW,MILLRISE MANOR/154 AVE SW,REGULAR,REGULAR CROSSWALK,1.0,PAINT,N,-114.09251310158928,50.91556121047109
MILLRISE DR SW,MILLBANK DR SW,REGULAR,REGULAR CROSSWALK,1.0,PAINT,N,-114.07711957078784,50.916284223083764
CITYSCAPE BLVD NE,CITYSCAPE DR NE,RSM,REGULAR CROSSWALK,4.0,PAINT,NSEW,-113.9663235857448,51.14719083634012
PANATELLA BLVD NW,PANATELLA DR NW,RSM,LADDER CROSSWALK,1.0,PAINT,E,-114.0742184746405,51.164756022997636
99 AVE SE,FAIRMOUNT DR SE,RSM,LADDER CROSSWALK,1.0,PAINT,N,-114.05869768978563,50.96147107555202
43 AVE NE,LAGUNA WAY,RSM,REGULAR CROSSWALK,1.0,PAINT,N,-113.9333505233956,51.091679804592644
WILLINGTON BLVD SE,WILDERNESS DR SE,SCHOOL,LADDER CROSSWALK,1.0,MMA,W,-114.05737404439161,50.95289479005627
8 AVE NW,15 ST NW,RSM,REGULAR CROSSWALK,1.0,PAINT,E,-114.09625396955646,51.05965879761354
WILLINGTON BLVD SE,EAST OF FAIRMONT DR,SCHOOL,LADDER CROSSWALK,1.0,MMA,MID,-114.0601186936638,50.95395958181956
6 ST NE,17 AVE NE,RSM,REGULAR CROSSWALK,2.0,PAINT,NS,-114.04833267390605,51.06789795158333
WILLINGDON BLVD SE,WILLIAMETTE DR SE,SCHOOL,LADDER CROSSWALK,1.0,MMA,E,-114.04347728122914,50.95157968870268
BLACKFOOT TR SE,HERITAGE DR SE,SIGNAL,REGULAR CROSSWALK,4.0,PAINT,NSEW,-114.05007355717878,50.980752377336714
CEDARILLE DR SW,CEDARDALE HILL SW,REGULAR,REGULAR CROSSWALK,1.0,PAINT,N,-114.13610432871735,50.95739032628359
GLENMORE TR SE,18 ST SE,SIGNAL,REGULAR CROSSWALK,2.0,PAINT,NE,-114.01573558967516,50.98172132607943
28 ST SE,50M NORTH OF 32A AVE SE,MIDBLOCK,REGULAR CROSSWALK,1.0,PAINT,MID,-113.99146070966943,51.025104558688476
RADCLIFFE DR SE,28 ST SE,MULTIWAYS,REGULAR CROSSWALK,3.0,PAINT,NEW,-113.98840180503419,51.04712513924541
CANYON MEADOWS DR SW,6 ST SW,REGULAR,REGULAR CROSSWALK,2.0,PAINT,EN,-114.07638875743426,50.93374852464112
NORTHMOUNT DR NW,HENDON DR NW,REGULAR,REGULAR CROSSWALK,1.0,PAINT,N,-114.07857401490672,51.095316334135106
HURON AVE NW,HOLLAND ST NW,REGULAR,REGULAR CROSSWALK,1.0,PAINT,N,-114.08672287797594,51.09311005935167
90 AVE SW,19 ST SW,CORRIDOR,REGULAR CROSSWALK,1.0,PAINT,S,-114.1063414243301,50.972268584066626
NORTHMOUNT DR NW,NORTHMOUNT CR NW,SCHOOL,LADDER CROSSWALK,2.0,MMA,SW,-114.07581992483593,51.09989998438649
71 AVE SE,FISHER ST SE,MULTIWAYS,STOP LINE,4.0,PAINT,NSEW,-114.06966760752039,50.989624378591074
FISH CREEK BLVD SW,EVERBROOK DR SW,RSM,LADDER CROSSWALK,1.0,PAINT,N,-114.11003434728389,50.91825650873125
NORTH HAVEN DR NW,14 ST NW,SIGNAL,REGULAR CROSSWALK,3.0,PAINT,NSE,-114.0946829818404,51.092162603778334
EVERRIDGE DR,EVERSTONE DR SW,RSM,STOP LINE,1.0,PAINT,W,-114.1055020970169,50.91134608233672
50 AVE SE,30 ST SE - 255 METERS W OF,MID BLOCK,X RRXING,4.0,PAINT,EW,-113.99266585637042,51.00876221742832
WHITEFIELD DR NE,44 AVE NE,REGULAR,REGULAR CROSSWALK,1.0,PAINT,W,-113.97228869700409,51.09245537526343
PARKLAND BLVD SE,PARKVALLEY DR/S. LEG SE,REGULAR,REGULAR CROSSWALK,1.0,PAINT,S,-114.02359084729102,50.913619068779525
CAPRI AVE NW,BOWLEN ST NW,REGULAR,REGULAR CROSSWALK,1.0,PAINT,E,-114.12104738165121,51.09328563663567
OGDEN RD SE,78 AVE SE,REGULAR,REGULAR CROSSWALK,4.0,PAINT,NSEW,-113.9987969632926,50.983215737732095
SYMONS VALLEY PARKWAY NW,160M SOUTH OF SHAGANAPPI TR NW,RSM,RIGHT TURN,1.0,PAINT,N,-114.14950637693283,51.16818209294628
36 ST SE,S OF DOVER RIDGE DR,REGULAR,STOP LINE,4.0,PAINT,NS,-113.98092027753155,51.018455924891114
CATALINA BLVD,CALIFORNIA BLVD NE,REGULAR,REGULAR CROSSWALK,2.0,PAINT,EW,-113.93243552008734,51.072252305656626
37 AVE NE,26 ST NE,SIGNAL,REGULAR CROSSWALK,4.0,PAINT,NSEW,-113.99776800758569,51.086659292515456
52 AVE NW,BRISEBOIS DR NW,REGULAR,REGULAR CROSSWALK,1.0,PAINT,S,-114.12944340890726,51.10097253623571
BRISEBOIS DR NW,BULYEA RD NW,REGULAR,REGULAR CROSSWALK,1.0,PAINT,N,-114.12852098595825,51.09906043167486
CAPRI AVE NW,BRISEBOIS DR NW,REGULAR,REGULAR CROSSWALK,1.0,PAINT,N,-114.12622326164139,51.095516656353865
33 AVE NW,63 ST NW,REGULAR,REGULAR CROSSWALK,1.0,PAINT,S,-114.1810302349096,51.082448257461074
TEMPLE HILL DR NE,TEMPLE HILL CRES NE,SCHOOL,LADDER CROSSWALK,1.0,MMA,S,-113.95162194940434,51.08712614021421
8 AVE SE,PENSACOLA WAY SE,CORRIDOR,STOP LINE,1.0,PAINT,S,-113.95097741684503,51.04518756552214
55 ST NE,100M N OF TEMPLEWOOD DR,SCHOOL,LADDER CROSSWALK,1.0,MMA,MID,-113.95326410556821,51.088185461959284
CHARLESWOOD DR NW,BRENTWOOD MALL,SIGNAL,REGULAR CROSSWALK,2.0,PAINT,NS,-114.12350458229818,51.08459804427052
CHARLESWOOD DR NW,BROOKLYN CR NW,SCHOOL,LADDER CROSSWALK,1.0,MMA,S,-114.11793503267981,51.088530816586044
SHAWNESSY BLVD SW,SHAWNESSY DR SW,CORRIDOR,REGULAR CROSSWALK,1.0,PAINT,S,-114.08272628915454,50.91401359840061
NORTHMOUNT DR NW,THORNEYCROFT DR NW,MIDBLOCK,REGULAR CROSSWALK,1.0,PAINT,MID,-114.07469147653889,51.10156844859076
SHAWNESSY DR SW,SHAWMEADOWS ROAD SW,REGULAR,REGULAR CROSSWALK,1.0,PAINT,E,-114.07594407856865,50.908713957030784
TEMPLEHILL RD NE,55 ST NE,SCHOOL,STOP LINE,1.0,MMA,E,-113.95417847074154,51.08668517417775
SHAWNESSY BLVD SW,MILLRISE BLVD SW,SIGNAL,RIGHT TURN,4.0,PAINT,NSEW,-114.07385197680792,50.912902890369025
SHANNON DR SW,SHANNON CR SW,REGULAR,REGULAR CROSSWALK,2.0,PAINT,EW,-114.08451830442958,50.91018782900935
56 AVE NE,TROLLINGER ST NE,MULTIWAYS,REGULAR CROSSWALK,4.0,PAINT,NSEW,-114.05981924943777,51.102652769334696
SHANNON DR SW,SHANNON MEWS SW,SCHOOL,REGULAR CROSSWALK,1.0,MMA,W,-114.08546114387192,50.90974121274981
SHAWNESSY DR SW,SHANNON DR SW,REGULAR,REGULAR CROSSWALK,1.0,PAINT,S,-114.08182708172353,50.91154627886749
CHARLESWOOD DR NW,CAPRI AVE NW,REGULAR,REGULAR CROSSWALK,2.0,PAINT,NS,-114.11547158069351,51.091623572341355
24 ST SW,OAKMOOR DR SW,SIGNALIZED,RIGHT TURN,2.0,PAINT,EW,-114.11794267147356,50.96320213927337
13 AVE SW,8 ST SW,DOWNTOWN,LADDER CROSSWALK,1.0,PAINT,N,-114.08160999113893,51.04101013386419
HERITAGE DR SE,HERITAGE MEADOWS WAY SE,SIGNALIZED,RIGHT TURN,2.0,PAINT,NS,-114.044101255583,50.98720166322988
9 AVE SW,7 ST SW,DOWNTOWN,STOP LINE,2.0,MMA,NW,-114.07884642100704,51.04504909093895
27 ST SE,150M W OF 54 AVE AT RRXING CN RAIL ENTRANCE,MID BLOCK,STOP LINE,4.0,PAINT,NS,-113.99492324907443,51.00651260539704
HERITAGE DR SW,BY LRT BUS LOOP EAST SIDE,RSM,STOP LINE,1.0,PAINT,S,-114.07423720095595,50.97941886675327
EVERSTONE DR SW,EVERSYDE CL SW,RSM,STOP LINE,1.0,PAINT,W,-114.10573297849704,50.916235736747055
11 ST SE,500M S OF HERITAGE MEADOWS SE,SIGNALIZED,REGULAR CROSSWALK,3.0,PAINT,NSE,-114.04477674911391,50.97988743123035
PARKLAND BLVD SE,PARKVALLEY DR SE,CORRIDOR,LADDER CROSSWALK,1.0,PAINT,S,-114.02568550456509,50.9192329147103
40 AVE NW,E OF 49 ST NW,MIDBLOCK,REGULAR CROSSWALK,2.0,PAINT,MID,-114.15611156066673,51.0882189659689
46 ST SE,BETWEEN 61 AVE AND 54 AVE SE,RSM,STOP LINE,4.0,PAINT,NS,-113.96726472587743,50.99996965891599
BLACKFOOT TR SE,58 AV SE,SIGNAL,RIGHT TURN,4.0,PAINT,NSEW,-114.04878095467134,51.001426824595896
BOWNESS RD NW,51 ST NW,RSM,REGULAR CROSSWALK,1.0,MMA,E,-114.1690572053881,51.07623627171073
CANYON MEADOWS DR SE,DEER RIDGE DR SE W LEG,SIGNAL,RIGHT TURN,3.0,PAINT,NSE,-114.02705630366158,50.931838430460495
HERITAGE DR SW,10 ST SW,CORRIDOR,STOP LINE,1.0,PAINT,N,-114.08814174543845,50.97956803929738
SHAWNESSY DR SW,E. OF SHAWMEADOWS RD SW,MIDBLOCK,REGULAR CROSSWALK,1.0,PAINT,MID,-114.07413400998988,50.909733375352
SHAWINIGAN DR SW,SHAWGLEN RISE SW,REGULAR,REGULAR CROSSWALK,1.0,PAINT,S,-114.07698158493966,50.904718462818536
SHAWINIGAN DR SW,SHAWINIGAN WAY (E LEG),REGULAR,REGULAR CROSSWALK,1.0,PAINT,E,-114.0791877072716,50.90525389065535
SHAWINIGAN DR SW,SHAWBROOKE DR SW,REGULAR,REGULAR CROSSWALK,1.0,PAINT,N,-114.08720114837762,50.90628170316514
PARKSIDE DR SE,PARKSIDE WAY SE,REGULAR,LADDER CROSSWALK,1.0,PAINT,S,-114.03755930836327,50.92773165630296
UNIVERSITY AV NW,39 ST NW,RSM,STOP LINE,3.0,MMA,NEW,-114.14478406547582,51.07838685759056
PARKSIDE DR SE,PARKLAND WAY SE,RSM,LADDER CROSSWALK,1.0,PAINT,W,-114.03307249668367,50.9222120245692
SMITH ST NW,UNIVERSITY AV NW,RSM,STOP LINE,2.0,MMA,NS,-114.14930916095857,51.07700932603996
NORTH HAVEN DR NW,48 AVE NW,MULTIWAYS,REGULAR CROSSWALK,4.0,PAINT,NSEW,-114.08648644816651,51.0986199857193
17 AVE SW,2 ST SW,DOWNTOWN,STOP LINE,4.0,PAINT,NSEW,-114.06853184236688,51.03782873432997
6 ST SW,SHAWVILLE GATE SW,SIGNALIZED,STOP LINE,2.0,PAINT,NE,-114.07228001050379,50.897759105396794
KENSINGTON RD NW,10A ST NW,SIGNALIZED,LADDER CROSSWALK,4.0,MMA,NSEW,-114.08730615255783,51.05249644419311
BOWNESS RD NW,62 ST NW,SIGNALIZED,LADDER CROSSWALK,1.0,MMA,W,-114.1781737024472,51.084878387306375
12 ST NW,7 AVE NW,SCHOOL,LADDER CROSSWALK,2.0,MMA,SW,-114.09176054137282,51.05890281203939
29 ST NW,240 M S 13 AV NW,CORRIDOR,LADDER CROSSWALK,1.0,MMA,MID,-114.13100414538101,51.06244400179637
10 AVE SE,1 ST SE,DOWNTOWN,STOP X,1.0,PAINT,E,-114.06075351902678,51.043252044959054
SOUTHPORT RD SW,SOUTHLAND PLZ ENTRANCE,REGULAR,REGULAR CROSSWALK,1.0,PAINT,N,-114.07223911100715,50.96344207790957
29 ST NW,HOSPITAL DR NW,SIGNAL,RIGHT TURN,1.0,MMA,S,-114.12929159461083,51.066374876305765
MCKENZIE TOWNE BLVD SE,MCKENZIE TOWNE AVE SE,SIGNALIZED,LADDER CROSSWALK,1.0,PAINT,N,-113.96178922796466,50.917497967225074
BRIDLEWOOD ST SW,BRIDLEWOOD GARDEN SW,SCHOOL,LADDER CROSSWALK,1.0,MMA,S,-114.10448740955285,50.90140700639037
9 ST NW,2 AVE NW,MULTIWAY STOP,REGULAR CROSSWALK,4.0,PAINT,NSEW,-114.08320226575091,51.05499125691362
FISH CREEK BLVD SW,EVERGREEN DRIVE SW,SIGNALIZED,LADDER CROSSWALK,1.0,PAINT,W,-114.10274860898285,50.91762982607115
AIMENS RD SW,MONS AVE SW,REGULAR,LADDER CROSSWALK,1.0,PAINT,N,-114.1144864383495,51.01523612456287
MILLRISE DR SW,MILLCREST RD,SCHOOL,LADDER CROSSWALK,1.0,MMA,E,-114.08734565944363,50.9178053099517
MILLRISE DR SW,MILLRISE HILL SW,SCHOOL,LADDER CROSSWALK,2.0,MMA,NW,-114.08925574969156,50.91812349175191
MILLRISE DR SW,MILLRISE WAY,REGULAR,LADDER CROSSWALK,1.0,PAINT,E,-114.08171015131452,50.91753398472558
SOUTHPORT WY SW,109 AV SW,REGULAR,REGULAR CROSSWALK,1.0,PAINT,N,-114.0743380223526,50.95556743323493
BARLOW TR SE,90 AVE SE,SIGNAL,STOP X,1.0,PAINT,E,-113.98179786404259,50.972291817181905
4 ST NW,68 AVE NW,SIGNALIZED,REGULAR CROSSWALK,4.0,PAINT,NSEW,-114.07144116664881,51.11409305285724
EVERMEADOWS AVE SW,EVERMEADOWS MANOR SW,SCHOOL,LADDER CROSSWALK,2.0,MMA,SE,-114.12095048103541,50.91406731990868
13 AVE NW,UNIVERSITY DR NW,SIGNAL,RIGHT TURN,3.0,PAINT,NSW,-114.11979502740584,51.064531601717654
SYMONS VALLEY PARKWAY NW,150M WEST OF 37 ST NW,RSM,REGULAR CROSSWALK,2.0,PAINT,NW,-114.14366569081035,51.16810316189884
48 ST SE,20 AVE SE,REGULAR,REGULAR CROSSWALK,2.0,PAINT,SE,-113.9643525608284,51.03552481748698
ELBOW DR SW,70 AVE SW,CORRIDOR,STOP LINE,1.0,PAINT,W,-114.08312716100392,50.99053048549165
4 ST NW,72 AVE NW,CORRIDOR,LADDER CROSSWALK,1.0,PAINT,N,-114.0709509941184,51.117469253785565
19 AVE SE,43 ST SE,RSM,REGULAR CROSSWALK,2.0,PAINT,NS,-113.9714412022447,51.03629158894838
12 AVE NW,21 ST NW,SCHOOL,LADDER CROSSWALK,1.0,MMA,W,-114.1107793122457,51.063372028283496
78 AVE SE,MACLEOD TR,RSM,STOP LINE,2.0,PAINT,NE,-114.07216804190207,50.983217826424514
14 AVE NW,14 ST NW,SIGNAL,RIGHT TURN,2.0,PAINT,SE,-114.09394017419667,51.064396413641646
14 AVE NW,160m W OF 14 ST NW,MIDBLOCK,REGULAR CROSSWALK,1.0,PAINT,MID,-114.09709671753699,51.06440497711045
14 AVE NW,E. OF 19 ST NW,MID BLOCK,STOP X,7.0,PAINT,EW,-114.10540092146891,51.06517220805835
14 AVR NW,245m E OF 19 ST NW,CORRIDOR,REGULAR CROSSWALK,1.0,PAINT,MID,-114.10279257328874,51.0651856735241
27 AVE NE,19 ST NE,SIGNAL,REGULAR CROSSWALK,3.0,PAINT,NEW,-114.01164576068174,51.07690263603651
OGDEN RD SE,69 AVE SE,SIGNAL,REGULAR CROSSWALK,4.0,PAINT,NSEW,-114.00167440710058,50.991067905565416
WOODPARK BLVD SW,WOODRIDGE DR SW,REGULAR,REGULAR CROSSWALK,1.0,PAINT,N,-114.11104670215569,50.936045105764556
WOODPARK BLVD SW,WOODACRES DR,REGULAR,REGULAR CROSSWALK,1.0,PAINT,E,-114.12167396207103,50.936017054129884
17 AVE SE,100 ST SE,SIGNALIZED,STOP X,1.0,PAINT,E,-113.88864442201186,51.03776588153126
CANYON MEADOWS DR SE,PARKLAND BLVD,SIGNALIZED,RIGHT TURN,2.0,PAINT,NS,-114.0385493561983,50.930242723286504
52 ST NE,RUNDLEHORN DR NE,SIGNAL,REGULAR CROSSWALK,4.0,PAINT,NSEW,-113.95836229996186,51.07164449399638
58 ST SE,5 AVE SE,REGULAR,REGULAR CROSSWALK,1.0,PAINT,E,-113.9497025556118,51.04851647662141
58 ST SE,S 0F PENWORTH CL,SCHOOL,LADDER CROSSWALK,1.0,MMA,MID,-113.94967595586895,51.04683453538069
METIS TR NE,64 AVE NE,SIGNAL,RIGHT TURN,4.0,PAINT,NSEW,-113.97404653524072,51.11191329669711
AUBURN BAY BLVD SE,AUBURN BAY AVE,SCHOOL,LADDER CROSSWALK,2.0,MMA,SW,-113.96176374147227,50.89755123345833
50 AVE SW,21A ST SW,CORRIDOR,LADDER CROSSWALK,1.0,PAINT,W,-114.11367199882382,51.008711599788455
16 AVE SE,39 ST SE,SCHOOL,STOP LINE,1.0,MMA,N,-113.97720845720067,51.03939466726532
24 ST SW,WOODVIEW DR SW,SIGNAL,RIGHT TURN,3.0,PAINT,SEW,-114.1179589019366,50.94125171785059
WOODFIELD WAY SW,WOODFIELD CRESCENT,SCHOOL,LADDER CROSSWALK,2.0,MMA,SE,-114.12811472330047,50.93600532768048
78 AV SE,OGDEN DALE RD SE,RSM,REGULAR CROSSWALK,1.0,PAINT,W,-113.99329567477963,50.98340931471186
WOODPARK CLOSE SW,WOODPARK CLOSE SW,REGULAR,REGULAR CROSSWALK,1.0,PAINT,N,-114.11600027119573,50.9472400220135
WALDEN GATE SE,WALDEN LI SE,SIGNALIZED,REGULAR CROSSWALK,4.0,PAINT,NSEW,-114.03576215601196,50.87580769426687
31 AVE NW,BOWVIEW RD NW,SCHOOL,LADDER CROSSWALK,1.0,MMA,W,-114.17850124908553,51.080626129719846
SETON BLVD SE,AUBURN BAY GATE SE,SIGNALIZED,REGULAR CROSSWALK,4.0,PAINT,NSEW,-113.95736999667253,50.88249769663795
AVIATION BLVD NE,49 AVE,SIGNALIZED,REGULAR CROSSWALK,4.0,PAINT,NSEW,-114.03288651620372,51.09772462692055
SYMONS VALLEY PARKWAY NW,KINCORA GATE NW,SIGNALIZED,REGULAR CROSSWALK,4.0,PAINT,NSEW,-114.14672996387843,51.168060633601094
CANYON MEADOWS DR SE,LAKE FRASER DR SE,SIGNAL,STOP LINE,4.0,PAINT,NSEW,-114.06599366026673,50.930459297761146
DIAMOND DR SE,BOW BOTTOM TR SE,SIGNAL,RIGHT TURN,1.0,PAINT,E,-114.02927076062784,50.94120794767815
112 AVE NW,85 ST NW,SIGNALIZED,REGULAR CROSSWALK,4.0,PAINT,NSEW,-114.20914564797097,51.15217577844955
45 AVE SW,4 ST SW,RSM,REGULAR CROSSWALK,3.0,PAINT,SEW,-114.07132883952917,51.0130019460088
14 AVE SE,39 ST SE,SCHOOL,LADDER CROSSWALK,1.0,MMA,E,-113.97720768576556,51.04092630759672
14 ST SW,32 AVE SW,REGULAR,REGULAR CROSSWALK,2.0,PAINT,NS,-114.09469177157264,51.0249273695515
ELBOW DR SW,CANTABRIAN DR SW,REGULAR,REGULAR CROSSWALK,1.0,PAINT,S,-114.08484218929443,50.945970070597454
ELBOW DR SW,CANATA CLOSE SW,SCHOOL,STOP LINE,1.0,MMA,W,-114.08575853917027,50.94433312013469
CANTERBURY DR SW,ELBOW DR SW,SCHOOL,LADDER CROSSWALK,1.0,MMA,N,-114.08562981817256,50.94163027662918
OLD BANFF COACH RD SW,PATTERSON BLVD SW,SIGNAL,RIGHT TURN,1.0,PAINT,E,-114.17981819559266,51.05997287018871
11 AVE SW,16 ST SW,DOWNTOWN,LADDER CROSSWALK,2.0,PAINT,EW,-114.09922548975148,51.04340078416065
DOUGLASDALE BLVD SE,DOUGLASBANK DR SE,SIGNAL,REGULAR CROSSWALK,3.0,PAINT,NSW,-114.00484562560129,50.944602786954825
DOUGLASDALE BLVD SE,DOUGLASRIDGE GREEN SE,REGULAR,LADDER CROSSWALK,1.0,PAINT,S,-113.98158372722466,50.93679283232775
62 AVE SE,17A ST SE,REGULAR,REGULAR CROSSWALK,1.0,PAINT,W,-114.01777773957905,50.99770837671333
WOODFIELD COURT SW,WOODFIELD CR,REGULAR,REGULAR CROSSWALK,1.0,PAINT,E,-114.12693541996674,50.9360055888068
QUEEN CHARLOTTE DR SE,CHARLOTTE WY SE,SCHOOL,LADDER CROSSWALK,1.0,MMA,S,-114.02341345070796,50.93406003012348
DOUGLASBANK DR SE,BY 67 DOUGLASBANK DR SE,MIDBLOCK,REGULAR CROSSWALK,1.0,PAINT,MID,-114.00792977778455,50.94531804700033
WOODFIELD DR SW,WOODFIELD CRESCENT SW,REGULAR,REGULAR CROSSWALK,1.0,PAINT,N,-114.12571914231233,50.93736608277383
DOUGLASDALE BLVD SE,DOUGLASWOODS DR SE,SCHOOL,REGULAR CROSSWALK,1.0,MMA,E,-113.989157241903,50.94071401626199
9 AVE SE,3 ST SE,DOWNTOWN,STOP X,1.0,MMA,N,-114.05573097278973,51.0443986911716
6 ST NE,14 AVE NE,SCHOOL,LADDER CROSSWALK,1.0,MMA,N,-114.04833353499049,51.06506009709104
6 ST SW,48 AVE SW,SCHOOL,LADDER CROSSWALK,1.0,MMA,S,-114.0789288134731,51.0104997627648
24 ST SE,107 AVE SE/ 18 ST SE,SIGNALIZED,RIGHT TURN,3.0,PAINT,SEW,-114.00121607144739,50.95652396291425
CHILDRENS WY NW,MCLAURIN ST NW,RSM,REGULAR CROSSWALK,1.0,PAINT,W,-114.14699152123697,51.0767250973058
DOUGLASDALE BLVD SE,DOUGLAS PARK BLVD SE,REGULAR,RIGHT TURN,1.0,PAINT,N,-114.00011445431345,50.94220460236595
CRANSTON BLVD SE,CRANLEIGH DR SE,CORRIDOR,REGULAR CROSSWALK,2.0,PAINT,NS,-113.98708404159662,50.89360558146583
50 AVE SW,5 ST SW,SIGNALIZED,STOP LINE,4.0,PAINT,NSEW,-114.07642168456726,51.008717138746206
50 AVE SW,6 ST SW,REGULAR,REGULAR CROSSWALK,2.0,PAINT,EW,-114.07888623172477,51.0087166084092
DOUGLASDALE BLVD SE,DOUGLASRIDGE CIRLE SE,SCHOOL,LADDER CROSSWALK,1.0,MMA,N,-113.9824618551415,50.93442941618804
DOUGLASDALE BLVD SE,DOUGLAS WOODS VIEW SE,REGULAR,REGULAR CROSSWALK,1.0,PAINT,W,-113.99379174056848,50.941313317026086
31 AVE NW,E OF BOWVIEW RD NW,SCHOOL,LADDER CROSSWALK,1.0,MMA,MID,-114.17666561278543,51.0806191614795
DOUGLASDALE BLVD SE,DOUGLASVIEW BLVD SE,SCHOOL,LADDER CROSSWALK,1.0,MMA,E,-113.99119350423967,50.94073965143473
MACLEOD TR S,50 AVE SE,SIGNAL,STOP X,1.0,PAINT,W,-114.0677914046144,51.00871408241452
DOUGLAS WOODS DR SE,DOUGLAS WOODS GROVE SE,REGULAR,LADDER CROSSWALK,1.0,PAINT,S,-113.98934843629344,50.94206197301785
DOUGLAS PARK BLVD SE,DOUGLAS VIEW BLVD SE,REGULAR,REGULAR CROSSWALK,1.0,PAINT,W,-113.99325949135786,50.93768491788856
HERITAGE DR SW,HORTON RD SW,RSM,REGULAR CROSSWALK,1.0,PAINT,S,-114.0728657385474,50.97943875901797
DOUGLAS PARK BLVD SE,DOUGLAS VIEW RD SE,REGULAR,REGULAR CROSSWALK,1.0,PAINT,N,-113.98955754448467,50.93535281907879
4 ST SE,3 ST SE,RSM,STOP LINE,1.0,MMA,WB,-114.05468037485868,51.04812401074441
ELBOW DR SW,SOUTHGLEN DR SW,CORRIDOR,LADDER CROSSWALK,1.0,PAINT,S,-114.08481362956448,50.954564752227455
ROSEHILL DR NW,ROSEWOOD RD NW,REGULAR,REGULAR CROSSWALK,1.0,PAINT,W,-114.08947023753157,51.07708129573358
5 AVE NW,12 ST NW,CORRIDOR,LADDER CROSSWALK,1.0,PAINT,W,-114.09172627459995,51.05707869452265
CANYON MEADOWS DR SW,CANSO CRESCENT SW,REGULAR,RIGHT TURN,1.0,PAINT,S,-114.09034208728602,50.93990194839311
DOUGLAS PARK BLVD SE,100 DOUGLAS PARK VIEW SE,REGULAR,REGULAR CROSSWALK,1.0,PAINT,E,-113.98834417890745,50.93524603639006
DOUGLAS GLEN BLVD SE,DOUGLAS GLEN CR SE,REGULAR,REGULAR CROSSWALK,1.0,PAINT,N,-114.00461986791575,50.9531102903627
COUNTRY HILLS BLVD NW,HAMPTONS BLVD NW,SIGNAL,RIGHT TURN,1.0,PAINT,N,-114.14970436959636,51.13878543786361
SUPERIOR AVE SW,SCOTLAND ST SW,SCHOOL,LADDER CROSSWALK,1.0,MMA,N,-114.10902890814128,51.04155691440063
30 AVE SE,BTW 28 A & 29 A ST,MIDBLOCK,LADDER CROSSWALK,1.0,PAINT,MID,-113.99079149836038,51.02694853729787
30 AVE SE,AT 3133,MIDBLOCK,LADDER CROSSWALK,1.0,PAINT,MID,-113.98939892797998,51.02694843455292
9 ST SE,100M N OF 42 AVE SE,RSM,STOP LINE,4.0,PAINT,NS,-114.04062207843046,51.01702933799284
28 ST SE,DOVERTHORN RD SE,SCHOOL,LADDER CROSSWALK,1.0,MMA,N,-113.99142299208603,51.02112571943249
WOODFIELD CR SW,WOODHAVEN  RD SW,RSM,REGULAR CROSSWALK,1.0,PAINT,S,-114.1257184880925,50.93600583898215
PEIGAN TR,26 ST,SIGNAL,RIGHT TURN,4.0,PAINT,NSEW,-113.9991479144768,51.015355452888905
50 AVE SW,20 ST SW,SCHOOL,LADDER CROSSWALK,4.0,MMA,NSEW,-114.10926174684599,51.00870617440187
11 ST NW,GLADSTONE RD NW,MULTIWAYS,REGULAR CROSSWALK,4.0,PAINT,NSEW,-114.08881892846799,51.05576416020802
56 ST NE,S OF 28 AVE,MIDBLOCK,LADDER CROSSWALK,1.0,PAINT,MID,-113.9524371399181,51.07561921973186
28 ST SE,DOVERTHORN BAY SE,SCHOOL,REGULAR CROSSWALK,1.0,MMA,S,-113.99142285062597,51.0218923911939
44 AVE NW,HARTFORD RD NW,SCHOOL,LADDER CROSSWALK,1.0,MMA,E,-114.07829210795272,51.09346352638629
WOODFIELD DR SW,300 WOODFIELD PLACE,REGULAR,REGULAR CROSSWALK,1.0,PAINT,S,-114.12148056840009,50.93878137382947
DOVERIDGE DR SE,28 ST SE,REGULAR,REGULAR CROSSWALK,1.0,PAINT,W,-113.991441001715,51.018738747653416
DOVERIDGE DR SE,DOVER MEADOW CL SE,SCHOOL,LADDER CROSSWALK,1.0,MMA,E,-113.98004618486367,51.02111559975165
26 AVE NE,RUNDLESON WY NE,SCHOOL,LADDER CROSSWALK,2.0,MMA,EW,-113.97155473643573,51.077948181765194
BOWWOOD DR NW,31 AVE NW,REGULAR,REGULAR CROSSWALK,1.0,PAINT,S,-114.17445498417895,51.080611294325514
14 ST SW,25 AVE SW,REGULAR,LADDER CROSSWALK,1.0,PAINT,S,-114.09470986696854,51.031454909481305
SHERIFF KING ST SW,CREEKSIDE BV SW,RSM,REGULAR CROSSWALK,4.0,PAINT,NSEW,-114.07087498865218,50.85889262547975
CREEKSIDE DR SW,210 AV SW,RSM,STOP LINE,1.0,PAINT,S,-114.05933504243923,50.86307854183596
10 ST NW,MEMORIAL DR NW,SIGNAL,RIGHT TURN,2.0,MMA,SW,-114.08583682083217,51.05196397258127
26 AVE NE,38 ST NE,REGULAR,REGULAR CROSSWALK,1.0,PAINT,W,-113.97806223665785,51.077880162981096
68 ST SE,90 AVE SE,RSM,REGULAR CROSSWALK,1.0,PAINT,W,-113.9352323741693,50.973070893318074
LAKE BONAVISTA DR SE,LAKE MORAINE WAY SE,REGULAR,REGULAR CROSSWALK,1.0,PAINT,E,-114.05294582924576,50.93738870166271
4 ST NE,GRIER AVE NE,REGULAR,REGULAR CROSSWALK,1.0,PAINT,N,-114.05377529524061,51.098415453735576
210 AV SW,SHERIFF KING ST,RSM,STOP LINE,1.0,PAINT,S,-114.07087650209517,50.863100178127645
19 AVE SE,44 ST SE,RSM,REGULAR CROSSWALK,4.0,PAINT,NSEW,-113.97001420402103,51.03629122883828
EDGEPARK RISE NW,EDGEPARK WY NW,RSM,REGULAR CROSSWALK,1.0,PAINT,MIDBLOCK,-114.15558642355853,51.132476475515624
SANDARAC DR NW,SANDALWOOD GATE NW,SCHOOL,LADDER CROSSWALK,2.0,MMA,NE,-114.10437852720464,51.13990426142473
WHITEFIELD DR NE,N OF WHITEFIELD PL,MIDBLOCK,REGULAR CROSSWALK,1.0,PAINT,MID,-113.97330172836463,51.088775417630394
42 AVE SW,19 ST SW,RSM,REGULAR CROSSWALK,2.0,PAINT,EW,-114.10631616550488,51.01605281886757
FLANDERS AVE SW,AMIENS RD SW,RSM,LADDER CROSSWALK,2.0,PAINT,SE,-114.11491845902529,51.016047822097946
COUNTRY HILLS BLVD NE,METIS TR NE,SIGNALIZED,RIGHT TURN,4.0,PAINT,NSEW,-113.97001643766599,51.15416042515423
COUNTRY HILLS BLVD NE,CORNERSTONE ST NE,RSM,REGULAR CROSSWALK,4.0,PAINT,NSEW,-113.94240602616476,51.1542898611417
14 ST SW,JOLIET AVE SW,SIGNALIZED,REGULAR CROSSWALK,1.0,PAINT,N,-114.09467968004239,51.02609558227206
SANDARAC DR NW,E OF 14 ST NW,SCHOOL,LADDER CROSSWALK,1.0,MMA,E,-114.10676454317527,51.140446433708
SARCEE TR NW,CROWCHILD TR NW,SIGNALIZED,RIGHT TURN,1.0,PAINT,S,-114.1791731177345,51.10955513741168
HIDDEN VALLEY DR NW,200 HIDDEN VAL.LEY LANDING NW,REGULAR,REGULAR CROSSWALK,1.0,PAINT,E,-114.11056003409824,51.14729165492843
HIDDEN VALLEY DR NW,S /200 HIDDEN VALLEY PL NW,MIDBLOCK,REGULAR CROSSWALK,1.0,PAINT,MID,-114.0976358147213,51.14405672200379
SANDSTONE DR NW,SANDERLING RISE NW,REGULAR,REGULAR CROSSWALK,1.0,PAINT,S,-114.09086612806516,51.1366760548943
10 ST NW,32 AVE NW,REGULAR,RIGHT TURN,2.0,PAINT,NS,-114.0860823245814,51.08149996933263
7 ST NW,2 AVE NW,SCHOOL,STOP LINE,4.0,MMA,NSEW,-114.07965319682475,51.05711680117493
SOUTHPORT RD SW,99 AVE SW,SIGNAL,REGULAR CROSSWALK,4.0,PAINT,NSEW,-114.07295339538013,50.96102025684944
15 ST SE,41 AVE SE AT RRXING,RSM,STOP LINE,2.0,PAINT,W,-114.02529552184967,51.01705533788461
194 AVE SE,CHAPARRAL DR SE,SIGNALIZED,REGULAR CROSSWALK,4.0,PAINT,NSEW,-114.03668292596768,50.877082419824234
"9 ""A"" ST NW",2 AV,REGULAR,STOP LINE,3.0,PAINT,NSE,-114.0844264563323,51.05425633972475
SANDRINGHAM WAY NW,E OF 600 SANDRINGHAM PL NW,MIDBLOCK,REGULAR CROSSWALK,1.0,PAINT,MID,-114.10445861654956,51.134501999960484
36 AVE SW,18 ST SW,REGULAR,REGULAR CROSSWALK,1.0,PAINT,W,-114.10486870971404,51.02202509913424
17 AVE SE,26 ST SE BRT SOUTH (75M EAST),MID BLOCK,REGULAR CROSSWALK,1.0,PAINT,MID,-113.99449951438058,51.03745239200516
17 AVE SE,26 ST SE,RSM,REGULAR CROSSWALK,2.0,PAINT,EW,-113.99552490347627,51.0373225672211
34 AVE SE,9 ST SE,MID BLOCK,X RRXING,2.0,PAINT,EW,-114.04180501197733,51.023093089952354
MERIDIAN RD NE,4 AVE NE,RSM,STOP LINE,2.0,PAINT,NS,-114.00109440850429,51.05548362303509
NORTHMOUNT DR NW,CAMBRIAN DR NW,SIGNAL,RIGHT TURN,1.0,PAINT,E,-114.09247996420612,51.083026595716454
9 ST NW,3 AVE PATH TO LRT,REGULAR,REGULAR CROSSWALK,1.0,PAINT,E,-114.08415680768061,51.05566314925525
FALCONRIDGE DR NE,FALCHURCH RD/FALWOOD WY,SCHOOL,LADDER CROSSWALK,3.0,MMA,NSW,-113.94431524906817,51.0999202400098
CHAPALINA CLOSE SE,CHAPALINA CLOSE SE,SCHOOL,LADDER CROSSWALK,1.0,MMA,N,-114.04441329423982,50.88236380381835
"9 ""A"" ST NW",4 AVE NW,REGULAR,REGULAR CROSSWALK,3.0,PAINT,SEW,-114.08462032100287,51.056816361657425
CHAPALA DR SE,CHAPALA CR SE,SCHOOL,LADDER CROSSWALK,1.0,MMA,N,-114.02994392358202,50.88358788893823
SCENIC ACRES BLVD NW,SCENIC PARK GATE NW,REGULAR,STOP LINE,1.0,PAINT,S,-114.21846829785625,51.117483186398196
KENSINGTON RD NW,11 A ST NW,SIGNALIZED,LADDER CROSSWALK,1.0,MMA,E,-114.09032888498328,51.05251195237365
162 AVE SW,SHAWVILLE WAY / RISE SE,SIGNAL,RIGHT TURN,4.0,MMA,NSEW,-114.06949964137229,50.9033172921919
32 AV NE,9 ST NE,SIGNAL,REGULAR CROSSWALK,2.0,PAINT,SW,-114.04149766839322,51.081447185051
SHAWVILLE BLVD SE,SHAWVILLE GATE SE,SIGNAL,STOP LINE,4.0,MMA,NSEW,-114.06327632098818,50.89948258439484
SCENIC ACRES BLVD NW,SCURFIELD DR NW,SIGNALIZED,REGULAR CROSSWALK,4.0,PAINT,NSEW,-114.2109281712356,51.11951652771179
20 ST SW,33 AVE,SIGNAL,STOP LINE,4.0,MMA,NSEW,-114.10945127579762,51.023981605317154
BEARSPAW DAM RD NW,85 ST NW,REGULAR,REGULAR CROSSWALK,1.0,PAINT,W,-114.21008801117964,51.101923488671105
SHAWVILLE BLVD SE,SHAWVILLE LINK SE,RSM,STOP LINE,1.0,MMA,W,-114.06439443032464,50.90123966260445
SCURFIELD WAY NW,100 SCURFIELD PL NW,SCHOOL,LADDER CROSSWALK,1.0,MMA,N,-114.21501993592494,51.120047818293166
BOWNESS RD NW,65 ST NW,RSM,REGULAR CROSSWALK,1.0,MMA,E,-114.18374748654249,51.08741182827761
SILVER SPRINGS BLVD NW,SILVER SPRINGS RD NW,REGULAR,REGULAR CROSSWALK,1.0,PAINT,S,-114.19977477118633,51.11019114944909
CENTRE ST N,18 AVE N,CORRIDOR,LADDER CROSSWALK,1.0,PAINT,S,-114.0625290004534,51.06879769621888
CROWCHILD TR NW,DALHOUSIE LRT ACCESS,SIGNAL,REGULAR CROSSWALK,3.0,PAINT,NSE,-114.16041091548007,51.104596935677264
BOWNESS RD NW,63 ST NW,MID BLOCK,PARKING STALLS,49.0,PAINT,NS,-114.18092146198462,51.086106488065965
16 AVE NW,MONTEREY AVE NW,REGULAR,LADDER CROSSWALK,1.0,PAINT,W,-114.16022700759896,51.06957553052553
CROWFOOT CIRCLE NW,CROWFOOT WAY NW,SIGNAL,REGULAR CROSSWALK,4.0,MMA,NSEW,-114.20263883253246,51.12431262653343
CENTRE ST N,72 AVE N,SIGNAL,RIGHT TURN,4.0,PAINT,NSEW,-114.0695615649553,51.118004142148486
HOME RD NW,16 AVE NW,SIGNAL,RIGHT TURN,2.0,PAINT,NS,-114.16439415287947,51.07272410992104
1 AVE NE,9 ST NE,MULTIWAY STOP,STOP LINE,2.0,MMA,NS,-114.0403623466853,51.053249054862306
HAWKWOOD DR NW,HAWKWOOD RD NW,REGULAR,REGULAR CROSSWALK,1.0,PAINT,S,-114.18680070359973,51.12669171289585
HAWKWOOD RD NW,HAWKFIELD WAY NW,REGULAR,REGULAR CROSSWALK,1.0,PAINT,W,-114.18867108642283,51.12867639168904
CROWFOOT WAY NW,CROWFOOT CIRCLE NW,SIGNAL,STOP LINE,4.0,MMA,NSEW,-114.2069901116477,51.125653378314915
SHAGANAPPI TR NW,NOLAN HILL BLVD NW,SIGNALIZED,RIGHT TURN,1.0,PAINT,W,-114.15473398998691,51.17283966599182
NOSE HILL DR NW,CROWFOOT RD NW,SIGNAL,RIGHT TURN,3.0,MMA,SEW,-114.1963785218425,51.125947174952245
BOWNESS RD NW,42 ST NW,REGULAR,MULTI USE XWALK,2.0,MMA,EW,-114.15416920818068,51.06788097467495
32 ST SE,BETWEEN 17AND 19 AVE SE,RSM,PARKING STALLS,18.0,PAINT,W,-113.98807850961829,51.036725181545314
LAKE BONAVISTA DR SE,LAKE CRIMSON DR SE,REGULAR,REGULAR CROSSWALK,1.0,PAINT,E,-114.03853091938767,50.93338792876417
CENTRE ST N,40 AVE N,SIGNAL,REGULAR CROSSWALK,4.0,PAINT,NSEW,-114.06244074207481,51.08873967077354
16 AVE NW,29 ST NW,SIGNAL,RIGHT TURN,3.0,MMA,NSE,-114.12918342504192,51.06855760400377
17 AV SW,11 ST SW,RSM,STOP LINE,1.0,PAINT,S,-114.09007044345843,51.037817802079665
UNIVERSITY AV NW,MCLAURIN ST NW,RSM,REGULAR CROSSWALK,4.0,MMA,NSEW,-114.14771579370381,51.077549933210115
NOSE HILL DR NW,RANCHLANDS BLVD NW,SIGNAL,STOP LINE,4.0,MMA,NSEW,-114.19819154047659,51.12425264313744
24 AVE NW,17A ST NW,RSM,REGULAR CROSSWALK,1.0,PAINT,N,-114.10349592454764,51.07428275618502
CAMBRIAN DR NW,ROSEWOOD RD NW,REGULAR,REGULAR CROSSWALK,1.0,PAINT,N,-114.08952981233985,51.081140616623095
7 AVE SW,10 ST SW,DOWNTOWN,X RRXING,2.0,MMA,NS,-114.08610442993303,51.04714469467499
TUSCANY SPRINGS BLVD NW,TUSCARORA MEWS NW,RSM,REGULAR CROSSWALK,1.0,PAINT,N,-114.23688948657623,51.1304309383396
144 AVE NE,1 ST NE,SIGNALIZED,STOP LINE,4.0,PAINT,NSEW,-114.06921599101874,51.1833776210959
24 AVE NW,16A NW,RSM,STOP LINE,1.0,PAINT,N,-114.10060547584494,51.074311034817626
CORNWALLIS DR NW,CUMBERLAND DR NW,SCHOOL,LADDER CROSSWALK,2.0,MMA,SW,-114.08868334548856,51.08487773524439
NOSE HILL DR NW,TUSCANY HILL NW,SIGNALIZED,RIGHT TURN,2.0,PAINT,NW,-114.24408826427984,51.107253232075685
24 AVE NW,17 ST NW,RSM,REGULAR CROSSWALK,2.0,PAINT,NS,-114.10213203487304,51.074292875245945
LAKE BONAVISTA DR SE,LAKE ROSEN CR SE,SCHOOL,LADDER CROSSWALK,1.0,MMA,W,-114.06156186204605,50.946305278242455
NOSE HILL DR NW,HASKAYNE DR NW,RSM,REGULAR CROSSWALK,3.0,PAINT,NEW,-114.26875771160148,51.10809816347479
MARTIN CROSSING PARK NE,50M S/MARTINRIDGE CR NE,SCHOOL,LADDER CROSSWALK,1.0,MMA,MID,-113.96443646456537,51.11500502828505
10 AVE SW,7 ST SW,RSM,REGULAR CROSSWALK,1.0,PAINT,S,-114.07880575643357,51.04376222426844
18 ST SE,AT 9891,SIGNALIZED,REGULAR CROSSWALK,1.0,PAINT,MID,-114.01281074597745,50.96504785034028
24 AVE NW,15 ST NW,REGULAR,REGULAR CROSSWALK,1.0,PAINT,S,-114.09720572041219,51.074270079183854
CORNERSTONE BV NE,CORNERSTONE HT NE,RSM,REGULAR CROSSWALK,1.0,PAINT,S,-113.93810353647937,51.15802030596734
162 AVE SW,SHAWVILLE BLVD SE,SIGNAL,RIGHT TURN,4.0,MMA,NSEW,-114.06609449632866,50.90410439529558
14 ST NW,24 AVE NW,SIGNAL,STOP LINE,3.0,PAINT,NSW,-114.09475015740317,51.0742783214303
53 ST NW,DALHOUSIE DR NW,SIGNALIZED,REGULAR CROSSWALK,4.0,PAINT,NSEW,-114.15627425666395,51.11343460483353
DALHOUSIE DR NW,DALMENY GATE NW,REGULAR,LADDER CROSSWALK,1.0,PAINT,E,-114.16127739365906,51.115801190759534
SHAWVILLE WAY SE,S OF 162 AVE SE,MIDBLOCK,REGULAR CROSSWALK,1.0,MMA,MID,-114.06903609127032,50.900191243599885
34 AVE SW,19 ST SW,REGULAR,REGULAR CROSSWALK,1.0,MMA,E,-114.10630636151551,51.02318877551664
SHAWVILLE BLVD SE,S OF HOME DEPOT SE,MIDBLOCK,REGULAR CROSSWALK,1.0,MMA,MID,-114.06105370109653,50.89606591841495
RIVERFRONT AVE SE,CONFLUENCE WAY SE,MULTIWAY STOP,STOP LINE,3.0,MMA,NSE,-114.05053224480389,51.04779691209284
DALHOUSIE DR NW,66 AVE NW,CORRIDOR,LADDER CROSSWALK,1.0,PAINT,S,-114.1673159082915,51.112352703160525
54 ST NW,DALHOUSIE DR NW,CORRIDOR,LADDER CROSSWALK,1.0,PAINT,W,-114.16448277838566,51.10899489957852
53 ST NW,DALHOUSIE DR NW,SIGNAL,RIGHT TURN,2.0,PAINT,NE,-114.16207515230437,51.107976311666924
DALHOUSIE DR NW,DALHAM CR NW,SIGNAL,RIGHT TURN,1.0,PAINT,S,-114.15877926529298,51.10657914209693
DALHOUSIE DR NW,DALTON DR NW,CORRIDOR,STOP LINE,2.0,PAINT,NS,-114.15475505573289,51.10483661110981
10 ST NW,2 AVE NW,SIGNALIZED,REGULAR CROSSWALK,3.0,MMA,NSE,-114.08589548783965,51.05404246206809
DALHOUSIE DR NW,DALGETTY DR NW,CORRIDOR,LADDER CROSSWALK,1.0,PAINT,E,-114.15019111529938,51.10341294843043
52 ST SE,61 AVE SE,SIGNAL,REGULAR CROSSWALK,4.0,PAINT,NSEW,-113.95845628477244,50.998992519822075
RIVERFRONT AVE SE,4 ST SE,SIGNALIZED,STOP LINE,3.0,MMA,SEW,-114.0516032668933,51.04893504715741
14 ST NW,144 AVE NW,RSM,STOP LINE,1.0,PAINT,E,-114.0944439361972,51.18413983339822
SHAWNESSY DR SW,SHAWCLIFFE GATE SW,REGULAR,LADDER CROSSWALK,1.0,PAINT,S,-114.07384286226241,50.91172424044893
52 ST SE,94 AVE SE,SIGNALIZED,STOP LINE,4.0,PAINT,NSEW,-113.95858416720266,50.96857246397904
BOWNESS RD NW,64 ST NW,RSM,PARKING STALLS,45.0,PAINT,NS,-114.18292680653745,51.08699928529386
144 AVE NW,EVANSTON HILL NW,RSM,STOP LINE,4.0,PAINT,SNEW,-114.1111052247766,51.18324754240808
CENTER ST S,10 AVE SE,SIGNALIZED,REGULAR CROSSWALK,3.0,MMA,SEW,-114.06316967042835,51.043326627548474
CHAPARRAL RIDGE CIRCLE SE,CHAPARRAL RIDGE DR SE,RSM,REGULAR CROSSWALK,1.0,PAINT,S,-114.02287093503976,50.88602947846633
CHAPARRAL DR SE,CHAPMAN GR SE,RSM,REGULAR CROSSWALK,1.0,PAINT,EW,-114.02668062111277,50.88559001918506
21685 Macleod Trail SW,,CORRIDOR,STOP LINE,1.0,PAINT,W,-114.03123855495497,50.85798335264299
SYMONS VALLEY PARKWAY NW,14 ST NW,SIGNALIZED,RIGHT TURN,4.0,PAINT,NSEW,-114.09467882494741,51.181414351236725
7 AVE SW,CENTRE ST S,DOWNTOWN,STOP LINE,4.0,MMA,NSEW,-114.06292988089214,51.04649576215937
49 AVE SW,8 ST SW,MID BLOCK,PARKING STALLS,59.0,PAINT,MID,-114.08220637443625,51.00960566011198
16 AVE NW,12 ST NW,SIGNAL,REGULAR CROSSWALK,4.0,PAINT,NSEW,-114.08980897409785,51.066907655532134
FISH CREEK BLVD SW,EVERBROOK DR SW,SCHOOL,LADDER CROSSWALK,2.0,MMA,SW,-114.11522680168466,50.92134298170189
128 AVE SE,40 ST SE,RSM,REGULAR CROSSWALK,3.0,PAINT,NEW,-113.97097540544743,50.93343050094963
SHAGANAPPI TR NW,BELLE RD NW,RSM,REGULAR CROSSWALK,1.0,PAINT,W,-114.14602980466495,51.101239102075056
EVERBROOK DR SW,EVERBROOK CRESCENT,SCHOOL,STOP LINE,1.0,MMA,W,-114.11521936831608,50.919885210045784
SUNPARK DR SE,SUNVALE DR SE,RSM,REGULAR CROSSWALK,1.0,PAINT,MID,-114.05504735528454,50.89969526736346
16 AVE NW,4 ST NW,SIGNAL,REGULAR CROSSWALK,4.0,PAINT,NSEW,-114.07149665098602,51.066942575336405
METIS TR NE,104 AVE NE,SIGNALIZED,RIGHT TURN,4.0,PAINT,NSEW,-113.97000754417148,51.14719830964998
16 AVE NW,10 ST NW,SIGNAL,RIGHT TURN,3.0,PAINT,SEW,-114.08490155184674,51.066933608179156
SHAGANAPPI TR NW,JOHN LAURIE BLVD NW,SIGNALIZED,STOP LINE,4.0,PAINT,NSEW,-114.14005039424036,51.10898314818227
BOWFORT RD NW,83 ST NW,RSM,REGULAR CROSSWALK,3.0,PAINT,SEW,-114.20870987300535,51.084637912354104
CENTRE ST N,8 AVE N,CORRIDOR,LADDER CROSSWALK,2.0,PAINT,NS,-114.06255224883151,51.059772195445966
34 ST SE,BETWEEN 17 AND 19 AVE SE,RSM,PARKING STALLS,25.0,PAINT,W,-113.98448595212305,51.036868400720735
JAMES MCKEVITT RD SW,EVERGREEN ST SW,MULTIWAYS,RIGHT TURN,1.0,PAINT,N,-114.09482001445338,50.92133888856678
CENTRE ST N,200M NORTH OF BEDDINGTON BV,MID BLOCK,LADDER CROSSWALK,1.0,PAINT,MID,-114.07147839073076,51.12685660215002
52 ST SE,26 AVE SE,RSM,RIGHT TURN,2.0,PAINT,SW,-113.95858652408768,51.03063242784479
144 AV NW,EVANSTON LI NW,RSM,REGULAR CROSSWALK,4.0,PAINT,EWNS,-114.10174198985155,51.183131127998564
24 ST NW,AMBLERIDGE AV NW,RSM,REGULAR CROSSWALK,2.0,PAINT,EW,-114.11790501972415,51.18610738527983
CHAPARRAL DR SE,CHAPARRAL WAY SE,REGULAR,REGULAR CROSSWALK,1.0,PAINT,W,-114.03193683672065,50.886575563704056
CHAPARRAL DR SE,CHAPARRAL PARK SE,REGULAR,REGULAR CROSSWALK,1.0,PAINT,W,-114.03740175226548,50.88678637303516
CHAPARRAL DR SE,CHAPARRAL RD SE,SCHOOL,LADDER CROSSWALK,1.0,MMA,W,-114.02858038030188,50.88529999240379
DALTON DR NW,DALHOUSIE DR NW,SIGNAL,REGULAR CROSSWALK,4.0,PAINT,NSEW,-114.14757443578166,51.10340511137688
MARTINDALE BLVD NE,MARTINBROOK GATE NE,CORRIDOR,LADDER CROSSWALK,1.0,PAINT,W,-113.9553072839935,51.11427912076653
COUNTRY HILLS BLVD NE,CITYSCAPE GATE NE,SIGNALIZED,RIGHT TURN,2.0,PAINT,NS,-113.95837643178767,51.15430870339656
68 ST NE,CORAL SPRINGS BLVD NE,SIGNAL,RIGHT TURN,1.0,PAINT,E,-113.9351112591463,51.099140554404286
17 AVE SW,ASPEN STONE BLVD SW,SIGNALIZED,RIGHT TURN,2.0,PAINT,NS,-114.21682427243316,51.03785048834981
68 ST NE,MCKNIGHT BLVD NE,SIGNAL,REGULAR CROSSWALK,4.0,PAINT,NSEW,-113.93510825978962,51.09610600295964
JOHN LAURIE BLVD NW,EDGEMONT DR NW,SIGNAL,STOP LINE,3.0,PAINT,NEW,-114.14806040303482,51.1123547245682
16 AVE NW,SARCEE TR SW,RSM,STOP LINE,3.0,PAINT,NSE,-114.18917600374138,51.0814419643312
SUN VALLEY BLVD SE,SUNMILLS DR/MIDLAKE BLV,SIGNAL,RIGHT TURN,2.0,PAINT,EW,-114.0473697318064,50.906612685257564
52 ST SE,MCKENZIE TOWNE AVE SE,SIGNALIZED,STOP LINE,3.0,PAINT,NSW,-113.95766263993856,50.916373904683155
SUNPARK PLAZA SE,SUNPARK GATE SE,REGULAR,STOP LINE,1.0,,N,-114.05673134939902,50.90416688381101
17 AVE SW,11 ST SW,DOWNTOWN,REGULAR CROSSWALK,3.0,PAINT,NEW,-114.08922235084003,51.03782033325618
52 ST SE,MCKENZIE TOWNE LINK SE,SIGNALIZED,STOP LINE,3.0,PAINT,NSE,-113.95564379918751,50.914725665415624
NORTHMOUNT DR NW,THORNTON RD NW,SCHOOL,LADDER CROSSWALK,3.0,MMA,SEW,-114.06814164718475,51.10264075151031
24 ST SE,91 AVE SE,SIGNALIZED,REGULAR CROSSWALK,3.0,PAINT,NSW,-114.00185407687113,50.97102993595436
COUNTRY HILLS BLVD NE,SKYVIEW CIRCLE NE,SIGNALIZED,REGULAR CROSSWALK,4.0,PAINT,NSEW,-113.9524724942876,51.15429980765093
9 AVE SW,1 ST SW,DOWNTOWN,REGULAR CROSSWALK,4.0,MMA,NSEW,-114.06557403462136,51.0446736800239
17 AVE SW,12 ST SW,SIGNALIZED,STOP LINE,4.0,PAINT,NSEW,-114.0916622196192,51.03783757893775
JOHN LAURIE BLVD NW,RANCHLANDS BLVD NW,SIGNAL,RIGHT TURN,4.0,PAINT,NSEW,-114.17940591947956,51.12400670261767
MACDONALD AVE SE,7 ST SE,MULTIWAYS,STOP X,1.0,MMA,E,-114.04502817368277,51.041499919021554
8 AVE SE,1 ST SE,DOWNTOWN,REGULAR CROSSWALK,2.0,MMA,NS,-114.06057161702424,51.04548013543039
JOHN LAURIE BLVD NW,RANCHERO DR NW,SIGNAL,RIGHT TURN,2.0,PAINT,EW,-114.18899338151904,51.12535665063398
68 ST NE,43 AVE NE,SIGNAL,RIGHT TURN,2.0,PAINT,EW,-113.93509998805999,51.09166140615657
MCIVOR BLVD SE,COPPERSTONE ST SE,SIGNALIZED,REGULAR CROSSWALK,3.0,PAINT,NSE,-113.93472175749048,50.91567154611826
CHAPRRAL DR SE,CHAPALINA CL SE,SCHOOL,LADDER CROSSWALK,2.0,MMA,SE,-114.04384092731269,50.88296935628104
OGDEN RD SE,38 AVE SE,SIGNAL,REGULAR CROSSWALK,4.0,PAINT,NSEW,-114.03001822714201,51.02010454745263
OGDEN RD SE,14A ST SE,REGULAR,REGULAR CROSSWALK,2.0,PAINT,EW,-114.02666742617143,51.018609716428855
CHAPARRAL DR SE,CHAPALA DR SE,SCHOOL,LADDER CROSSWALK,2.0,MMA,SW,-114.02999111315039,50.885311130393916
OGDEN RD SE,42 AVE SE,SIGNAL,REGULAR CROSSWALK,3.0,PAINT,NSW,-114.0155441965099,51.01554328029009
SUNPARK PLAZA SE,SUNPARK DR SE,MULTIWAY STOP,REGULAR CROSSWALK,4.0,PAINT,NSEW,-114.05515869521784,50.90433944342693
SHAGANAPPI TR NW,BOWNESS RD NW,SIGNAL,RIGHT TURN,4.0,PAINT,NSEW,-114.14908173053973,51.06340458181486
SHAGANAPPI TR NW,32 AVE NW,SIGNAL,RIGHT TURN,3.0,PAINT,SEW,-114.15223972488256,51.08146085215462
56 AVE SE,BTW 36 & 40 ST SE,REGULAR,STOP LINE,4.0,PAINT,EW,-113.97932145888161,51.00206085970717
61 AVE SE,BARLOW TR SE,SIGNALIZED,REGULAR CROSSWALK,4.0,PAINT,NSEW,-113.98427793220617,50.99890727042068
SHAGANAPPI TR NW,40 AVE NW,SIGNAL,RIGHT TURN,4.0,PAINT,NSEW,-114.15371330832632,51.088260471049374
PEIGAN TR SE,W OF 36 ST SE,REGULAR,X RRXING,2.0,PAINT,EW,-113.9859204378103,51.01529883339339
TARADALE DR NE,TARADALE CL,REGULAR,REGULAR CROSSWALK,1.0,PAINT,W,-113.94466812811734,51.1141493748879
SHAGANAPPI TR NW,VARSITY DR NW,SIGNAL,STOP LINE,4.0,PAINT,NSEW,-114.15483290805281,51.09335718047438
SHAGANAPPI TR NW,DALHOUSIE DR NW,SIGNALIZED,RIGHT TURN,4.0,PAINT,NSEW,-114.14276953556595,51.10266677157146
CITADEL DR NW,CITADEL CREST CIR NW,REGULAR,REGULAR CROSSWALK,1.0,PAINT,N,-114.18186923239112,51.1442147126866
EVERRIDGE DR SW,EVERSYDE BLVD SW,SCHOOL,STOP LINE,1.0,MMA,S,-114.11038658615345,50.911130370485004
CITADEL WAY NW,CITADEL RIDGE PARK NW,SCHOOL,LADDER CROSSWALK,2.0,MMA,SE,-114.18854398645213,51.14690462945809
TARADALE DR NE,TARARIDGE DR,REGULAR,REGULAR CROSSWALK,1.0,PAINT,W,-113.9405416481036,51.113862716434554
HERITAGE DR SW,W. OF MACLEOD TR,SIGNAL,STOP LINE,4.0,PAINT,EW,-114.07324935437033,50.97956313261701
MILLICAN RD SE,LYNNVIEW RD SE,RSM,MULTI USE XWALK,1.0,PAINT,N,-114.01170691641,50.998673150081196
BLACKFOOT TR SE,MANHATTAN RD SE,SIGNAL,REGULAR CROSSWALK,4.0,PAINT,NSEW,-114.04863532784272,51.0112169543208
CITADEL LINK NW,CITADEL HILLS GREEN,REGULAR,REGULAR CROSSWALK,1.0,PAINT,S,-114.17183248907261,51.13872607935605
EVERRIDGE DR SW,EVEROAK DR SW,SCHOOL,STOP LINE,1.0,MMA,S,-114.11318319032415,50.91100347184751
PENSACOLA WAY SE,12 AVE SE,SCHOOL,LADDER CROSSWALK,1.0,MMA,N,-113.95094966722246,51.04197731663323
LAKE BONAVISTA DR SE,LAKE ARROW RD SE,SCHOOL,LADDER CROSSWALK,1.0,MMA,W,-114.04158277386581,50.93477017208734
46 AVE SE,12 ST SE,SIGNAL,REGULAR CROSSWALK,4.0,PAINT,NSEW,-114.03596433681051,51.01176449009207
DALHOUSIE DR NW,N OF DALRYMPLE WAY NW,MIDBLOCK,REGULAR CROSSWALK,1.0,PAINT,MID,-114.1661574889928,51.11377319352087
BEARSPAW DAM RD NW,87 ST NW,MULTIWAYS,STOP LINE,3.0,PAINT,NEW,-114.21599689504156,51.1020944748668
85 ST NW,SCENIC BOW RD NW,REGULAR,REGULAR CROSSWALK,1.0,PAINT,W,-114.2101174619118,51.100802585394504
TARADALE DR NE,TARACOVE RD,REGULAR,REGULAR CROSSWALK,1.0,PAINT,E,-113.93707084009473,51.114088942771055
TARADALE DR NE,50M W/TARINGTON CL,MIDBLOCK,REGULAR CROSSWALK,1.0,PAINT,MID,-113.93476489111659,51.11408988160137
SOUTHLAND DR SE,FAIRMOUNT DR SE,SIGNALIZED,REGULAR CROSSWALK,4.0,PAINT,NSEW,-114.0586630011278,50.96406723443476
NORTHMOUNT DR NW,CORNWALLIS DR NW,SCHOOL,LADDER CROSSWALK,3.0,MMA,NEW,-114.08972357974575,51.08533746992668
ACADIA DR SE,LAKE BONAVISTA DR SE,SIGNAL,REGULAR CROSSWALK,4.0,PAINT,NSEW,-114.04451795359023,50.942057171712975
ACADIA DR SE,LAKE BONAVISTA DR SE,SIGNAL,REGULAR CROSSWALK,4.0,PAINT,NSEW,-114.04808022124375,50.9374806530422
MCIVOR BLVD SE,COOPERFIELD BLVD SE,SIGNALIZED,REGULAR CROSSWALK,3.0,PAINT,NSE,-113.93223945562453,50.91933620617245
SUNMILLS DR SE,SUNCREST WAY,REGULAR,STOP LINE,1.0,PAINT,E,-114.04811149317436,50.90397736483808
CENTRE ST S,9 AVE SW,DOWNTOWN,REGULAR CROSSWALK,3.0,MMA,NEW,-114.06307222740571,51.04462025544484
10 ST NW,3 AVE NW,SIGNALIZED,STOP LINE,3.0,MMA,NSE,-114.08592398990248,51.05561751999047
SKYVIEW CIRCLE NE,SKYVIEW RANCH DR NE,SIGNALIZED,REGULAR CROSSWALK,4.0,PAINT,NSEW,-113.95107761800631,51.1569976708506
RADNOR AVE NE,ST. ALPHONSUS SCHOOL,SCHOOL,LADDER CROSSWALK,1.0,MMA,MID,-114.04116757739229,51.064082266046725
13 AVE NW,7 ST SW,MULTIWAYS,REGULAR CROSSWALK,4.0,PAINT,NSEW,-114.07854798056334,51.06388863312879
52 ST SE,PRESTWICK GATE SE,SIGNALIZED,RIGHT TURN,4.0,PAINT,NSEW,-113.9581610661601,50.92544357303029
1 AVE NE,8 ST NE,CORRIDOR,STOP LINE,1.0,MMA,N,-114.04303435165018,51.05324937099642
14 ST NW,CORNWALLIS DR NW,CORRIDOR,LADDER CROSSWALK,1.0,PAINT,N,-114.09476536792603,51.087513202309545
COUNTRY HILLS BLVD NE,CORNERSTONE BLVD NE,SIGNALIZED,RIGHT TURN,2.0,PAINT,NS,-113.93821081670936,51.15430797029069
1 AVE NE,8A ST,RSM,LADDER CROSSWALK,4.0,MMA,NSEW,-114.04169242997285,51.053252454480486
BOWNESS RD NW,47 ST NW,REGULAR,MULTI USE XWALK,2.0,MMA,EW,-114.1621698452796,51.07386035530322
14 AVE NW,7 ST NW,MULTIWAYS,REGULAR CROSSWALK,4.0,PAINT,NSEW,-114.07851066654065,51.06543463556898
SUNMILLS DR SE,SUNBANK RD SE,SCHOOL,STOP LINE,1.0,MMA,W,-114.04777715500254,50.90465360218238
EDGEBROOK DR NW,EDGEBROOK LANDING NW,REGULAR,REGULAR CROSSWALK,1.0,PAINT,E,-114.1316976892486,51.13662304832603
8 AVE NE,13A ST NE,REGULAR,REGULAR CROSSWALK,1.0,PAINT,E,-114.02924938177532,51.05907896188128
SUNMILLS DR SE,SUNBANK WY SE,REGULAR,REGULAR CROSSWALK,1.0,PAINT,N,-114.0481178897959,50.90255265158991
SILVER SPRINGS BLVD NW,SILVER GROVE DR NW,REGULAR,LADDER CROSSWALK,1.0,PAINT,W,-114.2038833188432,51.114919536394716
CROWFOOT CRESCENT NW,CROWFOOT RD NW,SIGNAL,REGULAR CROSSWALK,4.0,MMA,NSEW,-114.19795987712763,51.126609084444
KENSINGTON RD NW,12 ST NW,CORRIDOR,REGULAR CROSSWALK,1.0,MMA,N,-114.0918637629288,51.052504821135955
CANTRELL DR SW,130 AVE SW,REGULAR,REGULAR CROSSWALK,1.0,PAINT,N,-114.07078471117917,50.93628047093445
SHAWVILLE LINK SE,SHAWVILLE GATE SE,SIGNAL,REGULAR CROSSWALK,3.0,MMA,NEW,-114.06620318860408,50.8988199422854
2 ST NE,6 AVE NE,MULTIWAYS,REGULAR CROSSWALK,4.0,PAINT,NSEW,-114.0576505766829,51.05797435862586
3 AVE SW,8 ST SW,DOWNTOWN,STOP LINE,2.0,MMA,NS,-114.08091740850647,51.050798684458556
CITADEL DR NW,CITADEL GATE,MULTIWAYS,REGULAR CROSSWALK,2.0,PAINT,EW,-114.18014069558065,51.142494852669486
COUNTRY HILLS BLVD NW,CITADEL WAY NW,SIGNAL,RIGHT TURN,1.0,PAINT,N,-114.19544735696768,51.142704682654994
MACLEOD TR S,194 AVE SE,SIGNALIZED,REGULAR CROSSWALK,4.0,PAINT,NSEW,-114.04398677614805,50.87558781867871
SUNMILLS DR SE,SUNVALE DR SE,SCHOOL,STOP LINE,1.0,MMA,W,-114.04742673182824,50.899912176239056
SCENIC COVE DR NW,AT LRT PATHWAY,MID BLOCK,REGULAR CROSSWALK,1.0,PAINT,MID,-114.20935867164997,51.121463632952484
SUNVALE  DR SE,SUNDOWN RD SE,RSM,REGULAR CROSSWALK,1.0,PAINT,E,-114.05028843210225,50.89961456449617
SUNVALE DR SE,SUNVALE RD SE,REGULAR,REGULAR CROSSWALK,1.0,PAINT,E,-114.05292337913481,50.89962027263966
SUNPARK PLAZA SE,SUNPARK DR SE,CORRIDOR,STOP LINE,1.0,PAINT,W,-114.05515775338766,50.901016644594
SHAGANAPPI TR NW,SAGE VALLEY BLVD NW,RSM,RIGHT TURN,1.0,PAINT,E,-114.15673415700576,51.17521149079775
WOODPARK AVE SW,WOOD PARK CLOSE SW,REGULAR,REGULAR CROSSWALK,2.0,PAINT,NW,-114.1160357369812,50.946377947288234
SKYVIEW CIRCLE NE,SKYVIEW PARADE NE,SIGNALIZED,STOP LINE,4.0,PAINT,NSEW,-113.95225107571007,51.15584836120051
SETON BLVD SE,AUBURN BAY ST SE,SIGNALIZED,REGULAR CROSSWALK,4.0,PAINT,NSEW,-113.94911069978164,50.88401981686409
VALIANT DR NW,40 ST NW,SCHOOL,REGULAR CROSSWALK,1.0,MMA,W,-114.14726831491994,51.09072898680827
32 AVE NW,50 ST NW,MULTIWAYS,REGULAR CROSSWALK,4.0,PAINT,NSEW,-114.1599191139617,51.08145939552321
16 AV NW,BOWNESS RD NW,SIGNALIZED,STOP LINE,2.0,EPOXY,NE,-114.15099471746005,51.066008292440316
16 AV SW,11 ST SW,RSM,REGULAR CROSSWALK,1.0,PAINT,N,-114.08918358842324,51.03836146102194
SADDLETOWNE CIRCLE NE,SADDLERIDGE DR NE,CORRIDOR,LADDER CROSSWALK,1.0,PAINT,MID,-113.94913768884709,51.12613196149141
CITADEL WAY NW,CITADEL MEADOWS PT,SCHOOL,LADDER CROSSWALK,1.0,MMA,E,-114.18610594576862,51.146871825845565
40 AVE NW,CROWCHILD TR NW,SIGNAL,REGULAR CROSSWALK,2.0,PAINT,SE,-114.13543096371642,51.088347465298945
1 ST NW,10 AVE NW,REGULAR,REGULAR CROSSWALK,2.0,PAINT,NS,-114.06500659619545,51.061570125095635
SCURFIELD DR NW,AT FIRST PARKING LOT ENTRANCE,MID BLOCK,REGULAR CROSSWALK,1.0,PAINT,W,-114.21088361441258,51.121951109101566
CENTRE ST N,BEDDINGTON BLVD N,SIGNAL,RIGHT TURN,3.0,PAINT,SEW,-114.07141618221077,51.125237847141236
MORLEY TR NW,24 ST NW,MULTIWAYS,REGULAR CROSSWALK,4.0,PAINT,NSEW,-114.117888705723,51.08055638020893
19 ST NW,MORELY TR NW,REGULAR,REGULAR CROSSWALK,1.0,PAINT,W,-114.10635933267595,51.07491045062949
326 DISCOVERY RIDGE BV SW,,MID BLOCK,REGULAR CROSSWALK,1.0,PAINT,MID,-114.2221278883614,51.01683552616718
DALTON DR NW,BELLE NORTH RD NW,MID BLOCK,REGULAR CROSSWALK,1.0,PAINT,MID,-114.1503468689989,51.101182180445846
DALHART RD NW,50M EAST OF DALFORD RD NW,MID BLOCK,REGULAR CROSSWALK,1.0,PAINT,MID,-114.15349888756784,51.10892384326594
SHAGANAPPI TR NW,AQUILA DR NW,RSM,REGULAR CROSSWALK,1.0,PAINT,W,-114.16335968440424,51.187144192496454
DALHOUSIE DR NW,DALHOUSIE LRT STATION,RSM,REGULAR CROSSWALK,3.0,PAINT,NSW,-114.15781367641856,51.10410134386006
26 AVE SE,PORTLAND ST SE,RSM,REGULAR CROSSWALK,2.0,PAINT,SW,-114.03265855415563,51.03078319888898
68 ST NE,FALSHIRE DR NE,SIGNALIZED,STOP LINE,4.0,PAINT,NSEW,-113.93505531643048,51.10796001606656
5 AVE SE,PENBROOKE DR SE,SCHOOL,LADDER CROSSWALK,2.0,MMA,SW,-113.94185934862337,51.04854580637482
VARSITY ESTATES DR NW,VARSITY ESTATES RD NW,CORRIDOR,REGULAR CROSSWALK,1.0,PAINT,W,-114.16571711023859,51.103362775294904
18 ST NW,20 AV NW,REGULAR,STOP LINE,2.0,PAINT,NS,-114.10454543830778,51.070545264388805
32 AVE NW,W OF SHAGANAPPI TR NW,SIGNAL,RIGHT TURN,1.0,PAINT,W,-114.15446920066051,51.08149631726704
MARTINDALE BLVD NE,MARTIN CROSSING PARK NE,SCHOOL,LADDER CROSSWALK,2.0,MMA,NE,-113.96766788916709,51.115061586062026
BOWNESS RD NW,61 ST NW,REGULAR,REGULAR CROSSWALK,2.0,PAINT,EW,-114.17630922098421,51.084064634415306
17 AVE SW,GATEWAY DR SW,RSM,STOP LINE,1.0,PAINT,S,-114.15655014268071,51.037813636451574
46 ST SE,HUBULTA RD SE,MULTIWAYS,REGULAR CROSSWALK,3.0,PAINT,NEW,-113.96625282306444,51.02900998469884
PENBROOKE DR SE,PENEDO WAY SE,SCHOOL,LADDER CROSSWALK,1.0,MMA,W,-113.9441948299154,51.04531123959984
RANGEVIEW AV SE,52 ST SE,RSM,REGULAR CROSSWALK,3.0,PAINT,SNE,-113.93635904465167,50.87672801648241
5 AVE SE,PENSVILLE RD SE,SCHOOL,LADDER CROSSWALK,1.0,MMA,W,-113.94442424048957,51.04854703610137
VARAL RD NW,37 ST NW,RSM,REGULAR CROSSWALK,1.0,PAINT,N,-114.14121423115252,51.08379157810036
EDGEVIEW DR NW,AT 175,MID BLOCK,REGULAR CROSSWALK,1.0,PAINT,MID,-114.1519716926881,51.13100537332335
DALTON DR NW,AT 4784,MID BLOCK,REGULAR CROSSWALK,1.0,PAINT,MID,-114.15589175002846,51.103383154370405
BEARSPAW DAM RD NW,SOUTH OF SOCCER CENTRE (RRXING),RSM,STOP LINE,4.0,PAINT,EW,-114.25293972571488,51.104024669708686
OGDEN RD SE,BLACKFOOT TR SE,SIGNALIZED,STOP LINE,3.0,PAINT,NSE,-114.03219039131726,51.03027264595187
PALLISER DR SW,PALISWOOD WAY SW,SCHOOL,LADDER CROSSWALK,1.0,MMA,W,-114.11214064732054,50.96873820415015
SORA GA SE,SORA BV SE,RSM,REGULAR CROSSWALK,4.0,PAINT,NSEW,-113.88515743013858,50.91073343608363
SUN VALLEY BLVD SE,SUNVALLEY DR SE (W LEG),REGULAR,RIGHT TURN,1.0,PAINT,N,-114.04452308277352,50.90663673971889
66 AVE NW,58 ST NW,REGULAR,REGULAR CROSSWALK,2.0,PAINT,SW,-114.16899935895042,51.112450980687576
17 AV SW,25A ST SW,RSM,REGULAR CROSSWALK,2.0,PAINT,NS,-114.12224701867744,51.037808608027476
CITADEL DR NW,CITADEL LI NW,MULTIWAY STOP,REGULAR CROSSWALK,4.0,PAINT,NSEW,-114.17282574756952,51.14037067101486
SETTON BLVD SE,52 ST SE,MULTIWAY STOP,REGULAR CROSSWALK,2.0,PAINT,WN,-113.9417237717745,50.88521545846481
52 ST SE,21A AVE SE,SIGNALIZED,REGULAR CROSSWALK,2.0,PAINT,NE,-113.95838396931563,51.0345514195346
4 ST NW,20 AVE NW,SIGNAL,REGULAR CROSSWALK,4.0,PAINT,NSEW,-114.07154478833883,51.07057162377726
58 ST  NW,DALCASTLE DR NW,SCHOOL,LADDER CROSSWALK,1.0,MMA,N,-114.17026948732435,51.110904974632966
7A ST NE,CENTRE AV NE,,PARKING STALLS,20.0,PAINT,,-114.04419748645263,51.05205970561806
8 ST NE,CENTRE AV NE,,PARKING STALLS,27.0,PAINT,,-114.0430215376582,51.05235508365338
QUARRY PARK BLVD SE,QUARRY GATE SE,CORRIDOR,LADDER CROSSWALK,2.0,PAINT,NS,-114.01759639154433,50.96143075362105
HERITAGE DR SW,HADDON RD SW,SIGNAL,REGULAR CROSSWALK,3.0,PAINT,SEW,-114.07620375319019,50.97955744369228
41 ST SE,DOVERVILLE CR SE,SCHOOL,LADDER CROSSWALK,1.0,MMA,N,-113.97422932981246,51.02871085178185
TUSCANY MEADOWS DR NW,TUSCANY RAVINE RD,REGULAR,REGULAR CROSSWALK,3.0,PAINT,NSW,-114.2406548989191,51.114602922532576
DALHART RD NW,54 ST NW,SCHOOL,LADDER CROSSWALK,1.0,MMA,E,-114.16109947074771,51.11213366554779
BARLOW TR SE,26 ST SE,REGULAR,REGULAR CROSSWALK,1.0,PAINT,N,-113.9980268616301,51.03783930740046
PENBROOKE DR SE,PENBROOKE CL SE,SCHOOL,LADDER CROSSWALK,1.0,MMA,S,-113.94265364455427,51.04584260485425
DALHART RD NW,53 ST NW,SIGNAL,REGULAR CROSSWALK,4.0,PAINT,NSEW,-114.15876579123098,51.11113868570212
DALHART RD NW,DALFORD RD NW,SCHOOL,LADDER CROSSWALK,1.0,MMA,E,-114.15419829082404,51.10907836296178
DALHART RD NW,DALGLEISH RD NW,REGULAR,REGULAR CROSSWALK,1.0,PAINT,E,-114.15175619640127,51.10852953266909
DALHART RD NW,DALTON DR NW,REGULAR,REGULAR CROSSWALK,1.0,PAINT,S,-114.14612775844127,51.107383249742306
DALTON DR NW,DALTON BAY NW,REGULAR,REGULAR CROSSWALK,1.0,PAINT,N,-114.14674962627905,51.1060089757153
DALTON DR NW,DALTON BAY NW,REGULAR,REGULAR CROSSWALK,1.0,PAINT,N,-114.14730564270664,51.10504051971327
2 AV SE,RIVERFRONT AV SE,RSM,REGULAR CROSSWALK,1.0,MMA,S,-114.06068140378878,51.05131263496237
DALLYN ST NW,DALGHETTY DR NW,REGULAR,REGULAR CROSSWALK,1.0,PAINT,N,-114.14978025797123,51.1055590965308
52 ST SE,BETWEEEN 202 AV & RANGEVIEW AV,RSM,REGULAR CROSSWALK,2.0,PAINT,NS,-113.9335764569348,50.874450139048896
DALLYN ST NW,DALGLEISH RD NW,SCHOOL,LADDER CROSSWALK,2.0,MMA,NE,-114.15287778424323,51.10662892432601
DALFORD RD NW,DALFORD HILL NW,MIDBLOCK,REGULAR CROSSWALK,1.0,PAINT,MID,-114.15506449323432,51.10717330486467
DALGETTY DR NW,DALGETTY PL NW,REGULAR,REGULAR CROSSWALK,1.0,PAINT,N,-114.15020541975515,51.104339982120415
SHAGANAPPI TR NW,COUNTRY HILLS BLVD NW,SIGNAL,STOP LINE,4.0,PAINT,NSEW,-114.1237342024856,51.1426375359073
52 ST SE,202 AV SE,RSM,REGULAR CROSSWALK,4.0,PAINT,NSEW,-113.92931930209484,50.870505093770866
ABBEYDALE DR NE,ABINGER RD NE,SCHOOL,LADDER CROSSWALK,1.0,MMA,N,-113.92983197343467,51.05551535404263
26 AVE SE,37 ST SE,SCHOOL,LADDER CROSSWALK,1.0,MMA,W,-113.9801894040029,51.03052721584575
26 AVE SE,36 ST SE,SIGNALIZED,RIGHT TURN,1.0,PAINT,E,-113.98159556793185,51.030516808174056
CATALINA BLVD,32 AV NE,MULTIWAYS,RIGHT TURN,2.0,PAINT,NS,-113.93194287925087,51.08152734906383
EDGEMONT BLVD NW,EDGEMONT DR NW,REGULAR,RIGHT TURN,1.0,PAINT,E,-114.15347152792967,51.116983614051875
EDGEMONT DR NW,EDGEMONT HILL NW,REGULAR,REGULAR CROSSWALK,1.0,PAINT,N,-114.14739492514744,51.11414330667191
24 AVE NW,MCLAURIN ST NW & WEST CAMPUS PL NW,SIGNAL,REGULAR CROSSWALK,4.0,MMA,NSEW,-114.14442605671846,51.07402287766669
24 ST SW,98 AVE SW,REGULAR,REGULAR CROSSWALK,4.0,PAINT,NSEW,-114.11787186891982,50.96497254106328
EDGEMONT BLVD NW,EDGEDALE DR NW,CORRIDOR,RIGHT TURN,1.0,PAINT,W,-114.15546987505945,51.11873569207942
9 AVE SE,4 ST SE,DOWNTOWN,STOP X,3.0,MMA,SEW,-114.05323883766518,51.0443328740032
41 AVE NE,6A ST NE,REGULAR,REGULAR CROSSWALK,1.0,PAINT,W,-114.04597880386297,51.09135146872262
13 AVE SW,10 ST SW,SCHOOL,LADDER CROSSWALK,1.0,MMA,N,-114.08654711061442,51.041131125154045
60 ST NE,SKYVIEW RANCH AVE NE,RSM,RIGHT TURN,2.0,PAINT,EW,-113.94663375633725,51.16096808295363
68 ST NE,FALCONRIDGE DR NE,SIGNAL,RIGHT TURN,1.0,PAINT,W,-113.93514445731266,51.101438335926424
33 AVE SW,22 ST SW,SIGNAL,MULTI USE XWALK,1.0,MMA,E,-114.11438653367836,51.02397150288111
MARLBOROUGH WAY NE,MARYVALE DR,SIGNALIZED,LADDER CROSSWALK,1.0,PAINT,N,-113.97693130799553,51.0562253307947
EDGEMONT BLVD NW,EDGEHILL DR NW,CORRIDOR,REGULAR CROSSWALK,2.0,PAINT,NW,-114.15427079189979,51.121580589092986
14 AVE NW,6 ST NW,MULTIWAYS,REGULAR CROSSWALK,4.0,PAINT,NSEW,-114.07573795941487,51.06542387840628
SPILLER RD SE,25 AV SE,SIGNAL,REGULAR CROSSWALK,4.0,PAINT,NSEW,-114.04999749912457,51.02966213342346
BOWNESS RD NW,44 ST NW,REGULAR,MULTI USE XWALK,2.0,MMA,EW,-114.15733400143472,51.07026234191548
"9 ""A"" ST NW",SOUTH OF 2 AVE,MIDBLOCK,REGULAR CROSSWALK,1.0,PAINT,MID,-114.08451443623214,51.05300929032577
EDGEMONT BLVD NW,EDGEPARK BLVD NW,MULTIWAYS,REGULAR CROSSWALK,3.0,PAINT,NSW,-114.15078512298349,51.12526394040872
BOWNESS RD NW,63 ST NW,CORRIDOR,LADDER CROSSWALK,1.0,MMA,E,-114.18000125004842,51.085703833159634
6 ST NE,8 AVE NE,SCHOOL,LADDER CROSSWALK,2.0,MMA,NE,-114.04834056406204,51.05961475388422
PENSACOLA WAY SE,PENSACOLA CR SE,SCHOOL,LADDER CROSSWALK,2.0,MMA,NE,-113.95310862841157,51.04097272924884
6 ST NE,15 AVE NE,SCHOOL,LADDER CROSSWALK,1.0,MMA,S,-114.04833216222681,51.065985952415474
20 AVE NW,11 ST NW,REGULAR,REGULAR CROSSWALK,1.0,PAINT,E,-114.08734582530752,51.07053709525347
SOMERSET DR SW,SOMERSET GA SW,REGULAR,REGULAR CROSSWALK,2.0,PAINT,NS,-114.07696799077904,50.899092353405265
EDGEDALE DR NW,EDGEDALE RD NW,REGULAR,REGULAR CROSSWALK,1.0,PAINT,W,-114.15655954700917,51.11859645257158
SHAWVILLE BLVD SE,SHAWVILLE RISE SE,SIGNAL,REGULAR CROSSWALK,4.0,MMA,NSEW,-114.0668582060366,50.90576913306676
SHAWVILLE BLVD SE,MALL ENTRANCE BY CINEMAS,SIGNALIZED,STOP LINE,3.0,MMA,NSE,-114.0682885144939,50.90836586876831
68 ST NE,FALTON CLOSE  NE,REGULAR,REGULAR CROSSWALK,1.0,PAINT,S,-113.93511254811212,51.103398049156446
8 AVE NE,REGAL CR NE,MULTIWAYS,REGULAR CROSSWALK,4.0,PAINT,NSEW,-114.03679148532811,51.059619303750516
EDGEPARK BLVD NW,EDGEBYNE CR NW,REGULAR,REGULAR CROSSWALK,1.0,PAINT,S,-114.15316848482489,51.1267383924137
13 AVE NE,7 ST NE,REGULAR,REGULAR CROSSWALK,1.0,PAINT,E,-114.04587374284671,51.06416304930505
16 ST SW,40 AVE SW,RSM,REGULAR CROSSWALK,1.0,PAINT,N,-114.10049261348394,51.01812294768781
12 AVE NW,WINDSOR ST NW,REGULAR,REGULAR CROSSWALK,1.0,PAINT,W,-114.12187822196341,51.06178680232675
64 AVE SE,150M W OF 40 ST SE,MID BLOCK,STOP LINE,4.0,PAINT,EW,-113.97926120854645,50.996628603012304
EDGEPARK BLVD NW,EDGEPARK RISE NW,ELDERLY PEDESTRIAN,LADDER CROSSWALK,1.0,PAINT,N,-114.1581603147188,51.13247779577248
SHAWCLIFFE CIRCLE SW,W OF SHAWCLIFFE BAY SW,MIDBLOCK,REGULAR CROSSWALK,1.0,PAINT,MID,-114.08083746549951,50.91214565148784
EDGEPARK BLVD NW,EDGEBYNE CR NW,REGULAR,REGULAR CROSSWALK,1.0,PAINT,S,-114.1560699174734,51.128841715192635
40 ST SE,BETWEEN 58 AVE AND 61 AVE SE RRXING,MID BLOCK,X RRXING,2.0,PAINT,NS,-113.97655822332,50.99995527364566
HIDDEN VALLEY DR NW,HIDDEN VALLEY HEIGHTS NW,REGULAR,REGULAR CROSSWALK,1.0,PAINT,W,-114.10704870292025,51.14682334491904
CROWFOOT CRESCENT NW,200 CROWFOOT GATE NW,RSM,STOP LINE,1.0,MMA,N,-114.2006536650912,51.12901548095654
SADDLETREE DR NE,SADDLETREE CL NE,SCHOOL,LADDER CROSSWALK,2.0,MMA,NW,-113.95491790089623,51.13012864394691
EDGEPARK BLVD NW,EDGEBURN CR NW,SCHOOL,LADDER CROSSWALK,1.0,MMA,N,-114.15790957924759,51.134072601637634
SHAWVILLE WY SE,SHAWVILLE LI SE,RSM,REGULAR CROSSWALK,2.0,MMA,SW,-114.06633614342299,50.89970111388289
162 AVE SW,5 ST SW RRXING,SIGNALIZED,STOP LINE,6.0,PAINT,EW,-114.07041887195079,50.90315695845605
MACLEOD TR S,SOUTHLAND DR SE,SIGNAL,RIGHT TURN,3.0,PAINT,NSE,-114.07156257069481,50.96505896359989
BOWNESS RD NW,49 ST NW,SIGNAL,MULTI USE XWALK,3.0,MMA,SEW,-114.16689672130815,51.075271052998396
10 ST NW,KENSINGTON RD NW,SIGNAL,LADDER CROSSWALK,3.0,MMA,NSW,-114.08590968097916,51.05249424981422
HIDDEN CREEK DR NW,HIDDEN CREEK GREEN NW,REGULAR,LADDER CROSSWALK,1.0,PAINT,E,-114.1042658774463,51.15493939596245
RIVERFRONT AVE SE,1 ST SE,DOWNTOWN,REGULAR CROSSWALK,3.0,MMA,SEW,-114.06009694143027,51.0511536435126
HIDDEN VALLEY DR NW,E OF HIDDEN RDG VIEW NW,MIDBLOCK,REGULAR CROSSWALK,1.0,PAINT,MID,-114.11318863798806,51.15150267238836
EDGEPARK BLVD NW,EDGEBURN CR NW,MULTIWAYS,REGULAR CROSSWALK,4.0,PAINT,NSEW,-114.157193656008,51.135705299038534
EDGEMONT BLVD NW,EDGEVALLEY DR NW,SIGNAL,RIGHT TURN,2.0,PAINT,NS,-114.14489675703085,51.12722222627699
26 AVE SE,39 ST SE,SCHOOL,LADDER CROSSWALK,1.0,MMA,W,-113.97717393792193,51.03054824568433
CASTLERIDGE DR NE,CASTLEBROOK DR NE,REGULAR,REGULAR CROSSWALK,1.0,PAINT,E,-113.96276352261937,51.107425078484894
RADNOR AVE NE,RUSSET RD NE,SCHOOL,LADDER CROSSWALK,2.0,MMA,NS,-114.04261980137838,51.064158022330346
MARLBOROUGH WAY,SHOPPING CENTRE,CORRIDOR,LADDER CROSSWALK,1.0,PAINT,MID,-113.97694143235827,51.0546808383484
MACEWAN GLEN DR NW,MACEWAN PARK VIEW NW,REGULAR,REGULAR CROSSWALK,1.0,PAINT,S,-114.11354110856502,51.13148347128718
MARYVALE DR NE,42 ST NE,REGULAR,REGULAR CROSSWALK,1.0,PAINT,E,-113.97051437548235,51.05617641625514
20 AVE NE,34 ST NE,SIGNAL,STOP LINE,4.0,PAINT,NSEW,-113.98544022231508,51.07131259626169
HERITAGE MEADOWS WAY SE,AT SUPER STORE ENTRANCE,SIGNALIZED,STOP LINE,4.0,PAINT,NSEW,-114.043997770759,50.98586123054473
EDENWOLD DR NW,EDFORTH CR NW,REGULAR,REGULAR CROSSWALK,2.0,PAINT,NS,-114.14500107922096,51.124645672838696
TEMPLE DR NE,TEMPLEMONT DR NE,REGULAR,REGULAR CROSSWALK,1.0,PAINT,W,-113.9557093020894,51.09140175409847
EDENWOLD DR NW,EDELWEISS DR NW,REGULAR,REGULAR CROSSWALK,1.0,PAINT,E,-114.13856377084592,51.121084074629024
EDENWOLD DR NW,EDENWOLD CR NW,SCHOOL,LADDER CROSSWALK,1.0,MMA,S,-114.13838892471578,51.124953283591324
6 AVE SW,11 ST SW,DOWNTOWN,REGULAR CROSSWALK,4.0,MMA,NSEW,-114.08854060267328,51.04815365745379
BEDDINGTON BLVD NE,HUTINGTON RD NE,MIDBLOCK,REGULAR CROSSWALK,1.0,PAINT,E,-114.0592596918661,51.125156177339605
19 AVE SE,33 ST SE,MULTIWAYS,STOP LINE,4.0,PAINT,SNEW,-113.98663495157301,51.036094658100694
EDENWOLD DR NW,EDFORTH WAY NW,REGULAR,REGULAR CROSSWALK,1.0,PAINT,N,-114.13858838811359,51.12622177942422
16 ST SW,38 AVE SW,MULTIWAYS,REGULAR CROSSWALK,4.0,PAINT,NSEW,-114.10048496941899,51.020151710162
WOODPARK BLVD SW,WOODFIELD RD SW,REGULAR,REGULAR CROSSWALK,2.0,PAINT,SE,-114.12444979147786,50.93606741673623
49 AVE SW,5 ST SW,SCHOOL,STOP LINE,2.0,MMA,NS,-114.07642551947909,51.00960180436497
47 AVE SW,6 ST SW,SCHOOL,LADDER CROSSWALK,2.0,MMA,SE,-114.07888847873538,51.011387811059635
EDGEMONT BLVD NW,EDGEBROOK DR NW,SIGNAL,RIGHT TURN,2.0,PAINT,NS,-114.13859453787002,51.12774921588836
EDGEBROOK DR NW,EDGEBANK CIRCLE NW,REGULAR,REGULAR CROSSWALK,1.0,PAINT,S,-114.1384120260677,51.12874767242263
MACEWAN DR NW,MACEWAN PARK GATE NW,REGULAR,REGULAR CROSSWALK,1.0,PAINT,E,-114.1100138809113,51.134517459438136
COUNTRY HILLS RD NW,COUNTRY HILLS DR NW,MULTIWAY STOP,REGULAR CROSSWALK,3.0,PAINT,SEW,-114.07294522879056,51.14544769897478
7  ST NW,MEMORIAL DR NW,SIGNALIZED,STOP LINE,2.0,,EW,-114.07766973202641,51.05576218822044
6 AVE SE,CONFLUENCE WAY SE,MULTIWAY STOP,REGULAR CROSSWALK,3.0,MMA,NEW,-114.04889175475853,51.04705696578201
6 AVE SE,RIVERFRONT LANE SE,RSM,REGULAR CROSSWALK,1.0,MMA,W,-114.05233093444863,51.047159537187405
EDGEBROOK DR NW,EDGEBROOK RD NW,REGULAR,REGULAR CROSSWALK,1.0,PAINT,N,-114.1350576073863,51.1305708002707
DEER RIDGE DR SE,137 AVE SE,SCHOOL,LADDER CROSSWALK,1.0,MMA,N,-114.01662490558532,50.930280393027665
EDGEBROOK DR NW,EDGEBROOK RISE NW,MULTIWAYS,REGULAR CROSSWALK,4.0,PAINT,NSEW,-114.13414127240415,51.13468162145326
EDGEBROOK DR NW,N OF EDGEBROOK CLOSE NW,MIDBLOCK,REGULAR CROSSWALK,1.0,PAINT,MID,-114.13446068611445,51.13235690165231
EDGEBROOK RISE NW,EDGEBROOK CIRCLE NW,REGULAR,REGULAR CROSSWALK,1.0,PAINT,W,-114.12995966617211,51.13268688647164
SHAWVILLE BLVD SE,SHAWVILLE PLACE SE,SIGNALIZED,RIGHT TURN,1.0,MMA,N,-114.06944380004035,50.91032555341733
BOWNESS RD NW,46 ST NW,CORRIDOR,REGULAR CROSSWALK,2.0,MMA,EW,-114.16053611053562,51.07263190638536
17 AVE SW,35 ST SW,SIGNALIZED,STOP LINE,4.0,PAINT,NSEW,-114.1383198270915,51.03782901965116
9 AVE SW,9 ST SW,DOWNTOWN,STOP LINE,2.0,MMA,NW,-114.0837729139774,51.04519180174259
19 AVE SE,32 ST SE,RSM,REGULAR CROSSWALK,1.0,PAINT,N,-113.98805387499495,51.03609053532818
BOWNESS RD NW,66 ST NW,CORRIDOR,REGULAR CROSSWALK,2.0,MMA,NS,-114.18586455851585,51.0883193770318
BOWNESS RD NW,43 ST NW,SIGNALIZED,REGULAR CROSSWALK,4.0,MMA,NSEW,-114.15575622211834,51.069080412184135
BOWNESS RD NW,45 ST NW,RSM,LADDER CROSSWALK,1.0,MMA,S,-114.15894889148231,51.071444199696906
TUSCANY SPRINGS BLVD NW,TUSCARORA CL NW,REGULAR,REGULAR CROSSWALK,2.0,PAINT,NS,-114.23847535080597,51.12687081779784
8 ST NE,20 A AV NE,MULTIWAYS,REGULAR CROSSWALK,4.0,PAINT,NSEW,-114.04527021469103,51.071119636212416
2 AVE SW,2 ST SW,DOWNTOWN,REGULAR CROSSWALK,4.0,MMA,NSEW,-114.06754023035728,51.05137519732029
SHAGANAPPI TR NW,EDGEMONT BLVD NW,SIGNAL,RIGHT TURN,2.0,PAINT,NS,-114.1331835641238,51.126794579206496
36 ST NE,8 AVE NE,SIGNAL,RIGHT TURN,1.0,PAINT,E,-113.9816361463046,51.05953189059057
36 ST NE,4 AVE NE,SIGNAL,RIGHT TURN,4.0,PAINT,NSEW,-113.98167404821022,51.05523330228086
BOWNESS RD NW,52 ST NW,CORRIDOR,STOP LINE,2.0,MMA,NS,-114.17076537875198,51.077382741801465
CROWFOOT WAY NW,150M EAST OF CROWFOOT CIRCLE NW,CORRIDOR,LADDER CROSSWALK,1.0,MMA,E,-114.20508155774084,51.12477972944714
UNIVERSITY AV NW,THIRSK ST NW,RSM,STOP LINE,1.0,MMA,N,-114.14610896592666,51.078154357707284
112 AVE NW,69 ST NW,SIGNALIZED,REGULAR CROSSWALK,1.0,PAINT,E,-114.18770287238964,51.15418806673532
18 ST NW,22 AVE,SCHOOL,LADDER CROSSWALK,2.0,MMA,NE,-114.10461913062869,51.072350612365554
EDGEVALLEY DR NW,EDGEVIEW DR NW,MULTIWAYS,REGULAR CROSSWALK,4.0,PAINT,NSEW,-114.14619522604784,51.12913261234027
EDGEVALLEY CIRCLE NW,EDGEVALLEY CIRCLE NW,SCHOOL,LADDER CROSSWALK,1.0,MMA,N,-114.1451789498045,51.12975798722784
EDGEBROOK BLVD NW,EDGEBRIDGE VIEW NW,REGULAR,REGULAR CROSSWALK,2.0,PAINT,NS,-114.12976937495067,51.13892861637262
NB EXIT TO 9 AVE SW,FR NB 14 ST,REGULAR,LADDER CROSSWALK,1.0,MMA,E,-114.0944994075648,51.04593776299021
52 ST SE,14 AVE SE,SIGNAL,RIGHT TURN,1.0,PAINT,N,-113.95841151639857,51.040970242529795
HAWKWOOD BLVD NW,HAWKSTONE DR NW,MULTIWAYS,REGULAR CROSSWALK,4.0,PAINT,NSEW,-114.1693223388094,51.12959538648487
HAWKWOOD DR NW,HAWKWOOD BLVD NW,MULTIWAY STOP,REGULAR CROSSWALK,4.0,PAINT,NSEW,-114.18360053054028,51.130442610323946
HAWKSTONE DR NW,HAWKSTONE GATE NW,MULTIWAYS,REGULAR CROSSWALK,3.0,PAINT,NEW,-114.17278169917496,51.13518148356069
22 ST SW,34 AVE SW,MULTIWAYS,LADDER CROSSWALK,4.0,MMA,NSEW,-114.11432793992039,51.02318443398313
SILVER SPRINGS BLVD NW,SILVER RIDGE DR NW,SIGNAL,STOP LINE,4.0,PAINT,NSEW,-114.18929972840121,51.10353867731206
4 ST NW,27 AVE NW,REGULAR,REGULAR CROSSWALK,1.0,PAINT,S,-114.07153755238346,51.07694718440145
SILVER SPRINGS BLVD NW,SILVER MEAD RD NW,SIGNALIZED,STOP LINE,4.0,PAINT,NSEW,-114.18859635091853,51.10617812523087
16 AV SE,52 ST SE,RSM,STOP LINE,1.0,PAINT,W,-113.95840168253629,51.03936890642688
ANDERSON RD SW,24 ST SW,SIGNAL,RIGHT TURN,4.0,PAINT,NSEW,-114.11798164320342,50.95050464515846
KINCORA HEIGHTS NW,AT 69 KINCORA HT NW,MID BLOCK,REGULAR CROSSWALK,1.0,PAINT,MID,-114.13379369655766,51.15750018621895
MACLEOD TR SE,9 AVE SE,DOWNTOWN,STOP LINE,2.0,MMA,SW,-114.05817482019812,51.044464480145635
41 ST SE,BETWEEN 16 AVE AND 17 AVE,MID BLOCK,PARKING STALLS,18.0,PAINT,W,-113.9742927890484,51.03874044244821
SILVER SPRINGS BLVD NW,SILVERGROVE DR NW,SCHOOL,LADDER CROSSWALK,1.0,MMA,E,-114.19164651413834,51.10869196071222
54 AVE SE,100M N OF BARLOW TR,MID BLOCK,STOP LINE,4.0,PAINT,NS,-113.99352378753846,51.00546613869128
SILVER SPRINGS BLVD NW,W OF 72 ST NW,SCHOOL,LADDER CROSSWALK,1.0,MMA,MID,-114.19402159860591,51.10869960564305
114 AVE SE,DOUGLAS CENTRE ACCESS,SIGNALIZED,REGULAR CROSSWALK,4.0,PAINT,NSEW,-113.99793842960621,50.95255791772253
SILVER SPRINGS BLVD NW,SILVER RIDGE DR NW,RSM,LADDER CROSSWALK,1.0,PAINT,E,-114.19677937836467,51.10869488860395
52 ST SE,130 AVE SE,SIGNALIZED,RIGHT TURN,1.0,PAINT,W,-113.9580694931793,50.92888452382788
KINCORA GLEN RISE NW,AT 108,MID BLOCK,REGULAR CROSSWALK,1.0,PAINT,MID,-114.13847518542201,51.16307467580883
SILVER SPRINGS BLVD NW,SILVER THORN RD NW,REGULAR,REGULAR CROSSWALK,1.0,PAINT,E,-114.20127170517328,51.11380260686307
SILVER RIDGE DR NW,SILVER CREST DR NW,REGULAR,REGULAR CROSSWALK,2.0,PAINT,EW,-114.19823375778607,51.10346440887564
SILVER RIDGE DR NW,SILVER CREST DR NW,REGULAR,REGULAR CROSSWALK,2.0,PAINT,WS,-114.19431240219618,51.10346444923668
COUNTRY HILLS BLVD NW,COUNTRY HILLS DR NW,SIGNAL,RIGHT TURN,1.0,PAINT,S,-114.07734629144069,51.14752055240434
7 AVE SW,7 ST SW,DOWNTOWN,STOP LINE,4.0,MMA,NSEW,-114.07872408159058,51.046955048908615
BEDDINGTON BLVD NE,BEDDINGTON DR NE,REGULAR,REGULAR CROSSWALK,1.0,PAINT,W,-114.06277220826136,51.125176503271945
52 ST SE,ERIN WOODS DR SE,SIGNAL,RIGHT TURN,1.0,PAINT,N,-113.95840973630212,51.019037993637326
2 AVE S,CENTRE ST S,SIGNAL,LADDER CROSSWALK,4.0,PAINT,NSEW,-114.06264273347021,51.05122384528453
9 AVE SW,3 ST SW,DOWNTOWN,REGULAR CROSSWALK,2.0,MMA,NW,-114.07047144218903,51.04479870065382
MACLEOD TR SE,8 AVE SE,DOWNTOWN,STOP LINE,1.0,MMA,S,-114.05811804634138,51.0454083126622
COUNTRY HILLS BLVD NE,ENT TO COUNTRYHILLS CNT NE,SIGNAL,REGULAR CROSSWALK,3.0,PAINT,NEW,-114.05601364322963,51.15422208940731
SILVERGROVE DR NW,SILVERSTONE PL NW,SCHOOL,LADDER CROSSWALK,1.0,MMA,S,-114.19369456947277,51.11455489563489
SILVERGROVE DR NW,SILVER SPRINGS RISE NW,SCHOOL,LADDER CROSSWALK,1.0,MMA,N,-114.1931782675963,51.11345222861413
3 AVE SW,7 ST SW,DOWNTOWN,STOP LINE,4.0,MMA,NSEW,-114.07845387617022,51.050733384215256
SILVER MEAD RD NW,72 ST NW,SCHOOL,LADDER CROSSWALK,1.0,MMA,E,-114.1916511394208,51.106246549007714
9 AVE SW,2 ST SW,DOWNTOWN,REGULAR CROSSWALK,3.0,MMA,NEW,-114.06805658221826,51.04476359744761
210 AVE SE,LEGACY GATE,RSM,REGULAR CROSSWALK,3.0,PAINT,SEW,-114.01740591579428,50.863130980784995
CANTERBURY DR SW,ELBOW DR SW,SIGNAL,REGULAR CROSSWALK,4.0,PAINT,NSEW,-114.08450969090687,50.9478578992344
75 AVE SW,ABOUT 30M EAST OF KEW ST SW,MIDBLOCK,LADDER CROSSWALK,1.0,PAINT,MID,-114.0943647425118,50.98695833707661
OGDEN RD SE,80 AVE SE,SIGNALIZED,REGULAR CROSSWALK,4.0,PAINT,NSEW,-113.998737775378,50.98139708108894
SILVER MEAD RD NW,SILVER RIDGE DR NW,REGULAR,REGULAR CROSSWALK,1.0,PAINT,S,-114.19806981309273,51.10660892414097
SILVER SPRINGS GATE NW,SILVERDALE DR NW,SIGNALIZED,LADDER CROSSWALK,1.0,PAINT,W,-114.18629148652614,51.103473853229076
114 AVE SE,42 ST,SIGNALIZED,REGULAR CROSSWALK,4.0,PAINT,NSEW,-113.975032108416,50.95048668833619
COUNTRY VILLAGE WAY NE,AT NOTRE DAME SCHOOL PARKING ENTRANCE,RSM,REGULAR CROSSWALK,1.0,PAINT,W,-114.0666835390672,51.15643968632109
SILVERGROVE DR NW,78 ST NW,REGULAR,REGULAR CROSSWALK,1.0,PAINT,E,-114.20001546445117,51.11658125530281
JOHN LAURIE BLVD NW,100 CROWFOOT GATE NW,SIGNAL,REGULAR CROSSWALK,3.0,MMA,SEW,-114.19714143861373,51.128748489769166
33 AVE SW,21 ST SW,CORRIDOR,LADDER CROSSWALK,1.0,MMA,E,-114.11189762732674,51.023990040232356
DEER RUN DR SE,DEERFIELD DR SE,REGULAR,REGULAR CROSSWALK,1.0,PAINT,E,-114.01220848383201,50.917737538535874
OGDEN RD SE,BLACKFOOT TR SE,RSM,STOP LINE,1.0,PAINT,E,-114.03139324203954,51.02942614012892
RIVERFRONT AVE SE,3 ST SE,RSM,REGULAR CROSSWALK,3.0,PAINT,SEW,-114.05529798047237,51.05009044144581
BRAESIDE DR SW,BRANIFF RD SW,SCHOOL,LADDER CROSSWALK,1.0,MMA,N,-114.10307380172189,50.95447411704678
4 AVE S,CENTRE ST S,DOWNTOWN,STOP X,2.0,MMA,S,-114.06274407736784,51.04934239059225
4 AVE SW,3 ST SW,DOWNTOWN,REGULAR CROSSWALK,4.0,MMA,NSEW,-114.07010542917307,51.04953914551973
BOWNESS RD NW,BOW CR/BOWWOOD DR NW,CORRIDOR,LADDER CROSSWALK,1.0,MMA,N,-114.17329426533664,51.08016705842789
COUGAR RIDGE DR SW,77 ST SW,REGULAR,REGULAR CROSSWALK,1.0,PAINT,W,-114.19936652333513,51.06973562026062
BLACKFOOT TR SE,77 AV SE,MID BLOCK,PARKING STALLS,45.0,PAINT,E,-114.052561858945,50.98541242442231
BOWNESS RD NW,33 AVE NW,CORRIDOR,LADDER CROSSWALK,1.0,MMA,S,-114.17327483060176,51.082401015897744
EDCATH RISE NW,AT 32 EDCATH RISE,MIDBLOCK,REGULAR CROSSWALK,1.0,PAINT,MID,-114.13999142255287,51.12316409685857
MCIVOR BLVD SE,NEW BRIGHTON AV SE,SIGNALIZED,REGULAR CROSSWALK,4.0,PAINT,NSEW,-113.93287242123144,50.923019639062765
EDGEDALE DR NW,EDGELAND RD NW,REGULAR,REGULAR CROSSWALK,1.0,PAINT,S,-114.15538505798078,51.126011036814745
DEER RUN BLVD SE,DEERWOOD RD SE/S LEG,REGULAR,REGULAR CROSSWALK,1.0,PAINT,N,-114.00874495182626,50.926787884800575
BOWNESS RD NW,60 ST NW,REGULAR,STOP LINE,1.0,MMA,N,-114.17325988418483,51.083357603211766
36 ST NE,RUNDLEHORN DR NE,SIGNAL,RIGHT TURN,3.0,PAINT,SEW,-113.9817142021871,51.071507858422294
19 ST NE,16 AV NE,SIGNAL,RIGHT TURN,4.0,PAINT,NSEW,-114.01340261270953,51.06698981941016
CENTRE ST N,12 AVE N,SIGNAL,STOP X,2.0,PAINT,SE,-114.06253936287341,51.06334781470133
AT 1416,NUTANA PL NW,RSM,PARKING STALLS,21.0,PAINT,CDS,-114.09361084908161,51.09128015898183
JOHN LAURIE BLVD NW,HAWKWOOD BLVD NW,SIGNAL,RIGHT TURN,1.0,PAINT,N,-114.17010058201102,51.12310455329146
37 ST SE,BETWEEN 17 AND 19 AVE SE,RSM,PARKING STALLS,24.0,PAINT,W,-113.98014537324002,51.03689403264545
BOWNESS RD NW,64 ST NW,CORRIDOR,REGULAR CROSSWALK,1.0,MMA,E,-114.18181951204035,51.086505932993894
BLACKFOOT TR SE,HIGHFIELD RD SE,SIGNAL,STOP LINE,3.0,PAINT,NSW,-114.04789518803723,51.02092953753907
BOWNESS RD NW,AT 4618,CORRIDOR,LADDER CROSSWALK,1.0,MMA,MID,-114.15960781852435,51.07194415398806
4 AVE SW,6 ST SW,DOWNTOWN,STOP LINE,3.0,MMA,NSE,-114.07604673631005,51.04970592475838
DALHOUSIE DR NW,DALFORD RD NW,SIGNAL,REGULAR CROSSWALK,4.0,PAINT,NSEW,-114.15637246297652,51.10552924936656
10 AVE SW,11 ST SW,DOWNTOWN,REGULAR CROSSWALK,4.0,MMA,NSEW,-114.08880341387125,51.04403941545818
42 ST SE,BETWEEN 17 AND 19 AVE,RSM,PARKING STALLS,15.0,PAINT,E,-113.97286924102416,51.03711529189488
RANCHLANDS BLVD NW,RANCHLANDS SCHOOL,SCHOOL,LADDER CROSSWALK,1.0,MMA,MID,-114.17871363649284,51.11819791319237
SHAGANAPPI TR NW,KINCORA GA NW,RSM,STOP LINE,3.0,PAINT,NEW,-114.14876652224773,51.165531858494646
RANCHLANDS BLVD NW,RANCHVIEW DR NW,SIGNAL,RIGHT TURN,2.0,PAINT,EW,-114.1784305268841,51.120076487172035
3 AVE SE,1 ST SE,DOWNTOWN,STOP LINE,2.0,PAINT,NW,-114.06023355475116,51.05020835666092
CASTLERIDGE BLVD NE,REGIONAL PARK ENTRANCE,MIDBLOCK,LADDER CROSSWALK,1.0,PAINT,MID,-113.96898368019386,51.103488794351144
RANCHLANDS BLVD NW,RANCHVIEW DR NW,REGULAR,REGULAR CROSSWALK,1.0,PAINT,W,-114.18169320187955,51.11614116812405
RANCHLANDS BLVD NW,RANCHVIEW RD NW,REGULAR,REGULAR CROSSWALK,1.0,PAINT,E,-114.18531948611387,51.11752053994556
RANCHLANDS BLVD NW,RANCHERO RISE NW,REGULAR,REGULAR CROSSWALK,1.0,PAINT,E,-114.18822192678707,51.11820925396531
17 AV SW,24A ST SW,RSM,REGULAR CROSSWALK,2.0,PAINT,NS,-114.11936655458592,51.037810192034094
3 AVE SW,2 ST SW,DOWNTOWN,REGULAR CROSSWALK,4.0,MMA,NSEW,-114.067614390033,51.05042961518985
RANCHLANDS BLVD NW,RANCHERO DR NW,CORRIDOR,LADDER CROSSWALK,1.0,PAINT,S,-114.19382152971637,51.12055448205489
RANCHLANDS BLVD NW,RANCHLANDS WAY NW,REGULAR,RIGHT TURN,1.0,PAINT,S,-114.19569474186537,51.12290225460921
RANCHVIEW DR NW,AT 6724 RANCHWIEW DR NW,MIDBLOCK,REGULAR CROSSWALK,1.0,PAINT,MID,-114.175924605914,51.11669878298938
36 ST NE,16 AVE NE,SIGNAL,RIGHT TURN,2.0,PAINT,SW,-113.9816834193335,51.068183837725066
RANCHVIEW DR NW,RANCH ESTATES DR NW,REGULAR,REGULAR CROSSWALK,1.0,PAINT,N,-114.17688057634771,51.1196583160268
RANCHVIEW DR NW,RANCHRIDGE RD NW,SCHOOL,LADDER CROSSWALK,1.0,MMA,W,-114.18169149236054,51.12026248505536
2 AVE SW,1 ST SW,DOWNTOWN,REGULAR CROSSWALK,3.0,PAINT,NSE,-114.06510566768354,51.0513095990029
SILVER SPRINGS RD NW,SILVERGROVE DR NW,MULTIWAYS,REGULAR CROSSWALK,4.0,PAINT,NSEW,-114.19164842004854,51.11049010829918
10 AVE SW,10 ST SW,RSM,REGULAR CROSSWALK,1.0,PAINT,S,-114.08636481569506,51.0439068759537
3 AVE SW,3 ST SW,DOWNTOWN,SCRAMBLE CROSSWALK,4.0,MMA,NSEW,-114.07004889169077,51.050482982910445
16 AVE NW,BANFF TR NW,SIGNAL,STOP LINE,3.0,PAINT,NEW,-114.11273830796816,51.06702678082127
SILVER SPRINGS RD NW,E. OF SILVERVALLEY DR NW,CORRIDOR,LADDER CROSSWALK,1.0,PAINT,MID,-114.2034782228055,51.109189690209135
SCURFIELD DR NW,SCENIC COVE DR NW,CORRIDOR,LADDER CROSSWALK,1.0,PAINT,S,-114.2109695283337,51.12094354145605
26 AVE SE,44 ST SE,RSM,REGULAR CROSSWALK,1.0,PAINT,E,-113.97000052776887,51.03054747307168
ALPINE AV SW,VERANDA BV SW,RSM,REGULAR CROSSWALK,4.0,PAINT,NSEW,-114.15753491133648,50.91725348490333
SILVER SPRINGS BLVD NW,54 AVE NW,RSM,PARKING STALLS,35.0,PAINT,W,-114.18988489743757,51.101985172177535
CENTRE ST N,32 AVE N,SIGNAL,REGULAR CROSSWALK,4.0,PAINT,NSEW,-114.06245757721285,51.081510372771966
HOME RD NW,17 AVE NW,REGULAR,REGULAR CROSSWALK,1.0,PAINT,S,-114.16439437003976,51.07415311355183
5 ST SW,22 AVE SW,DOWNTOWN,LADDER CROSSWALK,1.0,PAINT,N,-114.07420104342643,51.033367805406606
UNWIN RD NW,ULSTER RD NW,REGULAR,REGULAR CROSSWALK,1.0,PAINT,W,-114.12775988507686,51.07169907414203
UXBRIDGE DR NW,UTAH DR NW,SCHOOL,LADDER CROSSWALK,1.0,MMA,E,-114.133904696164,51.071481596439725
45 ST SW,8 AVE SW,SCHOOL,LADDER CROSSWALK,4.0,MMA,NSEW,-114.15265912004207,51.04506550054001
5 ST SW,25 AVE SW,DOWNTOWN,STOP X,2.0,PAINT,E,-114.07331539269124,51.0305838293134
VALLEY RIDGE BLVD NW,200M W/VALLEY RIDGE PARK NW,MIDBLOCK,REGULAR CROSSWALK,1.0,PAINT,MID,-114.25967885267217,51.0981092171966
5 ST SW,ROYAL AVE SW,DOWNTOWN,LADDER CROSSWALK,1.0,PAINT,S,-114.07421655648426,51.03481641123557
36 AVE NW,3 ST,MULTIWAYS,REGULAR CROSSWALK,4.0,PAINT,NSEW,-114.06805005620294,51.08497695299501
33 AVE NW,86 ST NW,MULTIWAYS,STOP LINE,3.0,PAINT,NEW,-114.21480848785001,51.091715649933086
SKYVIEW RANCH DR NE,SKYVIEW SHORES MANOR NE,RSM,REGULAR CROSSWALK,1.0,PAINT,E,-113.96085463197733,51.158371909170306
48 AVE NW,81 ST NW,MULTIWAYS,STOP LINE,3.0,PAINT,SEW,-114.20517809954947,51.09587610339864
26 ST SW,16 AVE SW,SCHOOL,LADDER CROSSWALK,1.0,MMA,N,-114.12364804983883,51.03888064215123
TUSCANY DR NW,TUSCANY RIDGE CL NW,SCHOOL,STOP LINE,1.0,MMA,N,-114.25126676915059,51.119186755615104
COVENTRY HILLS WAY NE,190M W/OF COVEWOOD LINK NE,MIDBLOCK,REGULAR CROSSWALK,1.0,PAINT,MID,-114.04802499509883,51.164798383978194
MACDONALD AVE SE,8 ST SE,SIGNAL,STOP X,2.0,PAINT,SW,-114.04194628450944,51.041233257814035
NOSE HILL DR NW,SCENIC ACRES GATE NW,SIGNALIZED,RIGHT TURN,2.0,PAINT,NS,-114.2091338053115,51.11398858747992
EDMONTON TR NE,23 AVE NE,RSM,REGULAR CROSSWALK,1.0,PAINT,N,-114.05633457893202,51.07332892874225
SPILLER RD SE,23 AVE SE,CORRIDOR,REGULAR CROSSWALK,1.0,PAINT,E,-114.04527878352181,51.03298631323779
KENSINGTON RD NW,22 ST NW,CORRIDOR,LADDER CROSSWALK,1.0,PAINT,E,-114.11294728911,51.05248041454214
4 ST NW,HIGHLAND PL NW,REGULAR,REGULAR CROSSWALK,1.0,PAINT,S,-114.07153101454776,51.09484278951988
14 ST NW,20 AVE NW,SIGNAL,REGULAR CROSSWALK,4.0,PAINT,NSEW,-114.09472801276,51.07052734509982
9 ST NW,20 AV NW,CORRIDOR,REGULAR CROSSWALK,2.0,PAINT,NS,-114.0831188957852,51.07054574798612
4 ST NW,30 AVE NW,CORRIDOR,LADDER CROSSWALK,1.0,PAINT,N,-114.07153315619247,51.07962964905065
10 ST NE,2 AVE NE,REGULAR,REGULAR CROSSWALK,1.0,PAINT,N,-114.03773315946883,51.054641629811876
BANFF TR NW,23 AVE NW,REGULAR,STOP LINE,1.0,PAINT,S,-114.11603800994024,51.07120935550266
34 AVE NW,86 ST NW,SCHOOL,STOP LINE,4.0,MMA,NSEW,-114.21389087088767,51.0923751703955
37 ST SW,19 AVE SW,SIGNALIZED,REGULAR CROSSWALK,4.0,PAINT,NSEW,-114.14122808003467,51.036251720272645
COVEPARK DR NE,COVEPARK WAY NE,SCHOOL,LADDER CROSSWALK,1.0,MMA,S,-114.05229389176858,51.16594325490277
8 ST SE,17 AVE SE,REGULAR,REGULAR CROSSWALK,2.0,PAINT,NS,-114.0413600065858,51.03785161587915
TUSCANY HILLS RD NW,TUSCANY HILLS WAY NW,SCHOOL,LADDER CROSSWALK,3.0,MMA,NSE,-114.2424518907714,51.122867563734154
VALLEY RIDGE BLVD NW,90M S OF,SIGNALIZED,STOP LINE,2.0,PAINT,NS,-114.24927237714394,51.09110400658358
RIVERFRONT AVE SE,MACLEOD TR SE,DOWNTOWN,RIGHT TURN,1.0,PAINT,E,-114.05774345041216,51.0506254052258
4 AVE SW,A ST SW,DOWNTOWN,STOP LINE,3.0,MMA,NSE,-114.07151590467451,51.049593093296586
5 AVE SW,CENTRE ST S,DOWNTOWN,STOP X,1.0,MMA,N,-114.06280686660055,51.04838952483502
SORA BV SE,SORA VI SE,RSM,REGULAR CROSSWALK,3.0,PAINT,NSW,-113.88517288447018,50.90869774101405
52 ST SE,106 AVE SE,SIGNALIZED,REGULAR CROSSWALK,4.0,PAINT,NSEW,-113.9583937444189,50.95781139760383
52 ST SE,23 AVE SE,SIGNALIZED,STOP LINE,3.0,PAINT,NSE,-113.95838133270435,51.032092610173294
RIVERFRONT AVE SE,4 AV SE,DOWNTOWN,STOP X,1.0,MMA,E,-114.05287062440304,51.0493377221519
CASTLEBROOK DR NE,CASTLEFALL RD,REGULAR,REGULAR CROSSWALK,1.0,PAINT,E,-113.95890230298647,51.10346731262925
9 ST NE,68 AVE NE,REGULAR,REGULAR CROSSWALK,1.0,PAINT,W,-114.04135417223156,51.11574068123263
2 AVE SW,3 ST SW,SIGNALIZED,STOP LINE,4.0,MMA,NSEW,-114.07000203039593,51.05143899270467
10 AVE SW,2 ST SW,DOWNTOWN,STOP LINE,3.0,MMA,SEW,-114.06814082254648,51.04345805450643
ANDERSON RD SW,WOODPARK BLVD SW,SIGNAL,REGULAR CROSSWALK,3.0,PAINT,SEW,-114.10898934034275,50.9505442538198
4 AVE SW,1 ST SW,DOWNTOWN,REGULAR CROSSWALK,4.0,MMA,NSEW,-114.06524613860525,51.04939582205813
4 AVE SW,2 ST SW,DOWNTOWN,REGULAR CROSSWALK,4.0,MMA,NSEW,-114.06769027859136,51.049473590288756
SHERWOOD BLVD NW,SHERWOOD ST NW,RSM,STOP LINE,1.0,PAINT,E,-114.15040204910653,51.163457911373435
SHERWOOD BLVD NW,SHERVIEW DR NW,SIGNALIZED,RIGHT TURN,4.0,PAINT,NSEW,-114.15959403739913,51.162553399437314
NOSE HILL DR NW,CROWCHILD TR NW,SIGNALIZED,STOP LINE,3.0,PAINT,NSE,-114.20120716304118,51.12124756451253
SHERWOOD BLVD SW,SHERWOOD MT NW,RSM,REGULAR CROSSWALK,1.0,PAINT,E,-114.1554303059433,51.16117654720599
NOSE HILL DR NW,AT 5029 TIM HORTON AND A&W ENTRANCE,SIGNALIZED,STOP LINE,2.0,PAINT,EW,-114.23976386540315,51.10709008362457
TUSCANY SPRINGS BLVD NW,TUSCARORA WAY NW,RSM,REGULAR CROSSWALK,1.0,PAINT,N,-114.23700388365526,51.12894249150957
36 ST NE,12 AVE NE,SIGNAL,RIGHT TURN,3.0,PAINT,NSW,-113.98166387922083,51.062648602379014
ROCKY RIDGE RD NW,ROYAL OAK WAY NW,CORRIDOR,LADDER CROSSWALK,1.0,PAINT,S,-114.23419644693512,51.14871055228564
112 AVE NW,110 AVE NW,RSM,STOP LINE,1.0,PAINT,S,-114.1907074773972,51.154135023694096
11 AVE NW,EAST OF 9 ST NW,SCHOOL,LADDER CROSSWALK,1.0,MMA,MID,-114.08198101754375,51.06235150286067
34 AVE NW,49 ST NW,SIGNAL,STOP X,1.0,PAINT,W,-114.15831261243791,51.083102997237525
144 AV NE,LEWISTON WY NE,RSM,STOP LINE,1.0,PAINT,N,-114.04211255689829,51.183401100652674
112 AVE NW,ROYAL VISTA DR NW,RSM,REGULAR CROSSWALK,1.0,PAINT,S,-114.20103531695248,51.154129073327255
TUSCANY SPRINGS BLVD NW,TUSCANY LRT BUS ENTRANCE,RSM,STOP LINE,1.0,PAINT,E,-114.23710662416559,51.13247835604982
BURNSLAND RD SE,36 AVE SE,SIGNAL,STOP LINE,2.0,PAINT,EW,-114.05900170559588,51.02143180164265
39 AVE SE,BURNSLAND RD SE,SIGNAL,X RRXING,2.0,PAINT,EW,-114.06125617929082,51.01821556449905
144 AV NE,11 ST NE,RSM,STOP LINE,1.0,PAINT,S,-114.03649027073384,51.18330437594408
MAHOGANY BLVD SE,MAHOGANY DR SE,RSM,REGULAR CROSSWALK,3.0,PAINT,NSW,-113.93734607298192,50.89098845447264
5 ST SW,GLENMORE TR - INTERCHANGE,SIGNAL,RIGHT TURN,2.0,PAINT,NW,-114.07677596872085,50.99416167769814
HIDDEN VALLEY DR NW,HIDDEN RIDGE VIEW NW,SCHOOL,LADDER CROSSWALK,1.0,MMA,W,-114.1157579668282,51.15100080254792
114 AVE SE,84 ST SE,SIGNALIZED,STOP LINE,4.0,PAINT,NSEW,-113.91194588625454,50.95056396580106
24 ST SE,QUARRY PARK BV,RSM,REGULAR CROSSWALK,1.0,PAINT,W,-114.00158264791693,50.959449715319984
TUSCANY SPRINGS BLVD NW,TUSCANY LRT ENTRANCE,RSM,STOP LINE,1.0,PAINT,N,-114.23754989042567,51.13305232436577
COUNTRY HILLS BV NW,TWELVE MILE COULEE RD,RSM,STOP LINE,1.0,PAINT,E,-114.25744901639891,51.153954269328544
ROYAL VISTA WY NW,ROYAL VISTA LI NW,RSM,LADDER CROSSWALK,2.0,MMA,NW,-114.20462348480393,51.15279972978616
112 AVE NW,76 ST,SIGNALIZED,STOP LINE,4.0,PAINT,NSEW,-114.19659083810714,51.15417751442126
BERMUDA DR NW,BERNARD DR NW,SCHOOL,LADDER CROSSWALK,2.0,MMA,EW,-114.08044549682116,51.13247249394354
ROCKYVALLEY DR NW,ROCKYLEDGE ST NW,RSM,REGULAR CROSSWALK,1.0,PAINT,W,-114.25481041508148,51.14847502584459
14 AVE SW,7 ST SW,MULTIWAY STOP,REGULAR CROSSWALK,4.0,PAINT,NSEW,-114.07920492280272,51.039987036179696
FALTON DR NE,FALMERE WAY,REGULAR,REGULAR CROSSWALK,1.0,PAINT,N,-113.94183805580403,51.107712062672825
FALTON DR,64 AVE NE,RSM,STOP LINE,4.0,PAINT,NSEW,-113.94070069291821,51.11066775067769
53 ST NW,VARSITY ESTATE GROVE NW,MULTIWAYS,REGULAR CROSSWALK,4.0,PAINT,NSEW,-114.1644861782973,51.09764023389392
14 AVE SW,12 ST SW,DOWNTOWN,REGULAR CROSSWALK,4.0,PAINT,NSEW,-114.09151149844921,51.04032685562593
CASTLERIDGE DR NE,CASTLEDALE CRES NE,REGULAR,REGULAR CROSSWALK,1.0,PAINT,W,-113.95932215524246,51.108014248129166
78 AVE NW,HUNTINGTON ST NW,REGULAR,REGULAR CROSSWALK,1.0,PAINT,S,-114.05406326096221,51.120997495809576
32 AVE NW,MONTANA CR NW,REGULAR,REGULAR CROSSWALK,1.0,PAINT,E,-114.15803311379965,51.081429021001206
36 ST NE,84 AVE NE,RSM,STOP LINE,1.0,PAINT,E,-113.98156371852575,51.12889519225556
14 AVE SW,5 ST SW,DOWNTOWN,REGULAR CROSSWALK,4.0,PAINT,NSEW,-114.07427942861617,51.039849149374824
14 AVE SW,1 ST SW,RSM,REGULAR CROSSWALK,4.0,PAINT,NSEW,-114.06591829722822,51.039596195450414
14 AVE SW,9 ST SW,DOWNTOWN,REGULAR CROSSWALK,4.0,PAINT,NSEW,-114.08411591131227,51.04012221771423
4 ST SW,14 AVE SW,DOWNTOWN,REGULAR CROSSWALK,4.0,PAINT,NSEW,-114.07149078242682,51.039767936474206
VARSITY ESTATES DR NW,VARSITY ESTATES CR NW,REGULAR,REGULAR CROSSWALK,1.0,PAINT,S,-114.17865271373134,51.106376321556105
14 AVE SW,8 ST SW,SIGNALIZED,REGULAR CROSSWALK,4.0,PAINT,NSEW,-114.08166385813863,51.040058888101086
64 AVE NE,MARTINGROVE DR NE,RSM,LADDER CROSSWALK,1.0,PAINT,W,-113.95213264161328,51.11068753424583
114 AVE SE,40 ST SE,SIGNALIZED,RIGHT TURN,2.0,PAINT,SE,-113.97822348509011,50.950524667326306
FALSHIRE DR NE,FALTON DR,MULTIWAY STOP,REGULAR CROSSWALK,4.0,PAINT,NSEW,-113.94097881301109,51.106525374850314
PANATELLA BLVD NW,14 ST NW,SIGNALIZED,STOP LINE,3.0,PAINT,NEW,-114.09009693525213,51.1684701742681
14 AVE SE,1 ST SE,SIGNALIZED,STOP LINE,3.0,PAINT,NEW,-114.06100222051528,51.03947313423339
CASTLEBROOK DR NE,CASTLEGROVE RD NE,SCHOOL,LADDER CROSSWALK,1.0,MMA,S,-113.96275939102047,51.105849386057315
DEER RIDGE DR SE,DEERPOINT RD,REGULAR,REGULAR CROSSWALK,1.0,PAINT,N,-114.02449550857882,50.926437300920895
34 AVE NW,50 ST NW,REGULAR,REGULAR CROSSWALK,1.0,PAINT,S,-114.15999980987371,51.08287968551282
HUNTRIDGE HILL NE,HUNTRIDGE WAY NE,SCHOOL,LADDER CROSSWALK,1.0,MMA,S,-114.06255631197922,51.120405614437544
HUNTRIDGE HILL NE,HUNTRIDGE RD NE,SCHOOL,LADDER CROSSWALK,1.0,MMA,S,-114.06285705500181,51.11879999812795
VARSITY DR NW,VERONICA RD NW,SCHOOL,LADDER CROSSWALK,1.0,MMA,E,-114.16002081716516,51.0936927429421
CASTLEBROOK DR NE,CASTLEBROOK RD NE,SCHOOL,LADDER CROSSWALK,1.0,MMA,W,-113.96197789981609,51.104390418028174
14 AVE SW,10 ST SW,MULTIWAY STOP,REGULAR CROSSWALK,4.0,PAINT,NSEW,-114.08659912567907,51.040202093034424
14 AVE SW,14 ST SW,SIGNAL,REGULAR CROSSWALK,4.0,PAINT,NSEW,-114.09469193871789,51.04041264723514
ARBOUR LAKE DR NW,ARBOUR CREST CLOSE NW,REGULAR,REGULAR CROSSWALK,1.0,PAINT,S,-114.20297309407397,51.13383009793579
69 ST NW,SPY HILL CITY DUMP,RSM,STOP LINE,1.0,PAINT,W,-114.18743390659688,51.156730429856395
COUNTRY HILLS BLVD NW,NOSE HILL DR NW,SIGNAL,RIGHT TURN,4.0,PAINT,NSEW,-114.18194216867104,51.14116408397524
CATALINA BLVD,LAGUNA WAY,MULTIWAY STOP,REGULAR CROSSWALK,4.0,PAINT,NSEW,-113.93124841194962,51.084054289329046
34 AVE SE,9 ST SE,MULTIWAYS,REGULAR CROSSWALK,4.0,PAINT,NSEW,-114.04066704589842,51.02309590705302
9 ST NE,64 AVE,SIGNAL,RIGHT TURN,3.0,PAINT,SWE,-114.04135015157334,51.11056687142183
COUNTRY HILLS BLVD NE,CORNER MEADOWS GATE NE,SIGNALIZED,REGULAR CROSSWALK,4.0,PAINT,NSEW,-113.9337516446485,51.15431151694858
2 AVE SW,5 ST SW,DOWNTOWN,REGULAR CROSSWALK,4.0,MMA,NSEW,-114.07346066282611,51.05152211703108
2 AVE SW,6 ST SW,DOWNTOWN,REGULAR CROSSWALK,4.0,MMA,NSEW,-114.07591458986647,51.05159970623237
12 ST NE,45 AVE NE,SIGNAL,REGULAR CROSSWALK,4.0,PAINT,NSEW,-114.03338101262246,51.09338756179991
11 ST SE,HERITAGE MEADOWS WAY SE,SIGNALIZED,REGULAR CROSSWALK,4.0,PAINT,NSEW,-114.04196285417123,50.98422723957679
52 ST SE,FCL DISTRIBUTION CENTRE ENTRANCE,RSM,RIGHT TURN,2.0,PAINT,SW,-113.95853045783572,51.02576991918185
1 ST SE,RIVERFRONT AVE SE,RSM,CROSSHATCH RIGHT,,PAINT,,-114.06010703180335,51.05032030881593
52 ST SE,126 AVE SE,SIGNAL,RIGHT TURN,2.0,PAINT,SW,-113.95827273998748,50.93419926433507
52 ST SE,54 AVE SE,SIGNAL,STOP LINE,4.0,PAINT,NSEW,-113.95850985184386,51.00379770233419
4 AVE SE,1 ST SE,DOWNTOWN,REGULAR CROSSWALK,4.0,MMA,NSEW,-114.060290291399,51.049264523908924
9 AVE SE,5 ST SE,DOWNTOWN,REGULAR CROSSWALK,1.0,MMA,N,-114.05082398139386,51.0442669692193
MEADOWVIEW RD SW,MOOR ST SW,REGULAR,REGULAR CROSSWALK,1.0,PAINT,W,-114.07853138840403,51.000377768835136
5 ST SW,GLENMORE TR SW,SIGNAL,RIGHT TURN,2.0,PAINT,NW,-114.07662612481025,50.99441028056452
5 ST SW,CHINOOK MALL/SOUTH ACC,SIGNAL,REGULAR CROSSWALK,2.0,PAINT,NE,-114.07626268178963,50.99605064290588
4 AVE SW,5 ST SW,DOWNTOWN,STOP X,1.0,MMA,N,-114.07360258958863,51.04964050965403
4 AVE SE,MACLEOD TR S,DOWNTOWN,REGULAR CROSSWALK,4.0,MMA,NSEW,-114.05785584049279,51.0491926857846
10 AVE SW,9 ST SW,SIGNALIZED,REGULAR CROSSWALK,3.0,MMA,SEW,-114.08387864577469,51.04390758087561
MCKNIGHT BLVD NE,19 ST NE,SIGNAL,STOP X,2.0,PAINT,NS,-114.01156431243608,51.09279619822392
4 AVE SW,9 ST SW,DOWNTOWN,STOP LINE,2.0,MMA,NE,-114.08350482653539,51.049913951203884
RANGEVIEW BV SE,RANGEVIEW GA SE,RSM,STOP LINE,1.0,PAINT,S,-113.92535854334416,50.88497971661238
SCENIC ACRES PARADE NW,SOUTH PARKING LOT,RSM,REGULAR CROSSWALK,1.0,PAINT,W,-114.20849786431954,51.12160752153982
CREEKVIEW DR SW,CREEKSTONE DR SW,RSM,RIGHT TURN,2.0,PAINT,EW,-114.06481645608524,50.85417821867488
ROCKY RIDGE BLVD NW,ROCKY RIDGE DR NW,REGULAR,LADDER CROSSWALK,1.0,PAINT,W,-114.23764318944434,51.14320687981922
CORNERSTONE DR,CORNERSTONE WY NE,RSM,REGULAR CROSSWALK,3.0,PAINT,EWS,-113.93516137875484,51.1506501106922
ROCKYVALLEY DR NW,ROCKY RIDGE DR NW,RSM,REGULAR CROSSWALK,1.0,PAINT,W,-114.25275319552578,51.14866172259321
42 AV SW,16 ST SW,RSM,REGULAR CROSSWALK,2.0,PAINT,NS,-114.10049356942126,51.01604840081101
SPILLER RD SE,21 AVE SE,MULTIWAYS,RIGHT TURN,1.0,PAINT,N,-114.0429500392326,51.034581835564616
29 ST NW,PARKDALE BLVD NW,SIGNAL,STOP LINE,3.0,PAINT,NEW,-114.12956701064591,51.05538249254739
MCKENZIE TOWNE DR SE,ELGIN MEADOWS WAY SE,MULTIWAY STOP,REGULAR CROSSWALK,4.0,PAINT,NSEW,-113.95642257308111,50.91072236264363
SILVERADO BLVD SW,SILVERADO RIDGE LINK SW,SCHOOL,LADDER CROSSWALK,1.0,MMA,E,-114.08529026178859,50.886402421695436
MCIVOR BLVD SE,NEW BRIGHTON WY SE,RSM,REGULAR CROSSWALK,4.0,PAINT,NSEW,-113.94306212401906,50.91406804040943
SILVERADO BLVD SW,SILVERADO CREST PL SW,SCHOOL,LADDER CROSSWALK,1.0,MMA,N,-114.08687522263472,50.88004171322172
52 ST SE,MCIVOR BLVD SE,SIGNALIZED,RIGHT TURN,3.0,PAINT,NEW,-113.95218499937651,50.91281543652272
2 AVE NE,6 ST NE,SCHOOL,STOP LINE,2.0,MMA,NS,-114.04834436538582,51.05467066643493
MASTERS AVE SE,MASTERS RD SE,RSM,REGULAR CROSSWALK,4.0,PAINT,NSEW,-113.92029350005073,50.89293118796312
RANGEVIEW BV SE,MAGNOLIA ST SE,RSM,STOP LINE,4.0,PAINT,NSEW,-113.91763598056943,50.88499295744729
HAWKWOOD BLVD NW,HAWKSBROW DR NW,SCHOOL,LADDER CROSSWALK,1.0,MMA,E,-114.17629297738449,51.13046969155668
194 AV SW,SILVERTON GLEN GA,RSM,REGULAR CROSSWALK,2.0,PAINT,NS,-114.05996307727011,50.872855744211925
130 AVE SE,DEERFOOT TR WB OFF RAMP TO NB DEERFOOT,CORRIDOR,LADDER CROSSWALK,1.0,PAINT,MID,-113.97272004051119,50.93214094276262
RANGEVIEW BV SE,HEIRLOOW PS SE,RSM,RIGHT TURN,4.0,PAINT,NSEW,-113.9228014732142,50.88505535850916
MARINE DR SE,MASTERS AVE SE,RSM,REGULAR CROSSWALK,3.0,PAINT,NSE,-113.92529090433418,50.898380079882216
MARINE DR SE,MAHOGANY RD,RSM,REGULAR CROSSWALK,3.0,PAINT,NSW,-113.92915100798996,50.89463273357595
MAHOGANY RD SE,MAHOGANY BLVD SE,MULTIWAY STOP,STOP LINE,4.0,PAINT,NSEW,-113.93649976929525,50.89461575009703
ALDERSYDE GATE SE,LONGVIEW COMMON SE,SIGNALIZED,STOP LINE,3.0,PAINT,NEW,-114.02980904333039,50.86422683157553
LEGACY VILLAGE RD SE,LEGACY VILLAGE LINK,RSM,REGULAR CROSSWALK,3.0,PAINT,NEW,-114.02873399392533,50.86091408907426
114 AVE SE,35 ST SE,SIGNALIZED,RIGHT TURN,1.0,PAINT,S,-113.9857791000129,50.94962502955678
SILVERADO WAY SW,SILVERADO PLAINS CI SW,RSM,REGULAR CROSSWALK,2.0,PAINT,SE,-114.08388186881021,50.88151122421385
NEW BRIGHTON DR SE,NEW BRIGHTON AVE SE,SCHOOL,STOP LINE,3.0,MMA,NSE,-113.93664986421201,50.92186048509211
YORKVILLE BLVD SW,YORKVILLE AVE SW,RSM,REGULAR CROSSWALK,4.0,PAINT,NSEW,-114.07780472003712,50.875175989638606
MONSERRAT DR NW,13 AV NW,MID BLOCK,LADDER CROSSWALK,1.0,PAINT,MID,-114.17621776068434,51.07676270594818
PANATELLA ST NW,PANORA CL NW,RSM,REGULAR CROSSWALK,1.0,PAINT,S,-114.09142872297062,51.1658891215219
PANATELLA HI NW,PANATELLA RI NW,RSM,REGULAR CROSSWALK,1.0,PAINT,S,-114.08637851178676,51.16670338324101
VARSITY ESTATES DR NW,VARSITY ESTATES CR NW,REGULAR,REGULAR CROSSWALK,1.0,PAINT,N,-114.17865162466882,51.103949364364674
114 AVE SE,BETWEEN 24 AND 29 ST,MID BLOCK,REGULAR CROSSWALK,1.0,PAINT,MID,-113.99738607425144,50.9531186807006
BERMUDA DR NW,BERKSHIRE RD NW,SCHOOL,LADDER CROSSWALK,1.0,MMA,E,-114.08323649915663,51.13243730279751
53 ST NW,VARSITY ESTATES DR NW,MULTIWAYS,REGULAR CROSSWALK,3.0,PAINT,NEW,-114.16651575067002,51.10373599312157
PANATELLA HILL NW,BUFFALO RUBBING STONE ELEMENTARY SCHOOL,SCHOOL,LADDER CROSSWALK,1.0,MMA,MID,-114.08816143469464,51.16787580025197
49 ST NW,N OF 34 AVE NW,CORRIDOR,LADDER CROSSWALK,1.0,PAINT,MID,-114.15893315274964,51.086249947882806
26 AVE NE,RUNDLEHORN DR NE,MULTIWAYS,REGULAR CROSSWALK,4.0,PAINT,NSEW,-113.94098363470421,51.07615784340872
3 AVE SE,IN FRONT OF 122,MID BLOCK,LADDER CROSSWALK,1.0,MMA,MID,-114.06131364978796,51.05022911150551
22 AVE NE,RUNDLEHORN DR NE,REGULAR,REGULAR CROSSWALK,1.0,PAINT,S,-113.94095986477399,51.07262648322251
SCENIC ACRES PARADE NW,KISS AND RIDE ENTRANCE,RSM,REGULAR CROSSWALK,1.0,PAINT,W,-114.20813368784259,51.12195950551518
12 AVE NE,33 ST,MULTIWAYS,REGULAR CROSSWALK,4.0,PAINT,NSEW,-113.98596890205445,51.06267819198764
26 AVE SE,11 ST SE,SIGNAL,REGULAR CROSSWALK,3.0,PAINT,NEW,-114.03675231203711,51.03060058970283
26 AVE SE,DARTMOUTH CIRCLE,RSM,X RRXING,7.0,MMA,NSEW,-114.04084848387824,51.030489027035934
16 AVE SW,14 ST SW,SIGNAL,REGULAR CROSSWALK,4.0,PAINT,NSEW,-114.0946880693637,51.03851432573748
2 AVE SE,28 ST,SIGNAL,REGULAR CROSSWALK,4.0,PAINT,NSEW,-113.9924530691045,51.05000024554069
SCENIC ACRES PARADE NW,SW PARKING LOT ENTRANCE,RSM,STOP LINE,2.0,PAINT,NS,-114.20959667996988,51.12194780683946
CENTRE AVE  N,28 ST,SIGNAL,REGULAR CROSSWALK,3.0,PAINT,SEW,-113.9932997624122,51.05239601338833
3 AVE NE,28 ST,REGULAR,STOP LINE,2.0,PAINT,EW,-113.99329222455886,51.054458609727504
CROWFOOT CIRCLE NW,E OF CROWFOOT PARADE NW,MID BLOCK,REGULAR CROSSWALK,1.0,MMA,E,-114.20658231707012,51.12373710477227
CROWFOOT CIRCLE NW,CROWFOOT PARADE NW,RSM,REGULAR CROSSWALK,4.0,PAINT,NSSE,-114.2078040326018,51.124643564633146
DEER RUN DR SE,DEERPARK RD/DEERSIDE DR,REGULAR,REGULAR CROSSWALK,2.0,PAINT,NS,-114.00839957270861,50.918065439804785
8 AVE NE,33 ST,MULTIWAYS,REGULAR CROSSWALK,4.0,PAINT,NSEW,-113.98600605881559,51.05953410907633
DEER RUN DR SE,DEERCROFT WAY SE,REGULAR,REGULAR CROSSWALK,1.0,PAINT,S,-113.99941490311541,50.919680265855256
GLENMORE TR SE,68 ST SE,SIGNALIZED,STOP LINE,4.0,PAINT,NSEW,-113.9346348934677,50.97953336827578
146 AVE SE,DEER LANE RD/WEST LEG,SCHOOL,LADDER CROSSWALK,1.0,MMA,E,-114.01154458826213,50.92142071163152
5 AVE NE,33 ST,MULTIWAYS,REGULAR CROSSWALK,4.0,PAINT,NSEW,-113.98600681671603,51.05701975140516
MACDONALD AVE SE,EAST SIDE OF MACDONALD BRIDGE,RSM,LADDER CROSSWALK,1.0,PAINT,W,-114.04411181483512,51.04112554109182
5 ST SW,CHINOOK MALL NORTH ACC,SIGNAL,STOP LINE,3.0,PAINT,NSE,-114.07624885962676,50.99961140580245
SUN VALLEY BLVD SE,SUN HARBOUR RD,CORRIDOR,RIGHT TURN,1.0,PAINT,W,-114.02442719849304,50.90072940516379
DERR RUN BLVD SE,CANYON MEADOWS DR SE,MULTIWAYS,RIGHT TURN,1.0,PAINT,E,-114.01019204315593,50.93337264226871
130 AVE SE,46 ST SE,SIGNAL,REGULAR CROSSWALK,3.0,PAINT,NSE,-113.96828965755137,50.93196043466998
COPPERFIELD BLVD SE,COPPERSTONE GATE SE,SCHOOL,STOP LINE,3.0,MMA,NEW,-113.93607107245501,50.91116888690162
DEERFIELD DR SE,DEERSAXSON GATE SE,REGULAR,REGULAR CROSSWALK,1.0,PAINT,N,-114.01694869833293,50.92133416796327
MASTERS RD SE,MAGNOLIA LINK SE,RSM,REGULAR CROSSWALK,3.0,PAINT,SEW,-113.91562874266535,50.89237188571231
130 AVE SE,NEW BRIGHTON ATHLETIC PAR ENTANCE,SIGNALIZED,RIGHT TURN,2.0,PAINT,SE,-113.95073959343148,50.92876115030554
MAHOGANY BLVD SE,MAHOGANY AVE,MULTIWAY STOP,REGULAR CROSSWALK,3.0,PAINT,NSW,-113.9365761815637,50.8969017913297
194 AV SW,SILVERTON ST SW,RSM,RIGHT TURN,1.0,PAINT,N,-114.06637714123862,50.87686227485711
PROMENADE WAY SE,MCKENZIE TOWNE LINK,RSM,REGULAR CROSSWALK,2.0,PAINT,SE,-113.95885396051527,50.91232591097458
197 MAGNILIA HT SE,,MID BLOCK,LADDER CROSSWALK,1.0,PAINT,,-113.91560217591265,50.890663140703424
SHEPARD RD SE,200M S OF SHEPARD PL,RSM,STOP LINE,4.0,PAINT,NS,-113.98492719075125,50.96596598310967
SHERIFF KING ST SW,BELMONT BV SW,RSM,REGULAR CROSSWALK,4.0,PAINT,NSEW,-114.0708690687096,50.87040613805623
MASTERS DR SE,MAHOGANY BV SE,SCHOOL,REGULAR CROSSWALK,1.0,MMA,N,-113.91189038408294,50.89471176001925
LONGVIEW COMMON SE,CAYLEY RD SE,SIGNALIZED,REGULAR CROSSWALK,4.0,PAINT,NSEW,-114.0312488457524,50.86413626898
84 ST SE,VENTURE AV SE,RSM,STOP LINE,3.0,PAINT,NSE,-113.91196449461577,50.97034200156081
MAGNOLIA HEIGHTS SE,MAGNOLIA RD SE,RSM,REGULAR CROSSWALK,3.0,PAINT,SEW,-113.92002161262327,50.8907121538947
LAVENDER RD SE,RANGEVIEW BV SE,RSM,RIGHT TURN,2.0,PAINT,EW,-113.9114385789683,50.884879739649385
WOLF CREEK PA SE,WOLF WILLOW BV SE,RSM,REGULAR CROSSWALK,3.0,PAINT,NSW,-114.00370779261719,50.87339978490192
SILVERADO DR SW,SILVERADO RANGE CL SW,RSM,REGULAR CROSSWALK,1.0,PAINT,S,-114.07798157523752,50.88573101771123
CREEKVIEW DR SW,SHERIFF KING ST SW,RSM,REGULAR CROSSWALK,1.0,PAINT,E,-114.07089323515694,50.854238615640135
LEGACY BV SE,LEGACY MAIN ST SE,RSM,REGULAR CROSSWALK,4.0,PAINT,NSEW,-114.02159314655314,50.86087430686215
MAGNILOA HE SE,MAGNOLIA LI SE,RSM,LADDER CROSSWALK,1.0,PAINT,E,-113.91553428682036,50.891434656926826
194 AV SE,CHAPARRAL VALLEY TC SE,RSM,REGULAR CROSSWALK,2.0,PAINT,EW,-114.01594858902604,50.87797465171928
CREEKSIDE BV,CREEKSTONE DR SW,RSM,REGULAR CROSSWALK,3.0,INLAY,NEW,-114.06485635667613,50.858895066916894
LEGACY GATE,LEGACY CIRCLE,RSM,REGULAR CROSSWALK,4.0,PAINT,NSEW,-114.01731177933424,50.860866894321944
52 AVE SW,19 ST SW,REGULAR,REGULAR CROSSWALK,2.0,PAINT,NS,-114.10645340172265,51.00681039290067
LONGVIEW COMMOM SE,HARTELL WAY SE,MULTIWAY STOP,REGULAR CROSSWALK,4.0,PAINT,NSEW,-114.02802925501103,50.86384179516716
CHAPARRAL VALLEY DR SE,CHAPARRAL VALLEY SQUARE SE,RSM,REGULAR CROSSWALK,3.0,PAINT,SEW,-114.01529805794343,50.88592646507519
130 AVE SE,HYUNDAI ENTRANCE,SIGNALIZED,RIGHT TURN,1.0,PAINT,S,-113.93943002606053,50.92875879949136
SILVERADO BLVD SW,SILVERADO RANCH WAY SW,RSM,REGULAR CROSSWALK,1.0,PAINT,S,-114.08682123356427,50.88529813076202
SILVERADO WAY SW,BY 104 SILVERADO WAY SW,MID BLOCK,REGULAR CROSSWALK,1.0,PAINT,MID,-114.07364004908223,50.881420565040365
194 AVE SE,WOLF WILLOW BLVD,RSM,REGULAR CROSSWALK,2.0,PAINT,SW,-114.00374114099813,50.87760758245439
194 AV SW,BELMONT DR SW,RSM,RIGHT TURN,2.0,PAINT,EW,-114.06291224839114,50.87472143989184
NEW BRIGHTON DR SE,BRIGHTONCREST TC SE,RSM,REGULAR CROSSWALK,1.0,PAINT,E,-113.93838975014359,50.923281693547345
194 AVE SE,CHAPARRAL VALLEY DR,RSM,RIGHT TURN,1.0,PAINT,N,-114.01321020713044,50.87771573586181
SILVERADO WAY SW,SILVERADO DR SW,RSM,REGULAR CROSSWALK,4.0,PAINT,NSEW,-114.07765123195391,50.88153302952552
24 ST SE,86 AVE,RSM,REGULAR CROSSWALK,4.0,PAINT,NSEW,-113.99949340888662,50.97639862173523
37 ST NW,DRYSTONE GA NW,RSM,REGULAR CROSSWALK,4.0,PAINT,NSEW,-114.14107115914723,51.18504763914776
SADDLEBROOK DR NE,SADDLEBROOK CIRCLE NE,RSM,REGULAR CROSSWALK,1.0,PAINT,N,-113.93089412889172,51.133936065822176
SADDLEMONT BLVD NE,SADDLEBROOK DR NE,RSM,REGULAR CROSSWALK,3.0,PAINT,NSW,-113.92942885856606,51.129726045402464
SADDLELAKE DR NE,SADDLEBROOK DR NE,SCHOOL,LADDER CROSSWALK,1.0,MMA,S,-113.9299425438213,51.13217775823358
80 AVE NE,TARADALE DR,RSM,REGULAR CROSSWALK,4.0,PAINT,NSEW,-113.92994624975677,51.125199996073874
PANATELLA BLVD NW,PANAMOUNT HILL NW,RSM,REGULAR CROSSWALK,1.0,PAINT,E,-114.08025296434245,51.16314015771701
114 AVE SE,68 ST SE,SIGNALIZED,REGULAR CROSSWALK,4.0,PAINT,NSEW,-113.93518377233893,50.95049863576041
53 ST NW,VARSITY ESTATES DR NW,RSM,REGULAR CROSSWALK,3.0,PAINT,SEW,-114.1644876643088,51.10282980770777
PANATELLA BLVD NW,PANATELLA CLOSE NW,RSM,REGULAR CROSSWALK,1.0,PAINT,W,-114.07642291802745,51.164227991381665
CRESCENT RD NW,7A ST NW,RSM,REGULAR CROSSWALK,1.0,PAINT,E,-114.07992372769777,51.06081315137843
PANATELLA CIR NW,BY 150 PANATELLA CIR NW,MID BLOCK,REGULAR CROSSWALK,1.0,PAINT,MID,-114.07330252736615,51.16164141348888
VARSITY DR NW,48 ST NW,REGULAR,REGULAR CROSSWALK,1.0,PAINT,W,-114.15750879164558,51.09388000964253
PANATELLA BLVD NW,PANATELLA ST NW,SCHOOL,LADDER CROSSWALK,1.0,MMA,E,-114.0907975331863,51.162895706265346
PANATELLA BLVD NW,PANORA SQUARE NW,RSM,LADDER CROSSWALK,1.0,PAINT,W,-114.09545329785388,51.16819833391147
16 AVE SW,12 ST SW,RSM,REGULAR CROSSWALK,1.0,PAINT,N,-114.09162996433348,51.03841680994727
RUNDLEHILL DR,AT 232,SCHOOL,LADDER CROSSWALK,1.0,MMA,MID,-113.96750638747643,51.07497925971167
44 ST SE,11 AVE SE,CORRIDOR,LADDER CROSSWALK,1.0,PAINT,S,-113.97008479786187,51.04324489967416
26 AVE SW,16 ST SW,REGULAR,REGULAR CROSSWALK,2.0,PAINT,NE,-114.09935941667102,51.03045639077718
26 AVE SW,16 ST SW,REGULAR,REGULAR CROSSWALK,1.0,PAINT,W,-114.09969511148803,51.03043381927869
26 AVE SW,17 ST SW,REGULAR,REGULAR CROSSWALK,1.0,PAINT,E,-114.10206300364942,51.0304429181212
26 AVE SW,17A ST SW,CORRIDOR,REGULAR CROSSWALK,1.0,PAINT,N,-114.10342365803193,51.030447293752175
10 ST NW,CORNWALLIS DR NW,REGULAR,REGULAR CROSSWALK,1.0,PAINT,S,-114.08443688942172,51.0833541879919
9 AVE SE,1 ST SE,DOWNTOWN,REGULAR CROSSWALK,4.0,MMA,NSEW,-114.06065732651605,51.04454237635772
32 AVE NE,2 ST NE,MULTIWAYS,REGULAR CROSSWALK,4.0,PAINT,NSEW,-114.05748510551516,51.081509942481645
ANDERSON RD,14 ST SW,SIGNAL,STOP LINE,4.0,PAINT,NSEW,-114.09474695672218,50.950488106415214
4 ST NE,24 AVE NE,MULTIWAYS,REGULAR CROSSWALK,4.0,PAINT,NSEW,-114.05250564314643,51.07425766403496
MACEWAN DR NW,MACEWAN VALLEY GATE NW,REGULAR,REGULAR CROSSWALK,1.0,PAINT,E,-114.11277382789062,51.140172000006615
5 AVE NW,11A ST NW,RSM,REGULAR CROSSWALK,2.0,PAINT,EW,-114.09027982745934,51.05708653684919
CANTERBURY DR SW,CANOVA RD SW,RSM,REGULAR CROSSWALK,1.0,PAINT,W,-114.08862357702041,50.94799658638458
6 ST NE,20 AVE NE,REGULAR,REGULAR CROSSWALK,1.0,PAINT,S,-114.04833514537624,51.07065166157859
24 AVE NW,23 ST NW,RSM,REGULAR CROSSWALK,1.0,PAINT,S,-114.116150937827,51.07431110205831
24 AVE NW,UPTON PL NW,CORRIDOR,LADDER CROSSWALK,1.0,MMA,E,-114.13555437901634,51.07436015249769
WOODPARK BLVD SW,WOODPARK/WOODSTOCK RD'S,REGULAR,RIGHT TURN,2.0,PAINT,EW,-114.10895860953941,50.94497483388828
MAPLECREEK DR SE,MAPLETON DR SE,SCHOOL,LADDER CROSSWALK,1.0,MMA,S,-114.0411842434433,50.963035551727415
WOODPARK BLVD SW,WOODVIEW DR SW,SIGNAL,REGULAR CROSSWALK,4.0,PAINT,NSEW,-114.1089352130382,50.94150795186034
24 AVE NW,ULRICH RD,REGULAR,REGULAR CROSSWALK,2.0,MMA,EN,-114.13844721191094,51.074336200278715
WOODPARK BLVD SW,WOODGREEN DR SW,SCHOOL,LADDER CROSSWALK,2.0,MMA,NE,-114.10912972546899,50.9385811897564
WOODPARK BLVD SW,WOODSIDE GATE SW,REGULAR,REGULAR CROSSWALK,2.0,PAINT,NW,-114.10961423307614,50.93769746201608
WOODGREEN DR SW,MIDBLOCK AT #88,SCHOOL,LADDER CROSSWALK,1.0,MMA,MID,-114.10744373586746,50.938341357132636
WOODGREEN DR SW,WOODWILLOW CLOSE SW,SCHOOL,REGULAR CROSSWALK,1.0,MMA,W,-114.10557952483946,50.93831620271152
WOODVIEW DR SW,WOODPARK WAY SW,RSM,REGULAR CROSSWALK,1.0,PAINT,W,-114.10678019806103,50.9415423066082
20 AVE NW,20 ST NW,REGULAR,REGULAR CROSSWALK,2.0,PAINT,NW,-114.10800461483045,51.07053125202711
10 AVE SE,MACLEOD TR SE,DOWNTOWN,REGULAR CROSSWALK,4.0,MMA,NSEW,-114.05830467511024,51.0431783241133
202 AV SE,RANGEVIEW ST SE,RSM,REGULAR CROSSWALK,4.0,PAINT,NSEW,-113.92288483848571,50.87050651131247
MARINE DR SE,MAHOGANY LINK SE,SCHOOL,LADDER CROSSWALK,1.0,MMA,N,-113.92530931761901,50.900604704759324
SHERIFF KING ST SW,SILVERADO WAY SW,RSM,REGULAR CROSSWALK,2.0,PAINT,NW,-114.07093957987347,50.88116585906574
DEER RIDGE DR SE,138 AVE SE,REGULAR,REGULAR CROSSWALK,1.0,PAINT,S,-114.02515653759494,50.927096391811276
130 AVE SE,SOUTH TR AUTO MALL BY KIA DEALERSHIP,SIGNALIZED,STOP LINE,3.0,PAINT,SEW,-113.94373145885206,50.92874838523273
24 ST SE,96 AV SE,RSM,REGULAR CROSSWALK,1.0,PAINT,W,-114.0017226243037,50.967493762561375
DEER RIDGE DR SE,136 AVE SE,SCHOOL,LADDER CROSSWALK,2.0,MMA,NS,-114.01697518829529,50.931011336463456
84 ST SE,35M NORTH OF ROCHON AVE SE,MID BLOCK,STOP LINE,4.0,PAINT,NS,-113.91195733061073,50.95301570412872
SILVERADO WAY SW,SILVERADO BLVD SW,SCHOOL,LADDER CROSSWALK,2.0,MMA,SE,-114.08680634500811,50.88151001664066
194 AV SW,902 194 Ave SW,CORRIDOR,STOP LINE,3.0,PAINT,NEW,-114.07353097838353,50.87761890356092
194 AVE SW,SPRUCE MEADOWS WAY SW,RSM,STOP LINE,1.0,PAINT,E,-114.0938358283189,50.877699752869205
114 AVE SE,29 ST SE,SIGNALIZED,REGULAR CROSSWALK,4.0,PAINT,NSEW,-113.99584058919973,50.951140579013355
MCKENZIE TOWNE DR SE,ELGIN RI SE,RSM,REGULAR CROSSWALK,1.0,PAINT,E,-113.96344769203071,50.906697405076585
MAHOGANY GARDEN SE,MARINE DR SE,RSM,REGULAR CROSSWALK,3.0,PAINT,SEW,-113.92915088532385,50.89599618046672
MARINE DR SE,MASTERS AVE,RSM,REGULAR CROSSWALK,3.0,PAINT,SEW,-113.9253144690103,50.89227224474766
NEW BRIGHTON DR SE,BRIGHTONWOODS SE,SCHOOL,LADDER CROSSWALK,2.0,MMA,SW,-113.93608341322002,50.92096467469541
SHEPARD RD SE,500M S OF 86 AV SE,RSM,STOP LINE,4.0,PAINT,NS,-113.99059981633351,50.97248091116156
MASTERS AVE SE,MASTERS COMMON SE,RSM,REGULAR CROSSWALK,3.0,PAINT,SEW,-113.92019140204188,50.89763622105315
27 ST SE,86 AV SE,RSM,STOP LINE,1.0,PAINT,N,-113.99587282120324,50.975938758312395
24 ST SE,QUARRY PARK BLVD SE,SIGNALIZED,RIGHT TURN,1.0,PAINT,W,-114.0016722879387,50.9634845654565
52 ST SE,PENSDALE RD SE,CORRIDOR,LADDER CROSSWALK,1.0,PAINT,S,-113.95838809604872,51.042873120778744
LEGACY VILLAGE LINK SE,NAPHTHA PLAZA,SIGNALIZED,REGULAR CROSSWALK,4.0,PAINT,NSEW,-114.02754475094477,50.861768504726086
146 AVE SE,DEER LANE RD/EAST LEG,SCHOOL,LADDER CROSSWALK,1.0,MMA,W,-114.00858762139048,50.92251555079574
LEGACY VILLAGE RD SE,LEGACY VILLAGE WAY,RSM,REGULAR CROSSWALK,3.0,PAINT,NSW,-114.02474051813827,50.85967419160557
SILVERADO DR SW,SILVERADO SADDLE AV SW,SCHOOL,STOP LINE,1.0,MMA,W,-114.07795309266048,50.88319724424668
84 ST SE,114 AV SE,RSM,REGULAR CROSSWALK,1.0,PAINT,N,-113.91202160003401,50.94758801191195
SHERIFF KING ST SW,BELMONT WY SW,RSM,REGULAR CROSSWALK,4.0,PAINT,NSEW,-114.07085393041699,50.87480760941287
114 AVE SE,450M E OF 89 ST AT RRXING,RSM,STOP LINE,4.0,PAINT,EW,-113.89767974608247,50.950545799876615
MASTERS AVE SE,MASTERS BLVD SE,RSM,REGULAR CROSSWALK,4.0,PAINT,NSEW,-113.91848560800612,50.895310124483935
130 AVE SE,MT DOUGLAS POINT SE,RSM,REGULAR CROSSWALK,1.0,PAINT,E,-113.9875395468992,50.931898545962135
PANATELLA BLVD NW,50M WEST OF PANATELLA CLOSE NW,MID BLOCK,LADDER CROSSWALK,1.0,PAINT,MID,-114.07710483118366,51.1640252358965
83 AVE SE,ARLINGTON DR SE,SCHOOL,LADDER CROSSWALK,2.0,MMA,EW,-114.05850977193654,50.97811869264955
RICHMOND RD SW,42 ST SW,CORRIDOR,LADDER CROSSWALK,1.0,PAINT,W,-114.14812552031968,51.02023602551566
MOUNT ROYAL GATE SW,PEACEKEEPERS GATE SW,SIGNALIZED,STOP LINE,4.0,PAINT,NSEW,-114.12538577378028,51.00871331403115
40 AVE SW,32 ST SW,REGULAR,REGULAR CROSSWALK,2.0,PAINT,EW,-114.13665085239344,51.019032649286885
RICHARD RD SW,WESTMOUNT WAY SW,SIGNALIZED,STOP LINE,4.0,PAINT,NSEW,-114.12690182959501,51.01102547529747
26 AVE SW,26A ST SW,REGULAR,REGULAR CROSSWALK,1.0,PAINT,W,-114.12518407511561,51.03005829604281
CARRINGTON PZ NW,140 AV NW,RSM,REGULAR CROSSWALK,1.0,PAINT,N,-114.09184989496886,51.18151891780038
53 ST NW,40 AVE NW,CORRIDOR,LADDER CROSSWALK,1.0,PAINT,S,-114.16426405795953,51.08849808275144
30 AVE SE,28 ST SE,REGULAR,LADDER CROSSWALK,1.0,PAINT,S,-113.99194751381759,51.02695076672871
12 ST NE,27 AV NE,RSM,LADDER CROSSWALK,1.0,PAINT,S,-114.02525579540483,51.07688263993968
SHERIFF KING ST SW,SILVERADO BLVD SW,SIGNALIZED,RIGHT TURN,1.0,PAINT,W,-114.07117691733151,50.886853488185345
DEER RIDGE DR SE,DEER RIDGE WAY SE,REGULAR,REGULAR CROSSWALK,1.0,PAINT,E,-114.02232339989403,50.92553399258934
CHARLESWOOD DR NW,JOHN LAURIE BLVD NW,MIDBLOCK,LADDER CROSSWALK,1.0,PAINT,MID,-114.11725966350126,51.0963809290664
FALCONRIDGE BLVD NE,FALWORTH WAY,SIGNALIZED,RIGHT TURN,1.0,PAINT,E,-113.95245025094951,51.105105020751886
SUNRIDGE WAY NE,200M WEST OF 29 ST NE,SIGNALIZED,REGULAR CROSSWALK,4.0,PAINT,NSEW,-113.99490539017675,51.069256061012275
FALCONRIDGE BLVD NE,FALWORTH RD,SIGNAL,REGULAR CROSSWALK,4.0,PAINT,NSEW,-113.95624438743592,51.102960536089206
11 ST NE,28 AVE,RSM,REGULAR CROSSWALK,1.0,PAINT,N,-114.02802446101467,51.07737672388588
TARADALE DR NE,FALCONRIDGE BLVD,SIGNAL,RIGHT TURN,2.0,PAINT,EW,-113.94674471633046,51.114145137610414
FALCONRIDGE BLVD NE,FALCONRIDGE DR,SIGNAL,RIGHT TURN,3.0,PAINT,NSW,-113.95834050953422,51.09988783524023
17 AVE SW,5 ST SW,SIGNALIZED,CROSSHATCH RIGHT,5.0,PAINT,NS,-114.07422023657668,51.03801357573115
146 AVE SE,DEERFIELD DR SE,MULTIWAYS,RIGHT TURN,2.0,PAINT,SW,-114.01473035558308,50.92030786350405
DEER RIDGE DR SE S. CMD,@ DEER VALLEY SHOPPING,SIGNAL,REGULAR CROSSWALK,2.0,PAINT,NS,-114.02723993477365,50.93008397190855
DEERFIELD DR SE,DEERFEILD TER/CIRCLE SE,REGULAR,REGULAR CROSSWALK,1.0,PAINT,N,-114.02002035440495,50.92338664471071
DEER RUN BLVD SE,DEERCROSS RD SE S. LEG,REGULAR,REGULAR CROSSWALK,1.0,PAINT,N,-114.00635100196838,50.92538621576146
24 AVE NW,COLLEGIATE RD / WARREN ST,REGULAR,RIGHT TURN,2.0,MMA,N,-114.14134572836291,51.07446166549933
5 ST SW,61 AVE SW,SIGNALIZED,REGULAR CROSSWALK,3.0,PAINT,NSE,-114.07626038822889,50.99781499683247
REGAL CR NE,RUSSET RD NE,MULTIWAYS,REGULAR CROSSWALK,4.0,PAINT,NSEW,-114.04262254945891,51.06326196716753
EDMONTON TR NE,14 AVE NE,SIGNALIZED,STOP LINE,4.0,PAINT,NSEW,-114.05621825503552,51.065114245418606
32 AVE NE,1 ST NE,REGULAR,REGULAR CROSSWALK,4.0,PAINT,NSEW,-114.05994697311202,51.08150824490133
JOHN LAURIE BV NW,19 ST NW,CORRIDOR,STOP LINE,1.0,PAINT,S,-114.10629891555327,51.09279310935957
KENSINGTON RD NW,18 ST NW,CORRIDOR,LADDER CROSSWALK,1.0,PAINT,E,-114.10243853278848,51.05251383684581
8 AVE NE,ROBERT RD NE,RSM,STOP LINE,1.0,PAINT,E,-114.03269698186496,51.05944492295731
CRESCENT RD NW,6A ST NW,RSM,REGULAR CROSSWALK,1.0,PAINT,W,-114.07710904974785,51.062205350781404
MCKENZIE LAKE BLVD SE,MCKENZIE LAKE WAY,SIGNALIZED,LADDER CROSSWALK,1.0,PAINT,N,-113.98440366397,50.91564917419705
24 AVE NW,EXSHAW RD NW,REGULAR,STOP LINE,2.0,PAINT,NS,-114.10802116295675,51.074264380504594
137 AVE SE,DEER RIDGE DR SE,REGULAR,REGULAR CROSSWALK,1.0,PAINT,S,-114.02624998398626,50.928186566625286
MCKENZIE LAKE BLVD SE,MCKENZIE LAKE GATE SE,SIGNALIZED,LADDER CROSSWALK,1.0,PAINT,S,-113.98659630350821,50.91149066968484
MCKENZIE TOWNE BLVD SE,MCKENZIE TOWNE GATE SE,CORRIDOR,REGULAR CROSSWALK,1.0,PAINT,S,-113.96381790976223,50.91626769679168
DEERVIEW DR SE,S. OF 200 DEERVIEW CT,MIDBLOCK,REGULAR CROSSWALK,1.0,PAINT,MID,-114.02082733146523,50.92818361060928
MCKENZIE TOWNE BLVD SE,PRESTWICK BLVD SE,CORRIDOR,REGULAR CROSSWALK,1.0,PAINT,N,-113.96456849761226,50.91689094990668
MCKENZIE TOWNE BLVD SE,INVERNESS GATE SE,CORRIDOR,REGULAR CROSSWALK,1.0,PAINT,S,-113.96454690091515,50.91611967642236
MCKENZIE TOWNE BLVD SE,MCKENZIE TOWNE BLVD,CORRIDOR,REGULAR CROSSWALK,1.0,PAINT,E,-113.96380487545792,50.91672844923481
HARVEST HILLS BLVD NE,PANAMOUNT BLVD NW,SIGNAL,RIGHT TURN,4.0,PAINT,NSEW,-114.07077279935096,51.16015512892074
14 ST NW,7 AVE NW,SIGNALIZED,REGULAR CROSSWALK,2.0,MMA,NE,-114.09474888463193,51.05890091791772
EDMONTON TR NE,MEMORIAL DR,SIGNAL,RIGHT TURN,1.0,MMA,E,-114.05031677111815,51.05070862203068
37 ST SW,33 AVE SW,SIGNALIZED,STOP LINE,3.0,PAINT,NSW,-114.1411470068456,51.02385792721256
4 ST NE,MEMORIAL DR NE,SIGNAL,RIGHT TURN,2.0,MMA,SW,-114.05169179213149,51.05094542445952
SARCEE RD SW,40 AVE SW,REGULAR,REGULAR CROSSWALK,1.0,PAINT,N,-114.13463524410557,51.01783918473646
24 AVE NW,21 ST NW,RSM,REGULAR CROSSWALK,1.0,PAINT,S,-114.11133484818521,51.074311733511834
COLLINGWOOD DR NW,CARMANGAY CRES NW,SCHOOL,LADDER CROSSWALK,1.0,MMA,S,-114.1051376588644,51.08505445624345
LAKE SYLVAN DR,LAKE ONTARIO DR,CORRIDOR,REGULAR CROSSWALK,4.0,PAINT,NSEW,-114.03375089553823,50.942484473216
58 AVE SW,21 ST SW,SCHOOL,LADDER CROSSWALK,1.0,MMA,W,-114.1119047798541,51.00139175074429
28 AVE SW,33 ST SW,SCHOOL,LADDER CROSSWALK,2.0,MMA,SE,-114.1354940011276,51.028497686206336
11 AVE SE,3 ST SE,SIGNALIZED,REGULAR CROSSWALK,4.0,MMA,NSEW,-114.05587384062335,51.04217488856031
SILVERADO BLVD SW,SILVERADO TERRACE SW,SCHOOL,LADDER CROSSWALK,2.0,MMA,SW,-114.0821094127359,50.88655136121199
12 AVE SE,6 ST SE,DOWNTOWN,REGULAR CROSSWALK,2.0,MMA,NW,-114.04835618170614,51.040987773626064
LANGRIVILLE DR SW,LEGSBY RD SW,REGULAR,REGULAR CROSSWALK,1.0,PAINT,W,-114.11291876577316,50.99951633609314
12 AVE SE,3 ST SE,SIGNALIZED,STOP LINE,3.0,MMA,NSW,-114.05593748482298,51.041217815936605
SARCEE RD SW,MURMANSK WAY SW,RSM,REGULAR CROSSWALK,1.0,PAINT,S,-114.1337120623288,51.018835491478605
13 AV SW,CENTRE ST S,RSM,REGULAR CROSSWALK,4.0,PAINT,NSEW,-114.06338677154768,51.040478742424206
10 AVE SE,3 ST SE,RSM,REGULAR CROSSWALK,3.0,PAINT,SEW,-114.05581476639631,51.04309226103189
COVENTRY HILLS BLVD NE,COVENTRY DR NE,SIGNALIZED,STOP LINE,4.0,PAINT,NSEW,-114.0524965062058,51.157258822522564
WOODPARK BLVD SW,117 AVE SW,SCHOOL,RIGHT TURN,1.0,MMA,N,-114.10899203690079,50.94727073313831
26 AVE SW,28 ST SW,REGULAR,REGULAR CROSSWALK,1.0,PAINT,E,-114.12810852799356,51.03004955499649
FORAND ST SW,AT 5510,MID BLOCK,LADDER CROSSWALK,1.0,PAINT,MID,-114.12096876874732,51.0047504029767
49 ST SW,30 AVE SW,SCHOOL,LADDER CROSSWALK,1.0,MMA,N,-114.15815352701553,51.02697851758017
60 ST NE,REDSTONE DR NE,RSM,REGULAR CROSSWALK,1.0,PAINT,W,-113.94637132684892,51.168326307504266
58 AVE SW,E OF LINCOLN DR SW,SCHOOL,LADDER CROSSWALK,1.0,MMA,MID,-114.11451560366541,51.00139281876668
HIDDEN VALLEY DR NW,HIDDEN RANCH CR NW,SCHOOL,LADDER CROSSWALK,1.0,MMA,E,-114.1185110836503,51.15062957923964
"9 ""A"" ST NW",3 AVE (W. OF LRT),REGULAR,REGULAR CROSSWALK,1.0,PAINT,N,-114.08457939979374,51.05560525879856
4 AVE SE,3 ST SE,DOWNTOWN,REGULAR CROSSWALK,2.0,MMA,SE,-114.05539239639856,51.049102543574016
HARVEST HILLS BLVD NE,96 AVE NE,SIGNAL,REGULAR CROSSWALK,4.0,PAINT,NSEW,-114.06920113012455,51.142369009909
GARRISON BLVD SW,YPRESS GREEN SW,SCHOOL,LADDER CROSSWALK,2.0,MMA,SW,-114.11390139522732,51.01849860913829
GARRISON SQUARE SW,MARDA LINK SW,REGULAR,REGULAR CROSSWALK,2.0,PAINT,SE,-114.11355048883215,51.021519816187286
HARVEST PARK RD NE,50M W/HARVEST PK WAY NE,MIDBLOCK,REGULAR CROSSWALK,1.0,PAINT,MID,-114.058288839213,51.15095434347669
VARSITY DR NW,49 ST NW,SCHOOL,LADDER CROSSWALK,1.0,MMA,W,-114.15880914931128,51.09381696543744
SADDLETOWNE CIRCLE NE,SADDLEMONT BLVD NE,CORRIDOR,RIGHT TURN,2.0,PAINT,NS,-113.94470001510652,51.12602104904355
FISH CREEK BLVD SW,EVERSTONE DR SW,SCHOOL,LADDER CROSSWALK,2.0,MMA,SW,-114.10570045319878,50.91759752812935
JAMES MCKEVITT RD SW,FISH CREEK BLVD SW,SIGNALIZED,REGULAR CROSSWALK,4.0,PAINT,NSEW,-114.10006910563544,50.91764007865635
FISH CREEK BV SW,EVERGREEN GA SW,SCHOOL,LADDER CROSSWALK,1.0,MMA,E,-114.10781825713386,50.91765566617221
128 AVE NE,RED EMBERS GATE NE,SIGNALIZED,REGULAR CROSSWALK,4.0,PAINT,NSEW,-113.9577849978865,51.16538471255662
SIROCCO DR SW,SIGNAL HILL DR SW,RSM,REGULAR CROSSWALK,1.0,PAINT,W,-114.17030443166973,51.032587488996356
METIS TR NE,128 AVE NE,SIGNALIZED,STOP LINE,4.0,PAINT,NSEW,-113.96998961738154,51.16536265031894
SIENNA PARK TC SW,SIENNA PARK VW SW,RSM,REGULAR CROSSWALK,1.0,PAINT,S,-114.1822413686098,51.026204940311
SIENNA PARK DR SW,SIENNA PARK VIEW SW,RSM,REGULAR CROSSWALK,2.0,PAINT,SW,-114.18032929370744,51.0259185787624
SIROCCO DR SW,SIMCOE BLVD SW,RSM,STOP LINE,4.0,PAINT,NSEW,-114.18224842436835,51.03053654014809
SIROCCO DR SW,SIGNATURE WAY SW,RSM,REGULAR CROSSWALK,1.0,PAINT,E,-114.17484113315246,51.030754162863495
2 AVE SE,27 ST SE,RSM,REGULAR CROSSWALK,1.0,PAINT,E,-113.99529595889861,51.049006175816416
17 AVE SW,13 ST SW,RSM,STOP LINE,1.0,PAINT,S,-114.09307711910586,51.03780343055797
SPRINGBOROUGH BLVD SW,SPRINGBOROUGH WAY SW,SCHOOL,LADDER CROSSWALK,1.0,MMA,N,-114.19350384797765,51.031349712236974
PUMPHOUSE AVE SW,PUMPHOUSE RD SW,RSM,REGULAR CROSSWALK,2.0,MMA,EW,-114.10749297313616,51.04557010754986
SIERRA MORENA RD SW,34 AVE SW,MULTIWAY STOP,RIGHT TURN,1.0,PAINT,S,-114.18431467423665,51.02329271302491
20 AVE SE,70M EAST OF 11 ST AT cp/RRXING,RSM,STOP LINE,3.0,PAINT,EW,-114.0356450136639,51.03567873529011
GARRISON SQUARE SW,GARRISON GATE SW,REGULAR,REGULAR CROSSWALK,2.0,PAINT,NE,-114.1144991596138,51.021739086008964
28 AVE NE,60 ST NE,REGULAR,STOP LINE,4.0,PAINT,NSEW,-113.94678989995953,51.07798067000897
7 AVE SW,11 ST SW,DOWNTOWN,REGULAR CROSSWALK,3.0,MMA,NSE,-114.08858714878338,51.04723417500308
GARRISON SQUARE SW,GARRISON BLVD SW,REGULAR,REGULAR CROSSWALK,2.0,PAINT,SW,-114.11368126598109,51.02114145782819
10 AVE SW,8 ST SW,DOWNTOWN,STOP LINE,4.0,MMA,NSEW,-114.08141595849398,51.043852218591674
LEGACY CI SE,LEGACY REACH MR SE,SCHOOL,LADDER CROSSWALK,1.0,MMA,W,-114.0066447541321,50.86078314213749
17 AVE SW,77 AVE SW,SIGNALIZED,REGULAR CROSSWALK,2.0,PAINT,SE,-114.19929645094086,51.03794596687228
LEGACY CIRCLE SE,LEGACY VIEW SE,SCHOOL,LADDER CROSSWALK,2.0,MMA,SE,-114.00921841052747,50.86085458172685
COUNTRY HILLS BLVD NW,14 ST NW,SIGNALIZED,RIGHT TURN,4.0,MMA,NSEW,-114.10796855141209,51.14331845868395
16 AVE SW,10 ST SW,RSM,STOP LINE,1.0,PAINT,W,-114.08671019755617,51.038272142850495
CARDELL ST NE,COLGROVE AV/ CHILD AV,REGULAR,REGULAR CROSSWALK,1.0,PAINT,N,-114.03052014543904,51.05556629287296
KELWOOD DR SW,25 AVE SW,RSM,REGULAR CROSSWALK,4.0,PAINT,NSEW,-114.14466416072007,51.03161435840815
6 ST NE,12 AV NE,MULTIWAYS,REGULAR CROSSWALK,4.0,PAINT,NSEW,-114.04834360075353,51.06328540047286
LEGACY VW SE,LEGACY CO SE,SCHOOL,LADDER CROSSWALK,1.0,MMA,N,-114.00923255644028,50.859925070241104
PANAMOUNT BLVD NW,PANAMOUNT DR NW,SIGNALIZED,LADDER CROSSWALK,1.0,PAINT,W,-114.07386823362569,51.15985963883674
CENTRE AV E,23 ST NE,RSM,STOP LINE,1.0,PAINT,N,-114.00408254595739,51.05244808393042
FALCONRIDGE DR NE,FALWOOD WAY / EAST LEG,SCHOOL,LADDER CROSSWALK,2.0,MMA,EW,-113.93915787225507,51.10081935884711
SIROCCO DR SW,SIGNAL HILL HEIGHTS SW,SIGNALIZED,LADDER CROSSWALK,1.0,PAINT,W,-114.1672568539743,51.03268883406913
CHAPARRAL DR SE,CHAPALA GA SE,REGULAR,LADDER CROSSWALK,1.0,PAINT,S,-114.0375189519908,50.87969125714074
23 ST NE,23 AVE NE,SIGNALIZED,REGULAR CROSSWALK,3.0,PAINT,NSE,-114.004135830661,51.07340164135108
MAPLECREEK DR SE,MAPLEMONT RD SE,SCHOOL,LADDER CROSSWALK,1.0,MMA,N,-114.04027437957687,50.96195259526094
7 AVE SE,5 ST SE,DOWNTOWN,REGULAR CROSSWALK,5.0,MMA,NSEW,-114.05069082028882,51.04616072419931
24 AVE NW,UDELL RD NW,SIGNALIZED,LADDER CROSSWALK,1.0,MMA,W,-114.13119228469924,51.074360480489666
37 ST SW,25 AV SW,RSM,REGULAR CROSSWALK,2.0,PAINT,EW,-114.14119606962412,51.03160134048307
5 AVE SW,4 AVE SW,MID BLOCK,REGULAR CROSSWALK,1.0,MMA,E,-114.08718374754568,51.04916847255061
52 AVE SE,20 AVE SE,RSM,REGULAR CROSSWALK,1.0,PAINT,W,-113.95840249015014,51.03552407197058
130 AVE SE,50 ST SE,SIGNALIZED,RIGHT TURN,3.0,PAINT,NEW,-113.96205131797016,50.93179338003863
PRESTWICK CIRCLE SE,PRESTWICK BLVD SE,RSM,LADDER CROSSWALK,1.0,PAINT,S,-113.96580285342336,50.91927700515507
PROMENADE WAY SE,INVERNESS GATE SE,MULTIWAY STOP,REGULAR CROSSWALK,3.0,PAINT,NEW,-113.96527047825094,50.9136875592714
COUNTRY HILLS BLVD NE,60 ST NE,SIGNALIZED,REGULAR CROSSWALK,3.0,PAINT,NEW,-113.94675880578204,51.15420132911977
SCENIC ACRES PARADE NW,CROWCHILD TR,CORRIDOR,LADDER CROSSWALK,1.0,PAINT,MID,-114.206473433975,51.12113379282254
ARBOUR LAKE RD NW,ARBOUR STONE WAY NW,RSM,LADDER CROSSWALK,1.0,PAINT,S,-114.21810721412456,51.13271727827139
19 ST NE,MAYLAND DR NE,SCHOOL,LADDER CROSSWALK,2.0,MMA,NS,-114.01335329136747,51.063875205574305
SCENIC ACRES PARADE NW,KISS AND RIDE ENTRANCE,MID BLOCK,REGULAR CROSSWALK,1.0,PAINT,MID,-114.20773499291093,51.12231847346163
20 AVE NW,15 ST NW,REGULAR,STOP LINE,2.0,PAINT,NS,-114.09718809120571,51.070551612535894
53 ST NW,CROWCHILD TR NW,SIGNAL,STOP X,1.0,PAINT,S,-114.16468560622397,51.10548135058004
CORNERSTONE BLVD NE,CORNERBROOKE GREEN NE,RSM,LADDER CROSSWALK,1.0,PAINT,E,-113.93021650419267,51.15802180543132
PANATELLA BLVD NW,PANTON GATE NW,SCHOOL,LADDER CROSSWALK,1.0,MMA,W,-114.08637711017866,51.16933717431291
MAPLETON DR SE,MAPLEWOOD CR SE,SCHOOL,LADDER CROSSWALK,1.0,MMA,W,-114.04227320304487,50.9626842255292
6 AVE SE,5 ST SE,MULTIWAY STOP,REGULAR CROSSWALK,4.0,MMA,NSEW,-114.0506242330783,51.04710455613223
52 ST NW,HOME RD NW,MID BLOCK,CROSSHATCH LEFT,,PAINT,SB,-114.16874980641168,51.07848021811438
53 ST NW,VARSITY ESTATES DR NW,MULTIWAY STOP,STOP LINE,3.0,PAINT,NSW,-114.16445773198284,51.09647646534485
COUNTRY HILLS BLVD NE,SKYVIEW LINK NE,RSM,RIGHT TURN,2.0,PAINT,NW,-113.9552400065015,51.15443301177579
24 AVE NE,E OF 60 ST,SCHOOL,LADDER CROSSWALK,1.0,MMA,MID,-113.94567753229875,51.07429343634337
6 AVE SE,3 ST SE,DOWNTOWN,STOP X,3.0,MMA,SEW,-114.05552187904802,51.047248470179156
CALIFORNIA BLVD,DEL RAY ROAD,REGULAR,REGULAR CROSSWALK,1.0,PAINT,W,-113.92782049585772,51.0710118886384
8 ST SE,11 AVE SE,RSM,REGULAR CROSSWALK,1.0,PAINT,S,-114.04172633062873,51.040158237385285
55 AVE NE,11 ST,REGULAR,LADDER CROSSWALK,1.0,PAINT,S,-114.0364434589657,51.102210637436436
12 AVE SE,OLYMPIC WAY SE,DOWNTOWN,REGULAR CROSSWALK,4.0,MMA,NSEW,-114.05347518735827,51.04115477633417
COUNTRY HILLS BLVD NE,HARVEST HILLS BLVD NE,SIGNAL,RIGHT TURN,4.0,PAINT,NSEW,-114.06663989375872,51.153283145337554
HARVEST HILLS BLVD NE,HARVEST OAK DR NE,CORRIDOR,LADDER CROSSWALK,1.0,PAINT,N,-114.06457674894504,51.151784862395665
4 ST SW,26 AV SW,SIGNAL,MULTI USE XWALK,1.0,PAINT,S,-114.07151620992467,51.029685631343455
19 ST NE,10 AVE NE,REGULAR,REGULAR CROSSWALK,2.0,PAINT,NS,-114.0133383608408,51.06231913524494
37 ST SW,GRAFTON DR SW,SIGNAL,REGULAR CROSSWALK,3.0,PAINT,NEW,-114.14119184925323,51.01479972867353
17 AVE SE,84 ST SE,SIGNALIZED,STOP LINE,4.0,PAINT,NSEW,-113.90767286542975,51.03787299117216
COUNTRY HILLS BLVD NE,11 ST NE,SIGNALIZED,RIGHT TURN,2.0,PAINT,SE,-114.03200227409039,51.1542997049897
ABERGALE DR NE,ABERGALE PL NE,SCHOOL,LADDER CROSSWALK,1.0,MMA,S,-113.92951125760688,51.0569206466482
BRIDLERIDGE WAY SW,BRIDLERIDGE HT SW,SCHOOL,STOP LINE,1.0,MMA,W,-114.11047383246745,50.90324782489593
ABBEYDALE DR NE,ABOYNE WAY NE,REGULAR,REGULAR CROSSWALK,1.0,PAINT,W,-113.93186828244988,51.06006994241511
53 AVE NE,11 ST,SIGNAL,REGULAR CROSSWALK,4.0,PAINT,NSEW,-114.03645034450139,51.10010875443522
ABBOTSFORD DR,ABINGDON CR  W. LEG,REGULAR,REGULAR CROSSWALK,1.0,PAINT,E,-113.92907859242183,51.063851447057914
CARLETON ST SW,PREMIER WAY SW,TRAFFIC CIRCLE,REGULAR CROSSWALK,4.0,PAINT,NSEW,-114.09025417363881,51.02607102957192
14 ST SW,50 AV SW,RSM,REGULAR CROSSWALK,2.0,PAINT,WS,-114.09479799784864,51.008701148949854
19 AVE SE,37 ST SE,RSM,REGULAR CROSSWALK,2.0,PAINT,NS,-113.98016369140495,51.03628143132954
84 ST SE,BELVEDERE AVE SE,SIGNALIZED,STOP LINE,4.0,PAINT,NSEW,-113.90814678203962,51.04035435328325
3102 GLENMORE CT SE,,RSM,LADDER CROSSWALK,1.0,PAINT,,-113.99593008649894,50.98096137248205
84 ST SE,9 AVE SE,SIGNALIZED,STOP LINE,3.0,PAINT,NSW,-113.9118288191018,51.04430749338701
8 ST SW,AMHERST ST SW,RSM,STOP LINE,1.0,PAINT,E,-114.08301766298075,51.03363054824211
SCARBORO AVE SW,SHELBOURNE ST SW,RSM,REGULAR CROSSWALK,4.0,PAINT,NSEW,-114.10630279224537,51.041778010337744
20 ST SW,38 AVE SW,SCHOOL,STOP LINE,1.0,MMA,E,-114.10920070930145,51.0196764042488
84 ST SE,BELVEDERE DR SE,SIGNALIZED,REGULAR CROSSWALK,4.0,PAINT,NSEW,-113.91063599935958,51.042568001028144
CHARLESWOOD DR NW,24 ST NW,SIGNALIZED,LADDER CROSSWALK,1.0,PAINT,N,-114.12006543470623,51.08691656116404
34 AVE SW,17 ST SW,REGULAR,REGULAR CROSSWALK,1.0,PAINT,W,-114.1034299968262,51.02319129019168
37 ST SW,32 AVE SW,RSM,REGULAR CROSSWALK,2.0,PAINT,EW,-114.14113737878863,51.02538803542085
8 AVE SE,FORLEE DR SE,SIGNALIZED,STOP LINE,1.0,PAINT,N,-113.96134115413994,51.045175915030946
16 AVE SE,50 ST,MULTIWAY STOP,STOP LINE,4.0,PAINT,NSEW,-113.96136924090432,51.039390471928165
19 AVE SE,40 ST SE,REGULAR,REGULAR CROSSWALK,3.0,PAINT,NSE,-113.97574768294714,51.03627962569305
20 ST SW,42 AVE SW,RSM,REGULAR CROSSWALK,3.0,PAINT,SEW,-114.10923561519306,51.016057676734206
16 AV SE,40 ST SE,SCHOOL,LADDER CROSSWALK,1.0,MMA,N,-113.97573628807781,51.039394378099594
24 ST SW,WOODGLEN RISE SW,SIGNALIZED,REGULAR CROSSWALK,4.0,PAINT,NSEW,-114.11796591268015,50.94630510142521
RICHARD RD SW,RICHARD WAY SW,SIGNAL,REGULAR CROSSWALK,4.0,PAINT,NSEW,-114.12943887815385,51.00580332233897
CARLETON ST SW,MONTCALM CR SW,REGULAR,REGULAR CROSSWALK,1.0,PAINT,N,-114.09063041619436,51.027127379901444
17 AV SE,BELVEDERE BV SE,RSM,REGULAR CROSSWALK,1.0,PAINT,N,-113.90207993414217,51.03791042386919
ACADIA DR SE,ANCOURT RD SE,RSM,LADDER CROSSWALK,1.0,PAINT,E,-114.05340633086279,50.97219058735147
37 ST SW,41 AVE SW,CORRIDOR,REGULAR CROSSWALK,1.0,PAINT,W,-114.141150242028,51.017775050009575
SHAWNEE DR SW,6 ST,SIGNALIZED,RIGHT TURN,1.0,PAINT,E,-114.07740458264811,50.92417544760136
CRESCENT RD NW,4 ST NW,RSM,REGULAR CROSSWALK,1.0,PAINT,W,-114.0715286236215,51.061575560270214
CRESCENT RD NW,2 ST NW,RSM,REGULAR CROSSWALK,1.0,PAINT,W,-114.06749090439297,51.05903196922911
COVENTRY HILLS WAY NE,COVEPARK CL NE,SIGNALIZED,LADDER CROSSWALK,1.0,MMA,N,-114.05834849239781,51.164385599167574
16 ST SW,44 AVE SW,SCHOOL,LADDER CROSSWALK,1.0,MMA,S,-114.10049656576732,51.0142327976518
20 ST SW,QUENTIN AV SW,RSM,REGULAR CROSSWALK,1.0,PAINT,S,-114.10937805146472,51.01198551657581
10 ST SW,DORCHESTER AVE SW,MULTIWAYS,REGULAR CROSSWALK,4.0,PAINT,NSEW,-114.08581428435933,51.03041915698255
PROSPECT AVE SW,10 ST SW,MULTIWAY STOP,REGULAR CROSSWALK,4.0,PAINT,NSEW,-114.08580715289354,51.0323984520248
SIENNA PARK DR SW,SIENNA MORENA RD SW,MULTIWAY STOP,REGULAR CROSSWALK,3.0,PAINT,SEW,-114.18389276339525,51.024327700773064
ROYAL AVE SW,7 ST SW,RSM,REGULAR CROSSWALK,4.0,PAINT,NSEW,-114.07935455888548,51.03516811982699
SIGNAL HILL DR SW,SIENNA HTS WAY SW,REGULAR,REGULAR CROSSWALK,1.0,PAINT,E,-114.17893316012989,51.026689373551285
MT KIDD RD SE,MT GIBRALTER PLACE SE,REGULAR,REGULAR CROSSWALK,1.0,PAINT,S,-113.99546523435559,50.90024834224514
COUNCIL WAY SW,10 ST SW,MULTIWAYS,RIGHT TURN,1.0,PAINT,S,-114.08816454575522,51.024524429821305
MT MCKENZIE DR SE,MT. SELKIRK CL SE,REGULAR,REGULAR CROSSWALK,1.0,PAINT,S,-113.98175128447758,50.9177370888038
MT MCKENZIE DR SE,MT ABERDEEN CIRCLE SE,REGULAR,REGULAR CROSSWALK,1.0,PAINT,N,-113.98154022714944,50.927777390569844
PREMIER WAY SW,10 ST SW,MULTIWAYS,RIGHT TURN,2.0,PAINT,EW,-114.08785169889556,51.02560933998519
41 ST SE,DOVERWOOD PL SE,SCHOOL,LADDER CROSSWALK,1.0,MMA,N,-113.9742288139485,51.02958969034525
10 ST SW,34 AVE SW,MULTIWAYS,REGULAR CROSSWALK,4.0,PAINT,NSEW,-114.08805485920209,51.02328283864693
8 ST SW,19 AVE SW,REGULAR,REGULAR CROSSWALK,2.0,PAINT,NS,-114.08181867693875,51.036034842175184
8 ST SW,ROYAL AVE SW,REGULAR,REGULAR CROSSWALK,1.0,PAINT,N,-114.08206346871226,51.035139454249816
8 ST SW,DURHAM AVE SW,REGULAR,REGULAR CROSSWALK,1.0,PAINT,S,-114.08261834303975,51.0343204728194
PREMIER WAY SW,30 AVE SW,MULTIWAYS,STOP LINE,3.0,PAINT,SEW,-114.08341726292352,51.027071280164776
FALCONRIDGE DR NE,FALWORTH RD NE,REGULAR,REGULAR CROSSWALK,1.0,PAINT,W,-113.95075335817928,51.098705618324104
COUNTRY HILLS BLVD NE,BARLOW TR NE,SIGNAL,RIGHT TURN,4.0,PAINT,NSEW,-114.00170748392614,51.15432631024337
MCKENZIE TOWNE BLVD SE,AT MCKENZIE TOWNE CIRCLE (WEST),CORRIDOR,LADDER CROSSWALK,1.0,PAINT,W,-113.96499344650506,50.91650243974275
FALCONRIDGE BLVD NE,FALSHIRE DR,SIGNAL,REGULAR CROSSWALK,4.0,PAINT,NSEW,-113.9497931866384,51.106635334689045
MADIGAN DR NE,8 AVE NE,SCHOOL,LADDER CROSSWALK,2.0,MMA,SE,-113.94053085326809,51.05963774446107
FALCONRIDGE DR NE,FALCONRIDGE CR/EAST LEG,SCHOOL,STOP LINE,1.0,MMA,S,-113.94817909850893,51.099255052615554
CASTLEBROOK DR NE,CASTLEBURY WAY NE,SCHOOL,LADDER CROSSWALK,1.0,MMA,E,-113.96113369562427,51.10384860985854
MT MCKENZIE DR SE,MT MCKENZIE BAY SE,REGULAR,REGULAR CROSSWALK,1.0,PAINT,N,-113.9829246541857,50.93002220972462
53 ST NW,CROWCHILD TR NW,SIGNALIZED,STOP LINE,3.0,PAINT,NSW,-114.16558538455956,51.104658724556415
PANATELLA BLVD NW,PANATELLA HILL NW,SCHOOL,LADDER CROSSWALK,3.0,MMA,SEW,-114.08850891672022,51.16867562440299
76 AVE SE,20 ST SE,SCHOOL,LADDER CROSSWALK,2.0,MMA,EW,-114.01159406398712,50.985036905780674
76 AVE SE,20A ST SE,SCHOOL,LADDER CROSSWALK,4.0,MMA,NSEW,-114.01017375390224,50.98502643370286
78 AVE SE,20A ST SE,SCHOOL,LADDER CROSSWALK,1.0,MMA,N,-114.01016285803404,50.98323034905643
OGDEN RD SE,MILLICAN RD SE,SIGNAL,REGULAR CROSSWALK,2.0,PAINT,SW,-114.00980133632095,50.999637818128576
PEIGAN TR SE,36 ST SE,SIGNAL,RIGHT TURN,1.0,PAINT,S,-113.97705140938899,51.01497799707636
VARSITY ESTATES DR NW,200 VARSITY ESTATES PL NW,REGULAR,REGULAR CROSSWALK,1.0,PAINT,E,-114.17094344878343,51.104599864157954
6 AVE SW,1 ST SW,DOWNTOWN,STOP LINE,3.0,MMA,NSE,-114.06534623933979,51.04753566455839
19 ST SE,MAYNARD RD SE,REGULAR,REGULAR CROSSWALK,1.0,PAINT,S,-114.00843267429265,51.04684812138756
MACDOUGALL RD NE,816 MCDOUGALL RD,RSM,PARKING STALLS,10.0,PAINT,N,-114.04496023799003,51.05085023670911
6 ST NE,32 AV NE,SIGNAL,STOP X,1.0,PAINT,N,-114.04890625001872,51.08843612489483
CENTRE ST N,TACHE AVE NW,CORRIDOR,LADDER CROSSWALK,1.0,PAINT,S,-114.06243133083862,51.10806236283062
SPILLER RD SE,25 AV SE,SIGNAL,RIGHT TURN,1.0,PAINT,S,-114.05210914132584,51.029689068403634
EDMONTON TR NE,41 AVE NE,SIGNAL,RIGHT TURN,2.0,PAINT,NS,-114.05217301997557,51.08965978481534
BOWNESS RD NW,62 ST NW,MID BLOCK,PARKING STALLS,17.0,PAINT,S,-114.17875855499595,51.085061322717486
6 AVE SW,7 ST SW,DOWNTOWN,REGULAR CROSSWALK,4.0,MMA,NSEW,-114.07865806156661,51.04789889730883
SIMCOE BLVD SW,SIMCOE GATE SW,REGULAR,REGULAR CROSSWALK,1.0,PAINT,N,-114.18017261438375,51.03262813195615
DISCOVERY RIDGE BLVD SW,DISCOVERY RIDGE DR,CIRCLE,REGULAR CROSSWALK,4.0,PAINT,NSEW,-114.19999071369885,51.011837358369135
RIVERFRONT AVE SE,RIVERFRONT LANE,RSM,MULTI USE XWALK,1.0,MMA,E,-114.05123124219871,51.04878018745812
4 AVE SW,7 ST SW,DOWNTOWN,REGULAR CROSSWALK,4.0,MMA,NSEW,-114.07854884240884,51.04976516107613
15 AVE SW,11 ST SW,RSM,STOP LINE,3.0,PAINT,NSW,-114.08913220261675,51.03930063544987
5 AVE SW,7 ST SW,DOWNTOWN,REGULAR CROSSWALK,4.0,MMA,NSEW,-114.07860168956785,51.04883664938807
9 AVE SE,6 ST SE,DOWNTOWN,STOP LINE,3.0,MMA,NEW,-114.04834134772206,51.04403663832696
SHAGANAPPI TR NW,NOLAN HILL GA NW,SIGNALIZED,REGULAR CROSSWALK,4.0,PAINT,NSEW,-114.16012630080107,51.18007439973159
CENTRE ST NW,41 AV NW,RSM,REGULAR CROSSWALK,2.0,PAINT,EW,-114.06248118029475,51.08963135386002
355 NOLANRIDGE CO NW,,RSM,PARKING STALLS,23.0,PAINT,,-114.1647331183573,51.16939055941261
17 AVE SW,69 ST SW,SIGNAL,RIGHT TURN,4.0,PAINT,NSEW,-114.18754077395256,51.03784601552117
16 AVE NW,14 ST NW / WEST INT,SIGNAL,RIGHT TURN,2.0,PAINT,SW,-114.0954150218371,51.06692549966529
16 AVE NW,43 ST NW,SIGNALIZED,STOP LINE,3.0,PAINT,NSE,-114.1580281130407,51.06788577788865
16 AVE NW,46 ST NW,CORRIDOR,REGULAR CROSSWALK,4.0,PAINT,NSEW,-114.1627537942218,51.071489556601755
CENTRE ST N,15 AVE N,SIGNALIZED,REGULAR CROSSWALK,2.0,PAINT,NS,-114.06252525772294,51.06601976793232
CENTRE ST N,78 AVE N,SIGNAL,REGULAR CROSSWALK,4.0,PAINT,NSEW,-114.07142096030566,51.122588237870325
115 FAIRVIEW DR SE,,MID BLOCK,PARKING STALLS,6.0,PAINT,,-114.06761246956123,50.98430805855081
17 AVE SW,15 ST SW,CORRIDOR,MULTI USE XWALK,1.0,PAINT,W,-114.09758903575067,51.037797241158835
16 AVE NW,5 ST NW,RSM,PARKING STALLS,6.0,PAINT,E,-114.08130604284435,51.067276413607004
PARKDALE CR NW,3 AVE,RSM,PARKING STALLS,50.0,PAINT,EW,-114.13596111037114,51.05813259910323
SIMCOE BLVD SW,SIMCREST MANOR SW,REGULAR,REGULAR CROSSWALK,1.0,PAINT,N,-114.18120232615885,51.031629198675226
ERIN WOODS DR SE,ERIN PARK DR SE,SCHOOL,STOP LINE,1.0,MMA,E,-113.96719311698723,51.02326893368071
ERIN WOODS DR SE,ERIN PARK CL SE,REGULAR,REGULAR CROSSWALK,1.0,PAINT,S,-113.97319964731932,51.0200774524711
ERIN WOODS DR SE,ERIN WOODS BLVD SE,MULTIWAY STOP,STOP LINE,3.0,PAINT,NSW,-113.973194472572,51.019208893668946
FAIRMOUNT DR SE,FARRELL RD SE,SIGNALIZED,REGULAR CROSSWALK,1.0,PAINT,S,-114.05993111933972,50.98581573890262
144 AVE NW,CARRINGVUE DR NW,RSM,REGULAR CROSSWALK,3.0,PAINT,NSE,-114.07989158557194,51.18337587080714
66 AVE SE,19 ST SE,CORRIDOR,LADDER CROSSWALK,1.0,PAINT,W,-114.01352588451654,50.994121163123566
66 AVE SE,20 ST SE,SCHOOL,LADDER CROSSWALK,1.0,MMA,E,-114.01150477053574,50.99411852805727
20A ST SE,66 AVE SE,SCHOOL,LADDER CROSSWALK,1.0,MMA,W,-114.0101254533067,50.99411703217763
20A ST SE,LYNNWOOD DR SE,SCHOOL,LADDER CROSSWALK,1.0,MMA,N,-114.01016525257356,50.99320348581527
20A ST SE,LYNNDALE ROAD SE,SCHOOL,LADDER CROSSWALK,2.0,MMA,NE,-114.01020781291908,50.98968229362722
20A ST SE,LYNNDALE CR SE,SCHOOL,LADDER CROSSWALK,1.0,MMA,S,-114.0101836424103,50.99143845826291
69 AVE SE,20 ST SE,REGULAR,REGULAR CROSSWALK,1.0,PAINT,E,-114.01160319719214,50.990931152852546
KENSINGTON RD NW,16 ST NW,SIGNALIZED,LADDER CROSSWALK,1.0,PAINT,E,-114.09813387637975,51.05247285843044
MARLBOROUGH WAY,MARLBOROUGH DR,SIGNAL,REGULAR CROSSWALK,4.0,PAINT,NSEW,-113.97507766227076,51.05951222128481
MARLBOROUGH DR,44 ST,REGULAR,REGULAR CROSSWALK,1.0,PAINT,E,-113.9700339890716,51.05953341700766
MARLBOROUGH DR NE,MARCOMBE DR/WEST LEG,REGULAR,REGULAR CROSSWALK,1.0,PAINT,W,-113.96792343825,51.05955175237521
MARBOROUGH WAY NE,MARANDA CL,REGULAR,REGULAR CROSSWALK,1.0,PAINT,S,-113.97507591891726,51.062698098776686
MARLBOROUGH WAY NE,MARBANK DR,MULTIWAY STOP,STOP LINE,3.0,PAINT,SEW,-113.97507897973793,51.06345667409734
MARBANK DR NE,MARDALE DR/WEST LEG,SCHOOL,STOP LINE,1.0,MMA,N,-113.9692851281569,51.06346899922851
MARBANK DR,48 ST NE,SCHOOL,STOP LINE,1.0,MMA,S,-113.96398973399741,51.06328439728528
130 AVE SE,DOUGLASDALE BLVD SE,MULTIWAYS,REGULAR CROSSWALK,4.0,PAINT,NSEW,-113.98363086873428,50.93191131821323
MADIGAN DR NE,MADEIRA DR/EAST LEG NE,SCHOOL,LADDER CROSSWALK,2.0,MMA,SE,-113.94628792492865,51.06326905913294
MADIGAN DR NE,MANORA DR/EAST LEG NE,SCHOOL,LADDER CROSSWALK,1.0,MMA,W,-113.94346279902197,51.063288015751056
130 AVE SE,48 ST SE,SIGNAL,RIGHT TURN,4.0,PAINT,NSEW,-113.96514536465781,50.93200436132451
MADIGAN DR NE,MALVERN GATE,REGULAR,REGULAR CROSSWALK,1.0,PAINT,N,-113.94113128341189,51.0569600650114
MADIGAN DR NE,4 AVE NE,SCHOOL,LADDER CROSSWALK,2.0,MMA,NW,-113.94180938386948,51.05576154860924
PRESTWICK AVE SE,PRESTWICK CIRCLE,SCHOOL,LADDER CROSSWALK,2.0,MMA,SE,-113.96073944886203,50.92218766106663
MAIDSTONE DR  NE,MADIERA GATE,REGULAR,REGULAR CROSSWALK,1.0,PAINT,S,-113.94829029691766,51.059367520748495
DEER RUN BLVD SE,DEERMOSS CRES SE,REGULAR,REGULAR CROSSWALK,1.0,PAINT,N,-114.01088931114025,50.92900790220527
PRESTWICK CIRCLE SE,80M SOUTH OF PRESTWICK AVE SE,SCHOOL,LADDER CROSSWALK,1.0,MMA,MID,-113.96073671952189,50.921442305575376
MCKENZIE TOWNE DR SE,INVERNESS PARK SE,SCHOOL,LADDER CROSSWALK,1.0,MMA,S,-113.96918915285958,50.91064754087459
MCKENZIE TOWNE DR SE,INVERNESS PARK SE,SCHOOL,LADDER CROSSWALK,2.0,MMA,SW,-113.96918871072292,50.911478782091415
66 AVE SW,LEGARE DR SW,CORRIDOR,LADDER CROSSWALK,1.0,PAINT,W,-114.12659801727271,50.994605982849635
5 AVE SE,1 ST SE,DOWNTOWN,REGULAR CROSSWALK,4.0,MMA,NSEW,-114.06035313087594,51.048311659440266
53 ST NW,VARSITY DR NW,SCHOOL,LADDER CROSSWALK,4.0,MMA,NSEW,-114.16446078712795,51.09329101522343
COVENTRY DR NE,COVINGTON CLOSE NE,CORRIDOR,LADDER CROSSWALK,1.0,PAINT,N,-114.04310567363903,51.161693986958454
MORLEY TR,28 AVE NW,SCHOOL,LADDER CROSSWALK,1.0,MMA,E,-114.11435407705754,51.07874984800264
32 AVE NW,31 ST NW,RSM,REGULAR CROSSWALK,1.0,PAINT,N,-114.12920691375838,51.08174169313839
48 AVE NW,77 ST NW,MULTIWAYS,REGULAR CROSSWALK,1.0,PAINT,W,-114.19932815875883,51.09587962318013
41 AVE SW,GRAFTON DR SW,SCHOOL,LADDER CROSSWALK,2.0,MMA,SE,-114.14844536728556,51.016684700618974
SCURFIELD DR NW,SCANLON PL NW,REGULAR,REGULAR CROSSWALK,1.0,PAINT,E,-114.2188757636713,51.12378762476164
VARSITY ESTATES DR NW,VARSITY ESTATES CLOSE NW,REGULAR,REGULAR CROSSWALK,1.0,PAINT,W,-114.17461532429738,51.10711707386012
66 AVE SE,18 ST SE,SCHOOL,REGULAR CROSSWALK,2.0,MMA,EW,-114.01555122443487,50.99414692041847
18 ST SE,69 AVE SE,CORRIDOR,REGULAR CROSSWALK,1.0,PAINT,E,-114.01549446555131,50.990945076303404
TUSCANY BLVD NW,TUSCANY WAY NW,SIGNAL,RIGHT TURN,4.0,PAINT,NSEW,-114.2460389327169,51.12397651941422
TUSSLEWOOD DR NW,TUSSLEWOOD HT NW,REGULAR,REGULAR CROSSWALK,1.0,PAINT,N,-114.25093678506695,51.13612076846361
NOSE HILL DR NW,SCENIC ACRES BLVD NW,SIGNAL,RIGHT TURN,2.0,PAINT,SW,-114.20507618816995,51.11784877977589
18 ST SE,LYSANDER DR SE,REGULAR,REGULAR CROSSWALK,1.0,PAINT,N,-114.01554638839428,50.98797774063967
EDMONTON TR NE,20 AVE NE,SIGNAL,REGULAR CROSSWALK,4.0,PAINT,NSEW,-114.05612743097495,51.070626151683186
EDMONTON TR NE,24 AVE NE,CORRIDOR,REGULAR CROSSWALK,2.0,PAINT,EW,-114.05617612335516,51.07423927123572
6 AVE SE,1 ST SE,DOWNTOWN,STOP LINE,2.0,MMA,NE,-114.06044851064894,51.04737389598552
MACLEOD TR S,5 AVE SE,RSM,PARKING STALLS,1.0,PAINT,E,-114.05782281729567,51.04873144820008
VERMILLION ST NE,24 AVE NE,REGULAR,REGULAR CROSSWALK,1.0,PAINT,S,-114.01621768175183,51.0742684136419
ZOO RD NE,MEMORIAL DR,SIGNALIZED,REGULAR CROSSWALK,1.0,MMA,S,-114.03617167901548,51.0476444921135
UNIVERSITY DR NW,UNWIN RD NW,SIGNAL,REGULAR CROSSWALK,3.0,PAINT,NSW,-114.12641963315647,51.07218533737029
29 ST SW,RICHMOND RD SW,RSM,STOP LINE,1.0,PAINT,E,-114.12953792111547,51.025955798465574
42 AVE SE,39 AVE SE,SIGNALIZED,REGULAR CROSSWALK,3.0,PAINT,NEW,-114.05756401065537,51.01593949870964
VARSITY ESTATES DR NW,E. OF 1000 VARSITY ESTATES PL NW,MIDBLOCK,REGULAR CROSSWALK,1.0,PAINT,MID,-114.17315899007606,51.0986315222454
4 ST NW,18 AVE NW,REGULAR,REGULAR CROSSWALK,1.0,PAINT,N,-114.07153348796025,51.06877615198613
VARSITY DR NW,VALANCE CR NW,SCHOOL,LADDER CROSSWALK,1.0,MMA,E,-114.16301873929424,51.09330974917559
40 AVE NW,CENTRE B ST NW,REGULAR,REGULAR CROSSWALK,1.0,PAINT,E,-114.06384591121413,51.0887321705429
MACLEOD TR S,4 AVE SE,RSM,PARKING STALLS,11.0,PAINT,E,-114.05773356510103,51.049785660069944
56 ST NE,24 AVE NE,REGULAR,REGULAR CROSSWALK,1.0,PAINT,S,-113.95264680501283,51.07429103455
56 ST NE,23 AVE NE,MULTIWAYS,REGULAR CROSSWALK,3.0,PAINT,NSW,-113.95264350524477,51.07353527189472
CATALINA BLVD,PASADENA GARDENS,SCHOOL,LADDER CROSSWALK,2.0,MMA,NS,-113.93140961340636,51.076976847454105
CATALINA BLVD,COSTA MESA CLOSE,REGULAR,REGULAR CROSSWALK,1.0,PAINT,N,-113.93086138566665,51.08636093494255
16 AVE NW,14 ST NW / EAST INT,SIGNAL,RIGHT TURN,2.0,PAINT,NE,-114.09401786221788,51.06688763258116
16 AVE NW,7 ST NW,REGULAR,REGULAR CROSSWALK,2.0,PAINT,NS,-114.07895070599893,51.06694335051911
16 AVE NW,8 ST NW,SIGNALIZED,STOP LINE,3.0,PAINT,NEW,-114.08140001822609,51.06694167065368
16 AVE NE,52 ST NE,MIDBLOCK,REGULAR CROSSWALK,1.0,PAINT,MID,-113.9588387578041,51.065992469405025
WHITEHORN DR NE,49 ST NE,MULTIWAYS,REGULAR CROSSWALK,3.0,PAINT,NEW,-113.96251769511812,51.08585954207199
CENTRE ST N,BEDDINGTON DR N,MULTIWAYS,STOP LINE,4.0,PAINT,NSEW,-114.07143969275774,51.1289863263546
SHAGANAPPI TR NW,SAGE HILL BLVD NW,SIGNALIZED,RIGHT TURN,2.0,PAINT,NE,-114.15285744547583,51.170431211833545
CENTRE ST N,43 AVE N,CORRIDOR,LADDER CROSSWALK,1.0,PAINT,S,-114.06241775968098,51.091406038974434
16 AVE NE,5 ST NE,SIGNALIZED,STOP LINE,3.0,PAINT,SEW,-114.05078785121569,51.06697955510097
16 AVE NE,52 ST NE,MIDBLOCK,STOP LINE,3.0,PAINT,NSE,-113.95869863992061,51.06809440129785
16 AVE NE,6 ST NE,SIGNAL,REGULAR CROSSWALK,4.0,PAINT,NSEW,-114.04834737706608,51.0669805899127
SHAGANAPPI TR NW,SYMONS VALLEY PARKWAY NW,SIGNALIZED,REGULAR CROSSWALK,4.0,PAINT,NSEW,-114.15191402275934,51.16806171187983
16 AV NW,CROWCHILD TR NW,RSM,REGULAR CROSSWALK,1.0,PAINT,N,-114.11742049391916,51.06718207854182
36 ST NE,16 AVE NE,SIGNAL,RIGHT TURN,1.0,PAINT,S,-113.98172063904671,51.06562842007164
CENTRE ST N,68 AVE N,CORRIDOR,LADDER CROSSWALK,1.0,PAINT,S,-114.06460091018613,51.11345523694624
CENTRE ST S,MEMORIAL DR NE,SIGNAL,STOP X,2.0,PAINT,SW,-114.06247714450187,51.05377118157098
16 AVE NW,UNIVERSITY DR NW,RSM,REGULAR CROSSWALK,1.0,PAINT,N,-114.12161088986053,51.06757277040257
16 AVE NW,CROWCHILD TR NW,RSM,REGULAR CROSSWALK,1.0,PAINT,N,-114.11865967710321,51.06720426341732
SHAGANAPPI TR NW,SAGE VALLEY CM NW,MID BLOCK,RIGHT TURN,2.0,PAINT,NS,-114.16076294658639,51.18160925397122
BEDDINGTON BLVD NW,BERMUDA DR NW,SIGNAL,RIGHT TURN,2.0,PAINT,NS,-114.0771691697516,51.12737825559063
16 AVE NE,1 ST NE,SIGNALIZED,STOP LINE,4.0,PAINT,NSEW,-114.05993079860916,51.066986368050436
BERMUDA DR NW,PATH W OF BERNARD NW,SCHOOL,LADDER CROSSWALK,1.0,MMA,MID,-114.08130828092963,51.13243311888876
16 AVE NW,17 ST NW,SIGNALIZED,STOP LINE,4.0,PAINT,NSEW,-114.10209274435671,51.06701224022636
CENTRE ST N,MCKNIGHT BLVD N,SIGNAL,STOP X,2.0,PAINT,NS,-114.06241490844339,51.09603250166948
48 ST SE & 130 AV SE,126 AV SE,MID BLOCK,STOP LINE,2.0,PAINT,NS,-113.96520832807373,50.93379869350577
COVENTRY DR NE,COVENTRY GREEN NE,REGULAR,REGULAR CROSSWALK,1.0,PAINT,W,-114.05026160981515,51.15719616162819
37 ST NW,SAGE HILL GATE NW,SIGNALIZED,REGULAR CROSSWALK,4.0,PAINT,NSEW,-114.14115928415006,51.170776064090056
144 AVE NW,LUCAS BLVD NW,RSM,REGULAR CROSSWALK,2.0,PAINT,NS,-114.07559474363491,51.18340899805518
144 AVE NE,LIVINGSTONE GATE NE,RSM,REGULAR CROSSWALK,2.0,PAINT,NS,-114.06487934597084,51.18346632105039
SPRUCE DR SW,WORCESTER DR SW,RSM,REGULAR CROSSWALK,1.0,PAINT,S,-114.15924347423491,51.05233800418968
66 AVE SW,37 ST SW,MULTIWAY STOP,STOP LINE,4.0,PAINT,NSEW,-114.14096869442383,50.99457854913336
72 AVE NE,HUNTRIDGE HILL NE,SCHOOL,LADDER CROSSWALK,1.0,MMA,E,-114.06332711911672,51.11799106076117
COUNTRY HILLS BLVD NW,EDGERIDGE GATE NW,CORRIDOR,RIGHT TURN,1.0,PAINT,S,-114.14569793864408,51.138526410784685
53 AVE SE,85M WEST OF 4 ST SE,RSM,X RRXING,2.0,PAINT,EW,-114.05498903539771,51.00594968733862
HAWKWOOD BLVD NW,HAWKSIDE PARK NW,SCHOOL,LADDER CROSSWALK,1.0,MMA,E,-114.17813386394053,51.129995399859624
BOWNESS RD NW,48 ST NW,RSM,MULTI USE XWALK,1.0,PAINT,E,-114.16366487832936,51.07502528435057
16 AV NW,BOWNESS RD NW,MID BLOCK,LADDER CROSSWALK,1.0,PAINT,SB,-114.15180216540853,51.064460683405194
HAWKWOOD BLVD NW,HAWKDALE CL NW,SCHOOL,LADDER CROSSWALK,1.0,MMA,E,-114.18068191148939,51.130429716705194
CENTRE ST N,LIVINGSTON AV NE,RSM,STOP LINE,2.0,PAINT,EW,-114.071305181981,51.18666375672896
Bergen RD NW,Bermuda DR NW,RSM,REGULAR CROSSWALK,1.0,PAINT,E,-114.07499786691228,51.12940827234637
HAWKWOOD DR NW,HAWKSIDE RD NW,REGULAR,REGULAR CROSSWALK,2.0,PAINT,NS,-114.18378081879615,51.128631680931086
70 AVE SW,11 ST SW,MULTIWAYS,REGULAR CROSSWALK,4.0,PAINT,NSEW,-114.08854121411261,50.990530558682046
10 ST NW,19 AV NW,RSM,STOP LINE,2.0,PAINT,EW,-114.08482437418414,51.069644208482806
4 ST NW,19 AV NW,RSM,REGULAR CROSSWALK,2.0,INLAY,EW,-114.07150962668017,51.06966910146429
LAKEVIEW DR SW,AT 6004,MIDBLOCK,REGULAR CROSSWALK,1.0,PAINT,MID,-114.1330775966025,51.000762597396765
HOME RD NW,MONTGOMERY BLVD NW,REGULAR,REGULAR CROSSWALK,1.0,PAINT,S,-114.1644001700299,51.068282993226184
2 ST NW,28 AVE NW,RSM,REGULAR CROSSWALK,4.0,PAINT,NSEW,-114.06747701727012,51.077849739219396
CHAPARRAL DR SE,CHAPARRAL VILLA SE,RSM,LADDER CROSSWALK,1.0,PAINT,S,-114.0462640565228,50.88510359317816
HIGH ST SE,MCKENZIE TOWNE GA SE,MULTIWAY STOP,REGULAR CROSSWALK,4.0,PAINT,NSEW,-113.96084349381944,50.91501615930712
UTAH DR NW,3032 UTAH DR NW,SCHOOL,LADDER CROSSWALK,1.0,MMA,MID,-114.13391282139354,51.069982660175945
UXBRIDGE DR NW,ULYSSES ST NW,REGULAR,REGULAR CROSSWALK,1.0,PAINT,W,-114.13596740438096,51.071505380055164
45 ST SW,13 AVE SW,REGULAR,REGULAR CROSSWALK,2.0,PAINT,SE,-114.15265689202268,51.041525204642696
146 AVE,PARKLAND BV,RSM,REGULAR CROSSWALK,2.0,PAINT,SE,-114.02430791716276,50.916570221686705
COUNTRY HILLS BLVD NE,25 ST /270M EAST OF BARLOW TR NE,SIGNALIZED,REGULAR CROSSWALK,4.0,PAINT,NSEW,-113.99740025345288,51.154379990277334
HAWKWOOD DR NW,HAWKVILLE CL NW,REGULAR,REGULAR CROSSWALK,2.0,PAINT,NS,-114.18310025521161,51.133985946297834
96 AVE NE,HARVEST ROSE PARK NE,SIGNALIZED,REGULAR CROSSWALK,4.0,PAINT,NSEW,-114.0626213577807,51.14159397067382
PRESTWICK CIRCLE SE,PRESTWICK VILLA SE,RSM,LADDER CROSSWALK,1.0,PAINT,W,-113.96550805667444,50.92662084493407
96 AVE NE,AURORA PARK DR NE,SIGNALIZED,STOP LINE,2.0,PAINT,EW,-114.0508417743444,51.142041049268975
PRESTWICK CIRCLE SE,PRESTWICK ST SE,SCHOOL,LADDER CROSSWALK,2.0,MMA,SW,-113.96680254258816,50.92659771867217
FALCONRIDGE DR NE,FALSBRIDGE DR NE,SIGNAL,REGULAR CROSSWALK,3.0,PAINT,EWS,-113.95650121789342,51.099677640135404
PRESTWICK AVE SE,PRESTWICK BLVD SE,RSM,REGULAR CROSSWALK,2.0,PAINT,NS,-113.96597773423987,50.922194911786036
PROMENADE WAY SE,PROMENADE PLAZA,RSM,REGULAR CROSSWALK,1.0,PAINT,E,-113.96252667762889,50.913490302403396
29 ST SW,28 AVE SW,REGULAR,REGULAR CROSSWALK,2.0,PAINT,NS,-114.1295731226384,51.02850845981694
5 AVE SW,9 ST SW,DOWNTOWN,STOP LINE,2.0,MMA,NW,-114.08351894590525,51.048991554596654
PROMENADE WAY SE,PROMENADE PLAZA SE,RSM,REGULAR CROSSWALK,1.0,PAINT,W,-113.96089702828189,50.913170121830994
CASTLERIDGE DR NE,CASTLERIDGE RD/WEST LEG,REGULAR,REGULAR CROSSWALK,1.0,PAINT,E,-113.9523549866201,51.10814334027324
8 AVE SE,60 ST SE,SCHOOL,LADDER CROSSWALK,1.0,MMA,E,-113.94695320217647,51.045212505187074
5 AV NW,23 ST NW,RSM,LADDER CROSSWALK,1.0,PAINT,W,-114.1154129385667,51.0572401111981
42 AVE SE,1 ST SE,SIGNALIZED,REGULAR CROSSWALK,2.0,PAINT,SW,-114.06122567782533,51.015971188297094
61 AVE SW,1A ST SW,SIGNAL,REGULAR CROSSWALK,4.0,PAINT,NSEW,-114.06765088409126,50.99772835222995
137 AVE SE,DEER POINT RD SE,REGULAR,REGULAR CROSSWALK,1.0,PAINT,E,-114.02889254592448,50.92768907735521
34 AVE NW,85 ST NW,SCHOOL,LADDER CROSSWALK,3.0,MMA,SEW,-114.21202699581377,51.09137843893829
19 ST NW,22 AVE NW,CORRIDOR,LADDER CROSSWALK,1.0,PAINT,N,-114.10629548513114,51.07233500700541
37 ST SW,13 AVE SW,SIGNAL,REGULAR CROSSWALK,4.0,PAINT,NSEW,-114.14112823597857,51.041504178331856
37 ST SW,61 AVE SW,REGULAR,REGULAR CROSSWALK,1.0,PAINT,N,-114.14098750301038,50.99865751029887
9 ST NW,21 AVE NW,SCHOOL,LADDER CROSSWALK,1.0,MMA,S,-114.08311124689271,51.071442253395574
TUSSLEWOOD DR NW,TUSCANY SPRINGS HILL NW,RSM,STOP LINE,1.0,PAINT,W,-114.24959600724377,51.13462851857418
69 ST SW,SPRINGBANK BLVD SW,SIGNALIZED,REGULAR CROSSWALK,4.0,PAINT,NSEW,-114.19156718743245,51.01757841924186
TUSCANY WAY NW,TUSCANY DR NW,SCHOOL,LADDER CROSSWALK,3.0,MMA,NSW,-114.25018467125183,51.1290544438904
5 ST SW,55 AVE,MULTIWAY STOP,REGULAR CROSSWALK,4.0,PAINT,NSEW,-114.07642988743146,51.00425035652027
36 ST NE,24 AVE NE,RSM,RIGHT TURN,1.0,PAINT,N,-113.98146705580679,51.07370454824896
7 ST NW,20 AV NW,SCHOOL,LADDER CROSSWALK,1.0,MMA,E,-114.07890309239474,51.070534002771346
DEER RUN BLVD SE,146 AVE SE,REGULAR,REGULAR CROSSWALK,1.0,PAINT,S,-114.00455368222892,50.923538180864995
SCENIC ACRES DR NW,SCIMITAR POINT NW,SCHOOL,REGULAR CROSSWALK,1.0,MMA,S,-114.21431572640456,51.11120171280787
36 ST NE,5 AVE NE,SIGNAL,RIGHT TURN,3.0,PAINT,NEW,-113.98176023803643,51.05700386270907
27 AVE NE,21 ST,REGULAR,REGULAR CROSSWALK,1.0,PAINT,W,-114.00904414213247,51.07686715652955
27 AVE NE,23 ST NE,SIGNAL,RIGHT TURN,1.0,PAINT,E,-114.00508649747401,51.07684956017776
SYMONS VALLEY RD NW,SAGE BLUFF BLVD NW,RSM,RIGHT TURN,1.0,PAINT,W,-114.13401204225768,51.18066507403086
27 AVE NE,16 ST NE,REGULAR,REGULAR CROSSWALK,1.0,PAINT,W,-114.01893415231423,51.07688380233411
SPRINGBLUFF BLVD SW,SPRINGBLUFF LANE SW,RSM,REGULAR CROSSWALK,1.0,PAINT,S,-114.1992475901361,51.02254246691174
51 AVE SE,80M W OF 4 ST SE,RSM,X RRXING,2.0,PAINT,EW,-114.05498417509975,51.007423708187396
136 AVE NW,SAGE BLUFF DR NW,RSM,REGULAR CROSSWALK,2.0,PAINT,NW,-114.13743330304958,51.17611264939245
144 AVE NW,1 ST NW,RSM,RIGHT TURN,2.0,PAINT,SW,-114.07342395892458,51.18337407176388
MCDOUGALL CO NE,MCDOUGALL RD NE,RSM,REGULAR CROSSWALK,1.0,PAINT,S,-114.04650164259678,51.050807407104415
SAGE HILL BV NW,SAGE HILL ROW NW,RSM,STOP LINE,2.0,PAINT,EW,-114.14531446669477,51.17463040891771
COVEMEADOW RD,COVENTRY HILLS WY NE,RSM,REGULAR CROSSWALK,1.0,PAINT,W,-114.06208970059012,51.168811791458786
CENTRE ST N,13 AVE N,CORRIDOR,LADDER CROSSWALK,1.0,PAINT,N,-114.06252309352467,51.06441325531879
16 AVE NW,44 ST NW,CORRIDOR,LADDER CROSSWALK,1.0,PAINT,S,-114.15957241828421,51.06908728539728
HIDDEN SPRING CL NW,HIDDEN SPRING CL NW,RSM,LADDER CROSSWALK,1.0,PAINT,N,-114.10947573713317,51.15073054276407
CENTRE ST N,22 AVE N,SIGNALIZED,REGULAR CROSSWALK,1.0,PAINT,S,-114.06251619348089,51.07243466901562
11 ST SE,21 AVE SE,SIGNAL,REGULAR CROSSWALK,3.0,PAINT,NSW,-114.03678103651191,51.03457861164479
72 AVE NE,HUNTBOURNE GATE NE,REGULAR,LADDER CROSSWALK,1.0,PAINT,E,-114.05994336455224,51.11784720960094
COPPERFIELD BLVD SE,COPPERFIELD MR SE,SCHOOL,LADDER CROSSWALK,2.0,MMA,NE,-113.93757348711213,50.91054702682681
11 ST SE,21 AVE SE,REGULAR,X RRXING,2.0,PAINT,NS,-114.03672949104673,51.0340840612809
CENTRE ST N,23 AVE N,CORRIDOR,LADDER CROSSWALK,1.0,PAINT,N,-114.06252623513298,51.07331601471304
72 AV SE,68 ST SE,RSM,RIGHT TURN,2.0,PAINT,NS,-113.93534768568972,50.989514805278645
16 AVE NE,MONCTON RD NE,SIGNAL,REGULAR CROSSWALK,4.0,PAINT,NSEW,-114.04244077965919,51.06704416903051
9 AVE SE,8 ST SE,SIGNAL,STOP X,1.0,PAINT,S,-114.04148191724634,51.04333712996006
144 AVE NW,SHAGANAPPI TR NW,RSM,STOP LINE,4.0,PAINT,NSEW,-114.16112233894285,51.183242426482664
26 AVE SE,28 ST SE,MULTIWAYS,REGULAR CROSSWALK,4.0,PAINT,NSEW,-113.99186975423797,51.03050632652978
26 AVE SE,ELMWOOD DR SE,REGULAR,REGULAR CROSSWALK,1.0,PAINT,E,-113.99030589313303,51.03052292192234
16 AVE NE,EDMONTON TR NE,SIGNAL,REGULAR CROSSWALK,4.0,PAINT,NSEW,-114.05615515075871,51.06699938547649
26 AVE SE,HOLLY DR SE,REGULAR,REGULAR CROSSWALK,1.0,PAINT,W,-113.98693961788439,51.03053373700897
26 AVE SE,SABLE DR SE,REGULAR,REGULAR CROSSWALK,1.0,PAINT,W,-113.98439503919687,51.03051671028714
KINCORA GLEN GREEN NW,KINCORA GLEN RISE NW,RSM,REGULAR CROSSWALK,1.0,PAINT,S,-114.13454001589808,51.16361033552361
150M EAST OF 19 ST NW,16 AV NW,SIGNALIZED,STOP LINE,2.0,PAINT,EW,-114.10415324728176,51.067020979150115
CENTRE ST N,BLACKTHORN RD NE,REGULAR,REGULAR CROSSWALK,1.0,PAINT,N,-114.06243904172594,51.107208904162576
21 AVE SE,9 ST SE,REGULAR,REGULAR CROSSWALK,2.0,PAINT,EW,-114.03966137630249,51.03459907784821
35 ST SE,BETWEEN 17 AND 19 AVE SE,RSM,PARKING STALLS,24.0,PAINT,W,-113.9830514023702,51.03690629913069
19 AV,2 ST NW,RSM,PARKING STALLS,6.0,PAINT,NS,-114.0674564161403,51.06970541881624
KENSINGTON CL NW,12 ST NW,MID BLOCK,PARKING STALLS,20.0,PAINT,S,-114.09254157202474,51.05150029877707
17 AVE SW,14A ST SW,RSM,REGULAR CROSSWALK,1.0,PAINT,S,-114.09650700148435,51.037802381011595
CENTRE ST N,54 AVE N,CORRIDOR,LADDER CROSSWALK,1.0,PAINT,N,-114.06242007622247,51.09970631886594
CENTRE ST N,7 AVE N,CORRIDOR,LADDER CROSSWALK,1.0,PAINT,S,-114.06252449199332,51.05887970184097
17 AVE SW,45 ST SW,SIGNAL,REGULAR CROSSWALK,4.0,PAINT,NSEW,-114.1528033582567,51.03781302332996
700 SCIMITAR BAY NW,,MID BLOCK,PARKING STALLS,7.0,PAINT,S,-114.21440947580213,51.10693566677494
COVENTRY HILLS WAY NE,COVEWOOD CL NE,REGULAR,REGULAR CROSSWALK,1.0,PAINT,W,-114.04178415103338,51.16612085308931
BOWNESS RD NW,83 ST NW,MULTIWAYS,REGULAR CROSSWALK,4.0,PAINT,NSEW,-114.20803631816338,51.090416798570494
58 AVE  S,CENTRE ST W,SIGNAL,REGULAR CROSSWALK,3.0,PAINT,SEW,-114.06386880349847,51.00139930265104
45 ST SW,41 AVE SW,REGULAR,REGULAR CROSSWALK,1.0,PAINT,S,-114.15280769770933,51.01612745451487
6 ST NE,27 AVE NE,MULTIWAY STOP,REGULAR CROSSWALK,3.0,PAINT,NSW,-114.04835124530626,51.076948439258175
33 AVE SW,RICHMOND GR GOLF COURSE RD ENTRANCE,REGULAR,REGULAR CROSSWALK,1.0,PAINT,S,-114.12104410248563,51.02452213532854
SCURFIELD DR NW,SCHOONER CL NW,REGULAR,REGULAR CROSSWALK,1.0,PAINT,S,-114.22456058409266,51.122169424652476
ST GEORGES DR NE,MEMORIAL DR,SIGNAL,REGULAR CROSSWALK,2.0,PAINT,NW,-114.03193508339703,51.048215492728595
KENSINGTON RD NW,23 ST NW,CORRIDOR,LADDER CROSSWALK,1.0,PAINT,W,-114.1154050236324,51.05248988381951
58 AVE SW,1A ST SW,SIGNAL,STOP LINE,3.0,PAINT,SEW,-114.06764341220604,51.0013636688799
25 ST SW,26 AVE SW,CORRIDOR,LADDER CROSSWALK,1.0,PAINT,E,-114.12081062567027,51.03006289894067
COPPERSTONE RD SE,130M EAST OF COPPERSTONE RD,SCHOOL,LADDER CROSSWALK,1.0,MMA,MID,-113.92869058034324,50.914168100043526
10 ST NE,1 AVE NE,MULTIWAYS,REGULAR CROSSWALK,4.0,PAINT,NSEW,-114.03770880501466,51.053246331667594
33 AVE NW,83 ST NW,REGULAR,REGULAR CROSSWALK,1.0,PAINT,N,-114.209769550039,51.08898708420677
37 ST SW,10 AVE SW,CORRIDOR,REGULAR CROSSWALK,2.0,PAINT,EW,-114.14111184466417,51.04325649668357
68 ST SE,ABERCOVE DR SE,REGULAR,RIGHT TURN,1.0,PAINT,E,-113.93523792484821,51.04995790243302
68 ST SE,14 AVE SE,CORRIDOR,STOP LINE,1.0,PAINT,W,-113.9351207958452,51.040520986139
UNIVERSITY DR NW,MCMAHON STADIUM ENT.,CORRIDOR,LADDER CROSSWALK,1.0,PAINT,N,-114.12499370286206,51.07059009834774
TUSCANY DR NW,TUSCANY VISTA RD NW,REGULAR,REGULAR CROSSWALK,1.0,PAINT,E,-114.25236689711343,51.11970651196247
68 ST SE,APPLEWOOD DR SE,SIGNALIZED,REGULAR CROSSWALK,3.0,PAINT,NSE,-113.93505516871781,51.04557864845773
COVENTRY HILLS WAY NE,COVENTRY DR NE,SCHOOL,LADDER CROSSWALK,3.0,MMA,SEW,-114.04318172663373,51.165515066832675
SOUTHPORT RD SW,SOUTHPORT WAY SW,SIGNALIZED,REGULAR CROSSWALK,3.0,PAINT,NEW,-114.07294856577617,50.95777320545977
BOWFORT RD NW,GREENBRIAR VIEW NW,RSM,REGULAR CROSSWALK,3.0,PAINT,NEW,-114.22402940666716,51.08798432757551
68 ST / CORNERSTONE DR NE,96 AVE NE,RSM,STOP LINE,1.0,PAINT,N,-113.9350945745322,51.13965298682108
33 ST SW,LRT BUS LOOP N/LEG,RSM,REGULAR CROSSWALK,1.0,PAINT,W,-114.13560824417294,51.040739983982874
COPPERFIELD BLVD SE,COPPERSTONE BLVD,RSM,LADDER CROSSWALK,1.0,PAINT,E,-113.92684839484673,50.918243927650174
SYMONS VALLEY RD NW,144 AVE NW,RSM,STOP LINE,4.0,PAINT,NSEW,-114.13499902937379,51.18319156852582
SAGE HILL BLVD NW,EAST OF SHAGANAPPI TR NW,RSM,REGULAR CROSSWALK,4.0,PAINT,NSEW,-114.14964002469867,51.16996744663897
NOLAN HILL BLVD NW,NOLAN HILL DR NW,RSM,REGULAR CROSSWALK,4.0,PAINT,NSEW,-114.16061378260241,51.1714880737639
TUSCANY SPRINGS BLVD NW,TUSCANY SUMMIT GREEN NW,RSM,REGULAR CROSSWALK,1.0,PAINT,W,-114.25225883487641,51.13890602270787
COCHRANE RD NW,CANMORE RD,SCHOOL,LADDER CROSSWALK,2.0,MMA,NW,-114.11610089070462,51.08078938930285
SPRINBLUFF BLVD SW,AT 135 (PATHWAY),MID BLOCK,LADDER CROSSWALK,1.0,PAINT,MID,-114.19502465122804,51.02064589889978
PROMENADE WAY SE,INVERNESS SQUARE SE,RSM,REGULAR CROSSWALK,2.0,PAINT,NS,-113.96834292603288,50.913668813057996
MCKENZIE TOWNE AVE SE,AT TRAFFIC CIRCLE BY CONDO ENTRANCE,RSM,REGULAR CROSSWALK,3.0,PAINT,SEW,-113.96006325632534,50.91635978128762
CHARLESWOOD DR NW,CHICOUTIMI DR NW,REGULAR,LADDER CROSSWALK,1.0,PAINT,S,-114.12100265879126,51.08630199855437
7 AVE NE,MERIDIAN RD NE,REGULAR,STOP LINE,2.0,PAINT,NS,-114.00109037611627,51.058582164438064
14 AVE NW,14 ST NW,SIGNAL,REGULAR CROSSWALK,3.0,PAINT,NSW,-114.09543446015334,51.064406345996424
BARLOW TR NE,7 AVE NE,SIGNAL,REGULAR CROSSWALK,2.0,PAINT,ES,-114.00169828003406,51.05859065516114
9  ST NE,65 AVE NE,REGULAR,REGULAR CROSSWALK,1.0,PAINT,N,-114.04137717794413,51.11214192513473
FALTON DR NE,FALTON WY,REGULAR,REGULAR CROSSWALK,1.0,PAINT,S,-113.94048846978191,51.103276449858306
FALCONRIDGE BLVD NE,CASTLERIDGE PLAZA ENT.,SIGNAL,STOP LINE,3.0,PAINT,NSW,-113.9584788477513,51.09838811157077
ROYAL OAK WAY NW,ROYAL BIRCH BLVD NW,SIGNALIZED,STOP LINE,4.0,PAINT,NSEW,-114.21583007125706,51.14888680178647
AIRPORT TR NE,19 ST NE,SIGNALIZED,STOP LINE,3.0,PAINT,NSW,-114.01409608826542,51.13888299617842
CASTLERIDGE BLVD NE,WESTWINDS DR,SIGNALIZED,REGULAR CROSSWALK,3.0,PAINT,SEW,-113.96346636437787,51.10101215830755
18 ST NW,23 AVE NW,SCHOOL,LADDER CROSSWALK,1.0,MMA,S,-114.10460245622085,51.07324013581131
ROCKY RIDGE BLVD NW,ROCKY RIDGE HEATH NW,RSM,REGULAR CROSSWALK,2.0,PAINT,EW,-114.24580091975571,51.14540864729607
RUNDLEHILL DR NE,DR HIGGINS SCHOOL,SCHOOL,LADDER CROSSWALK,1.0,MMA,MID,-113.96988877483925,51.07490073263405
14 AVE SW,15 ST SW,SCHOOL,STOP LINE,4.0,MMA,NSEW,-114.0969607191585,51.04048894297834
PUMPHOUSE RD SW,OFF RAMP FR BOW TR WBND,CORRIDOR,LADDER CROSSWALK,1.0,MMA,MID,-114.104410906892,51.047179472926565
22 AV NW,2 ST NW,RSM,STOP LINE,2.0,PAINT,EW,-114.06749334846538,51.072467100589485
LINDEN DR SW,WEST OF LIVINGSTON DR SW,MIDBLOCK,REGULAR CROSSWALK,1.0,PAINT,MID,-114.13012428577595,50.991939182728295
LAKEVIEW DR SW,LANCASTER WAY SW,SCHOOL,LADDER CROSSWALK,3.0,MMA,NSE,-114.13302220368634,50.99866596492734
VALLEY SPRINGS RD NW,PATH E OF V SPR. TERRACE NW,REGULAR,REGULAR CROSSWALK,1.0,PAINT,E,-114.24375583426492,51.09508197592227
13 AVE SW,40 ST SW,SCHOOL,STOP LINE,1.0,MMA,S,-114.14547820706346,51.04150623704842
VALLEY RIDGE DR NW,VALLEY PONDS WAY NW,REGULAR,REGULAR CROSSWALK,1.0,PAINT,E,-114.2537217607723,51.090864870000686
26 AVE SE,38 ST SE,SCHOOL,LADDER CROSSWALK,1.0,MMA,W,-113.97868739485548,51.03052138063003
33 AVE NW,79 ST NW,MULTIWAYS,STOP LINE,3.0,PAINT,NEW,-114.20359159513995,51.08566733540299
33 AVE NW,81 ST NW,MULTIWAYS,STOP LINE,3.0,PAINT,NEW,-114.20733921103927,51.087688528250695
14 AVE SW,24 ST SW,REGULAR,REGULAR CROSSWALK,1.0,PAINT,N,-114.1179173757628,51.039733801241916
33 ST SW,WESTBROOOK AVE SW,SIGNALIZED,REGULAR CROSSWALK,3.0,PAINT,NSW,-114.13543944462457,51.040118540651726
5 ST NW,24 AVE NW,SCHOOL,LADDER CROSSWALK,2.0,MMA,NE,-114.07400560709355,51.074267473865056
TUSCANY DR NW,TUSCANY HILL NW,SCHOOL,LADDER CROSSWALK,2.0,MMA,SE,-114.24652113909764,51.11816064733232
5 ST SW,23 AVE SW,DOWNTOWN,LADDER CROSSWALK,1.0,PAINT,N,-114.07387548583587,51.03246655429386
69 ST SW,34 AVE SW,SIGNALIZED,REGULAR CROSSWALK,4.0,PAINT,NSEW,-114.18765278202171,51.02330292303758
32 AVE NW,33 ST NW,CORRIDOR,REGULAR CROSSWALK,1.0,PAINT,N,-114.13415297532535,51.08150069424386
SUNRIDGE WAY NE,29 ST,SIGNAL,REGULAR CROSSWALK,3.0,PAINT,NEW,-113.9918289561247,51.06924832252962
32 AVE NW,37 ST NW,CORRIDOR,RIGHT TURN,1.0,,N,-114.14119406877884,51.081444672043325
32 AVE NW,39 ST NW,SIGNAL,REGULAR CROSSWALK,4.0,PAINT,NSEW,-114.14495367986855,51.08148048513285
COUNTRY HILLS DR NW,COUNTRY HILLS GATE NW,RSM,LADDER CROSSWALK,1.0,PAINT,E,-114.07533832904356,51.145650835248
HAWKWOOD BLVD NW,HAWKWOOD ELEM. SCHOOL,SCHOOL,LADDER CROSSWALK,1.0,MMA,MID,-114.17964483865715,51.13020261048766
HAWKSTONE DR NW,100 HAWKSTONE PL NW,REGULAR,REGULAR CROSSWALK,1.0,PAINT,S,-114.16654868115393,51.13324872352328
NOSE HILL DR NW,SILVER SPRINGS BLVD NW,SIGNAL,RIGHT TURN,2.0,PAINT,NE,-114.20681319063561,51.11616611475613
18 ST SE,76 AVE SE,SIGNALIZED,RIGHT TURN,1.0,PAINT,S,-114.01586097032923,50.98504868720334
18 ST SE,GLENMORE SQUARE SE,SIGNAL,REGULAR CROSSWALK,1.0,PAINT,N,-114.01584520214337,50.983879948088486
ST GEORGES DR NE,MEMORIAL DR,SIGNAL,STOP LINE,2.0,PAINT,NW,-114.03192522718867,51.04757450800588
CANTERBURY DR SW,CANFIELD CR SW,SCHOOL,LADDER CROSSWALK,1.0,MMA,E,-114.078981770963,50.94787398106101
RUNDLE HILL DR NE,RUNDLEHILL WY/NORTH LEG,SCHOOL,LADDER CROSSWALK,1.0,MMA,N,-113.96990561302499,51.076553355778636
CENTRE ST N,64  AVE N,SIGNAL,RIGHT TURN,4.0,PAINT,NSEW,-114.06240063092616,51.11061666512671
HAWKSTONE DR NW,HAWKMOUNT CLOSE NW,REGULAR,REGULAR CROSSWALK,1.0,PAINT,E,-114.17551789020935,51.13486168203065
HAWKSTONE DR NW,HAWKMOUNT GREEN NW,SCHOOL,LADDER CROSSWALK,1.0,MMA,E,-114.17847299708133,51.134998846637274
CANTERBURY DR SW,CANTABRIAN DR SW,REGULAR,REGULAR CROSSWALK,1.0,PAINT,N,-114.07597547322692,50.9462525530296
16 AV NE,STRATUS DR NE,RSM,STOP LINE,3.0,PAINT,NEW,-114.03920268305264,51.067074405737884
CANTERBURY DR SW,CANNELL RD SW,REGULAR,REGULAR CROSSWALK,1.0,PAINT,S,-114.07516026533351,50.94069917597968
HAWKSTONE DR NW,HAWKTREE CL NW,REGULAR,REGULAR CROSSWALK,1.0,PAINT,W,-114.17073336565153,51.1350898220789
16 AVE NW,6 ST NW,SIGNAL,REGULAR CROSSWALK,3.0,PAINT,NEW,-114.07643947875866,51.06693387683415
16 AVE NW,22A ST NW,SIGNAL,MULTI USE XWALK,1.0,PAINT,N,-114.11539496318,51.06702049646245
16 AVE NW,OFF RAMP TO UNIVERSITY DR NW,RSM,REGULAR CROSSWALK,1.0,PAINT,N,-114.12044673781386,51.06745615214892
CANTERBURY DR SW,118 AVE SW,SCHOOL,LADDER CROSSWALK,1.0,MMA,N,-114.07620829371282,50.946927024005724
CENTRE ST N,68 AVE N,CORRIDOR,STOP LINE,1.0,PAINT,W,-114.0676706347328,51.11584651689381
CANTERBURY DR SW,120 AVE SW,REGULAR,REGULAR CROSSWALK,1.0,PAINT,S,-114.07558800514063,50.945092966857594
5000 11 ST SE,CALGARY FOOD BANK PARKING LOT,MID BLOCK,PARKING STALLS,29.0,PAINT,,-114.03601686508456,51.01013546271949
CANTERBURY DR SW,CANOVA RD SW,REGULAR,REGULAR CROSSWALK,1.0,PAINT,W,-114.08950971526222,50.943568279103495
16 AV NE,68 ST NE,SIGNALIZED,STOP X,1.0,PAINT,S,-113.93521663411744,51.0670341021018
CENTRE ST N,14 AVE N,CORRIDOR,LADDER CROSSWALK,1.0,PAINT,N,-114.06255095898857,51.06538384245972
CENTRE ST N,28 AVE N,CORRIDOR,LADDER CROSSWALK,1.0,PAINT,N,-114.06253233972558,51.077845481147925
KENSINGTON CR NW,at 1167,MID BLOCK,PARKING STALLS,66.0,PAINT,NSEW,-114.0895878158441,51.052180170840444
17 AVE SW,GLENSIDE DR SW,REGULAR,STOP LINE,1.0,PAINT,S,-114.16004314002717,51.03853319073312
16 AVE NW,NORTH HILL MALL,SIGNAL,REGULAR CROSSWALK,1.0,PAINT,E,-114.09807658100905,51.0669400115045
CENTRE ST N,SAMIS RD N,SIGNAL,STOP LINE,3.0,PAINT,NSE,-114.06241674954076,51.05521355762474
CENTRE ST N,60 AVE N,REGULAR,REGULAR CROSSWALK,1.0,PAINT,N,-114.06244548212433,51.10541274119824
6 AVE SW,5 ST SW,DOWNTOWN,STOP LINE,3.0,MMA,NSE,-114.07376025846773,51.04774377532893
SHAGANAPPI TR NW,TEKARRA DR NW,RSM,RIGHT TURN,1.0,PAINT,W,-114.16469497253087,51.189700512927246
11 ST SE,20 AV SE,RSM,MULTI USE XWALK,1.0,PAINT,E,-114.03672049583919,51.03551796769537
CENTRE ST N,10 AVE N,SIGNAL,STOP LINE,4.0,PAINT,NSEW,-114.06252810598491,51.061562803874956
56 ST NE,31 AVE,RSM,REGULAR CROSSWALK,1.0,PAINT,N,-113.95301212682634,51.07959860320313
242 Whitlock PL NE,,RSM,PARKING STALLS,11.0,PAINT,,-113.97425421020036,51.0841533818353
17 AVE SW,47 ST SW,SIGNALIZED,X RRXING,1.0,PAINT,N,-114.15579020450608,51.03782022375879
16 AVE NW,19 ST NW,SIGNAL,RIGHT TURN,1.0,PAINT,S,-114.10624362186823,51.067006857625024
GRAFTON DR SW,GLAMORGAN SCHOOL,MIDBLOCK,LADDER CROSSWALK,1.0,PAINT,MID,-114.14595131782661,51.01482072262468
SCENIC ACRES DR NW,SCENIC ACRES GATE NW,MULTIWAYS,REGULAR CROSSWALK,3.0,PAINT,SEW,-114.2113913796217,51.114578681363426
2 ST SW,57 AVE SW,MULTIWAY STOP,REGULAR CROSSWALK,4.0,PAINT,NSEW,-114.06860447014505,51.00251040306846
SAGE HILL DR NW,SAGE HILL RD NW,RSM,REGULAR CROSSWALK,1.0,PAINT,W,-114.14122468876656,51.17361130821014
SPRINGBANK BLVD SW,SPRING CRESCENT SW,RSM,REGULAR CROSSWALK,1.0,PAINT,W,-114.19753771336197,51.01850646588563
6 AVE SW,8 ST SW,DOWNTOWN,REGULAR CROSSWALK,4.0,MMA,NSEW,-114.08113111526656,51.04797027538045
6 AVE SW,9 ST SW,DOWNTOWN,REGULAR CROSSWALK,4.0,MMA,NSEW,-114.08376840585414,51.048047572279096
FORTRESS DR SW,FORTRESS RISE SW,RSM,REGULAR CROSSWALK,1.0,PAINT,E,-114.20798691654694,51.020766392972085
CANTERBURY DR SW,6 ST SW,RSM,REGULAR CROSSWALK,1.0,PAINT,W,-114.07620468876438,50.937795748325975
FORTRESS DR SW,85 ST SW,MULTIWAY STOP,STOP LINE,4.0,PAINT,NSEW,-114.21096510388797,51.0215792440839
CANTERBURY DR SW,CANTREE RD SW,RSM,REGULAR CROSSWALK,1.0,PAINT,S,-114.07470410209221,50.93887981371765
ELBOW DR SW,CANDLE CRESCENT SW,RSM,REGULAR CROSSWALK,1.0,PAINT,S,-114.08510569472415,50.93850782662367
SAGE HILL BLVD NW,SAGE HILL LINK,RSM,RIGHT TURN,2.0,PAINT,NE,-114.14465580738087,51.17226913718335
144 AVE NE,HOWSE RISE NE,RSM,RIGHT TURN,1.0,PAINT,N,-114.05902503842265,51.18346546814779
37 ST SW,15 AVE SW,RSM,STOP LINE,1.0,PAINT,W,-114.14122972279173,51.03968468325452
37 ST SW,58 AVE SW,RSM,LADDER CROSSWALK,1.0,PAINT,N,-114.14094493188706,51.00089125661357
24 ST SW,WOODPARK BLVD SW,RSM,REGULAR CROSSWALK,4.0,PAINT,NSEW,-114.11804191527807,50.93580795746969
9 ST NE,ST MATTHEW SQ NE,RSM,REGULAR CROSSWALK,1.0,PAINT,S,-114.04032061967636,51.051637843262945
144 AV NE,6 ST NE,RSM,STOP LINE,1.0,PAINT,N,-114.04806286361448,51.18351557255209
CENTRE ST N,HOWSE LN NE,RSM,REGULAR CROSSWALK,2.0,PAINT,EW,-114.07130841291342,51.18839506858808
CENTRE ST N,LIVINGSTON PR NE,RSM,STOP LINE,2.0,PAINT,EW,-114.07127860353795,51.18502634150717
20 AVE NW,16 ST NW,RSM,REGULAR CROSSWALK,2.0,PAINT,EW,-114.09964643629522,51.070549542910484
TWELVE MILE COULEE RD NW,TOWNSHIP RD 252,RSM,LADDER CROSSWALK,1.0,PAINT,N,-114.25749374856713,51.12509406755005
UXBRIDGE DR NW,ULSTER RD NW,REGULAR,REGULAR CROSSWALK,3.0,PAINT,NSE,-114.12938199905062,51.06988041382243
TUSCANY VALLEY VIEW NW,TUSCANY VALLEY GATE NW,REGULAR,REGULAR CROSSWALK,2.0,PAINT,SW,-114.24361703103916,51.127185624111135
TUSCANY HILL NW,TUSCANY MEADOWS DR NW,MULTIWAYS,RIGHT TURN,2.0,PAINT,EW,-114.24675575208346,51.114489510850674
COVENTRY DR NE,COVINGTON RD NE,REGULAR,REGULAR CROSSWALK,1.0,PAINT,N,-114.04357669682852,51.1598514860254
COVENTRY HILLS WAY NE,COVETTE BAY NE,SCHOOL,LADDER CROSSWALK,2.0,MMA,SW,-114.04447981843853,51.16521119675668
33 AVE NW,85 ST NW,MULTIWAYS,REGULAR CROSSWALK,1.0,PAINT,N,-114.2129396979407,51.09071152456586
85 ST NW,48 AVE NW,SIGNALIZED,REGULAR CROSSWALK,4.0,PAINT,NSEW,-114.21097858333567,51.095870936441905
61 AVE  S,CENTRE ST W,SIGNAL,REGULAR CROSSWALK,4.0,PAINT,NSEW,-114.06383724383377,50.99772883952947
RICHMOND RD SW,STEWART GREEN SW,SIGNAL,RIGHT TURN,4.0,PAINT,NSEW,-114.17098060276267,51.0171957242768
4 ST NW,24 AVE NW,SCHOOL,LADDER CROSSWALK,1.0,MMA,N,-114.07155047463439,51.07425933746243
RICHMOND RD SW,CITY WORKS ROAD,SIGNAL,RIGHT TURN,3.0,PAINT,SEW,-114.1727567150282,51.01658773180112
15 ST NW,2 AVE NW,MULTIWAYS,REGULAR CROSSWALK,4.0,PAINT,NSEW,-114.0962435912888,51.054571611871815
16 ST NW,2 AVE NW,MULTIWAYS,REGULAR CROSSWALK,4.0,PAINT,NSEW,-114.09778610750504,51.054519053345885
SYMONS VALLEY PARKWAY NW,EVANSPARK BLVD NW,SIGNALIZED,STOP LINE,3.0,,NEW,-114.1179494278605,51.168175531926735
14 ST NW,21 AVE NW,REGULAR,REGULAR CROSSWALK,1.0,PAINT,S,-114.0947081473334,51.07144001211331
128 AVE NE,BARLOW CRESCENT NE,RSM,RIGHT TURN,1.0,PAINT,NW,-113.97891815489162,51.165615960315186
96 AVE NE,AURORA PARK LI NE,RSM,RIGHT TURN,2.0,PAINT,SW,-114.05952078725113,51.14116506667172
111 GLENMORE TR SW,IN FRONT OF TRINITY LODGE,ELDERLY PEDESTRIAN,LADDER CROSSWALK,1.0,PAINT,MID,-114.08730411555425,50.993933398025284
4 ST NE,HUNTERHORN GA NE,RSM,REGULAR CROSSWALK,1.0,PAINT,N,-114.05285121062651,51.1160919424164
CANATA CLOSE  SW,CANATA CLOSE ST. CATHERINE,SCHOOL,LADDER CROSSWALK,1.0,MMA,E,-114.08685875239937,50.94435635323455
12 ST NE,34 AVE NE,REGULAR,REGULAR CROSSWALK,1.0,PAINT,S,-114.02965729921792,51.083541094369
SPRUCE DR SW,WILDFLOWER ARTS CENTRE,SCHOOL,LADDER CROSSWALK,1.0,MMA,MID,-114.13508037098858,51.04639771192736
SPRUCE DR SW,45 ST SW,SCHOOL,STOP LINE,2.0,MMA,NS,-114.1528187411911,51.05230915275059
4 ST NW,42 AVE NW,REGULAR,REGULAR CROSSWALK,1.0,PAINT,N,-114.07160983151849,51.09060134403344
29 ST SW,33 AV SW,SIGNAL,REGULAR CROSSWALK,4.0,PAINT,NSEW,-114.12953673634438,51.025192109145046
TEMPLEGREEN DR NE,TEMPLEVALE DR NE,REGULAR,REGULAR CROSSWALK,1.0,PAINT,S,-113.94534803695143,51.09105344626661
58 AVE SE,4 ST SE,SIGNAL,REGULAR CROSSWALK,4.0,PAINT,NSEW,-114.0537564085754,51.001397761910354
58 AVE SW,1A ST SW,SIGNAL,REGULAR CROSSWALK,2.0,PAINT,NW,-114.06718337392762,51.001380062010746
58 AVE SW,2 ST SW,REGULAR,STOP LINE,1.0,PAINT,N,-114.06861471528515,51.001406108831304
SPRUCE DR SW,35 ST SW,REGULAR,REGULAR CROSSWALK,1.0,PAINT,E,-114.1372564468086,51.05204397251489
KINCORA HEIGHTS NW,AT 249,MID BLOCK,REGULAR CROSSWALK,1.0,PAINT,MID,-114.13292657613071,51.15685629487667
COUNTRY HILLS BLVD NE,FREEPORT DR NE,SIGNAL,RIGHT TURN,4.0,PAINT,NSEW,-114.00656502768969,51.15433465969072
34 AVE NE,32 ST NE,SIGNALIZED,REGULAR CROSSWALK,4.0,PAINT,NSEW,-113.98866339348177,51.08364495017733
ABBOTSFORD DR,ABINGDON CR  E. LEG,REGULAR,LADDER CROSSWALK,1.0,PAINT,N,-113.92689395298328,51.062335098395685
TEMPLE DR NE,55 ST NE,SCHOOL,STOP LINE,1.0,MMA,N,-113.95417969973374,51.085886214197494
12 ST NE,44 AVE NE,RSM,REGULAR CROSSWALK,1.0,PAINT,S,-114.03342434198859,51.09179355786287
14 ST NW,BERKLY GATE NW,SIGNAL,RIGHT TURN,1.0,MMA,E,-114.0987038681887,51.12583131576798
12 ST NE,CENTRE AVE,SCHOOL,LADDER CROSSWALK,1.0,MMA,S,-114.03374809219797,51.05235909360587
68 ST NE,4 AVE NE,REGULAR,RIGHT TURN,2.0,PAINT,EW,-113.93510668920028,51.055798813185184
40 ST SW,7 AVE SW,RSM,REGULAR CROSSWALK,1.0,PAINT,N,-114.14528966870154,51.04543918840344
CRESTMONT BLVD SW,100 CRESTHAVEN PL SW,RSM,REGULAR CROSSWALK,2.0,PAINT,EW,-114.26243779592696,51.08683764289803
COUNTRY VILLAGE LINK NE,BETWEEN NOTRE DAME HIGH SCHOOL AND VIVO CENTRE,CORRIDOR,LADDER CROSSWALK,1.0,PAINT,MID,-114.06778943470404,51.1586063832531
CENTRE ST N,176 AVE N,RSM,STOP LINE,1.0,PAINT,S,-114.07131753614127,51.21240060299749
27 AVE NE,15 ST NE,REGULAR,REGULAR CROSSWALK,2.0,PAINT,NW,-114.02228858616074,51.07690700662486
13 AVE SW,42 ST SW,RSM,REGULAR CROSSWALK,4.0,PAINT,NSEW,-114.14834432787588,51.041563952531725
SPRINGBANK BLVD SW,SPRINGBANK DR SW,RSM,REGULAR CROSSWALK,4.0,PAINT,NSEW,-114.20228663972516,51.01912628525695
TUSCANY RIDGE CLOSE NW,TUSCANY RIDGE CLOSE NW,SCHOOL,LADDER CROSSWALK,1.0,MMA,S,-114.2506087254028,51.1199056861733
SAGE HILL BLVD NW,SAGE HILL GATE NW,RSM,REGULAR CROSSWALK,3.0,PAINT,NSE,-114.14499080035063,51.171105345306685
SPILLER RD SE,6 ST SE,REGULAR,STOP LINE,1.0,PAINT,N,-114.04834170505579,51.03086610712888
SYMONS VALLEY RD NW,SAGE MEADOWS CI NW,RSM,REGULAR CROSSWALK,2.0,PAINT,EW,-114.13374065319726,51.17296256117728
8 AVE SE,44 ST SE,SIGNAL,REGULAR CROSSWALK,4.0,PAINT,NSEW,-113.96999303581329,51.045164185284094
SKYVIEW RANCH RD NE,150M EAST OF SKYVIEW RANCH DR NE,MID BLOCK,REGULAR CROSSWALK,1.0,PAINT,MID,-113.95867482187221,51.162844985564014
SYMONS VALLEY RD NW,136 AV NE,RSM,REGULAR CROSSWALK,1.0,PAINT,E,-114.13345876628665,51.17590086895766
COUNTRY VILLAGE LINK NE,COUNTRY VILLAGE WAY NE,MULTIWAY STOP,REGULAR CROSSWALK,3.0,PAINT,NEW,-114.06775079053129,51.15674696644814
CENTRE ST N,19 AV NE,RSM,STOP LINE,2.0,PAINT,EW,-114.06245650487718,51.06970853863304
16 AVE NW,UNIVERSITY DR NW,RSM,REGULAR CROSSWALK,1.0,PAINT,N,-114.12611268380513,51.068524290775834
14 AVE SE,44 ST SE,SIGNALIZED,STOP LINE,4.0,PAINT,NSEW,-113.96999905945496,51.040936327520726
14 AVE SE,47 ST SE,REGULAR,REGULAR CROSSWALK,1.0,PAINT,E,-113.96575367377748,51.04097720208024
96 AVE SE,5 ST SE,REGULAR,REGULAR CROSSWALK,1.0,PAINT,N,-114.05237320856195,50.9669052488712
4 ST NW,26 AVE NW,RSM,REGULAR CROSSWALK,1.0,PAINT,N,-114.07149941173395,51.07614728036473
4 ST NW,23 AVE NW,REGULAR,LADDER CROSSWALK,1.0,PAINT,S,-114.07153187485783,51.07326484825019
2 ST NW,24 AVE NW,RSM,REGULAR CROSSWALK,4.0,PAINT,NSEW,-114.06743791339093,51.07424057908517
20 AVE NW,13 ST NW,REGULAR,REGULAR CROSSWALK,2.0,PAINT,EW,-114.09229790751037,51.070544433043736
28 ST SW,S OF RICHMOND RD,MIDBLOCK,REGULAR CROSSWALK,1.0,PAINT,MID,-114.12795728847516,51.025707395990985
CROWCHILD TR SW,33 AVE SW,SIGNAL,RIGHT TURN,2.0,PAINT,NW,-114.11855141949705,51.02398038172851
EDMONTON TR NE,25 AVE NE,REGULAR,REGULAR CROSSWALK,1.0,PAINT,N,-114.05599108296862,51.07516079489336
1A ST SW,53 AVE SW,MULTIWAY STOP,REGULAR CROSSWALK,4.0,PAINT,NSEW,-114.06714196741599,51.005611064175355
MACEWAN DR NW,MACEWAN PARK RD NW,REGULAR,REGULAR CROSSWALK,1.0,PAINT,W,-114.11453202588844,51.13549736816328
27 ST SE,145M WEST OF 29 ST SE,RSM,REGULAR CROSSWALK,1.0,PAINT,W,-113.99665097926994,50.95351065103005
COPPERFIELD BLVD SE,COPPERLEAF LINK SE,SCHOOL,LADDER CROSSWALK,1.0,MMA,E,-113.93378560354537,50.9111354813599
ST GEORGES DR NE,12 ST NE,SIGNALIZED,STOP LINE,3.0,PAINT,NEW,-114.03146420626328,51.04893313013228
CANYON MEADOWS DR SE,QUEEN CHARLOTTE DR SE,SCHOOL,LADDER CROSSWALK,3.0,MMA,NSE,-114.02302462301317,50.93183167600295
26 AVE SW,29 ST SW,SIGNAL,STOP X,1.0,PAINT,S,-114.12956193358362,51.030050738663085
8 AVE SW,POPLAR RD SW,REGULAR,REGULAR CROSSWALK,1.0,PAINT,E,-114.13686886806012,51.04505272009045
37 ST SW,30 AVE SW,CORRIDOR,REGULAR CROSSWALK,2.0,PAINT,EW,-114.14111294435007,51.02693819030432
SPRUCE DR SW,CEDAR CR SW,SCHOOL,LADDER CROSSWALK,1.0,MMA,N,-114.13525621548743,51.04813668954463
28 ST SW,RICHMOND RD SW,REGULAR,REGULAR CROSSWALK,1.0,PAINT,W,-114.12801446581601,51.026372933893754
4 ST NW,44 AVE NW,REGULAR,LADDER CROSSWALK,1.0,PAINT,N,-114.07157015511177,51.09254735777876
61 AVE SW,3 ST SW,SIGNAL,REGULAR CROSSWALK,4.0,PAINT,NSEW,-114.06958464551963,50.99769496201943
50 AVE SE,W. OF 1 ST   &   LRT XING,SIGNAL,X RRXING,4.0,PAINT,EW,-114.06406713522308,51.008638426585854
BERKLEY DR NW,BERKLEY GT NW,MULTIWAYS,REGULAR CROSSWALK,4.0,PAINT,NSEW,-114.09777821274359,51.12670383376581
46 AVE NW,83 ST NW,MULTIWAYS,REGULAR CROSSWALK,4.0,PAINT,NSEW,-114.20808816956053,51.09408341731211
MACDOUGALL RD NE,11 ST,ELDERLY,REGULAR CROSSWALK,1.0,PAINT,S,-114.03668991630678,51.05091993876432
ABBEYDALE DR,ABBOTSFORD DR,RSM,LADDER CROSSWALK,2.0,PAINT,NW,-113.92753333019066,51.06105543306938
24 AVE NW,19 ST NW,SIGNAL,STOP X,4.0,PAINT,NSEW,-114.10633266952885,51.07426235238808
CANYON MEADOWS DR SE,DEER RIDGE DR SE E LEG,SIGNALIZED,RIGHT TURN,2.0,PAINT,NS,-114.01745232513126,50.932048683570535
ON ZOO RD S OF BAINES B,S OF MEMORIAL DR,CORRIDOR,LADDER CROSSWALK,1.0,MMA,MID,-114.03545032508762,51.045900718044585
TUSCANY WAY NW,TUSCANY RIDGE HEIGHTS NW,CORRIDOR,LADDER CROSSWALK,1.0,PAINT,S,-114.25155617137989,51.13064234283648
6 ST SW,4 AVE SW,MID BLOCK,PARKING STALLS,6.0,MMA,E,-114.07604579532615,51.049057268885754
SAGE HILL GA NW,130M WEST OF 37 ST NW,SIGNALIZED,STOP LINE,3.0,PAINT,SEW,-114.14323992350238,51.17077599918345
23 AVE NW,24 ST NW,SIGNALIZED,STOP LINE,3.0,PAINT,NSE,-114.11750436756107,51.07101064876871
50 AVE SE,1A ST SE,SIGNALIZED,STOP LINE,3.0,PAINT,SEW,-114.06140305651158,51.00869789860418
WALDEN DR SE,WALDEN WAY,RSM,REGULAR CROSSWALK,1.0,PAINT,NSE,-114.03730143946959,50.86982291956448
MCKENZIE LAKE BLVD SE,MT SPARROW HAWK LANDING,CORRIDOR,LADDER CROSSWALK,2.0,PAINT,NW,-113.98904309280428,50.90597328863532
HERITAGE DR SE,79 AVE SE,SIGNALIZED,RIGHT TURN,1.0,PAINT,E,-114.04847129339264,50.98268408325035
NEW BRIGHTON DR SE,NEW BRIGHTON HEATH SE,CORRIDOR,LADDER CROSSWALK,1.0,PAINT,E,-113.9540156717157,50.925224452785876
MAHOGANY BLVD SE,MAHOGANY VIEW,RSM,LADDER CROSSWALK,1.0,PAINT,S,-113.93662562785615,50.90092090469055
45 ST SE,FRONT ST,RSM,STOP LINE,2.0,PAINT,EW,-113.94788300534749,50.881690305607655
MOUNTAIN PARK DR SE,S OF MT BALCHER PL,MIDBLOCK,LADDER CROSSWALK,1.0,PAINT,MID,-113.99401204217847,50.90971055534141
MAHOGANY BLVD SE,MASTERS ROAD SE,RSM,REGULAR CROSSWALK,4.0,PAINT,NSEW,-113.91158648601979,50.8923065543699
MEMORIAL DR NE,44 ST NE,SIGNAL,REGULAR CROSSWALK,4.0,PAINT,NSEW,-113.96995831275808,51.05283347312881
210 AVE SE,ALDERSYDE GATE,SIGNALIZED,REGULAR CROSSWALK,4.0,PAINT,NSEW,-114.02913742579865,50.86576008940063
WALDEN BLVD SE,WALDEN GV SE,CORRIDOR,LADDER CROSSWALK,1.0,PAINT,N,-114.02981287247286,50.86963165967089
BRAESIDE DR SW,BRANIFF RD SW,RSM,STOP LINE,1.0,PAINT,E,-114.10368859183856,50.95402781437651
MEMORIAL DR NE,MADIGAN DR NE,SIGNAL,REGULAR CROSSWALK,4.0,PAINT,NSEW,-113.94185974747312,51.05241929034034
210 AV SW,MACLEOD TR SW & CREEKSTONE HL SW,RSM,STOP LINE,5.0,PAINT,EWS,-114.04600034725442,50.86480207843111
210 AV SW,CREEKSTONE HL SW,RSM,STOP LINE,1.0,PAINT,S,-114.05333482584906,50.863148821584424
BARLOW TR SE,3 AVE SE,SIGNAL,RIGHT TURN,2.0,PAINT,NE,-114.00152276462929,51.04744826704049
58 AVE S,CENTRE ST S,MID BLOCK,STOP LINE,4.0,PAINT,EW,-114.0650169669548,51.001374977666266
TUSCANY DR NW,TUSCANY RIDGE COMMON NW,SCHOOL,LADDER CROSSWALK,2.0,MMA,SE,-114.25237265379934,51.128129870011044
TUSCANY RIDGE WAY NW,TUSCANY RIDGE COMMON NW,SCHOOL,LADDER CROSSWALK,1.0,MMA,W,-114.25163715248208,51.127401887600094
9 ST NE,MEMORIAL DR,RSM,LADDER CROSSWALK,2.0,PAINT,NW,-114.04040931732023,51.04945852811073
NOLAN HILL DR NW,NOLANCREST HEIGHTS NW,RSM,REGULAR CROSSWALK,1.0,PAINT,S,-114.16223712742762,51.17651273479118
SPRUCE DR SW,CEDAR CR SW,RSM,REGULAR CROSSWALK,1.0,PAINT,S,-114.13600787810572,51.051158558520974
SYMONS VALLEY PARKWAY NW,SYMONS VALLEY RD NW,SIGNALIZED,STOP LINE,4.0,PAINT,NSEW,-114.13181671203435,51.16799729725074
39 AVE SE,42 AVE SE,MID BLOCK,X RRXING,2.0,PAINT,EW,-114.05860545316624,51.017449802127366
TUSCANY BLVD NW,TUSCANY WAY NW,RSM,LADDER CROSSWALK,1.0,PAINT,W,-114.2479195478173,51.12337544141821
23 AVE NW,BY PED RAMP,RSM,LADDER CROSSWALK,1.0,PAINT,MID,-114.11670517319698,51.07098123677461
54 AV SW,37 ST SW,RSM,REGULAR CROSSWALK,1.0,PAINT,S,-114.1409406013694,51.00430632920259
11A ST NE,CENTRE AV NE,RSM,REGULAR CROSSWALK,1.0,PAINT,E,-114.03504255035018,51.05236035331796
6A ST NE,MCDOUGALL RD NE,RSM,REGULAR CROSSWALK,1.0,PAINT,N,-114.04702291656044,51.05080720485007
2 AV NE,9 ST NE,RSM,STOP LINE,2.0,PAINT,NS,-114.04036904464887,51.05465001219526
TEMPLEGREEN DR NE,TEMPLEGREEN RD NE,RSM,REGULAR CROSSWALK,1.0,PAINT,E,-113.94338208131526,51.08842579289843
EDMONTON TR NE,19 AV NE,RSM,REGULAR CROSSWALK,2.0,PAINT,EW,-114.05601383476183,51.069715006229
9 ST NE,CENTRE AV NE,RSM,REGULAR CROSSWALK,1.0,PAINT,S,-114.04036294666157,51.05236243263185
LAKEVIEW DR SW,63 AVE SW,REGULAR,LADDER CROSSWALK,2.0,PAINT,NE,-114.13214690286547,50.996375974072855
63 AVE SW,LYNCH CR SW,REGULAR,REGULAR CROSSWALK,1.0,PAINT,E,-114.12193354362323,50.99751160320533
MONTGOMERY BLVD NW,MONTGOMERY RD NW,RSM,REGULAR CROSSWALK,1.0,PAINT,S,-114.1618782411365,51.06784635069404
VALLEY RIDGE BLVD NW,VALLEY RIDGE  GREEN NW,REGULAR,REGULAR CROSSWALK,1.0,PAINT,S,-114.25021121255864,51.093732220784105
2 ST NE,8 AVE NE,RSM,REGULAR CROSSWALK,4.0,PAINT,NSEW,-114.05764446399046,51.05975364322291
45 ST SW,5 AVE SW,SCHOOL,LADDER CROSSWALK,2.0,MMA,NE,-114.15281569405987,51.05071973035619
10 ST NW,23 AVE NW,CORRIDOR,REGULAR CROSSWALK,2.0,MMA,EW,-114.08457007740502,51.073212543333604
1 ST NE,11 AVE  NE,MULTIWAYS,REGULAR CROSSWALK,4.0,PAINT,NSEW,-114.05993425949652,51.06243860040086
2 ST NE,13 AVE NE,MULTIWAYS,REGULAR CROSSWALK,4.0,PAINT,NSEW,-114.0576310921243,51.064206405573465
2 ST NE,14 AVE NE,MULTIWAYS,REGULAR CROSSWALK,4.0,PAINT,NSEW,-114.0576171936192,51.0650959516455
BOWNESS RD NW,23 ST NW,REGULAR,REGULAR CROSSWALK,1.0,PAINT,E,-114.11540926317194,51.051124895833944
1 ST NE,8 AVE NE,MULTIWAYS,REGULAR CROSSWALK,4.0,PAINT,NSEW,-114.06002279447173,51.059765234939384
1 ST NE,7 AVE NE,MULTIWAYS,REGULAR CROSSWALK,4.0,PAINT,NSEW,-114.06010638250324,51.05887345575666
TUSCANY DR NW,TUSCANY RAVINE RD NW,SIGNALIZED,LADDER CROSSWALK,1.0,PAINT,S,-114.24181645855482,51.11880192298028
2 ST NE,11 AVE NE,MULTIWAYS,REGULAR CROSSWALK,4.0,PAINT,NSEW,-114.05763527001388,51.06242723656454
2 ST NE,10 AVE NE,MULTIWAYS,REGULAR CROSSWALK,4.0,PAINT,NSEW,-114.05763835234828,51.06153065917108
2 ST NE,9 AVE NE,MULTIWAYS,REGULAR CROSSWALK,4.0,PAINT,NSEW,-114.05764142128017,51.060638307708246
BONAVENTURE DR SE,LAKE BONAVISTA DR SE,SCHOOL,LADDER CROSSWALK,4.0,MMA,NSEW,-114.06004969317203,50.9460791059487
CRANSTON BLVD SE,CRANSTON DR SE,MULTIWAY STOP,STOP LINE,3.0,PAINT,NEW,-113.98521260540221,50.89186496628014
19 AVE SE,35 ST SE,RSM,REGULAR CROSSWALK,2.0,PAINT,NS,-113.9830514419224,51.03611388899934
2 ST NE,7 AVE NE,MULTIWAYS,REGULAR CROSSWALK,4.0,PAINT,NSEW,-114.0576401260256,51.058863333107446
7 AVE SW,2 ST SW,DOWNTOWN,STOP LINE,3.0,MMA,SEW,-114.06788545779061,51.0466391260441
7 AVE SW,3 ST SW,DOWNTOWN,REGULAR CROSSWALK,4.0,MMA,NSEW,-114.07034879518748,51.04672900592832
7 AVE SW,4 ST SW,DOWNTOWN,STOP LINE,3.0,MMA,SEW,-114.07144037000248,51.046752699708954
7 AVE SW,5 ST SW,DOWNTOWN,STOP LINE,4.0,MMA,NSEW,-114.07381672692141,51.046806024470165
7 AVE SW,6 ST SW,DOWNTOWN,REGULAR CROSSWALK,4.0,MMA,NSEW,-114.07624142643691,51.046883626171756
7 AVE SW,9 ST SW,DOWNTOWN,STOP LINE,3.0,MMA,NEW,-114.08365072153431,51.04706731834287
8 AVE SE,6 ST SE,DOWNTOWN,STOP LINE,1.0,MMA,W,-114.04836179482132,51.04512048163645
8 AVE SE,5 ST SE,DOWNTOWN,REGULAR CROSSWALK,4.0,MMA,NSEW,-114.05075737961498,51.045192535304174
8 AVE SW,3 ST SW,DOWNTOWN,REGULAR CROSSWALK,4.0,MMA,NSEW,-114.0703955985421,51.04574254972456
8 AVE SW,7 ST SW,DOWNTOWN,STOP LINE,4.0,MMA,NSEW,-114.07878041788962,51.04599902845363
53 AVE SE,100M WEST OF BLACKFOOT TR SE,RSM,STOP LINE,4.0,PAINT,EW,-114.05047301704839,51.00595060794385
8 AVE SW,11 ST SW,DOWNTOWN,STOP X,1.0,MMA,E,-114.08867223765603,51.046265950488014
36 AVE NW,CENTRE B ST NW,SCHOOL,STOP LINE,2.0,MMA,NS,-114.06384918751525,51.08497525030593
52 ST SE,MCKENZIE TOWNE BLVD SE,SIGNALIZED,RIGHT TURN,4.0,PAINT,NSEW,-113.95828320492265,50.918245861282955
HERITAGE DR SW,11 ST SW,REGULAR,STOP LINE,2.0,PAINT,NS,-114.08968815232136,50.979570660506944
9 AVE SE,11 ST SE,CORRIDOR,STOP LINE,4.0,PAINT,NSEW,-114.03677046399233,51.04219099650479
162 AVE SW,BRIDLECREST BLVD SW,RSM,LADDER CROSSWALK,2.0,PAINT,EW,-114.11978901633114,50.90662635576325
52 ST SE,90 AVE SE,SIGNAL,REGULAR CROSSWALK,4.0,PAINT,NSEW,-113.95832833838945,50.972283358183425
52 ST SE,86 AVE SE,SIGNALIZED,REGULAR CROSSWALK,4.0,PAINT,NSEW,-113.95853273086804,50.975435032606995
ERIN WOODS BLVD SE,ERIN DALE CRES SE,CORRIDOR,LADDER CROSSWALK,1.0,MMA,E,-113.97841446335755,51.018568170306146
CHAPALA WAY SE,CHAPARRAL BLVD SE,RSM,RIGHT TURN,2.0,PAINT,EW,-114.02444906769108,50.880688779700435
58 AVE SE,2 ST SE,SIGNALIZED,STOP X,1.0,PAINT,E,-114.06007888354802,51.00141098589647
7 ST NW,17 AVE NW,MULTIWAY STOP,REGULAR CROSSWALK,4.0,PAINT,NSEW,-114.07889938164284,51.0678715060458
SAGE HILL DR NW,SAGE HILL WAY NW,RSM,STOP LINE,2.0,PAINT,EW,-114.14119134369791,51.17885577607023
SAGE HILL DR NW,SAGE VALLEY BLVD NW,RSM,STOP LINE,2.0,PAINT,EW,-114.14117093639359,51.17589101829437
50 AVE SE,BUILDERS RD SE,RSM,STOP LINE,2.0,PAINT,N,-114.05702481547668,51.00871272731334
24 ST NW,23 AV NW,MID BLOCK,REGULAR CROSSWALK,1.0,PAINT,MID,-114.1175369086126,51.07183527949962
CENTRE AV NE,6A ST NE,SCHOOL,STOP LINE,1.0,MMA,W,-114.04700576478851,51.052375676600114
CRESTMONT BV SW,CRESTBROOK WY SW,RSM,REGULAR CROSSWALK,1.0,PAINT,W,-114.27035076753721,51.085770878589805
30 SAGE HILL ROW NW,,RSM,LADDER CROSSWALK,1.0,PAINT,W,-114.14312996438304,51.17463106475691
1 ST SE,BUILDERS RD SE,RSM,STOP LINE,4.0,PAINT,EW,-114.06126490724947,51.01373653398946
2 AV NE,7 ST NE,RSM,STOP LINE,2.0,PAINT,NS,-114.0456937161818,51.05466386127969
2 AV NW,7A ST NE,RSM,STOP LINE,2.0,PAINT,NS,-114.04435688959984,51.05466040636592
2 AV NE,8 ST NE,RSM,STOP LINE,2.0,PAINT,NS,-114.04302637775146,51.05465695181829
2 AV NE,9A ST NE,RSM,STOP LINE,2.0,PAINT,NS,-114.03903348259615,51.05464650225484
22 ST NW,1 AV NW,RSM,REGULAR CROSSWALK,1.0,PAINT,N,-114.11293273197514,51.05343383558079
7541 26 AV SW,,SCHOOL,LADDER CROSSWALK,1.0,MMA,MID,-114.19563123292339,51.030543144366426
50 ST SW,46 AV SW,RSM,REGULAR CROSSWALK,1.0,PAINT,N,-114.15966161837083,51.01245913983313
TUSCANY WY NW,TUSCANY SPRINGS HILL NW,RSM,REGULAR CROSSWALK,1.0,PAINT,E,-114.2531363390639,51.13225588603009
NOSE HILL DR NW,CRIMSON RIDGE GA NW,RSM,REGULAR CROSSWALK,1.0,PAINT,N,-114.26513923108918,51.10829477258887
TEMPLE DR NE,64 ST NE,SCHOOL,STOP LINE,1.0,MMA,S,-113.94110369025066,51.085013326183955
TEMPLEHILL RD NE,TEMPLEHILL DR NE,SCHOOL,LADDER CROSSWALK,2.0,MMA,NW,-113.95228567439742,51.0863244518097
TUSCANY WAY NW,TUSCANY HILLS PARK NW,REGULAR,REGULAR CROSSWALK,1.0,PAINT,S,-114.24373330761058,51.12113720548649
14 AVE SW,26 ST SW,MULTIWAY STOP,STOP LINE,4.0,PAINT,NSEW,-114.12364796395381,51.03963159886554
GRAFTON DR SW,GOVERNOR DR SW,SCHOOL,LADDER CROSSWALK,1.0,MMA,N,-114.14739515401814,51.015215233093045
SARCEE RD SW,34 AVE SW,ELDERLY PEDESTRIAN,LADDER CROSSWALK,1.0,PAINT,S,-114.12954973969761,51.023246231243604
SCENIC ACRES DR NW,SCENIC RIDGE GATE NW,RSM,REGULAR CROSSWALK,1.0,PAINT,S,-114.21866544507114,51.11104458928007
CROWCHILD TR SW,33 AVE SW,SIGNAL,RIGHT TURN,2.0,PAINT,SE,-114.11720693161011,51.02395384717509
4 ST NW,40 AVE NW,SIGNAL,RIGHT TURN,4.0,PAINT,NSEW,-114.07159636652426,51.08740820671916
5 ST SW,58 AV SW,SIGNAL,REGULAR CROSSWALK,4.0,PAINT,NSEW,-114.07619716656936,51.00137453140226
7 AVE SE,1 ST SE,DOWNTOWN,REGULAR CROSSWALK,4.0,MMA,NSEW,-114.0604955948812,51.04644224605308
61 AVE SE,E. OF 1A ST,SIGNAL,STOP LINE,4.0,PAINT,EW,-114.06564894463229,50.997745621947516
7 AVE SW,1 ST SW,DOWNTOWN,STOP LINE,4.0,MMA,NSEW,-114.06541249509026,51.046567467664474
ON 3RD ST SW,BETWEEN 7 AND 8 AVE SW,MID BLOCK,LADDER CROSSWALK,1.0,MMA,MID,-114.07034326944489,51.046193567344616
2 ST NW,20 AV NW,SIGNALIZED,STOP LINE,4.0,PAINT,NSEW,-114.0674757602745,51.070611538345446
12 ST NE,1 AVE NE,MULTIWAYS,REGULAR CROSSWALK,4.0,PAINT,NSEW,-114.03373012514484,51.05324266879196
BERKLEY DR NW,HUNTERVIEW DR NW,MULTIWAYS,REGULAR CROSSWALK,3.0,PAINT,SEW,-114.08460358987159,51.12680214699473
48 AVE NW,E OF 88 ST NW,MIDBLOCK,REGULAR CROSSWALK,1.0,PAINT,MID,-114.2153249931044,51.09590469267579
46 AVE NW,79 ST NW,MULTIWAYS,REGULAR CROSSWALK,4.0,PAINT,NSEW,-114.20226207254092,51.09407900572051
19 ST NW,25 AVE NW,REGULAR,REGULAR CROSSWALK,1.0,PAINT,N,-114.10630645661698,51.075467074652494
37 ST SW,16 AVE SW,REGULAR,REGULAR CROSSWALK,3.0,PAINT,NSE,-114.14110608036788,51.03897614746183
SPRUCE DR SW,HEMLOCK CR SW,SCHOOL,LADDER CROSSWALK,1.0,MMA,S,-114.13497803542121,51.047666018318075
TUSCANY WAY NW,100M N TUSCANY BLVD NW,REGULAR,LADDER CROSSWALK,1.0,PAINT,N,-114.24686274845176,51.12497622874806
TUSCANY HILL NW,TUSCANY GLEN GATE NW,SCHOOL,LADDER CROSSWALK,1.0,MMA,N,-114.24669598436664,51.11601435836819
CRESTMONT BLVD SW,CRESTMONT DR SW,SCHOOL,LADDER CROSSWALK,1.0,MMA,E,-114.26346860608622,51.08627445337656
TUSCANY DR NW,TUSCANY BLVD NW,MULTIWAY STOP,REGULAR CROSSWALK,3.0,PAINT,NSE,-114.25425050688197,51.121341134482684
COVEPARK DR NE,COVEPARK WAY NE,SCHOOL,LADDER CROSSWALK,1.0,MMA,S,-114.05207252884541,51.16512018711162
1 AVE NE,6A ST NE,SCHOOL,LADDER CROSSWALK,2.0,MMA,SW,-114.04701122688594,51.05328231115463
TUSCANY WAY NW,TUSCANY VILLAGE COURT NW,SCHOOL,LADDER CROSSWALK,1.0,MMA,W,-114.24486959820105,51.122531605606476
14 AVE SW,27 ST SW,RSM,REGULAR CROSSWALK,4.0,PAINT,NSEW,-114.12664976397292,51.03963456679683
VALLEY RIDGE DR NW,VALLEY CREEK RD NW,RSM,LADDER CROSSWALK,1.0,PAINT,W,-114.2589682535837,51.09077686133666
SAGE VALLEY BLVD NW,SAGE VALLEY RD NW,RSM,STOP LINE,1.0,PAINT,N,-114.15361749057932,51.17590244948505
77 ST SW,26 AVE SW,SCHOOL,LADDER CROSSWALK,1.0,MMA,N,-114.19933865418855,51.03053925272528
12 ST NE,MCDOUGALL RD NE,SCHOOL,LADDER CROSSWALK,1.0,MMA,S,-114.03377534207478,51.05088908807566
9 ST NE,MCDOUGALL RD NE,RSM,STOP LINE,4.0,PAINT,NSEW,-114.04036828587954,51.05091935912794
6 ST NW,17 AVE NW,MULTIWAY STOP,STOP LINE,4.0,PAINT,NSEW,-114.07645503444671,51.06785529109961
SKYVIEW RANCH DR NE,52 ST NE,SCHOOL,REGULAR CROSSWALK,2.0,MMA,SE,-113.95839003764831,51.15801918829842
BRIDLERIDGE WAY SW,BRIDLEWOOD RD SW,SCHOOL,LADDER CROSSWALK,2.0,MMA,SE,-114.10923515575195,50.90214202559137
6 AVE SW,10 ST SW,DOWNTOWN,STOP X,1.0,PAINT,S,-114.08601924082384,51.04808856135857
EDMONTON TR NE,7 AVE NE,SIGNALIZED,REGULAR CROSSWALK,3.0,PAINT,NSE,-114.05427836603319,51.05842497066673
1 AVE NE,4 ST NE,SIGNAL,STOP LINE,2.0,PAINT,NW,-114.05171580942695,51.05347265039962
76 AVE SE,68 ST SE,RSM,RIGHT TURN,2.0,PAINT,NS,-113.93524184307867,50.98508990269787
BARLOW TR SE,106 AVE SE,SIGNAL,RIGHT TURN,3.0,PAINT,NEW,-113.98138201430304,50.95789366960529
144 AVE NW,CARRINGTON BLVD NW,RSM,STOP LINE,2.0,PAINT,NS,-114.09008680220107,51.18406655001448
CRESCENT BLVD SW,42 AVE SW,RSM,REGULAR CROSSWALK,3.0,PAINT,SEW,-114.07227493926086,51.01379860018757
MACLEOD TR S,45 AVE SE,SIGNAL,REGULAR CROSSWALK,3.0,PAINT,NSW,-114.06584985507412,51.01283415480856
ROYAL BIRKDALE DR NW,ROYAL BIRKDALE CR NW,SCHOOL,LADDER CROSSWALK,2.0,MMA,SE,-114.22335023159039,51.14544782251281
ROYAL OAK WAY NW,ROYAL OAK CIRCLE NW,SCHOOL,LADDER CROSSWALK,1.0,MMA,W,-114.22340826267735,51.15043607988249
EVANSTON VIEW NW,EVANSTON RISE NW,SCHOOL,LADDER CROSSWALK,1.0,MMA,W,-114.11793366467442,51.16434382888605
ROCKY RIDGE RD NW,EAMON RD NW,RSM,REGULAR CROSSWALK,3.0,PAINT,SEW,-114.2343704991381,51.135304107947704
ROCKY RIDGE RD NW,ROYAL HIGHLAND RD NW,REGULAR,RIGHT TURN,1.0,PAINT,E,-114.23418973197738,51.1453743191424
ROYAL OAK DR NW,ROYAL BIRCH GATE NW,RSM,REGULAR CROSSWALK,1.0,PAINT,S,-114.21515119548627,51.14360640700968
85 ST NW,46 AVE NW,SCHOOL,LADDER CROSSWALK,2.0,MMA,SW,-114.21097972513533,51.09408612836613
TWELVE MILE COULEE RD NW,ROCKYVALLEY DR NW,SIGNALIZED,RIGHT TURN,1.0,PAINT,E,-114.2573508488024,51.148481787109894
ROYAL OAK DR NW,ROYAL BIRCH BLVD NW,MULTIWAYS,REGULAR CROSSWALK,4.0,PAINT,NSEW,-114.21752977572172,51.14791407959101
SCURFIELD DR NW,SCOTIA POINT NW,SCHOOL,LADDER CROSSWALK,1.0,MMA,W,-114.21529070020308,51.12240991578059
HARVEST HILLS DR NE,HARVEST HILLS LINK NE,REGULAR,REGULAR CROSSWALK,1.0,PAINT,E,-114.0551844786646,51.14341358995405
LINDSTROM DR SW,NORTH OF LINDEN DR SW,MIDBLOCK,REGULAR CROSSWALK,1.0,PAINT,MID,-114.12044674711595,50.992295454511265
HARVEST HILLS DR NE,HARVEST OAK GATE NE,SCHOOL,STOP LINE,1.0,MMA,W,-114.06044832771651,51.14692174580712
HARVEST HILLS DR NE,HARVEST HILLS GATE NE,REGULAR,REGULAR CROSSWALK,3.0,PAINT,NEW,-114.04806615111923,51.15122240944457
HARVEST HILLS DR NE,HARVEST LAKE DR NE,RSM,REGULAR CROSSWALK,2.0,PAINT,EW,-114.04934285712102,51.146327588516186
ROYAL OAK WAY NW,ROYAL OAK PARK NW,RSM,REGULAR CROSSWALK,1.0,MMA,E,-114.22053008240046,51.15088213000133
HARVEST HILLS DR NE,HARVEST OAK VIEW NE,SCHOOL,LADDER CROSSWALK,2.0,MMA,NS,-114.06004310866835,51.14803354245958
HARVEST HILLS DR NE,HARVEST HILLS WAY NE,RSM,LADDER CROSSWALK,1.0,PAINT,N,-114.04535505425615,51.14997686613157
63 AVE SW,LACOMBE WAY SW,REGULAR,REGULAR CROSSWALK,1.0,PAINT,W,-114.11929270276487,50.997183863059725
COVENTRY HILLS WAY NE,150M NORTH OF COVEPARK SQ NE,SCHOOL,LADDER CROSSWALK,1.0,MMA,MID,-114.06218517323433,51.16727686429293
63 AVE SW,30 ST SW,SCHOOL,LADDER CROSSWALK,1.0,MMA,E,-114.12849057827387,50.997206053317406
PANAMOUNT BLVD NW,PANAMOUNT HILL NW,REGULAR,REGULAR CROSSWALK,1.0,PAINT,E,-114.07688397991146,51.15921940924674
LEWIS DR SW,CLEM GARDNER SCHOOL,SCHOOL,LADDER CROSSWALK,1.0,MMA,MID,-114.13497407578471,51.00067943550276
LONGRIDGE DR SW,BTW LANCING AV & LARKS WY SW,MIDBLOCK,REGULAR CROSSWALK,1.0,PAINT,MID,-114.11580384568397,50.99498146384705
SARCEE TR NW,SHERWOOD BLVD NW,SIGNALIZED,REGULAR CROSSWALK,3.0,PAINT,NSE,-114.16293977424756,51.162588895947934
2 ST NE,29 AVE NE,REGULAR,REGULAR CROSSWALK,1.0,PAINT,S,-114.0574706178551,51.07872323803038
UTAH DR NW,URBANA RD NW,REGULAR,REGULAR CROSSWALK,1.0,PAINT,E,-114.13497309459616,51.069107607815724
ROYAL ELM DR NW,ROYAL RIDGE MT NW,RSM,REGULAR CROSSWALK,1.0,PAINT,N,-114.23089101882992,51.141022739790714
ROYAL BIRKDALE DR NW,ROYAL OAK WAY NW,SCHOOL,LADDER CROSSWALK,2.0,MMA,NE,-114.22525278195296,51.14933298496235
VALLEY RIDGE BLVD NW,VALLEY RIDGE DR NW,MULTIWAYS,RIGHT TURN,4.0,PAINT,NSEW,-114.24952984566106,51.09196434945157
ROYAL BIRKDALE DR NW,ROYAL BIRKDALE CR NW,SCHOOL,LADDER CROSSWALK,2.0,MMA,NS,-114.22431599783906,51.146455038933595
TUSCANY DR NW,TUSCANY GLEN RD NW,SCHOOL,REGULAR CROSSWALK,1.0,MMA,S,-114.24895540089162,51.11843985431078
COVENTRY DR NE,COVENTRY CLOSE NE,SCHOOL,LADDER CROSSWALK,1.0,MMA,W,-114.04732994606651,51.156974164746956
COUNTRY HILLS BLVD NW,FIRST INT WEST/112 AVE NW,SIGNAL,REGULAR CROSSWALK,3.0,PAINT,NSE,-114.21576228758983,51.15218487760452
SHERWOOD PARADE NW,SHERWOOD COVE NW,SCHOOL,LADDER CROSSWALK,1.0,MMA,N,-114.14875590892927,51.15887206683003
COVENTRY HILLS WAY NE,COVEPARK DR NE,SCHOOL,LADDER CROSSWALK,1.0,MMA,E,-114.05189100654802,51.164655186308806
SCURFIELD DR NW,SCRIPP LANDING NW,REGULAR,REGULAR CROSSWALK,1.0,PAINT,N,-114.22273807942182,51.11970553086119
SOUTHLAND DR SW,HADDON RD SW,SIGNAL,RIGHT TURN,2.0,PAINT,SE,-114.07914165438572,50.9646847332828
SHERWOOD BLVD NW,95M SOUTH OF (AT PATHWAY),CORRIDOR,LADDER CROSSWALK,1.0,PAINT,MID,-114.15078513685187,51.16175189063267
COUNTRY HILLS BLVD NW,ROCKY RIDGE RD NW,SIGNALIZED,REGULAR CROSSWALK,4.0,PAINT,NSEW,-114.23421182097593,51.154057715782905
ROYAL BIRCH BLVD NW,ROYAL BIRCH HEIGHTS NW,SCHOOL,LADDER CROSSWALK,2.0,MMA,SW,-114.22146693563977,51.1452278646935
SOUTHLAND DR SW,HORTON RD SW,SIGNAL,REGULAR CROSSWALK,3.0,PAINT,NSE,-114.07460727662041,50.9650442929937
ELBOW DR SW,SOUTH HAMPTON DR SW,REGULAR,LADDER CROSSWALK,1.0,PAINT,S,-114.08481586844073,50.960651929040495
SCURFIELD DR NW,SCENIC ACRES LINK NW,MULTIWAYS,STOP LINE,3.0,PAINT,NSW,-114.22312246949681,51.12070564875558
144 AVE NW,37 ST NW,RSM,RIGHT TURN,1.0,PAINT,S,-114.141119288094,51.18310996125235
51 AVE SE,5 ST SE,RSM,X RRXING,3.0,PAINT,NSW,-114.05246641294217,51.007467113366474
SAGE VALLEY BLVD NW,SAGE HILL RD,RSM,REGULAR CROSSWALK,1.0,PAINT,S,-114.14969644377169,51.1758326915497
BOWNESS RD NW,16 AV NW,RSM,LADDER CROSSWALK,1.0,PAINT,EB,-114.15134917108189,51.065159521227166
6 ST SE,42 AV SE,RSM,REGULAR CROSSWALK,1.0,PAINT,S,-114.04984962597426,51.0159310033866
CENTRE ST N,LIVINGSTON VW NE,RSM,STOP LINE,2.0,PAINT,NS,-114.07128167905923,51.189851329073875
9A ST NE,MCDOUGALL RD NE,RSM,REGULAR CROSSWALK,3.0,PAINT,NEW,-114.03882956433718,51.050903770840115
9 ST SW,7 AVE SW,MID BLOCK,PARKING STALLS,8.0,MMA,E,-114.0835599646337,51.046782457312865
4 ST SW,EAU CLAIRE AVE SW,MID BLOCK,PARKING STALLS,10.0,MMA,E,-114.071453188964,51.051993192285295
1 ST NE,34 AV NE,RSM,STOP LINE,2.0,PAINT,EW,-114.0599816111838,51.08323887817917
66 AVE SW,LAKEVIEW DR SW,CORRIDOR,LADDER CROSSWALK,1.0,PAINT,E,-114.13181642580261,50.99458387553569
63 AVE SW,LANCASTER WAY SW,REGULAR,REGULAR CROSSWALK,2.0,PAINT,EN,-114.12650863036545,50.99764923198052
LAKEVIEW DR SW,58 AVE SW,MULTIWAYS,REGULAR CROSSWALK,4.0,PAINT,NSEW,-114.1352297427165,51.00198682842869
6 ST SW,1 AVE SW,MID BLOCK,PARKING STALLS,5.0,MMA,,-114.07594494641279,51.05199720580434
24 AVE NE,RUNDLEHORN DR NE,REGULAR,REGULAR CROSSWALK,1.0,PAINT,S,-113.94099541849955,51.074300182704725
58 AVE SW,34 ST SW,SCHOOL,LADDER CROSSWALK,1.0,MMA,E,-114.13712808522864,51.00099864013245
61 ST NE,PINERIDGE RD NE,SCHOOL,LADDER CROSSWALK,1.0,MMA,S,-113.94457385328502,51.070087010233046
UXBRIDGE DR NW,UNWIN RD NW,MULTIWAYS,REGULAR CROSSWALK,4.0,PAINT,NSEW,-114.13016147908685,51.07082128953906
VALLEY RIDGE DR NW,VALLEY MEADOW CL NW,REGULAR,REGULAR CROSSWALK,2.0,PAINT,EW,-114.24512034071735,51.09202131418458
SUNRIDGE BLVD,29 ST (E LEG),SIGNAL,REGULAR CROSSWALK,3.0,PAINT,SEW,-113.99138453172736,51.07608666409091
SCENIC ACRES DR NW,SCENIC ACRES BLVD NW,MULTIWAY STOP,RIGHT TURN,1.0,PAINT,N,-114.22238559118087,51.11599108790373
45 ST SW,10 AVE SW,SCHOOL,STOP LINE,2.0,MMA,EW,-114.1526538309869,51.04328963364617
BOWNESS RD NW,44 AVE NW,SCHOOL,LADDER CROSSWALK,3.0,MMA,NEW,-114.2108031901012,51.09192834586662
PANAMOUNT BLVD NW,PANAMOUNT LANE NW,RSM,REGULAR CROSSWALK,1.0,PAINT,W,-114.08264935959276,51.15713609216898
14 AVE SW,25 A ST SW,SCHOOL,LADDER CROSSWALK,1.0,MMA,W,-114.12221023902968,51.03963151449111
BLACKFOOT TR SE,53 AVE SE,SIGNAL,STOP LINE,3.0,PAINT,NSW,-114.04888897537275,51.00596692639632
61 ST NE,RUNDLEHORN DR NE,SCHOOL,LADDER CROSSWALK,2.0,MMA,SW,-113.94457941459304,51.07091896320777
COVENTRY HILLS BLVD NE,COVENTRY WAY NE,RSM,RIGHT TURN,1.0,PAINT,E,-114.05417283163507,51.16125268647268
PANORAMA HILLS DR NW,PANORAMA HILLS RISE NW,RSM,REGULAR CROSSWALK,1.0,PAINT,S,-114.08571514809145,51.15351448603044
SADDLECREST BLVD NE,SADDLECREST GD NE,SCHOOL,LADDER CROSSWALK,1.0,MMA,W,-113.93697333721506,51.13742585113011
4 ST NW,TRAFFORD DR NW,CORRIDOR,REGULAR CROSSWALK,2.0,PAINT,EW,-114.07149414175198,51.09861114921603
COUNTRY HILLS BLVD NW,PANORAMA HILLS WAY NW,SIGNAL,RIGHT TURN,2.0,PAINT,NS,-114.06912433249488,51.15139885565657
COUNTRY HILLS BLVD NW,PANORAMA HILLS BLVD NW,SIGNAL,RIGHT TURN,3.0,PAINT,NSW,-114.07365602105622,51.148543123452725
COUNTRY HILLS BLVD NE,COUNTRY VILLAGE WAY NE,SIGNAL,RIGHT TURN,1.0,PAINT,N,-114.0609494563029,51.154217231475364
SAGE VALLEY DR NW,SAGE BANK WAY BW,RSM,REGULAR CROSSWALK,4.0,PAINT,NSEW,-114.15690301269885,51.18022333724246
18 ST NW,3 AVE NW,SCHOOL,LADDER CROSSWALK,1.0,MMA,S,-114.10244313362959,51.055326467758775
33 ST SW,BUS LRT LOOP NW CORNER,MULTIWAY STOP,REGULAR CROSSWALK,3.0,PAINT,NSE,-114.13663775020734,51.04070490078881
SAGE HILL BLVD NW,SAGE HILL PASS NW,RSM,REGULAR CROSSWALK,4.0,PAINT,NSEW,-114.14704713630287,51.17052242727781
TUSCANY BLVD NW,TUSCANY VALLEY VW NW,SIGNAL,RIGHT TURN,2.0,PAINT,NS,-114.24281592553487,51.12500769097829
BOWNESS RD NW,79 ST NW,SIGNALIZED,LADDER CROSSWALK,1.0,PAINT,E,-114.20153017835896,51.08894047378044
EDMONTON TR NE,22 AVE NE,RSM,REGULAR CROSSWALK,1.0,PAINT,N,-114.05626259435161,51.07244661900259
SPRUCE DR SW,8 AVE SW,REGULAR,REGULAR CROSSWALK,1.0,PAINT,N,-114.13541904166506,51.045032056800174
SPRUCE DR SW,WHITE OAK CR SW,REGULAR,REGULAR CROSSWALK,1.0,PAINT,E,-114.15529817136121,51.05234431318738
42 AVE SE,E. OF MACLEOD TR SE,SIGNAL,STOP LINE,11.0,PAINT,EW,-114.06170598165514,51.016028773192616
42 AV SE,MANHATTAN RD SE,SIGNAL,RIGHT TURN,1.0,PAINT,S,-114.05318349402519,51.01590394510041
58 AVE SE,3 ST SE,SIGNAL,REGULAR CROSSWALK,4.0,PAINT,NSEW,-114.05707056902592,51.00140694192424
6 ST NW,20 AV NW,CORRIDOR,REGULAR CROSSWALK,2.0,MMA,NS,-114.07646896486787,51.0705391443042
19 ST NW,20 AV NW,SIGNAL,REGULAR CROSSWALK,4.0,PAINT,NSEW,-114.10627868545465,51.07055484422712
1 AVE NE,7 ST NE,RSM,REGULAR CROSSWALK,1.0,PAINT,E,-114.04568165584891,51.05326300252064
BERKLEY DR NW,BERKLEY RISE NW,REGULAR,REGULAR CROSSWALK,1.0,PAINT,W,-114.07772301094927,51.12685589290145
BERKLEY DR NW,BERWICK RD NW,REGULAR,REGULAR CROSSWALK,1.0,PAINT,E,-114.08996923046763,51.12814837154796
COVENTRY DR NE,COVENTRY BLVD NE,REGULAR,STOP LINE,1.0,PAINT,S,-114.04442768024444,51.15795082031007
46 AVE NW,81 ST NW,MULTIWAYS,REGULAR CROSSWALK,4.0,PAINT,NSEW,-114.2051750893487,51.09407393026992
9 ST NE,MCPHERSON RD NE,REGULAR,STOP LINE,1.0,PAINT,W,-114.0403629617538,51.050018609436684
68 ST SE,APPLEWOOD DR SE,SIGNAL,RIGHT TURN,1.0,PAINT,E,-113.93516119857556,51.04268856590233
TUSCANY MEADOWS DR NW,TUSCANY MEADOWS CL,SCHOOL,REGULAR CROSSWALK,1.0,MMA,E,-114.24397661800258,51.11451606227847
COVENTRY HILLS WAY NE,COVEPARK DR NE,RSM,LADDER CROSSWALK,1.0,PAINT,E,-114.05372265876167,51.16931844553018
SPRINGBANK WAY SW,AT 7812 (PATHWAY),MID BLOCK,REGULAR CROSSWALK,1.0,PAINT,MID,-114.20026489559369,51.02139787794273
33 ST SW,155 M S OF BOW TR,MID BLOCK,REGULAR CROSSWALK,1.0,PAINT,MID,-114.13644067519128,51.040132952628525
10 ST NW,20 AV NW,SIGNALIZED,REGULAR CROSSWALK,4.0,PAINT,NSEW,-114.08482898520799,51.070570434177355
DISCOVERY RIDGE BLVD SW,DISCOVERY RIDGE COVE,REGULAR,LADDER CROSSWALK,1.0,PAINT,N,-114.20784052778241,51.01238441606532
SCURFIELD DR NW,SCEPTRE CL NW,RSM,REGULAR CROSSWALK,1.0,PAINT,N,-114.22286518033363,51.11893187201161
SCENIC RIDGE CRESCENT NW,SCENIC RIDGE PLACE NW,RSM,REGULAR CROSSWALK,1.0,PAINT,E,-114.21878664310697,51.108713340160286
SPRINGBANK BLVD SW,SPRING MEWS SW,RSM,REGULAR CROSSWALK,3.0,PAINT,SEW,-114.19627763387474,51.01848583693839
50 ST SW,AT 5010 50 ST SW,MID BLOCK,REGULAR CROSSWALK,1.0,PAINT,MID,-114.15973520357328,51.00963895667417
53 ST NW,VALIANT DR NW,REGULAR,REGULAR CROSSWALK,1.0,PAINT,N,-114.16445632872218,51.090242151294014
PANAMOUNT ST NW,PANAMOUNT VIEW NW,RSM,REGULAR CROSSWALK,1.0,PAINT,N,-114.0869270738488,51.160655106140496
6 AVE SW,4 ST SW,DOWNTOWN,REGULAR CROSSWALK,4.0,MMA,NSEW,-114.07148045263423,51.04769038951195
COUNTRY HILLS BLVD NE,HOME DEPOT ENTRANCE,REGULAR,REGULAR CROSSWALK,2.0,PAINT,NW,-114.06385838265751,51.154118107809765
53 ST NW,VARSITY ESTATES GROVE NW,MULTIWAYS,REGULAR CROSSWALK,4.0,PAINT,NSEW,-114.1644882752788,51.10029173835416
49 ST NW,VANTAGE CR NW,SCHOOL,LADDER CROSSWALK,1.0,MMA,N,-114.15854117541286,51.09301917270878
VARSITY ESTATES DR NW,AT 1815,MIDBLOCK,REGULAR CROSSWALK,1.0,PAINT,MID,-114.17216912267742,51.09743148905208
TUSCANY BLVD NW,TUSCANY RIDGE VIEW NW,REGULAR,REGULAR CROSSWALK,1.0,PAINT,W,-114.25116337240908,51.122311914643596
1 AVE NE,7A ST NE,RSM,STOP LINE,2.0,PAINT,NS,-114.04435724465185,51.053258325554474
EDMONTON TR NE,29 AVE NE,SCHOOL,LADDER CROSSWALK,3.0,MMA,EWS,-114.05521524477267,51.07872962888864
SUNRIDGE WAY NE,32 ST NE,SIGNAL,RIGHT TURN,1.0,PAINT,N,-113.9892391444458,51.06909842630514
3 AVE SW,6 ST SW,DOWNTOWN,REGULAR CROSSWALK,4.0,MMA,NSEW,-114.07599033931785,51.05066194331167
68 ST NE,MEMORIAL DR NE,SIGNAL,RIGHT TURN,4.0,PAINT,NSEW,-113.93512693739014,51.052427617495
4 ST NW,32 AVE NW,CORRIDOR,LADDER CROSSWALK,1.0,PAINT,N,-114.07151898846293,51.081511143612296
4 ST NW,36 AVE NW,CORRIDOR,LADDER CROSSWALK,1.0,PAINT,S,-114.07156712596466,51.085053681632026
42 AVE SE,BRANDON ST SE,CORRIDOR,LADDER CROSSWALK,1.0,PAINT,W,-114.05561239944268,51.015940443807004
RUNDLEHILL DR NE,RUNDLEHILL WAY,SCHOOL,LADDER CROSSWALK,1.0,MMA,W,-113.9686086698336,51.07491060370117
MACDOUGALL RD NE,11 A ST NE,ELDERLY,REGULAR CROSSWALK,2.0,PAINT,SE,-114.03470840350704,51.05090102906918
68 ST NE,ABBOTSFORD DR NE,REGULAR,REGULAR CROSSWALK,2.0,PAINT,EW,-113.93511861494315,51.06280799194589
SUNRIDGE WAY NE,23 AVE,SIGNALIZED,REGULAR CROSSWALK,4.0,PAINT,NSEW,-113.99845713407336,51.071820537433574
13 AVE SW,2 ST SW,SIGNALIZED,REGULAR CROSSWALK,4.0,PAINT,NSEW,-114.0683264443875,51.04063933858286
68 ST NE,8 AVE NE,SIGNAL,RIGHT TURN,2.0,PAINT,EW,-113.93515197981887,51.05965936048514
13 AVE SW,1 ST SW,DOWNTOWN,STOP LINE,4.0,PAINT,NSEW,-114.06585487076943,51.04055322244924
68 ST SE,N OF APPLEWOOD DR SE,RRXING,STOP LINE,4.0,PAINT,NS,-113.9351764623884,51.047311171017014
SAGE VALLEY DR NW,SAGE VALLEY RD NW,RSM,REGULAR CROSSWALK,4.0,PAINT,NSEW,-114.15411971083293,51.17978741804544
40 ST SW,WORCESTER DR,RSM,REGULAR CROSSWALK,1.0,PAINT,E,-114.14660913068988,51.04705361677243
24 AVE NW,22 ST NW,RSM,LADDER CROSSWALK,1.0,PAINT,E,-114.11294636340381,51.07427707415205
BOWFORT RD NW,83 ST NW,RSM,REGULAR CROSSWALK,3.0,PAINT,NEW,-114.21218478602478,51.085892279851016
144 AVE NW,SAGE VALLEY RD NW,RSM,REGULAR CROSSWALK,1.0,PAINT,S,-114.15373788143538,51.183029476094326
SAGE HILL BLVD NW,SAGE HILL RD NW,RSM,REGULAR CROSSWALK,4.0,PAINT,NSEW,-114.14497621202823,51.1736245575293
37 ST SW,MALL ENTRANCE,RSM,REGULAR CROSSWALK,1.0,PAINT,E,-114.14110632467438,51.04012126290418
TUSCANY WAY NW,TWELVE MILE COULEE RD NW,RSM,REGULAR CROSSWALK,1.0,PAINT,E,-114.25735315669112,51.13238630464116
9 ST NW,23 AVE NW,RSM,LADDER CROSSWALK,1.0,PAINT,W,-114.08311653725757,51.07321596447714
PARRATON AV NW,MCLAURIN ST NW,RSM,REGULAR CROSSWALK,1.0,PAINT,E,-114.14650434760254,51.07634329820427
17 AVE SW,9 ST SW,SIGNALIZED,REGULAR CROSSWALK,4.0,PAINT,NSEW,-114.08427850859552,51.03783078834249
17 AVE SW,10 ST SW,SIGNALIZED,REGULAR CROSSWALK,4.0,PAINT,NSEW,-114.08674627870857,51.0378351569092
SPRUCE DR SW,WEDGEWOOD DR SW,RSM,REGULAR CROSSWALK,1.0,PAINT,W,-114.15031472260586,51.05233786493484
MCDOUGALL RD NE,7 ST NE,RSM,REGULAR CROSSWALK,1.0,PAINT,N,-114.0456821665328,51.0508085950654
11 ST NE,140 AV NE,RSM,REGULAR CROSSWALK,1.0,PAINT,W,-114.03657454265463,51.18115468191334
30 ST SW,LINDSAY DR SW,SCHOOL,STOP LINE,1.0,MMA,E,-114.1280610823051,50.996460749853945
FARRELL RD SE,AT  #7604,MIDBLOCK,REGULAR CROSSWALK,1.0,PAINT,MID,-114.05838107941628,50.98705819739306
FLEETWOOD DR SE,FYFFE RD SE,SCHOOL,LADDER CROSSWALK,1.0,MMA,E,-114.05881758560395,50.984667410449774
FYFFE RD SE,FULLHAM ST SE,SCHOOL,LADDER CROSSWALK,1.0,MMA,N,-114.05683236256054,50.98373986613727
10 AVE SW,12 ST SW,DOWNTOWN,LADDER CROSSWALK,1.0,MMA,E,-114.09126590110088,51.04409587451413
FAIRMOUNT DR SE,FAIRVIEW DR SE,REGULAR,REGULAR CROSSWALK,2.0,PAINT,NS,-114.06280027898094,50.987701805359514
FAIRMOUNT DR SE,FYFFE RD SE,SCHOOL,LADDER CROSSWALK,2.0,MMA,SE,-114.0602308091059,50.98494439603564
FAIRMOUNT DR SE,78 AVE SE,SCHOOL,LADDER CROSSWALK,2.0,MMA,SW,-114.06051261913194,50.983939033082635
FAIRMOUNT DR SE,FREDSON DR SE,RSM,REGULAR CROSSWALK,1.0,PAINT,N,-114.05996181865265,50.98217460187038
COUNTRY HILLS BLVD NW,COUNTRY HILLS GOLF CLUB,RSM,STOP LINE,1.0,PAINT,N,-114.08391051924694,51.146069283762664
18 ST NW,7 AVE NW,RSM,REGULAR CROSSWALK,1.0,PAINT,S,-114.10246529769066,51.05866890334977
52 ST SE,PRESTWICK AVE SE,REGULAR,RIGHT TURN,1.0,PAINT,W,-113.9581598435601,50.922187155430755
HARVEST HILLS BLVD NE,HARVEST OAK GATE NE,SIGNAL,RIGHT TURN,1.0,PAINT,E,-114.06371188961177,51.147015381446536
HARVEST HILLS BLVD NE,BEDDINGTON TR NE,REGULAR,RIGHT TURN,1.0,PAINT,W,-114.07193835224558,51.135245889591786
GLENMORE TR,FAIRMOUNT DR,SIGNAL,REGULAR CROSSWALK,2.0,PAINT,NE,-114.06382676784996,50.99424632426112
GLENMORE TR,FAIRMOUNT DR,SIGNAL,REGULAR CROSSWALK,1.0,PAINT,E,-114.06381722944023,50.993743721629656
FAIRMOUNT DR SE,FARRELL RD SE,SIGNALIZED,STOP LINE,3.0,PAINT,NSE,-114.06379718854853,50.992034865047756
FAIRMOUNT DR SE,FRANKLIN DR SE,REGULAR,REGULAR CROSSWALK,1.0,PAINT,S,-114.06381053631786,50.988862841766995
SYMONS VALLEY RD NW,SAGE HILL DR NW,SIGNALIZED,STOP LINE,3.0,PAINT,NSW,-114.13294952729963,51.169788253119414
SARCEE TR NW,SHOPPING CENTRE (S ENTRANCE),SIGNALIZED,REGULAR CROSSWALK,3.0,PAINT,NEW,-114.16237068119972,51.15734782565703
NOLAN HILL BLVD NW,AT 75,SIGNALIZED,STOP LINE,4.0,PAINT,NSEW,-114.15758832939301,51.17198350717511
TUSCANY DR NW,TUSCANY RIDGE CRESCENT NW,RSM,REGULAR CROSSWALK,1.0,PAINT,S,-114.2540772249007,51.125517135785266
COVECREEK GA NE,COVEPARK GA NE,RSM,REGULAR CROSSWALK,1.0,PAINT,W,-114.05102007346383,51.17056941898635
MACLEOD TR S,46 AVE SE,SIGNAL,REGULAR CROSSWALK,4.0,PAINT,NSEW,-114.06657210682084,51.01129655438322
MCDOUGALL RD NE,7A ST NE,RSM,REGULAR CROSSWALK,1.0,PAINT,S,-114.04419823714487,51.05080897772629
TUSCANY BLVD NW,TUSCANY SPRINGS BLVD NW,SIGNAL,RIGHT TURN,1.0,PAINT,N,-114.23862144838131,51.12547533112191
TUSCANY WAY NW,TUSCANY VALLEY PARK NW,SIGNALIZED,STOP LINE,3.0,PAINT,NSE,-114.24829748798382,51.12686837616737
1 ST NE,LIVINGSTON VIEW NE,RSM,STOP LINE,2.0,PAINT,NS,-114.0691506300463,51.189915858983966
MCDOUGALL RD NE,8 ST NE,RSM,REGULAR CROSSWALK,1.0,PAINT,s,-114.04231943390485,51.05078791613817
37 ST NW,SAGE HILL DR NW,RSM,RIGHT TURN,3.0,PAINT,NEW,-114.14121008151244,51.17231457292446
SAGE HILL DR NW,SAGE HILL GARDEN NW,RSM,STOP LINE,1.0,PAINT,W,-114.13760174667104,51.1713263938015
SYMONS VALLEY RD NW,SAGE MEADOWS PARK NW,RSM,REGULAR CROSSWALK,1.0,PAINT,E,-114.13320922065417,51.17832997698503
144 AVE NE,LIVINGSTON HILL NE,RSM,REGULAR CROSSWALK,1.0,PAINT,N,-114.05261421484694,51.183492311062984
SAFE HILL DR NW,SAGE HILL ROW NW,RSM,RIGHT TURN,1.0,PAINT,W,-114.14126930748601,51.174631603854344
NOLAN HILL DR NW,25M WEST OF NOLANFIELD POINT NW,MID BLOCK,LADDER CROSSWALK,1.0,PAINT,MID,-114.16643518255022,51.17874965356777
CRESTMONT BV SW,CRESTRIDGE HL SW,MID BLOCK,LADDER CROSSWALK,1.0,PAINT,W,-114.27409480005136,51.0850083547174
HARVEST HILLS BLVD NE,PANAMOUNT GATE NW,SIGNAL,RIGHT TURN,2.0,PAINT,EW,-114.06984787770782,51.15656700442396
36 AV NW,1 ST NW,RSM,STOP LINE,2.0,PAINT,EW,-114.06528189294171,51.08497853771835
FAIRMOUNT DR SE,FLINT RD SE,SIGNALIZED,STOP X,1.0,,N,-114.06365730396611,50.988306215407725
12994 COVENTRY HILLS WY NE,,MID BLOCK,LADDER CROSSWALK,1.0,PAINT,MID,-114.04804038500914,51.171283607523854
2 AV NE,6A ST NE,RSM,STOP LINE,2.0,PAINT,EW,-114.04701417105903,51.054667258946054
40 AVE NW,VARSCLIFF RD NW,CORRIDOR,REGULAR CROSSWALK,2.0,PAINT,NS,-114.16188183162933,51.088275627059495
40 AVE NW,49 ST NW,SIGNAL,RIGHT TURN,1.0,PAINT,S,-114.15845891666217,51.08823731145215
SARCEE TR NW,112 AVE NW,SIGNALIZED,RIGHT TURN,4.0,PAINT,NSEW,-114.16240697558973,51.1600213346887
32 ST NW,7 AVE NW,SCHOOL,LADDER CROSSWALK,2.0,MMA,SE,-114.13115081569693,51.05908707753641
114 AVE SE,54 ST SE,RSM,REGULAR CROSSWALK,1.0,PAINT,N,-113.95524514552886,50.95055274450913
106 AVE SE,40 ST SE,RSM,REGULAR CROSSWALK,2.0,PAINT,NS,-113.9771467097345,50.95789357937914
106 AVE SE,42 ST SE,RSM,RIGHT TURN,3.0,PAINT,NSW,-113.97400983990269,50.95789812414482
106 AVE SE,46 ST SE,RSM,REGULAR CROSSWALK,2.0,PAINT,NS,-113.96874442683459,50.957906020585824
106 AVE SE,48 ST SE,RSM,STOP LINE,2.0,PAINT,NS,-113.96525535854019,50.95791019321117
106 AVE SE,50 ST SE,RSM,STOP LINE,2.0,PAINT,NS,-113.96160975740437,50.95784584502137
PANATELLA MR NW,PANATELLA BV NW,RSM,REGULAR CROSSWALK,1.0,PAINT,N,-114.08303647189287,51.1646168451792
PANATELLA BLVD NW,PANTON VIEW NW,RSM,REGULAR CROSSWALK,1.0,PAINT,E,-114.08404480113151,51.17039721359548
17 AVE SW,19 ST SW,CORRIDOR,REGULAR CROSSWALK,1.0,PAINT,S,-114.1063079935697,51.03782791573769
17 AVE SW,17A ST SW,REGULAR,REGULAR CROSSWALK,1.0,PAINT,E,-114.10290225675186,51.0378286131632
MACLEOD TR S,ANDERSON RD S,SIGNAL,STOP LINE,4.0,PAINT,EW,-114.07102342038267,50.95048847969945
TARACOVE RD NE,TARALEA PARK,SCHOOL,LADDER CROSSWALK,2.0,MMA,NW,-113.93706932706468,51.115726494864646
NOSE HILL DR NW,HAWKWOOD RD NW,SIGNALIZED,RIGHT TURN,1.0,PAINT,E,-114.19174724503063,51.13020402152154
36 ST SE,RADCLIFFE DR SE,SIGNAL,RIGHT TURN,2.0,PAINT,NS,-113.9816030577325,51.04815388026694
MEMORIAL DR NE,MARLBOROUGH WAY NE,SIGNAL,RIGHT TURN,2.0,PAINT,NW,-113.97693609927319,51.05263326689025
8 AVE SE,40 ST SE,CORRIDOR,REGULAR CROSSWALK,2.0,PAINT,WE,-113.97573695753456,51.04515058595922
44 ST SE,7 AVE SE,REGULAR,REGULAR CROSSWALK,3.0,PAINT,NEW,-113.9699963463818,51.04671509370163
44 ST SE,4 AVE SE,CORRIDOR,REGULAR CROSSWALK,2.0,MMA,EW,-113.97002232369022,51.049416463331596
TARADALE DR NE,TARAVISTA DR NE,RSM,REGULAR CROSSWALK,1.0,PAINT,W,-113.92984145871921,51.12159421483772
9 AVE SE,19 ST SE,SIGNAL,REGULAR CROSSWALK,3.0,PAINT,NEW,-114.01996473682884,51.03543300299794
CORAL SPRINGS BLVD,CORAL SANDS TERRACE,REGULAR,REGULAR CROSSWALK,1.0,PAINT,E,-113.92821459457298,51.09883352845211
11 ST SE,10 AV SE,RSM,STOP LINE,2.0,PAINT,EW,-114.03677174748935,51.041158965170794
8 AVE NE,17A ST NE,CORRIDOR,REGULAR CROSSWALK,2.0,PAINT,NS,-114.01759689162526,51.059755696823224
17 AVE SE,35M EAST OF 17 ST SE,MID BLOCK,STOP LINE,4.0,PAINT,EW,-114.02113527398261,51.03783001445195
28 AVE NE,58 ST NE,MULTIWAYS,REGULAR CROSSWALK,3.0,PAINT,NEW,-113.94982596032423,51.07750506750546
26 AV,66 ST NE,RSM,REGULAR CROSSWALK,1.0,PAINT,W,-113.93803781580667,51.07615746359135
17 AVE SE,19 ST SE,SIGNALIZED,REGULAR CROSSWALK,3.0,PAINT,SEW,-114.01779603355361,51.037382140600855
TARAVISTA DR NE,TARALAKE WAY,MID BLOCK,REGULAR CROSSWALK,1.0,PAINT,MID,-113.93483189204721,51.12063778698577
9 AVE SE,14 ST SE,SIGNALIZED,LADDER CROSSWALK,1.0,PAINT,E,-114.02895616521117,51.039179057209964
TARAVISTA WAY NE,TARAVISTA GARDEN,SCHOOL,LADDER CROSSWALK,3.0,MMA,SEW,-113.92855408707732,51.11664389029184
CORAL SPRINGS BLVD,CORAL SPRINGS MEWS,REGULAR,REGULAR CROSSWALK,1.0,PAINT,E,-113.93036205609413,51.1087298468688
26 AVE NE,E OF 52 ST NE,MIDBLOCK,LADDER CROSSWALK,1.0,PAINT,MID,-113.95625915206539,51.07626967940113
52 ST NE,MARBANK DR NE,SIGNAL,REGULAR CROSSWALK,4.0,PAINT,NSEW,-113.95838525251818,51.06220312360841
28 AVE NE,RUNDLEHORN DR NE,REGULAR,REGULAR CROSSWALK,1.0,PAINT,S,-113.94098139987581,51.07791461263594
AUBURN BAY DR NE,AUBURN GLEN DR NE,RSM,LADDER CROSSWALK,1.0,PAINT,W,-113.95256648900548,50.89823240771717
44 ST SE,80M SOUTH OF 54 AVE SE AT RRXING,RSM,STOP LINE,4.0,PAINT,NS,-113.97027469796869,51.00295174371763
ROCKY RIDGE BLVD NW,ROCKYVALLEY DR NW,RSM,REGULAR CROSSWALK,2.0,PAINT,NS,-114.24925873016156,51.14946386953635
RICHMOND RD SW,22 ST SW,CORRIDOR,REGULAR CROSSWALK,1.0,PAINT,N,-114.11357514056725,51.0312996461623
HAMPTONS BLVD NW,HAMPSHIRE GROVE NW,RSM,REGULAR CROSSWALK,1.0,PAINT,W,-114.16116860007081,51.142003387846486
36 AV SW,11 ST SW,RSM,LADDER CROSSWALK,1.0,PAINT,W,-114.0893976638622,51.02166817522868
GROVE HILL RD SW,GATEWAY DR SW,SCHOOL,LADDER CROSSWALK,2.0,MMA,NS,-114.15691550956042,51.034950842389506
45 ST SW,IN BTW 4328 AND 4504,MID BLOCK,REGULAR CROSSWALK,1.0,PAINT,MID,-114.15280416469483,51.014184272065776
22 ST SW,27 AVE SW,SCHOOL,LADDER CROSSWALK,1.0,MMA,S,-114.11431832056353,51.02950585480323
23 AVE SW,24 ST SW,RSM,LADDER CROSSWALK,1.0,PAINT,E,-114.11773876883368,51.03294214429015
23 AV SW,17A ST SW,RSM,REGULAR CROSSWALK,4.0,PAINT,NSEW,-114.10348233167956,51.0332285455755
SUNRIDGE WAY NE,34 ST NE,SIGNALIZED,STOP LINE,3.0,PAINT,NEW,-113.98610054192838,51.06869813470792
4 ST SW,20 AVE SW,REGULAR,REGULAR CROSSWALK,3.0,PAINT,SEW,-114.07149270952969,51.035324591709724
61 AVE SE,68 ST SE,RSM,RIGHT TURN,2.0,PAINT,SW,-113.93524000294293,50.99800220258231
85 ST SW,ASPEN STONE BLVD SW,SIGNALIZED,STOP LINE,4.0,PAINT,NSEW,-114.21098472871792,51.04106686299502
NEW BRIGHTON DR SE,NEW BRIGHTON CI SE,SCHOOL,LADDER CROSSWALK,2.0,MMA,SE,-113.95477672666414,50.919847727989044
SHAWNEE BLVD SW,BY 476 AT TRAFFIC CIRCLE,RSM,REGULAR CROSSWALK,4.0,PAINT,NSEW,-114.08987357410373,50.92529350395423
8 AVE SW,8 ST SW,DOWNTOWN,STOP LINE,4.0,MMA,NSEW,-114.08126301894411,51.04606430855225
17 AVE SW,ASPEN SUMMIT DR SW,SIGNALIZED,RIGHT TURN,2.0,PAINT,NS,-114.20351202057256,51.03799156113757
CENTRE ST S,6 AVE SW,DOWNTOWN,STOP LINE,3.0,MMA,NSE,-114.06287321771075,51.0474517750003
18 ST SE,DOUGLAS GLEN BLVD SE,SIGNALIZED,REGULAR CROSSWALK,4.0,PAINT,NSEW,-114.00743219253263,50.957153619648786
BRENTWOOD BLVD NW,BRISEBOIS DR NW,RSM,REGULAR CROSSWALK,1.0,PAINT,E,-114.13078760055686,51.09132345677486
RAILWAY ST SE,HERITAGE DR SE,RSM,REGULAR CROSSWALK,1.0,PAINT,N,-114.04212060299564,50.98730643152898
BRISEBOIS DR NW,BARR RD NW,RSM,REGULAR CROSSWALK,1.0,PAINT,E,-114.13187745258364,51.090753385371464
26 ST SE,19 AVE SE,RSM,STOP LINE,1.0,PAINT,E,-113.99577150623321,51.035925268782215
78 AVE SW,4A ST SW,RSM,REGULAR CROSSWALK,2.0,PAINT,NE,-114.07415505247212,50.983262190163416
12 AVE SW,18 ST SW,CORRIDOR,RIGHT TURN,1.0,PAINT,S,-114.10422415546408,51.042565011278015
QUARRY PARK BLVD SE,QUARRY PARK RD SE,SIGNALIZED,STOP LINE,3.0,PAINT,SEW,-114.00724795450088,50.96343981679778
100 AVE NE,19 ST NE,RSM,REGULAR CROSSWALK,4.0,PAINT,NSEW,-114.01331649763952,51.14337543977965
ASPEN STONE RD SW,ASPEN STONE VIEW SW,RSM,REGULAR CROSSWALK,1.0,PAINT,N,-114.21550928247635,51.04269682879805
73 ST SW,WESTON DR SW,RSM,REGULAR CROSSWALK,1.0,PAINT,S,-114.19411232038472,51.06316126119346
COUGAR RIDGE DR SW,COUGARSTONE COURT,RSM,REGULAR CROSSWALK,1.0,PAINT,S,-114.21818310151998,51.069815325389264
130 AVE SE,DEERFOOT TR OFF RAMP EAST BOUND 130 AVE,CORRIDOR,LADDER CROSSWALK,1.0,PAINT,MID,-113.97280462407605,50.93167666341733
WILLINGDON BLVD SE,115M SOUTH OF FAIRMOUNT DR SE,SCHOOL,LADDER CROSSWALK,1.0,MMA,MID,-114.05985877632617,50.95290571356382
ASPEN STONE BLVD SW,ASPEN STONE RD SW,RSM,REGULAR CROSSWALK,2.0,PAINT,EW,-114.2135012881417,51.04095248586363
DIAMOND DR SE,DIAMOND VW SE,RSM,REGULAR CROSSWALK,1.0,PAINT,W,-114.02200669350557,50.9461533226638
25 AVE SW,1 ST SW,ELDERLY,LADDER CROSSWALK,1.0,MMA,E,-114.06655575684341,51.03042830535373
AUBURN BAY DR SE,AUBURN GLEN WAY SE,SCHOOL,LADDER CROSSWALK,1.0,MMA,S,-113.9551659265943,50.89574718619703
29 ST NW,7 AVE NW,CORRIDOR,LADDER CROSSWALK,2.0,PAINT,SW,-114.12950915675262,51.05869466483085
29 ST NW,5 AVE NW,SCHOOL,LADDER CROSSWALK,1.0,MMA,N,-114.12951866203159,51.05691041739712
68 ST NE,32 AVE NE,SIGNAL,RIGHT TURN,4.0,PAINT,NSEW,-113.93512139465848,51.081540147820874
68 ST NE,26 AVE NE,SIGNAL,RIGHT TURN,2.0,PAINT,EW,-113.9351144249555,51.07616463805718
68 ST NE,22 AVE NE,SIGNAL,RIGHT TURN,2.0,PAINT,EW,-113.93507593142274,51.07261440715288
68 ST NE,NORTH OF 16 AVE NE,SIGNAL,REGULAR CROSSWALK,3.0,PAINT,NSE,-113.93508667917597,51.07010918703391
SETON CRESCENT SE,,SIGNALIZED,REGULAR CROSSWALK,3.0,PAINT,NEW,-113.95892557962351,50.87949389060371
SETON CRESCENT SE,,SIGNALIZED,REGULAR CROSSWALK,4.0,PAINT,NSEW,-113.95998069626835,50.87838230229487
SETON WAY & 202 AV,SETON GV DR,RSM,RIGHT TURN,2.0,PAINT,EW,-113.95191252461427,50.866263377125165
SETON DR SE,MAIN ST SE,RSM,REGULAR CROSSWALK,4.0,PAINT,NSEW,-113.95220761611925,50.8768036424917
SETON DR SE,42 ST SE,RSM,REGULAR CROSSWALK,2.0,PAINT,SE,-113.94862891820225,50.876841850132124
44 AVE NE,130M E WHITEFIELD DR NE,SCHOOL,LADDER CROSSWALK,1.0,MMA,MID,-113.97041119178668,51.092485469261504
SETON DR SE,40 ST SE,RSM,REGULAR CROSSWALK,1.0,PAINT,S,-113.95088450399531,50.87679450514616
80 AVE NE,SADDLETOWNE CIR,SIGNALIZED,REGULAR CROSSWALK,4.0,PAINT,NSEW,-113.9443238299244,51.12520339508544
AUBURN SPRINGS BLVD SE,AUBURN CREST PARK SE,SCHOOL,STOP LINE,1.0,MMA,E,-113.94862859078312,50.887972132883604
AUBURN CREST PARK SE,AUBURN CREST  PLACE SE,SCHOOL,LADDER CROSSWALK,1.0,MMA,E,-113.94750733132987,50.887553574107535
AUBURN CREST PARK SE,AUBURN CREST GREEN SE,SCHOOL,REGULAR CROSSWALK,1.0,MMA,S,-113.94643402303964,50.887323776514926
AIRPORT TR NE,BARLOW TR,SIGNALIZED,RIGHT TURN,1.0,PAINT,S,-114.00176254102936,51.14110276951247
AUBURN SPRINGS BLVD SE,AUBURN CREST WAY SE,SCHOOL,LADDER CROSSWALK,1.0,MMA,E,-113.94772079627784,50.889271223641735
MARTIN CROSSING DR NE,MARTIN CROSSING PARK NE,RSM,REGULAR CROSSWALK,1.0,PAINT,W,-113.9629873255722,51.1178145170789
35 ST NE,37 AVE NE,MID BLOCK,LADDER CROSSWALK,1.0,PAINT,MID,-113.98227946065114,51.08661065109187
2 ST SW,26 AVE SW,MULTIWAY STOP,REGULAR CROSSWALK,3.0,PAINT,NEW,-114.06911342979971,51.02962956235476
32 AVE NE,48 ST NE,REGULAR,RIGHT TURN,1.0,PAINT,N,-113.9636516644515,51.08154210706032
15 ST SW,9 AVE SW,REGULAR,REGULAR CROSSWALK,1.0,PAINT,N,-114.09620109250477,51.04553545329919
56 AVE SE,BETWEEN 48 ST AND 51 ST SE,RSM,STOP LINE,4.0,PAINT,EW,-113.96229310230014,51.00212887239221
7 AVE SW,MACLEOD TR S,DOWNTOWN,STOP LINE,3.0,MMA,EW,-114.05803232203625,51.04637651525478
20 AVE NE,32 ST NE,MULTIWAYS,REGULAR CROSSWALK,3.0,PAINT,NSE,-113.98860954570475,51.0707015329736
WBND BOW TR TO,SBND 14 ST,REGULAR,REGULAR CROSSWALK,1.0,PAINT,W,-114.09483711485225,51.04594038595319
GATEFIELD AV SW,GROVE HILL RD SW,SCHOOL,LADDER CROSSWALK,1.0,MMA,E,-114.14643824077478,51.03270698013528
SUNRIDGE BLVD,26 ST NE,SIGNAL,REGULAR CROSSWALK,4.0,PAINT,NSEW,-113.99820441523377,51.07687293762477
GREYHOUND WAY,BTW GSL & GREYHOUND STA,MIDBLOCK,REGULAR CROSSWALK,1.0,PAINT,MID,-114.09978349450326,51.046458591973824
52 ST NE,32 AVE NE,SIGNAL,RIGHT TURN,4.0,PAINT,NSEW,-113.95839689627981,51.08152850415345
32 ST NE,AT 2555,CORRIDOR,LADDER CROSSWALK,1.0,PAINT,N,-113.98869045511545,51.0743634299537
HAMPTONS DR NW,HAMPSTEAD RD NW,RSM,LADDER CROSSWALK,2.0,PAINT,NW,-114.13218689844493,51.14171140295129
6 AVE SE,4 ST SE,DOWNTOWN,REGULAR CROSSWALK,4.0,MMA,NSEW,-114.0530681948437,51.04715218469068
39 AVE NE,32 ST,REGULAR,REGULAR CROSSWALK,1.0,PAINT,W,-113.98744385852613,51.088851595032615
26 ST SE,DOVERGLEN CR SE,RSM,REGULAR CROSSWALK,2.0,PAINT,NW,-113.99922537037621,51.02092760223775
MIDPARK WAY SE,215M SOUTH OF MIDPARK GATE SE,SCHOOL,LADDER CROSSWALK,1.0,MMA,S,-114.06224314576156,50.908165219375896
COUGAR RIDGE DR SW,COUGARTOWN CL SW,RSM,REGULAR CROSSWALK,1.0,PAINT,W,-114.2085904960019,51.07175490266664
ROCKY RIDGE BLVD NW,ROCKY RIDGE GATE NW,RSM,REGULAR CROSSWALK,2.0,PAINT,EW,-114.24240892875011,51.144304492592546
CRANSTON DR SE,CRANBERRY WAY SE,SCHOOL,LADDER CROSSWALK,1.0,MMA,N,-113.97551532757844,50.88851723695063
COUGAR RIDGE DR SW,85 ST SW,MULTIWAY STOP,REGULAR CROSSWALK,4.0,PAINT,NSEW,-114.21095904177989,51.07142220372474
DOUGLASDALE BLVD SE,DOUGLAS WOODS DR SE,RSM,STOP LINE,2.0,PAINT,NS,-114.00301931602661,50.94305213211895
TEMPLE DR NE,TEMPLEGREEN DR NE,MULTIWAYS,REGULAR CROSSWALK,3.0,PAINT,NSW,-113.93929148306997,51.088345685878906
MIDRIDGE DR SE,MIDGLEN WY SE,RSM,REGULAR CROSSWALK,1.0,PAINT,E,-114.05252729142568,50.9186967693799
10 AVE SW,18 ST SW,MULTIWAY STOP,REGULAR CROSSWALK,3.0,PAINT,SEW,-114.10406373104195,51.04444660301232
SUNWOOD WAY SE,BETWEEN 51 AND 55 SUNWOOD WAY,MID BLOCK,REGULAR CROSSWALK,1.0,PAINT,MID,-114.03318772868433,50.89983686748484
11 AVE SW,15 ST SW,RSM,STOP LINE,2.0,PAINT,NS,-114.096807942494,51.04331304185042
12 AVE SW,17 ST SW,RSM,REGULAR CROSSWALK,4.0,PAINT,NSEW,-114.10175643803547,51.04253557516962
AUBURN BAY BLVD SE,AUBURN SOUND VIEW SE,RSM,REGULAR CROSSWALK,1.0,PAINT,W,-113.96289789090068,50.88481291375287
NEW BRIGHTON DR SE,NEW BRIGHTON WAY SE,SCHOOL,LADDER CROSSWALK,3.0,MMA,SEW,-113.94309289566031,50.91654400556509
AUBURN BAY BLVD SE,AUBURN SOUND MANOR SE,RSM,REGULAR CROSSWALK,1.0,PAINT,N,-113.96699255134118,50.89041337488232
MAHOGANY GATE SE,MAHOGANY BLVD,RSM,REGULAR CROSSWALK,3.0,PAINT,NSW,-113.93725609831738,50.899544517683374
LAKE BONAVISTA DR,LAKE WATERTON WY SE,RSM,REGULAR CROSSWALK,1.0,PAINT,E,-114.04686702739184,50.943120154205594
18 ST NW,24 AVE NW,REGULAR,REGULAR CROSSWALK,2.0,PAINT,NS,-114.1045966227156,51.07426549533109
CRANSTON AVE SE,CRANSTON RD SE,RSM,REGULAR CROSSWALK,1.0,PAINT,N,-113.97890415811854,50.87978741352541
17 AVE SW,73 ST SW -200M EAST OF,SIGNALIZED,REGULAR CROSSWALK,1.0,PAINT,S,-114.19045548756256,51.037871245130155
CORAL SPRINGS BLVD,CORAL SPRINGS CIR,RSM,REGULAR CROSSWALK,1.0,PAINT,W,-113.9330207888007,51.10798722891998
15 ST NE,STONEY BLVD NE,RSM,STOP LINE,1.0,PAINT,E,-114.02474232391748,51.165251112834234
LAGUNA WY NE,68 ST NE,RSM,REGULAR CROSSWALK,1.0,INLAY,E,-113.93507666982696,51.08413986607542
NA'A DR SW,by 1801,MID BLOCK,REGULAR CROSSWALK,1.0,PAINT,MID,-114.20422113483548,51.080567167289146
HIDDEN CREEK WAY NW,HIDDEN CREEK CIRCLE NW,RSM,LADDER CROSSWALK,1.0,PAINT,E,-114.09718088612289,51.159835864722375
CANADA OLYMPIC DR SW,250M WEST OF NA'A DR SW,RSM,LADDER CROSSWALK,1.0,PAINT,S,-114.21297135722592,51.08234622492547
SADDLECREST TERRACE NE,SADDLECREST PARK NE,SCHOOL,LADDER CROSSWALK,1.0,MMA,N,-113.93807248255526,51.13655961060303
BOWRIDGE CR NW,BOWFORT RD NW,RSM,REGULAR CROSSWALK,1.0,PAINT,E,-114.208834480515,51.08386905204708
TARINGTON RD NE,TARINGTON GR NE,RSM,REGULAR CROSSWALK,1.0,PAINT,S,-113.93139545510655,51.113257645341626
MEMORIAL DR,9 ST,RSM,STOP LINE,4.0,PAINT,NSEW,-114.08126320253591,51.053690203916
BOWNESS RD NW,MONSERRAT DR NW,RSM,STOP LINE,1.0,PAINT,W,-114.16990458005121,51.076799757747565
MISSION RD SW,PARKHILL ST SW,REGULAR,REGULAR CROSSWALK,1.0,PAINT,W,-114.0642924425974,51.022671131510315
MARTINDALE BV NE,100 MARTHA'S MR NE,SCHOOL,LADDER CROSSWALK,1.0,MMA,E,-113.95883904064293,51.12273531250865
CAMPUS GA NW,24 AV NW,RSM,REGULAR CROSSWALK,1.0,PAINT,N,-114.12352216196165,51.0752235446985
10 ST NW,SAIT WAY NW,RSM,RIGHT TURN,2.0,PAINT,SW,-114.08580257190452,51.0617130970706
GLENMORE TR SE,18 ST SE,RSM,REGULAR CROSSWALK,1.0,PAINT,E,-114.015822959018,50.97901132831167
84 ST SE,25 M S OF 50 AVE SE,RRXING,X RRXING,2.0,PAINT,NS,-113.91191504656797,51.0085270281918
57 AVE NE,11 ST,SIGNALIZED,RIGHT TURN,4.0,PAINT,NSEW,-114.03645723702223,51.106201761558744
SADDLERIDGE DR NE,SADDLETREE DR NE,RSM,REGULAR CROSSWALK,2.0,PAINT,SW,-113.95238961211479,51.129751832646384
KOVITZ AV NW,39 ST NW,RSM,REGULAR CROSSWALK,1.0,PAINT,W,-114.14500744070826,51.07937123186564
SKYVIEW RANCH ST NE,SKYVIEW POINT HEATH NE,SCHOOL,LADDER CROSSWALK,2.0,MMA,NS,-113.95562410139026,51.1613628097335
13 AVE NW,WINDSOR ST NW,SCHOOL,LADDER CROSSWALK,1.0,MMA,W,-114.12253880344733,51.063400505359404
ELBOW DR SW,47 AVE SW,SIGNAL,REGULAR CROSSWALK,4.0,PAINT,NSEW,-114.08128773552521,51.01139556724267
GLENMORE TR SE,31 ST SE,RSM,REGULAR CROSSWALK,1.0,PAINT,N,-113.9883400384761,50.979588823320796
SAGE VALLEY BLVD NW,SAGE HILL BLVD NW,RSM,LADDER CROSSWALK,1.0,PAINT,E,-114.1454050927168,51.17590709020371
COUNTRY HILLS BLVD NW,SARCEE TR NW,SIGNAL,RIGHT TURN,4.0,PAINT,NSEW,-114.16436640516079,51.13767773449244
144 AVE NW,NOLAN HILL BLVD NW,RSM,STOP LINE,4.0,PAINT,NSEW,-114.17038566307104,51.183226935655604
ERIN WOODS BLVD SE,36 ST SE,SIGNAL,RIGHT TURN,2.0,PAINT,NS,-113.97950718333115,51.01764938825945
36 ST SE,DOVERIDGE DR SE,SIGNALIZED,STOP LINE,4.0,PAINT,NSEW,-113.98159928992553,51.021116433568054
36 ST SE,30 AVE SE,SIGNAL,RIGHT TURN,2.0,PAINT,EW,-113.98158250742381,51.026952879530874
WENTWORTH AV SW,89 ST SW,SCHOOL,LADDER CROSSWALK,3.0,MMA,NEW,-114.21669423072058,51.05895095644085
SARCEE TR NW,CITADEL BLVD NW,SIGNAL,RIGHT TURN,2.0,PAINT,EW,-114.16823131682183,51.14463622821521
CENTRE ST N,24 AVE N,CORRIDOR,LADDER CROSSWALK,1.0,PAINT,N,-114.06251859106487,51.07421410314166
20 ST NW,BROADVIEW RD NW & BROWNSEA DR NW,MID BLOCK,PARKING STALLS,27.0,PAINT,E,-114.10794002240891,51.04973358831592
PANAMOUNT BLVD NW,PANAMOUNT ST NW,SCHOOL,STOP LINE,1.0,MMA,N,-114.0864093204568,51.156742963061426
26 AVE SW,33 ST SW,SIGNAL,REGULAR CROSSWALK,4.0,PAINT,NSEW,-114.13549921959198,51.03004400555355
88 AVE NE,SAVANNA CR NE,RSM,RIGHT TURN,2.0,PAINT,NW,-113.94871458869947,51.1325957129532
12 AVE SE,MACLEOD TR SE,RSM,STOP LINE,3.0,MMA,SEW,-114.05840823227575,51.04128781323691
46 ST NE,88 AV NE,RSM,REGULAR CROSSWALK,4.0,PAINT,NSEW,-113.96578753261576,51.13254055698504
11 AVE SW,10 ST SW,DOWNTOWN,STOP LINE,3.0,MMA,NSE,-114.08638546068421,51.0430375000777
MCKNIGHT BLVD NE,BARLOW TR NE,SIGNAL,RIGHT TURN,3.0,PAINT,NSE,-114.00164953172906,51.092761148642666
MEMORIAL DR NE,52 ST NE,SIGNAL,REGULAR CROSSWALK,4.0,PAINT,NSEW,-113.95573878389469,51.05334530423917
PANORAMA HILLS DR NW,PANAMOUNT BLVD NW,SCHOOL,STOP LINE,1.0,MMA,S,-114.08490372112064,51.15679342809736
2 AVE SW,7 ST SW,RSM,REGULAR CROSSWALK,2.0,MMA,EW,-114.07837999345725,51.05167961310367
ROCKY RIDGE BLVD NW,ROCKY RIDGE CL NW,RSM,REGULAR CROSSWALK,2.0,PAINT,EW,-114.24708589067014,51.1460084477697
BARLOW TR NE,CENTRE AVE N,SIGNALIZED,REGULAR CROSSWALK,4.0,PAINT,NSEW,-114.00163939741728,51.052409159804604
11 AVE SE,1 ST SE,DOWNTOWN,REGULAR CROSSWALK,4.0,PAINT,NSEW,-114.06080784625492,51.042324152678354
84 ST S OF 16 AVE,AT RAIL ROAD TRACKS,REGULAR,X RRXING,2.0,PAINT,NS,-113.91189392873511,51.06201987980275
9 AV SE,6 ST SE & 8 ST SE,MID BLOCK,REGULAR CROSSWALK,1.0,PAINT,N,-114.04464405239196,51.04384613507038
23 AVE SW,20 ST SW,MULTIWAY STOP,REGULAR CROSSWALK,4.0,PAINT,NSEW,-114.10873890258837,51.03294183082388
52 ST NE,TEMPLE DR NE,SIGNAL,RIGHT TURN,2.0,PAINT,NS,-113.95838803291434,51.091407918882716
25 AVE SE,DARTMOUTH RD SE,SIGNAL,STOP LINE,3.0,PAINT,NSW,-114.04371438586195,51.0282940821533
STONE HILL DR NE,STONE HILL GATE NE,SIGNALIZED,RIGHT TURN,3.0,PAINT,NSW,-114.00655981445547,51.15678389663142
11 AVE SW,7 ST SW,DOWNTOWN,STOP LINE,3.0,MMA,NSE,-114.07899812461604,51.04282097231769
EVANSTON DR NW,EVANSFIELD GATE NW,RSM,STOP LINE,2.0,PAINT,NS,-114.1148701101403,51.17977953601996
DIAMOND DR SE,500 DIAMOND CO SE,RSM,REGULAR CROSSWALK,1.0,PAINT,E,-114.01768705407076,50.94347424938665
EVANSTON DR NW,EVANSPARK BLVD NW,MULTIWAY STOP,STOP LINE,3.0,PAINT,SEW,-114.11791830189327,51.17357145861787
HORTON RD SW,HULL AVE SW,RSM,REGULAR CROSSWALK,1.0,PAINT,S,-114.07374350028307,50.9771299209458
WALDEN GATE SE,WALDEN DR SE,RSM,REGULAR CROSSWALK,3.0,PAINT,NEW,-114.034934440001,50.87454019278264
EVANSTON DR NW,EVANSPARK WY NW,RSM,LADDER CROSSWALK,1.0,PAINT,S,-114.11337098299897,51.173804593356465
SETON BLVD SE,AUBURN BAY LINK SE,SIGNALIZED,REGULAR CROSSWALK,4.0,PAINT,NSEW,-113.95318802154853,50.883286963245446
OLD BANFF COACH RD SW,PATTERSON HILL SW,CORRIDOR,RIGHT TURN,1.0,PAINT,W,-114.18483798912459,51.06279028637422
WESTWINDS DR NE,SUPERSTORE ENTRANCE,SIGNALIZED,STOP LINE,2.0,PAINT,EW,-113.96858492009491,51.10888206993588
SHAWNEE ST SW,SHAWNEE BLVD SW,RSM,REGULAR CROSSWALK,3.0,PAINT,SEW,-114.08089408568311,50.92323270058697
EVANSTON WAY NW,EVANSDALE COMMON NW,SCHOOL,LADDER CROSSWALK,1.0,MMA,W,-114.10309958579485,51.17511796851326
NEW BRIGHTON DR SE,BRIGHTONDALE PARK SE,SCHOOL,LADDER CROSSWALK,2.0,MMA,NE,-113.94544192185019,50.91647242247185
SYMONS VALLEY PARKWAY NW,EVANSTON WAY NW,SIGNALIZED,RIGHT TURN,2.0,PAINT,NS,-114.10056025859312,51.18078415431629
TEMPLE DR NE,56 ST NE,SCHOOL,LADDER CROSSWALK,2.0,MMA,SW,-113.95215013381492,51.08535490993649
OLD BANFF COACH RD SW,COACH HILL RD SW,SIGNAL,RIGHT TURN,2.0,PAINT,EW,-114.17816200457293,51.05658002538353
TEMPLE DR NE,TEMPLEMONT DR NE,MULTIWAYS,REGULAR CROSSWALK,4.0,PAINT,NSEW,-113.9488545933805,51.09237695882154
OLD BANFF COACH RD SW,89 ST SW,SIGNALIZED,STOP LINE,4.0,PAINT,NSEW,-114.21678020635561,51.0669535557388
RADCLIFFE DR SE,RADLEY WAY SE,RSM,LADDER CROSSWALK,1.0,PAINT,W,-113.98294238488711,51.048172834173975
OLD BANFF COACH RD SW,73 ST SW,SIGNALIZED,RIGHT TURN,2.0,PAINT,NS,-114.19355055199536,51.06703574644248
CRANBERRY RD SE,CRANBERRY AVE,RSM,REGULAR CROSSWALK,1.0,PAINT,N,-113.97551470852862,50.881192740874916
SHAWNEE BLVD SW,SHAWNEE HEATH,RSM,REGULAR CROSSWALK,4.0,PAINT,NSEW,-114.08576035636175,50.92445431085205
AUBURN BAY BLVD SE,AUBURN SOUND GREEN SE,RSM,REGULAR CROSSWALK,1.0,PAINT,S,-113.96569658685927,50.88726496207485
SIERRA MORENA BLVD SW,SIERRA MORENA CLOSE SW,REGULAR,REGULAR CROSSWALK,1.0,PAINT,S,-114.17605052611523,51.01479725807394
EVANSPARK HT NW,EVANSPARK WY NW,RSM,LADDER CROSSWALK,2.0,PAINT,NS,-114.11309575767883,51.17297988714763
STRATHCONA DR SW,BETWEEN STRATHRIDGE GARDEN AND STRATHRIDGE GROVE,MID BLOCK,LADDER CROSSWALK,1.0,PAINT,MID,-114.19438604937427,51.050829216851184
85 ST SW,STRATHLEA DR SW,SIGNALIZED,STOP LINE,4.0,PAINT,NSEW,-114.21098073986873,51.04885059449802
NEW BRIGHTON DR SE,NEW BRIGHTON GARDEN,RSM,REGULAR CROSSWALK,1.0,PAINT,E,-113.95168116266052,50.91589676503004
QUARRY WAY SE,QUARRY GATE SE,RSM,REGULAR CROSSWALK,3.0,PAINT,NSE,-114.01960166151282,50.961193169382625
CRANSTON RD SE,CRANSTON WAY,RSM,REGULAR CROSSWALK,1.0,PAINT,E,-113.98020374909132,50.886177564996935
SOUTHLAND DR SE,BLACKFOOT TR SE,SIGNAL,RIGHT TURN,2.0,PAINT,NW,-114.03856696720298,50.96579237150498
17 AVE SW,25 ST SW,CORRIDOR,REGULAR CROSSWALK,2.0,MMA,NS,-114.1207966523655,51.037817058867546
RADCLIFFE DR SE,28 ST AT FRANKLIN LRT,RSM,MULTI USE XWALK,1.0,PAINT,W,-113.99304232895413,51.04605287097964
SADDLETOWNE CIRCLE NE,100 SOUTH OF 80 AVE NE,MID BLOCK,STOP LINE,1.0,PAINT,S,-113.94427729714684,51.1243042177284
25 AVE SE,CITY COMPOUND ACCESS,SIGNAL,REGULAR CROSSWALK,4.0,PAINT,NSEW,-114.0465246926418,51.02908971088869
28 ST SE,16 AVE SE,RSM,REGULAR CROSSWALK,1.0,PAINT,W,-113.99313160588767,51.03870410722126
24 AVE NW,23 ST NW,REGULAR,REGULAR CROSSWALK,1.0,PAINT,N,-114.11542611838246,51.074286885246636
CRANBROOK DR SE,AT 256,RSM,REGULAR CROSSWALK,1.0,PAINT,N,-113.98842728986376,50.8780859359293
LEGACY CIRCLE SE,LEGACY GLEN WAY SE,RSM,REGULAR CROSSWALK,3.0,PAINT,NEW,-114.00312830244835,50.85274759325912
LEGACY CIRCLE SE,LEGACY VIEW SE,RSM,REGULAR CROSSWALK,3.0,PAINT,NEW,-114.01238375887215,50.85439535934183
42 AVE SW,1A ST SW,REGULAR,REGULAR CROSSWALK,3.0,PAINT,NEW,-114.06718804500812,51.01609178235606
CRANSTON WAY SE,CRANWELL CR SE,RSM,REGULAR CROSSWALK,1.0,PAINT,W,-113.9855287675888,50.88615954399761
24 AVE NE,PINEMILL WAY NE,SCHOOL,STOP LINE,1.0,MMA,N,-113.95016261797083,51.07429249206684
8 AVE NE,REMINGTON RD NE,RSM,REGULAR CROSSWALK,4.0,PAINT,NSEW,-114.04292763768163,51.05958763251853
NOLAN HILL BLVD NW,NOLAN HILL AVE NW,RSM,REGULAR CROSSWALK,1.0,PAINT,S,-114.17168066737244,51.17590121062871
26 AVE SW,1 ST SW,RSM,REGULAR CROSSWALK,1.0,MMA,E,-114.0666321212946,51.029562937486524
BOWNESS RD NW,17 AVE NW,RSM,STOP LINE,1.0,PAINT,N,-114.16612149030591,51.07539206348965
2 AVE NW,8 ST NW,SCHOOL,LADDER CROSSWALK,1.0,INLAY,N,-114.08141616383833,51.056055296204015
BOWNESS RD NW,16 AV NW,SIGNALIZED,REGULAR CROSSWALK,1.0,EPOXY,NB,-114.15248947709603,51.0668274530146
SADDLECREST BLVD NE,88 AV NE,RSM,STOP LINE,3.0,PAINT,NSW,-113.9408957339738,51.13250376229687
BOWNESS RD NW,16 AV NW,SIGNALIZED,REGULAR CROSSWALK,1.0,EPOXY,WB,-114.15193730837552,51.0664088363772
4 AVE NE,MAIDSTONE DR/EAST LEG,SCHOOL,LADDER CROSSWALK,1.0,MMA,E,-113.9493801655754,51.0570738176648
64 AVE NE,11 ST,SIGNALIZED,RIGHT TURN,4.0,PAINT,NSEW,-114.0364071402838,51.110515250369566
HIGHFIELD BLVD SE,12 ST SE,SIGNALIZED,RIGHT TURN,1.0,PAINT,E,-114.03485409501887,51.01644164131105
21 AVE SW,17 A ST SW,MULTIWAY STOP,STOP LINE,4.0,,NSEW,-114.10324214523543,51.03495912444968
52 ST NE,26 AVE NE,SIGNAL,RIGHT TURN,1.0,PAINT,S,-113.95836537048584,51.07629444823071
32 ST NW,5 AVE NW,SCHOOL,REGULAR CROSSWALK,2.0,MMA,SW,-114.13268651674213,51.05786900156943
13 AVE SW,11 ST SW,SCHOOL,REGULAR CROSSWALK,1.0,MMA,S,-114.08899700645355,51.0412031531215
4 ST NE,19 AVE NE,SCHOOL,LADDER CROSSWALK,1.0,MMA,N,-114.05249809899267,51.06969993958332
FALSHIRE DR NE,FALTON RISE,SCHOOL,LADDER CROSSWALK,1.0,MMA,W,-113.94209829517237,51.10609774455711
HIDDEN VALLEY DR NW,HIDDEN SPRINGS GREEN NW,SCHOOL,LADDER CROSSWALK,1.0,MMA,E,-114.11144427456304,51.15162434098474
HIDDEN VALLEY DR NW,HIDDEN SPRINGS CLOSE NW,SCHOOL,LADDER CROSSWALK,3.0,MMA,NSW,-114.10929796501021,51.15151858566048
ABBEYDALE DR NE,ABALONE CR/ABERGALE DR,SCHOOL,LADDER CROSSWALK,1.0,MMA,S,-113.9285359855042,51.05632189492805
4 ST NE,20 AV NE,SCHOOL,REGULAR CROSSWALK,1.0,MMA,W,-114.0525287349846,51.07061173525303
FALSHIRE DR NE,FALSHIRE CLOSE,SCHOOL,LADDER CROSSWALK,1.0,MMA,W,-113.94499641078087,51.10532724648817
128 AVE NE,SKYVIEW RANCH RD NE,SIGNALIZED,STOP LINE,4.0,PAINT,NSEW,-113.96209205868891,51.16535682312222
BARLOW TR NE,32 AVE NE,SIGNALIZED,RIGHT TURN,4.0,PAINT,NSEW,-114.00172259534519,51.08148283661954
DIEPPE DR SW,BISHOP WAY SW,RSM,REGULAR CROSSWALK,1.0,PAINT,W,-114.12856727712791,51.017638097407676
ELBOW DR SW,5 ST SW,SIGNAL,REGULAR CROSSWALK,2.0,PAINT,NE,-114.07321653818511,51.02967899401866
28 AVE SW,ERLTON ST SW,DOWNTOWN,REGULAR CROSSWALK,1.0,PAINT,N,-114.06218957378888,51.02870864945824
SETON WAY SE,212 AVE,RSM,REGULAR CROSSWALK,4.0,PAINT,NSEW,-113.95185879720913,50.863225797041565
13 AVE SW,9 ST SW,MULTIWAY STOP,STOP LINE,4.0,PAINT,NSEW,-114.08405004494524,51.0410678231871
TEMPLE DR NE,55 ST NE,REGULAR,REGULAR CROSSWALK,2.0,PAINT,EW,-113.9524356281486,51.09177967185809
17 AVE SE,MACLEOD TR SE,DOWNTOWN,STOP X,7.0,MMA,WE,-114.0586499890947,51.037831821380166
BRIGHTONSTONE BA SE,BRIGHTONSTONE GD SE,SCHOOL,LADDER CROSSWALK,1.0,PAINT,E,-113.95346566741168,50.920195154499766
RICHARD RD SW,CROWCHILD TR SW,RSM,REGULAR CROSSWALK,3.0,PAINT,NSE,-114.1192971321983,51.01486963442385
46 ST SE,80M SOUTH OF 54 AVE SE AT RRXING,RSM,X RRXING,2.0,PAINT,NS,-113.96743518486748,51.00292814285183
5 ST SE,7 AVE SE,RSM,REGULAR CROSSWALK,3.0,MMA,SEW,-114.05071949827182,51.04568574646323
8 ST SE,8 AVE SE,MULTIWAY STOP,STOP LINE,3.0,PAINT,NSE,-114.04095865398222,51.0441737563087
APPLEWOOD DR SE,APPLESTONE PARK SE,RSM,REGULAR CROSSWALK,1.0,PAINT,E,-113.92622757501422,51.04249503144783
7 AVE SE,3 ST SE,DOWNTOWN,STOP LINE,4.0,MMA,NSEW,-114.05558836692907,51.04630463461211
AIRPORT TR NE,36 ST NE,SIGNALIZED,STOP LINE,4.0,PAINT,NSEW,-113.98164812878136,51.13976737585083
32 AVE NE,56 ST NE,SIGNALIZED,STOP LINE,4.0,PAINT,NSEW,-113.95300076816092,51.081538310503255
4 ST SW,LANE BTW 8 & 9 AVE W. SIDE,DOWNTOWN,REGULAR CROSSWALK,1.0,MMA,W,-114.0716717841213,51.045328394725246
8 AVE SE,4 ST SE,SIGNALIZED,STOP LINE,4.0,MMA,NSEW,-114.05321091367728,51.0452523342137
JOHN LAURIE BLVD NW,N OF 52 AVE NW,MIDBLOCK,REGULAR CROSSWALK,1.0,PAINT,MID,-114.12728147375951,51.10308634350535
SACKVILLE DR SW,SACKVILLE DR SW,SCHOOL,STOP LINE,1.0,MMA,N,-114.08981109347246,50.954771316568824
JOHN LAURIE BLVD NW,CHARLESWOOD DR NW,RSM,STOP LINE,3.0,PAINT,EWS,-114.11638858597684,51.09685167706043
6 AVE SW,3 ST SW,DOWNTOWN,STOP LINE,2.0,MMA,NE,-114.07025359964769,51.047654599107034
39 AVE NE,34 ST,SIGNAL,REGULAR CROSSWALK,4.0,PAINT,NSEW,-113.98550931481188,51.08882364265183
MEMORIAL DR NE,59 ST NE,CORRIDOR,RIGHT TURN,2.0,PAINT,NS,-113.94897780176453,51.05316449633907
SUNRIDGE BLVD,27 ST NE,CORRIDOR,LADDER CROSSWALK,1.0,PAINT,E,-113.9948301130174,51.07689952028088
13 AVE SW,5 ST SW,DOWNTOWN,STOP LINE,4.0,PAINT,NSEW,-114.07420449578791,51.04079915194088
CRANSTON DR SE,CRANSTON RD,MULTIWAY STOP,LADDER CROSSWALK,2.0,PAINT,NE,-113.97902382604936,50.88218474447524
CRANSTON AVE SE,CRANBERRY RD SE,SIGNALIZED,STOP LINE,4.0,MMA,NSEW,-113.97603354923669,50.879151207910304
MAHOGANY BLVD SE,MAHOGANY WAY SE,SCHOOL,LADDER CROSSWALK,4.0,MMA,NSEW,-113.92528973613335,50.90201788193821
SETON WAY SE,SETON CR,SIGNALIZED,STOP LINE,4.0,PAINT,NSEW,-113.95660120275375,50.87957931034978
OAKFIELD DR SW,CEDARILLE DR SW,RSM,REGULAR CROSSWALK,1.0,PAINT,W,-114.13238310381445,50.959718050707224
32 AVE NE,60 ST NE,CORRIDOR,LADDER CROSSWALK,2.0,PAINT,E,-113.94676212971012,51.081546387739316
MCKENZIE LAKE BLVD SE,MCKENZIE LAKE WAY S LEG,SIGNALIZED,RIGHT TURN,1.0,PAINT,S,-113.98732702598112,50.907693495874035
52 ST,MAHOGANY GATE,SIGNALIZED,STOP LINE,4.0,PAINT,NSEW,-113.94447661310298,50.89948558400648
26 ST SE,ABOUT 200M SOUTH OF,CORRIDOR,LADDER CROSSWALK,1.0,PAINT,MID,-113.99595389101842,51.02729333385196
17 AVE SW,33 ST SW,SIGNAL,REGULAR CROSSWALK,4.0,PAINT,NSEW,-114.13544797297438,51.03781214010704
ROYAL VISTA DR NW,ROYAL VISTA WAY NW,SIGNALIZED,RIGHT TURN,1.0,PAINT,S,-114.20746895677821,51.15117610785495
BLACKFOOT TR SE,85 AVE SE,SIGNALIZED,STOP LINE,3.0,PAINT,NSE,-114.04671375683336,50.97635502167233
WENTWORTH RISE SW,WENTWORTH AVE SW,SCHOOL,LADDER CROSSWALK,2.0,MMA,SW,-114.21343934216068,51.05894814502418
MCKENZIE LAKE BLVD SE,MOUNTAIN PK DR/MCK DR,MULTIWAYS,RIGHT TURN,2.0,PAINT,EW,-113.99104866090869,50.902126926676424
12 ST NW,8 AVE NW,SCHOOL,STOP LINE,1.0,MMA,W,-114.0917533908626,51.059569964931605
MAHOGANY PLAZA SE,MAHOGANY ROW,RSM,REGULAR CROSSWALK,4.0,PAINT,NSEW,-113.94032599687759,50.89852306792978
SHAWNEE GATE SW,SHAWNEE DR SW,SIGNAL,REGULAR CROSSWALK,3.0,PAINT,SEW,-114.07503597780568,50.92417251216071
19 ST NW,CHICOUTIMI DR NW,RSM,REGULAR CROSSWALK,1.0,PAINT,S,-114.10885636533428,51.08200618306437
CANYON MEADOWS DR SW,CANTERBURY DR SW,CORRIDOR,RIGHT TURN,1.0,PAINT,S,-114.0809385762818,50.93688360082139
14 ST NW,CROMWELL AVE NW,REGULAR,REGULAR CROSSWALK,2.0,PAINT,NS,-114.09473580787129,51.08609801389434
MIDPARK BLVD SE,MIDPARK DR SE,RSM,REGULAR CROSSWALK,1.0,PAINT,E,-114.05654451459861,50.90808531089935
MIDPARK BLVD SE,MIDPARK WAY SE,RSM,REGULAR CROSSWALK,2.0,PAINT,SW,-114.05852535794742,50.90820672122908
RICHARDSON WAY SW,BISHOP WY SW,RSM,STOP LINE,4.0,PAINT,NSEW,-114.12931143867367,51.01483642794073
112 AVE NW,ROYAL VISTA LINK NW,SIGNALIZED,STOP LINE,3.0,PAINT,SEW,-114.20525177251415,51.15394150187516
ASPEN SUMIT DR SW,ASPEN GLEN WAY SW,RSM,REGULAR CROSSWALK,1.0,PAINT,S,-114.20353042396657,51.03931615499566
85 ST SW,14 AVE SW,SIGNALIZED,REGULAR CROSSWALK,3.0,PAINT,NSW,-114.21105542407831,51.04517990566144
11 AVE SW,19 ST SW,RSM,REGULAR CROSSWALK,2.0,PAINT,SE,-114.10662573301838,51.04357987755024
9 AVE SE,9 ST SE,CORRIDOR,LADDER CROSSWALK,1.0,PAINT,E,-114.0394576501198,51.04285311779438
15 AVE SW,5 ST SW,SIGNALIZED,REGULAR CROSSWALK,4.0,PAINT,NSEW,-114.07439538978313,51.038876979655996
5 ST SE,11 AV SE,RSM,STOP LINE,1.0,PAINT,S,-114.050973517984,51.042027768465324
MEMORIAL DR NE,ABBEYDALE DR NE,RSM,RIGHT TURN,1.0,PAINT,S,-113.93124397166466,51.05241329414712
7 AVE SE,4 ST SE,DOWNTOWN,STOP LINE,4.0,MMA,NSEW,-114.05315404496199,51.046202252962765
BERMUDA RD NW,BERMUDA WAY NW,SCHOOL,LADDER CROSSWALK,1.0,MMA,S,-114.07869570366444,51.13160043915939
210 AV SE,LEGACY VW SE,RSM,STOP LINE,1.0,PAINT,W,-114.00927391557582,50.86311577850333
45 ST SE,SETON PA SE,RSM,REGULAR CROSSWALK,1.0,PAINT,N,-113.94666186297924,50.879474361212516
REDSTONE BLVD NE,RED SKY WAY NE,RSM,REGULAR CROSSWALK,1.0,PAINT,S,-113.95110218533418,51.17169721152237
SANDARAC DR NW,SANDARAC RD NW,REGULAR,REGULAR CROSSWALK,1.0,PAINT,N,-114.09968290053799,51.134032547200285
BARLOW TR NE,AIRPORT TR NE,RSM,RIGHT TURN,1.0,PAINT,S,-114.00166548897485,51.13853521841656
CHILDRENS WY NW,CHILDRENS DR NW,RSM,REGULAR CROSSWALK,1.0,PAINT,S,-114.14770920563384,51.07642917987494
HOSPITAL DR NW,WEST CAMPUS BLVD,SIGNALIZED,STOP X,1.0,PAINT,W,-114.13811593425925,51.065519645851104
KENSINGTON RD NW,18A ST NW,RSM,LADDER CROSSWALK,1.0,PAINT,W,-114.10405821664988,51.0525332964594
4 ST NE,72 AVE NE,REGULAR,STOP LINE,2.0,PAINT,EW,-114.05242328204568,51.11818502867514
REDSTONE AVE NE,REDSTONE BLVD,RSM,REGULAR CROSSWALK,3.0,PAINT,SEW,-113.95103621813087,51.172935036813634
SANDSTONE DR NW,IN TRANSIT BUS TERMINAL,RSM,REGULAR CROSSWALK,2.0,PAINT,MID,-114.08919744119075,51.13411857337593
CAPITOL HILL CR NW,MORLEY TR NW,RSM,REGULAR CROSSWALK,1.0,PAINT,E,-114.11993709957503,51.08157716691332
NEW BRIGHTON DR SE,BRIGHTONCREST RI SE,RSM,REGULAR CROSSWALK,1.0,PAINT,S,-113.94651695134895,50.92179463997857
SKYVIEW RANCH DR NE,SKYVIEW RANCH ST NE,SCHOOL,STOP LINE,2.0,MMA,NS,-113.95538453274798,51.15805886895711
4 ST NW,25 AVE NW,SCHOOL,STOP LINE,2.0,MMA,EW,-114.07154334222867,51.07516783162011
BERMUDA DR NW,BERMUDA RD NW,SCHOOL,LADDER CROSSWALK,1.0,MMA,W,-114.07874084024155,51.13244557589909
HERITAGE DR SE,GLENDEER CIRCLE SE,SIGNAL,DOUBLE CROSSHATCH R/L,,PAINT,,-114.02918268587271,50.9870556009338
KENSINGTON RD NW,25 ST NW,ELDERLY,LADDER CROSSWALK,1.0,PAINT,E,-114.12030158426391,51.05247901172005
HERITAGE DR SE,ASHWORTH RD SE,CORRIDOR,REGULAR CROSSWALK,1.0,PAINT,S,-114.05347609504433,50.97987277298906
PARKLAND BLVD SE,PARKSIDE DR SE,RSM,REGULAR CROSSWALK,1.0,PAINT,N,-114.02813386851275,50.92362106780227
HERITAGE DR SE,FAIRMOUNT DR SE,SIGNALIZED,REGULAR CROSSWALK,4.0,PAINT,NSEW,-114.05989793209496,50.979570729555796
GREENBRIAR DR NW,BY 130 GREENBRIAR DR NW,RSM,LADDER CROSSWALK,1.0,PAINT,MID,-114.22132152022398,51.08877083009437
162 AVE SE,SUN VALLEY BLVD SE,SIGNALIZED,REGULAR CROSSWALK,4.0,PAINT,NSEW,-114.06212608173702,50.90508638999616
PANATELLA BLVD NW,PANAMOUNT ST NW,SCHOOL,STOP LINE,1.0,MMA,S,-114.08801049539173,51.16329779937496
19 ST NW,8 AVE NW,REGULAR,REGULAR CROSSWALK,1.0,PAINT,S,-114.10565427457338,51.05935525548353
19 ST NW,MEMORIAL DR NW,RSM,STOP LINE,1.0,PAINT,N,-114.10549830855943,51.04913056801076
AUBURN BAY AV SE,AUBURN SPRINGS BV SE,RSM,REGULAR CROSSWALK,3.0,PAINT,EWS,-113.94701418777774,50.891195183611835
NEW BRIGHTON DR SE,NEW BRIGHTON MANOR SE,RSM,REGULAR CROSSWALK,1.0,PAINT,N,-113.95421484275329,50.91736236456908
MCKNIGHT BLVD NW,4 ST NW,SIGNAL,RIGHT TURN,2.0,PAINT,NS,-114.0715292553651,51.096051021049696
MCKNIGHT BLVD NW,TRAFFORD DR NW,REGULAR,REGULAR CROSSWALK,1.0,PAINT,W,-114.06790052997754,51.096076924508026
MCKNIGHT BLVD NE,12 ST NE,SIGNAL,RIGHT TURN,4.0,PAINT,NSEW,-114.03342257678395,51.09611560307778
PARKLAND WAY SE,PARKLAND RISE SE,SCHOOL,LADDER CROSSWALK,1.0,MMA,N,-114.03280444416093,50.924128967195045
24 ST SW,106 AVE SW,CORRIDOR,LADDER CROSSWALK,1.0,PAINT,N,-114.11797535505713,50.957741178090394
CEDARBRAE DR SW,109 AVE SW,SCHOOL,LADDER CROSSWALK,1.0,MMA,S,-114.12960045676321,50.95578659189457
CEDARILLE DR SW,CEDARILLLE CR SW,REGULAR,REGULAR CROSSWALK,1.0,PAINT,N,-114.13610520826549,50.958202058628835
SUN VALLEY BLVD SE,SUNPARK DR SE,SIGNALIZED,RIGHT TURN,2.0,PAINT,NS,-114.05524615052968,50.90660943622516
OAKFIELD DR SW,30 ST SW,SCHOOL,STOP LINE,1.0,MMA,S,-114.1295611630362,50.954023794372674
75 AVE SW,7 ST SW,MULTIWAY STOP,STOP LINE,4.0,PAINT,NSEW,-114.08128908263582,50.98601632328021
75 AVE SW,5 ST SW,MULTIWAY STOP,STOP LINE,4.0,PAINT,NSEW,-114.0773626714632,50.98601836362461
5 ST SW,KENDALL PL SW,SCHOOL,LADDER CROSSWALK,1.0,MMA,N,-114.07789774136454,50.986925423922365
12 AVE SE,1 ST SE,DOWNTOWN,REGULAR CROSSWALK,4.0,PAINT,NSEW,-114.06086213309803,51.04136708134917
CLIFF ST SW,ROYAL AVE SW,MULTIWAYS,REGULAR CROSSWALK,4.0,PAINT,NSEW,-114.07574216790839,51.03483118340559
EVERRIDGE DR SW,EVERMEADOWS GATE SW,RSM,REGULAR CROSSWALK,1.0,PAINT,E,-114.12157576699076,50.91104026598237
SBND ON RAMP TO,14 ST,REGULAR,REGULAR CROSSWALK,1.0,PAINT,W,-114.09559783063663,51.04624094208099
8 AVE SW,5 ST SW,DOWNTOWN,STOP LINE,4.0,MMA,NSEW,-114.073892501329,51.045862172482515
25 AVE SE,MACLEOD TR S,RSM,REGULAR CROSSWALK,3.0,MMA,NEW,-114.05961586044933,51.030494402734156
25 AVE SE LRT X'S,E OF MACLEOD TR,DOWNTOWN,STOP X,13.0,MMA,EW,-114.0590323423948,51.03051843908869
69 AVE SW,7 ST SW,SCHOOL,LADDER CROSSWALK,2.0,MMA,EW,-114.08136794581027,50.99143085049716
MACLEOD TR S,71 AVE SE,SIGNAL,RIGHT TURN,2.0,PAINT,EW,-114.07153453107642,50.989636388125916
9 AVE SW,81 ST SW,RSM,LADDER CROSSWALK,1.0,PAINT,E,-114.20506552462696,51.05966647687036
CRANSTON GATE SE,CRANFORD WAY SE,RSM,REGULAR CROSSWALK,2.0,PAINT,NW,-113.96979121547783,50.86845850334015
SYMONS VALLEY PARKWAY NW,EVANSTON DR NW,SIGNALIZED,RIGHT TURN,2.0,PAINT,EW,-114.108387944421,51.17347236110338
RICHMOND RD SW,SIERRA MORENA BLVD SW,MULTIWAYS,REGULAR CROSSWALK,3.0,PAINT,NSE,-114.17601767534606,51.0161367669639
MCKENZIE LAKE BLVD SE,MT MCKENZIE DR SE,SIGNAL,RIGHT TURN,1.0,PAINT,N,-113.98138848227032,50.91643319941878
CASTLERIDGE DR NE,54 ST NE,SCHOOL,LADDER CROSSWALK,2.0,MMA,NW,-113.95588887756448,51.108154484094264
210 AVE SE,LEGACY VILLAGE LINK,RSM,LADDER CROSSWALK,3.0,PAINT,SEW,-114.02562877919956,50.86409228367558
SOUTHLAND DR SW,OAKMOOR WAY SW,REGULAR,STOP LINE,2.0,PAINT,NS,-114.1243618022103,50.961278238019695
1 ST NW,12 AVE NW,REGULAR,REGULAR CROSSWALK,2.0,PAINT,EW,-114.06501046225897,51.06335980906262
210 AVE SE,LEGACY BLVD,RSM,REGULAR CROSSWALK,4.0,PAINT,NSEW,-114.02161883285706,50.86313287192246
SYMONS VALLEY PARKWAY NW,ENTRANCE 200m W OF 14 ST NW,RSM,REGULAR CROSSWALK,1.0,PAINT,S,-114.09763804435431,51.18139036410949
3 ST NW,12 AV NW,REGULAR,REGULAR CROSSWALK,2.0,PAINT,EW,-114.06991725600501,51.06339148689498
EVANSTON WAY NW,EVANSGLEN DR NW,SCHOOL,STOP LINE,1.0,MMA,N,-114.10051136973551,51.176802999245346
93 ST SW,ASPEN HILLS DR SW,MULTIWAY STOP,REGULAR CROSSWALK,3.0,PAINT,NSE,-114.22256619911002,51.04260253933035
CRANARCH WAY SE,CRANARCH RD,RSM,RIGHT TURN,2.0,PAINT,EW,-113.97606770399895,50.87714355932982
14 ST NE,110 AVE NE,RSM,REGULAR CROSSWALK,4.0,PAINT,NSEW,-114.02806887972775,51.15126027644663
HERITAGE DR SE,77 AVE SE,SIGNALIZED,RIGHT TURN,1.0,PAINT,W,-114.04846581592133,50.984425207611196
85 ST SW,8 AVE SW,SIGNALIZED,STOP LINE,3.0,PAINT,NSE,-114.21092635590254,51.06328595594313
AUBURN BAY BLVD SE,AUBURN BAY ST,RSM,REGULAR CROSSWALK,1.0,PAINT,W,-113.95101686712819,50.88661911327575
MARTHAS WAY NE,MARTINDALE BLVD NE,SCHOOL,LADDER CROSSWALK,2.0,MMA,NE,-113.96073188233454,51.12273415647671
FRONT ST SE,SETON SQUARE SE,RSM,REGULAR CROSSWALK,2.0,PAINT,EW,-113.95223525888103,50.88076242580395
VARSITY DR NW,40 ST NW,SCHOOL,LADDER CROSSWALK,1.0,MMA,W,-114.14622082067424,51.09150455279352
EVERSTONE DR SW,EVERWILLOW BLVD SW,RSM,REGULAR CROSSWALK,1.0,PAINT,N,-114.10568563880196,50.91401563561448
QUARRY PARK RD SE,AT 108,MID BLOCK,LADDER CROSSWALK,1.0,PAINT,MID,-114.00725042544504,50.96112339835554
EVANSTON DR NW,EVANSBOROUGH WAY NW,SCHOOL,LADDER CROSSWALK,2.0,MMA,NE,-114.11995813377273,51.17976337288261
EVANSTON WAY NW,EVANSDALE WAY NW,RSM,REGULAR CROSSWALK,1.0,PAINT,E,-114.10542879255786,51.17367322690177
EVANSTON DR NW,EVANSBOROUGH GATE NW,SCHOOL,LADDER CROSSWALK,3.0,MMA,NSE,-114.12161277046803,51.179743949951074
SYMONS VALLEY PARKWAY NW,EVANSPARK CIRCLE NW,SIGNALIZED,REGULAR CROSSWALK,1.0,PAINT,S,-114.1099442746776,51.170810482542485
4 AVE NE,MADDOCK DR,SCHOOL,LADDER CROSSWALK,1.0,MMA,W,-113.94447605542152,51.05574284900805
CASTLERIDGE BLVD NE,WESTWINDS CR,SCHOOL,STOP LINE,1.0,MMA,W,-113.96980690204168,51.10555691397683
HERITAGE MEADOWS WAY SE,HERITAGE MEADOWS RD SE,SIGNALIZED,RIGHT TURN,1.0,PAINT,W,-114.0353509293789,50.98209761271343
EVANSTON DR NW,EVANSRIDGE LINK NW,RSM,REGULAR CROSSWALK,4.0,PAINT,NSEW,-114.12145592235609,51.17366889457935
GLENMORE TR SE,BARLOW TR SE,SIGNALIZED,REGULAR CROSSWALK,2.0,PAINT,SE,-113.98171587676117,50.97871260719395
1 AVE NE,EDMONTON TR,SIGNAL,STOP X,2.0,MMA,E,-114.05025424591236,51.053250812117156
COUNTRY VILLAGE LI NE,COUNTRY HILLS VILLAGE WY NE,MID BLOCK,REGULAR CROSSWALK,1.0,PAINT,E,-114.06992529409986,51.15780398823327
23 AVE NW,CAPITOL HILL CR NW,RSM,REGULAR CROSSWALK,1.0,PAINT,S,-114.11555054369886,51.071518996678336
32 ST NW,PARKDALE BLVD NW,REGULAR,LADDER CROSSWALK,1.0,PAINT,E,-114.13421331736824,51.056653288645606
1 AVE NE,4 ST NE,SIGNAL,REGULAR CROSSWALK,1.0,PAINT,E,-114.05168998168023,51.053257634003636
4 ST SW,RIDEAU/ROXBORO RD SW,REGULAR,REGULAR CROSSWALK,3.0,PAINT,EWS,-114.07143942676032,51.02828326423757
52 ST SE,GLENMORE TR SE,SIGNAL,RIGHT TURN,3.0,PAINT,SEW,-113.95851050405392,50.97952008692416
MCKENZIE LAKE WAY SE,MCKENZIE DR SE,REGULAR,STOP LINE,1.0,PAINT,S,-113.9822011924965,50.90692287410521
4 ST NW,BLACKTHORN RD NW,CORRIDOR,LADDER CROSSWALK,1.0,PAINT,S,-114.07143912154588,51.10722835403462
MACLEOD TR S,58 AVE SE,SIGNAL,REGULAR CROSSWALK,4.0,PAINT,NSEW,-114.07158081881309,51.0013878968832
MACLEOD TR S,GLENMORE TR SE,SIGNAL,RIGHT TURN,4.0,PAINT,NSEW,-114.07149465974632,50.99428954945204
CAMBRIAN DR NW,COMMERCE ST NW,REGULAR,REGULAR CROSSWALK,1.0,PAINT,W,-114.09135997029523,51.082295445104236
SADDLETOWNE CIRCLE NE,TARAVISTA DR NE,RSM,RIGHT TURN,2.0,PAINT,NE,-113.94464350271555,51.121723018908355
105 CARRINGTON PZ NW,,RSM,LADDER CROSSWALK,1.0,PAINT,W,-114.09185988121494,51.18280205560048
MCKENZIE LAKE WAY SE,ENTRANCE TO THE BEACH H,SCHOOL,LADDER CROSSWALK,1.0,MMA,MID,-113.98378678637634,50.906939255487536
7 ST NW,30 AVE NW,REGULAR,REGULAR CROSSWALK,1.0,PAINT,S,-114.07947802996091,51.080077264297145
CASTLERIDGE BLVD NE,WESTWINDS DR,SIGNAL,REGULAR CROSSWALK,4.0,PAINT,NSEW,-113.9665749740537,51.108463897420705
80 AV NE,TARAWOOD RD NE,RSM,LADDER CROSSWALK,1.0,PAINT,W,-113.93711506923654,51.12519604186228
COUNTRY VILLAGE LI NE,COUNTRY HILLS VILLAGE WY NE,MID BLOCK,REGULAR CROSSWALK,4.0,PAINT,NSEW,-114.06887331309244,51.1578781586098
REGAL CR NE,RADFORD RD NE,RSM,REGULAR CROSSWALK,2.0,PAINT,NS,-114.03739375720187,51.06129029326939
MOUNTAIN PARK DR SE,MT NORQUAY GATE SE,REGULAR,REGULAR CROSSWALK,1.0,PAINT,S,-113.99726241282183,50.9056233910271
15 ST SE,34 AVE SE AT RRXING,RSM,STOP LINE,4.0,PAINT,EW,-114.0250704043058,51.02330175182254
15 ST SE,38 AVE SE AT RRXING,RSM,X RRXING,2.0,PAINT,EW,-114.02527167441608,51.02011373057282
EDMONTON TR NE,10 AVE NE,SIGNALIZED,REGULAR CROSSWALK,4.0,PAINT,NSEW,-114.05542728175769,51.06151961936117
14 ST NW,NORTHMOUNT DR NW,SIGNALIZED,STOP LINE,4.0,PAINT,NSEW,-114.09470786499857,51.08305891632471
COUNTRY HILLS BLVD NE,COVENTRY BLVD NE,SIGNAL,REGULAR CROSSWALK,3.0,PAINT,NSW,-114.04243334953179,51.1542719103274
36 ST SE,8 AVE SE,SIGNAL,STOP LINE,3.0,PAINT,NSE,-113.98159700289962,51.04516493607391
36 ST SE,12 AVE SE,SIGNAL,REGULAR CROSSWALK,4.0,PAINT,NSEW,-113.98162702257319,51.042477171981986
10 AV SE,36 ST SE,RSM,REGULAR CROSSWALK,2.0,PAINT,EW,-113.98161465686053,51.04402506943044
36 ST SE,16 AVE SE,CORRIDOR,LADDER CROSSWALK,1.0,PAINT,S,-113.98164272014472,51.03938783535304
14 AV SE,36 ST SE,RSM,REGULAR CROSSWALK,2.0,PAINT,EW,-113.98158979835046,51.04092309126742
CANYON MEADOWS DR SE,LAKE LUCERNE RD SE,CORRIDOR,RIGHT TURN,2.0,PAINT,NS,-114.04521865937976,50.92930432684951
LAKE LUCERNE DR SE,LAKE LUCERNE RD SE,REGULAR,REGULAR CROSSWALK,1.0,PAINT,W,-114.04520770008527,50.932459397472
MACLEOD TR S,HERITAGE DR SE,SIGNAL,RIGHT TURN,4.0,PAINT,NSEW,-114.07154729540326,50.979588203784836
MACLEOD TR S,86 AVE SE,SIGNAL,REGULAR CROSSWALK,4.0,PAINT,NSEW,-114.07156045178198,50.975914345550294
MACLEOD TR S,90 AVE SE,SIGNAL,REGULAR CROSSWALK,3.0,PAINT,NSE,-114.0715924158921,50.97224640856219
MACLEOD TR S,94 AVE SE,SIGNAL,REGULAR CROSSWALK,3.0,PAINT,NSE,-114.07158688691143,50.96864971433621
17 AVE SW,RICHMOND RD SW,SIGNAL,MULTI USE XWALK,2.0,PAINT,EW,-114.11124413433232,51.037820970753174
LAKE BONAVISTA DR SE,LAKE TWINTREE DR SE,REGULAR,REGULAR CROSSWALK,1.0,PAINT,W,-114.04274206531285,50.94084122209021
MACLEOD TR S,99 AVE SE,SIGNAL,RIGHT TURN,4.0,PAINT,NSEW,-114.07160330572917,50.96098742343591
MACLEOD TR S,WILLOW PARK DR SE,SIGNAL,RIGHT TURN,4.0,PAINT,NSEW,-114.07161688270271,50.95759250612661
11 AVE SW,17 ST SW,RSM,STOP LINE,2.0,PAINT,NS,-114.1017033197136,51.043463006441264
11 AVE SW,18 ST SW,RSM,REGULAR CROSSWALK,2.0,PAINT,SN,-114.1041091896503,51.04359037186379
12 AVE SW,19 ST SW,RSM,REGULAR CROSSWALK,1.0,PAINT,N,-114.10661113862302,51.042725408106655
MACLEOD TR S,109 AVE SE,SIGNAL,RIGHT TURN,4.0,PAINT,NSEW,-114.0716325838413,50.95558047709312
TEMPLE DR NE,37 AV NE,SCHOOL,LADDER CROSSWALK,1.0,MMA,S,-113.93922006888597,51.08651254398482
MACLEOD TR S,LAKE FRAZER GATE SE,SIGNAL,STOP LINE,3.0,PAINT,NSE,-114.06935330084414,50.939438194200655
MACLEOD TR S,CANYON MEADOWS DR SE,SIGNAL,REGULAR CROSSWALK,1.0,PAINT,N,-114.06958152304114,50.931855864407694
SADDLEMONT BLVD NE,SADDLELAND DR NE,SIGNALIZED,STOP LINE,3.0,PAINT,NEW,-113.9392049304733,51.129581525332725
SHAWVILLE BLVD SE,SHAWVILLE RD SE,SIGNAL,RIGHT TURN,1.0,PAINT,E,-114.0647532975221,50.901918802716025
24 AVE NW,16 ST NW,RSM,REGULAR CROSSWALK,1.0,PAINT,S,-114.09966328762383,51.07428382637049
4 AVE NE,59 ST NE,SCHOOL,LADDER CROSSWALK,1.0,MMA,E,-113.94660473198496,51.05620061366466
S. OF 50 AVE SE,OGDEN RD SE,MIDBLOCK,REGULAR CROSSWALK,1.0,PAINT,MID,-114.01241697767975,51.00417561744266
SUNVISTA RD SE,SUNVISTA CL - 62m E OF,MIDBLOCK,REGULAR CROSSWALK,1.0,PAINT,MID,-114.03623954213636,50.8975687193027
EDMONTON TR NE,8 AVE NE,SIGNAL,REGULAR CROSSWALK,4.0,PAINT,NSEW,-114.05437737907297,51.05973727512428
EVANSTON DR NW,EVANSRIDGE PL NW,SCHOOL,LADDER CROSSWALK,1.0,MMA,N,-114.12173239130895,51.177939757226
SETON WAY SE,FRONT ST,SIGNALIZED,STOP LINE,2.0,PAINT,NS,-113.95666720692455,50.88070301778243
BRIDLERIDGE WAY SW,BRIDLEGLEN MR SW,RSM,REGULAR CROSSWALK,1.0,PAINT,S,-114.1104469732286,50.90562932766445
SYMONS VALLEY PARKWAY NW,EVANSTON DR NW,RSM,STOP LINE,3.0,PAINT,NSW,-114.10517191517218,51.178196121131165
SYMONS VALLEY PARKWAY NW,230M NORTH OF EVANSTON DR NW,SIGNALIZED,REGULAR CROSSWALK,4.0,PAINT,NSWE,-114.10729345917656,51.175415267014095
90 AVE SE,48 ST,SIGNALIZED,STOP LINE,4.0,PAINT,NSEW,-113.96417258584566,50.972296223072306
90 AVE SE,40 ST,SIGNALIZED,REGULAR CROSSWALK,4.0,PAINT,NSEW,-113.97577825645104,50.97230048258776
EVANSTON WAY NW,AT 255 EVANSTON WAY NW,SCHOOL,LADDER CROSSWALK,1.0,MMA,MID,-114.10168599428431,51.17603194898235
50 AVE SE,25 ST,SIGNALIZED,STOP LINE,4.0,PAINT,NSEW,-113.99851726756906,51.0087002306511
BRIDLERIDGE HT SW,BRIDLERANGE GA SW,RSM,REGULAR CROSSWALK,1.0,PAINT,W,-114.11314452679558,50.903134111030305
CRANLEIGH WY SE,CRANLEIGH GA SE,RSM,REGULAR CROSSWALK,1.0,PAINT,S,-113.99086345259825,50.88849211751509
61 AVE SE,40 ST SE,RSM,REGULAR CROSSWALK,1.0,PAINT,E,-113.97658841027499,50.99901129282718
17 AVE SW,CORTINA DR SW,RSM,RIGHT TURN,1.0,PAINT,S,-114.22268724891181,51.037847305050676
93 ST SW,ASPEN HILLS WY SW,SCHOOL,LADDER CROSSWALK,1.0,MMA,N,-114.22256537796306,51.0443894108455
COACH HILL RD SW,COACK RIDGE RD SW,RSM,REGULAR CROSSWALK,1.0,PAINT,S,-114.18688423012809,51.05638089454061
MT MCKENZIE DR SE,MT ALLAN CIRCLE SE,REGULAR,REGULAR CROSSWALK,1.0,PAINT,N,-113.98144104784683,50.92217392270952
MT MCKENZIE DR SE,MT APEX GREEN SE,REGULAR,REGULAR CROSSWALK,1.0,PAINT,N,-113.98042151608185,50.924975062242154
MT MCKENZIE DR SE,MT LORETTE CLOSE SE,REGULAR,REGULAR CROSSWALK,2.0,PAINT,NS,-113.98164566425241,50.92022272524125
MT DOUGLAS CLOSE SE,214 MT DOUGLAS CLOSE,MIDBLOCK,REGULAR CROSSWALK,1.0,PAINT,MID,-113.98540263447424,50.92474236611013
37 AVE NE,32 ST NE,SIGNAL,REGULAR CROSSWALK,4.0,PAINT,NSWE,-113.98867381808745,51.08666116725331
106 AV SE,6635 106 AV SE,RSM,REGULAR CROSSWALK,3.0,PAINT,EWS,-113.9401249574022,50.963080136071305
68 ST SE,107 AV SE,RSM,REGULAR CROSSWALK,2.0,PAINT,EW,-113.93506037049778,50.9596202793824
MT MCKENZIE DR SE,MT DOUGLAS CL SE,SCHOOL,LADDER CROSSWALK,2.0,MMA,SW,-113.98130983047649,50.92309456060152
14 AVE NW,19 ST NW,SIGNAL,RIGHT TURN,1.0,PAINT,N,-114.10625388687463,51.06516329209335
MEMORIAL DR NE,47 ST NE,CORRIDOR,LADDER CROSSWALK,1.0,PAINT,W,-113.9636115048173,51.052873215580256
MT MCKENZIE WAY SE,MT ALBERTA VIEW SE,MULTIWAY STOP,REGULAR CROSSWALK,3.0,PAINT,NSE,-113.98817048322009,50.9161469701995
1 AVE SW,7 ST SW,RSM,PARKING STALLS,26.0,MMA,N,-114.07701612029015,51.05233874637519
COPPERPOND BV SE,COPPERPOND RD SE,RSM,REGULAR CROSSWALK,1.0,PAINT,W,-113.9300564762479,50.924008938250616
90 AVE SW,OAKMOUNT DR SW,REGULAR,REGULAR CROSSWALK,2.0,PAINT,NS,-114.13593940294194,50.97674886952171
MARMOT GR NW,ANNETTE LD NW,RSM,REGULAR CROSSWALK,4.0,PAINT,NSWE,-114.16850584606064,51.192241003039456
QUEEN CHARLOTTE WAY SE,QN CHARLOTTE RD W LEG,SCHOOL,LADDER CROSSWALK,1.0,MMA,E,-114.02227362770228,50.93445399919684
QUEEN CHARLOTTE DR SE,QUEEN CHARLOTTE GATE SE,REGULAR,REGULAR CROSSWALK,1.0,PAINT,N,-114.02420965647761,50.93737519347025
QUEENSLAND DR SE,QUEENSLAND PL SE (200),REGULAR,REGULAR CROSSWALK,1.0,PAINT,N,-114.02537198739459,50.93926937173369
QUEENSLAND DR SE,QUEENSLAND CIRCLE SE,SCHOOL,LADDER CROSSWALK,1.0,MMA,W,-114.02125930622145,50.939959785237335
QUEENSLAND DR SE,QUEENSLAND CIRCLE SE,SCHOOL,LADDER CROSSWALK,1.0,MMA,W,-114.02449547213811,50.93975515978933
QUEENSLAND DR SE,QUEENSLAND PL SE (500),REGULAR,REGULAR CROSSWALK,1.0,PAINT,S,-114.01810566916032,50.93404923014019
QUEENSLAND DR SE,QUEEN ISABELLA CL SE,REGULAR,REGULAR CROSSWALK,1.0,PAINT,S,-114.02863381097052,50.934723602800005
27 ST SE,BARLOW TR SE,REGULAR,RIGHT TURN,1.0,PAINT,W,-113.99553550027588,51.037856802946784
17 AVE SE,33 ST SE,SIGNAL,STOP LINE,5.0,PAINT,NSEW,-113.98662805934026,51.03782826672934
17 AVE SE,36 ST SE,SIGNAL,STOP LINE,6.0,PAINT,NSEW,-113.98159994503844,51.03783872606972
17 AVE SW,16A ST SW,CORRIDOR,LADDER CROSSWALK,1.0,PAINT,W,-114.10019819220088,51.037819819916564
17 AVE SW,17 ST SW,REGULAR,REGULAR CROSSWALK,1.0,PAINT,E,-114.10159443220255,51.0378353282816
JAMES MCKEVITT RD SW,BRIDLEWOOD RD SW,SIGNALIZED,REGULAR CROSSWALK,3.0,PAINT,NSW,-114.09836734262542,50.902867494061674
JAMES MCKEVITT RD SW,PATH S OF SHOPPING CNT,CORRIDOR,LADDER CROSSWALK,1.0,PAINT,MID,-114.09440943613015,50.89940777499104
16 AV SW,8 ST SW,RSM,PARKING STALLS,11.0,PAINT,S,-114.08271200025521,51.03818807489078
12 AVE SW,14 ST SW,RSM,CROSSHATCH RIGHT,20.0,MMA,NW,-114.09497940236858,51.04238576635995
STRATHCONA DR SW,STATHLEA AV SW,MULTIWAY STOP,STOP LINE,3.0,PAINT,NSW,-114.20793730296384,51.048794710597896
EVERGREEN DR SW,45M SOUTH OF EVERGREEN CRESCENT,MID BLOCK,REGULAR CROSSWALK,1.0,PAINT,MID,-114.10225174307583,50.921417340248276
SHAWNESSY BLVD SW,MILLRISE DR SW,CORRIDOR,RIGHT TURN,1.0,PAINT,N,-114.09250307137975,50.91403748620868
77 ST SW,10 AVE SW,RSM,REGULAR CROSSWALK,1.0,PAINT,N,-114.19943799967267,51.05785638653538
73 ST SW,10 AVE SW,RSM,REGULAR CROSSWALK,1.0,PAINT,S,-114.19352127942784,51.05786708610905
AUBURN BAY AVE SE,AUBURN MEADOWS BV SE,SCHOOL,LADDER CROSSWALK,1.0,MMA,N,-113.94922006351592,50.89249326382825
AUBURN MEADOWS BLVD SE,AUBURN MEADOWS DR SE,SCHOOL,STOP LINE,1.0,MMA,E,-113.94834996152444,50.893933346543236
AUBURN BAY AVE SE,AUBURN SPRINGS COVE SE,SCHOOL,LADDER CROSSWALK,1.0,MMA,W,-113.95154368518334,50.89303799976893
WENTWORTH DR SW,WENTWORTH RISE SW,RSM,REGULAR CROSSWALK,1.0,PAINT,W,-114.21344071538117,51.056781457693354
CRANSTON GATE SE,CRANARCH PL,SCHOOL,LADDER CROSSWALK,1.0,MMA,W,-113.96937347759643,50.8746098649609
WALDEN DR SE,WALDEN BLVD SE,RSM,REGULAR CROSSWALK,4.0,PAINT,NSEW,-114.0302781569429,50.86811968978235
STRATHCONA DR SW,STRATHLEA CRESCENT SW,SCHOOL,LADDER CROSSWALK,2.0,MMA,SE,-114.20664972913642,51.0506289048741
13 ST SW,12 AV SW,RSM,REGULAR CROSSWALK,1.0,PAINT,N,-114.09382725075643,51.042285853670464
17 AVE SE,EAST OF HUBALTA ROAD,RRXING,X RRXING,5.0,PAINT,EW,-113.95024713425363,51.03785187017188
COUNTRY HILLS BLVD NE,HARVEST HILLS GATE NE,SIGNAL,RIGHT TURN,1.0,PAINT,S,-114.04801635162985,51.15424584592358
OGDEN RD SE,55 M E OF 14A ST SE,REGULAR,STOP LINE,4.0,PAINT,EW,-114.02575468710423,51.01860398610942
MAHOGANY BV SE,MAHOGANY NR SE & MAHOGANY GV SE,RSM,LADDER CROSSWALK,1.0,PAINT,E,-113.93039582222997,50.90269764500442
17 AVE SE,26 ST SE,SIGNAL,RIGHT TURN,1.0,PAINT,E,-113.99562604156971,51.037556932785634
OLD BANFF COACH RD SW,COUGAR RIDGE LD SW,RSM,STOP LINE,2.0,PAINT,EW,-114.18865544623026,51.06536241865458
68 ST NE,64 AVE NE,SIGNALIZED,RIGHT TURN,3.0,PAINT,NSE,-113.93506614851162,51.110648988938145
CASTLERIDGE DR NE,CASTLEGLEN RD/C-RIDGE W,REGULAR,REGULAR CROSSWALK,1.0,PAINT,W,-113.95075166431785,51.107313306551085
33 AVE SW,16 ST SW,CORRIDOR,LADDER CROSSWALK,1.0,PAINT,E,-114.09962338161979,51.02400652446372
68 ST NE,37 AVE NE,CORRIDOR,RIGHT TURN,1.0,PAINT,W,-113.93513620565996,51.08649127535102
BEDDINGTON BLVD NW,BERWICK DR NW,CORRIDOR,RIGHT TURN,2.0,PAINT,EW,-114.08666775050447,51.131781251299124
BLACKFOOT TR SE,42 AVE SE,SIGNAL,RIGHT TURN,4.0,PAINT,NSEW,-114.04853037030071,51.01596510319043
36 ST NE,44 AVE NE,SIGNAL,RIGHT TURN,1.0,PAINT,E,-113.9817395616715,51.09115523015518
COUNTRY HILLS BLVD NE,14 ST NE,SIGNAL,RIGHT TURN,4.0,PAINT,NSEW,-114.02804540222989,51.154306063072255
REDSTONE DR NE,REDSTONE BLVD,RSM,REGULAR CROSSWALK,4.0,PAINT,NSEW,-113.95105703844067,51.16836694652926
PATINA DR SW,PROMINENCE WY SW,RSM,REGULAR CROSSWALK,1.0,PAINT,E,-114.17452766257396,51.062979436597374
36 ST NE,80 AVE NE,SIGNALIZED,STOP LINE,3.0,PAINT,NSE,-113.9815510210317,51.125204259459196
METIS TR NE,80 AVE NE,SIGNALIZED,RIGHT TURN,4.0,PAINT,NSEW,-113.97013667475474,51.12522587802269
METIS TR NE,AIRPORT TR,SIGNALIZED,REGULAR CROSSWALK,4.0,PAINT,NSEW,-113.97020989052382,51.13983947723644
36 ST NE,88 AVE,SIGNALIZED,REGULAR CROSSWALK,3.0,PAINT,NSE,-113.98159185073492,51.13196276575263
METIS TR NE,88 AVE,SIGNALIZED,REGULAR CROSSWALK,4.0,PAINT,NSEW,-113.97021082119367,51.132646389075184
SAVANNA BV NE,SAVANNA CR NE,RSM,LADDER CROSSWALK,1.0,PAINT,N,-113.94870859943222,51.13503317457177
36 ST NE,64 AVE NE,SIGNALIZED,STOP LINE,3.0,PAINT,NSE,-113.9816181253542,51.11320683824784
3 AVE SW,1 ST SW,DOWNTOWN,REGULAR CROSSWALK,4.0,PAINT,NSEW,-114.06514120880368,51.05034577282282
3 AVE SW,4 ST SW,DOWNTOWN,REGULAR CROSSWALK,4.0,MMA,NSEW,-114.07150767808093,51.050524723439864
SBND 14 ST RAMP TO,15 ST SW,REGULAR,STOP LINE,1.0,PAINT,W,-114.09587987157552,51.046103812698625
MCKNIGHT BLVD NE,52 ST NE,SIGNAL,REGULAR CROSSWALK,4.0,PAINT,NSEW,-113.95839106111498,51.09610805282513
ARLINGTON DR SE,ASHWORTH RD SE,REGULAR,REGULAR CROSSWALK,1.0,PAINT,E,-114.05148418526866,50.975899699488544
ACADIA DR SE,6 ST SE,REGULAR,REGULAR CROSSWALK,2.0,PAINT,EW,-114.04892548762399,50.9697934194175
ACADIA DR SE,94 AVE SE,CORRIDOR,LADDER CROSSWALK,1.0,PAINT,S,-114.04842546820763,50.968521741906756
ACADIA DR SE,ACADEMY DR SE,SCHOOL,LADDER CROSSWALK,1.0,MMA,N,-114.04841398924732,50.96688558355032
ACADIA DR SE,ATHENS RD SE,SCHOOL,LADDER CROSSWALK,2.0,MMA,NS,-114.04842264576904,50.96610419527126
6 ST SE,AVONLEA PL SE,REGULAR,REGULAR CROSSWALK,1.0,PAINT,N,-114.0483813154652,50.97334026743092
ACADEMY DR SE,7 ST SE,SCHOOL,LADDER CROSSWALK,1.0,MMA,E,-114.04518836222921,50.966881324690206
SOUTHAMPTON DR SW,105 AVE SW,REGULAR,REGULAR CROSSWALK,1.0,PAINT,S,-114.09063652757563,50.958631483578024
14 ST NW,64 AV NW,SIGNAL,RIGHT TURN,1.0,MMA,S,-114.08343995819787,51.10918975011786
SUN VALLEY BLVD SE,SUNCREST WAY SE,CORRIDOR,LADDER CROSSWALK,1.0,PAINT,W,-114.04055213411051,50.90653722122455
64 AVE NW,HUNTERVIEW DR NW,SIGNAL,REGULAR CROSSWALK,4.0,PAINT,NSEW,-114.07809607767281,51.110273945725694
COPPERSTONE RD SE,COPPERSTONE BLVD SE,SCHOOL,LADDER CROSSWALK,2.0,MMA,SE,-113.9302409925782,50.91483496520941
SUN VALLEY BLVD SE,W OF SUNMILLS DR SE,MIDBLOCK,REGULAR CROSSWALK,1.0,PAINT,MID,-114.03569115969503,50.90576379212354
SUN VALLEY BLVD SE,SUNMILLS DR E LEG,SIGNALIZED,REGULAR CROSSWALK,3.0,PAINT,SEW,-114.03018503158857,50.904183112514275
SUN VALLEY BLVD SE,SUNVALLEY DR SE,REGULAR,RIGHT TURN,1.0,PAINT,E,-114.02701905806222,50.903855348533
64 AVE NW,HUNTS CR NW,SCHOOL,LADDER CROSSWALK,2.0,MMA,SW,-114.07568146205256,51.11156568855715
17 AVE SE,39 ST SE,CORRIDOR,REGULAR CROSSWALK,2.0,PAINT,NS,-113.9772257604168,51.037821240928544
17 AVE SE,42 ST SE,SIGNALIZED,REGULAR CROSSWALK,4.0,PAINT,NSEW,-113.97285155453531,51.03784816411993
104 AV NE,42 ST NE,RSM,REGULAR CROSSWALK,3.0,PAINT,NEW,-113.97407416317186,51.14718956035271
17 AVE SE,45 ST SE,REGULAR,REGULAR CROSSWALK,2.0,PAINT,NS,-113.96857453696293,51.03789166350322
17 AVE SE,47 ST SE,SIGNALIZED,REGULAR CROSSWALK,4.0,PAINT,NSEW,-113.9657645003591,51.03781844557509
17 AVE SE,48 ST SE,REGULAR,STOP LINE,2.0,PAINT,NS,-113.96435945760979,51.037818025552
17 AVE SE,50 ST SE,SIGNAL,REGULAR CROSSWALK,4.0,PAINT,NSEW,-113.9613637960447,51.03782264547432
STRATHCONA DR SW,STRATHLEA CRESCENT SW,SCHOOL,LADDER CROSSWALK,1.0,MMA,E,-114.20561815835285,51.05083760851526
42 ST SE,BETWEEN 16 AND 17 AVE,MID BLOCK,PARKING STALLS,24.0,PAINT,W,-113.97282896865929,51.038797196168794
NOSE HILL DR NW,CROWCHILD TR NW,SIGNALIZED,RIGHT TURN,2.0,PAINT,SW,-114.20263388736386,51.120179717916905
QUARRY PARK BLVD SE,QUARRY DR SE,SIGNALIZED,STOP LINE,4.0,PAINT,NSEW,-114.0113423938168,50.9594866801523
TARADALE DR NE,TARINGTON RD NE,RSM,REGULAR CROSSWALK,2.0,PAINT,EW,-113.93138702870056,51.11408909466777
CRANSTON DR SE,CRANBERRY RD,SCHOOL,STOP LINE,3.0,MMA,SEW,-113.97657976021328,50.88255820284464
CRANSTON RD SE,CRANWELL COMMON,SCHOOL,LADDER CROSSWALK,1.0,MMA,N,-113.97910639494124,50.88301630853968
MACLEOD TR S,6 AVE SE,DOWNTOWN,STOP X,1.0,PAINT,E,-114.0579851870287,51.04730816422203
14 AVE SW,ASCOT DR SW,RSM,REGULAR CROSSWALK,1.0,PAINT,E,-114.21952581619763,51.045180003841956
AUBURN BAY BLVD SE,AUTUMN GATE,SCHOOL,STOP LINE,1.0,MMA,N,-113.96528672798995,50.89687254376086
AUBURN BAY BLVD SE,AUTUMN CL SE,SCHOOL,LADDER CROSSWALK,2.0,MMA,NE,-113.96323404597318,50.89735192271898
16 AVE NW,BOWFORT RD NW,SIGNALIZED,REGULAR CROSSWALK,1.0,PAINT,E,-114.20935138441719,51.08323386841949
ELBOW DR SW,80 AVE SW,REGULAR,REGULAR CROSSWALK,1.0,PAINT,N,-114.08316395655999,50.98141090571032
49 ST NW,19 AVE NW,CORRIDOR,STOP LINE,2.0,PAINT,NS,-114.16411378645594,51.07684463895469
GLENMORE TR SE,OGDEN RD SE,SIGNALIZED,REGULAR CROSSWALK,3.0,PAINT,NEW,-113.99872445732257,50.97951393038885
60 ST NE,96 AVE NE,SIGNALIZED,STOP LINE,3.0,PAINT,SEW,-113.94672955287982,51.139614879426965
32 AVE NE,23 ST NE,SIGNAL,STOP X,1.0,PAINT,S,-114.00509458833204,51.08151001748081
14 ST NE,115 AVE NE,RSM,REGULAR CROSSWALK,1.0,PAINT,E,-114.02689778521766,51.157745317977344
SYMONS VALLEY PARKWAY NW,EVANSTON VIEW NW,SIGNALIZED,REGULAR CROSSWALK,3.0,PAINT,SEW,-114.12140571854174,51.16808427803298
EVANSTON VIEW NW,EVANSCOVE CIRCLE NW,SCHOOL,LADDER CROSSWALK,2.0,MMA,NW,-114.1169342183399,51.16442214679842
SAVANNA BLVD NE,SAVANNA ST NE,RSM,REGULAR CROSSWALK,4.0,PAINT,NSEW,-113.95238289062226,51.13503618089252
BARLOW TR NE,STONEHILL GATE NE,SIGNALIZED,REGULAR CROSSWALK,4.0,PAINT,NSEW,-114.00167831033063,51.156764043374444
BARLOW TR NE,STONEHILL DR NE,RSM,REGULAR CROSSWALK,2.0,PAINT,EW,-113.99339387289653,51.166177787652124
MARTINDALE DR NE,MARTINWOOD RD NE,RSM,REGULAR CROSSWALK,2.0,PAINT,NS,-113.9526194420935,51.11643192991462
REDSTONE ST NE,REDSTONE PLAZA NE,RSM,REGULAR CROSSWALK,4.0,PAINT,NSEW,-113.96191121970718,51.17095233756236
SADDLETOWNE CIRCLE NE,MARTINDALE DR NE,RSM,RIGHT TURN,1.0,PAINT,W,-113.947906826841,51.12380340564664
MARTINDALE BLVD NE,MARTHAS HAVEN PARADE NE,RSM,REGULAR CROSSWALK,2.0,PAINT,NW,-113.96827705926349,51.118042058097565
BARLOW TR NE,150M SOUTH OF,RSM,STOP LINE,1.0,PAINT,E,-113.99995114080491,51.159331608863916
MARTINDALE BLVD NE,MARTINDALE DR NE,RSM,X RRXING,2.0,PAINT,NS,-113.95491802263125,51.12168417830994
REDSTONE ST NE,REDSTONE DR,RSM,REGULAR CROSSWALK,4.0,PAINT,NSEW,-113.96202229659312,51.16837789877934
SADDLETOWNE CIRCLE NE,60 ST NE,SIGNALIZED,STOP LINE,2.0,PAINT,NE,-113.94713107549465,51.126505899588054
BARLOW CR NE,50M NORTH OF,RSM,REGULAR CROSSWALK,2.0,PAINT,NW,-113.99312159701273,51.17044338514635
KINCORA GLEN RD NW,37 ST NW,RSM,STOP LINE,1.0,PAINT,N,-114.1411806551829,51.16509019391196
SYMONS VALLEY PARKWAY NW,EVANSTON VIEW NW,RSM,REGULAR CROSSWALK,1.0,PAINT,W,-114.11346402175671,51.16836453969443
SYMONS VALLEY PARKWAY NW,SAGE MEADOWS GREEN NW,CORRIDOR,LADDER CROSSWALK,1.0,PAINT,E,-114.12528368803474,51.16817687288401
EVANSPARK BLVD NW,EVANSVIEW GA NW,RSM,STOP LINE,2.0,PAINT,EW,-114.11791987552652,51.17035056673986
88 AVE NE,60 ST NE,SIGNALIZED,RIGHT TURN,4.0,PAINT,NSEW,-113.9467458597228,51.13252159934522
SADDLETOWNE CIRCLE NE,80 AVE NE,SIGNALIZED,REGULAR CROSSWALK,3.0,PAINT,NSW,-113.94970112708248,51.12527076334672
KINCORA BLVD NW,KINCORA DR NW,MULTIWAY STOP,REGULAR CROSSWALK,3.0,PAINT,NSE,-114.12844370589684,51.159183319593865
SAVANNA BLVD NE,46 ST NE,RSM,REGULAR CROSSWALK,3.0,PAINT,NSE,-113.96580740708872,51.13503389188204
128 AVE NE,BARLOW TR NE,SIGNALIZED,RIGHT TURN,2.0,PAINT,NE,-113.99324243806703,51.16892689007481
19 ST NE,AERO DR NE,RSM,STOP X,3.0,PAINT,NW,-114.01358162002519,51.13745342479233
15 AVE SW,9 ST SW,MULTIWAY STOP,REGULAR CROSSWALK,4.0,PAINT,NSEW,-114.08418288566136,51.03917024561418
SHAWNESSY DR SW,159 AVE SW,SCHOOL,STOP LINE,1.0,MMA,W,-114.07939999324125,50.91007264571941
46 AVE SW,47 ST SW,SCHOOL,LADDER CROSSWALK,1.0,MMA,W,-114.15523864975697,51.01246220305281
48 ST SE,80M SOUTH OF 54 AVE AT RRXING,RSM,X RRXING,2.0,PAINT,NS,-113.96423266685673,51.00297240890017
15 AVE SE,1 ST SE,DOWNTOWN,REGULAR CROSSWALK,4.0,PAINT,NSEW,-114.0610851880996,51.03853084986837
15 AVE SW,8 ST SW,SIGNALIZED,REGULAR CROSSWALK,4.0,PAINT,NSEW,-114.081717711266,51.03910180782304
26 AVE SE,41 ST SE,SCHOOL,LADDER CROSSWALK,1.0,MMA,W,-113.97432273005167,51.03051493130522
15 AVE SW,7 ST SW,MULTIWAY STOP,REGULAR CROSSWALK,4.0,PAINT,NSEW,-114.07927216069747,51.039032880411504
RANGEVIEW BV SE (196 AVE SE),88 ST SE,RSM,STOP LINE,3.0,PAINT,NSW,-113.90623282121997,50.88502859126924
HAMPTONS BLVD NW,HAMPTONS PARK NW,REGULAR,REGULAR CROSSWALK,1.0,PAINT,N,-114.1608123155765,51.14413472893403
HAMPTONS BLVD NW,HAMPTONS GROVE NW,REGULAR,REGULAR CROSSWALK,1.0,PAINT,W,-114.15538144813766,51.144441267131214
HAMPTONS BLVD NW,HAMPTONS DR NW,REGULAR,REGULAR CROSSWALK,1.0,PAINT,W,-114.151475297717,51.144167023308796
HAMPTONS BLVD NW,HAMPTONS TERRACE NW,SCHOOL,LADDER CROSSWALK,1.0,MMA,W,-114.14709893949485,51.14377437652557
HAMPTONS BLVD NW,HAMPTONS CIRCLE NW,REGULAR,REGULAR CROSSWALK,1.0,PAINT,W,-114.15343426536538,51.14430529097807
HAMPTONS BLVD NW,HAMPSTEAD CIRCLE NW,REGULAR,REGULAR CROSSWALK,1.0,PAINT,W,-114.14708702886693,51.14083912457167
SUNCASTLE DR SE,SUNHAVEN CLOSE,SCHOOL,LADDER CROSSWALK,1.0,MMA,W,-114.03248475827615,50.90228838787616
EVERRIDGE DR SW,EVERWOODS GATE,RSM,REGULAR CROSSWALK,1.0,PAINT,N,-114.12398684912206,50.91744504462186
SUNCASTLE DR SE,SUNHCASTLE CR E LEG,SCHOOL,LADDER CROSSWALK,1.0,MMA,E,-114.034418690815,50.902138098903485
1 ST NE,20 AV NE,REGULAR,REGULAR CROSSWALK,1.0,PAINT,E,-114.05992384973081,51.07061565336684
SUNCASTLE DR SE,SUNCREST WAY,REGULAR,REGULAR CROSSWALK,1.0,PAINT,S,-114.04045049224389,50.90439718563019
SUNCREST WAY SE,SUNHURST RD,REGULAR,REGULAR CROSSWALK,1.0,PAINT,W,-114.04541130564317,50.903593625100676
25 AVE SW,BETWEEN 1 ST AND ERLTON ST SW,CORRIDOR,LADDER CROSSWALK,1.0,MMA,W,-114.06408013718658,51.03037797273318
4 ST NE,HUNTSTROM DR NE,REGULAR,REGULAR CROSSWALK,2.0,PAINT,NE,-114.05359819148973,51.12387056298662
SUNMILLS DR SE,SUNCASTLE DR,SCHOOL,LADDER CROSSWALK,2.0,MMA,SW,-114.03028106040699,50.90266198237635
SUNMILLS DR SE,SUN HARBOUR CR S LEG,REGULAR,REGULAR CROSSWALK,1.0,PAINT,N,-114.02806308022363,50.89848526162936
25 AVE SW,ERLTON ST SW,CORRIDOR,LADDER CROSSWALK,1.0,MMA,W,-114.06258875802193,51.03048063940238
25 AVE SW,ERLTON RD SW,REGULAR,REGULAR CROSSWALK,1.0,MMA,W,-114.0611928236374,51.03052037892718
25 AVE SE,3 ST SE,SIGNAL,REGULAR CROSSWALK,3.0,PAINT,NEW,-114.0569170991037,51.03100168271751
2 ST SW,20 AVE SW,SCHOOL,LADDER CROSSWALK,2.0,MMA,NS,-114.06871254399441,51.03524742373182
SUNMILLS DR SE,SUNWOOD  RD,REGULAR,REGULAR CROSSWALK,1.0,PAINT,N,-114.02911404025892,50.90120565490497
SUNMILLS DR SE,SUN HARBOUR RD,REGULAR,REGULAR CROSSWALK,1.0,PAINT,E,-114.02789949856886,50.900501714261594
CITADEL DR NW,CITADEL WAY NW,MULTIWAY STOP,STOP LINE,3.0,PAINT,NSW,-114.18171605103295,51.14652006246202
SUNMILLS DR SE,SUNWOOD WAY,REGULAR,REGULAR CROSSWALK,1.0,PAINT,E,-114.0349891631752,50.89852064398574
2 ST SW,21 AVE SW,DOWNTOWN,LADDER CROSSWALK,1.0,MMA,S,-114.06877081697789,51.034295888267636
2 ST SW,22 AVE SW,DOWNTOWN,REGULAR CROSSWALK,2.0,PAINT,NS,-114.06882056183369,51.0333443567414
CITADEL WAY NW,CITADEL VISTA CL NW,REGULAR,REGULAR CROSSWALK,1.0,PAINT,N,-114.19556857362636,51.14396463830583
CITADEL BLVD NW,CITADEL PEAK CIRCLE NW,RSM,LADDER CROSSWALK,1.0,PAINT,W,-114.17052644615825,51.14465024740825
HAWKWOOD BLVD NW,HAWKSBROW DR NW,REGULAR,LADDER CROSSWALK,1.0,PAINT,N,-114.16732837758317,51.124871515654355
HAWKWOOD BLVD NW,HAWKCLIFF GATE,REGULAR,LADDER CROSSWALK,1.0,PAINT,N,-114.16672958474777,51.12691145029315
ARBOUR LAKE RD NW,CROWFOOT RISE NW,SIGNAL,REGULAR CROSSWALK,4.0,PAINT,NSEW,-114.20927839707969,51.126552517304255
68 ST SE,106 AVE SE,RSM,RIGHT TURN,4.0,PAINT,NSEW,-113.93510558486463,50.96243886592541
MAHOGANY GATE SE,MAHOGANY TERRACE,SIGNALIZED,STOP LINE,4.0,PAINT,NSEW,-113.94030522003418,50.89954510602954
SKYVIEW RANCH ST NE,SKYVIEW POINT RD NE,SCHOOL,LADDER CROSSWALK,1.0,MMA,S,-113.95542752041533,51.15972689946353
MAHOGANY PLAZA SE,MAHOGANY ST SE,RSM,REGULAR CROSSWALK,3.0,PAINT,NEW,-113.940265300354,50.89676758415401
52 ST,MAHOGANY ST,SIGNALIZED,STOP LINE,4.0,PAINT,NSEW,-113.94321703727063,50.89657650196935
WALDEN DR SE,WALGROVE DR,RSM,REGULAR CROSSWALK,3.0,PAINT,NSW,-114.02242097020834,50.865526922724364
9 AVE SW,WENTWORTH RISE SW,RSM,REGULAR CROSSWALK,1.0,PAINT,W,-114.21343745554238,51.05963148432564
9 AVE SW,89 ST SW,MULTIWAY STOP,STOP LINE,4.0,PAINT,NSEW,-114.21669254364852,51.05965577819704
22 ST SE,125M S OF 52 AVE,RSM,STOP LINE,4.0,PAINT,NS,-114.00708823270605,51.00588274683233
WESTWINDS DR NE,44 ST NE,RSM,REGULAR CROSSWALK,1.0,PAINT,W,-113.97042516376186,51.10012468799158
16 AVE SW,CANADA OLYMPIC DR SW,RSM,REGULAR CROSSWALK,3.0,PAINT,NEW,-114.21021389813978,51.0813466915354
NA'A DR SW,PIITA RI SW,RSM,REGULAR CROSSWALK,5.0,PAINT,NSEW,-114.20762556853349,51.08097382723197
ROCKY RIDGE DR NW,170M SOUTH OF ROCKY RIDGE BAY NW,RSM,REGULAR CROSSWALK,1.0,PAINT,MID,-114.23953691020155,51.14081052324059
ARBOUR LAKE DR NW,30M EAST OF 441,MID BLOCK,LADDER CROSSWALK,1.0,PAINT,MID,-114.19691872231738,51.138708979671115
OGDEN DALE RD SE,RRXING 105M WEST OF OGDEN DALE PL,RSM,X RRXING,2.0,PAINT,EW,-113.99344707096621,50.98747739342027
OGDEN DALE RD SE,RRXING 160M W OF OGDEN DALE PL,RSM,STOP LINE,4.0,PAINT,EW,-113.99421691164447,50.98722891403575
30 ST SE,RRXING 65M S OF 73 AVE SE,RSM,STOP LINE,4.0,PAINT,NS,-113.98518407021095,50.988026132471504
32 AVE NW,68 ST NW,RSM,STOP LINE,4.0,PAINT,EW,-114.18404962536557,51.081541670987804
144 AVE NW,24 ST NW,RSM,RIGHT TURN,3.0,PAINT,EWS,-114.11789064770007,51.18321776325964
BARLOW TR NE,116 AVE NE,RSM,REGULAR CROSSWALK,2.0,PAINT,EW,-113.99850709528639,51.160821403189416
24 ST NW,AMBLESTONE GA NW,RSM,REGULAR CROSSWALK,2.0,PAINT,EW,-114.11790412813994,51.188775837843615
80 AVE NE,MARTHAS WAY NE,SIGNALIZED,REGULAR CROSSWALK,2.0,PAINT,SE,-113.9584325919556,51.12520024504556
EVANSTON DR NW,24 ST NW,RSM,STOP LINE,1.0,PAINT,N,-114.11790929994885,51.17976271106952
88 AVE NE,SAVANNA ST NE,SIGNALIZED,RIGHT TURN,2.0,PAINT,NS,-113.9523272703789,51.13256729964679
12 ST SE,11 AVE SE,RSM,STOP LINE,3.0,PAINT,NSW,-114.03584114512512,51.03972883558523
58 AVE SE,30 ST,MID BLOCK,STOP LINE,4.0,PAINT,NS,-113.9897992645415,51.00061933727936
14 ST NW,148 AVE NW,RSM,STOP LINE,2.0,PAINT,EW,-114.09443943883406,51.18731465059896
15 ST NE,128 AVE,RSM,RIGHT TURN,1.0,PAINT,S,-114.0247774855232,51.16868660355173
5A ST SE,12 AV SE,RSM,STOP LINE,1.0,PAINT,S,-114.05016291156775,51.041053575773105
MORLEY TR NW,CHARLESWOOD DR NW,RSM,RIGHT TURN,2.0,PAINT,,-114.1243411335559,51.083892152991595
14 ST NE,120 AVE NE,RSM,REGULAR CROSSWALK,1.0,PAINT,E,-114.02482906998634,51.16162680827422
5A ST SE,14 AVSE,RSM,STOP LINE,1.0,PAINT,N,-114.05023369403206,51.03922042663473
11 AV SE,6 ST SE,RSM,REGULAR CROSSWALK,1.0,PAINT,W,-114.04834563289035,51.04195266373114
HERITAGE DR SE,13 ST SE,RSM,STOP LINE,1.0,PAINT,N,-114.02574013444554,50.98971147717699
11 ST SE,18 AV SE,RSM,STOP X,3.0,PAINT,N,-114.03682612929269,51.03701313337249
24 ST NW,152 AV NW,RSM,STOP LINE,1.0,PAINT,E,-114.11785343794283,51.19056823150173
144 AV NW,AMBLERIDGE ST NW,RSM,STOP LINE,1.0,PAINT,N,-114.1228681938534,51.18329681279861
52 ST SE,BTW 23 AV & HUBALTA RD,RRXING,STOP LINE,4.0,PAINT,NS,-113.95837549102235,51.03270612904253
1444 STRATHCONA DR SW,,MID BLOCK,LADDER CROSSWALK,1.0,PAINT,MID,-114.19917447494731,51.05176847282035
HUNTRIDGE HL NE,64 AV NE,RSM,STOP LINE,1.0,PAINT,N,-114.05998739603378,51.11066031948904
52 ST SE,50 AVE SE,RRXING,STOP LINE,7.0,PAINT,NSEW,-113.9584883163613,51.008760588133455
1112 ARBOUR LAKE RD NW,,SCHOOL,REGULAR CROSSWALK,1.0,MMA,MID,-114.21094719101707,51.133983931478696
69 ST SW,STRATHCONA DR SW,RSM,REGULAR CROSSWALK,1.0,PAINT,E,-114.187653698836,51.047642589935904
88 AVE NE,52 ST NE,MULTIWAY STOP,REGULAR CROSSWALK,2.0,PAINT,NE,-113.9583814395942,51.13256871440822
SADDLECREST BLVD NE,SADDLECREST PARK NE,RSM,REGULAR CROSSWALK,1.0,PAINT,N,-113.94202652127838,51.13447537467255
SAVANNA BLVD NE,52 ST NE,RSM,REGULAR CROSSWALK,3.0,PAINT,SEW,-113.9583962243002,51.13494124392588
BARLOW TR SE,RRX'S S OF 50 AV SE,MID BLOCK,X RRXING,5.0,PAINT,EW,-113.99950073848699,51.00662942189755
FAIRMOUNT DR SE,96 AVE SE,REGULAR,REGULAR CROSSWALK,1.0,PAINT,S,-114.05884538059601,50.966684031580776
BONAVENTURE DR SE,BTW 90 & 94 AVE,MIDBLOCK,LADDER CROSSWALK,1.0,PAINT,MID,-114.06878812166232,50.97042143107919
94 AVE SE,ADAMS CRES  SE,SCHOOL,LADDER CROSSWALK,1.0,MMA,W,-114.06422120607989,50.96864315431657
BONAVENTURE DR SE,84 AVE SE,REGULAR,LADDER CROSSWALK,1.0,PAINT,N,-114.06855318357347,50.97775027764332
FAIRMOUNT DR SE,88 AVE SE,SCHOOL,LADDER CROSSWALK,1.0,MMA,N,-114.05949087903649,50.97398100790272
FAIRMOUNT DR SE,86 AVE SE,SCHOOL,LADDER CROSSWALK,2.0,MMA,NW,-114.059953756265,50.97591432985552
BONAVENTURE DR SE,86 AVE SE,MULTIWAYS,REGULAR CROSSWALK,4.0,PAINT,NSEW,-114.06855048933937,50.97592038482438
94 AVE SE,3 ST SE,SCHOOL,LADDER CROSSWALK,1.0,MMA,W,-114.06061390710872,50.968617077557674
90 AVE SE,E OF BONAVENTURE DR,CORRIDOR,REGULAR CROSSWALK,1.0,PAINT,MID,-114.06582739810774,50.972248522944966
ARLINGTON DR SE,ANCOURT RD SE,REGULAR,REGULAR CROSSWALK,1.0,PAINT,E,-114.05461318530064,50.975896174949796
86 AVE SE,AVONBURN RD SE,REGULAR,REGULAR CROSSWALK,1.0,PAINT,E,-114.06567428828542,50.975906317569816
ACADIA DR SE,FAIRMOUNT DR SE,SIGNAL,REGULAR CROSSWALK,4.0,PAINT,NSEW,-114.05918173990935,50.9722533329318
ANCOURT RD SE,ABERDEEN RD SE,SCHOOL,LADDER CROSSWALK,1.0,MMA,N,-114.05449639173568,50.974919676534405
BONAVENTURE DR SE,94 AVE SE,MULTIWAYS,REGULAR CROSSWALK,4.0,PAINT,NSEW,-114.0687637787803,50.96861892819506
36 AVE SW,12 ST SW,SCHOOL,LADDER CROSSWALK,4.0,MMA,NSEW,-114.09083926651266,51.02167382920351
38 AVE SW,8 ST SW,SCHOOL,LADDER CROSSWALK,4.0,MMA,NSEW,-114.08363820666354,51.02010934272777
38 AVE SW,11 ST SW,REGULAR,REGULAR CROSSWALK,2.0,PAINT,EW,-114.08941039709185,51.02011667554155
38 AVE SW,13A ST SW & CRESTVIEW RD SW,REGULAR,REGULAR CROSSWALK,1.0,PAINT,W,-114.0935221390455,51.020120780280465
SIFTON BLVD SW,8 ST SW,SCHOOL,LADDER CROSSWALK,1.0,MMA,E,-114.0835823103456,51.01928011384866
8 ST SW,RIVERDALE AVE SW,REGULAR,REGULAR CROSSWALK,1.0,PAINT,E,-114.08311327595617,51.01798238864864
8 AVE SW,1 ST SW,DOWNTOWN,LADDER CROSSWALK,2.0,MMA,NS,-114.06550772478666,51.04559925433576
2 ST SW,23 AVE SW,DOWNTOWN,STOP LINE,1.0,PAINT,E,-114.06889588939353,51.03239818583173
2 ST SW,24 AVE SW,DOWNTOWN,REGULAR CROSSWALK,2.0,PAINT,NS,-114.06898827128381,51.031457381425135
2 ST SW,25 AVE SW,SIGNALIZED,STOP X,2.0,MMA,E,-114.06905506574306,51.03051121514129
64 AVE NE,54 ST NE,SIGNAL,RIGHT TURN,2.0,PAINT,NS,-113.95589912227844,51.11061970259961
CAROL DR NW,32 AVE NW,SCHOOL,LADDER CROSSWALK,2.0,MMA,NE,-114.09866721034813,51.0814962681592
26 ST SE,DOVER RIDGE DR SE,CORRIDOR,REGULAR CROSSWALK,3.0,PAINT,NEW,-113.99913601443973,51.01872666190794
26 ST SE,34 AVE SE,REGULAR,STOP LINE,2.0,PAINT,EW,-113.9989734830357,51.023176053677744
SUNMILLS DR SE,SUNSET CR SE,SCHOOL,STOP LINE,1.0,MMA,N,-114.04543372046024,50.898754820318345
8 AVE SW,4 ST SW,DOWNTOWN,STOP X,2.0,MMA,EW,-114.07150650698149,51.04579058802296
162 AVE SW,BRIDLEWOOD BLVD SW,SIGNALIZED,RIGHT TURN,2.0,PAINT,NS,-114.10551217564384,50.906733636619165
5 ST SW,19 AVE SW,CORRIDOR,LADDER CROSSWALK,1.0,PAINT,N,-114.07418785595596,51.0362781293537
BARLOW TR SE,RAMP TO 17 AV WBND,REGULAR,REGULAR CROSSWALK,2.0,PAINT,SE,-113.99697641866554,51.037794383872395
COVENTRY HILLS WAY NE,COUNTRY VILLAGE RD NE,MULTIWAYS,RIGHT TURN,4.0,PAINT,NSEW,-114.05650869827367,51.16313825387042
SHAWNEE GATE SW,LRT N/ PARKNG LOT ENTRN,REGULAR,STOP LINE,1.0,PAINT,E,-114.07554646699728,50.92546389161045
11 ST SE,70 AVE SE,SIGNAL,REGULAR CROSSWALK,3.0,PAINT,NSE,-114.03991092456415,50.99099380640944
GLENCASTLE ST SW,25 AVE SW,SCHOOL,LADDER CROSSWALK,1.0,MMA,E,-114.14676627088275,51.03169020811914
64 AVE NW,4 ST NW,SIGNAL,REGULAR CROSSWALK,4.0,PAINT,NSEW,-114.07146983381989,51.11062222462338
64 AVE NW,TRAVOIS CR NW,CORRIDOR,LADDER CROSSWALK,1.0,PAINT,W,-114.06884814550305,51.11062917335096
90 AVE SW,16 ST SW,SIGNAL,REGULAR CROSSWALK,4.0,PAINT,NSEW,-114.10039834815328,50.97223621249291
90 AVE SW,BAY RIDGE DR SW,REGULAR,REGULAR CROSSWALK,3.0,PAINT,NEW,-114.10910007684117,50.972271416114836
90 AVE SW,BAY VIEW DR SW,SIGNAL,REGULAR CROSSWALK,3.0,PAINT,NEW,-114.11175653045353,50.97226352897483
MARTIN CROSSING DR NE,50 M NORTH OF,RSM,X RRXING,2.0,PAINT,NS,-113.96791901444638,51.11772605348373
2 ST SW,18 AVE SW,SCHOOL,STOP LINE,1.0,MMA,E,-114.06854481124124,51.03713439832951
2 ST SW,19 AVE SW,SCHOOL,STOP LINE,2.0,MMA,EW,-114.0686286832821,51.03619359906889
5 AVE NE,28 ST,MULTIWAYS,REGULAR CROSSWALK,4.0,PAINT,NSEW,-113.99327020694732,51.05650751496377
34 AVE NW,73 ST NW,SCHOOL,LADDER CROSSWALK,3.0,MMA,NSE,-114.19351106947299,51.08380470407559
42 ST NW,19 AVE NW,MULTIWAY STOP,REGULAR CROSSWALK,4.0,PAINT,NSEW,-114.1530911419784,51.068452961665336
WESTWINDS DR NE,N LRT ENTRANCE,RSM,REGULAR CROSSWALK,1.0,PAINT,W,-113.97346038284444,51.10852895525514
WESTWINDS DR NE,BUS ONLY LRT ENTRANCE,RSM,REGULAR CROSSWALK,2.0,PAINT,SW,-113.97439769723493,51.108003988855344
100 MIDLAND PLACE SE,40M SOUTH OF,SIGNALIZED,STOP LINE,1.0,PAINT,W,-114.04708519504007,50.90948116103309
MIDRIDGE DR SE,153 AVE SE,MULTIWAY STOP,REGULAR CROSSWALK,3.0,PAINT,NSW,-114.06240904707204,50.91618266881969
16 AVE SE,ROBSON CR SE,RSM,REGULAR CROSSWALK,1.0,PAINT,E,-113.99027526792585,51.039384857626644
20 AVE NW,12 ST NW,REGULAR,LADDER CROSSWALK,1.0,PAINT,E,-114.0898011346359,51.070527464241366
128 AVE NE,CORNERSTONE BLVD NE,RSM,REGULAR CROSSWALK,4.0,PAINT,NSEW,-113.93809811140831,51.16535363999609
BRENTWOOD RD NW,AT 3830,CORRIDOR,LADDER CROSSWALK,1.0,PAINT,MID,-114.13024980803047,51.08668027165625
AUBURN BAY AVE SE,AUBURN BAY DR,RSM,REGULAR CROSSWALK,1.0,PAINT,W,-113.95690215324073,50.893309377376326
AUBURN SPRINGS BLVD SE,AUBURN CREST LANE SE,RSM,REGULAR CROSSWALK,1.0,PAINT,W,-113.94991064135318,50.8870789505319
MCIVOR BLVD SE,130 AV SE,SIGNALIZED,RIGHT TURN,2.0,PAINT,SE,-113.93515901574305,50.92868550466422
MAHOGANY PLAZA SE,BETWEEN MAHOGANY RO AND MAHOGANY ST,MID BLOCK,REGULAR CROSSWALK,1.0,PAINT,MID,-113.94030580202948,50.89763886347621
74 AVE SE,150M WEST OF 40 ST AT RRXING,MID BLOCK,STOP LINE,4.0,PAINT,EW,-113.97876555918364,50.98804032419056
40 ST SE,90M SOUTH OF 75 AVE AT RRXING,MID BLOCK,STOP LINE,4.0,PAINT,NS,-113.97653143283387,50.98643328878704
44 ST SE,100M S OF 75 AVE AT RRXING,MID BLOCK,STOP LINE,4.0,PAINT,NS,-113.97005556160168,50.98639778283827
CRANFORD DR SE,CRANSTON GATE,SCHOOL,REGULAR CROSSWALK,1.0,MMA,N,-113.96776851160891,50.875077128400385
78 AVE SE,150M W OF 40 ST,MID BLOCK,STOP LINE,4.0,PAINT,EW,-113.97858732498895,50.98238688092544
40 ST SE,160M S OF 76 AVE AT RRXING,MID BLOCK,STOP LINE,4.0,PAINT,NS,-113.97656558560422,50.98362412168604
44 ST SE,160M S OF 76 AVE AT RRXING,MID BLOCK,STOP LINE,4.0,PAINT,NS,-113.97003982233919,50.98362467648276
19 AVE SE,27 ST SE,RSM,MULTI USE XWALK,1.0,PAINT,S,-113.99393594089709,51.03609112339429
19 AVE SE,28 ST SE,RSM,STOP LINE,2.0,PAINT,NS,-113.99234591227747,51.03608669881735
90 AV SW,14 ST & 16 ST SW,RSM,REGULAR CROSSWALK,1.0,PAINT,N,-114.0978659747911,50.97235642070095
SADDLETOWNE CIRCLE NE,80 AVE NE,RSM,X RRXING,3.0,PAINT,N,-113.94935117449958,51.12459278135434
6054 5 AV SE,,RSM,REGULAR CROSSWALK,1.0,PAINT,MID,-113.94692509195056,51.04852771446638
100 BARLOW CR NE,,RSM,RIGHT TURN,4.0,PAINT,NSEW,-113.9774606793847,51.168213272247066
80 AVE NE,40 ST NE,RSM,RIGHT TURN,2.0,PAINT,NS,-113.9761983740981,51.125280563672334
SKYVIEW RANCH WY NE,SKYVIEW RANCH RD NE,RSM,STOP LINE,3.0,PAINT,NSW,-113.96188990056487,51.16412694323807
MARTINDALE BLVD NE,MARTINDALE GATE NE,MULTIWAYS,RIGHT TURN,1.0,PAINT,E,-113.96523690833871,51.11244930055248
26 ST SE,140M WEST OF BARLOW TR AT RRXING,MID BLOCK,STOP LINE,4.0,PAINT,NS,-113.99734217549918,51.004002342985416
MCIVOR BV SE,COPPERPOND PS SE,RSM,RIGHT TURN,1.0,PAINT,S,-113.93480284226015,50.92604119409874
111 LEGACY GLEN WY SE,,CORRIDOR,LADDER CROSSWALK,1.0,PAINT,MID,-114.0020274756018,50.855703301422984
BRIDLECREST DR SW,BRIDLECREST BV SW,RSM,REGULAR CROSSWALK,1.0,PAINT,S,-114.11978723627819,50.905049578442856
28 AV SE,26 ST SE,CORRIDOR,STOP LINE,1.0,PAINT,E,-113.99510722054518,51.02868596705931
17A ST SE,DEERFOOT TR SE,MID BLOCK,REGULAR CROSSWALK,1.0,PAINT,N,-114.01012066060518,51.03697947977588
4 ST NW,14 AVE NW,REGULAR,REGULAR CROSSWALK,1.0,PAINT,S,-114.07151981097816,51.06543785956884
10 AV SW,15 ST SW,RSM,REGULAR CROSSWALK,1.0,MMA,E,-114.09670746547845,51.04421934178237
MOUNT ROYAL GATE SW,FORAND ST SW,SIGNAL,RIGHT TURN,4.0,PAINT,NSEW,-114.12007631870675,51.00872456160347
HAMPTONS DR NW,HAMPSTEAD GARDEN NW,REGULAR,REGULAR CROSSWALK,1.0,PAINT,N,-114.13078201078994,51.143562221994756
HAMPTONS DR NW,HAMPSTEAD TERRACE NW,REGULAR,REGULAR CROSSWALK,1.0,PAINT,E,-114.13391371792017,51.14475659636234
HAMPTONS BLVD NW,HAMPSTEAD WAY NW,REGULAR,REGULAR CROSSWALK,1.0,PAINT,N,-114.14511055462427,51.14116861936045
BEDDINGTON DR NE,BEDFORD DR NE,MULTIWAYS,REGULAR CROSSWALK,3.0,PAINT,NSE,-114.0634623752345,51.12774104120674
71 AVE SW,4A ST SW,MULTIWAY STOP,REGULAR CROSSWALK,4.0,PAINT,NSEW,-114.07402072648607,50.98962685103849
BEDDINGTON BLVD NE,BEDFORD DR NE,SIGNAL,RIGHT TURN,3.0,PAINT,NEW,-114.05540518991538,51.12625493941671
69 AVE SW,4A ST SW,MULTIWAYS,REGULAR CROSSWALK,4.0,PAINT,NSEW,-114.0739981185091,50.99143257198098
BARLOW TR NE,39 AVE NE,SIGNAL,RIGHT TURN,2.0,PAINT,NE,-114.0016641623139,51.08873644624897
39 AVE NW,73 ST NW,SCHOOL,LADDER CROSSWALK,1.0,MMA,S,-114.19349706293191,51.08787353833219
BOWNESS RD NW,67 ST NW,RSM,MULTI USE XWALK,1.0,PAINT,N,-114.18708172824941,51.088870821286974
OAKFIELD DR SW,106 AVE SW,SCHOOL,LADDER CROSSWALK,2.0,MMA,NE,-114.13224231864302,50.9582374166706
ACADIA DR SE,LAKE PLACID HILL SE,SCHOOL,LADDER CROSSWALK,2.0,MMA,SW,-114.04820287926736,50.9318463671231
CANYON MEADOWS DR SE,ACADIA DR SE,SIGNAL,RIGHT TURN,1.0,PAINT,N,-114.0486599753276,50.92982102593096
BERKSHIRE BLVD NW,BEDDINGTON BLVD NW,SIGNAL,REGULAR CROSSWALK,4.0,PAINT,NSEW,-114.08900435611586,51.133557758795945
HARVEST HILLS GATE NE,HARVEST HILLS WOOD NE,CORRIDOR,LADDER CROSSWALK,1.0,PAINT,S,-114.04815771725198,51.15294000938855
BEDDINGTON TRAIL NW,HIDDEN VALLEY LINK NW,SIGNALIZED,REGULAR CROSSWALK,4.0,PAINT,NSEW,-114.10597326913184,51.15366397799655
34 AVE NW,SARCEE TR NW,RSM,REGULAR CROSSWALK,2.0,PAINT,SW,-114.18888981630914,51.083712385392545
BEDFORD DR NE,BEDWOOD RD NE,REGULAR,REGULAR CROSSWALK,1.0,PAINT,E,-114.05985635296659,51.1279963152791
52 AVE NW,BRENNER DR NW,REGULAR,LADDER CROSSWALK,1.0,PAINT,E,-114.14051485767583,51.10097349730937
BERMUDA DR NW,BERMUDA GATE NW,REGULAR,REGULAR CROSSWALK,1.0,PAINT,S,-114.07477542052106,51.130376308251485
52 AVE NW,33 ST NW,REGULAR,REGULAR CROSSWALK,1.0,PAINT,W,-114.13591988961578,51.10095453631905
52 AVE NW,BARRET DR NW,REGULAR,REGULAR CROSSWALK,1.0,PAINT,E,-114.13520712195937,51.1009895125638
OAKFIELD DR SW,27 ST SW,SCHOOL,LADDER CROSSWALK,1.0,MMA,W,-114.12362091330795,50.95405513278283
ROCKY RIDGE RD NW,ROCKBOROUGH PARK NW,CORRIDOR,REGULAR CROSSWALK,2.0,PAINT,EW,-114.23419672399382,51.15209641531053
SCENIC ACRES PARADE NW,CROWFOOT PARADE NW,SIGNALIZED,STOP LINE,4.0,PAINT,NSEW,-114.21055546415934,51.12218232653635
CROWFOOT PARADE NW,CROWCHILD TR NW,SIGNALIZED,REGULAR CROSSWALK,1.0,MMA,E,-114.20890734918662,51.1238329230954
SYMONS VALLEY RD NW,KINCORA BLVD NW,SIGNALIZED,REGULAR CROSSWALK,3.0,PAINT,NSW,-114.12537375394747,51.16123150686086
SYMONS VALLEY RD NW,250M WEST OF KINCORA BLVD NW,SIGNALIZED,REGULAR CROSSWALK,3.0,PAINT,NEW,-114.12769500027964,51.16314746627506
SARCEE TR NW,144 AVE NW,RSM,STOP LINE,1.0,PAINT,S,-114.1760561953418,51.183097489363746
BRANTFORD DR NW,BURGESS DR NW,REGULAR,REGULAR CROSSWALK,1.0,PAINT,S,-114.12375879371382,51.08801535611972
24 ST SW,BRAESIDE DR SW,SIGNAL,RIGHT TURN,2.0,PAINT,NS,-114.11794760007587,50.95413127532673
BRENTWOOD BLVD NW,BRANTFORD DR NW,REGULAR,REGULAR CROSSWALK,3.0,PAINT,NEW,-114.12559897429324,51.08671672084983
PARKLAND BLVD SE,PARKSIDE DR SE,SCHOOL,LADDER CROSSWALK,2.0,MMA,SW,-114.03719609874857,50.928528897434006
PARKLAND BLVD SE,PARKLAND PLACE SE,REGULAR,REGULAR CROSSWALK,1.0,PAINT,E,-114.03462842696348,50.928141718357814
44 ST SE,160M S OF 64 AVE,MID BLOCK,STOP LINE,4.0,PAINT,NS,-113.97016388910176,50.99505572246618
48 ST SE,150M N OF 68 AVE AT RRXING,MID BLOCK,STOP LINE,4.0,PAINT,NS,-113.96426543832754,50.99545501191867
48 ST SE,130M N OF 72 AVE AT RRXING,MID BLOCK,STOP LINE,4.0,PAINT,NS,-113.96418187569245,50.99074320853134
44 ST SE,130M N OF 72 AVE SE AT RRXING,MID BLOCK,STOP LINE,4.0,PAINT,NS,-113.97016831734145,50.990748359647206
40 ST SE,130M N OF 72 AVE,MID BLOCK,STOP LINE,4.0,PAINT,NS,-113.97656909762026,50.99077070382149
CRANSTON GATE SE,CRANFORD DR,RSM,REGULAR CROSSWALK,1.0,PAINT,S,-113.9712919207586,50.87032624179868
CRANFORD DR SE,CRANFORD ST,SCHOOL,LADDER CROSSWALK,2.0,MMA,NW,-113.97026876797949,50.87729540689091
CRANFORD DR SE,CRANARCH CLOSE,RSM,REGULAR CROSSWALK,1.0,PAINT,S,-113.97329903858318,50.877230727268916
COUNTRY HILLS BLVD NW,STONEY TR NW,CORRIDOR,LADDER CROSSWALK,1.0,PAINT,MID,-114.20712199566957,51.14570597494664
PROVIDENCE BLVD SE,300M EAST OF 1 ST,RSM,LADDER CROSSWALK,1.0,PAINT,E,-114.0633320969091,50.9213147821727
PROVIDENCE BLVD SE,1 ST SE,RSM,REGULAR CROSSWALK,1.0,PAINT,E,-114.06756563294407,50.921315383187476
MANNING RD,AT 325,RSM,REGULAR CROSSWALK,1.0,PAINT,N,-114.01793319885046,51.05423459477723
CORNERTSTONE HEIGHTS NE,CORNERSTONE ST NE,RSM,REGULAR CROSSWALK,4.0,PAINT,NSEW,-113.94227654552262,51.15800925995263
MAHOGANY PLAZA SE,MAHOGANY ST SE,MID BLOCK,PARKING STALLS,58.0,PAINT,MID,-113.94031421587395,50.897348924425195
MAHOGANY RD SE,MAHOGANY PR,RSM,REGULAR CROSSWALK,3.0,PAINT,SEW,-113.93959897672633,50.89389488988434
52 ST SE,AUBURN MEADOWS DR,SIGNALIZED,REGULAR CROSSWALK,4.0,PAINT,NSEW,-113.94258258527113,50.89389593778803
17 AVE SE,40 ST SE,SIGNALIZED,REGULAR CROSSWALK,4.0,PAINT,NSEW,-113.9757370887362,51.03789139668014
17 AVE SE,54 ST SE,SIGNALIZED,REGULAR CROSSWALK,3.0,PAINT,SEW,-113.95557389153234,51.037797078937
CENTRE ST S,18 AVE SW,SCHOOL,LADDER CROSSWALK,1.0,MMA,E,-114.06361812917365,51.03702192551712
52 ST SE,MAHOGANY DR,SIGNALIZED,RIGHT TURN,2.0,PAINT,EW,-113.94260941147827,50.8909552878426
300 TEMPLEMONT PLACE NE,,RSM,PARKING STALLS,15.0,PAINT,MID,-113.95108357924796,51.09361377408069
SAVANNA ST NE,SAVANNA RD NE,SIGNALIZED,STOP LINE,4.0,PAINT,NSEW,-113.95240861816619,51.133733959521635
104 AV NE,36 ST NE,SIGNALIZED,STOP LINE,3.0,,NSE,-113.98158670797686,51.14699116393846
SETON AVE SE,SETON WAY,RSM,REGULAR CROSSWALK,4.0,,NSEW,-113.9558455040839,50.87132033063611
SETON WAY SE,SETON CIRCLE,RSM,REGULAR CROSSWALK,4.0,PAINT,NSEW,-113.95343517070664,50.868290234486054
14 AV SW,STRATHCONA BV SW,RSM,STOP LINE,3.0,PAINT,NSW,-114.18764718731371,51.0452184593392
WENTWORTH HL SW,WEXFORD BA SW,RSM,LADDER CROSSWALK,1.0,PAINT,E,-114.22031076329621,51.062440684771865
61 AV,44 ST,RSM,REGULAR CROSSWALK,4.0,PAINT,NSEW,-113.97007374190777,50.99901719814467
MACLEOD TR,18 AV,RSM,STOP LINE,1.0,PAINT,W,-114.05881640996725,51.03700162376322
SHERWOOD BLVD NW,SHERWOOD WAY NW,SCHOOL,STOP LINE,1.0,MMA,E,-114.14674467685438,51.160079061829165
128 AVE NE,CORNERSTONE ST NE,RSM,REGULAR CROSSWALK,4.0,PAINT,NSEW,-113.94239552177478,51.16538437678052
50 AV NE,47 ST NE,RSM,RIGHT TURN,2.0,PAINT,NS,-113.96586904439528,51.0982986379691
4 ST NW,13 AVE NW,REGULAR,REGULAR CROSSWALK,2.0,PAINT,NS,-114.07153953676696,51.06439765162829
17 AVE SE,43 ST SE,RSM,REGULAR CROSSWALK,2.0,PAINT,NE,-113.97144650051821,51.03786454302627
1 AVE NE,6 ST NE,SCHOOL,STOP LINE,1.0,MMA,W,-114.0483521683092,51.05326192832556
32 ST SE,17 AV SE,RSM,STOP LINE,1.0,PAINT,S,-113.98805011008447,51.0376402789253
37 ST SE,17 AV SE,RSM,REGULAR CROSSWALK,1.0,PAINT,S,-113.98015008234296,51.03772589766733
49 ST SE,17 AV SE,RSM,STOP LINE,1.0,PAINT,N,-113.96284213582217,51.03793762630844
128 AVE NE,60 ST NE,SIGNALIZED,RIGHT TURN,4.0,PAINT,NSEW,-113.94668043564519,51.16536438560225
51 ST SE,17 AV SE,RSM,STOP LINE,1.0,PAINT,N,-113.95988683182026,51.03797089758276
8710 HORTON RD SW,HULL AV SW,RSM,REGULAR CROSSWALK,1.0,PAINT,W,-114.0725865045543,50.976062207597764
67 AV SW,MACLEOD TR S,RSM,STOP LINE,1.0,PAINT,W,-114.07167637034166,50.99326629127978
CORNERSTONE BV NE,CORNERSTONE AV NE,RSM,REGULAR CROSSWALK,4.0,PAINT,NSEW,-113.93812598446715,51.16096596994049
64 AVE NE,MARTINDALE GATE NE,SIGNAL,RIGHT TURN,4.0,PAINT,NSEW,-113.96531332723785,51.11060802585712
CORNERSTONE AV NE,CORNERSTONE ST NE,RSM,REGULAR CROSSWALK,4.0,PAINT,NSEW,-113.94240327601966,51.16099493663757
148 AV NW,CARRINGTON BV NW,RSM,REGULAR CROSSWALK,4.0,PAINT,NSEW,-114.08876389060785,51.18698035271176
10 AV SW,BOW TR SW,SIGNALIZED,STOP LINE,3.0,PAINT,WES,-114.10863349529504,51.044601441942426
AIRPORT TR NE,19 ST NE,RSM,RIGHT TURN,1.0,PAINT,W,-114.01379734545061,51.14128041855325
MARTIN CROSSING DR NE,MARTIN CROSSING WAY NE,REGULAR,REGULAR CROSSWALK,1.0,PAINT,W,-113.95782879298923,51.11779154974287
SKYVIEW RANCH RD NE,SKYVIEW RANCH BLVD NE,RSM,REGULAR CROSSWALK,4.0,PAINT,NSEW,-113.95102293403586,51.16285381397717
ROCKY RIDGE BV NW,ROCKY RIDGE CI,RSM,REGULAR CROSSWALK,2.0,PAINT,EW,-114.24444836874335,51.144807125661224
901 144 AV NW,,MID BLOCK,REGULAR CROSSWALK,1.0,PAINT,MID,-114.0839083550785,51.18335012689108
MAPLE BROOK PL SE,MAPLETON DR SE,SCHOOL,REGULAR CROSSWALK,1.0,MMA,W,-114.04450662398482,50.961956936897316
BARLOW TR SE,54 AVE SE,SIGNAL,REGULAR CROSSWALK,2.0,PAINT,SE,-113.99452344350708,51.00458694746776
HARVEST HILLS BLVD NE,PANATELLA GATE NE,SIGNALIZED,RIGHT TURN,1.0,PAINT,W,-114.06844575809079,51.166682134674645
KELWOOD DR SW,19 AVE SW,MULTIWAYS,REGULAR CROSSWALK,4.0,PAINT,NSEW,-114.1460087548492,51.03504323408235
KELWOOD DR SW,GATEFIELD AVE SW,SCHOOL,LADDER CROSSWALK,1.0,MMA,S,-114.14504228093232,51.03274685461461
GLENMOUNT DR SW,19 AVE SW,MULTIWAYS,REGULAR CROSSWALK,4.0,PAINT,NSEW,-114.15046275871275,51.03517042183189
46 AVE SW,GLACIER DR SW,REGULAR,REGULAR CROSSWALK,1.0,PAINT,W,-114.14417537312083,51.01245036340022
46 AVE SW,43 ST SW,REGULAR,REGULAR CROSSWALK,1.0,PAINT,E,-114.14838338609223,51.01244877691299
46 AVE SW,GOVERNOR DR SW,RSM,REGULAR CROSSWALK,1.0,PAINT,E,-114.1502807809088,51.01249532126827
46 AVE SW,45 ST SW,MULTIWAYS,REGULAR CROSSWALK,4.0,PAINT,NSEW,-114.15280811724061,51.01248629906725
45 ST SW,49 AVE SW,REGULAR,REGULAR CROSSWALK,1.0,PAINT,N,-114.15280075399323,51.00941973604592
45 ST SW,NORTH OF 25 AV SW,MIDBLOCK,REGULAR CROSSWALK,1.0,PAINT,MID,-114.15282038026986,51.0329008933004
45 ST SW,GROVEHILL RD SW,REGULAR,REGULAR CROSSWALK,1.0,PAINT,N,-114.15280516188429,51.03436913197629
GROVE HILL RD SW,GRANLEA PLACE SW,SCHOOL,STOP LINE,1.0,MMA,N,-114.15802217471017,51.035343312019435
COUNCIL WAY SW,CARLETON ST SW,SCHOOL,LADDER CROSSWALK,1.0,MMA,W,-114.09047917181827,51.02411526509622
LINCOLN WAY SW,LINCOLN WAY SW,REGULAR,REGULAR CROSSWALK,1.0,PAINT,S,-114.13870975258125,51.01181077978952
SARCEE RD SW,45 AVE SW,REGULAR,REGULAR CROSSWALK,1.0,PAINT,S,-114.13860704755609,51.01380105281457
96 AVE NE,HARVEST HILLS LINK NE,SIGNALIZED,REGULAR CROSSWALK,3.0,PAINT,NEW,-114.05472697895337,51.14125130408094
ROYAL VISTA DR NW,ROYAL VISTA LINK NW,RSM,LADDER CROSSWALK,2.0,PAINT,NE,-114.20368709780558,51.150538222962325
SYMONS VALLEY RD NW,KINCORA GLEN RD NW,SIGNALIZED,REGULAR CROSSWALK,4.0,PAINT,NSEW,-114.13015800550768,51.165636634364674
BRENTWOOD RD NW,BLAKISTON DR NW,REGULAR,STOP LINE,1.0,PAINT,E,-114.13272500024902,51.08901965787846
SARCEE TR NW,NOLAN HILL AVE NW,RSM,RIGHT TURN,1.0,PAINT,E,-114.17596557905556,51.17593328825525
SYMONS VALLEY PARKWAY NW,SARCEE TR NW,RSM,STOP LINE,3.0,PAINT,NSE,-114.16457578751312,51.167522053940075
BRENTWOOD RD NW,CROWCHILD TR NW,SIGNAL,STOP X,1.0,PAINT,W,-114.12832359835141,51.08573634999035
ARBOUR LAKE RD NW,ARBOUR LAKE RISE NW,RSM,LADDER CROSSWALK,1.0,PAINT,W,-114.21378686288561,51.12853765239289
SYMONS VALLEY RD NW,200M EAST OF KINCORA BV NW,SIGNALIZED,STOP LINE,3.0,PAINT,NSE,-114.1234417265693,51.159881735983646
PARKLAND BLVD SE,PARKWOOD WAY SE,REGULAR,REGULAR CROSSWALK,1.0,PAINT,E,-114.03263621216266,50.92775249484556
SARCEE TR NW,NOLANRIDGE CR NW,SIGNALIZED,REGULAR CROSSWALK,4.0,PAINT,NSEW,-114.16766869755206,51.169980807614465
PARKSIDE CR SE,AT  215,SCHOOL,LADDER CROSSWALK,1.0,MMA,MID,-114.03408811003756,50.92478715967572
SARCEE TR NW,NOLANRIDGE CR NW,RSM,RIGHT TURN,2.0,PAINT,SE,-114.17386146417515,51.171373759299975
PARKLAND BLVD SE,PARKLAND WAY SE,CORRIDOR,LADDER CROSSWALK,1.0,PAINT,N,-114.0301735122718,50.9257464218272
19 ST NW,150 M NORTH OF CANMORE RD NW,MIDBLOCK,LADDER CROSSWALK,1.0,PAINT,MID,-114.10630736895246,51.07902640964236
19 ST NW,CHRISTIE RD NW,REGULAR,REGULAR CROSSWALK,1.0,PAINT,N,-114.11018670185288,51.083631697203145
24 ST SW,BRIDLECREST DR SW,SCHOOL,LADDER CROSSWALK,2.0,MMA,WS,-114.11719001317142,50.905036292985585
19 ST NW,CONSTABLE RD NW,REGULAR,REGULAR CROSSWALK,1.0,PAINT,N,-114.10989287249646,51.0849872572049
19 ST NW,CAPRI AVE  NW,REGULAR,STOP LINE,2.0,PAINT,EW,-114.10791176797582,51.08984439204077
19 ST NW,S. OF JOHN LAURIE BLVD NW,MIDBLOCK,LADDER CROSSWALK,1.0,PAINT,MID,-114.10692326283142,51.09165690652423
19 ST SE,CENTRE AVE SE,SIGNAL,REGULAR CROSSWALK,4.0,PAINT,NSEW,-114.00839782286997,51.05244925414985
114 AVE SE,24 ST SE,SIGNALIZED,RIGHT TURN,4.0,PAINT,NSEW,-114.00089672838124,50.95360915270294
SETON WAY SE,SETON CR,SIGNALIZED,RIGHT TURN,4.0,PAINT,NSEW,-113.95733686153528,50.87689297478588
SETON CR SE,SETON CR,SIGNALIZED,REGULAR CROSSWALK,4.0,PAINT,NSEW,-113.95988914751636,50.87691988414197
HORTON RD SW,AT 9840 (FIRE SIGNAL),SIGNALIZED,STOP LINE,2.0,PAINT,NS,-114.07470938914481,50.965921475977545
HIDDEN VALLEY DR NW,HIDDEN RANCH CR NW,SCHOOL,LADDER CROSSWALK,1.0,MMA,E,-114.121087150064,51.15081868316266
SETON DR SE,45 ST SE,RSM,RIGHT TURN,1.0,PAINT,N,-113.94540199532271,50.87727621942169
52 ST SE,MARKET ST SE,RSM,REGULAR CROSSWALK,1.0,PAINT,W,-113.9402203327974,50.88220940979637
12 AVE SW,15 ST SW,RSM,REGULAR CROSSWALK,2.0,PAINT,NW,-114.09683478421789,51.042381282649025
78 AVE NE,HUNTWICK WY NE,SCHOOL,LADDER CROSSWALK,1.0,MMA,W,-114.06055245810457,51.121229958906106
BEDDINGTON BLVD NW,BERKLEY RD NW,SCHOOL,LADDER CROSSWALK,3.0,MMA,NSE,-114.08017007509424,51.128751543346056
BERMUDA RD NW,BERMUDA CL NW,SCHOOL,LADDER CROSSWALK,1.0,MMA,N,-114.07880058015124,51.13020100311199
11 AVE SE,MAGGIE ST AND 8 ST SE,RSM,PARKING STALLS,18.0,PAINT,MID,-114.0422069070227,51.040127550048055
60 ST NE,SKYVIEW CIRCLE NE,SIGNALIZED,RIGHT TURN,2.0,PAINT,EW,-113.94667491761665,51.15807585578984
200 MAITLAND PLACE NE,MAITLAND HILL,RSM,PARKING STALLS,20.0,PAINT,CDS,-113.93809809376167,51.06202091105761
MIDLAKE BLVD SE,MIDLAKE GREEN,SCHOOL,LADDER CROSSWALK,1.0,MMA,N,-114.05076870916521,50.913618382654526
3 ST SE,50M SOUTH OF 12 AVE SE,RSM,LADDER CROSSWALK,1.0,MMA,MID,-114.05604331326766,51.040663302359896
4 ST NE,BEDFIELD GATE NE,RSM,REGULAR CROSSWALK,1.0,PAINT,E,-114.05375373493385,51.125097672323534
25 ST NE,45 AVE,RSM,REGULAR CROSSWALK,1.0,PAINT,S,-113.99922060056757,51.013229663461544
80 ST SW,19 AV SW,,STOP LINE,1.0,PAINT,N,-114.20356323505617,51.036086693518214
Auburn Bay DR SE,Auburn Meadows BV SE,RSM,LADDER CROSSWALK,1.0,PAINT,W,-113.94813159583039,50.89922173486477
17 AVE SE,60 ST SE,SIGNALIZED,REGULAR CROSSWALK,4.0,PAINT,NSEW,-113.94691925174129,51.037852299353766
34 AV SE,33 ST SE,RSM,REGULAR CROSSWALK,1.0,PAINT,N,-113.98542423541204,51.023136756585856
17 AVE SE,61 ST SE,CORRIDOR,LADDER CROSSWALK,1.0,PAINT,E,-113.94275354361507,51.03787072549468
15 AVE SW,2 ST SW,RSM,MULTI USE XWALK,3.0,PAINT,NEW,-114.06844240684086,51.03872852800005
17 AVE SE,HUBALTA RD SE,RSM,REGULAR CROSSWALK,1.0,PAINT,S,-113.95136027991421,51.03779016836126
4 ST SW,15 AVE SW,SIGNALIZED,STOP LINE,3.0,PAINT,NSW,-114.0715278055867,51.03875255201997
15 AVE SW,12 ST SW,MULTIWAY STOP,REGULAR CROSSWALK,4.0,MMA,NSEW,-114.09157817130287,51.039376791636975
15 AVE SW,1 ST SW,RSM,REGULAR CROSSWALK,4.0,PAINT,NSEW,-114.06600384933,51.0386592900948
15 AVE SW,6 ST SW,RSM,STOP LINE,2.0,PAINT,EW,-114.07680645772417,51.0389420789865
15 AVE SE,MACLEOD TR SE,RSM,REGULAR CROSSWALK,3.0,PAINT,NSW,-114.05864840335886,51.03844723579298
15 AVE SW,10 ST SW,MULTIWAY STOP,REGULAR CROSSWALK,4.0,PAINT,NSEW,-114.0866610630734,51.03923951175324
SARCEE RD SW,44 AVE SW,RSM,REGULAR CROSSWALK,2.0,PAINT,NS,-114.13732588127115,51.015201508205465
20 ST SW,29 AVE SW,REGULAR,REGULAR CROSSWALK,2.0,PAINT,NS,-114.10945461560733,51.027668542431954
RICHARD RD SW,FLANDERS AVE SW,RSM,REGULAR CROSSWALK,3.0,PAINT,NES,-114.11900099790218,51.01630955559603
56 ST NE,28 AVE  NE,REGULAR,REGULAR CROSSWALK,1.0,PAINT,S,-113.9521786878937,51.07689585182571
RUNDLEWOOD DR NE,48 ST NE,SCHOOL,LADDER CROSSWALK,2.0,MMA,EW,-113.96641577628044,51.07383525378769
110 AVE SE,48 ST SE,RSM,STOP LINE,2.0,PAINT,NS,-113.96525242523441,50.953968450446396
26 AVE SW,37 ST SW,SIGNAL,REGULAR CROSSWALK,4.0,PAINT,NSEW,-114.14114417433508,51.030073132247935
52 ST NE,WHITEHORN DR NE,SIGNAL,LADDER CROSSWALK,4.0,PAINT,NSEW,-113.95840022821174,51.085890966331576
52 ST NE,TEMPLE DR NE S LEG,CORRIDOR,STOP LINE,2.0,,NS,-113.958419525161,51.088610665034786
14 ST NW,ROSEHILL DR NW,REGULAR,LADDER CROSSWALK,1.0,PAINT,N,-114.09474650977384,51.07781256236981
52 ST NE,23 AVE NE,SIGNAL,RIGHT TURN,1.0,PAINT,S,-113.95840366836129,51.07397633095657
BROOKPARK DR SW,N OF 239 BROOKPARK DR,MIDBLOCK,REGULAR CROSSWALK,1.0,PAINT,MID,-114.11405011203176,50.955713103018496
SHAWNEE GATE SW,BANNISTER ROAD SW,SIGNAL,REGULAR CROSSWALK,4.0,PAINT,NSEW,-114.07276303397552,50.92655975828202
BOW BOTTOM TR SE,FISH CREEK PARK,MIDBLOCK,REGULAR CROSSWALK,1.0,PAINT,MID,-114.0161469600505,50.909763769382884
ELBOW DR SW,68 AVE SW,SIGNAL,REGULAR CROSSWALK,4.0,PAINT,NSEW,-114.08315700066633,50.99237336064824
NOLAN HILL BV NW,NOLANCREST GA NW,RSM,REGULAR CROSSWALK,1.0,PAINT,S,-114.17165507998406,51.17463294096928
14 ST NW,ROSEVALE DR NW,REGULAR,LADDER CROSSWALK,1.0,PAINT,S,-114.09472648144649,51.080420474687045
DOUGLASDALE POINT SE,AT 283 (PATHWAY),RSM,REGULAR CROSSWALK,1.0,INLAY,MID,-113.9880581170474,50.9341519560278
14 ST NW,MACEWAN DR NW,SIGNAL,RIGHT TURN,1.0,PAINT,N,-114.10722348737742,51.13484071516879
HIDDEN VALLEY DR NW,14 ST NW,MULTIWAYS,REGULAR CROSSWALK,3.0,MMA,SEW,-114.10605310400052,51.146341047586056
14 ST NW,MACEWAN DR NW,SIGNAL,RIGHT TURN,2.0,PAINT,NS,-114.10878839005449,51.14027860755684
54 AVE SW,20 ST SW,MULTIWAY STOP,REGULAR CROSSWALK,4.0,PAINT,NSEW,-114.10920242417897,51.00500538925518
90 AVE SE,38 ST/ BARLOW SQ,SIGNALIZED,STOP LINE,3.0,PAINT,NEW,-113.97868020067679,50.97233694471427
BEDDINGTON BLVD NW,BERWICK WAY NW,SCHOOL,STOP LINE,1.0,MMA,S,-114.08373383867041,51.1301572721246
CRANFORD ST SE,CRANFORD GARDEN,SCHOOL,LADDER CROSSWALK,1.0,MMA,S,-113.97003703900916,50.878096938464495
4 ST NE,HUNTSTROM DR NE,REGULAR,RIGHT TURN,1.0,PAINT,E,-114.05359808114964,51.120999010728475
54 AVE SW,LANGTON DR SW,RSM,REGULAR CROSSWALK,1.0,PAINT,W,-114.11633745926231,51.004967901726964
MAHOGANY BLVD SE,MARQUIS GREEN,RSM,REGULAR CROSSWALK,1.0,PAINT,W,-113.91388761031382,50.9028772675415
BELMONT ST,BELMONT BLVD,RSM,REGULAR CROSSWALK,4.0,PAINT,NSEW,-114.0611145155262,50.870354473690284
26 AVE SE,FIR DR SE,ELDERLY,LADDER CROSSWALK,1.0,PAINT,W,-113.98891873739066,51.0305395123777
BELMONT DR,BELMONT AVE,RSM,REGULAR CROSSWALK,4.0,PAINT,NSEW,-114.0648326012771,50.86535996215985
1 ST NE,24 AVE NE,RSM,REGULAR CROSSWALK,2.0,PAINT,EW,-114.05992401595184,51.07423582531666
90 AVE SW,OAKSIDE GATE SW,REGULAR,REGULAR CROSSWALK,1.0,PAINT,W,-114.1258269389904,50.97401247405499
AUBURN BAY BLVD SE,AUTUMN CR SE,SCHOOL,STOP LINE,2.0,MMA,NS,-113.96748268935792,50.896184579952326
AUBURN BAY BLVD SE,AUTUMN GR SE,SCHOOL,STOP LINE,1.0,MMA,W,-113.96980607855828,50.89479372289541
FISH CREEK BLVD SW,EVERRIDGE DR SW,MULTIWAY STOP,REGULAR CROSSWALK,4.0,PAINT,NSEW,-114.12329751561674,50.921272161702994
140 AVE NW,CARRINGTON BLVD NW,RSM,REGULAR CROSSWALK,4.0,PAINT,NSEW,-114.09016729375467,51.18147760186458
CRANSTON DR SE,CRANBERRY SQ,RSM,REGULAR CROSSWALK,1.0,PAINT,S,-113.97689982009959,50.89078369088538
WALGROVE BLVD SE,WALGROVE GATE,RSM,REGULAR CROSSWALK,4.0,PAINT,NSEW,-114.0131921912314,50.86533537352292
TEMPLE DR NE,64 ST NE,SCHOOL,LADDER CROSSWALK,1.0,MMA,E,-113.94268595164209,51.09262805293031
59 ST NE,RUNDLEHORN DR NE,SCHOOL,LADDER CROSSWALK,3.0,MMA,NSE,-113.94741420355736,51.07154345263195
MARTINDALE BLVD NE,MARTINBROOK RD  NE,SCHOOL,STOP LINE,1.0,MMA,N,-113.95910723435908,51.114325007246784
MARTHAS WAY NE,MARTHAS MEADOWS GATE NE,SCHOOL,STOP LINE,1.0,MMA,N,-113.96021357812074,51.123797558480156
SADDLEHORN DR NE,SADDLEMEAD GR NE,SCHOOL,LADDER CROSSWALK,1.0,MMA,N,-113.94290200163618,51.12942582792373
SADDLEBROOK DR NE,SADDLELAKE WAY NE,SCHOOL,LADDER CROSSWALK,2.0,MMA,NE,-113.92935904140995,51.13129779288459
NORTHMOUNT DR NW,BULYEA RD NW,SCHOOL,LADDER CROSSWALK,3.0,MMA,NSW,-114.13411259133895,51.09534834382417
24 AVE NW,22A ST NW,RSM,REGULAR CROSSWALK,1.0,PAINT,S,-114.11457488384863,51.074280374437265
24 AVE NW,16 ST NW,RSM,REGULAR CROSSWALK,1.0,PAINT,N,-114.09911160482909,51.07429250207309
24 AVE NW,24 ST NW,RSM,REGULAR CROSSWALK,1.0,PAINT,N,-114.11783949501715,51.07442665485767
BOWNESS RD NW,70 ST NW,CORRIDOR,LADDER CROSSWALK,1.0,PAINT,W,-114.19022936437432,51.08898311784912
42 AVE SW,STANLEY RD SW,RSM,REGULAR CROSSWALK,1.0,PAINT,N,-114.0657977699246,51.01617687420792
11 ST SE,42 AV SE,RSM,STOP LINE,2.0,PAINT,NS,-114.03725280689507,51.016019118845726
19 AVE SE,ASPEN CR SE,RSM,REGULAR CROSSWALK,2.0,PAINT,NS,-113.99089355550774,51.036077934853516
CATALINA BLVD,CALIFORNIA BLVD NE,SCHOOL,LADDER CROSSWALK,3.0,MMA,NSE,-113.93140783986546,51.07817928401647
SADDLECREST BV NE,SADDLEBROOK WY NE,SCHOOL,LADDER CROSSWALK,1.0,MMA,MID,-113.9351481188839,51.13729358913425
TEMPLE DR NE,60 ST NE,SCHOOL,LADDER CROSSWALK,3.0,MMA,SEW,-113.94675077997707,51.08490610614002
28 ST SE,34 AVE SE,MULTIWAYS,STOP LINE,4.0,PAINT,NSEW,-113.99145924366749,51.0231220493106
TEMPLE DR NE,ANNE FOOT SCHOOL,SCHOOL,LADDER CROSSWALK,1.0,MMA,MID,-113.93979893234861,51.085630703328356
NORTHMOUNT DR NW,BRANTFORD CR NW,SCHOOL,LADDER CROSSWALK,2.0,MMA,WE,-114.12097887684861,51.09005676023151
SADDLEMONT BLVD NE,SADDLEHORN DR NE,SCHOOL,LADDER CROSSWALK,2.0,MMA,NW,-113.9412927281859,51.12863369256536
SADDLECREST BLVD NE,SADDLECREST TC NE,SCHOOL,LADDER CROSSWALK,2.0,MMA,SE,-113.93814543884203,51.13744934278346
VALIANT DR NW,VAUXHALL CR  NW,SCHOOL,LADDER CROSSWALK,1.0,MMA,E,-114.1486217676366,51.090729762553195
36 ST SE,34 AVE SE,RSM,REGULAR CROSSWALK,3.0,PAINT,NWS,-113.98161272717456,51.023125661443125
MARTINDALE BLVD NE,MARTIN CROSSING COURT NE,SCHOOL,LADDER CROSSWALK,1.0,MMA,S,-113.96718785855859,51.11640784715579
BOWWOOD DR NW,33 AV NW,SCHOOL,REGULAR CROSSWALK,2.0,MMA,NE,-114.17583972001049,51.082384562151546
SHERWOOD BLVD NW,SHERWOOD PARADE NW,SCHOOL,STOP LINE,2.0,MMA,NS,-114.14832654117536,51.15750806723606
78 AVE NE,HUNTRIDGE HILL,SCHOOL,LADDER CROSSWALK,2.0,MMA,SE,-114.06255409684135,51.1212319034159
RICHARD RD SW,BISHOP CARROLL SCH.,MIDBLOCK,LADDER CROSSWALK,1.0,PAINT,MID,-114.1205677613769,51.01372672030065
RICHARDSON WAY SW,RICHARDSON LINK SW,SIGNALIZED,REGULAR CROSSWALK,3.0,PAINT,NSW,-114.13420189924503,51.01504021208149
RICHARDSON WAY SW,RICHARDSON RD SW,SIGNALIZED,REGULAR CROSSWALK,4.0,PAINT,NSEW,-114.13648326103197,51.01333419505197
RICHARDSON WAY SW,SARCEE RD/LINCON WY,SIGNAL,RIGHT TURN,2.0,PAINT,NS,-114.13875751043383,51.012453121718536
RICHMOND RD SW,S OF 17 AVE SW,SIGNALIZED,REGULAR CROSSWALK,3.0,PAINT,NSW,-114.1112506203354,51.036917017553776
CROWCHILD TR SW,17 AVE SW (OFF RAMP),MIDBLOCK,REGULAR CROSSWALK,3.0,PAINT,MID,-114.11160998740849,51.03710385407003
RICHMOND RD SW,20 AVE SW,REGULAR,REGULAR CROSSWALK,3.0,PAINT,NSE,-114.11122787216003,51.03527895664062
RICHMOND RD SW,21 AVE SW,REGULAR,REGULAR CROSSWALK,1.0,PAINT,S,-114.1111791884802,51.034602403684666
RICHMOND RD SW,26 AVE SW,RSM,STOP LINE,1.0,PAINT,N,-114.11520700762203,51.03044394452372
33 AVE SW,17 ST SW,REGULAR,STOP LINE,2.0,PAINT,NS,-114.10208673381919,51.02399364673985
20 ST SW,26 AV SW,SIGNAL,REGULAR CROSSWALK,4.0,PAINT,NSEW,-114.10946698454185,51.03042507465995
BOWFORT RD NW,GREENBRIAR WY NW,RSM,STOP X,2.0,PAINT,EW,-114.21764654237896,51.086307631749506
71 AVE,BLACKFOOT TR SE,SIGNALIZED,STOP X,1.0,PAINT,E,-114.05356225153828,50.98830755260966
JOHN LAURIE BV NW,BRENNER DR NW,CORRIDOR,STOP LINE,1.0,PAINT,S,-114.13259981061152,51.106058712926675
ELBOW DR SW,73 AVE SW,CORRIDOR,STOP LINE,1.0,PAINT,W,-114.08315765625521,50.98778845601874
ELBOW DR SW,75 AVE SW,SIGNAL,REGULAR CROSSWALK,4.0,PAINT,NSEW,-114.08314563585431,50.98601258138546
36 AV NW,64 ST NW,RSM,REGULAR CROSSWALK,5.0,PAINT,NSEW,-114.1826628806628,51.08575501585335
ELBOW DR SW,STONEHAVEN RD SW,SCHOOL,LADDER CROSSWALK,1.0,MMA,N,-114.08478117820451,50.95616754704354
52 ST SE,5 AVE SE,CORRIDOR,STOP LINE,2.0,PAINT,EW,-113.95600802978757,51.04902354141841
ELBOW DR SW,SYLVESTER CRESCENT SW,CORRIDOR,LADDER CROSSWALK,1.0,PAINT,N,-114.08478624919697,50.95895424212815
ELBOW DR SW,SABRINA RD SW,CORRIDOR,LADDER CROSSWALK,1.0,PAINT,N,-114.08467657814795,50.956994139117825
ELBOW DR SW,SOUTHAMPTON DR SW,SIGNALIZED,REGULAR CROSSWALK,4.0,PAINT,NSEW,-114.08451034922335,50.95309622953967
52 ST SE,8 AVE SE,SIGNAL,RIGHT TURN,3.0,PAINT,NSW,-113.95820504315012,51.0451957628631
11 ST SE,HERITAGE DR SE,SIGNAL,RIGHT TURN,2.0,PAINT,SE,-114.03974998926834,50.98714589754675
24 ST SW,SOUTHLAND DR SW,SIGNAL,RIGHT TURN,4.0,PAINT,NSEW,-114.11792170802154,50.96132948894435
SOUTHLAND DR SW,CO-OP CENTRE,RSM,REGULAR CROSSWALK,1.0,PAINT,MID,-114.12122635779104,50.96132071834486
BEDDINGTON TRAIL NW,BERKSHIRE BLVD NW,SIGNAL,REGULAR CROSSWALK,4.0,PAINT,NSEW,-114.08150208519193,51.1382443201792
COUNTRY HILLS BLVD NW,CITADEL LINK NW,SIGNAL,REGULAR CROSSWALK,4.0,PAINT,NSEW,-114.1721100001088,51.137356395640516
TWELVE MILE COULEE RD NW,CROWCHILD TR NW,SIGNAL,STOP LINE,4.0,PAINT,NSEW,-114.25699102262887,51.143435198021834
BRENTWOOD RD NW,DRIVE WAY INTO CO-OP,CORRIDOR,LADDER CROSSWALK,1.0,PAINT,N,-114.13152220294283,51.08762737273768
ELBOW DR SW,29 AVE SW,REGULAR,REGULAR CROSSWALK,1.0,PAINT,S,-114.0770038113278,51.02804361060272
TEMPLE DR NE,43 AVE NE,REGULAR,REGULAR CROSSWALK,1.0,PAINT,N,-113.93939468491496,51.09155959290169
BRAESIDE DR SW,107 AVE SW,SCHOOL,STOP LINE,2.0,MMA,EW,-114.1030253904679,50.95709124053768
BRAESIDE DR SW,BRACEWOOD DR SW,REGULAR,REGULAR CROSSWALK,1.0,PAINT,E,-114.11170513429406,50.95415100863279
BRAESIDE DR SW,BRACEWOOD DR SW,REGULAR,REGULAR CROSSWALK,1.0,PAINT,W,-114.11539711036868,50.954083994851665
ROCKY RIDGE RD NW,ROYAL OAK DR NW,REGULAR,RIGHT TURN,2.0,PAINT,EW,-114.23418839736519,51.13863482878536
GLENMORE TR SE,30 ST SE,RSM,REGULAR CROSSWALK,1.0,PAINT,N,-113.99056440854595,50.97959652887127
GLENMORE TR SE,31 ST SE (S LEG),RSM,STOP LINE,1.0,PAINT,N,-113.98908580315309,50.978666931202795
46 AVE SE,36 ST SE,SIGNALIZED,STOP X,4.0,PAINT,NSEW,-113.97632195787759,51.01261862644257
NA'A DR SW,MEDICINE HILL SW,RSM,REGULAR CROSSWALK,4.0,PAINT,NSEW,-114.19230509276224,51.0787169677044
JAMES MCKEVITT RD SW,MILLRISE WAY SW,SIGNALIZED,RIGHT TURN,2.0,PAINT,NS,-114.08099758699811,50.921342888304316
NA'A DR SW,BY DOLLARAMA,MID BLOCK,REGULAR CROSSWALK,1.0,PAINT,MID,-114.1991958731772,51.08077306855644
5 AVE SE,4 ST SE,DOWNTOWN,STOP LINE,1.0,MMA,W,-114.05295696229372,51.048020554005646
FRONT ST SE,41 ST SE,RSM,REGULAR CROSSWALK,1.0,PAINT,W,-113.95032240561827,50.88114140137009
JAMES MCKEVITT RD SW,MILLRISE HILL SW,SIGNALIZED,RIGHT TURN,2.0,PAINT,NS,-114.08925211526626,50.9213221687075
SUNPARK PLAZA SE,SOUTH CALGARY HEALTH CENTRE ENTRANCE,CORRIDOR,LADDER CROSSWALK,1.0,PAINT,MID,-114.05791869359349,50.90234515933343
50 AVE SE,22 ST SE,RSM,REGULAR CROSSWALK,1.0,PAINT,E,-114.00657858573196,51.00877063370073
14 AVE SW,77 ST SW,RSM,LADDER CROSSWALK,1.0,PAINT,MID,-114.19923290206259,51.0452287007364
ASPEN SUMMIT BLVD SW,ASPEN SUMMIT DR SW,RSM,REGULAR CROSSWALK,1.0,PAINT,N,-114.20507050073007,51.0432845151878
13 AVE SW,ASPEN SUMMIT DR SW,RSM,REGULAR CROSSWALK,1.0,PAINT,E,-114.20595037054508,51.04696009902405
ERIN WOODS DR SE,ERIN PARK DR SE,RSM,REGULAR CROSSWALK,1.0,PAINT,E,-113.96118146299582,51.019060470562955
10 AVE SW,16 ST SW,CORRIDOR,LADDER CROSSWALK,3.0,PAINT,SEW,-114.0991654154222,51.044301699409125
SILVERADO BLVD SW,SILVERADO DR SW,RSM,REGULAR CROSSWALK,3.0,PAINT,SEW,-114.07798408547917,50.88659956139126
26 AVE SW,35 ST SW,SCHOOL,LADDER CROSSWALK,2.0,MMA,EW,-114.13833538200772,51.03005739744016
RANCHVIEW DR NW,RANCHVIEW RD NW,SCHOOL,LADDER CROSSWALK,2.0,MMA,EW,-114.18402931782754,51.12053704320583
26 AVE SW,SPRINGBOROUGH BLVD SW,SCHOOL,LADDER CROSSWALK,2.0,MMA,NE,-114.19350589871388,51.030533681798836
SCENIC ACRES BLVD NW,SCURFIELD WAY NW,SCHOOL,STOP LINE,1.0,MMA,N,-114.2146603772563,51.11935201890398
SIENNA PARK DR SW,AT BATALLION PARK SCHL,SCHOOL,LADDER CROSSWALK,1.0,MMA,MID,-114.18178119432055,51.023906925352655
47 ST SW,35 AVE SW,SCHOOL,LADDER CROSSWALK,1.0,MMA,W,-114.1553065982622,51.022330478943
45 ST SW,33 AVE SW,SCHOOL,LADDER CROSSWALK,2.0,MMA,NS,-114.1524812775235,51.02386925735698
34 AVE NW,71 ST NW,SCHOOL,LADDER CROSSWALK,1.0,MMA,W,-114.19060153491297,51.08382835207072
22 ST SW,26 AV SW,SCHOOL,LADDER CROSSWALK,2.0,MMA,SW,-114.11435290404577,51.03041482500687
BOW TR SW,33 ST SW,SIGNAL,STOP LINE,3.0,PAINT,NSW,-114.13546826991742,51.041525392342265
BOW TR SW,W OF 45 ST SW,SIGNALIZED,REGULAR CROSSWALK,1.0,PAINT,MID,-114.15956952135863,51.05091142792145
BOW TR SW,85 ST SW,SIGNALIZED,RIGHT TURN,4.0,PAINT,NSEW,-114.21100689183432,51.052433464352276
BOW TR SW,26 ST SW,SIGNAL,REGULAR CROSSWALK,3.0,PAINT,NSW,-114.12366281709265,51.04155597805204
2 ST NW,12 AVE NW,MULTIWAYS,REGULAR CROSSWALK,4.0,PAINT,NSEW,-114.06747026681943,51.06336687719529
BOW TR SW,ROSSCARROCK GATE SW,SIGNALIZED,STOP LINE,2.0,,EW,-114.14687864243416,51.04696186627386
26 AVE SW,KELWOOD DR SW,REGULAR,REGULAR CROSSWALK,2.0,PAINT,EW,-114.14466280450696,51.03049545048782
26 AVE SW,42 ST SW,REGULAR,REGULAR CROSSWALK,1.0,PAINT,W,-114.14802026448747,51.0305023890446
26 AVE SW,45 ST SW,SCHOOL,LADDER CROSSWALK,4.0,MMA,NSEW,-114.15280901079505,51.0304962256171
26 AVE SW,49 ST SW,REGULAR,REGULAR CROSSWALK,1.0,PAINT,E,-114.15748295266584,51.03050673538902
PANORAMA HILLS DR NW,AT 1017,MID BLOCK,LADDER CROSSWALK,1.0,PAINT,MID,-114.08570894519958,51.154203933687405
19 AVE SW,19 ST SW,SCHOOL,LADDER CROSSWALK,1.0,MMA,N,-114.10630510834679,51.03597437608275
19 AVE SW,20 ST SW,SCHOOL,STOP LINE,2.0,MMA,SE,-114.10876473066607,51.0354975314456
BOW TR SW,900 M EAST OF 85 ST,CORRIDOR,REGULAR CROSSWALK,1.0,PAINT,MID,-114.19860157172968,51.05258002129625
BOW TR SW,STRATHCONA BLVD SW,SIGNAL,RIGHT TURN,4.0,PAINT,NSEW,-114.18175457034687,51.05221550408255
26 AVE SW,51 ST SW,SCHOOL,STOP LINE,1.0,MMA,S,-114.16103473284508,51.030496323370016
24 ST SW,BOW TR SW,RSM,REGULAR CROSSWALK,1.0,PAINT,W,-114.11777060554749,51.04199262035575
14 ST SW,33 AVE SW,SIGNAL,STOP X,1.0,PAINT,W,-114.09469637412923,51.02400510563127
14 ST SW,36 AVE SW,REGULAR,REGULAR CROSSWALK,2.0,PAINT,NS,-114.09466271127114,51.02168698061213
14 ST SW,38 AVE SW,MULTIWAYS,RIGHT TURN,1.0,PAINT,N,-114.09469579120855,51.0201673766199
SARCEE TR SW,BOW TR SW,SIGNAL,REGULAR CROSSWALK,4.0,PAINT,NSEW,-114.16433985486626,51.052649578196934
BOW TR SW,37 ST SW,SIGNAL,REGULAR CROSSWALK,4.0,PAINT,NSEW,-114.14115075836814,51.045152470268015
BOW TR SW,45 ST SW,SIGNAL,STOP X,1.0,PAINT,S,-114.1527749483744,51.04881248344014
37 ST SW,23 AVE SW,CORRIDOR,REGULAR CROSSWALK,2.0,PAINT,EW,-114.1411969656305,51.03315785124219
NOSE HILL DR NW,SILVER SPRINGS RD NW,REGULAR,STOP LINE,1.0,PAINT,E,-114.21116114079322,51.10987198348642
5 AVE NW,11 ST NW,REGULAR,REGULAR CROSSWALK,1.0,PAINT,W,-114.08885971631845,51.057116025353366
6 AVE NW,16 ST NW,RSM,REGULAR CROSSWALK,1.0,PAINT,E,-114.0978043647598,51.05767296743075
6 AVE NW,18 ST NW,CORRIDOR,STOP LINE,2.0,PAINT,NS,-114.10246326549154,51.057646690899624
5 AVE NW,22 ST NW,REGULAR,REGULAR CROSSWALK,1.0,PAINT,E,-114.1129471013349,51.05722474719133
SUNMILLS DR SE,SUNRISE GATE SE,SCHOOL,LADDER CROSSWALK,1.0,MMA,N,-114.02965478604946,50.90190280308503
SUNMILLS DR SE,SUNWOOD GATE SE,RSM,REGULAR CROSSWALK,1.0,PAINT,W,-114.03036830693439,50.89778143704492
JOHN LAURIE BLVD NW,53 ST NW,SIGNALIZED,RIGHT TURN,4.0,PAINT,NSEW,-114.1544541565899,51.115176263325644
SUNMILLS DR SE,SUNVISTA CL SE,RSM,REGULAR CROSSWALK,1.0,PAINT,W,-114.03299466120733,50.897783170524555
ROCKY RIDGE RD NW,ROCKY RIDGE BLVD NW,REGULAR,REGULAR CROSSWALK,2.0,PAINT,SW,-114.23418069546189,51.14323882298923
162 AVE SW,JAMES MCKEVITT RD SW,SIGNALIZED,STOP LINE,4.0,PAINT,NSEW,-114.09898188504678,50.90522922521171
FREEPORT BLVD NE,FREEPORT DR,SIGNALIZED,REGULAR CROSSWALK,4.0,PAINT,NSEW,-114.0065413397585,51.150780993752505
100 AVE NE,BARLOW TR NE,SIGNALIZED,REGULAR CROSSWALK,4.0,PAINT,NSEW,-114.0016441847422,51.14340273517868
WESTWINDS DR NE,OFF RAMP FROM METIS TR,RSM,STOP LINE,1.0,PAINT,N,-113.97248643417264,51.1087620372368
WESTWINDS DR NE,SOUTH LRT PARKING LOT ENT,RSM,STOP LINE,1.0,PAINT,W,-113.97547509468731,51.107128895323584
WESTWINDS DR NE,52 AVE NE,MULTIWAY STOP,REGULAR CROSSWALK,4.0,PAINT,NSEW,-113.97620649711511,51.100122300912126
JAMES MCKEVITT RD SW,EVERSTONE BLVD SW,RSM,RIGHT TURN,2.0,PAINT,EW,-114.10014259282744,50.91084220497202
EAMON RD NW,81 M WEST OF ROCKY RIDGE RD NW,RSM,REGULAR CROSSWALK,2.0,PAINT,NW,-114.23546118298478,51.13573873765592
NEW BRIGHTON DR SE,NEW BRIGHTON GATE SE,MULTIWAY STOP,REGULAR CROSSWALK,3.0,PAINT,NSW,-113.95460781558185,50.91834490158227
72 AVE SE,BARLOW TR SE,SIGNALIZED,REGULAR CROSSWALK,4.0,PAINT,NSEW,-113.98192126314923,50.9895592932171
76 AVE SE,BARLOW TR SE,SIGNALIZED,STOP LINE,3.0,PAINT,NSE,-113.98182096110452,50.9851632889056
17 AVE SE,52 ST SE,SIGNALIZED,STOP LINE,4.0,PAINT,NSEW,-113.95839722879732,51.03778536429903
WESTWINDS DR NE,47 ST NE,MULTIWAY STOP,REGULAR CROSSWALK,3.0,PAINT,SEW,-113.96598247958542,51.10006417429597
ROYAL BIRCH BV NW,ROYAL BIRCH ST NW,RSM,REGULAR CROSSWALK,1.0,PAINT,S,-114.22060314411463,51.145771639472706
CENTRE ST S,8 AVE SW,DOWNTOWN,STOP LINE,2.0,MMA,NS,-114.06302516219846,51.045527550823394
90 AVE SE,44 ST SE,SIGNALIZED,REGULAR CROSSWALK,4.0,PAINT,NSEW,-113.96995947032363,50.97231267703589
EDGEVALLEY WAY NW,AT 37,MID BLOCK,LADDER CROSSWALK,1.0,PAINT,MID,-114.14554509149139,51.13189681387487
19 ST NW,5 AVE NW,SIGNAL,STOP X,2.0,PAINT,EW,-114.1055555692018,51.05743832027724
68 ST SE,100 AVE SE,SIGNALIZED,REGULAR CROSSWALK,4.0,PAINT,NSEW,-113.93511308434724,50.96743193954182
19 ST NW,3 AVE NW,REGULAR,REGULAR CROSSWALK,1.0,PAINT,S,-114.10558698815615,51.05533462682245
COACH HILL RD SW,BY 6841,RSM,REGULAR CROSSWALK,1.0,PAINT,MID,-114.187657709767,51.05824686857842
MAHOGANY BLVD SE,MARQUIS COMMON SE,SCHOOL,LADDER CROSSWALK,1.0,MMA,W,-113.92205355020648,50.90245779428241
AUBURN BAY DR SE,AUBURN GLEN GREEN SE,SCHOOL,LADDER CROSSWALK,1.0,MMA,S,-113.95460329341722,50.896444987314446
NORTHMOUNT DR NW,CLARENDON RD NW,CORRIDOR,LADDER CROSSWALK,1.0,PAINT,E,-114.10078655255943,51.08513330240816
MAHOGANY WAY SE,MARQUIS COMMON SE,SCHOOL,LADDER CROSSWALK,1.0,MMA,S,-113.9252901091947,50.90455914784995
SANDSTONE DR NW,SANDSTONE HILL NW,CORRIDOR,LADDER CROSSWALK,1.0,PAINT,N,-114.09008917704426,51.134450381833425
52 ST NE,MARLBOURGH DR NE,SIGNALIZED,STOP LINE,3.0,PAINT,NSW,-113.95833652860028,51.06001274137281
MCKINNON DR NE,MAUNSELL DR/CLOSE NE,SCHOOL,LADDER CROSSWALK,1.0,MMA,N,-114.00482812490768,51.058477192239806
NEW ST SE,IN FRONT OF 20 NEW ST SE,MID BLOCK,LADDER CROSSWALK,1.0,PAINT,MID,-114.02941682673662,51.04133616248389
9 AVE SE,16 ST SE,SIGNALIZED,STOP LINE,4.0,PAINT,NSEW,-114.02204043093391,51.036413895904474
19 ST NE,MUNRO DR NE,CORRIDOR,LADDER CROSSWALK,1.0,PAINT,N,-114.01102685778802,51.056254800533225
HOMESTEAD AV NE,HOMESTEAD VW NE,RSM,REGULAR CROSSWALK,1.0,PAINT,W,-113.91663399942608,51.12519591200997
9 AVE SE,13 ST SE,CORRIDOR,REGULAR CROSSWALK,2.0,PAINT,NS,-114.0316433100964,51.04019793025853
TARAVISTA DR NE,TARAWOOD RD NE,SCHOOL,STOP LINE,1.0,MMA,N,-113.93851448229339,51.121161571702764
17A ST NE,10 AVE NE,SCHOOL,LADDER CROSSWALK,1.0,MMA,N,-114.0176040712037,51.062317069390865
CORAL SPRINGS BV,CORAL SHORES DR NE,RSM,REGULAR CROSSWALK,1.0,PAINT,N,-113.92581115623317,51.10409086735875
BLACKFOOT TR SE,15 ST,SIGNALIZED,REGULAR CROSSWALK,1.0,PAINT,S,-114.02450941248199,51.03543419693374
15 ST SE,S OF 9 AVE RRXING,SIGNALIZED,STOP LINE,2.0,PAINT,NS,-114.02514272907996,51.03620986768073
8 AVE NE,MAYLAND DR NE,SCHOOL,LADDER CROSSWALK,1.0,MMA,E,-114.00733485076493,51.060325842506636
BLACKFOOT TR SE,17 A ST SE,SIGNAL,REGULAR CROSSWALK,4.0,PAINT,NSEW,-114.01782389534974,51.0377339410058
52 ST NE,4 AVE NE,SIGNAL,REGULAR CROSSWALK,3.0,PAINT,NSE,-113.95653077637506,51.05515220682405
8 AVE NE,MICKINNON DR NE,SCHOOL,LADDER CROSSWALK,1.0,MMA,S,-114.00483514158093,51.06031047437346
8 AVE NE,MILLAR RD,REGULAR,REGULAR CROSSWALK,1.0,PAINT,E,-114.01144076645566,51.059604881459826
8 AVE NE,MIDDLETON DR NE,SCHOOL,LADDER CROSSWALK,1.0,MMA,W,-114.0085193128919,51.0600786935116
17A ST SE,80M NORTH OF BLACKFOOT TR,RSM,REGULAR CROSSWALK,2.0,PAINT,NS,-114.01769817822947,51.03858327509892
64 AV NE,FALCONRIDGE BLVD,SIGNAL,RIGHT TURN,4.0,PAINT,NSEW,-113.94692070873846,51.1106384396772
TARAVISTA DR,TARAWOOD LN NE,RSM,REGULAR CROSSWALK,1.0,PAINT,E,-113.94179180203942,51.12138021771117
52 ST NE,MARYVALE DR NE,CORRIDOR,LADDER CROSSWALK,1.0,PAINT,N,-113.95729666089983,51.05689565711722
MCKINNON DR NE,MCKINNON RD,REGULAR,REGULAR CROSSWALK,2.0,PAINT,SE,-114.00847784345356,51.06572538102424
TARACOVE RD NE,TARALEA CIR,SCHOOL,LADDER CROSSWALK,1.0,MMA,N,-113.9370717210276,51.11657067665928
8 AV,18A ST NE,RSM,REGULAR CROSSWALK,1.0,PAINT,E,-114.014721080285,51.059634364706675
7721 80 Ave NE,SADDLESTONE PL,RSM,REGULAR CROSSWALK,1.0,PAINT,E,-113.9229798524205,51.12520077665219
9 AVE SE,15 ST SE,SIGNAL,RIGHT TURN,1.0,PAINT,E,-114.02519083159547,51.037759217434775
BLACKFOOT TR SE,ALYTH RD,SIGNAL,RIGHT TURN,1.0,PAINT,E,-114.02525022071595,51.03407258854053
TARADALE DR NE,TARAVISTA WAY,SCHOOL,LADDER CROSSWALK,4.0,MMA,NSEW,-113.92708923625882,51.11664397413475
SADDLETOWN CIRCLE NE,FALCONRIDGE BLVD NE,RSM,REGULAR CROSSWALK,4.0,PAINT,NSEW,-113.94673241179736,51.12140235138349
19 AVE SE,34 ST SE,RSM,MULTI USE XWALK,1.0,PAINT,N,-113.9844841941925,51.03610812239711
ALYTH RD SE,30 AVE SE,MID BLOCK,X RRXING,2.0,PAINT,NS,-114.02129762428392,51.02781114055725
8 AVE NE,16A ST NE,REGULAR,REGULAR CROSSWALK,1.0,PAINT,W,-114.02032488598144,51.059304704426076
TARAVISTA DR NE,TARACOVE RD NE,SCHOOL,LADDER CROSSWALK,1.0,MMA,W,-113.93642084412068,51.12060125852752
MAYLAND DR NE,MACKID RD NE,SCHOOL,LADDER CROSSWALK,2.0,EPOXY,NE,-114.01207562747464,51.063870911719206
TARALEA PARK NE,TARALEA MANOR,SCHOOL,LADDER CROSSWALK,1.0,MMA,E,-113.93844001971695,51.115724602173096
17A ST NE,12 AVE NE,SCHOOL,LADDER CROSSWALK,2.0,MMA,SW,-114.0176490571112,51.06387258268077
17 AVE SE,16 ST SE,RSM,REGULAR CROSSWALK,1.0,PAINT,E,-114.02356167991177,51.03785235745492
17 AVE SE (BRT SOUTH),90M EAST OF 9 AVE SE,MID BLOCK,REGULAR CROSSWALK,1.0,PAINT,MID,-114.02089792756847,51.03679824031278
21 AV SW,16 ST SW,RSM,LADDER CROSSWALK,1.0,PAINT,E,-114.09883480422955,51.03499976485486
ROCKY RIDGE BLVD NW,ROCKBLUFF CL NW,RSM,REGULAR CROSSWALK,2.0,PAINT,NS,-114.24887122135172,51.147959028175826
CROWCHILD TR SW,FLANDERS AVE SW,RSM,REGULAR CROSSWALK,3.0,PAINT,NES,-114.11764660942808,51.01611217734435
HAMPTONS BLVD NW,HAMPSTEAD CLOSE NW,RSM,REGULAR CROSSWALK,2.0,PAINT,NS,-114.14974915584378,51.1401233286376
37 ST SW,21 AV SW,RSM,REGULAR CROSSWALK,1.0,PAINT,E,-114.14120426352972,51.034701722346334
14 AVE SW,11 ST SW,DOWNTOWN,REGULAR CROSSWALK,4.0,PAINT,NSEW,-114.08904949405046,51.04025901408656
50 AVE SE,23 ST,SIGNALIZED,REGULAR CROSSWALK,4.0,PAINT,NSEW,-114.00415482393079,51.00866545391911
SOUTHLAND DR SW,OAKFIELD DR SW,SIGNALIZED,REGULAR CROSSWALK,4.0,PAINT,NSEW,-114.13234954365231,50.961305180763105
18 ST SE,QUARRY PARK BLVD SE,SIGNALIZED,STOP LINE,4.0,PAINT,NSEW,-114.01221717995841,50.963463842585675
18 ST SE,QUARRY PARK BLVD SE,SIGNALIZED,REGULAR CROSSWALK,4.0,PAINT,NSEW,-114.00934156372219,50.95944777836494
QUARRY PARK BLVD SE,160M EAST OF 18 ST SE,SIGNALIZED,STOP LINE,4.0,PAINT,NSEW,-114.00986118004975,50.963475628001305
18 ST SE,RIVERVIEW CIRCLE SE,SIGNALIZED,REGULAR CROSSWALK,4.0,PAINT,NSEW,-114.01330664342834,50.966428866818774
68 AVE SW,4A ST SW,MULTIWAY STOP,STOP LINE,4.0,PAINT,NSEW,-114.07400460020088,50.992328609841664
COUGAR RIDGE DR SW,50M S OF COUGAR STONE PARK SW,MID BLOCK,REGULAR CROSSWALK,1.0,PAINT,MID,-114.214993933873,51.07244708123884
34 AVE SE,26A ST SE,RSM,REGULAR CROSSWALK,4.0,PAINT,NSEW,-113.99569046368681,51.023201988814385
AUBURN BAY BLVD SE,AUBURN BAY GA SE,SIGNALIZED,REGULAR CROSSWALK,3.0,PAINT,SEW,-113.9586680533119,50.88489934828336
BRAESIDE DR SW,104 AVE SE,RSM,REGULAR CROSSWALK,1.0,PAINT,N,-114.10331490680416,50.95953092176847
CENTRE ST S,15 AVE SE,DOWNTOWN,STOP LINE,2.0,PAINT,EW,-114.06350367748756,51.03858824764339
CRANSTON WY SE,CRANFIELD MR SE,SCHOOL,LADDER CROSSWALK,1.0,MMA,W,-113.97583254817799,50.88699444064444
CRANSTON DR SE,CRANSTON WY SE,SCHOOL,LADDER CROSSWALK,2.0,MMA,NW,-113.9747455828054,50.887393815942445
CRANSTON DR SE,CRANLEIGH GATE,SCHOOL,LADDER CROSSWALK,1.0,MMA,S,-113.98802545367899,50.88849772417249
SUNLAKE WY SE,SUNMILLSDR SE,RSM,REGULAR CROSSWALK,1.0,PAINT,W,-114.04675456885384,50.89941403327877
EVERSYDE CL SW,EVERSYDE CL SW,RSM,REGULAR CROSSWALK,1.0,PAINT,E,-114.10703731138517,50.916213405848126
69 AVE SW,6 ST SW,RSM,REGULAR CROSSWALK,1.0,PAINT,E,-114.07889995287529,50.99144832758916
CRANSTON  WAY SE,CRANSTON DR SE,SCHOOL,LADDER CROSSWALK,2.0,MMA,SE,-113.98803903148136,50.88606024349269
85 ST SW,9 AVE SW,SIGNALIZED,REGULAR CROSSWALK,4.0,PAINT,NSEW,-114.21099761909524,51.05966076414235
14 AVE SW,2 ST SW,RSM,REGULAR CROSSWALK,3.0,PAINT,NSE,-114.06837130022424,51.03967059758931
4 ST NE,MEREDITH RD NE,SIGNALIZED,REGULAR CROSSWALK,4.0,MMA,NSEW,-114.05168847367196,51.05190295823006
ST GEORGES DR NE,440M SOUTH OF 7 AVE NE,MIDBLOCK,REGULAR CROSSWALK,1.0,PAINT,MID,-114.02657255129463,51.055381048450364
WOODVIEW DR SW,WOODHILL RD SW,REGULAR,REGULAR CROSSWALK,1.0,PAINT,E,-114.11276634573042,50.94122786809444
85 ST SW,WENTWORTH DR SW,SIGNALIZED,REGULAR CROSSWALK,2.0,PAINT,EW,-114.21096849361001,51.05695617890518
SOVEREIGN CR SW,24 ST SW,RSM,REGULAR CROSSWALK,1.0,PAINT,W,-114.11784522090295,51.04355107659853
26 AVE SW,41 ST / GLENCASTLE ST SW,REGULAR,REGULAR CROSSWALK,1.0,PAINT,E,-114.14674868831528,51.03048986706379
77 ST SW,9 AVE SW,MULTIWAY STOP,REGULAR CROSSWALK,4.0,PAINT,NSEW,-114.19944493737908,51.059673123942794
17 ST NW,21 AVE NW,RSM,REGULAR CROSSWALK,1.0,PAINT,W,-114.10213105487884,51.0714697863329
85 ST SW,BROADCAST AVE,SIGNALIZED,REGULAR CROSSWALK,3.0,PAINT,NSE,-114.2109599646024,51.064681187317674
85 ST SW,ASPEN SUMMIT BLVD SW,SIGNALIZED,REGULAR CROSSWALK,3.0,PAINT,NSE,-114.21085061313322,51.043298761834684
69 ST SW,ERNEST MANNING HIGH SCHOOL ENTRANCE,RSM,STOP LINE,2.0,PAINT,EW,-114.18760191635347,51.03666675375125
41 AVE NE,PACIFIC RD NE,REGULAR,X RRXING,2.0,PAINT,EW,-114.04409307209592,51.09253943797302
6 ST NE,41 AVE NE,MULTIWAYS,REGULAR CROSSWALK,3.0,PAINT,NSE,-114.04827401144436,51.09010455390266
85 ST SW,8A AVE SW,SIGNALIZED,REGULAR CROSSWALK,4.0,PAINT,NSEW,-114.21098049765449,51.061554904136415
OLD BANFF COACH RD SW,77 ST SW,SIGNALIZED,REGULAR CROSSWALK,4.0,PAINT,NSEW,-114.199367950758,51.06700975231526
BERKSHIRE BLVD NW,SANDARAC DR NW,SIGNAL,RIGHT TURN,2.0,PAINT,EW,-114.09968084182012,51.13211405339431
PATTERSON BLVD SW,PATINA DR SW,MULTIWAY STOP,REGULAR CROSSWALK,3.0,PAINT,NSE,-114.17854805584795,51.06297301160558
