attribute,category,value,value_label,area_type,area_id,ranking,data_currency
Indigenous,Demographic,1.6828148,1.7%,CSA,1.NW,4,2021
Moved in the last year,Demographic,10.48,10.5%,CSA,1.NW,4,2021
Youth,Demographic,11.659878,11.7%,CSA,1.NW,3,2021
Renter,Demographic,15.742129,15.7%,CSA,1.NW,3,2021
Transit to work,Demographic,16.7,16.7%,CSA,1.NW,2,2021
No English Knowledge,Demographic,2.1237304,2.1%,CSA,1.NW,2,2021
Children,Demographic,24.032587,24.0%,CSA,1.NW,1,2021
Visible Minority,Demographic,35.01529,35.0%,CSA,1.NW,2,2021
LIM-AT 18-64 years,Demographic,5.868726,5.9%,CSA,1.NW,3,2021
Median Income,Demographic,54556.2464,"$54,556",CSA,1.NW,1,2021
Seniors,Demographic,6.262729,6.3%,CSA,1.NW,4,2021
Newcomers,Demographic,6.5749235,6.6%,CSA,1.NW,2,2021
Live in single detached home,Demographic,68.71,68.7%,CSA,1.NW,2,2021
LIM-AT 0-17 years,Demographic,7.3260074,7.3%,CSA,1.NW,3,2021
Drive to work,Demographic,72.8,72.8%,CSA,1.NW,3,2021
LIM-AT 65+ years,Demographic,8.064516,8.1%,CSA,1.NW,2,2021
Lone Parent,Demographic,9.778598,9.8%,CSA,1.NW,4,2021
*Population,Demographic,9820.0,"9,820",CSA,1.NW,3,2021
Indigenous,Demographic,1.8678161,1.9%,CSA,10.NW,4,2021
Moved in the last year,Demographic,10.65,10.7%,CSA,10.NW,4,2021
Renter,Demographic,10.888252,10.9%,CSA,10.NW,4,2021
*Population,Demographic,10450.0,"10,450",CSA,10.NW,3,2021
Lone Parent,Demographic,13.902847,13.9%,CSA,10.NW,2,2021
Youth,Demographic,14.44976,14.4%,CSA,10.NW,1,2021
Transit to work,Demographic,16.0,16.0%,CSA,10.NW,2,2021
Children,Demographic,19.904306,19.9%,CSA,10.NW,2,2021
No English Knowledge,Demographic,2.1093001,2.1%,CSA,10.NW,2,2021
Visible Minority,Demographic,42.097702,42.1%,CSA,10.NW,2,2021
Median Income,Demographic,45494.1263,"$45,494",CSA,10.NW,2,2021
Newcomers,Demographic,5.6034484,5.6%,CSA,10.NW,3,2021
LIM-AT 18-64 years,Demographic,5.716302,5.7%,CSA,10.NW,3,2021
LIM-AT 65+ years,Demographic,6.0,6.0%,CSA,10.NW,3,2021
Seniors,Demographic,7.22488,7.2%,CSA,10.NW,4,2021
Drive to work,Demographic,75.0,75.0%,CSA,10.NW,2,2021
Live in single detached home,Demographic,80.34,80.3%,CSA,10.NW,1,2021
LIM-AT 0-17 years,Demographic,9.770115,9.8%,CSA,10.NW,3,2021
No English Knowledge,Demographic,0.47619048,0.5%,CSA,100.SW,4,2021
Newcomers,Demographic,1.9254658,1.9%,CSA,100.SW,4,2021
Transit to work,Demographic,10.1,10.1%,CSA,100.SW,4,2021
Moved in the last year,Demographic,11.34,11.3%,CSA,100.SW,3,2021
Youth,Demographic,12.158809,12.2%,CSA,100.SW,2,2021
Lone Parent,Demographic,14.649681,14.6%,CSA,100.SW,2,2021
Children,Demographic,16.004963,16.0%,CSA,100.SW,3,2021
Seniors,Demographic,18.548388,18.5%,CSA,100.SW,1,2021
Renter,Demographic,21.917809,21.9%,CSA,100.SW,2,2021
Indigenous,Demographic,3.7267082,3.7%,CSA,100.SW,1,2021
Median Income,Demographic,48861.1278,"$48,861",CSA,100.SW,2,2021
LIM-AT 65+ years,Demographic,6.354515,6.4%,CSA,100.SW,3,2021
LIM-AT 18-64 years,Demographic,7.0,7.0%,CSA,100.SW,3,2021
Live in single detached home,Demographic,72.49,72.5%,CSA,100.SW,2,2021
Drive to work,Demographic,75.5,75.5%,CSA,100.SW,2,2021
*Population,Demographic,8060.0,"8,060",CSA,100.SW,4,2021
LIM-AT 0-17 years,Demographic,9.003216,9.0%,CSA,100.SW,3,2021
Visible Minority,Demographic,9.937888,9.9%,CSA,100.SW,4,2021
No English Knowledge,Demographic,0.31847134,0.3%,CSA,101.SW,4,2021
Indigenous,Demographic,1.0259506,1.0%,CSA,101.SW,4,2021
Moved in the last year,Demographic,11.34,11.3%,CSA,101.SW,3,2021
Lone Parent,Demographic,11.570248,11.6%,CSA,101.SW,3,2021
Youth,Demographic,11.797752,11.8%,CSA,101.SW,2,2021
Transit to work,Demographic,13.6,13.6%,CSA,101.SW,3,2021
Children,Demographic,14.550562,14.6%,CSA,101.SW,4,2021
Visible Minority,Demographic,15.259349,15.3%,CSA,101.SW,4,2021
Renter,Demographic,21.898928,21.9%,CSA,101.SW,2,2021
Seniors,Demographic,21.910112,21.9%,CSA,101.SW,1,2021
Newcomers,Demographic,3.681352,3.7%,CSA,101.SW,4,2021
Median Income,Demographic,51083.5685,"$51,084",CSA,101.SW,2,2021
LIM-AT 18-64 years,Demographic,6.074766,6.1%,CSA,101.SW,3,2021
LIM-AT 65+ years,Demographic,6.25,6.3%,CSA,101.SW,3,2021
LIM-AT 0-17 years,Demographic,7.3248405,7.3%,CSA,101.SW,4,2021
Drive to work,Demographic,73.4,73.4%,CSA,101.SW,3,2021
Live in single detached home,Demographic,77.13,77.1%,CSA,101.SW,2,2021
*Population,Demographic,8900.0,"8,900",CSA,101.SW,4,2021
No English Knowledge,Demographic,0.7633588,0.8%,CSA,102.SW,4,2021
Youth,Demographic,10.705183,10.7%,CSA,102.SW,3,2021
LIM-AT 0-17 years,Demographic,10.784314,10.8%,CSA,102.SW,3,2021
Transit to work,Demographic,11.6,11.6%,CSA,102.SW,4,2021
Lone Parent,Demographic,11.988304,12.0%,CSA,102.SW,3,2021
*Population,Demographic,11770.0,"11,770",CSA,102.SW,2,2021
Moved in the last year,Demographic,12.32,12.3%,CSA,102.SW,3,2021
Children,Demographic,14.485981,14.5%,CSA,102.SW,4,2021
Visible Minority,Demographic,15.048119,15.0%,CSA,102.SW,4,2021
Indigenous,Demographic,2.3184602,2.3%,CSA,102.SW,3,2021
Renter,Demographic,22.199171,22.2%,CSA,102.SW,2,2021
Seniors,Demographic,26.593033,26.6%,CSA,102.SW,1,2021
Newcomers,Demographic,3.6745408,3.7%,CSA,102.SW,4,2021
Median Income,Demographic,48425.9223,"$48,426",CSA,102.SW,2,2021
LIM-AT 65+ years,Demographic,5.892857,5.9%,CSA,102.SW,3,2021
Live in single detached home,Demographic,57.32,57.3%,CSA,102.SW,3,2021
LIM-AT 18-64 years,Demographic,6.757783,6.8%,CSA,102.SW,3,2021
Drive to work,Demographic,76.4,76.4%,CSA,102.SW,2,2021
No English Knowledge,Demographic,1.6666666,1.7%,CSA,103.SW,2,2021
Newcomers,Demographic,10.788665,10.8%,CSA,103.SW,1,2021
Youth,Demographic,10.79258,10.8%,CSA,103.SW,3,2021
Children,Demographic,11.736931,11.7%,CSA,103.SW,4,2021
LIM-AT 18-64 years,Demographic,13.006193,13.0%,CSA,103.SW,1,2021
LIM-AT 65+ years,Demographic,13.670886,13.7%,CSA,103.SW,1,2021
Seniors,Demographic,14.637437,14.6%,CSA,103.SW,1,2021
*Population,Demographic,14825.0,"14,825",CSA,103.SW,1,2021
Lone Parent,Demographic,17.886179,17.9%,CSA,103.SW,1,2021
Transit to work,Demographic,21.7,21.7%,CSA,103.SW,1,2021
LIM-AT 0-17 years,Demographic,22.650602,22.7%,CSA,103.SW,1,2021
Moved in the last year,Demographic,23.22,23.2%,CSA,103.SW,1,2021
Live in single detached home,Demographic,24.47,24.5%,CSA,103.SW,4,2021
Visible Minority,Demographic,30.56694,30.6%,CSA,103.SW,3,2021
Median Income,Demographic,38109.9707,"$38,110",CSA,103.SW,3,2021
Indigenous,Demographic,4.5051193,4.5%,CSA,103.SW,1,2021
Renter,Demographic,59.710743,59.7%,CSA,103.SW,1,2021
Drive to work,Demographic,62.7,62.7%,CSA,103.SW,4,2021
No English Knowledge,Demographic,0.89686096,0.9%,CSA,104.SW,4,2021
Youth,Demographic,10.753121,10.8%,CSA,104.SW,3,2021
*Population,Demographic,12415.0,"12,415",CSA,104.SW,2,2021
Transit to work,Demographic,13.0,13.0%,CSA,104.SW,3,2021
Moved in the last year,Demographic,14.19,14.2%,CSA,104.SW,3,2021
Seniors,Demographic,14.941603,14.9%,CSA,104.SW,1,2021
LIM-AT 0-17 years,Demographic,15.03268,15.0%,CSA,104.SW,2,2021
Children,Demographic,15.626259,15.6%,CSA,104.SW,3,2021
Visible Minority,Demographic,17.137096,17.1%,CSA,104.SW,4,2021
Lone Parent,Demographic,19.808743,19.8%,CSA,104.SW,1,2021
Renter,Demographic,21.941748,21.9%,CSA,104.SW,2,2021
Indigenous,Demographic,4.072581,4.1%,CSA,104.SW,1,2021
Median Income,Demographic,43746.0741,"$43,746",CSA,104.SW,3,2021
LIM-AT 65+ years,Demographic,5.4054055,5.4%,CSA,104.SW,3,2021
Newcomers,Demographic,5.564516,5.6%,CSA,104.SW,3,2021
Live in single detached home,Demographic,53.0,53.0%,CSA,104.SW,3,2021
LIM-AT 18-64 years,Demographic,7.6363635,7.6%,CSA,104.SW,2,2021
Drive to work,Demographic,78.1,78.1%,CSA,104.SW,1,2021
No English Knowledge,Demographic,1.1961722,1.2%,CSA,105.SW,3,2021
Youth,Demographic,12.21519,12.2%,CSA,105.SW,2,2021
Seniors,Demographic,14.113924,14.1%,CSA,105.SW,2,2021
Children,Demographic,15.189874,15.2%,CSA,105.SW,3,2021
Moved in the last year,Demographic,16.2,16.2%,CSA,105.SW,2,2021
LIM-AT 0-17 years,Demographic,16.666666,16.7%,CSA,105.SW,2,2021
Transit to work,Demographic,19.1,19.1%,CSA,105.SW,1,2021
Lone Parent,Demographic,21.917809,21.9%,CSA,105.SW,1,2021
Visible Minority,Demographic,26.67091,26.7%,CSA,105.SW,3,2021
Indigenous,Demographic,3.6328871,3.6%,CSA,105.SW,1,2021
Renter,Demographic,36.906586,36.9%,CSA,105.SW,2,2021
Median Income,Demographic,39389.4019,"$39,389",CSA,105.SW,3,2021
Live in single detached home,Demographic,48.93,48.9%,CSA,105.SW,3,2021
Drive to work,Demographic,69.5,69.5%,CSA,105.SW,3,2021
*Population,Demographic,7900.0,"7,900",CSA,105.SW,4,2021
Newcomers,Demographic,8.147676,8.1%,CSA,105.SW,2,2021
LIM-AT 18-64 years,Demographic,8.552631,8.6%,CSA,105.SW,2,2021
LIM-AT 65+ years,Demographic,9.009009,9.0%,CSA,105.SW,2,2021
No English Knowledge,Demographic,1.0356731,1.0%,CSA,106.SW,3,2021
Lone Parent,Demographic,11.403509,11.4%,CSA,106.SW,3,2021
Transit to work,Demographic,12.0,12.0%,CSA,106.SW,4,2021
Youth,Demographic,12.199124,12.2%,CSA,106.SW,2,2021
Seniors,Demographic,13.840262,13.8%,CSA,106.SW,2,2021
Children,Demographic,15.973742,16.0%,CSA,106.SW,3,2021
Visible Minority,Demographic,18.93815,18.9%,CSA,106.SW,4,2021
Newcomers,Demographic,3.2822757,3.3%,CSA,106.SW,4,2021
Indigenous,Demographic,3.3388069,3.3%,CSA,106.SW,2,2021
Median Income,Demographic,48594.5952,"$48,595",CSA,106.SW,2,2021
LIM-AT 18-64 years,Demographic,5.00821,5.0%,CSA,106.SW,4,2021
LIM-AT 65+ years,Demographic,5.905512,5.9%,CSA,106.SW,3,2021
Renter,Demographic,8.184524,8.2%,CSA,106.SW,4,2021
Drive to work,Demographic,80.3,80.3%,CSA,106.SW,1,2021
Live in single detached home,Demographic,86.74,86.7%,CSA,106.SW,1,2021
LIM-AT 0-17 years,Demographic,9.295774,9.3%,CSA,106.SW,3,2021
Moved in the last year,Demographic,9.92,9.9%,CSA,106.SW,4,2021
*Population,Demographic,9140.0,"9,140",CSA,106.SW,3,2021
No English Knowledge,Demographic,1.3345196,1.3%,CSA,107.SW,3,2021
Moved in the last year,Demographic,12.35,12.3%,CSA,107.SW,3,2021
Youth,Demographic,12.833274,12.8%,CSA,107.SW,2,2021
*Population,Demographic,14065.0,"14,065",CSA,107.SW,1,2021
Seniors,Demographic,15.32172,15.3%,CSA,107.SW,1,2021
Children,Demographic,15.35727,15.4%,CSA,107.SW,3,2021
Lone Parent,Demographic,16.037735,16.0%,CSA,107.SW,2,2021
Transit to work,Demographic,16.8,16.8%,CSA,107.SW,2,2021
LIM-AT 0-17 years,Demographic,17.208412,17.2%,CSA,107.SW,2,2021
Visible Minority,Demographic,20.64171,20.6%,CSA,107.SW,3,2021
Renter,Demographic,22.44344,22.4%,CSA,107.SW,2,2021
Indigenous,Demographic,3.6733239,3.7%,CSA,107.SW,1,2021
LIM-AT 65+ years,Demographic,4.1666665,4.2%,CSA,107.SW,4,2021
Median Income,Demographic,45178.1216,"$45,178",CSA,107.SW,2,2021
Newcomers,Demographic,5.064194,5.1%,CSA,107.SW,3,2021
Live in single detached home,Demographic,62.12,62.1%,CSA,107.SW,3,2021
LIM-AT 18-64 years,Demographic,7.842077,7.8%,CSA,107.SW,2,2021
Drive to work,Demographic,73.6,73.6%,CSA,107.SW,2,2021
No English Knowledge,Demographic,1.4545455,1.5%,CSA,108.SW,3,2021
Seniors,Demographic,11.560694,11.6%,CSA,108.SW,3,2021
Youth,Demographic,12.716763,12.7%,CSA,108.SW,2,2021
*Population,Demographic,13840.0,"13,840",CSA,108.SW,1,2021
Transit to work,Demographic,19.6,19.6%,CSA,108.SW,1,2021
Indigenous,Demographic,2.1691973,2.2%,CSA,108.SW,3,2021
Children,Demographic,20.736994,20.7%,CSA,108.SW,2,2021
LIM-AT 65+ years,Demographic,3.125,3.1%,CSA,108.SW,4,2021
Visible Minority,Demographic,39.44324,39.4%,CSA,108.SW,2,2021
LIM-AT 18-64 years,Demographic,4.2662115,4.3%,CSA,108.SW,4,2021
Median Income,Demographic,50967.2525,"$50,967",CSA,108.SW,2,2021
Newcomers,Demographic,6.3606796,6.4%,CSA,108.SW,2,2021
LIM-AT 0-17 years,Demographic,6.811594,6.8%,CSA,108.SW,4,2021
Renter,Demographic,7.079646,7.1%,CSA,108.SW,4,2021
Lone Parent,Demographic,7.352941,7.4%,CSA,108.SW,4,2021
Moved in the last year,Demographic,7.85,7.8%,CSA,108.SW,4,2021
Drive to work,Demographic,73.7,73.7%,CSA,108.SW,2,2021
Live in single detached home,Demographic,82.96,83.0%,CSA,108.SW,1,2021
LIM-AT 0-17 years,Demographic,10.349854,10.3%,CSA,109.SW,3,2021
Youth,Demographic,11.472603,11.5%,CSA,109.SW,3,2021
*Population,Demographic,11680.0,"11,680",CSA,109.SW,2,2021
Moved in the last year,Demographic,13.04,13.0%,CSA,109.SW,3,2021
Newcomers,Demographic,13.367609,13.4%,CSA,109.SW,1,2021
Lone Parent,Demographic,13.650307,13.7%,CSA,109.SW,2,2021
Renter,Demographic,18.024033,18.0%,CSA,109.SW,3,2021
Transit to work,Demographic,19.9,19.9%,CSA,109.SW,1,2021
No English Knowledge,Demographic,2.6255708,2.6%,CSA,109.SW,2,2021
Indigenous,Demographic,2.7420738,2.7%,CSA,109.SW,2,2021
Children,Demographic,25.47089,25.5%,CSA,109.SW,1,2021
Seniors,Demographic,4.837329,4.8%,CSA,109.SW,4,2021
Median Income,Demographic,45152.8253,"$45,153",CSA,109.SW,3,2021
Visible Minority,Demographic,48.500427,48.5%,CSA,109.SW,1,2021
LIM-AT 65+ years,Demographic,5.3097343,5.3%,CSA,109.SW,4,2021
LIM-AT 18-64 years,Demographic,6.3802085,6.4%,CSA,109.SW,3,2021
Live in single detached home,Demographic,68.18,68.2%,CSA,109.SW,2,2021
Drive to work,Demographic,70.3,70.3%,CSA,109.SW,3,2021
No English Knowledge,Demographic,1.4234875,1.4%,CSA,11.NW,3,2021
LIM-AT 0-17 years,Demographic,10.094637,10.1%,CSA,11.NW,3,2021
Lone Parent,Demographic,11.066399,11.1%,CSA,11.NW,3,2021
Youth,Demographic,13.661202,13.7%,CSA,11.NW,1,2021
Transit to work,Demographic,14.4,14.4%,CSA,11.NW,3,2021
Seniors,Demographic,14.996964,15.0%,CSA,11.NW,1,2021
Children,Demographic,15.421979,15.4%,CSA,11.NW,3,2021
Indigenous,Demographic,2.4924011,2.5%,CSA,11.NW,3,2021
LIM-AT 65+ years,Demographic,3.2388663,3.2%,CSA,11.NW,4,2021
Newcomers,Demographic,3.649635,3.6%,CSA,11.NW,4,2021
Visible Minority,Demographic,30.413626,30.4%,CSA,11.NW,3,2021
Median Income,Demographic,45039.9891,"$45,040",CSA,11.NW,3,2021
LIM-AT 18-64 years,Demographic,5.5555553,5.6%,CSA,11.NW,3,2021
Moved in the last year,Demographic,6.99,7.0%,CSA,11.NW,4,2021
Renter,Demographic,7.216495,7.2%,CSA,11.NW,4,2021
Drive to work,Demographic,76.0,76.0%,CSA,11.NW,2,2021
*Population,Demographic,8235.0,"8,235",CSA,11.NW,4,2021
Live in single detached home,Demographic,88.79,88.8%,CSA,11.NW,1,2021
No English Knowledge,Demographic,1.6241299,1.6%,CSA,110.SW,2,2021
Indigenous,Demographic,1.6802689,1.7%,CSA,110.SW,4,2021
*Population,Demographic,10530.0,"10,530",CSA,110.SW,3,2021
Youth,Demographic,12.1557455,12.2%,CSA,110.SW,2,2021
Newcomers,Demographic,13.627639,13.6%,CSA,110.SW,1,2021
Moved in the last year,Demographic,14.77,14.8%,CSA,110.SW,2,2021
Lone Parent,Demographic,15.625,15.6%,CSA,110.SW,2,2021
Renter,Demographic,18.019257,18.0%,CSA,110.SW,3,2021
Transit to work,Demographic,18.8,18.8%,CSA,110.SW,2,2021
Children,Demographic,21.462488,21.5%,CSA,110.SW,2,2021
Visible Minority,Demographic,43.09021,43.1%,CSA,110.SW,1,2021
Median Income,Demographic,43492.5214,"$43,493",CSA,110.SW,3,2021
LIM-AT 18-64 years,Demographic,6.486101,6.5%,CSA,110.SW,3,2021
LIM-AT 65+ years,Demographic,6.9444447,6.9%,CSA,110.SW,3,2021
Live in single detached home,Demographic,62.72,62.7%,CSA,110.SW,3,2021
Seniors,Demographic,7.977208,8.0%,CSA,110.SW,3,2021
Drive to work,Demographic,71.2,71.2%,CSA,110.SW,3,2021
LIM-AT 0-17 years,Demographic,9.906542,9.9%,CSA,110.SW,3,2021
No English Knowledge,Demographic,1.6090105,1.6%,CSA,111.SW,3,2021
*Population,Demographic,11610.0,"11,610",CSA,111.SW,2,2021
Lone Parent,Demographic,12.613982,12.6%,CSA,111.SW,3,2021
Seniors,Demographic,13.221361,13.2%,CSA,111.SW,2,2021
Youth,Demographic,14.125753,14.1%,CSA,111.SW,1,2021
Moved in the last year,Demographic,14.18,14.2%,CSA,111.SW,3,2021
Renter,Demographic,14.698795,14.7%,CSA,111.SW,3,2021
Children,Demographic,15.417744,15.4%,CSA,111.SW,3,2021
Indigenous,Demographic,2.297356,2.3%,CSA,111.SW,3,2021
Transit to work,Demographic,20.7,20.7%,CSA,111.SW,1,2021
Visible Minority,Demographic,30.515821,30.5%,CSA,111.SW,3,2021
Median Income,Demographic,43136.8088,"$43,137",CSA,111.SW,3,2021
LIM-AT 18-64 years,Demographic,5.4347825,5.4%,CSA,111.SW,3,2021
LIM-AT 65+ years,Demographic,6.10687,6.1%,CSA,111.SW,3,2021
Drive to work,Demographic,70.4,70.4%,CSA,111.SW,3,2021
Live in single detached home,Demographic,74.7,74.7%,CSA,111.SW,2,2021
Newcomers,Demographic,8.629662,8.6%,CSA,111.SW,2,2021
LIM-AT 0-17 years,Demographic,9.090909,9.1%,CSA,111.SW,3,2021
No English Knowledge,Demographic,1.9753087,2.0%,CSA,112.SW,2,2021
LIM-AT 0-17 years,Demographic,10.940499,10.9%,CSA,112.SW,3,2021
*Population,Demographic,10980.0,"10,980",CSA,112.SW,2,2021
Moved in the last year,Demographic,12.83,12.8%,CSA,112.SW,3,2021
Lone Parent,Demographic,13.672496,13.7%,CSA,112.SW,2,2021
Renter,Demographic,14.957265,15.0%,CSA,112.SW,3,2021
Youth,Demographic,15.027323,15.0%,CSA,112.SW,1,2021
Children,Demographic,19.080145,19.1%,CSA,112.SW,2,2021
Transit to work,Demographic,22.1,22.1%,CSA,112.SW,1,2021
Indigenous,Demographic,3.2809613,3.3%,CSA,112.SW,2,2021
Visible Minority,Demographic,37.91031,37.9%,CSA,112.SW,2,2021
Median Income,Demographic,42129.7723,"$42,130",CSA,112.SW,3,2021
LIM-AT 18-64 years,Demographic,5.7539682,5.8%,CSA,112.SW,3,2021
LIM-AT 65+ years,Demographic,6.1728396,6.2%,CSA,112.SW,3,2021
Drive to work,Demographic,68.6,68.6%,CSA,112.SW,3,2021
Seniors,Demographic,7.4225864,7.4%,CSA,112.SW,4,2021
Newcomers,Demographic,8.826247,8.8%,CSA,112.SW,2,2021
Live in single detached home,Demographic,93.91,93.9%,CSA,112.SW,1,2021
No English Knowledge,Demographic,1.8914474,1.9%,CSA,113.SW,2,2021
Lone Parent,Demographic,10.877863,10.9%,CSA,113.SW,3,2021
Youth,Demographic,11.01465,11.0%,CSA,113.SW,3,2021
Newcomers,Demographic,11.340206,11.3%,CSA,113.SW,1,2021
Moved in the last year,Demographic,15.26,15.3%,CSA,113.SW,2,2021
LIM-AT 65+ years,Demographic,15.671641,15.7%,CSA,113.SW,1,2021
Renter,Demographic,19.089575,19.1%,CSA,113.SW,3,2021
Indigenous,Demographic,2.062975,2.1%,CSA,113.SW,3,2021
Children,Demographic,20.727076,20.7%,CSA,113.SW,2,2021
Transit to work,Demographic,26.6,26.6%,CSA,113.SW,1,2021
Visible Minority,Demographic,42.7253,42.7%,CSA,113.SW,2,2021
Median Income,Demographic,45653.0,"$45,653",CSA,113.SW,2,2021
Live in single detached home,Demographic,55.51,55.5%,CSA,113.SW,3,2021
LIM-AT 18-64 years,Demographic,6.3091483,6.3%,CSA,113.SW,3,2021
Drive to work,Demographic,64.8,64.8%,CSA,113.SW,4,2021
Seniors,Demographic,7.2707543,7.3%,CSA,113.SW,4,2021
LIM-AT 0-17 years,Demographic,9.7505665,9.8%,CSA,113.SW,3,2021
*Population,Demographic,9215.0,"9,215",CSA,113.SW,3,2021
No English Knowledge,Demographic,1.3769363,1.4%,CSA,12.NW,3,2021
Lone Parent,Demographic,13.131313,13.1%,CSA,12.NW,3,2021
Youth,Demographic,14.4484415,14.4%,CSA,12.NW,1,2021
Seniors,Demographic,16.247002,16.2%,CSA,12.NW,1,2021
Children,Demographic,16.546762,16.5%,CSA,12.NW,3,2021
LIM-AT 0-17 years,Demographic,17.54386,17.5%,CSA,12.NW,2,2021
Transit to work,Demographic,17.9,17.9%,CSA,12.NW,2,2021
Renter,Demographic,18.074324,18.1%,CSA,12.NW,3,2021
Indigenous,Demographic,2.045728,2.0%,CSA,12.NW,3,2021
Visible Minority,Demographic,39.44678,39.4%,CSA,12.NW,2,2021
Median Income,Demographic,42260.3747,"$42,260",CSA,12.NW,3,2021
LIM-AT 65+ years,Demographic,5.535055,5.5%,CSA,12.NW,3,2021
Newcomers,Demographic,6.077016,6.1%,CSA,12.NW,2,2021
Drive to work,Demographic,72.7,72.7%,CSA,12.NW,3,2021
Live in single detached home,Demographic,76.82,76.8%,CSA,12.NW,2,2021
LIM-AT 18-64 years,Demographic,8.9184065,8.9%,CSA,12.NW,2,2021
*Population,Demographic,8340.0,"8,340",CSA,12.NW,4,2021
Moved in the last year,Demographic,9.61,9.6%,CSA,12.NW,4,2021
Indigenous,Demographic,0.7816092,0.8%,CSA,13.NW,4,2021
Renter,Demographic,10.570236,10.6%,CSA,13.NW,4,2021
*Population,Demographic,10935.0,"10,935",CSA,13.NW,2,2021
Youth,Demographic,14.449017,14.4%,CSA,13.NW,1,2021
Transit to work,Demographic,14.7,14.7%,CSA,13.NW,3,2021
Children,Demographic,14.906264,14.9%,CSA,13.NW,3,2021
Seniors,Demographic,16.78098,16.8%,CSA,13.NW,1,2021
No English Knowledge,Demographic,2.0100503,2.0%,CSA,13.NW,2,2021
LIM-AT 65+ years,Demographic,4.360465,4.4%,CSA,13.NW,4,2021
Median Income,Demographic,45127.0672,"$45,127",CSA,13.NW,3,2021
Visible Minority,Demographic,49.21875,49.2%,CSA,13.NW,1,2021
Newcomers,Demographic,5.3333335,5.3%,CSA,13.NW,3,2021
LIM-AT 18-64 years,Demographic,6.428571,6.4%,CSA,13.NW,3,2021
Drive to work,Demographic,75.7,75.7%,CSA,13.NW,2,2021
Lone Parent,Demographic,8.371385,8.4%,CSA,13.NW,4,2021
Moved in the last year,Demographic,8.97,9.0%,CSA,13.NW,4,2021
Live in single detached home,Demographic,84.23,84.2%,CSA,13.NW,1,2021
LIM-AT 0-17 years,Demographic,9.523809,9.5%,CSA,13.NW,3,2021
Indigenous,Demographic,0.5769231,0.6%,CSA,14.NW,4,2021
Children,Demographic,12.171685,12.2%,CSA,14.NW,4,2021
Transit to work,Demographic,13.1,13.1%,CSA,14.NW,3,2021
Seniors,Demographic,15.631006,15.6%,CSA,14.NW,1,2021
Youth,Demographic,17.232544,17.2%,CSA,14.NW,1,2021
Newcomers,Demographic,3.397436,3.4%,CSA,14.NW,4,2021
Renter,Demographic,3.6437247,3.6%,CSA,14.NW,4,2021
No English Knowledge,Demographic,4.0498443,4.0%,CSA,14.NW,1,2021
LIM-AT 65+ years,Demographic,4.0816326,4.1%,CSA,14.NW,4,2021
Median Income,Demographic,41748.0942,"$41,748",CSA,14.NW,3,2021
LIM-AT 18-64 years,Demographic,5.1575933,5.2%,CSA,14.NW,4,2021
LIM-AT 0-17 years,Demographic,5.970149,6.0%,CSA,14.NW,4,2021
Moved in the last year,Demographic,6.64,6.6%,CSA,14.NW,4,2021
Lone Parent,Demographic,7.7568135,7.8%,CSA,14.NW,4,2021
Visible Minority,Demographic,70.2114,70.2%,CSA,14.NW,1,2021
Drive to work,Demographic,76.1,76.1%,CSA,14.NW,2,2021
*Population,Demographic,7805.0,"7,805",CSA,14.NW,4,2021
Live in single detached home,Demographic,84.68,84.7%,CSA,14.NW,1,2021
LIM-AT 0-17 years,Demographic,10.0200405,10.0%,CSA,15.NW,3,2021
Renter,Demographic,10.300429,10.3%,CSA,15.NW,4,2021
*Population,Demographic,10425.0,"10,425",CSA,15.NW,3,2021
Transit to work,Demographic,13.1,13.1%,CSA,15.NW,3,2021
Lone Parent,Demographic,13.464696,13.5%,CSA,15.NW,2,2021
Youth,Demographic,14.196643,14.2%,CSA,15.NW,1,2021
Children,Demographic,19.13669,19.1%,CSA,15.NW,2,2021
No English Knowledge,Demographic,2.1668472,2.2%,CSA,15.NW,2,2021
Indigenous,Demographic,2.4297285,2.4%,CSA,15.NW,3,2021
Visible Minority,Demographic,31.06241,31.1%,CSA,15.NW,2,2021
LIM-AT 65+ years,Demographic,4.0935674,4.1%,CSA,15.NW,4,2021
Median Income,Demographic,45595.4518,"$45,595",CSA,15.NW,2,2021
Newcomers,Demographic,5.2405906,5.2%,CSA,15.NW,3,2021
LIM-AT 18-64 years,Demographic,5.5123677,5.5%,CSA,15.NW,3,2021
Drive to work,Demographic,79.4,79.4%,CSA,15.NW,1,2021
Seniors,Demographic,8.201439,8.2%,CSA,15.NW,3,2021
Moved in the last year,Demographic,9.2,9.2%,CSA,15.NW,4,2021
Live in single detached home,Demographic,90.84,90.8%,CSA,15.NW,1,2021
Moved in the last year,Demographic,10.86,10.9%,CSA,16.NW,4,2021
Seniors,Demographic,12.595712,12.6%,CSA,16.NW,2,2021
Youth,Demographic,12.97856,13.0%,CSA,16.NW,2,2021
*Population,Demographic,13060.0,"13,060",CSA,16.NW,1,2021
Children,Demographic,15.658499,15.7%,CSA,16.NW,3,2021
LIM-AT 0-17 years,Demographic,16.260162,16.3%,CSA,16.NW,2,2021
Lone Parent,Demographic,17.146597,17.1%,CSA,16.NW,1,2021
Transit to work,Demographic,18.0,18.0%,CSA,16.NW,2,2021
Renter,Demographic,20.927723,20.9%,CSA,16.NW,2,2021
Indigenous,Demographic,3.4722223,3.5%,CSA,16.NW,2,2021
Median Income,Demographic,37499.6168,"$37,500",CSA,16.NW,4,2021
Visible Minority,Demographic,42.923256,42.9%,CSA,16.NW,2,2021
Newcomers,Demographic,5.0540123,5.1%,CSA,16.NW,3,2021
LIM-AT 65+ years,Demographic,7.2948327,7.3%,CSA,16.NW,2,2021
LIM-AT 18-64 years,Demographic,7.8299775,7.8%,CSA,16.NW,2,2021
Live in single detached home,Demographic,72.79,72.8%,CSA,16.NW,2,2021
Drive to work,Demographic,72.9,72.9%,CSA,16.NW,3,2021
No English Knowledge,Demographic,8.776844,8.8%,CSA,16.NW,1,2021
LIM-AT 18-64 years,Demographic,10.536219,10.5%,CSA,17.NW,2,2021
Youth,Demographic,11.426806,11.4%,CSA,17.NW,3,2021
Seniors,Demographic,12.538604,12.5%,CSA,17.NW,2,2021
Moved in the last year,Demographic,15.63,15.6%,CSA,17.NW,2,2021
Transit to work,Demographic,17.6,17.6%,CSA,17.NW,2,2021
Children,Demographic,18.777023,18.8%,CSA,17.NW,2,2021
Lone Parent,Demographic,21.428572,21.4%,CSA,17.NW,1,2021
LIM-AT 0-17 years,Demographic,24.71591,24.7%,CSA,17.NW,1,2021
Indigenous,Demographic,3.2158318,3.2%,CSA,17.NW,2,2021
No English Knowledge,Demographic,3.3980582,3.4%,CSA,17.NW,1,2021
Visible Minority,Demographic,32.529377,32.5%,CSA,17.NW,2,2021
Renter,Demographic,34.102142,34.1%,CSA,17.NW,2,2021
Median Income,Demographic,37073.4484,"$37,073",CSA,17.NW,4,2021
Live in single detached home,Demographic,48.35,48.4%,CSA,17.NW,3,2021
Drive to work,Demographic,72.9,72.9%,CSA,17.NW,3,2021
Newcomers,Demographic,8.348794,8.3%,CSA,17.NW,2,2021
*Population,Demographic,8095.0,"8,095",CSA,17.NW,4,2021
LIM-AT 65+ years,Demographic,9.359606,9.4%,CSA,17.NW,2,2021
No English Knowledge,Demographic,1.1093502,1.1%,CSA,18.NW,3,2021
Youth,Demographic,10.999372,11.0%,CSA,18.NW,3,2021
Moved in the last year,Demographic,11.91,11.9%,CSA,18.NW,3,2021
Transit to work,Demographic,12.6,12.6%,CSA,18.NW,4,2021
LIM-AT 0-17 years,Demographic,13.427562,13.4%,CSA,18.NW,2,2021
Children,Demographic,14.896292,14.9%,CSA,18.NW,3,2021
Lone Parent,Demographic,15.5902,15.6%,CSA,18.NW,2,2021
Visible Minority,Demographic,18.387096,18.4%,CSA,18.NW,4,2021
Seniors,Demographic,18.730358,18.7%,CSA,18.NW,1,2021
Newcomers,Demographic,2.9658284,3.0%,CSA,18.NW,4,2021
Renter,Demographic,29.742033,29.7%,CSA,18.NW,2,2021
Indigenous,Demographic,3.3548386,3.4%,CSA,18.NW,2,2021
Median Income,Demographic,42198.4903,"$42,198",CSA,18.NW,3,2021
Live in single detached home,Demographic,65.41,65.4%,CSA,18.NW,2,2021
Drive to work,Demographic,77.1,77.1%,CSA,18.NW,2,2021
*Population,Demographic,7955.0,"7,955",CSA,18.NW,4,2021
LIM-AT 65+ years,Demographic,8.053691,8.1%,CSA,18.NW,2,2021
LIM-AT 18-64 years,Demographic,8.225966,8.2%,CSA,18.NW,2,2021
No English Knowledge,Demographic,1.6706444,1.7%,CSA,19.NW,2,2021
Newcomers,Demographic,10.683761,10.7%,CSA,19.NW,1,2021
Youth,Demographic,13.425647,13.4%,CSA,19.NW,1,2021
LIM-AT 18-64 years,Demographic,13.796385,13.8%,CSA,19.NW,1,2021
Children,Demographic,15.954245,16.0%,CSA,19.NW,3,2021
Lone Parent,Demographic,16.515837,16.5%,CSA,19.NW,2,2021
Seniors,Demographic,17.399157,17.4%,CSA,19.NW,1,2021
Moved in the last year,Demographic,17.66,17.7%,CSA,19.NW,2,2021
Indigenous,Demographic,2.0744357,2.1%,CSA,19.NW,3,2021
LIM-AT 0-17 years,Demographic,21.698112,21.7%,CSA,19.NW,1,2021
Transit to work,Demographic,25.5,25.5%,CSA,19.NW,1,2021
Visible Minority,Demographic,35.914635,35.9%,CSA,19.NW,2,2021
Median Income,Demographic,37149.05,"$37,149",CSA,19.NW,4,2021
Renter,Demographic,38.253014,38.3%,CSA,19.NW,2,2021
Live in single detached home,Demographic,49.77,49.8%,CSA,19.NW,3,2021
LIM-AT 65+ years,Demographic,6.6914496,6.7%,CSA,19.NW,3,2021
Drive to work,Demographic,61.8,61.8%,CSA,19.NW,4,2021
*Population,Demographic,8305.0,"8,305",CSA,19.NW,4,2021
No English Knowledge,Demographic,1.2893983,1.3%,CSA,2.NW,3,2021
Indigenous,Demographic,1.4447885,1.4%,CSA,2.NW,4,2021
Renter,Demographic,10.218978,10.2%,CSA,2.NW,4,2021
Newcomers,Demographic,10.629515,10.6%,CSA,2.NW,1,2021
Youth,Demographic,12.267028,12.3%,CSA,2.NW,2,2021
Transit to work,Demographic,12.5,12.5%,CSA,2.NW,4,2021
*Population,Demographic,14755.0,"14,755",CSA,2.NW,1,2021
Children,Demographic,23.280245,23.3%,CSA,2.NW,1,2021
Moved in the last year,Demographic,26.61,26.6%,CSA,2.NW,1,2021
Seniors,Demographic,3.72755,3.7%,CSA,2.NW,4,2021
LIM-AT 18-64 years,Demographic,5.760485,5.8%,CSA,2.NW,3,2021
Median Income,Demographic,50176.0,"$50,176",CSA,2.NW,2,2021
Visible Minority,Demographic,62.4355,62.4%,CSA,2.NW,1,2021
Live in single detached home,Demographic,69.42,69.4%,CSA,2.NW,2,2021
Drive to work,Demographic,77.9,77.9%,CSA,2.NW,1,2021
LIM-AT 0-17 years,Demographic,8.928572,8.9%,CSA,2.NW,3,2021
LIM-AT 65+ years,Demographic,9.174312,9.2%,CSA,2.NW,2,2021
Lone Parent,Demographic,9.179927,9.2%,CSA,2.NW,4,2021
No English Knowledge,Demographic,0.7556675,0.8%,CSA,20.NW,4,2021
Indigenous,Demographic,1.183844,1.2%,CSA,20.NW,4,2021
Youth,Demographic,13.168724,13.2%,CSA,20.NW,2,2021
Lone Parent,Demographic,13.300492,13.3%,CSA,20.NW,2,2021
Moved in the last year,Demographic,13.59,13.6%,CSA,20.NW,3,2021
Children,Demographic,14.403293,14.4%,CSA,20.NW,4,2021
Seniors,Demographic,17.832647,17.8%,CSA,20.NW,1,2021
Transit to work,Demographic,18.3,18.3%,CSA,20.NW,2,2021
Visible Minority,Demographic,18.302017,18.3%,CSA,20.NW,4,2021
Renter,Demographic,19.727892,19.7%,CSA,20.NW,3,2021
Newcomers,Demographic,3.8327527,3.8%,CSA,20.NW,4,2021
LIM-AT 65+ years,Demographic,4.6332045,4.6%,CSA,20.NW,4,2021
Median Income,Demographic,46715.406,"$46,715",CSA,20.NW,2,2021
Drive to work,Demographic,64.5,64.5%,CSA,20.NW,4,2021
LIM-AT 0-17 years,Demographic,7.1146245,7.1%,CSA,20.NW,4,2021
*Population,Demographic,7290.0,"7,290",CSA,20.NW,4,2021
LIM-AT 18-64 years,Demographic,8.050847,8.1%,CSA,20.NW,2,2021
Live in single detached home,Demographic,84.42,84.4%,CSA,20.NW,1,2021
No English Knowledge,Demographic,1.068999,1.1%,CSA,21.NW,3,2021
LIM-AT 0-17 years,Demographic,10.973084,11.0%,CSA,21.NW,3,2021
LIM-AT 18-64 years,Demographic,11.42712,11.4%,CSA,21.NW,1,2021
Youth,Demographic,11.568124,11.6%,CSA,21.NW,3,2021
LIM-AT 65+ years,Demographic,12.096774,12.1%,CSA,21.NW,1,2021
*Population,Demographic,13615.0,"13,615",CSA,21.NW,1,2021
Lone Parent,Demographic,14.446003,14.4%,CSA,21.NW,2,2021
Children,Demographic,15.681234,15.7%,CSA,21.NW,3,2021
Transit to work,Demographic,17.1,17.1%,CSA,21.NW,2,2021
Indigenous,Demographic,2.9061103,2.9%,CSA,21.NW,2,2021
Visible Minority,Demographic,20.305513,20.3%,CSA,21.NW,4,2021
Moved in the last year,Demographic,22.09,22.1%,CSA,21.NW,1,2021
Newcomers,Demographic,4.582712,4.6%,CSA,21.NW,3,2021
Live in single detached home,Demographic,41.57,41.6%,CSA,21.NW,4,2021
Median Income,Demographic,45796.7859,"$45,797",CSA,21.NW,2,2021
Renter,Demographic,46.205734,46.2%,CSA,21.NW,1,2021
Drive to work,Demographic,64.2,64.2%,CSA,21.NW,4,2021
Seniors,Demographic,9.548292,9.5%,CSA,21.NW,3,2021
No English Knowledge,Demographic,0.9708738,1.0%,CSA,22.NW,3,2021
Indigenous,Demographic,1.8387552,1.8%,CSA,22.NW,4,2021
Youth,Demographic,10.273327,10.3%,CSA,22.NW,4,2021
*Population,Demographic,10610.0,"10,610",CSA,22.NW,2,2021
Renter,Demographic,11.466666,11.5%,CSA,22.NW,4,2021
Moved in the last year,Demographic,12.09,12.1%,CSA,22.NW,3,2021
Lone Parent,Demographic,12.186978,12.2%,CSA,22.NW,3,2021
Transit to work,Demographic,18.8,18.8%,CSA,22.NW,2,2021
Children,Demographic,25.589067,25.6%,CSA,22.NW,1,2021
Visible Minority,Demographic,28.948608,28.9%,CSA,22.NW,3,2021
LIM-AT 18-64 years,Demographic,4.3768544,4.4%,CSA,22.NW,4,2021
LIM-AT 65+ years,Demographic,5.16129,5.2%,CSA,22.NW,4,2021
Newcomers,Demographic,5.513666,5.5%,CSA,22.NW,3,2021
Median Income,Demographic,56326.2625,"$56,326",CSA,22.NW,1,2021
LIM-AT 0-17 years,Demographic,6.935484,6.9%,CSA,22.NW,4,2021
Seniors,Demographic,7.30443,7.3%,CSA,22.NW,4,2021
Drive to work,Demographic,74.0,74.0%,CSA,22.NW,2,2021
Live in single detached home,Demographic,78.03,78.0%,CSA,22.NW,2,2021
No English Knowledge,Demographic,0.83945435,0.8%,CSA,23.NW,4,2021
Indigenous,Demographic,1.9926586,2.0%,CSA,23.NW,3,2021
Youth,Demographic,10.849056,10.8%,CSA,23.NW,3,2021
Transit to work,Demographic,14.3,14.3%,CSA,23.NW,3,2021
LIM-AT 65+ years,Demographic,2.542373,2.5%,CSA,23.NW,4,2021
Newcomers,Demographic,2.7792344,2.8%,CSA,23.NW,4,2021
Visible Minority,Demographic,23.07289,23.1%,CSA,23.NW,3,2021
LIM-AT 18-64 years,Demographic,3.2142856,3.2%,CSA,23.NW,4,2021
Renter,Demographic,3.6906855,3.7%,CSA,23.NW,4,2021
Children,Demographic,30.24109,30.2%,CSA,23.NW,1,2021
LIM-AT 0-17 years,Demographic,4.1791043,4.2%,CSA,23.NW,4,2021
Seniors,Demographic,6.1844864,6.2%,CSA,23.NW,4,2021
Moved in the last year,Demographic,6.92,6.9%,CSA,23.NW,4,2021
Median Income,Demographic,67474.1934,"$67,474",CSA,23.NW,1,2021
Drive to work,Demographic,77.4,77.4%,CSA,23.NW,1,2021
Lone Parent,Demographic,8.286252,8.3%,CSA,23.NW,4,2021
Live in single detached home,Demographic,92.43,92.4%,CSA,23.NW,1,2021
*Population,Demographic,9540.0,"9,540",CSA,23.NW,3,2021
No English Knowledge,Demographic,0.93085104,0.9%,CSA,24.NW,3,2021
Indigenous,Demographic,1.5024039,1.5%,CSA,24.NW,4,2021
Children,Demographic,13.915094,13.9%,CSA,24.NW,4,2021
Youth,Demographic,15.271227,15.3%,CSA,24.NW,1,2021
Seniors,Demographic,15.978773,16.0%,CSA,24.NW,1,2021
Transit to work,Demographic,17.5,17.5%,CSA,24.NW,2,2021
Newcomers,Demographic,2.5255563,2.5%,CSA,24.NW,4,2021
Visible Minority,Demographic,24.533976,24.5%,CSA,24.NW,3,2021
LIM-AT 65+ years,Demographic,4.048583,4.0%,CSA,24.NW,4,2021
Renter,Demographic,4.130809,4.1%,CSA,24.NW,4,2021
LIM-AT 18-64 years,Demographic,4.324324,4.3%,CSA,24.NW,4,2021
LIM-AT 0-17 years,Demographic,5.211726,5.2%,CSA,24.NW,4,2021
Median Income,Demographic,50302.9788,"$50,303",CSA,24.NW,2,2021
Moved in the last year,Demographic,6.1,6.1%,CSA,24.NW,4,2021
Drive to work,Demographic,73.2,73.2%,CSA,24.NW,3,2021
Lone Parent,Demographic,8.235294,8.2%,CSA,24.NW,4,2021
*Population,Demographic,8480.0,"8,480",CSA,24.NW,4,2021
Live in single detached home,Demographic,91.57,91.6%,CSA,24.NW,1,2021
No English Knowledge,Demographic,1.6971279,1.7%,CSA,25.NW,2,2021
LIM-AT 65+ years,Demographic,1.9736842,2.0%,CSA,25.NW,4,2021
Transit to work,Demographic,10.1,10.1%,CSA,25.NW,4,2021
Youth,Demographic,11.567945,11.6%,CSA,25.NW,3,2021
Seniors,Demographic,12.473867,12.5%,CSA,25.NW,2,2021
Indigenous,Demographic,2.2759602,2.3%,CSA,25.NW,3,2021
Children,Demographic,20.348433,20.3%,CSA,25.NW,2,2021
Visible Minority,Demographic,26.386913,26.4%,CSA,25.NW,3,2021
LIM-AT 18-64 years,Demographic,3.0939226,3.1%,CSA,25.NW,4,2021
Newcomers,Demographic,4.55516,4.6%,CSA,25.NW,3,2021
LIM-AT 0-17 years,Demographic,4.584527,4.6%,CSA,25.NW,4,2021
Renter,Demographic,4.6511626,4.7%,CSA,25.NW,4,2021
Median Income,Demographic,61030.0,"$61,030",CSA,25.NW,1,2021
Lone Parent,Demographic,7.4592075,7.5%,CSA,25.NW,4,2021
*Population,Demographic,7175.0,"7,175",CSA,25.NW,4,2021
Drive to work,Demographic,80.7,80.7%,CSA,25.NW,1,2021
Moved in the last year,Demographic,9.22,9.2%,CSA,25.NW,4,2021
Live in single detached home,Demographic,93.23,93.2%,CSA,25.NW,1,2021
No English Knowledge,Demographic,0.37313432,0.4%,CSA,26.NW,4,2021
Visible Minority,Demographic,10.2136755,10.2%,CSA,26.NW,4,2021
Youth,Demographic,10.818713,10.8%,CSA,26.NW,3,2021
*Population,Demographic,11970.0,"11,970",CSA,26.NW,2,2021
LIM-AT 65+ years,Demographic,12.46106,12.5%,CSA,26.NW,1,2021
LIM-AT 18-64 years,Demographic,13.146683,13.1%,CSA,26.NW,1,2021
Children,Demographic,13.241437,13.2%,CSA,26.NW,4,2021
Transit to work,Demographic,13.4,13.4%,CSA,26.NW,3,2021
Seniors,Demographic,14.661654,14.7%,CSA,26.NW,1,2021
Moved in the last year,Demographic,19.34,19.3%,CSA,26.NW,2,2021
Lone Parent,Demographic,21.74603,21.7%,CSA,26.NW,1,2021
LIM-AT 0-17 years,Demographic,22.872341,22.9%,CSA,26.NW,1,2021
Newcomers,Demographic,3.2905984,3.3%,CSA,26.NW,4,2021
Median Income,Demographic,36845.0526,"$36,845",CSA,26.NW,4,2021
Live in single detached home,Demographic,38.22,38.2%,CSA,26.NW,4,2021
Renter,Demographic,45.09982,45.1%,CSA,26.NW,1,2021
Indigenous,Demographic,6.9658117,7.0%,CSA,26.NW,1,2021
Drive to work,Demographic,74.1,74.1%,CSA,26.NW,2,2021
No English Knowledge,Demographic,0.45180723,0.5%,CSA,27.NW,4,2021
Indigenous,Demographic,1.8992933,1.9%,CSA,27.NW,4,2021
Lone Parent,Demographic,11.722142,11.7%,CSA,27.NW,3,2021
Youth,Demographic,11.89118,11.9%,CSA,27.NW,2,2021
*Population,Demographic,11395.0,"11,395",CSA,27.NW,2,2021
Transit to work,Demographic,12.8,12.8%,CSA,27.NW,4,2021
Visible Minority,Demographic,13.736749,13.7%,CSA,27.NW,4,2021
Renter,Demographic,15.3503895,15.4%,CSA,27.NW,3,2021
Children,Demographic,15.489249,15.5%,CSA,27.NW,3,2021
Seniors,Demographic,20.359806,20.4%,CSA,27.NW,1,2021
Newcomers,Demographic,3.3583739,3.4%,CSA,27.NW,4,2021
Median Income,Demographic,49449.7815,"$49,450",CSA,27.NW,2,2021
LIM-AT 65+ years,Demographic,5.172414,5.2%,CSA,27.NW,4,2021
LIM-AT 18-64 years,Demographic,5.9291396,5.9%,CSA,27.NW,3,2021
LIM-AT 0-17 years,Demographic,7.6744184,7.7%,CSA,27.NW,3,2021
Live in single detached home,Demographic,71.52,71.5%,CSA,27.NW,2,2021
Drive to work,Demographic,75.6,75.6%,CSA,27.NW,2,2021
Moved in the last year,Demographic,9.99,10.0%,CSA,27.NW,4,2021
No English Knowledge,Demographic,1.5189873,1.5%,CSA,28.NW,3,2021
Youth,Demographic,10.668563,10.7%,CSA,28.NW,4,2021
*Population,Demographic,10545.0,"10,545",CSA,28.NW,3,2021
Children,Demographic,11.522048,11.5%,CSA,28.NW,4,2021
Lone Parent,Demographic,14.862386,14.9%,CSA,28.NW,2,2021
Transit to work,Demographic,15.4,15.4%,CSA,28.NW,3,2021
LIM-AT 0-17 years,Demographic,18.86121,18.9%,CSA,28.NW,2,2021
Moved in the last year,Demographic,19.33,19.3%,CSA,28.NW,2,2021
Visible Minority,Demographic,20.532515,20.5%,CSA,28.NW,3,2021
Seniors,Demographic,22.617353,22.6%,CSA,28.NW,1,2021
Indigenous,Demographic,3.7871034,3.8%,CSA,28.NW,1,2021
Renter,Demographic,32.63506,32.6%,CSA,28.NW,2,2021
Live in single detached home,Demographic,39.91,39.9%,CSA,28.NW,4,2021
Newcomers,Demographic,4.3522787,4.4%,CSA,28.NW,4,2021
Median Income,Demographic,45340.2598,"$45,340",CSA,28.NW,2,2021
LIM-AT 65+ years,Demographic,6.5902576,6.6%,CSA,28.NW,3,2021
Drive to work,Demographic,67.7,67.7%,CSA,28.NW,4,2021
LIM-AT 18-64 years,Demographic,9.619687,9.6%,CSA,28.NW,2,2021
Indigenous,Demographic,1.3714286,1.4%,CSA,29.NW,4,2021
No English Knowledge,Demographic,1.8769552,1.9%,CSA,29.NW,2,2021
Children,Demographic,11.9584055,12.0%,CSA,29.NW,4,2021
Lone Parent,Demographic,14.823529,14.8%,CSA,29.NW,2,2021
Seniors,Demographic,15.36684,15.4%,CSA,29.NW,1,2021
LIM-AT 0-17 years,Demographic,16.734694,16.7%,CSA,29.NW,2,2021
LIM-AT 18-64 years,Demographic,16.748768,16.7%,CSA,29.NW,1,2021
Youth,Demographic,17.966494,18.0%,CSA,29.NW,1,2021
Transit to work,Demographic,23.1,23.1%,CSA,29.NW,1,2021
Moved in the last year,Demographic,27.99,28.0%,CSA,29.NW,1,2021
Live in single detached home,Demographic,35.46,35.5%,CSA,29.NW,4,2021
Visible Minority,Demographic,36.228573,36.2%,CSA,29.NW,2,2021
Median Income,Demographic,36711.1924,"$36,711",CSA,29.NW,4,2021
Renter,Demographic,52.869354,52.9%,CSA,29.NW,1,2021
Drive to work,Demographic,57.2,57.2%,CSA,29.NW,4,2021
LIM-AT 65+ years,Demographic,6.4150944,6.4%,CSA,29.NW,3,2021
Newcomers,Demographic,8.966305,9.0%,CSA,29.NW,1,2021
*Population,Demographic,8655.0,"8,655",CSA,29.NW,4,2021
Indigenous,Demographic,1.8754988,1.9%,CSA,3.NW,4,2021
Transit to work,Demographic,10.1,10.1%,CSA,3.NW,4,2021
Lone Parent,Demographic,10.555555,10.6%,CSA,3.NW,3,2021
Youth,Demographic,12.750885,12.8%,CSA,3.NW,2,2021
*Population,Demographic,12705.0,"12,705",CSA,3.NW,1,2021
No English Knowledge,Demographic,2.8659954,2.9%,CSA,3.NW,1,2021
Children,Demographic,22.983078,23.0%,CSA,3.NW,1,2021
LIM-AT 18-64 years,Demographic,4.3374925,4.3%,CSA,3.NW,4,2021
Visible Minority,Demographic,47.964886,48.0%,CSA,3.NW,1,2021
Median Income,Demographic,49626.3259,"$49,626",CSA,3.NW,2,2021
Newcomers,Demographic,5.4269753,5.4%,CSA,3.NW,3,2021
LIM-AT 65+ years,Demographic,6.1728396,6.2%,CSA,3.NW,3,2021
Seniors,Demographic,6.4147973,6.4%,CSA,3.NW,4,2021
LIM-AT 0-17 years,Demographic,6.76259,6.8%,CSA,3.NW,4,2021
Renter,Demographic,8.921933,8.9%,CSA,3.NW,4,2021
Drive to work,Demographic,81.1,81.1%,CSA,3.NW,1,2021
Live in single detached home,Demographic,82.01,82.0%,CSA,3.NW,1,2021
Moved in the last year,Demographic,9.33,9.3%,CSA,3.NW,4,2021
Indigenous,Demographic,1.2108262,1.2%,CSA,30.NW,4,2021
No English Knowledge,Demographic,1.6666666,1.7%,CSA,30.NW,2,2021
Lone Parent,Demographic,12.094396,12.1%,CSA,30.NW,3,2021
Children,Demographic,12.762022,12.8%,CSA,30.NW,4,2021
LIM-AT 18-64 years,Demographic,18.199234,18.2%,CSA,30.NW,1,2021
Transit to work,Demographic,22.4,22.4%,CSA,30.NW,1,2021
Youth,Demographic,24.475956,24.5%,CSA,30.NW,1,2021
LIM-AT 0-17 years,Demographic,24.553572,24.6%,CSA,30.NW,1,2021
Moved in the last year,Demographic,28.43,28.4%,CSA,30.NW,1,2021
Live in single detached home,Demographic,32.56,32.6%,CSA,30.NW,4,2021
Median Income,Demographic,34429.4488,"$34,429",CSA,30.NW,4,2021
Visible Minority,Demographic,38.88889,38.9%,CSA,30.NW,2,2021
Drive to work,Demographic,48.3,48.3%,CSA,30.NW,4,2021
LIM-AT 65+ years,Demographic,6.338028,6.3%,CSA,30.NW,3,2021
Renter,Demographic,65.391014,65.4%,CSA,30.NW,1,2021
*Population,Demographic,8110.0,"8,110",CSA,30.NW,4,2021
Seniors,Demographic,9.001233,9.0%,CSA,30.NW,3,2021
Newcomers,Demographic,9.181495,9.2%,CSA,30.NW,1,2021
No English Knowledge,Demographic,0.610998,0.6%,CSA,31.NW,4,2021
Youth,Demographic,10.689514,10.7%,CSA,31.NW,4,2021
LIM-AT 65+ years,Demographic,11.24498,11.2%,CSA,31.NW,1,2021
Seniors,Demographic,12.158302,12.2%,CSA,31.NW,2,2021
*Population,Demographic,12255.0,"12,255",CSA,31.NW,2,2021
Transit to work,Demographic,13.8,13.8%,CSA,31.NW,3,2021
Children,Demographic,15.299877,15.3%,CSA,31.NW,3,2021
Moved in the last year,Demographic,17.71,17.7%,CSA,31.NW,2,2021
Visible Minority,Demographic,19.188034,19.2%,CSA,31.NW,4,2021
Indigenous,Demographic,2.2630231,2.3%,CSA,31.NW,3,2021
Newcomers,Demographic,3.1610422,3.2%,CSA,31.NW,4,2021
Renter,Demographic,37.5,37.5%,CSA,31.NW,2,2021
Live in single detached home,Demographic,46.31,46.3%,CSA,31.NW,3,2021
LIM-AT 0-17 years,Demographic,5.361305,5.4%,CSA,31.NW,4,2021
Median Income,Demographic,55731.9825,"$55,732",CSA,31.NW,1,2021
Drive to work,Demographic,58.1,58.1%,CSA,31.NW,4,2021
LIM-AT 18-64 years,Demographic,7.043073,7.0%,CSA,31.NW,3,2021
Lone Parent,Demographic,9.968847,10.0%,CSA,31.NW,4,2021
No English Knowledge,Demographic,0.6179197,0.6%,CSA,32.NW,4,2021
LIM-AT 18-64 years,Demographic,10.164835,10.2%,CSA,32.NW,2,2021
Youth,Demographic,10.849421,10.8%,CSA,32.NW,3,2021
Children,Demographic,12.471043,12.5%,CSA,32.NW,4,2021
LIM-AT 0-17 years,Demographic,12.921349,12.9%,CSA,32.NW,2,2021
*Population,Demographic,12950.0,"12,950",CSA,32.NW,1,2021
Lone Parent,Demographic,13.12,13.1%,CSA,32.NW,3,2021
Seniors,Demographic,13.745173,13.7%,CSA,32.NW,2,2021
Visible Minority,Demographic,16.741896,16.7%,CSA,32.NW,4,2021
Transit to work,Demographic,17.0,17.0%,CSA,32.NW,2,2021
Indigenous,Demographic,2.4620435,2.5%,CSA,32.NW,3,2021
Moved in the last year,Demographic,20.89,20.9%,CSA,32.NW,1,2021
Newcomers,Demographic,3.4058268,3.4%,CSA,32.NW,4,2021
Live in single detached home,Demographic,35.11,35.1%,CSA,32.NW,4,2021
Drive to work,Demographic,48.0,48.0%,CSA,32.NW,4,2021
Renter,Demographic,49.836334,49.8%,CSA,32.NW,1,2021
Median Income,Demographic,52195.5305,"$52,196",CSA,32.NW,1,2021
LIM-AT 65+ years,Demographic,9.923664,9.9%,CSA,32.NW,2,2021
Youth,Demographic,11.1880665,11.2%,CSA,33.NE,3,2021
Transit to work,Demographic,11.7,11.7%,CSA,33.NE,4,2021
Moved in the last year,Demographic,12.14,12.1%,CSA,33.NE,3,2021
Lone Parent,Demographic,13.786407,13.8%,CSA,33.NE,2,2021
Renter,Demographic,14.334471,14.3%,CSA,33.NE,3,2021
Indigenous,Demographic,2.6666667,2.7%,CSA,33.NE,3,2021
No English Knowledge,Demographic,2.860412,2.9%,CSA,33.NE,2,2021
Children,Demographic,26.744806,26.7%,CSA,33.NE,1,2021
Seniors,Demographic,3.889185,3.9%,CSA,33.NE,4,2021
Median Income,Demographic,46281.3063,"$46,281",CSA,33.NE,2,2021
Visible Minority,Demographic,48.373333,48.4%,CSA,33.NE,1,2021
LIM-AT 18-64 years,Demographic,5.211726,5.2%,CSA,33.NE,4,2021
LIM-AT 65+ years,Demographic,5.5555553,5.6%,CSA,33.NE,3,2021
Newcomers,Demographic,8.164354,8.2%,CSA,33.NE,2,2021
LIM-AT 0-17 years,Demographic,8.536586,8.5%,CSA,33.NE,3,2021
Drive to work,Demographic,81.1,81.1%,CSA,33.NE,1,2021
Live in single detached home,Demographic,89.06,89.1%,CSA,33.NE,1,2021
*Population,Demographic,9385.0,"9,385",CSA,33.NE,3,2021
No English Knowledge,Demographic,1.3574661,1.4%,CSA,34.NE,3,2021
LIM-AT 18-64 years,Demographic,11.91067,11.9%,CSA,34.NE,1,2021
LIM-AT 65+ years,Demographic,12.547528,12.5%,CSA,34.NE,1,2021
Transit to work,Demographic,14.5,14.5%,CSA,34.NE,3,2021
Seniors,Demographic,14.585576,14.6%,CSA,34.NE,2,2021
Children,Demographic,16.469322,16.5%,CSA,34.NE,3,2021
Moved in the last year,Demographic,17.42,17.4%,CSA,34.NE,2,2021
Lone Parent,Demographic,21.61017,21.6%,CSA,34.NE,1,2021
LIM-AT 0-17 years,Demographic,24.571428,24.6%,CSA,34.NE,1,2021
Visible Minority,Demographic,27.74407,27.7%,CSA,34.NE,3,2021
Median Income,Demographic,38164.2314,"$38,164",CSA,34.NE,3,2021
Newcomers,Demographic,4.964148,5.0%,CSA,34.NE,3,2021
Live in single detached home,Demographic,41.29,41.3%,CSA,34.NE,4,2021
Renter,Demographic,44.28934,44.3%,CSA,34.NE,1,2021
Indigenous,Demographic,5.1296196,5.1%,CSA,34.NE,1,2021
Drive to work,Demographic,72.3,72.3%,CSA,34.NE,3,2021
Youth,Demographic,9.956943,10.0%,CSA,34.NE,4,2021
*Population,Demographic,9290.0,"9,290",CSA,34.NE,3,2021
LIM-AT 0-17 years,Demographic,10.982659,11.0%,CSA,35.NE,3,2021
*Population,Demographic,10815.0,"10,815",CSA,35.NE,2,2021
Seniors,Demographic,11.188165,11.2%,CSA,35.NE,3,2021
Youth,Demographic,11.7429495,11.7%,CSA,35.NE,3,2021
Transit to work,Demographic,13.6,13.6%,CSA,35.NE,3,2021
Moved in the last year,Demographic,14.32,14.3%,CSA,35.NE,3,2021
Lone Parent,Demographic,15.834767,15.8%,CSA,35.NE,2,2021
Renter,Demographic,16.538462,16.5%,CSA,35.NE,3,2021
Children,Demographic,20.249653,20.2%,CSA,35.NE,2,2021
Indigenous,Demographic,3.1738513,3.2%,CSA,35.NE,2,2021
No English Knowledge,Demographic,3.3769064,3.4%,CSA,35.NE,1,2021
Visible Minority,Demographic,41.335228,41.3%,CSA,35.NE,2,2021
Median Income,Demographic,43213.1429,"$43,213",CSA,35.NE,3,2021
LIM-AT 18-64 years,Demographic,6.6476054,6.6%,CSA,35.NE,3,2021
Live in single detached home,Demographic,62.87,62.9%,CSA,35.NE,2,2021
Drive to work,Demographic,77.6,77.6%,CSA,35.NE,1,2021
Newcomers,Demographic,8.242539,8.2%,CSA,35.NE,2,2021
LIM-AT 65+ years,Demographic,8.8082905,8.8%,CSA,35.NE,2,2021
Seniors,Demographic,10.126032,10.1%,CSA,36.NE,3,2021
Moved in the last year,Demographic,10.68,10.7%,CSA,36.NE,4,2021
*Population,Demographic,11505.0,"11,505",CSA,36.NE,2,2021
Renter,Demographic,12.830189,12.8%,CSA,36.NE,3,2021
Transit to work,Demographic,13.3,13.3%,CSA,36.NE,3,2021
Lone Parent,Demographic,14.946071,14.9%,CSA,36.NE,2,2021
Youth,Demographic,15.036941,15.0%,CSA,36.NE,1,2021
Children,Demographic,17.253368,17.3%,CSA,36.NE,2,2021
Indigenous,Demographic,2.9955947,3.0%,CSA,36.NE,2,2021
No English Knowledge,Demographic,4.178674,4.2%,CSA,36.NE,1,2021
Visible Minority,Demographic,40.105774,40.1%,CSA,36.NE,2,2021
Median Income,Demographic,42420.7614,"$42,421",CSA,36.NE,3,2021
LIM-AT 18-64 years,Demographic,6.1381073,6.1%,CSA,36.NE,3,2021
Newcomers,Demographic,6.478625,6.5%,CSA,36.NE,2,2021
LIM-AT 65+ years,Demographic,7.142857,7.1%,CSA,36.NE,2,2021
Drive to work,Demographic,75.4,75.4%,CSA,36.NE,2,2021
Live in single detached home,Demographic,77.04,77.0%,CSA,36.NE,2,2021
LIM-AT 0-17 years,Demographic,9.760956,9.8%,CSA,36.NE,3,2021
*Population,Demographic,10495.0,"10,495",CSA,37.NE,3,2021
LIM-AT 18-64 years,Demographic,11.168639,11.2%,CSA,37.NE,1,2021
Youth,Demographic,11.5769415,11.6%,CSA,37.NE,3,2021
Moved in the last year,Demographic,15.0,15.0%,CSA,37.NE,2,2021
Seniors,Demographic,15.721772,15.7%,CSA,37.NE,1,2021
Children,Demographic,16.388756,16.4%,CSA,37.NE,3,2021
Transit to work,Demographic,16.4,16.4%,CSA,37.NE,2,2021
LIM-AT 0-17 years,Demographic,22.891565,22.9%,CSA,37.NE,1,2021
Lone Parent,Demographic,24.061434,24.1%,CSA,37.NE,1,2021
Visible Minority,Demographic,31.291866,31.3%,CSA,37.NE,2,2021
Median Income,Demographic,36402.0777,"$36,402",CSA,37.NE,4,2021
Renter,Demographic,37.454544,37.5%,CSA,37.NE,2,2021
No English Knowledge,Demographic,4.9069376,4.9%,CSA,37.NE,1,2021
Newcomers,Demographic,5.0215206,5.0%,CSA,37.NE,3,2021
Indigenous,Demographic,5.3110046,5.3%,CSA,37.NE,1,2021
Live in single detached home,Demographic,56.76,56.8%,CSA,37.NE,3,2021
LIM-AT 65+ years,Demographic,7.1895423,7.2%,CSA,37.NE,2,2021
Drive to work,Demographic,73.5,73.5%,CSA,37.NE,3,2021
Youth,Demographic,10.697675,10.7%,CSA,38.NE,3,2021
Seniors,Demographic,11.989664,12.0%,CSA,38.NE,2,2021
LIM-AT 18-64 years,Demographic,12.903226,12.9%,CSA,38.NE,1,2021
LIM-AT 65+ years,Demographic,12.931034,12.9%,CSA,38.NE,1,2021
Children,Demographic,14.832042,14.8%,CSA,38.NE,3,2021
Transit to work,Demographic,19.3,19.3%,CSA,38.NE,1,2021
Moved in the last year,Demographic,21.5,21.5%,CSA,38.NE,1,2021
LIM-AT 0-17 years,Demographic,23.952095,24.0%,CSA,38.NE,1,2021
Lone Parent,Demographic,24.048096,24.0%,CSA,38.NE,1,2021
Live in single detached home,Demographic,31.11,31.1%,CSA,38.NE,4,2021
Visible Minority,Demographic,35.112938,35.1%,CSA,38.NE,2,2021
Median Income,Demographic,36514.4207,"$36,514",CSA,38.NE,4,2021
Indigenous,Demographic,4.7227926,4.7%,CSA,38.NE,1,2021
Renter,Demographic,50.172215,50.2%,CSA,38.NE,1,2021
No English Knowledge,Demographic,6.4338236,6.4%,CSA,38.NE,1,2021
Drive to work,Demographic,69.3,69.3%,CSA,38.NE,3,2021
Newcomers,Demographic,8.15803,8.2%,CSA,38.NE,2,2021
*Population,Demographic,9675.0,"9,675",CSA,38.NE,3,2021
LIM-AT 18-64 years,Demographic,10.164333,10.2%,CSA,39.NE,2,2021
Seniors,Demographic,10.699955,10.7%,CSA,39.NE,3,2021
*Population,Demographic,11215.0,"11,215",CSA,39.NE,2,2021
Children,Demographic,13.285778,13.3%,CSA,39.NE,4,2021
LIM-AT 0-17 years,Demographic,15.406977,15.4%,CSA,39.NE,2,2021
Lone Parent,Demographic,16.344463,16.3%,CSA,39.NE,2,2021
LIM-AT 65+ years,Demographic,18.779343,18.8%,CSA,39.NE,1,2021
Moved in the last year,Demographic,20.29,20.3%,CSA,39.NE,1,2021
Transit to work,Demographic,20.6,20.6%,CSA,39.NE,1,2021
Visible Minority,Demographic,26.957695,27.0%,CSA,39.NE,3,2021
No English Knowledge,Demographic,3.1531532,3.2%,CSA,39.NE,1,2021
Live in single detached home,Demographic,30.84,30.8%,CSA,39.NE,4,2021
Indigenous,Demographic,4.0954094,4.1%,CSA,39.NE,1,2021
Median Income,Demographic,44145.6286,"$44,146",CSA,39.NE,3,2021
Renter,Demographic,47.8551,47.9%,CSA,39.NE,1,2021
Newcomers,Demographic,5.940594,5.9%,CSA,39.NE,3,2021
Drive to work,Demographic,64.0,64.0%,CSA,39.NE,4,2021
Youth,Demographic,9.719126,9.7%,CSA,39.NE,4,2021
Lone Parent,Demographic,10.049628,10.0%,CSA,4.NW,4,2021
*Population,Demographic,14600.0,"14,600",CSA,4.NW,1,2021
Moved in the last year,Demographic,16.45,16.4%,CSA,4.NW,2,2021
Indigenous,Demographic,2.0091646,2.0%,CSA,4.NW,3,2021
No English Knowledge,Demographic,2.7586207,2.8%,CSA,4.NW,2,2021
Children,Demographic,26.643835,26.6%,CSA,4.NW,1,2021
LIM-AT 18-64 years,Demographic,4.9232397,4.9%,CSA,4.NW,4,2021
Seniors,Demographic,5.787671,5.8%,CSA,4.NW,4,2021
Median Income,Demographic,53879.0,"$53,879",CSA,4.NW,1,2021
Visible Minority,Demographic,54.282692,54.3%,CSA,4.NW,1,2021
LIM-AT 65+ years,Demographic,6.451613,6.5%,CSA,4.NW,3,2021
LIM-AT 0-17 years,Demographic,6.9005847,6.9%,CSA,4.NW,4,2021
Renter,Demographic,7.166483,7.2%,CSA,4.NW,4,2021
Live in single detached home,Demographic,79.93,79.9%,CSA,4.NW,1,2021
Newcomers,Demographic,8.318646,8.3%,CSA,4.NW,2,2021
Youth,Demographic,8.561644,8.6%,CSA,4.NW,4,2021
Drive to work,Demographic,82.1,82.1%,CSA,4.NW,1,2021
Transit to work,Demographic,9.3,9.3%,CSA,4.NW,4,2021
No English Knowledge,Demographic,1.8469657,1.8%,CSA,40.NE,2,2021
Children,Demographic,11.394044,11.4%,CSA,40.NE,4,2021
*Population,Demographic,11585.0,"11,585",CSA,40.NE,2,2021
LIM-AT 65+ years,Demographic,12.435233,12.4%,CSA,40.NE,1,2021
LIM-AT 0-17 years,Demographic,12.794613,12.8%,CSA,40.NE,2,2021
Lone Parent,Demographic,13.840831,13.8%,CSA,40.NE,2,2021
Transit to work,Demographic,14.0,14.0%,CSA,40.NE,3,2021
Visible Minority,Demographic,21.400438,21.4%,CSA,40.NE,3,2021
Moved in the last year,Demographic,22.46,22.5%,CSA,40.NE,1,2021
Live in single detached home,Demographic,26.33,26.3%,CSA,40.NE,4,2021
Indigenous,Demographic,3.501094,3.5%,CSA,40.NE,1,2021
Newcomers,Demographic,4.332604,4.3%,CSA,40.NE,4,2021
Renter,Demographic,50.71011,50.7%,CSA,40.NE,1,2021
Median Income,Demographic,51638.2628,"$51,638",CSA,40.NE,1,2021
Drive to work,Demographic,58.8,58.8%,CSA,40.NE,4,2021
Youth,Demographic,8.11394,8.1%,CSA,40.NE,4,2021
LIM-AT 18-64 years,Demographic,9.040178,9.0%,CSA,40.NE,2,2021
Seniors,Demographic,9.581355,9.6%,CSA,40.NE,3,2021
No English Knowledge,Demographic,0.79726654,0.8%,CSA,41.NE,4,2021
Children,Demographic,10.931174,10.9%,CSA,41.NE,4,2021
LIM-AT 18-64 years,Demographic,14.529915,14.5%,CSA,41.NE,1,2021
Lone Parent,Demographic,16.602316,16.6%,CSA,41.NE,2,2021
Transit to work,Demographic,17.0,17.0%,CSA,41.NE,2,2021
Live in single detached home,Demographic,17.83,17.8%,CSA,41.NE,4,2021
Seniors,Demographic,21.214575,21.2%,CSA,41.NE,1,2021
Visible Minority,Demographic,24.862385,24.9%,CSA,41.NE,3,2021
Moved in the last year,Demographic,25.14,25.1%,CSA,41.NE,1,2021
LIM-AT 65+ years,Demographic,25.757576,25.8%,CSA,41.NE,1,2021
LIM-AT 0-17 years,Demographic,30.555555,30.6%,CSA,41.NE,1,2021
Indigenous,Demographic,4.1284404,4.1%,CSA,41.NE,1,2021
Median Income,Demographic,44160.0,"$44,160",CSA,41.NE,3,2021
Newcomers,Demographic,5.688073,5.7%,CSA,41.NE,3,2021
Drive to work,Demographic,54.3,54.3%,CSA,41.NE,4,2021
Renter,Demographic,56.612904,56.6%,CSA,41.NE,1,2021
Youth,Demographic,6.5587044,6.6%,CSA,41.NE,4,2021
*Population,Demographic,6175.0,"6,175",CSA,41.NE,4,2021
Indigenous,Demographic,1.3229735,1.3%,CSA,42.NE,4,2021
No English Knowledge,Demographic,1.7094017,1.7%,CSA,42.NE,2,2021
Lone Parent,Demographic,10.510046,10.5%,CSA,42.NE,3,2021
Youth,Demographic,11.407563,11.4%,CSA,42.NE,3,2021
LIM-AT 0-17 years,Demographic,12.354651,12.4%,CSA,42.NE,3,2021
Renter,Demographic,15.326252,15.3%,CSA,42.NE,3,2021
Newcomers,Demographic,16.946661,16.9%,CSA,42.NE,1,2021
Transit to work,Demographic,17.7,17.7%,CSA,42.NE,2,2021
Moved in the last year,Demographic,23.96,24.0%,CSA,42.NE,1,2021
*Population,Demographic,23800.0,"23,800",CSA,42.NE,1,2021
Children,Demographic,25.588236,25.6%,CSA,42.NE,1,2021
Median Income,Demographic,35195.0,"$35,195",CSA,42.NE,4,2021
Seniors,Demographic,5.1680675,5.2%,CSA,42.NE,4,2021
Live in single detached home,Demographic,53.58,53.6%,CSA,42.NE,3,2021
LIM-AT 18-64 years,Demographic,7.142857,7.1%,CSA,42.NE,3,2021
Drive to work,Demographic,74.3,74.3%,CSA,42.NE,2,2021
Visible Minority,Demographic,84.81731,84.8%,CSA,42.NE,1,2021
LIM-AT 65+ years,Demographic,9.090909,9.1%,CSA,42.NE,2,2021
Indigenous,Demographic,0.65127295,0.7%,CSA,43.NE,4,2021
Lone Parent,Demographic,10.643016,10.6%,CSA,43.NE,3,2021
Youth,Demographic,13.203078,13.2%,CSA,43.NE,2,2021
LIM-AT 0-17 years,Demographic,13.4808855,13.5%,CSA,43.NE,2,2021
Moved in the last year,Demographic,13.88,13.9%,CSA,43.NE,3,2021
Newcomers,Demographic,16.528437,16.5%,CSA,43.NE,1,2021
Transit to work,Demographic,17.6,17.6%,CSA,43.NE,2,2021
Renter,Demographic,18.918919,18.9%,CSA,43.NE,3,2021
Children,Demographic,24.689165,24.7%,CSA,43.NE,1,2021
Median Income,Demographic,30479.0,"$30,479",CSA,43.NE,4,2021
LIM-AT 65+ years,Demographic,6.19469,6.2%,CSA,43.NE,3,2021
Seniors,Demographic,6.690349,6.7%,CSA,43.NE,4,2021
LIM-AT 18-64 years,Demographic,7.5139146,7.5%,CSA,43.NE,3,2021
No English Knowledge,Demographic,7.7159038,7.7%,CSA,43.NE,1,2021
Drive to work,Demographic,75.1,75.1%,CSA,43.NE,2,2021
Live in single detached home,Demographic,80.39,80.4%,CSA,43.NE,1,2021
*Population,Demographic,8445.0,"8,445",CSA,43.NE,4,2021
Visible Minority,Demographic,89.57346,89.6%,CSA,43.NE,1,2021
Youth,Demographic,13.173653,13.2%,CSA,44.NE,2,2021
Lone Parent,Demographic,13.174404,13.2%,CSA,44.NE,3,2021
Moved in the last year,Demographic,13.92,13.9%,CSA,44.NE,3,2021
Newcomers,Demographic,14.513982,14.5%,CSA,44.NE,1,2021
*Population,Demographic,15030.0,"15,030",CSA,44.NE,1,2021
LIM-AT 0-17 years,Demographic,16.067146,16.1%,CSA,44.NE,2,2021
Transit to work,Demographic,18.4,18.4%,CSA,44.NE,2,2021
Indigenous,Demographic,2.4300933,2.4%,CSA,44.NE,3,2021
Renter,Demographic,20.53232,20.5%,CSA,44.NE,2,2021
Children,Demographic,23.619429,23.6%,CSA,44.NE,1,2021
Median Income,Demographic,29711.642,"$29,712",CSA,44.NE,4,2021
Seniors,Demographic,6.819694,6.8%,CSA,44.NE,4,2021
Drive to work,Demographic,72.3,72.3%,CSA,44.NE,3,2021
Visible Minority,Demographic,78.994675,79.0%,CSA,44.NE,1,2021
Live in single detached home,Demographic,86.06,86.1%,CSA,44.NE,1,2021
LIM-AT 65+ years,Demographic,9.268292,9.3%,CSA,44.NE,2,2021
LIM-AT 18-64 years,Demographic,9.312977,9.3%,CSA,44.NE,2,2021
No English Knowledge,Demographic,9.463532,9.5%,CSA,44.NE,1,2021
Indigenous,Demographic,1.1652542,1.2%,CSA,45.NE,4,2021
LIM-AT 18-64 years,Demographic,10.849453,10.8%,CSA,45.NE,1,2021
Lone Parent,Demographic,14.02439,14.0%,CSA,45.NE,2,2021
Youth,Demographic,14.240339,14.2%,CSA,45.NE,1,2021
Moved in the last year,Demographic,14.9,14.9%,CSA,45.NE,2,2021
Newcomers,Demographic,17.849577,17.8%,CSA,45.NE,1,2021
LIM-AT 0-17 years,Demographic,19.48276,19.5%,CSA,45.NE,2,2021
Transit to work,Demographic,20.2,20.2%,CSA,45.NE,1,2021
Renter,Demographic,24.301075,24.3%,CSA,45.NE,2,2021
Children,Demographic,26.151403,26.2%,CSA,45.NE,1,2021
Median Income,Demographic,28107.0,"$28,107",CSA,45.NE,4,2021
Seniors,Demographic,6.246691,6.2%,CSA,45.NE,4,2021
Live in single detached home,Demographic,64.95,65.0%,CSA,45.NE,2,2021
LIM-AT 65+ years,Demographic,7.6271186,7.6%,CSA,45.NE,2,2021
Drive to work,Demographic,70.6,70.6%,CSA,45.NE,3,2021
No English Knowledge,Demographic,8.094768,8.1%,CSA,45.NE,1,2021
Visible Minority,Demographic,87.49338,87.5%,CSA,45.NE,1,2021
*Population,Demographic,9445.0,"9,445",CSA,45.NE,3,2021
Indigenous,Demographic,1.1246486,1.1%,CSA,46.NE,4,2021
Lone Parent,Demographic,11.805555,11.8%,CSA,46.NE,3,2021
Moved in the last year,Demographic,13.11,13.1%,CSA,46.NE,3,2021
Newcomers,Demographic,13.651984,13.7%,CSA,46.NE,1,2021
Youth,Demographic,13.942608,13.9%,CSA,46.NE,1,2021
LIM-AT 0-17 years,Demographic,15.614237,15.6%,CSA,46.NE,2,2021
*Population,Demographic,16030.0,"16,030",CSA,46.NE,1,2021
Transit to work,Demographic,17.1,17.1%,CSA,46.NE,2,2021
Renter,Demographic,17.925735,17.9%,CSA,46.NE,3,2021
Children,Demographic,23.019339,23.0%,CSA,46.NE,1,2021
Median Income,Demographic,29627.9245,"$29,628",CSA,46.NE,4,2021
LIM-AT 65+ years,Demographic,7.2874494,7.3%,CSA,46.NE,2,2021
Seniors,Demographic,7.7666874,7.8%,CSA,46.NE,3,2021
Drive to work,Demographic,74.5,74.5%,CSA,46.NE,2,2021
Live in single detached home,Demographic,76.15,76.2%,CSA,46.NE,2,2021
LIM-AT 18-64 years,Demographic,8.75,8.8%,CSA,46.NE,2,2021
Visible Minority,Demographic,87.9375,87.9%,CSA,46.NE,1,2021
No English Knowledge,Demographic,9.108159,9.1%,CSA,46.NE,1,2021
LIM-AT 18-64 years,Demographic,12.46696,12.5%,CSA,47.NE,1,2021
Youth,Demographic,13.172275,13.2%,CSA,47.NE,2,2021
Newcomers,Demographic,16.277729,16.3%,CSA,47.NE,1,2021
*Population,Demographic,17385.0,"17,385",CSA,47.NE,1,2021
Moved in the last year,Demographic,19.77,19.8%,CSA,47.NE,1,2021
Transit to work,Demographic,19.9,19.9%,CSA,47.NE,1,2021
Lone Parent,Demographic,20.810514,20.8%,CSA,47.NE,1,2021
Children,Demographic,23.468508,23.5%,CSA,47.NE,1,2021
LIM-AT 0-17 years,Demographic,26.464436,26.5%,CSA,47.NE,1,2021
Median Income,Demographic,30893.2787,"$30,893",CSA,47.NE,4,2021
Renter,Demographic,39.109848,39.1%,CSA,47.NE,1,2021
Indigenous,Demographic,4.724863,4.7%,CSA,47.NE,1,2021
Live in single detached home,Demographic,55.92,55.9%,CSA,47.NE,3,2021
No English Knowledge,Demographic,6.073567,6.1%,CSA,47.NE,1,2021
Visible Minority,Demographic,62.845623,62.8%,CSA,47.NE,1,2021
Seniors,Demographic,7.103825,7.1%,CSA,47.NE,4,2021
Drive to work,Demographic,70.3,70.3%,CSA,47.NE,3,2021
LIM-AT 65+ years,Demographic,9.638555,9.6%,CSA,47.NE,2,2021
Indigenous,Demographic,1.7731959,1.8%,CSA,48.NE,4,2021
LIM-AT 18-64 years,Demographic,10.964912,11.0%,CSA,48.NE,1,2021
Seniors,Demographic,12.129817,12.1%,CSA,48.NE,2,2021
*Population,Demographic,12325.0,"12,325",CSA,48.NE,2,2021
Youth,Demographic,13.46856,13.5%,CSA,48.NE,1,2021
Newcomers,Demographic,15.828525,15.8%,CSA,48.NE,1,2021
Lone Parent,Demographic,17.370892,17.4%,CSA,48.NE,1,2021
Children,Demographic,18.904665,18.9%,CSA,48.NE,2,2021
Moved in the last year,Demographic,19.01,19.0%,CSA,48.NE,2,2021
LIM-AT 0-17 years,Demographic,21.024734,21.0%,CSA,48.NE,1,2021
Transit to work,Demographic,23.1,23.1%,CSA,48.NE,1,2021
Median Income,Demographic,29649.0941,"$29,649",CSA,48.NE,4,2021
Renter,Demographic,30.832197,30.8%,CSA,48.NE,2,2021
No English Knowledge,Demographic,5.426357,5.4%,CSA,48.NE,1,2021
LIM-AT 65+ years,Demographic,5.7471266,5.7%,CSA,48.NE,3,2021
Live in single detached home,Demographic,63.17,63.2%,CSA,48.NE,2,2021
Drive to work,Demographic,66.8,66.8%,CSA,48.NE,4,2021
Visible Minority,Demographic,69.20857,69.2%,CSA,48.NE,1,2021
Seniors,Demographic,10.173913,10.2%,CSA,49.NE,3,2021
LIM-AT 18-64 years,Demographic,10.625421,10.6%,CSA,49.NE,2,2021
Newcomers,Demographic,11.280488,11.3%,CSA,49.NE,1,2021
Moved in the last year,Demographic,11.99,12.0%,CSA,49.NE,3,2021
*Population,Demographic,11500.0,"11,500",CSA,49.NE,2,2021
Youth,Demographic,12.869565,12.9%,CSA,49.NE,2,2021
Transit to work,Demographic,16.1,16.1%,CSA,49.NE,2,2021
Lone Parent,Demographic,18.578352,18.6%,CSA,49.NE,1,2021
LIM-AT 0-17 years,Demographic,19.512196,19.5%,CSA,49.NE,2,2021
Children,Demographic,21.217392,21.2%,CSA,49.NE,2,2021
Renter,Demographic,26.38889,26.4%,CSA,49.NE,2,2021
Median Income,Demographic,32586.58,"$32,587",CSA,49.NE,4,2021
Indigenous,Demographic,4.398955,4.4%,CSA,49.NE,1,2021
No English Knowledge,Demographic,4.9773755,5.0%,CSA,49.NE,1,2021
LIM-AT 65+ years,Demographic,5.579399,5.6%,CSA,49.NE,3,2021
Visible Minority,Demographic,54.640522,54.6%,CSA,49.NE,1,2021
Live in single detached home,Demographic,60.83,60.8%,CSA,49.NE,3,2021
Drive to work,Demographic,73.9,73.9%,CSA,49.NE,2,2021
Indigenous,Demographic,1.0143406,1.0%,CSA,5.NW,4,2021
LIM-AT 65+ years,Demographic,10.596026,10.6%,CSA,5.NW,1,2021
LIM-AT 0-17 years,Demographic,11.231884,11.2%,CSA,5.NW,3,2021
Lone Parent,Demographic,11.323155,11.3%,CSA,5.NW,3,2021
Newcomers,Demographic,11.538462,11.5%,CSA,5.NW,1,2021
Youth,Demographic,11.612452,11.6%,CSA,5.NW,3,2021
Moved in the last year,Demographic,13.33,13.3%,CSA,5.NW,3,2021
Transit to work,Demographic,13.9,13.9%,CSA,5.NW,3,2021
*Population,Demographic,14295.0,"14,295",CSA,5.NW,1,2021
Renter,Demographic,19.474836,19.5%,CSA,5.NW,3,2021
No English Knowledge,Demographic,2.7370856,2.7%,CSA,5.NW,2,2021
Children,Demographic,25.253586,25.3%,CSA,5.NW,1,2021
Median Income,Demographic,44234.0,"$44,234",CSA,5.NW,3,2021
Seniors,Demographic,5.281567,5.3%,CSA,5.NW,4,2021
Live in single detached home,Demographic,59.41,59.4%,CSA,5.NW,3,2021
LIM-AT 18-64 years,Demographic,7.9213185,7.9%,CSA,5.NW,2,2021
Visible Minority,Demographic,70.06993,70.1%,CSA,5.NW,1,2021
Drive to work,Demographic,76.7,76.7%,CSA,5.NW,2,2021
Moved in the last year,Demographic,10.77,10.8%,CSA,50.NE,4,2021
*Population,Demographic,10905.0,"10,905",CSA,50.NE,2,2021
Transit to work,Demographic,13.3,13.3%,CSA,50.NE,3,2021
Seniors,Demographic,13.480055,13.5%,CSA,50.NE,2,2021
LIM-AT 0-17 years,Demographic,14.315352,14.3%,CSA,50.NE,2,2021
Youth,Demographic,14.672169,14.7%,CSA,50.NE,1,2021
Renter,Demographic,15.797789,15.8%,CSA,50.NE,3,2021
Lone Parent,Demographic,16.033058,16.0%,CSA,50.NE,2,2021
Children,Demographic,17.514902,17.5%,CSA,50.NE,2,2021
Indigenous,Demographic,2.295684,2.3%,CSA,50.NE,3,2021
Median Income,Demographic,31246.5511,"$31,247",CSA,50.NE,4,2021
LIM-AT 18-64 years,Demographic,7.275321,7.3%,CSA,50.NE,3,2021
Newcomers,Demographic,7.7594123,7.8%,CSA,50.NE,2,2021
LIM-AT 65+ years,Demographic,7.9422383,7.9%,CSA,50.NE,2,2021
Visible Minority,Demographic,74.5062,74.5%,CSA,50.NE,1,2021
Live in single detached home,Demographic,77.58,77.6%,CSA,50.NE,2,2021
Drive to work,Demographic,79.1,79.1%,CSA,50.NE,1,2021
No English Knowledge,Demographic,8.50059,8.5%,CSA,50.NE,1,2021
Seniors,Demographic,11.678508,11.7%,CSA,51.NE,3,2021
*Population,Demographic,11260.0,"11,260",CSA,51.NE,2,2021
LIM-AT 18-64 years,Demographic,13.683483,13.7%,CSA,51.NE,1,2021
Youth,Demographic,13.854352,13.9%,CSA,51.NE,1,2021
Newcomers,Demographic,15.135375,15.1%,CSA,51.NE,1,2021
Moved in the last year,Demographic,18.08,18.1%,CSA,51.NE,2,2021
Children,Demographic,20.026644,20.0%,CSA,51.NE,2,2021
Lone Parent,Demographic,20.508474,20.5%,CSA,51.NE,1,2021
Transit to work,Demographic,23.3,23.3%,CSA,51.NE,1,2021
LIM-AT 0-17 years,Demographic,28.176796,28.2%,CSA,51.NE,1,2021
Median Income,Demographic,29768.6203,"$29,769",CSA,51.NE,4,2021
Indigenous,Demographic,3.7300177,3.7%,CSA,51.NE,1,2021
Renter,Demographic,34.472935,34.5%,CSA,51.NE,2,2021
Live in single detached home,Demographic,56.63,56.6%,CSA,51.NE,3,2021
No English Knowledge,Demographic,6.7067065,6.7%,CSA,51.NE,1,2021
Visible Minority,Demographic,63.67673,63.7%,CSA,51.NE,1,2021
Drive to work,Demographic,65.7,65.7%,CSA,51.NE,4,2021
LIM-AT 65+ years,Demographic,7.9545455,8.0%,CSA,51.NE,2,2021
*Population,Demographic,10245.0,"10,245",CSA,52.NE,3,2021
Youth,Demographic,12.103465,12.1%,CSA,52.NE,2,2021
Seniors,Demographic,12.3474865,12.3%,CSA,52.NE,2,2021
LIM-AT 65+ years,Demographic,13.833992,13.8%,CSA,52.NE,1,2021
LIM-AT 18-64 years,Demographic,14.787154,14.8%,CSA,52.NE,1,2021
Moved in the last year,Demographic,15.29,15.3%,CSA,52.NE,2,2021
Transit to work,Demographic,18.9,18.9%,CSA,52.NE,1,2021
Children,Demographic,19.08248,19.1%,CSA,52.NE,2,2021
Lone Parent,Demographic,22.522522,22.5%,CSA,52.NE,1,2021
LIM-AT 0-17 years,Demographic,27.912088,27.9%,CSA,52.NE,1,2021
No English Knowledge,Demographic,3.938731,3.9%,CSA,52.NE,1,2021
Median Income,Demographic,30877.4231,"$30,877",CSA,52.NE,4,2021
Renter,Demographic,36.933334,36.9%,CSA,52.NE,2,2021
Live in single detached home,Demographic,43.69,43.7%,CSA,52.NE,3,2021
Visible Minority,Demographic,46.423286,46.4%,CSA,52.NE,1,2021
Indigenous,Demographic,5.1282053,5.1%,CSA,52.NE,1,2021
Newcomers,Demographic,6.7587566,6.8%,CSA,52.NE,2,2021
Drive to work,Demographic,71.7,71.7%,CSA,52.NE,3,2021
Youth,Demographic,11.926605,11.9%,CSA,53.NE,2,2021
LIM-AT 18-64 years,Demographic,12.427506,12.4%,CSA,53.NE,1,2021
Seniors,Demographic,14.516999,14.5%,CSA,53.NE,2,2021
Newcomers,Demographic,14.718615,14.7%,CSA,53.NE,1,2021
Children,Demographic,17.269293,17.3%,CSA,53.NE,2,2021
Moved in the last year,Demographic,17.77,17.8%,CSA,53.NE,2,2021
Lone Parent,Demographic,19.262295,19.3%,CSA,53.NE,1,2021
Transit to work,Demographic,19.7,19.7%,CSA,53.NE,1,2021
LIM-AT 0-17 years,Demographic,23.324396,23.3%,CSA,53.NE,1,2021
Indigenous,Demographic,3.9502165,4.0%,CSA,53.NE,1,2021
Median Income,Demographic,30931.3141,"$30,931",CSA,53.NE,4,2021
Renter,Demographic,38.034866,38.0%,CSA,53.NE,2,2021
No English Knowledge,Demographic,4.8899755,4.9%,CSA,53.NE,1,2021
Visible Minority,Demographic,58.333332,58.3%,CSA,53.NE,1,2021
Live in single detached home,Demographic,61.97,62.0%,CSA,53.NE,3,2021
Drive to work,Demographic,69.2,69.2%,CSA,53.NE,3,2021
LIM-AT 65+ years,Demographic,8.582089,8.6%,CSA,53.NE,2,2021
*Population,Demographic,9265.0,"9,265",CSA,53.NE,3,2021
LIM-AT 18-64 years,Demographic,10.494881,10.5%,CSA,54.NE,2,2021
Moved in the last year,Demographic,11.76,11.8%,CSA,54.NE,3,2021
Seniors,Demographic,12.122905,12.1%,CSA,54.NE,2,2021
Youth,Demographic,12.737431,12.7%,CSA,54.NE,2,2021
Transit to work,Demographic,14.2,14.2%,CSA,54.NE,3,2021
Children,Demographic,18.659218,18.7%,CSA,54.NE,2,2021
Lone Parent,Demographic,20.886076,20.9%,CSA,54.NE,1,2021
LIM-AT 0-17 years,Demographic,22.055138,22.1%,CSA,54.NE,1,2021
Renter,Demographic,25.370676,25.4%,CSA,54.NE,2,2021
Indigenous,Demographic,3.1337438,3.1%,CSA,54.NE,2,2021
No English Knowledge,Demographic,3.3942559,3.4%,CSA,54.NE,1,2021
Median Income,Demographic,33199.4888,"$33,199",CSA,54.NE,4,2021
Visible Minority,Demographic,48.852825,48.9%,CSA,54.NE,1,2021
Live in single detached home,Demographic,56.44,56.4%,CSA,54.NE,3,2021
LIM-AT 65+ years,Demographic,6.9444447,6.9%,CSA,54.NE,3,2021
Drive to work,Demographic,75.3,75.3%,CSA,54.NE,2,2021
Newcomers,Demographic,8.892617,8.9%,CSA,54.NE,1,2021
*Population,Demographic,8950.0,"8,950",CSA,54.NE,4,2021
Lone Parent,Demographic,10.0,10.0%,CSA,55.SE,4,2021
Live in single detached home,Demographic,2.4,2.4%,CSA,55.SE,4,2021
Seniors,Demographic,21.796165,21.8%,CSA,55.SE,1,2021
Transit to work,Demographic,21.9,21.9%,CSA,55.SE,1,2021
LIM-AT 18-64 years,Demographic,22.131147,22.1%,CSA,55.SE,1,2021
LIM-AT 0-17 years,Demographic,24.137932,24.1%,CSA,55.SE,1,2021
Median Income,Demographic,28757.0,"$28,757",CSA,55.SE,4,2021
Indigenous,Demographic,3.2531824,3.3%,CSA,55.SE,2,2021
No English Knowledge,Demographic,3.4909909,3.5%,CSA,55.SE,1,2021
Drive to work,Demographic,39.2,39.2%,CSA,55.SE,4,2021
Moved in the last year,Demographic,39.51,39.5%,CSA,55.SE,1,2021
Visible Minority,Demographic,47.807636,47.8%,CSA,55.SE,1,2021
*Population,Demographic,4955.0,"4,955",CSA,55.SE,4,2021
LIM-AT 65+ years,Demographic,54.945053,54.9%,CSA,55.SE,1,2021
Newcomers,Demographic,6.355932,6.4%,CSA,55.SE,2,2021
Youth,Demographic,6.458123,6.5%,CSA,55.SE,4,2021
Children,Demographic,7.568113,7.6%,CSA,55.SE,4,2021
Renter,Demographic,71.062996,71.1%,CSA,55.SE,1,2021
No English Knowledge,Demographic,0.8130081,0.8%,CSA,56.SE,4,2021
Children,Demographic,12.0161295,12.0%,CSA,56.SE,4,2021
Transit to work,Demographic,12.3,12.3%,CSA,56.SE,4,2021
Lone Parent,Demographic,12.380953,12.4%,CSA,56.SE,3,2021
Visible Minority,Demographic,13.02521,13.0%,CSA,56.SE,4,2021
LIM-AT 0-17 years,Demographic,15.95092,16.0%,CSA,56.SE,2,2021
LIM-AT 65+ years,Demographic,17.75701,17.8%,CSA,56.SE,1,2021
Moved in the last year,Demographic,19.74,19.7%,CSA,56.SE,1,2021
Newcomers,Demographic,2.5231287,2.5%,CSA,56.SE,4,2021
Live in single detached home,Demographic,39.0,39.0%,CSA,56.SE,4,2021
Renter,Demographic,43.84,43.8%,CSA,56.SE,1,2021
Indigenous,Demographic,5.961377,6.0%,CSA,56.SE,1,2021
Median Income,Demographic,51492.7484,"$51,493",CSA,56.SE,1,2021
*Population,Demographic,6200.0,"6,200",CSA,56.SE,4,2021
Drive to work,Demographic,64.3,64.3%,CSA,56.SE,4,2021
Youth,Demographic,7.822581,7.8%,CSA,56.SE,4,2021
Seniors,Demographic,9.354838,9.4%,CSA,56.SE,3,2021
LIM-AT 18-64 years,Demographic,9.784946,9.8%,CSA,56.SE,2,2021
Youth,Demographic,11.184211,11.2%,CSA,57.SE,3,2021
Seniors,Demographic,14.068826,14.1%,CSA,57.SE,2,2021
LIM-AT 65+ years,Demographic,14.772727,14.8%,CSA,57.SE,1,2021
LIM-AT 18-64 years,Demographic,15.79347,15.8%,CSA,57.SE,1,2021
Children,Demographic,16.093117,16.1%,CSA,57.SE,3,2021
No English Knowledge,Demographic,2.5510204,2.6%,CSA,57.SE,2,2021
Transit to work,Demographic,21.4,21.4%,CSA,57.SE,1,2021
Moved in the last year,Demographic,22.43,22.4%,CSA,57.SE,1,2021
Lone Parent,Demographic,27.542374,27.5%,CSA,57.SE,1,2021
Live in single detached home,Demographic,27.8,27.8%,CSA,57.SE,4,2021
Median Income,Demographic,31623.6134,"$31,624",CSA,57.SE,4,2021
LIM-AT 0-17 years,Demographic,34.316353,34.3%,CSA,57.SE,1,2021
Visible Minority,Demographic,39.97955,40.0%,CSA,57.SE,2,2021
Indigenous,Demographic,6.134969,6.1%,CSA,57.SE,1,2021
Renter,Demographic,61.666668,61.7%,CSA,57.SE,1,2021
Drive to work,Demographic,67.0,67.0%,CSA,57.SE,4,2021
Newcomers,Demographic,9.04908,9.0%,CSA,57.SE,1,2021
*Population,Demographic,9880.0,"9,880",CSA,57.SE,3,2021
Newcomers,Demographic,10.288216,10.3%,CSA,58.SE,1,2021
Seniors,Demographic,11.898911,11.9%,CSA,58.SE,2,2021
Youth,Demographic,12.495612,12.5%,CSA,58.SE,2,2021
LIM-AT 65+ years,Demographic,13.513514,13.5%,CSA,58.SE,1,2021
*Population,Demographic,14245.0,"14,245",CSA,58.SE,1,2021
LIM-AT 18-64 years,Demographic,15.823122,15.8%,CSA,58.SE,1,2021
Children,Demographic,18.146719,18.1%,CSA,58.SE,2,2021
Moved in the last year,Demographic,18.81,18.8%,CSA,58.SE,2,2021
Transit to work,Demographic,20.7,20.7%,CSA,58.SE,1,2021
Lone Parent,Demographic,27.16763,27.2%,CSA,58.SE,1,2021
Median Income,Demographic,29937.7929,"$29,938",CSA,58.SE,4,2021
Live in single detached home,Demographic,30.63,30.6%,CSA,58.SE,4,2021
LIM-AT 0-17 years,Demographic,31.433226,31.4%,CSA,58.SE,1,2021
Visible Minority,Demographic,40.824516,40.8%,CSA,58.SE,2,2021
Renter,Demographic,52.10166,52.1%,CSA,58.SE,1,2021
No English Knowledge,Demographic,6.4864864,6.5%,CSA,58.SE,1,2021
Drive to work,Demographic,66.8,66.8%,CSA,58.SE,4,2021
Indigenous,Demographic,7.8073697,7.8%,CSA,58.SE,1,2021
*Population,Demographic,10855.0,"10,855",CSA,59.SE,2,2021
LIM-AT 65+ years,Demographic,11.363636,11.4%,CSA,59.SE,1,2021
Youth,Demographic,11.745739,11.7%,CSA,59.SE,2,2021
Seniors,Demographic,12.2524185,12.3%,CSA,59.SE,2,2021
LIM-AT 18-64 years,Demographic,13.301171,13.3%,CSA,59.SE,1,2021
Moved in the last year,Demographic,15.36,15.4%,CSA,59.SE,2,2021
Transit to work,Demographic,17.4,17.4%,CSA,59.SE,2,2021
Children,Demographic,17.503454,17.5%,CSA,59.SE,2,2021
LIM-AT 0-17 years,Demographic,24.044945,24.0%,CSA,59.SE,1,2021
Lone Parent,Demographic,25.391304,25.4%,CSA,59.SE,1,2021
Median Income,Demographic,31532.8314,"$31,533",CSA,59.SE,4,2021
Renter,Demographic,32.929783,32.9%,CSA,59.SE,2,2021
Live in single detached home,Demographic,34.31,34.3%,CSA,59.SE,4,2021
Visible Minority,Demographic,43.261765,43.3%,CSA,59.SE,1,2021
No English Knowledge,Demographic,5.5780935,5.6%,CSA,59.SE,1,2021
Indigenous,Demographic,5.987203,6.0%,CSA,59.SE,1,2021
Newcomers,Demographic,7.4954295,7.5%,CSA,59.SE,2,2021
Drive to work,Demographic,73.6,73.6%,CSA,59.SE,2,2021
Indigenous,Demographic,1.0570824,1.1%,CSA,6.NW,4,2021
Lone Parent,Demographic,10.108865,10.1%,CSA,6.NW,4,2021
*Population,Demographic,11730.0,"11,730",CSA,6.NW,2,2021
Renter,Demographic,13.304093,13.3%,CSA,6.NW,3,2021
Transit to work,Demographic,13.7,13.7%,CSA,6.NW,3,2021
Youth,Demographic,13.981245,14.0%,CSA,6.NW,1,2021
Children,Demographic,22.506393,22.5%,CSA,6.NW,1,2021
Median Income,Demographic,38077.9548,"$38,078",CSA,6.NW,4,2021
No English Knowledge,Demographic,6.968877,7.0%,CSA,6.NW,1,2021
LIM-AT 18-64 years,Demographic,6.976744,7.0%,CSA,6.NW,3,2021
Visible Minority,Demographic,67.82241,67.8%,CSA,6.NW,1,2021
LIM-AT 65+ years,Demographic,7.070707,7.1%,CSA,6.NW,3,2021
Newcomers,Demographic,7.3150105,7.3%,CSA,6.NW,2,2021
Drive to work,Demographic,77.2,77.2%,CSA,6.NW,2,2021
Seniors,Demographic,8.439898,8.4%,CSA,6.NW,3,2021
Live in single detached home,Demographic,81.52,81.5%,CSA,6.NW,1,2021
Moved in the last year,Demographic,9.12,9.1%,CSA,6.NW,4,2021
LIM-AT 0-17 years,Demographic,9.813084,9.8%,CSA,6.NW,3,2021
*Population,Demographic,13115.0,"13,115",CSA,60.SE,1,2021
Youth,Demographic,14.0297365,14.0%,CSA,60.SE,1,2021
Moved in the last year,Demographic,14.9,14.9%,CSA,60.SE,2,2021
Transit to work,Demographic,15.6,15.6%,CSA,60.SE,2,2021
Children,Demographic,19.252764,19.3%,CSA,60.SE,2,2021
No English Knowledge,Demographic,2.5996535,2.6%,CSA,60.SE,2,2021
LIM-AT 0-17 years,Demographic,21.463415,21.5%,CSA,60.SE,1,2021
Lone Parent,Demographic,22.61236,22.6%,CSA,60.SE,1,2021
Renter,Demographic,28.637413,28.6%,CSA,60.SE,2,2021
Median Income,Demographic,35283.7591,"$35,284",CSA,60.SE,4,2021
Indigenous,Demographic,4.282983,4.3%,CSA,60.SE,1,2021
Visible Minority,Demographic,56.36711,56.4%,CSA,60.SE,1,2021
Live in single detached home,Demographic,58.25,58.3%,CSA,60.SE,3,2021
Drive to work,Demographic,74.9,74.9%,CSA,60.SE,2,2021
LIM-AT 65+ years,Demographic,8.1081085,8.1%,CSA,60.SE,2,2021
Seniors,Demographic,8.463592,8.5%,CSA,60.SE,3,2021
Newcomers,Demographic,9.059633,9.1%,CSA,60.SE,1,2021
LIM-AT 18-64 years,Demographic,9.499719,9.5%,CSA,60.SE,2,2021
No English Knowledge,Demographic,1.9498607,1.9%,CSA,61.SE,2,2021
Seniors,Demographic,10.436603,10.4%,CSA,61.SE,3,2021
LIM-AT 18-64 years,Demographic,10.660793,10.7%,CSA,61.SE,2,2021
Youth,Demographic,11.184211,11.2%,CSA,61.SE,3,2021
Transit to work,Demographic,13.6,13.6%,CSA,61.SE,3,2021
Moved in the last year,Demographic,14.71,14.7%,CSA,61.SE,2,2021
*Population,Demographic,16720.0,"16,720",CSA,61.SE,1,2021
Children,Demographic,18.331339,18.3%,CSA,61.SE,2,2021
Lone Parent,Demographic,23.58804,23.6%,CSA,61.SE,1,2021
LIM-AT 0-17 years,Demographic,23.71706,23.7%,CSA,61.SE,1,2021
Renter,Demographic,25.813953,25.8%,CSA,61.SE,2,2021
Visible Minority,Demographic,32.290737,32.3%,CSA,61.SE,2,2021
Median Income,Demographic,37260.1573,"$37,260",CSA,61.SE,4,2021
Newcomers,Demographic,5.332142,5.3%,CSA,61.SE,3,2021
Live in single detached home,Demographic,57.85,57.9%,CSA,61.SE,3,2021
Indigenous,Demographic,7.238606,7.2%,CSA,61.SE,1,2021
Drive to work,Demographic,77.5,77.5%,CSA,61.SE,1,2021
LIM-AT 65+ years,Demographic,8.908046,8.9%,CSA,61.SE,2,2021
No English Knowledge,Demographic,0.62794346,0.6%,CSA,62.SE,4,2021
Youth,Demographic,10.166359,10.2%,CSA,62.SE,4,2021
*Population,Demographic,10820.0,"10,820",CSA,62.SE,2,2021
Moved in the last year,Demographic,11.81,11.8%,CSA,62.SE,3,2021
Transit to work,Demographic,13.4,13.4%,CSA,62.SE,3,2021
Children,Demographic,14.140481,14.1%,CSA,62.SE,4,2021
Visible Minority,Demographic,15.086409,15.1%,CSA,62.SE,4,2021
Lone Parent,Demographic,16.613924,16.6%,CSA,62.SE,2,2021
Seniors,Demographic,16.913124,16.9%,CSA,62.SE,1,2021
Renter,Demographic,19.117647,19.1%,CSA,62.SE,3,2021
Indigenous,Demographic,2.9906542,3.0%,CSA,62.SE,2,2021
Newcomers,Demographic,4.0168147,4.0%,CSA,62.SE,4,2021
Median Income,Demographic,42968.3272,"$42,968",CSA,62.SE,3,2021
LIM-AT 65+ years,Demographic,5.769231,5.8%,CSA,62.SE,3,2021
LIM-AT 18-64 years,Demographic,6.3113604,6.3%,CSA,62.SE,3,2021
Drive to work,Demographic,76.3,76.3%,CSA,62.SE,2,2021
LIM-AT 0-17 years,Demographic,8.423913,8.4%,CSA,62.SE,3,2021
Live in single detached home,Demographic,84.01,84.0%,CSA,62.SE,1,2021
No English Knowledge,Demographic,1.251422,1.3%,CSA,63.SE,3,2021
Renter,Demographic,10.284036,10.3%,CSA,63.SE,4,2021
Transit to work,Demographic,10.5,10.5%,CSA,63.SE,4,2021
Moved in the last year,Demographic,11.24,11.2%,CSA,63.SE,3,2021
Lone Parent,Demographic,12.2327795,12.2%,CSA,63.SE,3,2021
Youth,Demographic,14.102106,14.1%,CSA,63.SE,1,2021
Children,Demographic,14.744734,14.7%,CSA,63.SE,4,2021
*Population,Demographic,14005.0,"14,005",CSA,63.SE,1,2021
Indigenous,Demographic,2.7347968,2.7%,CSA,63.SE,2,2021
Visible Minority,Demographic,26.232458,26.2%,CSA,63.SE,3,2021
Newcomers,Demographic,3.2037437,3.2%,CSA,63.SE,4,2021
LIM-AT 18-64 years,Demographic,3.254438,3.3%,CSA,63.SE,4,2021
Median Income,Demographic,49604.3995,"$49,604",CSA,63.SE,2,2021
LIM-AT 65+ years,Demographic,5.2208834,5.2%,CSA,63.SE,4,2021
LIM-AT 0-17 years,Demographic,5.7251906,5.7%,CSA,63.SE,4,2021
Drive to work,Demographic,77.6,77.6%,CSA,63.SE,1,2021
Seniors,Demographic,8.889682,8.9%,CSA,63.SE,3,2021
Live in single detached home,Demographic,85.1,85.1%,CSA,63.SE,1,2021
No English Knowledge,Demographic,0.8130081,0.8%,CSA,64.SE,4,2021
LIM-AT 18-64 years,Demographic,10.136157,10.1%,CSA,64.SE,2,2021
Seniors,Demographic,13.212304,13.2%,CSA,64.SE,2,2021
Transit to work,Demographic,13.6,13.6%,CSA,64.SE,3,2021
Children,Demographic,14.0695915,14.1%,CSA,64.SE,4,2021
Visible Minority,Demographic,16.387434,16.4%,CSA,64.SE,4,2021
Moved in the last year,Demographic,17.2,17.2%,CSA,64.SE,2,2021
LIM-AT 0-17 years,Demographic,23.676012,23.7%,CSA,64.SE,1,2021
Lone Parent,Demographic,25.486382,25.5%,CSA,64.SE,1,2021
Renter,Demographic,36.910378,36.9%,CSA,64.SE,2,2021
Median Income,Demographic,39359.5976,"$39,360",CSA,64.SE,3,2021
Newcomers,Demographic,4.3956046,4.4%,CSA,64.SE,4,2021
Live in single detached home,Demographic,43.08,43.1%,CSA,64.SE,4,2021
Indigenous,Demographic,5.9685864,6.0%,CSA,64.SE,1,2021
Drive to work,Demographic,74.2,74.2%,CSA,64.SE,2,2021
LIM-AT 65+ years,Demographic,9.795918,9.8%,CSA,64.SE,2,2021
Youth,Demographic,9.884014,9.9%,CSA,64.SE,4,2021
*Population,Demographic,9915.0,"9,915",CSA,64.SE,3,2021
No English Knowledge,Demographic,0.5154639,0.5%,CSA,65.SE,4,2021
Newcomers,Demographic,1.8557794,1.9%,CSA,65.SE,4,2021
Moved in the last year,Demographic,11.43,11.4%,CSA,65.SE,3,2021
Visible Minority,Demographic,11.45281,11.5%,CSA,65.SE,4,2021
Youth,Demographic,11.892451,11.9%,CSA,65.SE,2,2021
Transit to work,Demographic,13.4,13.4%,CSA,65.SE,3,2021
Children,Demographic,14.012409,14.0%,CSA,65.SE,4,2021
Renter,Demographic,14.83871,14.8%,CSA,65.SE,3,2021
Indigenous,Demographic,2.386002,2.4%,CSA,65.SE,3,2021
Seniors,Demographic,24.301966,24.3%,CSA,65.SE,1,2021
LIM-AT 65+ years,Demographic,3.7383177,3.7%,CSA,65.SE,4,2021
LIM-AT 0-17 years,Demographic,5.6047196,5.6%,CSA,65.SE,4,2021
Median Income,Demographic,53242.1313,"$53,242",CSA,65.SE,1,2021
LIM-AT 18-64 years,Demographic,6.2222223,6.2%,CSA,65.SE,3,2021
Live in single detached home,Demographic,74.58,74.6%,CSA,65.SE,2,2021
Drive to work,Demographic,76.7,76.7%,CSA,65.SE,2,2021
Lone Parent,Demographic,9.13884,9.1%,CSA,65.SE,4,2021
*Population,Demographic,9670.0,"9,670",CSA,65.SE,3,2021
No English Knowledge,Demographic,0.18832392,0.2%,CSA,66.SE,4,2021
Newcomers,Demographic,0.78784466,0.8%,CSA,66.SE,4,2021
Transit to work,Demographic,10.5,10.5%,CSA,66.SE,4,2021
Youth,Demographic,11.292135,11.3%,CSA,66.SE,3,2021
Children,Demographic,16.853933,16.9%,CSA,66.SE,2,2021
Indigenous,Demographic,2.4774776,2.5%,CSA,66.SE,3,2021
LIM-AT 65+ years,Demographic,2.8089888,2.8%,CSA,66.SE,4,2021
Seniors,Demographic,20.11236,20.1%,CSA,66.SE,1,2021
LIM-AT 18-64 years,Demographic,3.2925682,3.3%,CSA,66.SE,4,2021
LIM-AT 0-17 years,Demographic,4.2016807,4.2%,CSA,66.SE,4,2021
Median Income,Demographic,52560.0489,"$52,560",CSA,66.SE,1,2021
Visible Minority,Demographic,6.0213842,6.0%,CSA,66.SE,4,2021
Moved in the last year,Demographic,6.24,6.2%,CSA,66.SE,4,2021
Renter,Demographic,7.099698,7.1%,CSA,66.SE,4,2021
Drive to work,Demographic,81.8,81.8%,CSA,66.SE,1,2021
*Population,Demographic,8900.0,"8,900",CSA,66.SE,4,2021
Lone Parent,Demographic,9.769094,9.8%,CSA,66.SE,4,2021
Live in single detached home,Demographic,96.52,96.5%,CSA,66.SE,1,2021
No English Knowledge,Demographic,0.7029877,0.7%,CSA,67.SE,4,2021
Moved in the last year,Demographic,10.21,10.2%,CSA,67.SE,4,2021
Transit to work,Demographic,10.8,10.8%,CSA,67.SE,4,2021
Youth,Demographic,11.602951,11.6%,CSA,67.SE,3,2021
Visible Minority,Demographic,12.647954,12.6%,CSA,67.SE,4,2021
Seniors,Demographic,13.044936,13.0%,CSA,67.SE,2,2021
*Population,Demographic,14910.0,"14,910",CSA,67.SE,1,2021
LIM-AT 0-17 years,Demographic,15.410959,15.4%,CSA,67.SE,2,2021
Children,Demographic,16.566063,16.6%,CSA,67.SE,2,2021
Lone Parent,Demographic,17.594654,17.6%,CSA,67.SE,1,2021
Renter,Demographic,19.57672,19.6%,CSA,67.SE,3,2021
Newcomers,Demographic,2.942171,2.9%,CSA,67.SE,4,2021
Indigenous,Demographic,3.2116294,3.2%,CSA,67.SE,2,2021
LIM-AT 65+ years,Demographic,4.8913045,4.9%,CSA,67.SE,4,2021
Median Income,Demographic,44712.8514,"$44,713",CSA,67.SE,3,2021
LIM-AT 18-64 years,Demographic,6.9721117,7.0%,CSA,67.SE,3,2021
Live in single detached home,Demographic,67.84,67.8%,CSA,67.SE,2,2021
Drive to work,Demographic,81.4,81.4%,CSA,67.SE,1,2021
No English Knowledge,Demographic,1.1461318,1.1%,CSA,68.SE,3,2021
LIM-AT 65+ years,Demographic,1.3114754,1.3%,CSA,68.SE,4,2021
Lone Parent,Demographic,11.081794,11.1%,CSA,68.SE,3,2021
Seniors,Demographic,12.382892,12.4%,CSA,68.SE,2,2021
*Population,Demographic,12275.0,"12,275",CSA,68.SE,2,2021
Youth,Demographic,13.686355,13.7%,CSA,68.SE,1,2021
Children,Demographic,16.537678,16.5%,CSA,68.SE,3,2021
Indigenous,Demographic,2.7291243,2.7%,CSA,68.SE,3,2021
Visible Minority,Demographic,20.032574,20.0%,CSA,68.SE,4,2021
Newcomers,Demographic,3.2166123,3.2%,CSA,68.SE,4,2021
LIM-AT 18-64 years,Demographic,3.8579302,3.9%,CSA,68.SE,4,2021
Median Income,Demographic,52043.2835,"$52,043",CSA,68.SE,1,2021
Renter,Demographic,6.6361556,6.6%,CSA,68.SE,4,2021
LIM-AT 0-17 years,Demographic,6.990291,7.0%,CSA,68.SE,4,2021
Moved in the last year,Demographic,8.35,8.3%,CSA,68.SE,4,2021
Drive to work,Demographic,81.1,81.1%,CSA,68.SE,1,2021
Transit to work,Demographic,9.4,9.4%,CSA,68.SE,4,2021
Live in single detached home,Demographic,91.39,91.4%,CSA,68.SE,1,2021
No English Knowledge,Demographic,0.55679286,0.6%,CSA,69.SE,4,2021
*Population,Demographic,10320.0,"10,320",CSA,69.SE,3,2021
Moved in the last year,Demographic,11.98,12.0%,CSA,69.SE,3,2021
Youth,Demographic,12.112403,12.1%,CSA,69.SE,2,2021
Transit to work,Demographic,14.6,14.6%,CSA,69.SE,3,2021
LIM-AT 0-17 years,Demographic,14.795918,14.8%,CSA,69.SE,2,2021
Children,Demographic,15.406977,15.4%,CSA,69.SE,3,2021
Visible Minority,Demographic,17.471737,17.5%,CSA,69.SE,4,2021
Seniors,Demographic,17.49031,17.5%,CSA,69.SE,1,2021
Lone Parent,Demographic,17.889088,17.9%,CSA,69.SE,1,2021
Renter,Demographic,27.62646,27.6%,CSA,69.SE,2,2021
Indigenous,Demographic,3.3898306,3.4%,CSA,69.SE,2,2021
Newcomers,Demographic,4.5220966,4.5%,CSA,69.SE,3,2021
Median Income,Demographic,41531.2064,"$41,531",CSA,69.SE,3,2021
Live in single detached home,Demographic,54.09,54.1%,CSA,69.SE,3,2021
Drive to work,Demographic,75.2,75.2%,CSA,69.SE,2,2021
LIM-AT 18-64 years,Demographic,8.116385,8.1%,CSA,69.SE,2,2021
LIM-AT 65+ years,Demographic,8.8,8.8%,CSA,69.SE,2,2021
Indigenous,Demographic,1.3888888,1.4%,CSA,7.NW,4,2021
Lone Parent,Demographic,10.3092785,10.3%,CSA,7.NW,4,2021
*Population,Demographic,10345.0,"10,345",CSA,7.NW,3,2021
Youth,Demographic,11.793137,11.8%,CSA,7.NW,2,2021
Moved in the last year,Demographic,13.53,13.5%,CSA,7.NW,3,2021
Seniors,Demographic,13.678105,13.7%,CSA,7.NW,2,2021
Renter,Demographic,17.162163,17.2%,CSA,7.NW,3,2021
Children,Demographic,18.94635,18.9%,CSA,7.NW,2,2021
No English Knowledge,Demographic,2.621359,2.6%,CSA,7.NW,2,2021
Transit to work,Demographic,20.9,20.9%,CSA,7.NW,1,2021
LIM-AT 65+ years,Demographic,3.9647577,4.0%,CSA,7.NW,4,2021
Visible Minority,Demographic,42.95635,43.0%,CSA,7.NW,1,2021
Median Income,Demographic,50116.8265,"$50,117",CSA,7.NW,2,2021
LIM-AT 18-64 years,Demographic,6.141016,6.1%,CSA,7.NW,3,2021
Live in single detached home,Demographic,63.07,63.1%,CSA,7.NW,2,2021
Drive to work,Demographic,69.7,69.7%,CSA,7.NW,3,2021
Newcomers,Demographic,7.2916665,7.3%,CSA,7.NW,2,2021
LIM-AT 0-17 years,Demographic,8.993576,9.0%,CSA,7.NW,3,2021
No English Knowledge,Demographic,0.88383836,0.9%,CSA,70.SE,4,2021
Transit to work,Demographic,11.9,11.9%,CSA,70.SE,4,2021
Visible Minority,Demographic,13.126649,13.1%,CSA,70.SE,4,2021
Children,Demographic,16.369637,16.4%,CSA,70.SE,3,2021
Youth,Demographic,17.359735,17.4%,CSA,70.SE,1,2021
Indigenous,Demographic,2.176781,2.2%,CSA,70.SE,3,2021
Newcomers,Demographic,2.5082507,2.5%,CSA,70.SE,4,2021
Renter,Demographic,3.0487804,3.0%,CSA,70.SE,4,2021
LIM-AT 18-64 years,Demographic,3.7572255,3.8%,CSA,70.SE,4,2021
LIM-AT 65+ years,Demographic,3.9473684,3.9%,CSA,70.SE,4,2021
LIM-AT 0-17 years,Demographic,4.923077,4.9%,CSA,70.SE,4,2021
Median Income,Demographic,46701.7248,"$46,702",CSA,70.SE,2,2021
*Population,Demographic,7575.0,"7,575",CSA,70.SE,4,2021
Moved in the last year,Demographic,8.01,8.0%,CSA,70.SE,4,2021
Drive to work,Demographic,80.9,80.9%,CSA,70.SE,1,2021
Lone Parent,Demographic,9.210526,9.2%,CSA,70.SE,4,2021
Seniors,Demographic,9.966997,10.0%,CSA,70.SE,3,2021
Live in single detached home,Demographic,94.5,94.5%,CSA,70.SE,1,2021
No English Knowledge,Demographic,1.0526316,1.1%,CSA,71.SE,3,2021
LIM-AT 65+ years,Demographic,1.9230769,1.9%,CSA,71.SE,4,2021
Visible Minority,Demographic,10.903733,10.9%,CSA,71.SE,4,2021
*Population,Demographic,10195.0,"10,195",CSA,71.SE,3,2021
Lone Parent,Demographic,11.371238,11.4%,CSA,71.SE,3,2021
Youth,Demographic,17.60667,17.6%,CSA,71.SE,1,2021
Children,Demographic,18.881805,18.9%,CSA,71.SE,2,2021
Newcomers,Demographic,2.2604423,2.3%,CSA,71.SE,4,2021
Indigenous,Demographic,2.4078624,2.4%,CSA,71.SE,3,2021
LIM-AT 18-64 years,Demographic,4.075691,4.1%,CSA,71.SE,4,2021
Median Income,Demographic,50849.6209,"$50,850",CSA,71.SE,2,2021
Seniors,Demographic,7.6508093,7.7%,CSA,71.SE,4,2021
Moved in the last year,Demographic,8.56,8.6%,CSA,71.SE,4,2021
Renter,Demographic,8.615385,8.6%,CSA,71.SE,4,2021
Transit to work,Demographic,8.9,8.9%,CSA,71.SE,4,2021
Drive to work,Demographic,82.1,82.1%,CSA,71.SE,1,2021
LIM-AT 0-17 years,Demographic,9.288538,9.3%,CSA,71.SE,3,2021
Live in single detached home,Demographic,93.73,93.7%,CSA,71.SE,1,2021
No English Knowledge,Demographic,1.3736264,1.4%,CSA,72.SE,3,2021
Transit to work,Demographic,10.3,10.3%,CSA,72.SE,4,2021
Youth,Demographic,10.536044,10.5%,CSA,72.SE,4,2021
Moved in the last year,Demographic,15.18,15.2%,CSA,72.SE,2,2021
Lone Parent,Demographic,15.742794,15.7%,CSA,72.SE,2,2021
Renter,Demographic,20.0,20.0%,CSA,72.SE,3,2021
Visible Minority,Demographic,22.256474,22.3%,CSA,72.SE,3,2021
Children,Demographic,22.67406,22.7%,CSA,72.SE,1,2021
Indigenous,Demographic,3.0228255,3.0%,CSA,72.SE,2,2021
LIM-AT 18-64 years,Demographic,5.0678735,5.1%,CSA,72.SE,4,2021
Median Income,Demographic,51395.0,"$51,395",CSA,72.SE,2,2021
Seniors,Demographic,6.038201,6.0%,CSA,72.SE,4,2021
LIM-AT 65+ years,Demographic,6.122449,6.1%,CSA,72.SE,3,2021
LIM-AT 0-17 years,Demographic,6.6666665,6.7%,CSA,72.SE,4,2021
Live in single detached home,Demographic,60.86,60.9%,CSA,72.SE,3,2021
Newcomers,Demographic,7.891492,7.9%,CSA,72.SE,2,2021
Drive to work,Demographic,79.3,79.3%,CSA,72.SE,1,2021
*Population,Demographic,8115.0,"8,115",CSA,72.SE,4,2021
No English Knowledge,Demographic,0.21276596,0.2%,CSA,73.SE,4,2021
Lone Parent,Demographic,11.969112,12.0%,CSA,73.SE,3,2021
Moved in the last year,Demographic,14.21,14.2%,CSA,73.SE,3,2021
Renter,Demographic,15.416667,15.4%,CSA,73.SE,3,2021
Visible Minority,Demographic,16.630316,16.6%,CSA,73.SE,4,2021
Children,Demographic,22.13983,22.1%,CSA,73.SE,1,2021
LIM-AT 65+ years,Demographic,3.3613446,3.4%,CSA,73.SE,4,2021
Indigenous,Demographic,3.3824332,3.4%,CSA,73.SE,2,2021
Newcomers,Demographic,4.252999,4.3%,CSA,73.SE,4,2021
LIM-AT 18-64 years,Demographic,4.424779,4.4%,CSA,73.SE,4,2021
Live in single detached home,Demographic,48.61,48.6%,CSA,73.SE,3,2021
Median Income,Demographic,56225.2097,"$56,225",CSA,73.SE,1,2021
LIM-AT 0-17 years,Demographic,7.2340426,7.2%,CSA,73.SE,4,2021
Transit to work,Demographic,8.6,8.6%,CSA,73.SE,4,2021
Youth,Demographic,8.792373,8.8%,CSA,73.SE,4,2021
Drive to work,Demographic,82.3,82.3%,CSA,73.SE,1,2021
Seniors,Demographic,9.216102,9.2%,CSA,73.SE,3,2021
*Population,Demographic,9440.0,"9,440",CSA,73.SE,3,2021
No English Knowledge,Demographic,0.80580175,0.8%,CSA,74.SE,4,2021
Renter,Demographic,11.757576,11.8%,CSA,74.SE,4,2021
*Population,Demographic,12280.0,"12,280",CSA,74.SE,2,2021
Moved in the last year,Demographic,17.3,17.3%,CSA,74.SE,2,2021
Seniors,Demographic,2.5651467,2.6%,CSA,74.SE,4,2021
Indigenous,Demographic,2.974735,3.0%,CSA,74.SE,2,2021
Children,Demographic,26.954397,27.0%,CSA,74.SE,1,2021
LIM-AT 18-64 years,Demographic,3.6122818,3.6%,CSA,74.SE,4,2021
Visible Minority,Demographic,34.718826,34.7%,CSA,74.SE,2,2021
LIM-AT 65+ years,Demographic,4.7619047,4.8%,CSA,74.SE,4,2021
Median Income,Demographic,55018.0,"$55,018",CSA,74.SE,1,2021
LIM-AT 0-17 years,Demographic,6.1643834,6.2%,CSA,74.SE,4,2021
Live in single detached home,Demographic,78.79,78.8%,CSA,74.SE,2,2021
Youth,Demographic,8.876222,8.9%,CSA,74.SE,4,2021
Drive to work,Demographic,81.7,81.7%,CSA,74.SE,1,2021
Transit to work,Demographic,9.1,9.1%,CSA,74.SE,4,2021
Newcomers,Demographic,9.131676,9.1%,CSA,74.SE,1,2021
Lone Parent,Demographic,9.343065,9.3%,CSA,74.SE,4,2021
No English Knowledge,Demographic,1.4588859,1.5%,CSA,75.SE,3,2021
Lone Parent,Demographic,12.660028,12.7%,CSA,75.SE,3,2021
Renter,Demographic,12.742981,12.7%,CSA,75.SE,4,2021
*Population,Demographic,12625.0,"12,625",CSA,75.SE,2,2021
Seniors,Demographic,2.7326732,2.7%,CSA,75.SE,4,2021
Moved in the last year,Demographic,20.59,20.6%,CSA,75.SE,1,2021
Children,Demographic,25.50495,25.5%,CSA,75.SE,1,2021
Visible Minority,Demographic,27.593033,27.6%,CSA,75.SE,3,2021
Indigenous,Demographic,3.049505,3.0%,CSA,75.SE,2,2021
LIM-AT 18-64 years,Demographic,3.9013195,3.9%,CSA,75.SE,4,2021
LIM-AT 0-17 years,Demographic,5.758427,5.8%,CSA,75.SE,4,2021
Median Income,Demographic,52917.0,"$52,917",CSA,75.SE,1,2021
Live in single detached home,Demographic,67.71,67.7%,CSA,75.SE,2,2021
Newcomers,Demographic,7.3267326,7.3%,CSA,75.SE,2,2021
LIM-AT 65+ years,Demographic,8.695652,8.7%,CSA,75.SE,2,2021
Youth,Demographic,8.990099,9.0%,CSA,75.SE,4,2021
Drive to work,Demographic,82.7,82.7%,CSA,75.SE,1,2021
Transit to work,Demographic,9.2,9.2%,CSA,75.SE,4,2021
No English Knowledge,Demographic,0.8078995,0.8%,CSA,76.SE,4,2021
LIM-AT 65+ years,Demographic,1.6949153,1.7%,CSA,76.SE,4,2021
Transit to work,Demographic,11.0,11.0%,CSA,76.SE,4,2021
Youth,Demographic,15.57112,15.6%,CSA,76.SE,1,2021
Visible Minority,Demographic,16.595058,16.6%,CSA,76.SE,4,2021
Indigenous,Demographic,2.4180548,2.4%,CSA,76.SE,3,2021
Children,Demographic,26.239223,26.2%,CSA,76.SE,1,2021
LIM-AT 18-64 years,Demographic,3.6939313,3.7%,CSA,76.SE,4,2021
Newcomers,Demographic,4.4575725,4.5%,CSA,76.SE,3,2021
Renter,Demographic,4.9180326,4.9%,CSA,76.SE,4,2021
LIM-AT 0-17 years,Demographic,5.3156147,5.3%,CSA,76.SE,4,2021
Median Income,Demographic,54060.8621,"$54,061",CSA,76.SE,1,2021
Seniors,Demographic,6.3038793,6.3%,CSA,76.SE,4,2021
Moved in the last year,Demographic,8.55,8.6%,CSA,76.SE,4,2021
Drive to work,Demographic,83.2,83.2%,CSA,76.SE,1,2021
Live in single detached home,Demographic,87.8,87.8%,CSA,76.SE,1,2021
Lone Parent,Demographic,9.84252,9.8%,CSA,76.SE,4,2021
*Population,Demographic,9280.0,"9,280",CSA,76.SE,3,2021
No English Knowledge,Demographic,0.5008347,0.5%,CSA,77.SE,4,2021
Renter,Demographic,10.162601,10.2%,CSA,77.SE,4,2021
Youth,Demographic,10.272336,10.3%,CSA,77.SE,4,2021
Newcomers,Demographic,10.531496,10.5%,CSA,77.SE,1,2021
Lone Parent,Demographic,10.720268,10.7%,CSA,77.SE,3,2021
*Population,Demographic,10465.0,"10,465",CSA,77.SE,3,2021
Transit to work,Demographic,13.8,13.8%,CSA,77.SE,3,2021
Indigenous,Demographic,2.559055,2.6%,CSA,77.SE,3,2021
Children,Demographic,22.503584,22.5%,CSA,77.SE,1,2021
Moved in the last year,Demographic,27.21,27.2%,CSA,77.SE,1,2021
Visible Minority,Demographic,35.97441,36.0%,CSA,77.SE,2,2021
LIM-AT 18-64 years,Demographic,4.112554,4.1%,CSA,77.SE,4,2021
Median Income,Demographic,52752.0,"$52,752",CSA,77.SE,1,2021
LIM-AT 0-17 years,Demographic,6.716418,6.7%,CSA,77.SE,4,2021
Live in single detached home,Demographic,60.57,60.6%,CSA,77.SE,3,2021
LIM-AT 65+ years,Demographic,7.894737,7.9%,CSA,77.SE,2,2021
Drive to work,Demographic,78.6,78.6%,CSA,77.SE,1,2021
Seniors,Demographic,8.074534,8.1%,CSA,77.SE,3,2021
No English Knowledge,Demographic,1.5987623,1.6%,CSA,78.SE,3,2021
Lone Parent,Demographic,10.333333,10.3%,CSA,78.SE,4,2021
Renter,Demographic,12.299465,12.3%,CSA,78.SE,4,2021
Indigenous,Demographic,2.7805362,2.8%,CSA,78.SE,2,2021
Visible Minority,Demographic,20.13889,20.1%,CSA,78.SE,4,2021
Children,Demographic,22.99413,23.0%,CSA,78.SE,1,2021
LIM-AT 65+ years,Demographic,4.597701,4.6%,CSA,78.SE,4,2021
LIM-AT 18-64 years,Demographic,4.925373,4.9%,CSA,78.SE,4,2021
Newcomers,Demographic,5.0595236,5.1%,CSA,78.SE,3,2021
*Population,Demographic,5110.0,"5,110",CSA,78.SE,4,2021
Median Income,Demographic,54560.0,"$54,560",CSA,78.SE,1,2021
Live in single detached home,Demographic,75.2,75.2%,CSA,78.SE,2,2021
LIM-AT 0-17 years,Demographic,8.333333,8.3%,CSA,78.SE,3,2021
Seniors,Demographic,8.51272,8.5%,CSA,78.SE,3,2021
Drive to work,Demographic,85.1,85.1%,CSA,78.SE,1,2021
Moved in the last year,Demographic,9.2,9.2%,CSA,78.SE,4,2021
Youth,Demographic,9.491194,9.5%,CSA,78.SE,4,2021
Transit to work,Demographic,9.9,9.9%,CSA,78.SE,4,2021
No English Knowledge,Demographic,0.63559324,0.6%,CSA,79.SE,4,2021
Transit to work,Demographic,10.1,10.1%,CSA,79.SE,4,2021
*Population,Demographic,13085.0,"13,085",CSA,79.SE,1,2021
Moved in the last year,Demographic,16.21,16.2%,CSA,79.SE,2,2021
Indigenous,Demographic,2.9051988,2.9%,CSA,79.SE,2,2021
Children,Demographic,26.786396,26.8%,CSA,79.SE,1,2021
Visible Minority,Demographic,28.429499,28.4%,CSA,79.SE,3,2021
LIM-AT 18-64 years,Demographic,3.5239747,3.5%,CSA,79.SE,4,2021
Seniors,Demographic,4.394345,4.4%,CSA,79.SE,4,2021
LIM-AT 65+ years,Demographic,5.2173915,5.2%,CSA,79.SE,4,2021
LIM-AT 0-17 years,Demographic,5.317769,5.3%,CSA,79.SE,4,2021
Newcomers,Demographic,5.657492,5.7%,CSA,79.SE,3,2021
Median Income,Demographic,58504.0,"$58,504",CSA,79.SE,1,2021
Live in single detached home,Demographic,78.92,78.9%,CSA,79.SE,1,2021
Youth,Demographic,8.712266,8.7%,CSA,79.SE,4,2021
Renter,Demographic,8.856503,8.9%,CSA,79.SE,4,2021
Lone Parent,Demographic,8.947369,8.9%,CSA,79.SE,4,2021
Drive to work,Demographic,82.1,82.1%,CSA,79.SE,1,2021
No English Knowledge,Demographic,1.7634854,1.8%,CSA,8.NW,2,2021
LIM-AT 18-64 years,Demographic,10.140845,10.1%,CSA,8.NW,2,2021
*Population,Demographic,10960.0,"10,960",CSA,8.NW,2,2021
Youth,Demographic,12.819343,12.8%,CSA,8.NW,2,2021
Seniors,Demographic,14.507299,14.5%,CSA,8.NW,2,2021
Moved in the last year,Demographic,14.85,14.8%,CSA,8.NW,2,2021
Children,Demographic,16.69708,16.7%,CSA,8.NW,2,2021
LIM-AT 0-17 years,Demographic,17.11111,17.1%,CSA,8.NW,2,2021
Lone Parent,Demographic,17.71523,17.7%,CSA,8.NW,1,2021
Indigenous,Demographic,2.9085872,2.9%,CSA,8.NW,2,2021
Transit to work,Demographic,21.4,21.4%,CSA,8.NW,1,2021
Renter,Demographic,25.813953,25.8%,CSA,8.NW,2,2021
Visible Minority,Demographic,33.764435,33.8%,CSA,8.NW,2,2021
Median Income,Demographic,38594.0141,"$38,594",CSA,8.NW,3,2021
Live in single detached home,Demographic,50.17,50.2%,CSA,8.NW,3,2021
Drive to work,Demographic,68.1,68.1%,CSA,8.NW,4,2021
LIM-AT 65+ years,Demographic,8.81356,8.8%,CSA,8.NW,2,2021
Newcomers,Demographic,8.822171,8.8%,CSA,8.NW,2,2021
No English Knowledge,Demographic,1.1929247,1.2%,CSA,80.SE,3,2021
Renter,Demographic,13.936098,13.9%,CSA,80.SE,3,2021
Indigenous,Demographic,2.5711036,2.6%,CSA,80.SE,3,2021
Seniors,Demographic,2.831257,2.8%,CSA,80.SE,4,2021
*Population,Demographic,22075.0,"22,075",CSA,80.SE,1,2021
Moved in the last year,Demographic,23.6,23.6%,CSA,80.SE,1,2021
Visible Minority,Demographic,26.331362,26.3%,CSA,80.SE,3,2021
Children,Demographic,29.105322,29.1%,CSA,80.SE,1,2021
LIM-AT 18-64 years,Demographic,3.633218,3.6%,CSA,80.SE,4,2021
LIM-AT 0-17 years,Demographic,5.6468906,5.6%,CSA,80.SE,4,2021
Newcomers,Demographic,5.9158134,5.9%,CSA,80.SE,3,2021
Median Income,Demographic,61868.0,"$61,868",CSA,80.SE,1,2021
LIM-AT 65+ years,Demographic,7.5268817,7.5%,CSA,80.SE,2,2021
Youth,Demographic,7.99547,8.0%,CSA,80.SE,4,2021
Live in single detached home,Demographic,70.18,70.2%,CSA,80.SE,2,2021
Lone Parent,Demographic,8.885299,8.9%,CSA,80.SE,4,2021
Transit to work,Demographic,8.9,8.9%,CSA,80.SE,4,2021
Drive to work,Demographic,81.8,81.8%,CSA,80.SE,1,2021
No English Knowledge,Demographic,1.4504431,1.5%,CSA,81.SW,3,2021
Indigenous,Demographic,1.9092219,1.9%,CSA,81.SW,4,2021
Youth,Demographic,10.3746395,10.4%,CSA,81.SW,4,2021
Lone Parent,Demographic,11.24031,11.2%,CSA,81.SW,3,2021
Transit to work,Demographic,12.7,12.7%,CSA,81.SW,4,2021
*Population,Demographic,13880.0,"13,880",CSA,81.SW,1,2021
Children,Demographic,29.14265,29.1%,CSA,81.SW,1,2021
Visible Minority,Demographic,35.23055,35.2%,CSA,81.SW,2,2021
Seniors,Demographic,4.502882,4.5%,CSA,81.SW,4,2021
LIM-AT 65+ years,Demographic,4.83871,4.8%,CSA,81.SW,4,2021
LIM-AT 18-64 years,Demographic,5.2873564,5.3%,CSA,81.SW,3,2021
Newcomers,Demographic,5.6916428,5.7%,CSA,81.SW,3,2021
LIM-AT 0-17 years,Demographic,6.4763994,6.5%,CSA,81.SW,4,2021
Median Income,Demographic,62472.6718,"$62,473",CSA,81.SW,1,2021
Drive to work,Demographic,76.1,76.1%,CSA,81.SW,2,2021
Live in single detached home,Demographic,81.03,81.0%,CSA,81.SW,1,2021
Renter,Demographic,9.36073,9.4%,CSA,81.SW,4,2021
Moved in the last year,Demographic,9.63,9.6%,CSA,81.SW,4,2021
Indigenous,Demographic,0.85062945,0.9%,CSA,82.SW,4,2021
No English Knowledge,Demographic,1.7478153,1.7%,CSA,82.SW,2,2021
Moved in the last year,Demographic,11.25,11.3%,CSA,82.SW,3,2021
Youth,Demographic,11.317568,11.3%,CSA,82.SW,3,2021
*Population,Demographic,14800.0,"14,800",CSA,82.SW,1,2021
Transit to work,Demographic,17.3,17.3%,CSA,82.SW,2,2021
Children,Demographic,27.5,27.5%,CSA,82.SW,1,2021
Visible Minority,Demographic,39.67336,39.7%,CSA,82.SW,2,2021
LIM-AT 18-64 years,Demographic,4.2780747,4.3%,CSA,82.SW,4,2021
LIM-AT 0-17 years,Demographic,4.4728436,4.5%,CSA,82.SW,4,2021
Seniors,Demographic,5.1013513,5.1%,CSA,82.SW,4,2021
Newcomers,Demographic,6.501021,6.5%,CSA,82.SW,2,2021
LIM-AT 65+ years,Demographic,6.923077,6.9%,CSA,82.SW,3,2021
Median Income,Demographic,70699.7986,"$70,700",CSA,82.SW,1,2021
Drive to work,Demographic,72.1,72.1%,CSA,82.SW,3,2021
Live in single detached home,Demographic,75.08,75.1%,CSA,82.SW,2,2021
Renter,Demographic,8.169934,8.2%,CSA,82.SW,4,2021
Lone Parent,Demographic,8.468245,8.5%,CSA,82.SW,4,2021
No English Knowledge,Demographic,1.1120616,1.1%,CSA,83.SW,3,2021
Youth,Demographic,11.439499,11.4%,CSA,83.SW,3,2021
LIM-AT 0-17 years,Demographic,12.4293785,12.4%,CSA,83.SW,2,2021
Lone Parent,Demographic,13.317479,13.3%,CSA,83.SW,2,2021
*Population,Demographic,14380.0,"14,380",CSA,83.SW,1,2021
Children,Demographic,15.159945,15.2%,CSA,83.SW,3,2021
Renter,Demographic,15.190972,15.2%,CSA,83.SW,3,2021
Transit to work,Demographic,16.2,16.2%,CSA,83.SW,2,2021
Seniors,Demographic,17.767733,17.8%,CSA,83.SW,1,2021
Indigenous,Demographic,2.5387871,2.5%,CSA,83.SW,3,2021
Visible Minority,Demographic,26.833569,26.8%,CSA,83.SW,3,2021
Newcomers,Demographic,4.760226,4.8%,CSA,83.SW,3,2021
LIM-AT 65+ years,Demographic,5.2966104,5.3%,CSA,83.SW,4,2021
Live in single detached home,Demographic,50.65,50.6%,CSA,83.SW,3,2021
Median Income,Demographic,51456.8234,"$51,457",CSA,83.SW,2,2021
LIM-AT 18-64 years,Demographic,6.706652,6.7%,CSA,83.SW,3,2021
Drive to work,Demographic,71.4,71.4%,CSA,83.SW,3,2021
Moved in the last year,Demographic,9.95,9.9%,CSA,83.SW,4,2021
No English Knowledge,Demographic,1.6441005,1.6%,CSA,84.SW,2,2021
LIM-AT 65+ years,Demographic,10.074627,10.1%,CSA,84.SW,2,2021
LIM-AT 18-64 years,Demographic,10.693642,10.7%,CSA,84.SW,2,2021
*Population,Demographic,10675.0,"10,675",CSA,84.SW,2,2021
Children,Demographic,15.59719,15.6%,CSA,84.SW,3,2021
Lone Parent,Demographic,16.517056,16.5%,CSA,84.SW,2,2021
Seniors,Demographic,16.580797,16.6%,CSA,84.SW,1,2021
Moved in the last year,Demographic,16.79,16.8%,CSA,84.SW,2,2021
LIM-AT 0-17 years,Demographic,18.997362,19.0%,CSA,84.SW,2,2021
Indigenous,Demographic,2.877698,2.9%,CSA,84.SW,2,2021
Transit to work,Demographic,20.0,20.0%,CSA,84.SW,1,2021
Visible Minority,Demographic,23.080614,23.1%,CSA,84.SW,3,2021
Renter,Demographic,39.572193,39.6%,CSA,84.SW,1,2021
Live in single detached home,Demographic,45.51,45.5%,CSA,84.SW,3,2021
Median Income,Demographic,47359.4187,"$47,359",CSA,84.SW,2,2021
Newcomers,Demographic,5.4196644,5.4%,CSA,84.SW,3,2021
Drive to work,Demographic,68.4,68.4%,CSA,84.SW,3,2021
Youth,Demographic,9.601873,9.6%,CSA,84.SW,4,2021
No English Knowledge,Demographic,0.78125,0.8%,CSA,85.SW,4,2021
LIM-AT 65+ years,Demographic,11.111111,11.1%,CSA,85.SW,1,2021
Newcomers,Demographic,13.677812,13.7%,CSA,85.SW,1,2021
Youth,Demographic,13.75502,13.8%,CSA,85.SW,1,2021
LIM-AT 18-64 years,Demographic,14.09396,14.1%,CSA,85.SW,1,2021
Children,Demographic,15.160643,15.2%,CSA,85.SW,3,2021
Live in single detached home,Demographic,20.23,20.2%,CSA,85.SW,4,2021
Lone Parent,Demographic,22.619047,22.6%,CSA,85.SW,1,2021
LIM-AT 0-17 years,Demographic,25.714285,25.7%,CSA,85.SW,1,2021
Moved in the last year,Demographic,27.47,27.5%,CSA,85.SW,1,2021
Transit to work,Demographic,29.0,29.0%,CSA,85.SW,1,2021
Visible Minority,Demographic,34.042553,34.0%,CSA,85.SW,2,2021
Median Income,Demographic,35558.0,"$35,558",CSA,85.SW,4,2021
Indigenous,Demographic,4.7619047,4.8%,CSA,85.SW,1,2021
*Population,Demographic,4980.0,"4,980",CSA,85.SW,4,2021
Drive to work,Demographic,58.6,58.6%,CSA,85.SW,4,2021
Renter,Demographic,62.64501,62.6%,CSA,85.SW,1,2021
Seniors,Demographic,7.329317,7.3%,CSA,85.SW,4,2021
No English Knowledge,Demographic,1.2027491,1.2%,CSA,86.SW,3,2021
Children,Demographic,10.323383,10.3%,CSA,86.SW,4,2021
Lone Parent,Demographic,11.014493,11.0%,CSA,86.SW,3,2021
Youth,Demographic,11.19403,11.2%,CSA,86.SW,3,2021
LIM-AT 18-64 years,Demographic,14.460597,14.5%,CSA,86.SW,1,2021
LIM-AT 65+ years,Demographic,17.171717,17.2%,CSA,86.SW,1,2021
Live in single detached home,Demographic,17.32,17.3%,CSA,86.SW,4,2021
Transit to work,Demographic,19.8,19.8%,CSA,86.SW,1,2021
LIM-AT 0-17 years,Demographic,20.10582,20.1%,CSA,86.SW,2,2021
Visible Minority,Demographic,24.477245,24.5%,CSA,86.SW,3,2021
Moved in the last year,Demographic,30.43,30.4%,CSA,86.SW,1,2021
Indigenous,Demographic,4.0590405,4.1%,CSA,86.SW,1,2021
Median Income,Demographic,44516.4341,"$44,516",CSA,86.SW,3,2021
Drive to work,Demographic,56.9,56.9%,CSA,86.SW,4,2021
Seniors,Demographic,6.2189054,6.2%,CSA,86.SW,4,2021
Renter,Demographic,63.2287,63.2%,CSA,86.SW,1,2021
Newcomers,Demographic,7.0110703,7.0%,CSA,86.SW,2,2021
*Population,Demographic,8040.0,"8,040",CSA,86.SW,4,2021
Live in single detached home,Demographic,0.0,0.0%,CSA,87.SW,4,2021
Indigenous,Demographic,1.5410246,1.5%,CSA,87.SW,4,2021
Seniors,Demographic,11.3107395,11.3%,CSA,87.SW,3,2021
*Population,Demographic,12245.0,"12,245",CSA,87.SW,2,2021
LIM-AT 18-64 years,Demographic,18.051283,18.1%,CSA,87.SW,1,2021
Newcomers,Demographic,18.617243,18.6%,CSA,87.SW,1,2021
LIM-AT 65+ years,Demographic,21.862349,21.9%,CSA,87.SW,1,2021
Drive to work,Demographic,26.8,26.8%,CSA,87.SW,4,2021
LIM-AT 0-17 years,Demographic,29.10798,29.1%,CSA,87.SW,1,2021
Transit to work,Demographic,31.2,31.2%,CSA,87.SW,1,2021
Moved in the last year,Demographic,38.75,38.8%,CSA,87.SW,1,2021
Median Income,Demographic,41834.3708,"$41,834",CSA,87.SW,3,2021
No English Knowledge,Demographic,5.87103,5.9%,CSA,87.SW,1,2021
Visible Minority,Demographic,54.41299,54.4%,CSA,87.SW,1,2021
Children,Demographic,7.962434,8.0%,CSA,87.SW,4,2021
Renter,Demographic,75.501434,75.5%,CSA,87.SW,1,2021
Youth,Demographic,9.55492,9.6%,CSA,87.SW,4,2021
Lone Parent,Demographic,9.638555,9.6%,CSA,87.SW,4,2021
Live in single detached home,Demographic,0.6,0.6%,CSA,88.SW,4,2021
Newcomers,Demographic,10.939431,10.9%,CSA,88.SW,1,2021
LIM-AT 18-64 years,Demographic,12.008734,12.0%,CSA,88.SW,1,2021
Transit to work,Demographic,14.8,14.8%,CSA,88.SW,3,2021
Indigenous,Demographic,2.8447742,2.8%,CSA,88.SW,2,2021
LIM-AT 65+ years,Demographic,28.35821,28.4%,CSA,88.SW,1,2021
No English Knowledge,Demographic,3.1044214,3.1%,CSA,88.SW,1,2021
Visible Minority,Demographic,30.674088,30.7%,CSA,88.SW,3,2021
LIM-AT 0-17 years,Demographic,32.727272,32.7%,CSA,88.SW,1,2021
Moved in the last year,Demographic,35.19,35.2%,CSA,88.SW,1,2021
Drive to work,Demographic,41.8,41.8%,CSA,88.SW,4,2021
Median Income,Demographic,48640.0,"$48,640",CSA,88.SW,2,2021
Children,Demographic,5.7371993,5.7%,CSA,88.SW,4,2021
Renter,Demographic,66.16314,66.2%,CSA,88.SW,1,2021
Seniors,Demographic,8.328193,8.3%,CSA,88.SW,3,2021
*Population,Demographic,8105.0,"8,105",CSA,88.SW,4,2021
Lone Parent,Demographic,9.065156,9.1%,CSA,88.SW,4,2021
Youth,Demographic,9.685379,9.7%,CSA,88.SW,4,2021
Live in single detached home,Demographic,0.1,0.1%,CSA,89.SW,4,2021
LIM-AT 18-64 years,Demographic,12.875197,12.9%,CSA,89.SW,1,2021
Transit to work,Demographic,12.9,12.9%,CSA,89.SW,4,2021
Indigenous,Demographic,2.1126761,2.1%,CSA,89.SW,3,2021
No English Knowledge,Demographic,2.2350397,2.2%,CSA,89.SW,2,2021
LIM-AT 65+ years,Demographic,25.242718,25.2%,CSA,89.SW,1,2021
LIM-AT 0-17 years,Demographic,29.411764,29.4%,CSA,89.SW,1,2021
Children,Demographic,3.66782,3.7%,CSA,89.SW,4,2021
Visible Minority,Demographic,30.352112,30.4%,CSA,89.SW,3,2021
Drive to work,Demographic,33.2,33.2%,CSA,89.SW,4,2021
Moved in the last year,Demographic,33.24,33.2%,CSA,89.SW,1,2021
Median Income,Demographic,52678.0,"$52,678",CSA,89.SW,1,2021
Renter,Demographic,69.19087,69.2%,CSA,89.SW,1,2021
Seniors,Demographic,7.197232,7.2%,CSA,89.SW,4,2021
*Population,Demographic,7225.0,"7,225",CSA,89.SW,4,2021
Newcomers,Demographic,8.169014,8.2%,CSA,89.SW,2,2021
Lone Parent,Demographic,8.602151,8.6%,CSA,89.SW,4,2021
Youth,Demographic,9.965398,10.0%,CSA,89.SW,4,2021
Indigenous,Demographic,1.4705882,1.5%,CSA,9.NW,4,2021
Lone Parent,Demographic,10.681399,10.7%,CSA,9.NW,3,2021
Seniors,Demographic,12.506767,12.5%,CSA,9.NW,2,2021
Children,Demographic,15.701137,15.7%,CSA,9.NW,3,2021
Transit to work,Demographic,16.1,16.1%,CSA,9.NW,2,2021
Youth,Demographic,17.596102,17.6%,CSA,9.NW,1,2021
No English Knowledge,Demographic,2.5069637,2.5%,CSA,9.NW,2,2021
Visible Minority,Demographic,38.628944,38.6%,CSA,9.NW,2,2021
Newcomers,Demographic,4.9510336,5.0%,CSA,9.NW,3,2021
Median Income,Demographic,43371.7396,"$43,372",CSA,9.NW,3,2021
LIM-AT 18-64 years,Demographic,5.1344743,5.1%,CSA,9.NW,4,2021
LIM-AT 65+ years,Demographic,5.6277056,5.6%,CSA,9.NW,3,2021
LIM-AT 0-17 years,Demographic,7.731959,7.7%,CSA,9.NW,3,2021
Drive to work,Demographic,74.8,74.8%,CSA,9.NW,2,2021
Moved in the last year,Demographic,8.18,8.2%,CSA,9.NW,4,2021
Renter,Demographic,9.137055,9.1%,CSA,9.NW,4,2021
Live in single detached home,Demographic,90.88,90.9%,CSA,9.NW,1,2021
*Population,Demographic,9235.0,"9,235",CSA,9.NW,3,2021
Indigenous,Demographic,1.6771488,1.7%,CSA,90.SW,4,2021
Moved in the last year,Demographic,12.07,12.1%,CSA,90.SW,3,2021
Youth,Demographic,12.713937,12.7%,CSA,90.SW,2,2021
Renter,Demographic,13.381001,13.4%,CSA,90.SW,3,2021
Transit to work,Demographic,14.9,14.9%,CSA,90.SW,3,2021
*Population,Demographic,14315.0,"14,315",CSA,90.SW,1,2021
Children,Demographic,22.913029,22.9%,CSA,90.SW,1,2021
No English Knowledge,Demographic,3.1413612,3.1%,CSA,90.SW,1,2021
Visible Minority,Demographic,31.516422,31.5%,CSA,90.SW,2,2021
LIM-AT 18-64 years,Demographic,4.844856,4.8%,CSA,90.SW,4,2021
LIM-AT 0-17 years,Demographic,5.3030305,5.3%,CSA,90.SW,4,2021
LIM-AT 65+ years,Demographic,5.982906,6.0%,CSA,90.SW,3,2021
Newcomers,Demographic,6.431318,6.4%,CSA,90.SW,2,2021
Median Income,Demographic,61881.4125,"$61,881",CSA,90.SW,1,2021
Live in single detached home,Demographic,70.41,70.4%,CSA,90.SW,2,2021
Drive to work,Demographic,78.0,78.0%,CSA,90.SW,1,2021
Seniors,Demographic,8.103388,8.1%,CSA,90.SW,3,2021
Lone Parent,Demographic,8.888889,8.9%,CSA,90.SW,4,2021
Indigenous,Demographic,0.8394161,0.8%,CSA,91.SW,4,2021
Lone Parent,Demographic,10.84788,10.8%,CSA,91.SW,3,2021
*Population,Demographic,13915.0,"13,915",CSA,91.SW,1,2021
Youth,Demographic,14.229249,14.2%,CSA,91.SW,1,2021
Children,Demographic,14.624506,14.6%,CSA,91.SW,4,2021
Transit to work,Demographic,18.8,18.8%,CSA,91.SW,2,2021
Seniors,Demographic,19.044197,19.0%,CSA,91.SW,1,2021
No English Knowledge,Demographic,2.5373135,2.5%,CSA,91.SW,2,2021
Visible Minority,Demographic,34.452557,34.5%,CSA,91.SW,2,2021
Newcomers,Demographic,4.087591,4.1%,CSA,91.SW,4,2021
LIM-AT 18-64 years,Demographic,4.792519,4.8%,CSA,91.SW,4,2021
Median Income,Demographic,46463.8958,"$46,464",CSA,91.SW,2,2021
LIM-AT 0-17 years,Demographic,5.451128,5.5%,CSA,91.SW,4,2021
LIM-AT 65+ years,Demographic,5.5888224,5.6%,CSA,91.SW,3,2021
Live in single detached home,Demographic,65.96,66.0%,CSA,91.SW,2,2021
Drive to work,Demographic,70.3,70.3%,CSA,91.SW,3,2021
Renter,Demographic,8.03485,8.0%,CSA,91.SW,4,2021
Moved in the last year,Demographic,9.39,9.4%,CSA,91.SW,4,2021
No English Knowledge,Demographic,1.3374486,1.3%,CSA,92.SW,3,2021
Youth,Demographic,11.085181,11.1%,CSA,92.SW,3,2021
LIM-AT 18-64 years,Demographic,11.552029,11.6%,CSA,92.SW,1,2021
LIM-AT 65+ years,Demographic,11.764706,11.8%,CSA,92.SW,1,2021
Seniors,Demographic,14.469078,14.5%,CSA,92.SW,2,2021
Children,Demographic,16.627771,16.6%,CSA,92.SW,2,2021
Transit to work,Demographic,17.8,17.8%,CSA,92.SW,2,2021
Moved in the last year,Demographic,18.31,18.3%,CSA,92.SW,2,2021
Lone Parent,Demographic,21.247112,21.2%,CSA,92.SW,1,2021
LIM-AT 0-17 years,Demographic,24.012157,24.0%,CSA,92.SW,1,2021
Live in single detached home,Demographic,26.96,27.0%,CSA,92.SW,4,2021
Visible Minority,Demographic,26.966291,27.0%,CSA,92.SW,3,2021
Indigenous,Demographic,3.429923,3.4%,CSA,92.SW,2,2021
Renter,Demographic,40.7947,40.8%,CSA,92.SW,1,2021
Median Income,Demographic,40614.007,"$40,614",CSA,92.SW,3,2021
Drive to work,Demographic,68.5,68.5%,CSA,92.SW,3,2021
Newcomers,Demographic,8.338262,8.3%,CSA,92.SW,2,2021
*Population,Demographic,8570.0,"8,570",CSA,92.SW,4,2021
No English Knowledge,Demographic,0.84388185,0.8%,CSA,93.SW,4,2021
*Population,Demographic,10185.0,"10,185",CSA,93.SW,3,2021
Youth,Demographic,11.880216,11.9%,CSA,93.SW,2,2021
LIM-AT 0-17 years,Demographic,13.07902,13.1%,CSA,93.SW,2,2021
Seniors,Demographic,13.402061,13.4%,CSA,93.SW,2,2021
Moved in the last year,Demographic,14.52,14.5%,CSA,93.SW,2,2021
Children,Demographic,15.365734,15.4%,CSA,93.SW,3,2021
Transit to work,Demographic,16.8,16.8%,CSA,93.SW,2,2021
Lone Parent,Demographic,18.297102,18.3%,CSA,93.SW,1,2021
Visible Minority,Demographic,18.608095,18.6%,CSA,93.SW,4,2021
Indigenous,Demographic,3.8480513,3.8%,CSA,93.SW,1,2021
Median Income,Demographic,41095.381,"$41,095",CSA,93.SW,3,2021
Renter,Demographic,42.607685,42.6%,CSA,93.SW,1,2021
Live in single detached home,Demographic,47.31,47.3%,CSA,93.SW,3,2021
Newcomers,Demographic,5.574741,5.6%,CSA,93.SW,3,2021
Drive to work,Demographic,69.3,69.3%,CSA,93.SW,3,2021
LIM-AT 65+ years,Demographic,8.550186,8.6%,CSA,93.SW,2,2021
LIM-AT 18-64 years,Demographic,9.02527,9.0%,CSA,93.SW,2,2021
No English Knowledge,Demographic,1.0243278,1.0%,CSA,94.SW,3,2021
LIM-AT 0-17 years,Demographic,11.63311,11.6%,CSA,94.SW,3,2021
Lone Parent,Demographic,13.502674,13.5%,CSA,94.SW,2,2021
Children,Demographic,13.658038,13.7%,CSA,94.SW,4,2021
*Population,Demographic,14680.0,"14,680",CSA,94.SW,1,2021
LIM-AT 65+ years,Demographic,15.948276,15.9%,CSA,94.SW,1,2021
Visible Minority,Demographic,18.846022,18.8%,CSA,94.SW,4,2021
Transit to work,Demographic,19.3,19.3%,CSA,94.SW,1,2021
Indigenous,Demographic,2.8688524,2.9%,CSA,94.SW,2,2021
Moved in the last year,Demographic,24.16,24.2%,CSA,94.SW,1,2021
Live in single detached home,Demographic,26.6,26.6%,CSA,94.SW,4,2021
Renter,Demographic,43.816254,43.8%,CSA,94.SW,1,2021
Newcomers,Demographic,5.1930304,5.2%,CSA,94.SW,3,2021
Median Income,Demographic,50538.9084,"$50,539",CSA,94.SW,2,2021
Drive to work,Demographic,66.3,66.3%,CSA,94.SW,4,2021
Seniors,Demographic,7.9019074,7.9%,CSA,94.SW,3,2021
LIM-AT 18-64 years,Demographic,9.192325,9.2%,CSA,94.SW,2,2021
Youth,Demographic,9.707085,9.7%,CSA,94.SW,4,2021
No English Knowledge,Demographic,0.5524862,0.6%,CSA,95.SW,4,2021
Youth,Demographic,10.603829,10.6%,CSA,95.SW,4,2021
LIM-AT 18-64 years,Demographic,11.565836,11.6%,CSA,95.SW,1,2021
Live in single detached home,Demographic,12.52,12.5%,CSA,95.SW,4,2021
LIM-AT 0-17 years,Demographic,12.871287,12.9%,CSA,95.SW,2,2021
Transit to work,Demographic,14.1,14.1%,CSA,95.SW,3,2021
LIM-AT 65+ years,Demographic,19.298246,19.3%,CSA,95.SW,1,2021
Visible Minority,Demographic,21.412472,21.4%,CSA,95.SW,3,2021
Moved in the last year,Demographic,27.22,27.2%,CSA,95.SW,1,2021
Indigenous,Demographic,3.0052593,3.0%,CSA,95.SW,2,2021
Drive to work,Demographic,46.1,46.1%,CSA,95.SW,4,2021
Newcomers,Demographic,5.8602552,5.9%,CSA,95.SW,3,2021
Median Income,Demographic,52066.0,"$52,066",CSA,95.SW,1,2021
Children,Demographic,6.185567,6.2%,CSA,95.SW,4,2021
Renter,Demographic,60.78915,60.8%,CSA,95.SW,1,2021
*Population,Demographic,6790.0,"6,790",CSA,95.SW,4,2021
Lone Parent,Demographic,9.342561,9.3%,CSA,95.SW,4,2021
Seniors,Demographic,9.572902,9.6%,CSA,95.SW,3,2021
No English Knowledge,Demographic,0.6145742,0.6%,CSA,96.SW,4,2021
Live in single detached home,Demographic,0.67,0.7%,CSA,96.SW,4,2021
Seniors,Demographic,10.264722,10.3%,CSA,96.SW,3,2021
LIM-AT 18-64 years,Demographic,10.788114,10.8%,CSA,96.SW,2,2021
Transit to work,Demographic,12.9,12.9%,CSA,96.SW,4,2021
Indigenous,Demographic,2.324263,2.3%,CSA,96.SW,3,2021
Children,Demographic,2.971367,3.0%,CSA,96.SW,4,2021
LIM-AT 0-17 years,Demographic,21.052631,21.1%,CSA,96.SW,1,2021
LIM-AT 65+ years,Demographic,21.73913,21.7%,CSA,96.SW,1,2021
Visible Minority,Demographic,24.829931,24.8%,CSA,96.SW,3,2021
Moved in the last year,Demographic,38.24,38.2%,CSA,96.SW,1,2021
Drive to work,Demographic,42.6,42.6%,CSA,96.SW,4,2021
Median Income,Demographic,57461.0,"$57,461",CSA,96.SW,1,2021
Newcomers,Demographic,6.519274,6.5%,CSA,96.SW,2,2021
Lone Parent,Demographic,6.98324,7.0%,CSA,96.SW,4,2021
Renter,Demographic,63.76569,63.8%,CSA,96.SW,1,2021
Youth,Demographic,9.886548,9.9%,CSA,96.SW,4,2021
*Population,Demographic,9255.0,"9,255",CSA,96.SW,3,2021
No English Knowledge,Demographic,0.9230769,0.9%,CSA,97.SW,3,2021
Seniors,Demographic,13.253012,13.3%,CSA,97.SW,2,2021
LIM-AT 65+ years,Demographic,13.716814,13.7%,CSA,97.SW,1,2021
Lone Parent,Demographic,14.5348835,14.5%,CSA,97.SW,2,2021
Transit to work,Demographic,14.9,14.9%,CSA,97.SW,3,2021
*Population,Demographic,14525.0,"14,525",CSA,97.SW,1,2021
LIM-AT 0-17 years,Demographic,15.225564,15.2%,CSA,97.SW,2,2021
Children,Demographic,16.144579,16.1%,CSA,97.SW,3,2021
Visible Minority,Demographic,18.951612,19.0%,CSA,97.SW,4,2021
Moved in the last year,Demographic,22.29,22.3%,CSA,97.SW,1,2021
Live in single detached home,Demographic,24.36,24.4%,CSA,97.SW,4,2021
Indigenous,Demographic,3.2258065,3.2%,CSA,97.SW,2,2021
Renter,Demographic,38.97281,39.0%,CSA,97.SW,2,2021
Newcomers,Demographic,4.470502,4.5%,CSA,97.SW,3,2021
Median Income,Demographic,60985.159,"$60,985",CSA,97.SW,1,2021
Drive to work,Demographic,70.1,70.1%,CSA,97.SW,3,2021
LIM-AT 18-64 years,Demographic,9.45122,9.5%,CSA,97.SW,2,2021
Youth,Demographic,9.604131,9.6%,CSA,97.SW,4,2021
No English Knowledge,Demographic,0.3699137,0.4%,CSA,98.SW,4,2021
Indigenous,Demographic,1.6155989,1.6%,CSA,98.SW,4,2021
Lone Parent,Demographic,10.0,10.0%,CSA,98.SW,4,2021
Seniors,Demographic,11.315496,11.3%,CSA,98.SW,3,2021
Moved in the last year,Demographic,11.57,11.6%,CSA,98.SW,3,2021
Youth,Demographic,11.761427,11.8%,CSA,98.SW,2,2021
Renter,Demographic,15.981735,16.0%,CSA,98.SW,3,2021
Newcomers,Demographic,2.561247,2.6%,CSA,98.SW,4,2021
Children,Demographic,21.237457,21.2%,CSA,98.SW,2,2021
LIM-AT 0-17 years,Demographic,4.0,4.0%,CSA,98.SW,4,2021
LIM-AT 65+ years,Demographic,4.4334974,4.4%,CSA,98.SW,4,2021
LIM-AT 18-64 years,Demographic,5.263158,5.3%,CSA,98.SW,4,2021
Live in single detached home,Demographic,69.89,69.9%,CSA,98.SW,2,2021
Transit to work,Demographic,7.5,7.5%,CSA,98.SW,4,2021
Drive to work,Demographic,73.9,73.9%,CSA,98.SW,2,2021
Median Income,Demographic,73533.5195,"$73,534",CSA,98.SW,1,2021
Visible Minority,Demographic,8.6350975,8.6%,CSA,98.SW,4,2021
*Population,Demographic,8970.0,"8,970",CSA,98.SW,3,2021
No English Knowledge,Demographic,1.1437908,1.1%,CSA,99.SW,3,2021
Youth,Demographic,11.287554,11.3%,CSA,99.SW,3,2021
LIM-AT 18-64 years,Demographic,11.86747,11.9%,CSA,99.SW,1,2021
LIM-AT 65+ years,Demographic,11.923077,11.9%,CSA,99.SW,1,2021
*Population,Demographic,11650.0,"11,650",CSA,99.SW,2,2021
Seniors,Demographic,12.060086,12.1%,CSA,99.SW,2,2021
Children,Demographic,12.446352,12.4%,CSA,99.SW,4,2021
Lone Parent,Demographic,14.431239,14.4%,CSA,99.SW,2,2021
LIM-AT 0-17 years,Demographic,16.091953,16.1%,CSA,99.SW,2,2021
Transit to work,Demographic,17.7,17.7%,CSA,99.SW,2,2021
Indigenous,Demographic,2.194908,2.2%,CSA,99.SW,3,2021
Moved in the last year,Demographic,23.78,23.8%,CSA,99.SW,1,2021
Visible Minority,Demographic,24.835455,24.8%,CSA,99.SW,3,2021
Live in single detached home,Demographic,30.8,30.8%,CSA,99.SW,4,2021
Median Income,Demographic,46855.0043,"$46,855",CSA,99.SW,2,2021
Renter,Demographic,49.68153,49.7%,CSA,99.SW,1,2021
Drive to work,Demographic,61.6,61.6%,CSA,99.SW,4,2021
Newcomers,Demographic,8.34065,8.3%,CSA,99.SW,2,2021
