name,postal_cod,city,province,phone_no,postsecond,data_source,global_id,email,board,address_ab,grades,elem,junior_h,senior_h,lon,lat
ST. MARY'S UNIVERSITY - STUDENTS' ASSOCIATION,T2X1Z4,Calgary,AB,(403) 531-9130,Y,Y,{1EFE7E91-09DB-4CAB-B986-8A56C4C0C4C1},,,,,,,,-114.0663533,50.9224441
BOW VALLEY COLLEGE,T2G4V1,Calgary,AB,(403) 410-1400,Y,Y,{02156BD2-A8D8-43C3-84F2-DD400F0F642D},info@bowvalleycollege.ca,,,,,,,-114.0560154,51.0467729
AMBROSE UNIVERSITY,T3H0L5,Calgary,AB,(403) 410-2000,Y,Y,{59CA971D-40D0-47CE-9515-0B121DC02112},,,,,,,,-114.1930641,51.0337138
ALBERTA UNIVERSITY OF THE ARTS,T2N4R3,Calgary,AB,(403) 284-7600,Y,Y,{4CE9B65D-F27D-4BD5-A677-9A437F71E4B4},infodesk@auarts.ca,,,,,,,-114.0916194,51.0620132
UNIVERSITY OF LETHBRIDGE,T2G4V1,Calgary,AB,(403) 261-2944,Y,Y,{A4738CC1-6DC8-4A2A-A028-BBD9EC982174},calgary.campus@uleth.ca,,,,,,,-114.0560154,51.0467729
UNIVERSITY OF CALGARY - MAIN CAMPUS - MACEWAN STUDENT CENTRE,,Calgary,AB,(403) 210-7625,Y,Y,{B95A3E0E-4B46-4F18-9E9F-18B626ED3C57},,,,,,,,-114.1317287,51.0782159
MOUNT ROYAL UNIVERSITY - LINCOLN PARK CAMPUS,T3E6K6,Calgary,AB,(403) 440-5000,Y,Y,{DC9F8310-4574-4F81-9FED-3746890C1A74},aro@mtroyal.ca,,,,,,,-114.1327346,51.0128117
Prairie Sky School,T3N2E7,Calgary,AB,(403) 817-3452,N,N,{13423E95-9C68-4780-A9DB-5F8AD2C130AF},prairiesky@cbe.ab.ca,The Calgary School Division,201 Skyview Ranch Road NE,Elementary/Junior High,Y,Y,N,-113.9569039,51.1621393
Calgary Christian High School,T3E0R5,Calgary,AB,(403) 242-2896,N,N,{687D22C0-63FA-47FA-AD9D-1AB44D641999},ccssoffice@pallisersd.ab.ca,The Palliser School Division,5029 - 26 Avenue S.W.,Junior High/Senior High,N,Y,Y,-114.1589554,51.0297701
The Gilbertine Academy,T2G0N1,Calgary,AB,(866) 361-3650,N,N,{CB56DB3A-934D-4CC9-AF15-A4C5074D5526},admin@gilbertineinstitute.com,The Gilbertine Institute of Catholic Studies,1423 8 Ave SE,Elementary/Junior High/Senior High,Y,Y,Y,-114.0292647,51.0400303
Delta West Academy,T2E4P3,Calgary,AB,(403) 290-0767,N,N,{19752C93-7B5C-4A01-870E-F28108E576F2},info@deltawestacademy.ca,Delta West Academy Society,414 - 11A Street N.E.,Elementary/Junior High/Senior High,Y,Y,Y,-114.0346391,51.0551144
École Notre-Dame-de-la-Paix,T2J2B7,Calgary,AB,(403) 271-5544,N,N,{05899DC8-E63B-47A7-8D23-D7A6EAE89CBB},ecolendp@francosud.ca,The Southern Francophone Education Region,809 Willingdon Blvd SE,Elementary,Y,N,N,-114.0433868,50.9509238
Italian School of Calgary,T2E0B4,Calgary,AB,(403) 264-6349,N,N,{00E5120F-8FC9-4081-80DC-E5AAB85C7108},clcic@shaw.ca,Centro Linguistico E Culturale Italiano Calgary,416-1 Avenue N.E.,Junior High/Senior High,N,Y,Y,-114.0531614,51.0537531
Phoenix Education Foundation,T2E6J6,Calgary,AB,(403) 265-7701,N,N,{1A9B723C-ABDA-4B7B-8018-B6C757FC6A03},info@phoenixfoundation.ca,Phoenix Education Foundation,320 19 Street S.E.,Elementary/Junior High/Senior High,Y,Y,Y,-114.0078399,51.0502709
Calgary Chinese Private School,T2P0B9,Calgary,AB,(403) 264-2233,N,N,{EAD9B003-F05F-4597-8A81-979BCE827131},ccps@shaw.ca,The Calgary Chinese Public School Society,126 2nd Avenue S.W,Senior High,N,N,Y,-114.0643022,51.0516213
W.H.Cushing Workplace School,T2P1M6,Calgary,AB,(403) 777-8900,N,N,{48D9D9DE-B831-49B0-BF7F-5D20B765B7FF},whcushing@cbe.ab.ca,The Calgary School Division,130 - 7 Avenue S.W.,Unknown,N,N,N,-114.0649275,51.0468308
Northwest Elementary Campus,T2K0J5,Calgary,AB,(403) 282-5202,N,N,{22C9A337-6E76-4DF9-A071-0930129327F4},swita.sharma@ffca-calgary.com,Foundations for the Future Charter Academy Charter School Society,719-44 Ave NW,Elementary,Y,N,N,-114.0780737,51.0931795
Yufeng Chinese School,T3G4V5,Calgary,AB,(403) 681-8617,N,N,{008E34AD-562D-46B5-BB45-4CF3B927F534},yufengchineseschool@telus.net,Yufeng Chinese School Centre,169 Citadel Ridge Close NW,Elementary/Junior High/Senior High,Y,Y,Y,-114.1834835,51.1461011
Calgary Chinese Alliance School,T3K2E2,Calgary,AB,(403) 274-7046,N,N,{BF13BFDE-03A7-4D79-94C4-D1D98D207ADF},info@ccas.school,Calgary Chinese Alliance School Society,150 Beddington Blvd. NE,Senior High,N,N,Y,-114.0676398,51.1257394
LYNX West,T3E6M6,Calgary,AB,(403) 288-5335,N,N,{F23BE1B9-565C-4E6A-9C68-1AFB66966EAB},abed@thirdshools.ca,Third Academy International Ltd.,3311-49 Street SW,Elementary/Junior High,Y,Y,N,-114.1587786,51.0247923
Foothills Academy,T2N4T1,Calgary,AB,(403) 270-9400,N,N,{897E1F7A-A037-41E9-B8B2-A7B4C59DB53E},,Foothills Academy Society,745 - 37 Street N.W.,Elementary/Junior High/Senior High,Y,Y,Y,-114.1423208,51.0640789
Renfrew Educational Services-Bowness Centre,T3B2B2,Calgary,AB,(403) 291-5038,N,N,{9EF89167-5AC9-4601-AE16-19D9FC6C2211},renfrew@renfreweducation.org,Renfrew Educational Services Society,2050 - 21 Street N.E.,Unknown,N,N,N,-114.2119387,51.096336
École La Mosaïque,T3J3G4,Calgary,AB,(403) 277-2344,N,N,{9BBBE56F-1616-483B-8726-B6C0C562FAC9},,The Southern Francophone Education Region,199 Martindale Blvd NE,Elementary,Y,N,N,-113.957526,51.1137735
Janus Academy Junior/Senior High School,T2H1S1,Calgary,AB,(403) 262-3333,N,N,{7F80FF1E-E8E8-465A-94B0-EE78F5C0AB6A},janus.contact@janusacademy.org,Janus Academy Society,200 - 403 33 Street NE,Elementary/Junior High/Senior High,Y,Y,Y,-114.0563071,50.9774444
Asasa Academy,T1Y5J1,Calgary,AB,(403) 285-9277,N,N,{C24A6A9F-7D9A-400E-9E91-3D7B59C3EB6A},,Al-Ghani Learning,PO Box 54073 Pro Village Squar,Unknown,N,N,N,-113.9548921,51.0747556
Palliser Beyond Borders at Calgary,T1Y5Z6,Calgary,AB,(403) 291-0584,N,N,{A22E523B-1745-4A8E-8F1D-3DD8B39B171D},jason.kwasny@pallisersd.ab.ca,The Palliser School Division,151 Canada Olympic Road SW,Unknown,N,N,N,-113.9990566,51.0861212
Al-Qaim International School,T2H1C3,Calgary,AB,(825) 540-3220,N,N,{DC010C5D-29A2-4F80-9746-DAA785A970E7},info@alqaimschool.ca,Al-Zahra Islamic Research Foundation,"510 77 Ave SE, Calgary, AB T2H",Elementary/Junior High/Senior High,Y,Y,Y,-114.0514737,50.9851288
Northeast Elementary Campus,T2E6C8,Calgary,AB,,N,N,{CF5F6A42-87E1-463B-8C6A-E6E30D0398F3},susan.snowden@ffca-calgary.com,Foundations for the Future Charter Academy Charter School Society,1140 Mayland Drive NE,Elementary,Y,N,N,-114.0113049,51.064201
Maria Montessori School,T2N1K6,Calgary,AB,(403) 668-8538,N,N,{B46C9EEC-6F94-4419-A419-577577AD18CA},info@mmec.ca,"Maria Montessori Education Centre of Calgary, Ltd.","Chief Crowfoot School Building 
2605 13 Avenue NW",Elementary/Junior High,Y,Y,N,-114.1235969,51.0627165
Calgary Waldorf School,T3H5G9,Calgary,AB,(403) 287-1868,N,N,{8830CBE6-48F2-456F-BC6F-2C9420B37422},principal@calgarywaldorf.org,Calgary Waldorf School Society,515 Cougar Ridge Drive S.W.,Elementary/Junior High,Y,Y,N,-114.2183405,51.0723561
Columbia College,T2E7N8,Calgary,AB,(403) 235-9300,N,N,{70F6E5AF-2E97-4B1F-9402-D71F555088B3},registrar@columbia.ca,Columbia College Calgary,802 Manning Road N.E.,Senior High,N,N,Y,-114.0180362,51.0570086
Calgary Jewish Academy,T2V1P7,Calgary,AB,(403) 253-3992,N,N,{2FA54FD0-8EB7-4150-B792-16846186E2CB},officeadmin@cja.ab.ca,The Calgary Jewish Academy,6700 Kootenay Street S.W.,Elementary/Junior High,Y,Y,N,-114.0926207,50.9935015
Filipino Language and Cultural School of Calgary,T3J3Z5,Calgary,AB,,N,N,{0309A165-EDDA-4784-A5AF-83EFFF76B2C4},abdacanay@shaw.ca,Philippine Cultural Center Foundation (Calgary),Bay 204 & 206  4656 Westwinds Dr NE,Unknown,N,N,N,-113.9678147,51.1006537
Alberta Chung Wah School,T2G4X6,Calgary,AB,(403) 271-8033,N,N,{1E887399-B0DB-431D-A639-67F385EBAA86},office@albertachungwahschool.ca,Alberta Chung Wah School Society,"#270, 328 Centre Street S.E.",Unknown,N,N,N,-114.0617526,51.0495717
Menno Simons Christian School,T3H4Y7,Calgary,AB,(403) 531-0745,N,N,{BD5259D6-E04E-4472-BA74-995EB8B834EA},office@mennosimons.ab.ca,The Palliser School Division,7000 Elkton Drive S.W.,Elementary/Junior High,Y,Y,N,-114.1885153,51.024207
Arise Christian Academy,T3J1Z9,Calgary,AB,(403) 973-8171,N,N,{24B82D5B-F35C-412C-8E8A-3A86C3674FE1},arisechristianacademy33@gmail.com,Arise Calgary Church,"155 Falconridge Crescent NE 
Calgary, AB T3J 1Z9",Elementary/Junior High/Senior High,Y,Y,Y,-113.9532429,51.0966299
Lycee Louis Pasteur,T2T6G2,Calgary,AB,(403) 243-5420,N,N,{A9AFFC7F-4D2F-42BF-9273-97FBC42A0AED},lycee.ab.ed@lycee.ca,Lycee Louis Pasteur Society,4099 Garrison Blvd. S.W.,Elementary/Junior High/Senior High,Y,Y,Y,-114.1144579,51.0178108
Lady Fatima Academy,T2G5G3,Calgary,AB,(587) 437-0083,N,N,{3845BD1E-97BF-4923-AA40-04AF5F82A00D},info@ladyfatimaacademy.ca,Lady Fatima Academy,Suite 310 1001 1 St SE,Elementary/Junior High,Y,Y,N,-114.061255,51.0430128
Calgary Arts Academy Rosscarrock Middle School,T3C1W7,Calgary,AB,(403) 255-1984,N,N,{1771CE32-090C-4454-997D-7512EE16232D},cjordan@caaschool.com,Calgary Arts Academy Society,1406 40th Street SW,Unknown,N,N,N,-114.1447965,51.0412231
Westbrook Outreach,T2G3C5,Calgary,AB,(403) 777-8020,N,N,{1F105045-E5FA-4094-A795-9C67840A22C2},discoveringchoices@cbe.ab.ca,The Calgary School Division,3610 - 9th Street SE,Senior High,N,N,Y,-114.039639,51.0220042
STEM Innovation Academy Middle School,T2V0Y1,Calgary,AB,(403) 259-4211,N,N,{DD16261E-8B92-4F5C-88B0-8CC35BC8D93C},info@stemia.ca,STEM Innovation Academy Society,1204 96 Ave SW,Junior High,N,Y,N,-114.0884933,50.9688768
Calgary Classical Academy,T2E3Y1,Calgary,AB,(587) 885-3688,N,N,{6C10157E-17C1-486F-998A-A6243338CA4A},info@calgaryclassicalacademy.ca,Alberta Classical Academy Ltd.,231 6 St NE,Elementary,Y,N,N,-114.048834,51.0544287
New Heights School and Learning Services,T3E7M1,Calgary,AB,(403) 240-1312,N,N,{69FF48E5-2072-4187-BE4E-BE5456235DE5},info@newheightscalgary.com,New Heights School and Learning Services Society,2521 Dieppe Ave SW,Elementary/Junior High/Senior High,Y,Y,Y,-114.1223486,51.0184803
North Trail High School,T3K2S3,Calgary,AB,(403) 817-3700,N,N,{152A3730-1F7A-4DC6-9DBA-A48B8FAC7574},schoolimprovement@cbe.ab.ca,The Calgary School Division,12500 Harvest Hills Blvd. NE,Senior High,N,N,Y,-114.0664694,51.1675881
Trinity Christian School,T2X2A8,Calgary,AB,(403) 254-6682,N,N,{0E5655BE-09CF-4FD5-8CDF-7BB5ECA3C640},,The Palliser School Division,"#100, 295 Midpark Way S.E.",Elementary/Junior High,Y,Y,N,-114.0622509,50.9093351
Horizon Heritage Arabic School,T3C3P1,Calgary,AB,(403) 826-4655,N,N,{D0A737A4-FADC-408B-86DC-B456F8E39D9E},,Horizon Academy Institute,199 Queen Charlotte Way SE,Unknown,N,N,N,-114.1398235,51.0396824
Green Dome Islamic School,,Calgary,AB,(403) 900-5445,N,N,{E9DB66E1-0F39-4B79-8AE2-BABD6ABA9BA5},greendome.islamicschool@plrd.ab.ca,The Prairie Land School Division,4618 80 Avenue NE,Elementary,Y,N,N,-113.9682729,51.1265019
Ahmadiyya Muslim School,T3J4L3,Calgary,AB,(403) 355-6313,N,N,{DE8F06E5-AC13-4B57-BB50-8FD772B9B2D2},info.calgary@ahmadiyyaschool.ca,Ahmadiyya Muslim Schools Society Alberta,4353,Elementary/Junior High,Y,Y,N,-113.9712782,51.1018419
Capstone Engineering Academy,T2H2Z9,Calgary,AB,(403) 930-3535,N,N,{3D1620D8-61E4-4E00-8FF4-381D417F448A},dean@capstoneacad.ca,Capstone Engineering Academy,11950 Country Village Link NE,Elementary/Junior High/Senior High,Y,Y,Y,-114.04,50.9982873
National Sport School,T3B6B7,Calgary,AB,(403) 777-7329,N,N,{EC54175D-F5AC-4CBB-B512-676B3CD8E10F},robert.jewan@pallisersd.ab.ca,The Palliser School Division,151 Canada Olympic Rd SW,Junior High/Senior High,N,Y,Y,-114.2210408,51.0848015
"Almadina Language Charter Academy, Ogden Campus",T2C0G8,Calgary,AB,(403) 543-5070,N,N,{3C7FC431-0601-44FE-824B-D38016EA09AB},lina@esl-almadina.com,Almadina School Society,1919 - 76th Avenue SE,Elementary/Junior High,Y,Y,N,-114.0120022,50.9844621
Clear Water Academy,T3E8G1,Calgary,AB,(403) 217-8448,N,N,{6242960F-0765-4CE1-84AF-2AACD09D0EBE},btomiak@clearwateracademy.com,Clear Water Academy Foundation,3910 Quesnay Wood Drive SW,Elementary/Junior High/Senior High,Y,Y,Y,-114.1232548,51.0192825
Heritage Christian Academy,T2E6L2,Calgary,AB,(403) 219-3201,N,N,{38EA5F94-7CE2-4AA1-86C8-C0B77BDFC7DB},heritage_info@pallisersd.ab.ca,The Palliser School Division,2003 McKnight Boulevard N.E.,Elementary/Junior High/Senior High,Y,Y,Y,-114.0100347,51.0921419
Renfrew Educational Services - Child Development Centre,T3B2X9,Calgary,AB,(403) 291-5038,N,N,{FBD320A3-DAE5-435F-862D-CDDDF8333C27},renfrew@renfreweducation.org,Renfrew Educational Services Society,2050 - 21 Street N.E.,Unknown,N,N,N,-114.1439434,51.074772
Maria Montessori School - cSPACE King Edward Location,T2T6T7,Calgary,AB,(403) 668-8538,N,N,{CFE4D49A-4C4B-491E-A1BE-735B0377D0D2},info@mmec.ca,"Maria Montessori Education Centre of Calgary, Ltd.",cSPACE Projects  1721-29 Avenue SW,Unknown,N,N,N,-114.1008977,51.0272766
Renfrew Thomas W. Buchanan Centre,T2X3V4,Calgary,AB,(403) 291-5038,N,N,{0F998EC6-98B3-42CE-ACC9-8AFD4F40496F},renfrew@renfreweducation.org,Renfrew Educational Services Society,2050 - 21 Street N.E.,Elementary/Junior High,Y,Y,N,-114.0560199,50.9019504
Rundle College Academy,T2T4H9,Calgary,AB,(403) 250-2965,N,N,{D54E9729-EC2D-4324-91BF-30A433BA1547},contactus@rundle.ab.ca,Rundle College Society,4330 - 16 Street S.W.,Elementary/Junior High/Senior High,Y,Y,Y,-114.099986,51.0152427
Montessori School of Calgary,T2S2G4,Calgary,AB,(403) 229-1011,N,N,{ED1A157A-31B4-49E4-84AA-16780027DFCC},info@msofc.ca,Montessori School of Calgary,2201 Cliff Street S.W.,Elementary,Y,N,N,-114.0760919,51.0333678
MAC Islamic School - Calgary Chapter,T3G1B5,Calgary,AB,(403) 454-7879,N,N,{C1A15111-724D-4DA2-A0C7-EEECB7CADA17},office@macislamicschool.ca,Muslim Association of Canada,64 12 street NE,Elementary/Junior High,Y,Y,N,-114.1799465,51.1148437
Lakeshore School,T3M1P6,Calgary,AB,(403) 817-3440,N,N,{055E0242-0C2E-4607-AEB4-0CA787423ECD},Lakeshore@cbe.ab.ca,The Calgary School Division,430 Auburn Bay Dr SE,Elementary/Junior High,Y,Y,N,-113.9538082,50.8959186
Gobind Sarvar School Guru Nanak Gate Campus,T3J2J1,Calgary,AB,(403) 805-1822,N,N,{89B354FC-1D05-4F38-9F7F-DAC4392F88F7},gss@gscalgary.com,Gobind Marg Charitable Trust Foundation,8730 - 45 Street NE,Elementary/Junior High/Senior High,Y,Y,Y,-113.9663163,51.129449
Calgary Quest School,T3C0A5,Calgary,AB,(403) 253-0003,N,N,{4746AF18-AF9E-45A4-92C9-5B0EE0F739D7},info@calgaryquestschool.com,Calgary Quest Children's Society,3405 Spruce Drive S.W.  c/o Spruce Cliff Elementary,Elementary/Junior High/Senior High,Y,Y,Y,-114.1366529,51.0497282
Tyndale Christian School,T1X0L3,Calgary,AB,(403) 590-5881,N,N,{07BDC10D-79B2-4568-824A-1DA4B48193C7},tcs@tyndalecalgary.ca,The Canadian Reformed School Society of Calgary,28 Hart Estates Blvd. NE,Elementary/Junior High/Senior High,Y,Y,Y,-113.8677599,51.0586407
Westmount Mid/High School,T2N4Y3,Calgary,AB,,N,N,{2C2815C0-BE47-49FD-B982-2CB8A3FC115D},mhadmin@westmountcharter.com,Westmount Charter School Society,2215 Uxbridge Dr. N.W.,Elementary/Junior High/Senior High,Y,Y,Y,-114.1325271,51.0710543
Chinook Winds Adventist Academy,T3B5T2,Calgary,AB,(403) 286-5686,N,N,{BFFD26C4-2770-4BE3-B136-04FFFB5816B3},reception@cwaa.net,Alberta Conference of 7th Day Adventist Church,10101 - 2nd Avenue S.W.,Elementary/Junior High/Senior High,Y,Y,Y,-114.2332805,51.0792409
School of East Indian Languages and Performing Arts,T2X0N9,Calgary,AB,(403) 280-5110,N,N,{6CC0386A-5FE6-4C22-BEB5-F44EA650C2F3},office@silpa.ca,School of East Indian Languages and Performing Arts of Calgary,376 Silverado Boulevard SW,Unknown,N,N,N,-114.0875596,50.8837483
St. Isidore Online School,T2E1W6,Calgary,AB,(403) 500-2138,N,N,{2448AB3B-FDCC-4F6A-9A1E-86EBD4EE783C},stisidore@cssd.ab.ca,The Calgary Roman Catholic Separate School Division,124 24 Ave NE,Elementary/Junior High/Senior High,Y,Y,Y,-114.0611471,51.0744979
Eastside Christian Academy,T2A7L8,Calgary,AB,(403) 569-1003,N,N,{F74441FF-4C07-4343-B621-7289CFBD6756},admin@eastsidechristianacademy.ca,Eastside City Church and Missionary Society,1320 Abbeydale Drive SE,Elementary/Junior High/Senior High,Y,Y,Y,-113.9302342,51.0519591
Westmount Elementary School,T2N2V9,Calgary,AB,(403) 217-0426,N,N,{CC3C15E7-CB3A-4799-8819-DB575E60B00B},ecadmin@westmountcharter.com,Westmount Charter School Society,728 - 32 Street NW,Elementary,Y,N,N,-114.1314426,51.0581544
Project Trust,T2M4P6,Calgary,AB,(403) 777-6107,N,N,{ED667726-4422-41D7-A5BE-B19A8DCFD79F},discoveringchoices@cbe.ab.ca,The Calgary School Division,3610 - 9th Street SE,Unknown,N,N,N,-114.0828546,51.072077
Project Trust,T2M4P6,Calgary,AB,(403) 777-6107,N,N,{FDFF71C9-1A92-4149-A9DD-BCC9038BA334},discoveringchoices@cbe.ab.ca,The Calgary School Division,3610 - 9th Street SE,Unknown,N,N,N,-114.0828546,51.072077
Aurora Learning Calgary,T2E7N7,Calgary,AB,(403) 277-9535,N,N,{D7B6DDD4-0589-41B1-9604-6975DA92932C},evan.rogers@na.oneschoolglobal.com,Aurora Learning Foundation (Calgary),#137 5305 McCall Way NE,Elementary/Junior High/Senior High,Y,Y,Y,-114.0030488,51.1013461
Mahogany School,T3M1N4,Calgary,AB,(403) 817-3448,N,N,{670B8CB4-44FF-4596-91AA-F8A3F52B1D59},Mahogany@cbe.ab.ca,The Calgary School Division,165 Mahogany Blvd. SE,Elementary,Y,N,N,-113.9265654,50.9025781
South Middle School Campus,T2H1V2,Calgary,AB,(403) 259-3175,N,N,{F8AC5AE1-C53C-46A6-8E0C-C235DC92CA4C},,Foundations for the Future Charter Academy Charter School Society,8710 Ancourt Rd. SE,Elementary/Junior High,Y,Y,N,-114.0533193,50.975297
Greek Community School,T3C3B7,Calgary,AB,(403) 246-4553,N,N,{36BCBD6A-CB60-48BF-890D-6C5740D2056D},greekschool@calgaryhellenic.com,Hellenic Society of Calgary and District,1 Tamarac Crescent S.W.,Senior High,N,N,Y,-114.137508,51.0481806
West Island College,T2H1M5,Calgary,AB,(403) 255-5300,N,N,{9C89A597-238A-4F19-A510-EB99B8AA6318},office@mywic.ca,West Island College Society of Alberta,7410 Blackfoot Trail S.E.,Junior High/Senior High,N,Y,Y,-114.0521746,50.9871111
Connect Charter School,T3E5Z4,Calgary,AB,(403) 282-2890,N,N,{5DB9DD57-7998-4EC6-A6E9-6C8BFEFE2A62},office@connectcharter.ca,Connect Charter School Society,5915 Lewis Drive S.W.,Elementary/Junior High,Y,Y,N,-114.1357727,51.0003803
Calgary Christian School,T3E3X9,Calgary,AB,(403) 242-2896,N,N,{6732259E-AA41-4AA1-857E-28958D4891CA},ccesoffice@pallisersd.ab.ca,The Palliser School Division,2839 - 49 Street S.W.,Elementary,Y,N,N,-114.1589649,51.0274745
"Calgary Islamic School, Akram Jomaa Campus",T1Y5L2,Calgary,AB,(403) 248-2773,N,N,{396EFF93-9C26-4C3B-A735-C98118A9F147},info.aj@pallisersd.ab.ca,The Palliser School Division,2612 - 37 Avenue N.E.,Elementary/Junior High/Senior High,Y,Y,Y,-114.0004916,51.0875966
Southeast Elementary Campus,T2J1A9,Calgary,AB,(430) 258-2728,N,N,{8499B87E-8AD6-4349-9318-66B3FC1994FD},,Foundations for the Future Charter Academy Charter School Society,9711 Academy Drive SE,Elementary,Y,N,N,-114.0454205,50.9672487
Webber Academy,T3H4A8,Calgary,AB,(403) 277-4700,N,N,{C285AADE-12FE-414C-B5AC-FF18380B69B4},nwebber@webberacademy.ca,Webber Academy Foundation,1515 - 93 Street SW,Elementary/Junior High/Senior High,Y,Y,Y,-114.2250364,51.0441282
Janus Academy,T2A1X5,Calgary,AB,(403) 262-3333,N,N,{3585CAAA-5DB6-47F8-B455-A9191C15400E},janus.contact@janusacademy.org,Janus Academy Society,200 - 403 33 Street NE,Elementary,Y,N,N,-113.9875469,51.0553729
Mountain View Academy,T1Y6Z8,Calgary,AB,(403) 217-4346,N,N,{F52CD4D2-75DD-4946-8CE7-57561A748A48},office@mountainviewacademy.ca,Mountain View Academy Society,3915 34 Street NE,Elementary/Junior High/Senior High,Y,Y,Y,-113.9861182,51.0884446
Renert School,T3R0K4,Calgary,AB,(587) 353-1053,N,N,{8D49C300-F4AF-4F66-830F-A93E184ACBFA},info@renertschool.ca,The Renert School Foundation,14 Royal Vista Link NW,Elementary/Junior High/Senior High,Y,Y,Y,-114.2028508,51.1518438
Calgary Arts Academy,T2T0M2,Calgary,AB,(403) 532-3020,N,N,{A83C08F1-A068-44A9-801F-E7A2AE9FC833},khoey@caaschool.com,Calgary Arts Academy Society,2036 20 Avenue SW,Elementary/Junior High/Senior High,Y,Y,Y,-114.1080951,51.036278
Calgary International Academy ECS,T3J4A3,Calgary,AB,(403) 991-7534,N,N,{9E43E1D9-6E83-4C99-977B-DAA1B47FC251},info@ciacademy.ca,Calgary International Academy Ltd,110-1248 Livingston Way NE,Unknown,N,N,N,-113.9528036,51.1258951
École du Nouveau-Monde,T3L0E7,Calgary,AB,(403) 910-3851,N,N,{33F29779-378D-4CC1-BAE2-688D799438B8},nouveaumonde@francosud.ca,The Southern Francophone Education Region,220 Scenic Acres Drive NW,Elementary,Y,N,N,-114.2151383,51.1116028
FFCA High School Campus,T3B1C7,Calgary,AB,(403) 243-3316,N,N,{EE05AAA5-0D43-47E0-92E0-E4A683403CDD},wanda.amundson@ffca-calgary.com,Foundations for the Future Charter Academy Charter School Society,2116 McKay Road N.W.,Junior High/Senior High,N,Y,Y,-114.1518364,51.0702081
"Almadina Language Charter Academy, Mountain View Campus",T2B1R9,Calgary,AB,(403) 543-5074,N,N,{0C910825-604D-41B9-92AC-BEDAAC3095FC},,Almadina School Society,2031 Sable Drive S.E.,Elementary,Y,N,N,-113.9865729,51.0323697
North Middle School Campus,T2E5S7,Calgary,AB,,N,N,{3940C15B-4533-4FB9-8D1D-84783C453736},kimberly.johnson@ffca-calgary.com,Foundations for the Future Charter Academy Charter School Society,211 McKnight Blvd. NE,Elementary/Junior High,Y,Y,N,-114.0600524,51.0954545
Neriah Christian School,T2X2K4,Calgary,AB,(587) 317-6805,N,N,{ADAC3293-BE6E-4CFB-9F6F-2B7CF5F084F5},darlene.dekker@neriahcs.ca,Neriah Christian School Society of the Netherlands Reformed Congregation,400 Midpark BLVD,Elementary/Junior High,Y,Y,N,-114.0587985,50.9087082
STEM Innovation Academy High School,T2L2K7,Calgary,AB,(587) 943-2499,N,N,{EF83A75D-9320-45E7-A955-322647006E65},info@stemia.ca,STEM Innovation Academy Society,3636 Research Road NW,Senior High,N,N,Y,-114.1304339,51.0839531
Alberta Ballet School,T2R1K7,Calgary,AB,(403) 245-2274,N,N,{C2839892-7183-43CC-B592-6ECF263CC913},schoolreception@albertaballet.com,The Alberta Ballet Company,"West Annex, 2nd Floor  906-12 Avenue S.W.",Junior High/Senior High,N,Y,Y,-114.082,51.0422504
Calgary French & International School,T3H5R1,Calgary,AB,(403) 240-1500,N,N,{C3121F3D-B1FB-4114-8187-6E51298B549D},principal@cfis.com,Calgary French & International School Society,700 - 77 Street S.W.,Elementary/Junior High/Senior High,Y,Y,Y,-114.1979831,51.0679379
"Calgary Islamic School, Omar Bin Al-Khattab Campus",T2A5K4,Calgary,AB,(584) 353-8900,N,N,{50520650-3D1E-4D84-BC11-5EAF96DD164C},,The Palliser School Division,Omar Bin Al-Khattab Campus,Elementary/Junior High,Y,Y,N,-113.993824,51.0507518
SCcyber E-Learning Institute,T3G0C5,Calgary,AB,(780) 836-5544,N,N,{9FA5249C-BF6E-4B35-B72C-02FB770D1843},kam@sccyber.net,SCcyber ELearning Institute,Box 91099,Senior High,N,N,Y,-114.240431,51.1515104
École de la Source,T2J0E8,Calgary,AB,(403) 255-6724,N,N,{1D5550F3-AD75-4CCC-BE40-32DDD3191F8A},,The Southern Francophone Education Region,360 - 94 Avenue S.E.,Elementary/Junior High,Y,Y,N,-114.0618391,50.9692407
Little Angels,T3K2R5,Calgary,AB,(403) 285-9277,N,N,{67107632-7020-4F1C-A22C-55B3434C2E07},,Al-Ghani Learning,"PO Box 54073 
Pro Village Square",Unknown,N,N,N,-114.0321078,51.1520563
Calgary International Academy,T3G5J7,Calgary,AB,(403) 991-7534,N,N,{CD34446C-812A-4E0B-AADA-EF5A4C62B2E4},info@ciacademy.ca,Calgary International Academy Ltd,1248 Livingston Way NE,Elementary,Y,N,N,-114.2318814,51.1391257
École Terre des Jeunes,T3A0C6,Calgary,AB,(403) 247-2458,N,N,{C12B24ED-34B1-4EA9-8926-6C2ABAAA09D4},,The Southern Francophone Education Region,3720 - 42 Street NW,Elementary,Y,N,N,-114.149987,51.0853162
Calgary Girls Charter School,T3E5P7,Calgary,AB,(403) 220-0745,N,N,{655244FB-0757-49E2-B47E-89114EEE46CB},office@calgarygirlsschool.com,Calgary Girls' School Society,6304 Larkspur Way S.W.,Elementary/Junior High,Y,Y,N,-114.1147784,50.9989993
École de la Rose sauvage,T2M2Z9,Calgary,AB,(403) 230-3112,N,N,{96DB9BEE-97CB-4CF3-A2E7-730BDAB4F3BE},,The Southern Francophone Education Region,2512 - 4 Street N.W.,Junior High/Senior High,N,Y,Y,-114.0703177,51.0748514
Southwest Elementary Campus,T2W0R7,Calgary,AB,(403) 259-3527,N,N,{D5D99BC6-E1F2-4FBA-B1A5-1424EF7C426E},pam.brah@ffca-calgary.com,Foundations for the Future Charter Academy Charter School Society,898 Sylvester Cres. SW,Elementary,Y,N,N,-114.0825608,50.9589875
École Sainte-Marguerite-Bourgeoys,T3E6L1,Calgary,AB,(403) 240-2007,N,N,{DD697548-CCB6-498F-8A64-7BBC7268F7A3},,The Southern Francophone Education Region,4700 Richard Road S.W.,Elementary/Junior High/Senior High,Y,Y,Y,-114.1215974,51.0111443
Rundle College Elementary School,T3H3W5,Calgary,AB,(403) 282-8411,N,N,{C7DF3C29-D9B6-4E79-A449-F72898406981},contactus@rundle.ab.ca,Rundle College Society,7615 - 17 Ave SW,Elementary,Y,N,N,-114.197334,51.0367198
Chinook Learning Services,T2M0T2,Calgary,AB,(403) 777-7200,N,N,{814953E2-0696-460C-94F4-C04A48C1DE62},chinooklearning@cbe.ab.ca,The Calgary School Division,2336 53 Ave SW,Senior High,N,N,Y,-114.0654399,51.0685884
Cedarbrae School,T2W2T3,Calgary,AB,(403) 777-8610,N,N,{2C1F9AF4-BC1D-46EA-A08F-1C3E35176529},cedarbrae@cbe.ab.ca,The Calgary School Division,10631 Oakfield Dr SW,Elementary,Y,N,N,-114.1331988,50.9584055
Panorama Hills School,T3K0S4,Calgary,AB,(403) 777-6061,N,N,{42792F05-FDB9-4E00-AF9F-DE6EECE03A18},panoramahills@cbe.ab.ca,The Calgary School Division,1057 Panorama Hills Dr NW,Elementary,Y,N,N,-114.0859357,51.1558208
Catherine Nichols Gunn School,T2K5C7,Calgary,AB,(403) 777-6620,N,N,{A8A79F02-C4F6-48D0-86E8-50F9D873D172},cngunn@cbe.ab.ca,The Calgary School Division,6625  4 St NE,Elementary,Y,N,N,-114.0579093,51.1116505
Colonel Walker School,T2G0V3,Calgary,AB,(403) 777-6780,N,N,{7BEF1351-3065-420B-9276-1F3639F3734C},colonelwalker@cbe.ab.ca,The Calgary School Division,1921  9 Ave SE,Elementary,Y,N,N,-114.019049,51.0343687
Sir Wilfrid Laurier School,T2A0Y9,Calgary,AB,(403) 777-7370,N,N,{BED5A19B-9058-4BB4-84CF-3EE7CBFDD14E},ampetroni@cbe.ab.ca,The Calgary School Division,819  32 St SE,Elementary/Junior High,Y,Y,N,-113.9893203,51.0457415
Robert Thirsk High School,T3G5T3,Calgary,AB,,N,N,{7EF39772-7DE4-4791-B318-7EED002D8520},RobertThirskHigh@cbe.ab.ca,The Calgary School Division,8777 Nose Hill Dr NW,Senior High,N,N,Y,-114.1947926,51.1308481
University School,T2N3Z9,Calgary,AB,(403) 777-6240,N,N,{3C7465CE-326A-4AD4-AE1D-9BB8038AD145},university@cbe.ab.ca,The Calgary School Division,3035 Utah Dr NW,Elementary,Y,N,N,-114.1332899,51.0698149
Alex Ferguson School,T3C1K5,Calgary,AB,(403) 777-8270,N,N,{F9A3759B-2720-482F-BA52-585001F1D03D},alexanderferguson@cbe.ab.ca,The Calgary School Division,1704  26 St SW,Elementary,Y,N,N,-114.1229979,51.0393705
Marion Carson School,T3A1A7,Calgary,AB,(403) 777-6050,N,N,{EB1AF97B-C47A-4D28-8D9C-1A3D15EA3280},MarionCarson@cbe.ab.ca,The Calgary School Division,5225 Varsity Dr NW,Elementary,Y,N,N,-114.1614206,51.0929233
Altadore School,T2T4H9,Calgary,AB,(403) 777-6910,N,N,{D4D1C645-AEBD-405E-8F3E-C47865DB5C48},altadore@cbe.ab.ca,The Calgary School Division,4506  16 St SW,Elementary,Y,N,N,-114.0997475,51.0140094
Silver Springs School,T3B3V1,Calgary,AB,(403) 777-6070,N,N,{61F59791-B5DF-41AC-9D69-E83C76C999D2},silversprings@cbe.ab.ca,The Calgary School Division,7235 Silver Mead Rd NW,Elementary,Y,N,N,-114.1908398,51.1057169
Eric Harvie School,T3L3C9,Calgary,AB,(403) 817-3532,N,N,{66DE2033-9AAC-420E-8CB0-83B63FAFD237},ericharvie@cbe.ab.ca,The Calgary School Division,357 Tuscany Dr NW,Elementary,Y,N,N,-114.2511254,51.1280486
Christine Meikle School,T3A2Y5,Calgary,AB,(403) 817-3524,N,N,{AABF38D6-FD41-466B-8DCE-349348071083},christinemeikle@cbe.ab.ca,The Calgary School Division,3525 50 St NW,Elementary/Junior High/Senior High,Y,Y,Y,-114.16108,51.0845514
Eugene Coste School,T2V3K7,Calgary,AB,(403) 777-8511,N,N,{FC60BB23-3C00-4ED0-B009-CB929FC14D57},eugenecoste@cbe.ab.ca,The Calgary School Division,10 Hillgrove Cres SW,Elementary,Y,N,N,-114.086992,50.9678963
Deer Run School,T2J6P8,Calgary,AB,(403) 777-6840,N,N,{4D4C6088-0D32-412B-848D-781EE7C2F7FF},deerrun@cbe.ab.ca,The Calgary School Division,2127  146 Ave SE,Elementary,Y,N,N,-114.0094687,50.9215622
Janet Johnstone School,T2Y1M1,Calgary,AB,(403) 777-8670,N,N,{5ED4561F-379B-4BC1-A292-37831658CFD6},janetjohnstone@cbe.ab.ca,The Calgary School Division,224 Shawnessy Dr SW,Elementary,Y,N,N,-114.0801002,50.909376
Queen Elizabeth School,T2N2G5,Calgary,AB,(403) 777-6789,N,N,{74FF3820-A81A-414D-B68D-98CC96E19492},queenelizabethelem@cbe.ab.ca,The Calgary School Division,402 18 St NW,Elementary,Y,N,N,-114.1019754,51.0554651
W. O. Mitchell School,T3B4R9,Calgary,AB,(403) 777-6100,N,N,{28EC271A-9C7D-46AE-8BE6-33FF58090AE7},womitchell@cbe.ab.ca,The Calgary School Division,511 Silvergrove Dr NW,Elementary,Y,N,N,-114.1943018,51.1136975
William D. Pratt School,T3G0A4,Calgary,AB,(403) 817-3520,N,N,{61039BFF-DFB0-494F-9F49-49A261C0C68E},williamdpratt@cbe.ab.ca,The Calgary School Division,9850 Royal Oak Dr NW,Elementary/Junior High,Y,Y,N,-114.2241069,51.1493674
West Ridge School,T3H5N9,Calgary,AB,(403) 817-3552,N,N,{123A6042-F163-4555-BF8A-CCCFCDC0D806},westridge@cbe.ab.ca,The Calgary School Division,8903 Wentworth Ave SW,Elementary/Junior High,Y,Y,N,-114.2142566,51.058496
Cranston School,T3M1E8,Calgary,AB,(403) 777-6267,N,N,{81B2336D-08F4-44C6-92A2-F161F0E4F913},cranston@cbe.ab.ca,The Calgary School Division,205 Cranston Drive SE,Elementary,Y,N,N,-113.987256,50.8867939
Rosedale School,T2M0G3,Calgary,AB,(403) 777-7530,N,N,{5B07490A-22CB-45B9-ABEA-4A23F087CA7F},rosedale@cbe.ab.ca,The Calgary School Division,905 13 Ave NW,Elementary/Junior High,Y,Y,N,-114.0815133,51.0636038
Scenic Acres School,T3L1T2,Calgary,AB,(403) 777-6193,N,N,{475E9846-5EF3-4D8D-AA25-2120A5A9C2BC},scenicacres@cbe.ab.ca,The Calgary School Division,50 Scurfield Way NW,Elementary,Y,N,N,-114.2156709,51.1200958
David Thompson School,T2J0X8,Calgary,AB,(403) 777-7470,N,N,{0B58A61C-2867-4CA0-8771-E2359767E3D6},davidthompson@cbe.ab.ca,The Calgary School Division,9320 Arbour Cres SE,Elementary/Junior High,Y,Y,N,-114.0546656,50.9694103
Canyon Meadows School,T2W1J1,Calgary,AB,(403) 777-8600,N,N,{4FB05AA0-252F-406B-8C6A-56A90A40BDA7},canyonmeadows@cbe.ab.ca,The Calgary School Division,395 Canterbury Dr SW,Elementary,Y,N,N,-114.0781054,50.9474171
Dr. Martha Cohen School,T2Z0V1,Calgary,AB,(403) 817-3548,N,N,{D995B207-FD72-4F7E-8E20-D969735C5C57},drmarthacohen@cbe.ab.ca,The Calgary School Division,116 Brightondale Pk SE,Elementary/Junior High,Y,Y,N,-113.9447466,50.9171057
Dr. Gordon Townsend School,T3B6A8,Calgary,AB,(403) 955-7004,N,N,{73C0E9F2-C5C4-4BFD-B232-F5B291D7B9BA},drgordontownsend@cbe.ab.ca,The Calgary School Division,28 Oki Drive NW,Elementary/Junior High/Senior High,Y,Y,Y,-114.1483598,51.0745013
William Roper Hull School,T2W2Z8,Calgary,AB,(403) 251-8022,N,N,{80EAF232-20A5-4C9E-BB32-DC6DC0D5FABD},williamroperhull@cbe.ab.ca,The Calgary School Division,2266 Woodpark Ave SW,Elementary/Junior High/Senior High,Y,Y,Y,-114.1138467,50.9483694
Niitsitapi Learning Centre,T2B2E1,Calgary,AB,(403) 817-3404,N,N,{81C3D75D-B35C-474E-98E2-9C334B4032A6},niitsitapilearningcentre@cbe.ab.ca,The Calgary School Division,3743 Dover Ridge Dr SW,Elementary,Y,N,N,-113.9793514,51.0205955
Wilma Hansen School,,Calgary,AB,(403) 777-7430,N,N,{AF78D83A-13AE-4318-8B5C-9CDB23E14716},wilmahansen@cbe.ab.ca,The Calgary School Division,963 Queensland Dr SE,Elementary/Junior High,Y,Y,N,-114.0188846,50.932294
Bishop Pinkham School,T3E5K1,Calgary,AB,(403) 777-7840,N,N,{AAC1980A-0AA3-4236-8022-6CE4C0D0CA4F},bishoppinkham@cbe.ab.ca,The Calgary School Division,3304  63 Ave SW,Junior High,N,Y,N,-114.1307135,50.9972697
Twelve Mile Coulee School,T3L0C7,Calgary,AB,(403) 817-3390,N,N,{4D8D003A-4384-457E-9993-F4BD3FAAA64B},TwelveMileCoulee@cbe.ab.ca,The Calgary School Division,65 Tuscany Hills Rd NW,Elementary/Junior High,Y,Y,N,-114.2434944,51.1228429
Adolescent Mental Health Services,T2N2T9,Calgary,AB,(403) 270-1751,N,N,{23FDB618-F3AF-4FDF-BB74-BD9508C12387},woodshomes@cbe.ab.ca,The Calgary School Division,805  37 St NW,Elementary/Junior High/Senior High,Y,Y,Y,-114.134425,51.0646755
Dr. E. W. Coffin School,T2L1W4,Calgary,AB,(403) 777-6190,N,N,{DD634F87-84F0-4D5E-B462-CAFC03F3DF2A},drewcoffin@cbe.ab.ca,The Calgary School Division,5615 Barrett Dr NW,Elementary,Y,N,N,-114.1348134,51.1037594
McKenzie Highlands School,T2Z4B7,Calgary,AB,(403) 817-3544,N,N,{36E8FBFB-E09F-4BD8-B27B-7F4EDCE2E07D},mckenziehighlands@cbe.ab.ca,The Calgary School Division,25 McKenzie Towne Dr SE,Elementary/Junior High,Y,Y,N,-113.9700874,50.9110004
Sir John A. Macdonald School,T2K1C2,Calgary,AB,(403) 777-7670,N,N,{48F0F705-DD8E-4AC2-ABDB-BEC051307EDF},sirjohnamacdonald@cbe.ab.ca,The Calgary School Division,6600  4 St NW,Junior High,N,Y,N,-114.0700599,51.1114838
Killarney School,T3E2T9,Calgary,AB,(403) 777-8360,N,N,{819B6C52-8190-4E2E-9803-F306AF79C4B5},killarney@cbe.ab.ca,The Calgary School Division,3008  33 Street SW,Elementary,Y,N,N,-114.1347436,51.0282002
Branton School,T2M3W1,Calgary,AB,(403) 777-7440,N,N,{442EF00F-C2A5-4130-80D7-A84832B7D44A},branton@cbe.ab.ca,The Calgary School Division,2103  20 St NW,Elementary/Junior High,Y,Y,N,-114.1090447,51.0712537
Riverside School,T2E0B7,Calgary,AB,(403) 777-7350,N,N,{D567BB51-B219-486B-ADA9-8FBFBFB765B1},Riverside@cbe.ab.ca,The Calgary School Division,107 6A St NE,Elementary/Junior High,Y,Y,N,-114.0477239,51.0528574
Dr. Freda Miller School,T2Y0E8,Calgary,AB,(403) 817-3428,N,N,{73F086A9-6410-4B54-B40C-ECFC1A108549},drfredamiller@cbe.ab.ca,The Calgary School Division,211 Everbrook Dr SW,Elementary,Y,N,N,-114.1160328,50.9208572
Griffith Woods School,T3H3X2,Calgary,AB,(403) 817-3572,N,N,{4C627BAB-7151-4414-A3E0-DA1F033E75EE},griffithwoods@cbe.ab.ca,The Calgary School Division,7652  26 Ave SW,Elementary/Junior High,Y,Y,N,-114.1947612,51.0309861
Northern Lights School,,Calgary,AB,(403) 817-3444,N,N,{EDD59B2B-9B8F-4503-8EC3-2BB9DF8A3B01},northernlights@cbe.ab.ca,The Calgary School Division,711 Coventry Dr NE,Elementary,Y,N,N,-114.0469408,51.1576231
Calgary Home Education,T2V0Z7,Calgary,AB,(403) 777-8490,N,N,{03CDE03F-FD38-456D-9E83-35BCC45EB064},HomeEducation@cbe.ab.ca,The Calgary School Division,5505 4A St. SW,Elementary/Junior High/Senior High,Y,Y,Y,-114.0744582,51.0047107
William Reid School,T2T2E9,Calgary,AB,(403) 777-6940,N,N,{AEFC720C-2773-4627-8B34-291CC50FD852},williamreid@cbe.ab.ca,The Calgary School Division,1216  36 Ave SW,Elementary,Y,N,N,-114.0903571,51.0221812
Glamorgan School,T3E4W3,Calgary,AB,(403) 777-8310,N,N,{C6FD8695-75BF-451C-85CB-42182EA0F903},glamorgan@cbe.ab.ca,The Calgary School Division,50 Grafton Dr SW,Elementary/Junior High,Y,Y,N,-114.1454125,51.0153867
Dr. Gladys McKelvie Egbert School,T2A5G9,Calgary,AB,(403) 777-7780,N,N,{6F37CDD9-3B14-42C1-ABA2-7333E57038C8},drgladysmegbert@cbe.ab.ca,The Calgary School Division,6033 Madigan Dr NE,Junior High,N,Y,N,-113.9415433,51.058899
Valley View School,T2B0C6,Calgary,AB,(403) 777-8250,N,N,{B09B1CF3-F27C-4A88-882A-2E1E097A65B1},valleyview@cbe.ab.ca,The Calgary School Division,4105  26 Ave SE,Elementary,Y,N,N,-113.9752921,51.0300613
Varsity Acres School,T3A0H7,Calgary,AB,(403) 777-6090,N,N,{70332710-3083-4703-9CFF-41778103A8DE},varsityacres@cbe.ab.ca,The Calgary School Division,4255 40 St NW,Elementary,Y,N,N,-114.1482325,51.0910211
West Dalhousie School,T3A2C8,Calgary,AB,(403) 777-6110,N,N,{192AFC04-4B80-4EA2-ABE3-529F75911DF4},westdalhousie@cbe.ab.ca,The Calgary School Division,6502  58 St NW,Elementary,Y,N,N,-114.1695532,51.1111749
Buchanan School,T2E2Y2,Calgary,AB,(403) 777-6260,N,N,{3E8A52E1-C94C-47F6-829D-791EBF196B07},buchanan@cbe.ab.ca,The Calgary School Division,3717 Centre St NW,Elementary,Y,N,N,-114.0631621,51.0856364
Mount View School,T2E3T8,Calgary,AB,(403) 777-6300,N,N,{246DD233-6C01-4570-833E-6AEB1EBB2157},mountview@cbe.ab.ca,The Calgary School Division,2004  4 St NE,Elementary,Y,N,N,-114.0520762,51.0696322
Simon Fraser School,T2L1V3,Calgary,AB,(403) 777-7290,N,N,{934547F5-7B3F-4128-9784-32E27F029FA8},simonfraser@cbe.ab.ca,The Calgary School Division,5215  33 St NW,Elementary/Junior High,Y,Y,N,-114.1365647,51.1003262
Belvedere Parkway School,T3B2R8,Calgary,AB,(403) 777-6010,N,N,{1FACFC9D-501C-46E4-BA90-A31DD3B0AC9A},belvedereparkway@cbe.ab.ca,The Calgary School Division,4631  85 St NW,Elementary,Y,N,N,-114.2115735,51.0927236
Sherwood School,T2C1J4,Calgary,AB,(403) 777-7590,N,N,{802182B7-84E8-4978-A43F-F2A12F868377},sherwood@cbe.ab.ca,The Calgary School Division,2011  66 Ave SE,Elementary/Junior High,Y,Y,N,-114.0114926,50.9937034
Citadel Park School,T3G4B8,Calgary,AB,(403) 777-8063,N,N,{AC1B3E55-11D1-450F-A56D-7EFEEBA991C5},citadel@cbe.ab.ca,The Calgary School Division,808 Citadel Dr NW,Elementary,Y,N,N,-114.1742488,51.1454578
Haultain Memorial School,T2J4S8,Calgary,AB,(403) 777-6860,N,N,{5AF5C0DA-4B9B-47B5-9B49-6F70ACF61D2F},haultainmemorial@cbe.ab.ca,The Calgary School Division,605 Queensland Dr SE,Elementary,Y,N,N,-114.0233329,50.9395509
Jennie Elliott School,T3E6A9,Calgary,AB,(403) 777-8350,N,N,{F581D7D6-F7ED-475C-830D-3E99A68AB73C},jennieelliott@cbe.ab.ca,The Calgary School Division,3031 Lindsay Dr SW,Elementary,Y,N,N,-114.1272429,50.9961363
Le Roi Daniels School,T2H1B9,Calgary,AB,(403) 777-6420,N,N,{7B1A643D-1FAD-4A56-808A-A4192A2D5AF2},leroidaniels@cbe.ab.ca,The Calgary School Division,47 Fyffe Rd SE,Elementary,Y,N,N,-114.0579698,50.9838651
Marlborough School,T2A3A1,Calgary,AB,(403) 777-8190,N,N,{B04808D0-AA37-406E-9694-2FD07CB64651},marlborough@cbe.ab.ca,The Calgary School Division,4711 Maryvale Dr NE,Elementary,Y,N,N,-113.9655139,51.0560903
R. T. Alderman School,T2J1S1,Calgary,AB,(403) 777-7520,N,N,{8273A22B-7ED1-4414-8FF1-76C1731BE8FF},rtalderman@cbe.ab.ca,The Calgary School Division,725 Mapleton Dr SE,Elementary/Junior High,Y,Y,N,-114.0446021,50.9611661
Taradale School,,Calgary,AB,(403) 777-6270,N,N,{84DDE799-3815-46BD-8FD9-F2F01C32D415},taradale@cbe.ab.ca,The Calgary School Division,170 Taravista Dr NE,Elementary,Y,N,N,-113.9377693,51.1212598
Highwood School,T2K2G5,Calgary,AB,(403) 777-6200,N,N,{4CCA9D58-472B-402C-ADF2-7BBE8435BFF7},highwood@cbe.ab.ca,The Calgary School Division,11 Holmwood Ave NW,Elementary,Y,N,N,-114.0765471,51.0922503
Queen Elizabeth High School,T2N2G5,Calgary,AB,(403) 777-6380,N,N,{F7E22F76-648C-4F33-8ACC-C23BE72DF53E},queenelizabethjrsr@cbe.ab.ca,The Calgary School Division,512  18 St NW,Junior High/Senior High,N,Y,Y,-114.1019306,51.0562092
Ernest Morrow School,T2A1R3,Calgary,AB,(403) 777-7800,N,N,{73572EA0-1569-4B09-9410-D9B1B6795DE0},ernestmorrow@cbe.ab.ca,The Calgary School Division,1212  47 St SE,Junior High,N,Y,N,-113.9648529,51.0433913
Valley Creek School,T3A6J2,Calgary,AB,(403) 777-7995,N,N,{D6B9E1BB-8649-4E55-897F-9B2C2602C0E4},valleycreek@cbe.ab.ca,The Calgary School Division,10951 Hidden Valley Dr NW,Elementary/Junior High,Y,Y,N,-114.1166872,51.1502406
Tom Baines School,T3A3S2,Calgary,AB,(403) 777-7190,N,N,{2916D6EB-D977-4E1D-9338-A7315C48771F},tombaines@cbe.ab.ca,The Calgary School Division,250 Edgepark Blvd NW,Elementary/Junior High,Y,Y,N,-114.1570078,51.1335211
Terry Fox School,T3J1P7,Calgary,AB,(403) 777-8800,N,N,{580D945B-1191-4F0E-B45B-950EA46A5360},terryfox@cbe.ab.ca,The Calgary School Division,139 Falshire Dr NE,Junior High,N,Y,N,-113.9451182,51.1046637
Saddle Ridge School,T3J5L6,Calgary,AB,(403) 777-6249,N,N,{28A739FD-B522-4A02-97C9-36AB4C6BCCE6},SaddleRidge@cbe.ab.ca,The Calgary School Division,368 Saddlecrest Blvd NE,Elementary,Y,N,N,-113.9368939,51.1368893
Beddington Heights School,T3K2J6,Calgary,AB,(403) 777-6610,N,N,{55CE6EA4-E24C-46D7-82FC-457520B380FA},beddingtonheights@cbe.ab.ca,The Calgary School Division,95 Bermuda Rd NW,Elementary,Y,N,N,-114.0794072,51.1317524
Auburn Bay School,T3M0K6,Calgary,AB,(403) 817-3540,N,N,{C21E31F5-7748-4B3A-9610-FA90751E04B2},auburnbay@cbe.ab.ca,The Calgary School Division,7 Auburn Bay Ave SE,Elementary,Y,N,N,-113.9623422,50.8967618
Collingwood School,T2L0R6,Calgary,AB,(403) 777-6180,N,N,{8FF9B34E-3C4F-46A8-AF32-F53BC919B4D1},collingwood@cbe.ab.ca,The Calgary School Division,3826 Collingwood Dr NW,Elementary,Y,N,N,-114.1032718,51.0857887
Bridlewood School,T2Y0L4,Calgary,AB,,N,N,{9674DC40-F0A2-4583-A4FD-A55B0C2C9FAF},,The Calgary School Division,207 Bridleridge Way SW,Elementary,Y,N,N,-114.1106762,50.9023903
G. W. Skene School,T2A6M7,Calgary,AB,(403) 777-8150,N,N,{DC83421E-8DB4-4FD0-8355-7014418E0EDC},gwskene@cbe.ab.ca,The Calgary School Division,6226 Penbrooke Dr SE,Elementary,Y,N,N,-113.945235,51.0456316
Colonel Macleod School,T2E3Y9,Calgary,AB,(403) 777-7500,N,N,{5BBE5316-2B7E-498C-BE14-60F750929726},colonelmacleod@cbe.ab.ca,The Calgary School Division,1610  6 St NE,Elementary/Junior High,Y,Y,N,-114.0476596,51.0661896
Sunalta School,T3C2J9,Calgary,AB,(403) 777-8590,N,N,{1E7D82D0-2742-4EA7-8E60-CA6A6CD89812},sunalta@cbe.ab.ca,The Calgary School Division,536 Sonora Ave SW,Elementary,Y,N,N,-114.1109119,51.0413501
The Hamptons School,T3A6G2,Calgary,AB,(403) 777-7300,N,N,{34E34196-44E8-4476-9D74-0720E561104B},hamptons@cbe.ab.ca,The Calgary School Division,10330 Hamptons Blvd NW,Elementary,Y,N,N,-114.1485213,51.1434525
Chinook Park School,T2V0S6,Calgary,AB,(403) 777-8480,N,N,{917EEEEE-E715-4EB7-834A-B74F1520954D},chinookpark@cbe.ab.ca,The Calgary School Division,1312  75 Ave SW,Elementary,Y,N,N,-114.0893846,50.9864545
Sir Winston Churchill High School,T2L2J6,Calgary,AB,(403) 289-9241,N,N,{637A38B0-D12A-4F96-8343-4F1C941619FB},sirwinstonchurchill@cbe.ab.ca,The Calgary School Division,5220 Northland Dr NW,Senior High,N,N,Y,-114.1400026,51.1001279
Dalhousie School,T3A1K3,Calgary,AB,(403) 777-6030,N,N,{41311CFF-2A8D-41A4-9F66-B5A7EDEFDEF3},dalhousie@cbe.ab.ca,The Calgary School Division,4440 Dallyn St NW,Elementary,Y,N,N,-114.1513928,51.1065337
Bayside School,T3M0Z4,Calgary,AB,(403) 817-3436,N,N,{BD18280E-E030-44AF-B307-C125BA243201},baysideschool@cbe.ab.ca,The Calgary School Division,15 Auburn Crest Park SE,Elementary,Y,N,N,-113.9475403,50.8882507
Ian Bazalgette School,T2B0C6,Calgary,AB,(403) 777-7360,N,N,{94A449C2-6DB5-4C4B-B06E-E0458E8187DC},ianbazalgette@cbe.ab.ca,The Calgary School Division,3909  26 Ave SE,Junior High,N,Y,N,-113.9776832,51.0298368
Midsun School,T2X3R5,Calgary,AB,(403) 777-6430,N,N,{63AFEF38-E0F3-4A12-920D-8127F5B294D9},midsun@cbe.ab.ca,The Calgary School Division,660 Sunmills Dr SE,Elementary/Junior High,Y,Y,N,-114.0309296,50.9018562
Discovering Choices II,T2A6K3,Calgary,AB,(403) 777-8384,N,N,{61A0FBF1-8A80-450D-AB9A-E1CFBBF6B774},discoveringchoices@cbe.ab.ca,The Calgary School Division,3610 - 9th Street SE,Senior High,N,N,Y,-113.9849539,51.0565383
Discovering Choices II,T2A6K3,Calgary,AB,(403) 777-8384,N,N,{E481C3B7-A8E9-4887-BDDF-B3C290A03849},discoveringchoices@cbe.ab.ca,The Calgary School Division,3610 - 9th Street SE,Senior High,N,N,Y,-113.9849539,51.0565383
Dr. E. P. Scarlett High School,T2W1H4,Calgary,AB,(403) 281-3366,N,N,{4890C6BA-C31E-44B6-862E-C32FFBCD4CA0},drepscarlett@cbe.ab.ca,The Calgary School Division,220 Canterbury Dr SW,Senior High,N,N,Y,-114.0879958,50.9487948
Joane Cardinal-Schubert High School,T3M2P9,Calgary,AB,(403) 817-3600,N,N,{EEE086FD-48C6-4DAE-B9A4-2B6EED2CE7F6},saglassford@cbe.ab.ca,The Calgary School Division,19480 45 St SE,Senior High,N,N,Y,-113.9442407,50.8781272
Somerset School,T2Y4S2,Calgary,AB,,N,N,{CB34D34B-9CF4-4A05-94FF-485F1ABCA86B},somerset@cbe.ab.ca,The Calgary School Division,150 Somerset Manor SW,Elementary,Y,N,N,-114.0849814,50.8974187
Grant MacEwan School,T3J3A5,Calgary,AB,(403) 777-6930,N,N,{A1A80230-6882-4C77-8D69-F9975B572F72},grantmacewan@cbe.ab.ca,The Calgary School Division,180 Falshire Dr NE,Elementary,Y,N,N,-113.942965,51.1064336
Connaught School,T2R0J8,Calgary,AB,(403) 777-8560,N,N,{5A529F4A-49DC-42B6-95BB-394A32444ABA},connaught@cbe.ab.ca,The Calgary School Division,1121  12 Ave SW,Elementary,Y,N,N,-114.0877305,51.0415385
Marshall Springs School,T2Y4X5,Calgary,AB,(403) 817-3528,N,N,{F77FAD8F-FD07-4426-8E5A-4C81ED639230},marshallsprings@cbe.ab.ca,The Calgary School Division,1100 Everridge Dr SW,Elementary/Junior High,Y,Y,N,-114.1123146,50.9114516
Ron Southern School,T2X2E2,Calgary,AB,(403) 817-3576,N,N,{D822E028-1E40-4EC0-9D08-FE16CBC8B61D},ronsouthern@cbe.ab.ca,The Calgary School Division,483 Silverado Blvd SW,Elementary,Y,N,N,-114.0857024,50.8809386
Kenneth D. Taylor School,T3P0A1,Calgary,AB,(403) 817-3504,N,N,{C575A8BE-32B0-432B-960E-B0EB592BE8CA},kennethdtaylor@cbe.ab.ca,The Calgary School Division,30 Evanscove Cir NW,Elementary,Y,N,N,-114.1177852,51.1651135
Clarence Sansom School,T1Y6G4,Calgary,AB,(403) 777-7700,N,N,{F03662D3-FFE7-46B1-81A4-781145E81169},clarencesansom@cbe.ab.ca,The Calgary School Division,5840  24 Ave NE,Elementary/Junior High,Y,Y,N,-113.9492097,51.0746202
Keeler School,T2A2C4,Calgary,AB,(403) 777-8180,N,N,{F7107B33-40C5-4F45-A578-68A846CA19A9},keeler@cbe.ab.ca,The Calgary School Division,4807 Forego Ave SE,Elementary,Y,N,N,-113.9648274,51.0492636
All Boys Program,T3E1C2,Calgary,AB,(403) 777-8400,N,N,{DFCB5009-3AE3-4120-9B11-A83B32DA58DF},,The Calgary School Division,3519  36 Avenue SW,Elementary,Y,N,N,-114.13624,51.0211865
Willow Park School,T2J0K7,Calgary,AB,(403) 777-6900,N,N,{DCF6CB20-A054-4520-AFD8-95B7FB3D1B77},willowpark@cbe.ab.ca,The Calgary School Division,343 Willow Park Dr SE,Elementary/Junior High,Y,Y,N,-114.0607015,50.9578029
Andrew Sibbald School,T2J2X9,Calgary,AB,(403) 777-6830,N,N,{C65FBA96-3DB1-4D36-89BA-D91F1BECF2BD},andrewsibbald@cbe.ab.ca,The Calgary School Division,1711 Lake Bonavista Dr SE,Elementary,Y,N,N,-114.0408918,50.9351853
Captain Nichola Goddard School,T3K0P3,Calgary,AB,(403) 817-3300,N,N,{B6CD1E04-9BA3-435C-9567-91CE5696BB1A},CaptainNicholaGoddard@cbe.ab.ca,The Calgary School Division,405 Panatella Blvd NW,Elementary/Junior High,Y,Y,N,-114.088693,51.1624577
Bob Edwards School,T2A2Z5,Calgary,AB,(403) 777-7770,N,N,{B9147DC4-5750-4400-ADB6-C724A304CAA6},bobedwards@cbe.ab.ca,The Calgary School Division,4424 Marlborough Dr NE,Elementary/Junior High,Y,Y,N,-113.968788,51.0599362
Colonel J. Fred Scott School,T1Y3C4,Calgary,AB,(403) 777-6710,N,N,{0324D630-27AF-4E6D-949C-300DB3C22635},coloneljfredscott@cbe.ab.ca,The Calgary School Division,171 Whitehorn Rd NE,Elementary,Y,N,N,-113.9681787,51.0877737
Wood's Homes School,T3B2B2,Calgary,AB,(403) 270-1751,N,N,{2F8BAC38-913F-43F8-B54B-AA7E90817F79},woodshomes@cbe.ab.ca,The Calgary School Division,805 37 ST NW,Junior High/Senior High,N,Y,Y,-114.2242426,51.0961048
A. E. Cross School,T3E3C2,Calgary,AB,(403) 777-7410,N,N,{9F522B52-7850-4B6F-8ED3-72497D560F27},aecross@cbe.ab.ca,The Calgary School Division,3445  37 St SW,Junior High,N,Y,N,-114.1421101,51.023251
Thomas B. Riley School,T3B2J9,Calgary,AB,(403) 777-7260,N,N,{C7FDF019-3C0E-4F99-9613-CB7A8B7AF696},thomasbriley@cbe.ab.ca,The Calgary School Division,3915  69 St NW,Junior High,N,Y,N,-114.1890659,51.0875359
Coventry Hills School,T3K5S9,Calgary,AB,(403) 777-6025,N,N,{3D0B619F-3A65-4B53-AA52-520299DB7AB6},coventryhills@cbe.ab.ca,The Calgary School Division,12350 Coventry Hills Way NE,Elementary,Y,N,N,-114.0514279,51.1651872
Battalion Park School,T3H4S2,Calgary,AB,(403) 777-7187,N,N,{3ECBBE50-873E-45EF-8F72-F0D8C319CD7B},battalionpark@cbe.ab.ca,The Calgary School Division,369 Sienna Park Dr SW,Elementary,Y,N,N,-114.1819153,51.0235736
Midnapore School,T2X1L7,Calgary,AB,(403) 777-8680,N,N,{B6EE6AFF-7C3C-46B7-ACBE-EFDE58EA37C8},midnapore@cbe.ab.ca,The Calgary School Division,55 Midpark Rise SE,Elementary,Y,N,N,-114.0551889,50.9150469
Georges P. Vanier School,T2E2H3,Calgary,AB,(403) 777-7460,N,N,{8D862E78-1BCF-495E-A55F-3E8FE0610FDD},georgespvanier@cbe.ab.ca,The Calgary School Division,509  32 Ave NE,Elementary/Junior High,Y,Y,N,-114.0520834,51.0806121
Wildwood School,T3C2B3,Calgary,AB,(403) 777-8430,N,N,{EF6CF1C5-5124-4323-A306-941B804E2756},wildwood@cbe.ab.ca,The Calgary School Division,120  45 St SW,Elementary,Y,N,N,-114.1521308,51.0515963
Balmoral School,T2M0H4,Calgary,AB,(403) 777-7330,N,N,{8813489D-59F7-459F-80D8-C4B44D13AE02},balmoral@cbe.ab.ca,The Calgary School Division,220 16 Ave NW,Elementary/Junior High,Y,Y,N,-114.0664944,51.0678886
Cambrian Heights School,T2K3J5,Calgary,AB,(403) 777-6150,N,N,{C7DB850F-C2A2-4B1A-A995-02A0967CEE53},cambrianheights@cbe.ab.ca,The Calgary School Division,640 Northmount Dr NW,Elementary,Y,N,N,-114.0879887,51.0853585
Ted Harrison School,T3J4L1,Calgary,AB,(403) 817-3330,N,N,{6F5E9AB8-7F97-4DFC-892F-E13C0B848499},TedHarrison@cbe.ab.ca,The Calgary School Division,215 Taravista Way NE,Elementary/Junior High,Y,Y,N,-113.9282685,51.1172395
Patrick Airlie School,T2A1H9,Calgary,AB,(403) 777-8220,N,N,{D1903B43-C963-4080-8EC2-D29622C2D03F},patrickairlie@cbe.ab.ca,The Calgary School Division,1520  39 St SE,Elementary,Y,N,N,-113.9767981,51.0399181
Chris Akkerman School,T2A3J6,Calgary,AB,(403) 777-8120,N,N,{8447BE89-662E-4CF1-99D1-0B65288B02D6},chrisakkerman@cbe.ab.ca,The Calgary School Division,5004 Marbank Dr NE,Elementary,Y,N,N,-113.9630252,51.063764
Captain John Palliser School,T2L0G6,Calgary,AB,(403) 777-6170,N,N,{04DA1C45-1171-4826-B422-63C146B154E6},captainjohnpalliser@cbe.ab.ca,The Calgary School Division,1484 Northmount Dr NW,Elementary,Y,N,N,-114.1360304,51.0963716
North Haven School,T2K2K2,Calgary,AB,(403) 777-6220,N,N,{47C46D5C-4AC5-4D06-9E49-5E975866C402},northhaven@cbe.ab.ca,The Calgary School Division,4922 North Haven Dr NW,Elementary,Y,N,N,-114.0866271,51.0975158
Mayland Heights School,T2E6A2,Calgary,AB,(403) 777-6290,N,N,{383F85CD-8C65-417B-9E95-1416BD9FE59A},maylandheights@cbe.ab.ca,The Calgary School Division,2324 Maunsell Drive NE,Elementary,Y,N,N,-114.007307,51.0589586
West Springs School,T3H0P7,Calgary,AB,(403) 777-6244,N,N,{E2961F78-6691-4D44-B5F9-DD54AB929733},,The Calgary School Division,8999 Wentworth Ave SW,Elementary,Y,N,N,-114.2167641,51.0584445
McKenzie Lake School,T2Z1L7,Calgary,AB,(403) 777-6500,N,N,{D91F50C5-8710-4339-BD09-2CC564A0266C},mckenzielake@cbe.ab.ca,The Calgary School Division,16210 McKenzie Lake Way SE,Elementary,Y,N,N,-113.9850116,50.9062247
Erin Woods School,T2B2Z9,Calgary,AB,(403) 777-8140,N,N,{E9BF1114-1F45-45F5-B72D-1BFCEAD0BE56},erinwoods@cbe.ab.ca,The Calgary School Division,25 Erin Park Dr SE,Elementary,Y,N,N,-113.9657916,51.0227065
Haysboro School,T2V0W2,Calgary,AB,(403) 777-8530,N,N,{17BF1D32-4086-4B78-8628-5EDDBC9F220D},haysboro@cbe.ab.ca,The Calgary School Division,1123  87 Avenue SW,Elementary,Y,N,N,-114.08915,50.9755019
Belfast School,T2E4V4,Calgary,AB,(403) 777-6250,N,N,{09B6085E-27AF-46F8-A59E-9374F8520FB0},belfast@cbe.ab.ca,The Calgary School Division,1229  17A St NE,Elementary,Y,N,N,-114.0183225,51.0633817
Fairview School,T2H0Y1,Calgary,AB,(403) 777-7900,N,N,{90B89941-3D00-495A-8B77-E220B0636001},fairview@cbe.ab.ca,The Calgary School Division,7840 Fairmount Dr SE,Elementary/Junior High,Y,Y,N,-114.0594643,50.9839923
Fish Creek School,T2X2Z1,Calgary,AB,(403) 777-6400,N,N,{F4C302A2-F9B9-4FA2-B8F5-32F53E9E4BCF},fishcreek@cbe.ab.ca,The Calgary School Division,1039 Suncastle Dr SE,Elementary,Y,N,N,-114.0328256,50.9015119
Woodlands School,T2W4W9,Calgary,AB,(403) 777-8640,N,N,{8B12DDAE-A651-479C-A716-D47C7F6A6F09},woodlands@cbe.ab.ca,The Calgary School Division,88 Woodgreen Dr SW,Elementary,Y,N,N,-114.1069838,50.9389419
Braeside School,T2W0C3,Calgary,AB,(403) 777-8470,N,N,{05B01D2E-2E66-4F8E-A7B7-7E8B0380D2C1},braeside@cbe.ab.ca,The Calgary School Division,1747  107 Ave SW,Elementary,Y,N,N,-114.1017086,50.9566803
Glenbrook School,T3E3V1,Calgary,AB,(403) 777-8320,N,N,{BD1DD1CE-20D6-4073-9669-2AF5A18EA3A5},glenbrook@cbe.ab.ca,The Calgary School Division,4725 33 Ave. S.W.,Elementary,Y,N,N,-114.1550118,51.0235181
Colonel Sanders School,T2K3G5,Calgary,AB,(403) 777-6034,N,N,{2921795F-532A-4A75-8A47-28EB74833F90},ColonelSanders@cbe.ab.ca,The Calgary School Division,226 Northmount Dr NW,Elementary,Y,N,N,-114.0747847,51.0998205
H. D. Cartwright School,T3A1V6,Calgary,AB,(403) 777-7420,N,N,{F8E5E90E-5171-4925-96B8-AA9887A5E811},hdcartwright@cbe.ab.ca,The Calgary School Division,5500 Dalhart Rd NW,Junior High,N,Y,N,-114.1613417,51.1126553
Lake Bonavista School,T2J2L1,Calgary,AB,(403) 777-6871,N,N,{902C79B2-C166-4C91-B09F-79E4CEEF9519},lakebonavista@cbe.ab.ca,The Calgary School Division,1015  120 Ave SE,Elementary,Y,N,N,-114.040938,50.9445477
Chief Justice Milvain School,T1Y6A3,Calgary,AB,(403) 777-6700,N,N,{9613DF9D-3E5B-4095-B09A-739B656960ED},chiefjusticemilvain@cbe.ab.ca,The Calgary School Division,3428  42 St NE,Elementary,Y,N,N,-113.9722042,51.0836928
Woodbine School,T2W5E1,Calgary,AB,(403) 777-8630,N,N,{AE75798D-3FB3-4A3C-8808-3EAF0878FDFC},woodbine@cbe.ab.ca,The Calgary School Division,27 Woodfield Way SW,Elementary,Y,N,N,-114.1289569,50.9365396
Dr. Oakley School,T2T4Z9,Calgary,AB,(403) 777-8300,N,N,{8D5ADF3B-A754-488B-A6F7-5713FF686111},droakley@cbe.ab.ca,The Calgary School Division,3904  20 St SW,Elementary/Junior High/Senior High,Y,Y,Y,-114.1084497,51.019279
Children's Village School,T2E5L5,Calgary,AB,(403) 777-6114,N,N,{CC0900A2-0E31-4C67-A088-D78761031EDD},ChildrensVillage@cbe.ab.ca,The Calgary School Division,1210 Russet Rd NE,Elementary,Y,N,N,-114.0419786,51.0638755
King George School,T2M3M4,Calgary,AB,(403) 777-6210,N,N,{A6ABBE0D-FDCC-4037-A1E6-971CDDCE2D08},KingGeorge@cbe.ab.ca,The Calgary School Division,2108  10 St NW,Elementary,Y,N,N,-114.0840698,51.0709038
Royal Oak School,T3G5R8,Calgary,AB,(403) 777-6279,N,N,{33CB812E-6053-431A-8463-759E7FFC7825},royaloak@cbe.ab.ca,The Calgary School Division,9100 Royal Birch Blvd NW,Elementary,Y,N,N,-114.2220836,51.1455795
Dr. J. K. Mulloy School,T2K1H6,Calgary,AB,(403) 777-6640,N,N,{0204BD48-C04A-4574-805C-FD590CF2EA24},,The Calgary School Division,7440 10 St NW,Elementary,Y,N,N,-114.0799833,51.1192318
Monterey Park School,T1Y6R2,Calgary,AB,(403) 777-7233,N,N,{4F9BB809-32A7-4C76-A43B-15032817C96A},montereypark@cbe.ab.ca,The Calgary School Division,7400 California Blvd NE,Elementary,Y,N,N,-113.9304971,51.0774314
Crossing Park School,T3J4W8,Calgary,AB,(403) 777-7195,N,N,{1811AC85-4241-4739-A042-C42823992479},crossingpark@cbe.ab.ca,The Calgary School Division,500 Martindale Blvd NE,Elementary/Junior High,Y,Y,N,-113.9663379,51.115699
Banff Trail School,T2M4J3,Calgary,AB,(403) 777-6120,N,N,{9C6C1D61-B57A-4DC7-9D28-12E30703CB88},banfftrail@cbe.ab.ca,The Calgary School Division,3232 Cochrane Rd NW,Elementary,Y,N,N,-114.116773,51.0816462
William Aberhart High School,T2M4G9,Calgary,AB,(403) 289-2551,N,N,{48CFA039-7BA0-45A8-B536-362C51848C25},williamaberhart@cbe.ab.ca,The Calgary School Division,3009 Morley Trail NW,Junior High/Senior High,N,Y,Y,-114.1153518,51.0786763
Hawkwood School,T3G2V7,Calgary,AB,(403) 777-6410,N,N,{3AB45A45-5F86-4AE5-9393-DF86CE645C37},hawkwood@cbe.ab.ca,The Calgary School Division,650 Hawkwood Blvd NW,Elementary,Y,N,N,-114.1787604,51.1306637
Capitol Hill School,T2M3T4,Calgary,AB,(403) 777-6160,N,N,{A8893281-F49E-427B-AA72-83EBE354A266},capitolhill@cbe.ab.ca,The Calgary School Division,2210  18 St NW,Elementary,Y,N,N,-114.1039318,51.0720834
James Short Memorial School,T2A3V7,Calgary,AB,(403) 777-8170,N,N,{E93E4B29-C606-4CCE-8E08-D8A17867DF4E},jamesshortmemorial@cbe.ab.ca,The Calgary School Division,6333  5 Ave SE,Elementary,Y,N,N,-113.9428125,51.0478673
McKenzie Towne School,T2Z0V3,Calgary,AB,,N,N,{DD44D518-C51C-490A-95E2-D84FA0CA5FE4},mckenzietowneSchool@cbe.ab.ca,The Calgary School Division,679 Prestwick Cir SE,Elementary,Y,N,N,-113.9667317,50.9270555
Richmond School,T2T5G5,Calgary,AB,(403) 777-8380,N,N,{E0C22DF6-12EE-41C1-A8A8-64555E1AC829},richmond@cbe.ab.ca,The Calgary School Division,2701 - 22 St SW,Elementary,Y,N,N,-114.1150529,51.0301394
Glendale School,T3E3Z8,Calgary,AB,(403) 777-8330,N,N,{65B821D0-F9A7-4893-B1B0-4F3F610CBC3F},glendale@cbe.ab.ca,The Calgary School Division,2415 Kelwood Dr SW,Elementary,Y,N,N,-114.1455943,51.032474
Terrace Road School,T3B1B3,Calgary,AB,(403) 777-6080,N,N,{5A4695F7-CA46-410E-8DE4-2184DE8F2D84},terraceroad@cbe.ab.ca,The Calgary School Division,2103  46 St NW,Elementary,Y,N,N,-114.157946,51.0745086
Penbrooke Meadows School,T2A2G4,Calgary,AB,(403) 777-8230,N,N,{47EF3502-9210-42AF-BFA0-476489E84679},penbrookemeadows@cbe.ab.ca,The Calgary School Division,5645 Pensacola Cres SE,Elementary,Y,N,N,-113.952203,51.0418021
Maple Ridge School,T2J1W3,Calgary,AB,(403) 777-6280,N,N,{D723FB5F-3FCF-4A53-BD6C-29BA6CE88634},mapleridge@cbe.ab.ca,The Calgary School Division,10203 Maplemont Rd SE,Elementary,Y,N,N,-114.041973,50.9618973
Mountain Park School,T2Z4Y1,Calgary,AB,(403) 777-6442,N,N,{E35E7598-1C81-4C57-A44F-EFEC6E39E274},mountainpark@cbe.ab.ca,The Calgary School Division,312 Mt Douglas Close SE,Elementary/Junior High,Y,Y,N,-113.9818941,50.9238051
Douglas Harkness School,T1Y2C5,Calgary,AB,(403) 777-6720,N,N,{B527D5E7-1EF0-4C4B-A1C0-870E82B215F6},DouglasHarkness@cbe.ab.ca,The Calgary School Division,6203 24 Ave NE,Elementary,Y,N,N,-113.9460588,51.0738502
Rundle School,T1Y4W9,Calgary,AB,(403) 777-6760,N,N,{D595C520-A69B-487C-8E90-43CABA13DC8D},rundle@cbe.ab.ca,The Calgary School Division,4120 Rundlehorn Dr NE,Elementary,Y,N,N,-113.973736,51.0711891
Dr. Gordon Higgins School,T1Y2W9,Calgary,AB,(403) 777-7060,N,N,{A73A96A2-FD3A-46F1-B0B4-B6FC1DBEF4F0},drgordonhiggins@cbe.ab.ca,The Calgary School Division,155 Rundlehill Dr NE,Junior High,N,Y,N,-113.9706783,51.0752764
Cappy Smart School,T2A4P5,Calgary,AB,(403) 777-8110,N,N,{6A2949D7-7383-43F3-BAC3-2A252EA54B80},cappysmart@cbe.ab.ca,The Calgary School Division,5808 Madigan Dr NE,Elementary,Y,N,N,-113.945082,51.0636998
West Dover School,T2B0G9,Calgary,AB,(403) 777-8260,N,N,{9157799E-10B5-4B7D-B2F5-961F4B1D906A},westdover@cbe.ab.ca,The Calgary School Division,3113  30 Avenue SE,Elementary,Y,N,N,-113.9906622,51.026336
Falconridge School,T3J1T4,Calgary,AB,(403) 777-6730,N,N,{4492906A-BD9C-4D6A-8E48-646091C1E7D5},falconridge@cbe.ab.ca,The Calgary School Division,1331 Falconridge Dr NE,Elementary,Y,N,N,-113.9454468,51.0993709
Central Memorial High School,T3E1R9,Calgary,AB,(403) 243-8880,N,N,{8A8BCAD7-E3F3-4754-ADB7-E5B6A7B23045},centralmemorial@cbe.ab.ca,The Calgary School Division,5111  21 St SW,Senior High,N,N,Y,-114.1135347,51.0079346
Alternative High School,T2T5A5,Calgary,AB,(403) 777-7730,N,N,{F7C0109E-8119-48E6-AE93-D253108CCA6A},alternative@cbe.ab.ca,The Calgary School Division,5003  20 St SW,Senior High,N,N,Y,-114.1099742,51.0096662
Senator Patrick Burns School,T2L0X2,Calgary,AB,(403) 777-7400,N,N,{0265C168-3B48-4920-901D-54C15128434D},senatorpatrickburns@cbe.ab.ca,The Calgary School Division,2155 Chilcotin Rd NW,Elementary/Junior High,Y,Y,N,-114.115551,51.0882178
Prince of Wales School,T2J3Y9,Calgary,AB,(403) 777-6880,N,N,{DCC598BB-A38F-473D-82DA-7825CD13B638},princeofwales@cbe.ab.ca,The Calgary School Division,253 Parkland Way SE,Elementary,Y,N,N,-114.0333222,50.9247709
Hidden Valley School,T3A6J2,Calgary,AB,(403) 777-7236,N,N,{9AD27835-8DC4-4F33-8F5F-3657DC535DAC},,The Calgary School Division,10959 Hidden Valley Dr  NW,Elementary,Y,N,N,-114.1196043,51.1502605
Louis Riel School,T2V0L1,Calgary,AB,(403) 777-7650,N,N,{BBC0103B-44E1-490A-97D0-EB12DD8F4295},louisriel@cbe.ab.ca,The Calgary School Division,9632 Oakfield Dr SW,Elementary/Junior High,Y,Y,N,-114.1322722,50.9667379
Nickle School,T2J2Y6,Calgary,AB,(403) 777-7720,N,N,{9C574580-32E1-4A44-B46F-7167512C020F},nickle@cbe.ab.ca,The Calgary School Division,2500 Lake Bonavista Dr SE,Elementary/Junior High,Y,Y,N,-114.061449,50.9407435
Evergreen School,T2Y0L3,Calgary,AB,,N,N,{9BFACB37-ABE8-4894-8905-95159178144F},,The Calgary School Division,367 Everstone Dr SW,Elementary,Y,N,N,-114.1065341,50.9169307
Guy Weadick School,T1Y4W7,Calgary,AB,(403) 777-6740,N,N,{B55E9A8C-3B11-4EB0-8609-CDE83A27EBEF},guyweadick@cbe.ab.ca,The Calgary School Division,5612 Templehill Rd NE,Elementary,Y,N,N,-113.9529891,51.0869951
Pineridge School,T1Y4W6,Calgary,AB,(403) 777-6750,N,N,{B3A2BF20-A3FC-4FD9-8FF3-ED92A8D49AE5},pineridge@cbe.ab.ca,The Calgary School Division,1927  61 St NE,Elementary,Y,N,N,-113.9452435,51.0703316
Radisson Park School,T2A0C8,Calgary,AB,(403) 777-8070,N,N,{99B0D6D5-9E08-48D2-8103-6C872E9E21BA},radissonpark@cbe.ab.ca,The Calgary School Division,2805 Radcliffe Dr SE,Elementary,Y,N,N,-113.9922472,51.0461681
Chaparral School,T2X3S2,Calgary,AB,(403) 777-6424,N,N,{D5F3B734-3494-44E6-A020-F89B011C82A6},chaparral@cbe.ab.ca,The Calgary School Division,480 Chaparral Dr SE,Elementary,Y,N,N,-114.0449824,50.8829707
Arbour Lake Middle School,T3G4H3,Calgary,AB,(403) 777-7310,N,N,{F8EBC1E1-D3C3-409F-9178-C8E39C0ADDDC},ArbourLake@cbe.ab.ca,The Calgary School Division,27 Arbour Crest Dr NW,Elementary/Junior High,Y,Y,N,-114.2091915,51.1346577
Crescent Heights High School,T2M2S2,Calgary,AB,(403) 276-5521,N,N,{82C630B7-3611-43EA-A4CD-79F20C7C0BAA},crescentheights@cbe.ab.ca,The Calgary School Division,1019 1 St NW,Senior High,N,N,Y,-114.0661057,51.0614965
Cecil Swanson School,T1Y5V9,Calgary,AB,(403) 777-6690,N,N,{13B338F9-E926-48AA-A8D3-06110F3FFB04},cecilswanson@cbe.ab.ca,The Calgary School Division,4820 Rundlewood Dr NE,Elementary,Y,N,N,-113.9675574,51.0741889
Annie Gale School,T1Y4S8,Calgary,AB,(403) 777-7680,N,N,{310E2181-5693-4880-A3B6-9A6EF4217F2F},anniegale@cbe.ab.ca,The Calgary School Division,577 Whiteridge Way NE,Elementary/Junior High,Y,Y,N,-113.9689571,51.0890794
Huntington Hills School,T2K0M5,Calgary,AB,(403) 777-6650,N,N,{342F0414-D856-41B1-AE9B-1D7FE611C5A2},huntingtonhills@cbe.ab.ca,The Calgary School Division,820  64 Ave NW,Elementary,Y,N,N,-114.0774711,51.1122157
Vincent Massey School,T3C2B9,Calgary,AB,(403) 777-7870,N,N,{2FF9CCA1-57ED-437C-8976-A063F0D7C173},vincentmassey@cbe.ab.ca,The Calgary School Division,939  45 St SW,Junior High,N,Y,N,-114.1534374,51.044044
Sundance School,T2X2N9,Calgary,AB,(403) 777-8690,N,N,{335F335F-53C4-432A-BBA2-2FC4AA4549E7},sundance@cbe.ab.ca,The Calgary School Division,200 Sunmills Dr SE,Elementary,Y,N,N,-114.0468273,50.9006673
Acadia School,T2J1K4,Calgary,AB,(403) 777-8440,N,N,{1B03D727-46D8-4836-A7DE-9ED205C5F8DC},,The Calgary School Division,9603  5 St SE,Elementary,Y,N,N,-114.0539411,50.9676174
Rosemont School,T2K1N6,Calgary,AB,(403) 777-6230,N,N,{BF30ABAA-9B23-416A-B8AE-9E471B364D2A},rosemont@cbe.ab.ca,The Calgary School Division,19 Rosevale Dr NW,Elementary,Y,N,N,-114.0923876,51.077878
Ramsay School,T2G4G9,Calgary,AB,(403) 777-6790,N,N,{47F01D01-0FE9-421C-9C53-496793D1F89F},ramsay@cbe.ab.ca,The Calgary School Division,2223 Spiller Rd SE,Elementary,Y,N,N,-114.0458037,51.0331953
Vista Heights School,T2E6J3,Calgary,AB,(403) 777-6000,N,N,{7C7D84B7-D3C0-4878-BCED-92FB632D8F1B},vistaheights@cbe.ab.ca,The Calgary School Division,2411 Vermillion St NE,Elementary,Y,N,N,-114.0170878,51.073894
Tuscany School,T3L2T4,Calgary,AB,(403) 777-8060,N,N,{E0E82153-C2BB-4695-B3FE-09AD53AD88B5},tuscany@cbe.ab.ca,The Calgary School Division,990 Tuscany Dr NW,Elementary,Y,N,N,-114.245445,51.1177938
Hillhurst School,T2N0Z2,Calgary,AB,(403) 777-6360,N,N,{C74EE289-3CF6-47B2-BE24-21A2EEAE732A},hillhurst@cbe.ab.ca,The Calgary School Division,1418  7 Ave NW,Elementary,Y,N,N,-114.0931514,51.0593015
Ranchlands School,T3G2C5,Calgary,AB,(403) 777-6350,N,N,{34B2FD6D-EF3D-4B12-8034-E8AA3E7CF9D6},ranchlands@cbe.ab.ca,The Calgary School Division,610 Ranchlands Blvd NW,Elementary,Y,N,N,-114.179224,51.1187116
Louise Dean School,T2N2P1,Calgary,AB,(403) 777-7630,N,N,{D2399D72-9562-4B6F-8ED9-B61C03ED33A9},louisedean@cbe.ab.ca,The Calgary School Division,120  23 St NW,Senior High,N,N,Y,-114.1146967,51.0531575
Ethel M. Johnson School,T2W0W7,Calgary,AB,(403) 777-8500,N,N,{283F17D2-704B-43A2-83AB-3E982C591876},ethelmjohnson@cbe.ab.ca,The Calgary School Division,255 Sackville Dr SW,Elementary,Y,N,N,-114.0890531,50.9554801
F. E. Osborne School,T3A1A7,Calgary,AB,(403) 777-7540,N,N,{6CB0ED5F-3D6A-4903-B55D-ACBF462A64BC},feosborne@cbe.ab.ca,The Calgary School Division,5315 Varsity Dr NW,Elementary/Junior High,Y,Y,N,-114.1629793,51.0928185
Henry Wise Wood High School,T2V0S6,Calgary,AB,(403) 253-2261,N,N,{ADA0808E-E61B-488E-B8FC-9B6F15B59B0B},henrywisewood@cbe.ab.ca,The Calgary School Division,910  75 Ave SW,Senior High,N,N,Y,-114.0846986,50.9863474
Sam Livingston School,T2J3G7,Calgary,AB,(403) 777-6890,N,N,{F1ACA746-A624-4061-89DF-9196F3389918},samlivingston@cbe.ab.ca,The Calgary School Division,12011 Bonaventure Dr SE,Elementary,Y,N,N,-114.0612846,50.9454549
Brentwood School,T2L0C9,Calgary,AB,(403) 777-6130,N,N,{C3A3834E-82FA-4308-9853-E71363DDE42D},brentwood@cbe.ab.ca,The Calgary School Division,1231 Northmount Dr NW,Elementary,Y,N,N,-114.1238723,51.0904962
Stanley Jones School,T2E8M3,Calgary,AB,(403) 777-6800,N,N,{BF2593EF-DFFF-4FD1-A5C3-6A8B7CD423E2},Stanleyjones@cbe.ab.ca,The Calgary School Division,950 6 St NE,Elementary/Junior High,Y,Y,N,-114.0477215,51.0599122
Elbow Park School,T2T2H8,Calgary,AB,(403) 817-3408,N,N,{004BC67D-84AC-49EE-AEC3-DB3FD4AD650F},elbowpark@cbe.ab.ca,The Calgary School Division,721  38 Ave SW,Elementary,Y,N,N,-114.0822113,51.0195842
Samuel W. Shaw School,T2Y0K6,Calgary,AB,(403) 777-6163,N,N,{096D5D5B-1501-404E-BDAC-18429605C78E},,The Calgary School Division,115 Shannon Dr SW,Elementary/Junior High,Y,Y,N,-114.0873898,50.9081389
O. S. Geiger School,T3J2J4,Calgary,AB,(403) 777-6950,N,N,{75476379-1BD2-4A8F-B204-BDB66A4D4C16},osgeiger@cbe.ab.ca,The Calgary School Division,100 Castlebrook Dr NE,Elementary,Y,N,N,-113.9615548,51.1048933
Western Canada High School,T2S0B5,Calgary,AB,(403) 228-5363,N,N,{2A64BD31-00E8-447A-BE7C-176EE37738DE},westerncanada@cbe.ab.ca,The Calgary School Division,641  17 Ave SW,Senior High,N,N,Y,-114.0775618,51.0370015
Woodman School,T2V1L2,Calgary,AB,(403) 777-7490,N,N,{6FB9D999-1EBD-4D35-B2BF-E10943CACB50},woodman@cbe.ab.ca,The Calgary School Division,8706 Elbow Dr SW,Elementary/Junior High,Y,Y,N,-114.0832272,50.975665
John Ware School,T2V1R2,Calgary,AB,(403) 777-7930,N,N,{81E57057-C0F3-4D68-BCAA-1D9C420086DF},johnware@cbe.ab.ca,The Calgary School Division,10020  19 St SW,Junior High,N,Y,N,-114.105319,50.9636615
Harold Panabaker School,T2W0W3,Calgary,AB,(403) 777-7890,N,N,{9E30588D-3D3F-40B4-9C30-7B4169FD6B41},haroldpanabaker@cbe.ab.ca,The Calgary School Division,23 Sackville Dr SW,Elementary/Junior High,Y,Y,N,-114.0866624,50.9576463
Abbeydale School,T2A6W2,Calgary,AB,(403) 777-6970,N,N,{DA26DFF5-F70B-4DEC-B803-2A5EE0C547C7},Abbeydale@cbe.ab.ca,The Calgary School Division,320 Abergale Dr NE,Elementary,Y,N,N,-113.9298628,51.056632
Annie Foote School,T1Y5V5,Calgary,AB,(403) 777-6680,N,N,{32E6B9D4-2236-454C-ACD9-CC7BF7C7FD39},anniefoote@cbe.ab.ca,The Calgary School Division,6320 Temple Dr NE,Elementary,Y,N,N,-113.9403445,51.0859954
Thorncliffe School,T2K3B9,Calgary,AB,(403) 777-6670,N,N,{B608044D-D188-45F5-808F-B964FC2CD753},thorncliffe@cbe.ab.ca,The Calgary School Division,5646 Thornton Rd NW,Elementary,Y,N,N,-114.0671109,51.1023299
Briar Hill School,T2N2L8,Calgary,AB,(403) 777-6140,N,N,{F2A807A8-90EA-4EC5-8DD2-FF3621B94B4C},briarhill@cbe.ab.ca,The Calgary School Division,1233  21 St NW,Elementary,Y,N,N,-114.1114328,51.06312
Peter Lougheed School,T3J5J1,Calgary,AB,(403) 817-3508,N,N,{4F1D88A0-5A4E-4D5F-95E1-14D2F29B8DA0},peterlougheed@cbe.ab.ca,The Calgary School Division,148 Saddletree Close NE,Elementary/Junior High,Y,Y,N,-113.9556975,51.1306764
Start Outreach,T3B5C2,Calgary,AB,(403) 777-6107,N,N,{7804B7F8-6E26-4213-84A0-C579B0C169EE},discoveringchoices@cbe.ab.ca,The Calgary School Division,3610 9th Street SE,Senior High,N,N,Y,-114.2019175,51.0894363
Douglasdale School,T2Z4A3,Calgary,AB,(403) 777-6177,N,N,{170DD9B7-8235-4983-8A1E-020F86C4E548},douglasdale@cbe.ab.ca,The Calgary School Division,400 Douglas Park Blvd SE,Elementary,Y,N,N,-113.982663,50.9352697
Dr. George Stanley School,T3M0J4,Calgary,AB,(403) 817-3556,N,N,{BA4C4FF7-5562-4944-9D74-2BB238E9C475},drgeorgestanley@cbe.ab.ca,The Calgary School Division,585 Cranston Dr SE,Elementary/Junior High,Y,Y,N,-113.978303,50.8827839
Rideau Park School,T2S0S2,Calgary,AB,(403) 777-7480,N,N,{77F93032-6C01-4DEC-AF52-D788FE2B7638},rideaupark@cbe.ab.ca,The Calgary School Division,829 Rideau Rd SW,Elementary/Junior High,Y,Y,N,-114.075578,51.0252834
Dr. Roberta Bondar School,T3H5B1,Calgary,AB,(403) 817-3564,N,N,{779F222B-AFD1-4369-B711-47D14FE892D5},drrobertabondar@cbe.ab.ca,The Calgary School Division,1580 Strathcona Dr SW,Elementary,Y,N,N,-114.2055447,51.0503435
Copperfield School,T2Z0G7,Calgary,AB,(403) 817-3512,N,N,{D2FEC475-8FA0-4E41-A134-B7B219DC51B3},copperfield@cbe.ab.ca,The Calgary School Division,54 Copperstone Rd SE,Elementary,Y,N,N,-113.9288201,50.9148388
New Brighton School,T2Z4B2,Calgary,AB,(403) 817-3516,N,N,{F983F92F-E064-4941-8DB4-4BBC11E92C57},newbrighton@cbe.ab.ca,The Calgary School Division,30 New Brighton Dr SE,Elementary,Y,N,N,-113.953722,50.9194839
Robert Warren School,T2W1H2,Calgary,AB,(403) 777-7690,N,N,{D3005EB0-671E-460D-B16F-59CFBAF80C52},robertwarren@cbe.ab.ca,The Calgary School Division,12424 Elbow Dr SW,Elementary/Junior High,Y,Y,N,-114.0848313,50.9425285
Sir John Franklin School,T2E0T7,Calgary,AB,(403) 777-7610,N,N,{6EC4300A-9ABA-42EC-8177-7C6DA54B718D},sirjohnfranklin@cbe.ab.ca,The Calgary School Division,2215  8 Ave NE,Elementary/Junior High,Y,Y,N,-114.0079373,51.059684
Buffalo Rubbing Stone School,T3K0X2,Calgary,AB,(403) 817-3536,N,N,{81F74663-81DF-465A-BADB-E4F22A59801A},buffalorubbingstone@cbe.ab.ca,The Calgary School Division,1308 Panatella Blvd NW,Elementary,Y,N,N,-114.0873828,51.1683592
Simons Valley School,T3K4B2,Calgary,AB,(403) 777-6660,N,N,{86C16544-7731-472A-A517-4CF96F5F9302},simonsvalley@cbe.ab.ca,The Calgary School Division,375 Sandarac Drive NW,Elementary,Y,N,N,-114.1073349,51.1396811
Colonel Irvine School,T2K3H6,Calgary,AB,(403) 777-7280,N,N,{C29E6554-597F-4694-B317-20D0250EC80E},colonelirvine@cbe.ab.ca,The Calgary School Division,412 Northmount Dr NW,Elementary/Junior High,Y,Y,N,-114.0801018,51.0925028
Emily Follensbee School,T2T3W5,Calgary,AB,(403) 777-6980,N,N,{6CB737F8-9782-403F-BF44-A4177FDFFAF0},emilyfollensbee@cbe.ab.ca,The Calgary School Division,5139 14 ST SW,Elementary/Junior High,Y,Y,N,-114.0955892,51.0076426
Hugh A. Bennett School,T3J0V1,Calgary,AB,(403) 817-3560,N,N,{A2959674-4CF5-4E10-B082-82CC3AFD572D},hughabennett@cbe.ab.ca,The Calgary School Division,40 Saddlelake Way NE,Elementary,Y,N,N,-113.9285519,51.1317157
Jack James High School,T2A4M1,Calgary,AB,(403) 248-4054,N,N,{F5B791D0-0E6C-4965-B1F8-41F948AB3661},jackjames@cbe.ab.ca,The Calgary School Division,5105  8 Ave SE,Senior High,N,N,Y,-113.9599771,51.0445345
Earl Grey School,T2T0Z1,Calgary,AB,(403) 777-8570,N,N,{EDBCECB0-D929-489F-A63B-DB6C07474C62},earlgrey@cbe.ab.ca,The Calgary School Division,845 Hillcrest Ave SW,Elementary,Y,N,N,-114.082668,51.0308812
Edgemont School,T3A4X1,Calgary,AB,(403) 777-6340,N,N,{1E6CD8F6-461A-4E0F-A814-3504CCB63C97},edgemont@cbe.ab.ca,The Calgary School Division,55 Edgevalley Cir NW,Elementary,Y,N,N,-114.1435928,51.1288954
Centennial High School,T2X3W7,Calgary,AB,(403) 256-8140,N,N,{E27D462F-6DD2-4E90-974F-76AD7668A629},centennialhigh@cbe.ab.ca,The Calgary School Division,55 Sun Valley Blvd SE,Senior High,N,N,Y,-114.0533681,50.9061114
Sibylla Kiddle School,,Calgary,AB,(403) 817-3432,N,N,{7290AA77-85C0-4C53-BBFF-FA4FFEA857D6},SibyllaKiddle@cbe.ab.ca,The Calgary School Division,126 Cranford Dr SE,Elementary,Y,N,N,-113.9708788,50.8779597
Banting and Best School,T2C2K5,Calgary,AB,(403) 777-8650,N,N,{41C3DE32-B818-4741-8F44-2213D168A58D},bantingandbest@cbe.ab.ca,The Calgary School Division,1819 66 Avenue SE,Elementary,Y,N,N,-114.0138764,50.9937496
Lester B. Pearson High School,T1Y5P4,Calgary,AB,(403) 280-6565,N,N,{D2665ACB-CB57-4999-B72F-2DCBF17475F2},lesterbpearson@cbe.ab.ca,The Calgary School Division,3020  52 St NE,Senior High,N,N,Y,-113.9564095,51.0769577
Mount Royal School,T2T3T3,Calgary,AB,(403) 777-7980,N,N,{E101C025-0BEA-4679-A848-F0DF2052FFF9},mountroyal@cbe.ab.ca,The Calgary School Division,2234  14 St SW,Junior High,N,Y,N,-114.0939249,51.0347279
Ernest Manning High School,T3H0N7,Calgary,AB,(403) 249-3131,N,N,{DB6349C6-3150-4B25-A757-21B4F2F70E1E},ernestmanning@cbe.ab.ca,The Calgary School Division,20 Springborough Blvd SW,Senior High,N,N,Y,-114.1892383,51.0359676
Riverbend School,T2C3Z7,Calgary,AB,(403) 777-6510,N,N,{19692DB0-6EE4-4B7D-8A10-A7AC11D60D87},riverbend@cbe.ab.ca,The Calgary School Division,65 Rivervalley Dr SE,Elementary,Y,N,N,-114.0185163,50.972163
Sunnyside School,T2N1S2,Calgary,AB,(403) 777-6390,N,N,{254440D8-EFC6-4FBA-97CE-66ED68205791},sunnyside@cbe.ab.ca,The Calgary School Division,211 7 St NW,Elementary,Y,N,N,-114.0795583,51.0565691
Nellie McClung School,T2V3S4,Calgary,AB,(403) 777-8620,N,N,{AFC70593-F597-4244-A315-BE45156663CD},nelliemcclung@cbe.ab.ca,The Calgary School Division,2315 Palliser Dr SW,Elementary,Y,N,N,-114.113028,50.968502
Alex Munro School,T2K0R9,Calgary,AB,(403) 777-6600,N,N,{FDEBC98A-A4EF-4215-B69E-823DD74E4546},alexmunro@cbe.ab.ca,The Calgary School Division,427 78 Ave NE,Elementary,Y,N,N,-114.0614094,51.1206541
Manmeet Singh Bhullar School,T3J4Z1,Calgary,AB,(403) 817-3568,N,N,{14201748-5A14-4EEA-923C-295A6BA1CC4D},manmeetsinghbhullar@cbe.ab.ca,The Calgary School Division,1027 Martindale Blvd NE,Elementary,Y,N,N,-113.9594368,51.1233136
Bowness High School,T3B2N6,Calgary,AB,(403) 286-5092,N,N,{ACD57DDC-D903-4FD2-B4A6-784F988E2F82},bowness@cbe.ab.ca,The Calgary School Division,4627  77 St NW,Senior High,N,N,Y,-114.2002653,51.093182
AADAC Youth Services,T2N2E5,Calgary,AB,(403) 297-4664,N,N,{0BBC1B3F-2369-4F75-9E01-A70AE2B24058},AADAC@cbe.ab.ca,The Calgary School Division,1005 - 17 Street N.W.,Unknown,N,N,N,-114.1016961,51.0612678
Roland Michener School,T2A4B1,Calgary,AB,(403) 777-8240,N,N,{9AFDD0C5-6DFD-449F-A5AD-CC4058D6A1B4},rolandmichener@cbe.ab.ca,The Calgary School Division,5958  4 Ave NE,Elementary,Y,N,N,-113.9474139,51.0570261
Olympic Heights School,T3H2Z7,Calgary,AB,(403) 777-8370,N,N,{960F530A-53A2-4203-BDDE-97174A05F141},olympicheights@cbe.ab.ca,The Calgary School Division,875 Strathcona Dr SW,Elementary,Y,N,N,-114.1807907,51.0459743
Westgate School,T3C2T3,Calgary,AB,(403) 777-8420,N,N,{65C3A93D-D81F-4088-AA8B-72136F0AD576},westgate@cbe.ab.ca,The Calgary School Division,150 Westminster Dr SW,Elementary,Y,N,N,-114.1592141,51.0444949
Nose Creek School,T3K5W9,Calgary,AB,(403) 817-3360,N,N,{A16094A4-0C1E-4F89-8294-752B3EB7BCB9},,The Calgary School Division,135 Covepark Sq NE,Elementary/Junior High,Y,Y,N,-114.060714,51.1671563
Elboya School,T2S2N3,Calgary,AB,(403) 777-7760,N,N,{0718B584-90B5-4DFE-943D-5874F6DB470F},elboya@cbe.ab.ca,The Calgary School Division,4804  6 St SW,Elementary/Junior High,Y,Y,N,-114.0782279,51.0108901
Discovering Choices,T2G0W2,Calgary,AB,(403) 268-3265,N,N,{1B03CFF1-8A70-41DD-B582-B81247DBD542},discoveringchoices@cbe.ab.ca,The Calgary School Division,3610 9th Street SE,Senior High,N,N,Y,-114.0567075,51.0428773
West View School,T3R1J3,Calgary,AB,(403) 662-3547,N,N,{488C96D5-123B-4A43-9F42-BA71B1417583},westview@cbe.ab.ca,The Calgary School Division,Calgary Young Offender Centre  12626 - 85 Street N.W.,Elementary/Junior High/Senior High,Y,Y,Y,-114.2080279,51.1655373
St. Rose of Lima Junior High School,T1Y1Z5,Calgary,AB,(403) 500-2071,N,N,{2437E421-A227-4B6E-863F-5689FDC11B59},strose@cssd.ab.ca,The Calgary Roman Catholic Separate School Division,2419 50 Street NE,Elementary/Junior High,Y,Y,N,-113.9622931,51.0758073
St. Jean Brebeuf School,T2L2J6,Calgary,AB,(403) 500-2046,N,N,{4F243F23-247C-4F12-8634-079A5343A359},stjeanbrebeuf@cssd.ab.ca,The Calgary Roman Catholic Separate School Division,5030 Northland Drive N.W.,Junior High,N,Y,N,-114.1402432,51.0979001
Our Lady of the Assumption School,T3B1N5,Calgary,AB,(403) 500-2045,N,N,{C15B472E-3F61-4DDE-974A-B056C5D14377},assumption@cssd.ab.ca,The Calgary Roman Catholic Separate School Division,7311 - 34 Avenue N.W.,Elementary/Junior High,Y,Y,N,-114.1913645,51.0833063
Ecole St. Pius X School,T2M3T5,Calgary,AB,(403) 500-2015,N,N,{1F07A1A7-C007-4E05-8123-5EE034861E17},stpius@cssd.ab.ca,The Calgary Roman Catholic Separate School Division,2312 - 18 Street N.W.,Elementary,Y,N,N,-114.1034205,51.0729793
St. James Elementary Junior High School,T3E1N6,Calgary,AB,(403) 500-2035,N,N,{693E04A0-80E4-4598-AE39-2379F59A5E9B},stjames@cssd.ab.ca,The Calgary Roman Catholic Separate School Division,2227 - 58 Avenue S.W.,Elementary/Junior High,Y,Y,N,-114.1136783,51.0011481
Christ the King Catholic School,T3M1K6,Calgary,AB,(403) 500-2119,N,N,{46EA444F-6B18-4730-B4AA-3225993179AF},christ.theking@cssd.ab.ca,The Calgary Roman Catholic Separate School Division,333 Cranston Way SE,Elementary/Junior High,Y,Y,N,-113.9759845,50.8878437
St. Michael School,T3C0G9,Calgary,AB,(403) 500-2021,N,N,{2E3F8D24-89D3-4B01-850B-DB1863946216},stmichael@cssd.ab.ca,The Calgary Roman Catholic Separate School Division,4511 - 8 Avenue S.W.,Elementary/Junior High,Y,Y,N,-114.1515917,51.0447916
Father James Whelihan,T2X2R5,Calgary,AB,(403) 500-2087,N,N,{D7D4E3AE-129D-4BAF-9DE1-9F9F5E61CEE0},fatherwhelihan@cssd.ab.ca,The Calgary Roman Catholic Separate School Division,70 Sunmills Drive S.E.,Elementary/Junior High,Y,Y,N,-114.0470336,50.9045311
St. Andrew School,T3E1G2,Calgary,AB,(403) 500-2031,N,N,{3101C8B4-9413-43AB-9507-57959F026031},standrew@cssd.ab.ca,The Calgary Roman Catholic Separate School Division,4331 - 41 Avenue S.W.,Elementary,Y,N,N,-114.1477384,51.0163696
Our Lady of Grace School,T3P0N7,Calgary,AB,(403) 500-2124,N,N,{8D1D1483-A4B3-4E2A-86CA-0F692ACE18AF},ourladyofgrace@cssd.ab.ca,The Calgary Roman Catholic Separate School Division,736 Evanston Drive,Elementary/Junior High,Y,Y,N,-114.1205009,51.1793462
Blessed Marie-Rose,T3R1M9,Calgary,AB,(403) 500-2131,N,N,{DB525371-7D0D-43E9-954E-5F3B23F2E5E2},marierose@cssd.ab.ca,The Calgary Roman Catholic Separate School Division,999 Sherwood Blvd. NW,Elementary/Junior High,Y,Y,N,-114.148338,51.1598963
All Saints School,T2X4K9,Calgary,AB,(403) 500-2133,N,N,{30421720-8EAF-472C-A364-42222DCADC3B},allsaints@cssd.ab.ca,The Calgary Roman Catholic Separate School Division,729 Legacy Village Rd SE,Senior High,N,N,Y,-114.0267651,50.8593354
Guardian Angel School,T3H0G5,Calgary,AB,(403) 500-2111,N,N,{D4C93710-B82B-450F-A52D-562B3F39F7B3},guardianangel@cssd.ab.ca,The Calgary Roman Catholic Separate School Division,20 Aspen Hills Dr. SW,Elementary,Y,N,N,-114.2164797,51.0406355
Our Lady of the Evergreens Catholic School,T2Y0L5,Calgary,AB,(403) 500-2120,N,N,{77BB861E-5473-4282-9BDC-4A814036B7CB},ourladyevergreens@cssd.ab.ca,The Calgary Roman Catholic Separate School Division,322 Everridge Dr. S.W.,Elementary,Y,N,N,-114.1222085,50.9143805
St. Cyril School,T2W2N9,Calgary,AB,(403) 500-2070,N,N,{132CFFC2-A933-4018-B18A-893A8BE7F61F},stcyril@cssd.ab.ca,The Calgary Roman Catholic Separate School Division,2990 Cedarbrae Drive S.W.,Elementary/Junior High,Y,Y,N,-114.1285361,50.9555002
St. Damien School,T2B2J1,Calgary,AB,(403) 500-2073,N,N,{2A3896CD-5A47-4260-AC53-59C0CD465611},stdamien@cssd.ab.ca,The Calgary Roman Catholic Separate School Division,3619 - 28 Street S.E.,Elementary,Y,N,N,-113.9922423,51.021927
St. Clare,T3K5Z4,Calgary,AB,(403) 500-2102,N,N,{7DC84285-1548-4A41-B14D-6AD58752478A},stclare@cssd.ab.ca,The Calgary Roman Catholic Separate School Division,"12455 Coventry Hills Way, N.E.",Elementary,Y,N,N,-114.0454099,51.1647493
John Costello Catholic School,T3H1N9,Calgary,AB,(403) 500-2003,N,N,{2E665136-2A0F-4A24-B20A-2B1160242BD1},Johncostello@cssd.ab.ca,The Calgary Roman Catholic Separate School Division,300 Strathcona Drive S.W.,Elementary,Y,N,N,-114.1807218,51.0488393
Don Bosco School,T2J6S7,Calgary,AB,(403) 500-2057,N,N,{368C69A9-1B6D-42BD-BFC3-328E1574185A},donbosco@cssd.ab.ca,The Calgary Roman Catholic Separate School Division,13615 Deer Ridge Drive S.E.,Elementary/Junior High,Y,Y,N,-114.0182669,50.9313074
St. Marguerite School,T2Z0W1,Calgary,AB,(403) 500-2127,N,N,{6BD13595-E15B-483E-987B-06040753AA52},stmarguerite@cssd.ab.ca,The Calgary Roman Catholic Separate School Division,1100 New Brighton Drive SE,Elementary,Y,N,N,-113.9372449,50.9211617
St. Monica School,T2S0C2,Calgary,AB,(403) 500-2001,N,N,{DC3812B5-E3A9-4AF4-A63D-2E1CCD1108C8},Stmonica@cssd.ab.ca,The Calgary Roman Catholic Separate School Division,235 - 18 Avenue S.W.,Elementary/Junior High,Y,Y,N,-114.0678286,51.0367765
St. Boniface Elementary School,T2J2P8,Calgary,AB,(403) 500-2060,N,N,{C1CD5C04-B156-4305-9202-076626C6C90C},stboniface@cssd.ab.ca,The Calgary Roman Catholic Separate School Division,927 Lake Sylvan Drive S.E.,Elementary,Y,N,N,-114.0423555,50.9430704
Our Lady of the Rosary School,T3M0W7,Calgary,AB,(403) 500-2126,N,N,{67F63887-EE70-4511-8CE5-B8BFFD096AF0},ourladyrosary@cssd.ab.ca,The Calgary Roman Catholic Separate School Division,41 Cranston Gate SE,Elementary,Y,N,N,-113.9682202,50.8744359
St. Maria Goretti Elementary School,T3G3T7,Calgary,AB,(403) 500-2099,N,N,{507F96DA-C5A4-49B1-B338-C627D2185C1E},stmariagoretti@cssd.ab.ca,The Calgary Roman Catholic Separate School Division,375 Hawkstone Drive N.W.,Elementary,Y,N,N,-114.177765,51.134531
St. Rupert School,T1Y2W9,Calgary,AB,(403) 500-2044,N,N,{6ADC52BC-1CCC-4870-87EF-7B058221CE22},strupert@cssd.ab.ca,The Calgary Roman Catholic Separate School Division,111 Rundlehill Drive N.E.,Elementary,Y,N,N,-113.9705409,51.07692
St. Sylvester School,T3B4N1,Calgary,AB,(403) 500-2063,N,N,{E2F85D23-18EA-447F-9A4B-CE91B64DEB3F},stsylvester@cssd.ab.ca,The Calgary Roman Catholic Separate School Division,7318 Silver Springs Blvd NW.,Elementary,Y,N,N,-114.1943669,51.1092619
St. Anthony,T2S2N5,Calgary,AB,(403) 500-2013,N,N,{74F8B428-8665-4214-A0B6-12B15C776FB6},stanthony@cssd.ab.ca,The Calgary Roman Catholic Separate School Division,4811 6th St. SW,Elementary/Junior High/Senior High,Y,Y,Y,-114.0793151,51.0101158
St. Josephine Bakhita School,T3P0P2,Calgary,AB,(403) 500-2136,N,N,{6725D9E5-1BB2-4E05-98E2-0A681659333D},stjosephinebakhita@cssd.ab.ca,The Calgary Roman Catholic Separate School Division,3 Evansglen Cl NW,Elementary,Y,N,N,-114.101512,51.1767822
St. Gemma Outreach High School,T1Y7K4,Calgary,AB,(403) 500-2140,N,N,{F11269F1-24B2-4E40-A0E4-A342DD1EBA3E},stgemma@cssd.ab.ca,The Calgary Roman Catholic Separate School Division,38 - 3250 Sunridge Way NE,Senior High,N,N,Y,-113.9901507,51.0696454
Sacred Heart Elementary School,T3C0T6,Calgary,AB,(403) 500-2004,N,N,{E0DA2CC9-9DF0-4BEB-8A45-4BA2FECA6CFA},sacredheart@cssd.ab.ca,The Calgary Roman Catholic Separate School Division,1312 - 15 Street S.W.,Elementary,Y,N,N,-114.0966401,51.040932
St. Helena School,T2K0L8,Calgary,AB,(403) 500-2049,N,N,{A0D1B28E-2328-431C-8210-6FEB0E039F72},sthelena@cssd.ab.ca,The Calgary Roman Catholic Separate School Division,320 - 64 Avenue N.W.,Junior High,N,Y,N,-114.0677967,51.1115405
Monsignor J. S. Smith School,T2Z2H9,Calgary,AB,(403) 500-2069,N,N,{7DE788CD-56E4-4206-82B7-B99F83AB4AF3},msgrsmith@cssd.ab.ca,The Calgary Roman Catholic Separate School Division,2919 Douglasdale Boulevard S.E,Elementary/Junior High,Y,Y,N,-113.9898805,50.9412152
St. Teresa of Calcutta School,T2X1T7,Calgary,AB,(403) 500-2078,N,N,{28AFDA94-DFE2-4C3A-B68C-0B84F33FF057},stteresa@cssd.ab.ca,The Calgary Roman Catholic Separate School Division,St. Teresa School 121 Midlake,Elementary,Y,N,N,-114.0520974,50.9143846
Our Lady of Lourdes,T2S1S3,Calgary,AB,(403) 500-2002,N,N,{EAC1A98F-A540-492E-90A0-DA690791F3AD},ourladyoflourdes@cssd.ab.ca,The Calgary Roman Catholic Separate School Division,1916 2nd Street SW,Elementary/Junior High,Y,Y,N,-114.0681746,51.0356799
Mother Mary Greene School,T3A3S8,Calgary,AB,(403) 500-2095,N,N,{6EA60060-D78E-466C-89CA-FDF763EACB0E},mothermarygreene@cssd.ab.ca,The Calgary Roman Catholic Separate School Division,115 Edenwold Drive N.W.,Elementary,Y,N,N,-114.1392912,51.1242494
St. Ambrose School,T3G4X9,Calgary,AB,(403) 500-2100,N,N,{A3B049E2-8AE5-473C-A85D-0D69FFFBA9FD},stambrose@cssd.ab.ca,The Calgary Roman Catholic Separate School Division,1500 Arbour Lake Road N.W.,Elementary/Junior High,Y,Y,N,-114.2061721,51.1334735
Notre Dame High School,T3K6E4,Calgary,AB,(403) 500-2109,N,N,{655121E9-6328-4749-843A-FEE19396E745},notredame@cssd.ab.ca,The Calgary Roman Catholic Separate School Division,11900 Country Village Link NE,Senior High,N,N,Y,-114.0657893,51.1576257
St. Matthew School,T2H1N3,Calgary,AB,(403) 500-2030,N,N,{E29D3CAA-AD43-4048-A628-3093F6C79B7B},stmatthew@cssd.ab.ca,The Calgary Roman Catholic Separate School Division,416 - 83 Avenue S.E.,Elementary/Junior High,Y,Y,N,-114.0585238,50.9786834
Monsignor Neville Anderson School,T3K4B2,Calgary,AB,(403) 500-2094,N,N,{D373F9E0-7DF0-4F0D-B20F-EE239DAEC08D},mna.school@cssd.ab.ca,The Calgary Roman Catholic Separate School Division,327 Sandarac Drive N.W.,Elementary,Y,N,N,-114.1040987,51.1391307
St. Sebastian Elementary School,T2X0E6,Calgary,AB,(403) 500-2116,N,N,{015F19CD-644D-4D26-99D6-49893D3ECA6A},stsebastian@cssd.ab.ca,The Calgary Roman Catholic Separate School Division,65 Chaparal Drive SE,Elementary,Y,N,N,-114.0291192,50.8848476
St. Margaret School,T2L0K7,Calgary,AB,(403) 500-2025,N,N,{48284470-54B5-4E93-BCDB-CBC9B5FD0195},saint.margaret@cssd.ab.ca,The Calgary Roman Catholic Separate School Division,3320 Carol Drive N.W.,Elementary/Junior High,Y,Y,N,-114.0976517,51.0821473
St. Anne Academic Centre,T2G1N2,Calgary,AB,(403) 500-2012,N,N,{B2519055-22D5-4B73-AAAF-DB234EACCCC3},stanne@cssd.ab.ca,The Calgary Roman Catholic Separate School Division,1010 - 21 Avenue S.E.,Elementary/Junior High/Senior High,Y,Y,Y,-114.0389376,51.0351446
Monsignor E. L. Doyle Elementary School,T3L1H6,Calgary,AB,(403) 500-2098,N,N,{EA97222C-99E3-4019-94CD-0DA0A9FA6A80},,The Calgary Roman Catholic Separate School Division,8887 Scurfield Drive NW,Elementary,Y,N,N,-114.2166262,51.1220249
St. John XXIII School,T3J2C3,Calgary,AB,(403) 500-2080,N,N,{696A0ACC-CAC0-4657-98DC-36AE2615D738},stjohn23@cssd.ab.ca,The Calgary Roman Catholic Separate School Division,1420 Falconridge Drive N.E.,Elementary/Junior High,Y,Y,N,-113.939007,51.1014084
St. Vincent De Paul Elementary Junior High School,T3A0K4,Calgary,AB,(403) 500-2051,N,N,{F426105A-B773-4D28-88D3-FE97403E7E66},stvincent@cssd.ab.ca,The Calgary Roman Catholic Separate School Division,4525 - 49 Street N.W.,Elementary/Junior High,Y,Y,N,-114.159824,51.0931438
St. Luke Bilingual Elementary School,T2L0E1,Calgary,AB,(403) 500-2039,N,N,{F75CE61D-829E-4C36-8834-C285866F5314},stluke@cssd.ab.ca,The Calgary Roman Catholic Separate School Division,"1232 Northmount Dr., N.W.",Elementary,Y,N,N,-114.1227011,51.0908335
Apostles of Jesus,T3N1H6,Calgary,AB,(403) 500-2129,N,N,{EB5B5F1E-7BC2-4624-95AF-F352037C8644},apostlesofjesus@cssd.ab.ca,The Calgary Roman Catholic Separate School Division,15 Skyview Ranch Street NE,Elementary/Junior High,Y,Y,N,-113.9565273,51.1584241
Holy Cross Elementary Junior High School,T2B0C6,Calgary,AB,(403) 500-2033,N,N,{8774F24C-C5BE-432C-A190-E39067938998},holycross@cssd.ab.ca,The Calgary Roman Catholic Separate School Division,3719 - 26 Avenue S.E.,Elementary/Junior High,Y,Y,N,-113.9795768,51.0300622
St. Augustine Elementary Junior High School,T2V1E9,Calgary,AB,(403) 500-2022,N,N,{B927B68F-772B-46B6-88A1-1DDD5747A3C8},staugustine@cssd.ab.ca,The Calgary Roman Catholic Separate School Division,7112 - 7 Street S.W.,Elementary/Junior High,Y,Y,N,-114.0807914,50.9911204
St. Hubert Elementary School,T2K5J3,Calgary,AB,(403) 500-2067,N,N,{213DC0DB-9C78-406D-BC8B-2FAC348B02F5},sthubert@cssd.ab.ca,The Calgary Roman Catholic Separate School Division,320 - 72 Avenue N.E.,Elementary,Y,N,N,-114.0622275,51.1183827
St. Bernadette School,T2C0T8,Calgary,AB,(403) 500-2020,N,N,{BA9F25D8-F5CE-4F4E-AE1A-7F84E1650950},stbernadette@cssd.ab.ca,The Calgary Roman Catholic Separate School Division,55 Lynndale Crescent S.E.,Elementary,Y,N,N,-114.009212,50.9903976
St. Dominic School,T3A1C2,Calgary,AB,(403) 500-2058,N,N,{3ED69237-E97D-473D-9C18-51D1E1961583},stdominic@cssd.ab.ca,The Calgary Roman Catholic Separate School Division,4820 Dalhart Road N.W.,Elementary,Y,N,N,-114.1542583,51.1095655
Light of Christ Catholic School,T3J0L8,Calgary,AB,(403) 500-2121,N,N,{AC30F369-654B-49E8-B516-E0B2171CECAF},lightofchrist@cssd.ab.ca,The Calgary Roman Catholic Separate School Division,6270 Saddlehorn Dr. N.E.,Elementary/Junior High,Y,Y,N,-113.9412877,51.129544
St. Stephen School,T2W1G6,Calgary,AB,(403) 500-2043,N,N,{A2A0F7F4-ACB6-4A52-BE86-021B9EFA0706},ststephen2@cssd.ab.ca,The Calgary Roman Catholic Separate School Division,10910 Elbow Drive S.W.,Elementary/Junior High,Y,Y,N,-114.0838667,50.9557022
Holy Trinity School,T2A1L2,Calgary,AB,(403) 500-2032,N,N,{041A5EA9-B9E7-428A-A3D2-0EDDD68FE921},holytrinity@cssd.ab.ca,The Calgary Roman Catholic Separate School Division,1717 - 41 Street S.E.,Elementary,Y,N,N,-113.9749598,51.0389768
St. Benedict School,T2V1R2,Calgary,AB,(403) 500-2053,N,N,{1A12F556-9A06-432B-A434-C72CEF3478B1},stbenedict@cssd.ab.ca,The Calgary Roman Catholic Separate School Division,10340 - 19 Street S.W.,Elementary,Y,N,N,-114.1054613,50.9620004
St. Jude School,T2W4W4,Calgary,AB,(403) 500-2084,N,N,{36B73B82-FAA4-485E-ABE4-B33AA7AC2A06},stjude@cssd.ab.ca,The Calgary Roman Catholic Separate School Division,730 Woodbine Boulevard S.W.,Elementary,Y,N,N,-114.1334517,50.942959
Corpus Christi School,T2K3C1,Calgary,AB,(403) 500-2023,N,N,{80A400AE-CB0E-45F0-9116-A36E8E5DE736},corpuschristi@cssd.ab.ca,The Calgary Roman Catholic Separate School Division,5607 Thornton Road N.W.,Elementary,Y,N,N,-114.0680461,51.1016037
Holy Angels School,T2C3T5,Calgary,AB,(403) 500-2101,N,N,{DB943F3A-E8E3-4A7D-A829-C6BFAD59C385},holyangels@cssd.ab.ca,The Calgary Roman Catholic Separate School Division,275 Riverglen Drive SE,Elementary,Y,N,N,-114.0100319,50.9741021
St. Cecilia (Bilingual) Elementary School,T2J0Z3,Calgary,AB,(403) 500-2040,N,N,{ABBEED80-7A50-4CFC-B785-E94E198E355F},stcecilia@cssd.ab.ca,The Calgary Roman Catholic Separate School Division,610 Agate Crescent S.E.,Elementary,Y,N,N,-114.0504253,50.9653028
St. Bonaventure School,T2J3X8,Calgary,AB,(403) 500-2062,N,N,{DD8A65E6-2C21-4E7F-8D6B-BA4A4792DFF4},stbonaventure@cssd.ab.ca,The Calgary Roman Catholic Separate School Division,1710 Acadia Drive S.E.,Junior High,N,Y,N,-114.0471954,50.9317438
St. Patrick School,T1Y2X1,Calgary,AB,(403) 500-2076,N,N,{B5CAFBBE-7B73-419D-A8BF-68CBE71464EC},stpatrick@cssd.ab.ca,The Calgary Roman Catholic Separate School Division,6006 Rundlehorn Drive N.E.,Elementary,Y,N,N,-113.946717,51.0719967
St. Jerome Elementary School,T3K5S3,Calgary,AB,(403) 500-2115,N,N,{F0B08995-DBE9-4883-81B8-CD365E444C48},stjerome@cssd.ab.ca,The Calgary Roman Catholic Separate School Division,11616 Panorama Hills Blvd NW,Elementary,Y,N,N,-114.079297,51.1577179
St. John Paul II School,T3J1P6,Calgary,AB,(403) 500-2085,N,N,{D2A5765D-9469-483E-BBA7-76E8B7C5B3BB},stjohnpaul2@cssd.ab.ca,The Calgary Roman Catholic Separate School Division,119 Castleridge Drive N.E.,Elementary,Y,N,N,-113.9562136,51.107717
Ascension of Our Lord,T3K4G9,Calgary,AB,(403) 500-2075,N,N,{DF4F6574-BD2D-4ECD-8DD7-019649ECC8BC},,The Calgary Roman Catholic Separate School Division,509 Harvest Hills Drive N.E.,Elementary/Junior High,Y,Y,N,-114.059703,51.1469636
St. Joseph Elementary Junior High School,T2M3C7,Calgary,AB,(403) 500-2009,N,N,{224F1F44-1EC8-412C-B1C1-AB58EA335545},stjoseph@cssd.ab.ca,The Calgary Roman Catholic Separate School Division,2512 - 5 Street N.W.,Elementary/Junior High,Y,Y,N,-114.0733312,51.0747933
St. Philip School,T2J5A8,Calgary,AB,(403) 500-2072,N,N,{B21AC780-3012-4781-9E3C-7455CB581DB7},stphilip@cssd.ab.ca,The Calgary Roman Catholic Separate School Division,13825 Parkside Drive S.E.,Elementary,Y,N,N,-114.0382888,50.9278894
Holy Child School,T2X0K4,Calgary,AB,(403) 500-2130,N,N,{CBC4092D-CB4F-47A4-95C8-239EFFB31245},holychild@cssd.ab.ca,The Calgary Roman Catholic Separate School Division,31 Silverado Terrace SW,Elementary/Junior High,Y,Y,N,-114.0831523,50.8861898
Bishop Kidd School,T2A0Y8,Calgary,AB,(403) 500-2052,N,N,{D8038D3B-E4F6-49EF-9B0E-8E34A7F55C6F},bishop.kidd@cssd.ab.ca,The Calgary Roman Catholic Separate School Division,1420 - 28 Street S.E.,Junior High,N,Y,N,-113.9921426,51.040584
Father Doucet School,T2Y2T5,Calgary,AB,(403) 500-2089,N,N,{2F9625B6-9E65-4F2E-9F87-9A46CAEEABD1},fatherdoucet@cssd.ab.ca,The Calgary Roman Catholic Separate School Division,65 Shannon Drive S.W.,Elementary,Y,N,N,-114.0851831,50.909351
Madeleine D' Houet Bilingual School,T2N2M8,Calgary,AB,(403) 500-2008,N,N,{86F23B9B-60D4-4A84-8553-6202554572D3},madeleinedhouet@cssd.ab.ca,The Calgary Roman Catholic Separate School Division,108 - 22 Street N.W.,Junior High,N,Y,N,-114.1122526,51.0532003
St. Francis High School,,Calgary,AB,(403) 500-2026,N,N,{AD3DC6F4-CB58-4739-90FF-E2F2890E0574},st.francis@cssd.ab.ca,The Calgary Roman Catholic Separate School Division,877 Northmount Drive N.W.,Senior High,N,N,Y,-114.1024218,51.0845133
St. William School,T2J0T1,Calgary,AB,(403) 500-2055,N,N,{6B48C96D-F481-4F1C-A6A4-852D70D7A31C},stwilliam@cssd.ab.ca,The Calgary Roman Catholic Separate School Division,11020 Fairmount Drive S.E.,Elementary,Y,N,N,-114.0592724,50.9536283
St. Thomas More School,T1Y5V4,Calgary,AB,(403) 500-2081,N,N,{1DFD1A02-4C39-47CB-AA31-FAA83026FCEF},stthomasmore@cssd.ab.ca,The Calgary Roman Catholic Separate School Division,6110 Temple Drive N.E.,Elementary,Y,N,N,-113.9455496,51.0854218
Divine Mercy School,T3M1M5,Calgary,AB,(403) 500-2132,N,N,{A3351515-F535-4093-B999-45CD56B5EA73},divinemercy@cssd.ab.ca,The Calgary Roman Catholic Separate School Division,228 Mahogany Blvd. SE,Elementary,Y,N,N,-113.923972,50.9015634
Our Lady of the Rockies High School,T2V2Y2,Calgary,AB,(403) 500-2047,N,N,{0B464CF1-4C61-4FD4-BFD9-BF0F3F1583DB},ourladyoftherockies@cssd.ab.ca,The Calgary Roman Catholic Separate School Division,111 Haddon Road S.W.,Senior High,N,N,Y,-114.0787552,50.9754445
St. Basil Elementary/Junior High School,T3L2T5,Calgary,AB,(403) 500-2108,N,N,{97CF3F0C-C5FC-44D6-8BF3-DA0302F646CA},stbasil@cssd.ab.ca,The Calgary Roman Catholic Separate School Division,919 Tuscany Drive NW,Elementary/Junior High,Y,Y,N,-114.2503314,51.1194252
St. Catherine Elementary School,T2W1P6,Calgary,AB,(403) 500-2061,N,N,{18491139-5DDF-4903-BB45-892DAE625C02},stcatherine@cssd.ab.ca,The Calgary Roman Catholic Separate School Division,11 Canata Close S.W.,Elementary,Y,N,N,-114.0865053,50.9438531
St. Mary's High School,T2S0B8,Calgary,AB,(403) 500-2024,N,N,{68BB6909-F063-4659-922A-06DD157EB57F},stmarys@cssd.ab.ca,The Calgary Roman Catholic Separate School Division,111 - 18 Avenue S.W.,Senior High,N,N,Y,-114.0640406,51.0366179
St. Albert the Great,T2Z3X3,Calgary,AB,(403) 500-2114,N,N,{3E58A86B-019D-4446-8DF0-57898C135702},stalbert@cssd.ab.ca,The Calgary Roman Catholic Separate School Division,225 Prestwick Ave SE,Elementary/Junior High,Y,Y,N,-113.9601439,50.9215173
Monsignor A. J. Hetherington Elementary School,T3J3J3,Calgary,AB,(403) 500-2036,N,N,{59AC84FE-4FBB-4BB8-A825-AB8AF268DEA3},monsignor.hetherington@cssd.ab.ca,The Calgary Roman Catholic Separate School Division,4 Coral Springs Boulevard N.E,Elementary,Y,N,N,-113.9343077,51.0996085
St. Mark Elementary School,T2A3V8,Calgary,AB,(403) 500-2068,N,N,{5FA3B36F-637D-4B44-8442-0AFF9331EC0C},stmark@cssd.ab.ca,The Calgary Roman Catholic Separate School Division,4589 Marbank Drive N.E.,Elementary,Y,N,N,-113.9693781,51.0629852
Our Lady of Peace Elementary Junior High School,T2Y2B4,Calgary,AB,(403) 500-2097,N,N,{01875F13-5CC3-4726-9C32-81E9BFEF434F},olp@cssd.ab.ca,The Calgary Roman Catholic Separate School Division,14826 Millrise Hill S.W.,Elementary/Junior High,Y,Y,N,-114.0877237,50.9184796
Holy Family School,T2A0Z1,Calgary,AB,(403) 500-2054,N,N,{C0F27A13-B154-40D9-8A37-BBE5EF8CE91B},holy.family@cssd.ab.ca,The Calgary Roman Catholic Separate School Division,904 - 32 St. S.E.,Elementary,Y,N,N,-113.9878779,51.0455409
Our Lady of Fatima,T3J5C4,Calgary,AB,(403) 500-2112,N,N,{44F0B6A1-41F5-4867-A1EC-E85F42B660F3},ourladyoffatima@cssd.ab.ca,The Calgary Roman Catholic Separate School Division,6320 Taralea Park NE,Elementary,Y,N,N,-113.9379404,51.1162976
St. Brigid,T3G5S6,Calgary,AB,(403) 500-2113,N,N,{3C408EF0-0649-4218-A145-CCB1E97024CF},stbrigid@cssd.ab.ca,The Calgary Roman Catholic Separate School Division,"730 Citadel Way, N.W.",Elementary/Junior High,Y,Y,N,-114.1877325,51.1463309
St. John Henry Newman School,T2Z2G7,Calgary,AB,(403) 500-2092,N,N,{91F79E0F-B69A-413D-83B8-E21C4B094CA5},stjohnhenrynewman@cssd.ab.ca,The Calgary Roman Catholic Separate School Division,16201 McKenzie Lake  Boulevard S.E.,Elementary/Junior High,Y,Y,N,-113.9888638,50.9073474
St. Alphonsus Elementary Junior High School,T2E5H5,Calgary,AB,(403) 500-2016,N,N,{A35214AC-3ACE-49B9-9CC1-E44232B81DB1},stalphonsus@cssd.ab.ca,The Calgary Roman Catholic Separate School Division,928 Radnor Avenue N.E.,Elementary/Junior High,Y,Y,N,-114.0414326,51.0645564
St. Bede Elementary School,T3K2J5,Calgary,AB,(403) 500-2082,N,N,{611608F0-A9DA-426C-9040-332452730EF1},stbede@cssd.ab.ca,The Calgary Roman Catholic Separate School Division,333 Bermuda Drive N.W.,Elementary,Y,N,N,-114.0827663,51.1317069
Father Scollen School,T1Y5N4,Calgary,AB,(403) 500-2088,N,N,{A3AEAF12-8226-450D-B46A-87376F997E4B},fatherscollen@cssd.ab.ca,The Calgary Roman Catholic Separate School Division,6839 Temple Drive N.E.,Elementary/Junior High,Y,Y,N,-113.9419774,51.0930273
St. Kateri Tekakwitha School,T2A7N5,Calgary,AB,(403) 500-2090,N,N,{C12FC000-393D-4A34-A63F-DE2F2274FF7C},stkateri@cssd.ab.ca,The Calgary Roman Catholic Separate School Division,1005 Abbotsford Drive N.E.,Elementary,Y,N,N,-113.9277404,51.0618652
St. Peter Elementary School,T2A5L9,Calgary,AB,(403) 500-2079,N,N,{36BD1E2B-FAEF-416C-80A8-AA08CAD73ABE},stpeter@cssd.ab.ca,The Calgary Roman Catholic Separate School Division,720 - 58 Street S.E.,Elementary,Y,N,N,-113.9491212,51.0461918
St. Elizabeth Seton,T3A6K3,Calgary,AB,(403) 500-2105,N,N,{351CE35C-1E94-403B-90D1-0023BDCC0CE9},stelizabethseton@cssd.ab.ca,The Calgary Roman Catholic Separate School Division,10845 Hidden Valley Drive,Elementary/Junior High,Y,Y,N,-114.1104507,51.1511086
St. Gregory School,T3E0R6,Calgary,AB,(403) 500-2048,N,N,{20099310-2964-4289-865C-B272BB07234E},stgregory@cssd.ab.ca,The Calgary Roman Catholic Separate School Division,5340 - 26 Avenue S.W.,Junior High,N,Y,N,-114.160488,51.0311442
St. Joan of Arc Elementary/Junior High School,T3H0K2,Calgary,AB,(403) 500-2107,N,N,{900F9B4E-E53D-4260-8077-EF88E73802B5},st.joanofarc@cssd.ab.ca,The Calgary Roman Catholic Separate School Division,7970 Wentworth Drive SW,Elementary/Junior High,Y,Y,N,-114.2072546,51.0571315
St. Rita School,T3G2B3,Calgary,AB,(403) 500-2083,N,N,{78CBC1A4-CB2D-4703-B66F-1D2F5BA0C46B},strita@cssd.ab.ca,The Calgary Roman Catholic Separate School Division,7811 Ranchview Drive N.W.,Elementary,Y,N,N,-114.1817674,51.1198729
St. Martha School,T2A4B1,Calgary,AB,(403) 500-2074,N,N,{84236881-67E0-4262-9A13-0148FAD8AD32},stmartha@cssd.ab.ca,The Calgary Roman Catholic Separate School Division,6020 - 4 Avenue N.E.,Elementary/Junior High,Y,Y,N,-113.9456501,51.0565501
Father Lacombe School,T2A6B4,Calgary,AB,(403) 500-2066,N,N,{6916E14B-A757-41C4-9C63-7811FFFEF592},fatherlacombe@cssd.ab.ca,The Calgary Roman Catholic Separate School Division,3615 Radcliffe Drive S.E.,Senior High,N,N,Y,-113.983259,51.0473877
Monsignor J. J. O'Brien,T2Y4J5,Calgary,AB,(403) 500-2104,N,N,{5A5C5426-5281-4AD1-8B6A-BCD08DABAE3D},msgrobrien@cssd.ab.ca,The Calgary Roman Catholic Separate School Division,99 Bridlewood Road SW,Elementary/Junior High,Y,Y,N,-114.103873,50.9015731
St. Thomas Aquinas School,T3E0R1,Calgary,AB,(403) 500-2027,N,N,{920C20D2-692E-4DF6-8B02-9111AD299CFF},stthomasaquinas@cssd.ab.ca,The Calgary Roman Catholic Separate School Division,4540 - 26 Avenue S.W.,Elementary,Y,N,N,-114.1518686,51.0309789
St. Isabella School,T2Z4W8,Calgary,AB,(403) 500-2123,N,N,{2325BD93-4E8C-44A3-A805-799DD852DFE4},stisabella@cssd.ab.ca,The Calgary Roman Catholic Separate School Division,855 Copperfield Blvd SE,Elementary/Junior High,Y,Y,N,-113.9360032,50.9105899
Bishop Carroll High School,T3E6L1,Calgary,AB,(403) 500-2056,N,N,{FA6D3056-FA50-4363-88C8-B1F0DF630436},bishopcarroll@cssd.ab.ca,The Calgary Roman Catholic Separate School Division,4624 Richard Road S.W.,Senior High,N,N,Y,-114.1208057,51.0127004
Holy Name (Bilingual) School,T3E2Y7,Calgary,AB,(403) 500-2006,N,N,{B02D22E0-35A6-4B51-B910-7E56327280AF},holyname@cssd.ab.ca,The Calgary Roman Catholic Separate School Division,3011 - 35 Street S.W.,Elementary,Y,N,N,-114.1390179,51.0282786
Prince of Peace School,T3M2C9,Calgary,AB,(403) 500-2125,N,N,{4262C409-F2C0-430B-BB5D-56DD9D2AC091},princeofpeace@cssd.ab.ca,The Calgary Roman Catholic Separate School Division,43 Auburn Meadows Blvd SE,Elementary/Junior High,Y,Y,N,-113.9498563,50.8932706
St. Henry Elementary School,T2K1H5,Calgary,AB,(403) 500-2059,N,N,{DCF64F76-A4B1-451E-A7D3-512B1E6BB988},sthenry@cssd.ab.ca,The Calgary Roman Catholic Separate School Division,7423 - 10 Street N.W.,Elementary,Y,N,N,-114.0801921,51.1176043
St. Gianna School,T3M0H7,Calgary,AB,(403) 500-2135,N,N,{5421705D-8492-46B2-A5BF-52431684107C},stgianna@cssd.ab.ca,The Calgary Roman Catholic Separate School Division,800 Auburn Bay Blvd SE,Elementary,Y,N,N,-113.9680452,50.8955204
Bishop O'Byrne High School,T2Y4H3,Calgary,AB,(403) 500-2103,N,N,{C4D6E69D-D138-49F0-A530-FBDBF1D1BED7},bishopobyrne@cssd.ab.ca,The Calgary Roman Catholic Separate School Division,Suite 500  333 Shawville Boulevard S.E.,Senior High,N,N,Y,-114.064581,50.8980986
St. Wilfrid Elementary School,T1Y4Y1,Calgary,AB,(403) 500-2077,N,N,{89818202-BE4C-454E-B5F2-D6B44B37A66D},stwilfrid@cssd.ab.ca,The Calgary Roman Catholic Separate School Division,4225 - 44 Avenue N.E.,Elementary,Y,N,N,-113.969019,51.0919284
Bishop McNally High School,T3J3N4,Calgary,AB,(403) 500-2091,N,N,{717E7DE5-BE23-4DA3-A879-36ABD268961B},bishopmcnally@cssd.ab.ca,The Calgary Roman Catholic Separate School Division,5700 Falconridge Boulevard N.E,Senior High,N,N,Y,-113.9536206,51.103228
River Valley School,T3B2E7,Calgary,AB,(403) 246-2275,N,N,{EA569B4F-CE96-43EF-9CEF-971C769C416D},info@rivervalleyschool.ca,River Valley School Society,3127 Bowwood Drive N.W.,Elementary,Y,N,N,-114.1743584,51.0794761
River Valley School ECS,T3B2E7,Calgary,AB,(403) 246-2275,N,N,{44B4201B-97C3-4E3D-BCEE-E790264F568E},info@rivervalleyschool.ca,River Valley School Society,3127 Bowwood Drive N.W.,Unknown,N,N,N,-114.1743584,51.0794761
Calgary Classical Academy Currie Campus,T3E7K9,Calgary,AB,(587) 885-3688,N,N,{83147B4B-7F2E-440A-B5AF-D4A5CE6FCA9F},info@classicalacademy.ca,Alberta Classical Academy Ltd.,2415 Battleford Ave SW,Elementary/Junior High,Y,Y,N,-114.119061,51.0176511
Horizon Leadership Academy,T3E7K9,Calgary,AB,(403) 460-1746,N,N,{11744054-724B-4312-8DF3-859144D1BE73},aasima.asrar@pallisersd.ab.ca,The Palliser School Division,199 Queen Charlotte Drive SE,Elementary/Junior High,Y,Y,N,-114.119061,51.0176511
Calgary Academy,T3H0R3,Calgary,AB,(403) 686-6444,N,N,{83335778-4117-4131-A0DC-82F8A5F11077},info@calgaryacademy.com,Calgary Academy Society,1677 93 rd Street S.W.,Elementary/Junior High/Senior High,Y,Y,Y,-114.2243915,51.039438
Calgary Academy Collegiate,T3H0R3,Calgary,AB,(403) 686-6444,N,N,{C25A59E8-AA5D-45DE-89D2-134999D9BAB4},info@calgaryacademy.com,Calgary Academy Society,1677 - 93rd Street S.W.,Elementary/Junior High/Senior High,Y,Y,Y,-114.2243915,51.039438
Glenmore Christian Academy Elementary,T2Y4W2,Calgary,AB,(403) 254-9050,N,N,{6CA77F07-3F3C-4597-A898-58E5639E7C9B},admin@gcaschool.com,GCA Educational Society,16520 - 24 Street S.W.,Elementary,Y,N,N,-114.1152532,50.9039855
Glenmore Christian Academy Junior High,T2Y4W2,Calgary,AB,(403) 254-9051,N,N,{5A19C0D9-3D3C-478B-82F4-9FED998DC3CF},admin@gcaschool.com,GCA Educational Society,16520-24 Street SW,Elementary/Junior High,Y,Y,N,-114.1152532,50.9039855
FFCA South High School Campus,T2H1Z2,Calgary,AB,(587) 794-4250,N,N,{555600B1-037A-4E53-8234-A46E42FFA0AB},terry.carlisle-fink@ffca-calgary.com,Foundations for the Future Charter Academy Charter School Society,315 86 Avenue SE,Junior High/Senior High,N,Y,Y,-114.0650787,50.9753272
Juno Beach Academy of Canadian Studies,T2H1Z2,Calgary,AB,(403) 777-7210,N,N,{8CF46FFB-9894-445D-9B56-79F63A31526E},junobeachacademy@cbe.ab.ca,The Calgary School Division,315 - 86 Avenue SE,Unknown,N,N,N,-114.0650787,50.9753272
Master's Academy,T2T5J4,Calgary,AB,(403) 242-7034,N,N,{FAA4A4E8-F5A7-4FD6-A4BA-EC2899741DDB},,The Palliser School Division,4414 Crowchild Trail S.W.,Elementary,Y,N,N,-114.1165602,51.0153091
Master's College,T2T5J4,Calgary,AB,(403) 242-7034,N,N,{78724280-6428-414D-8428-07CF2472040A},,The Palliser School Division,4414 Crowchild Trail SW,Junior High/Senior High,N,Y,Y,-114.1165602,51.0153091
Vista Virtual School,,Calgary,AB,,N,N,{76A0EC94-5F83-4DE9-BC5C-03A2B3D5148F},vvsupport@pembinahills.ca,The Pembina Hills School Division,341 - 58 Avenue SE,Elementary/Junior High/Senior High,Y,Y,Y,-114.0576739,51.0004922
Vista Virtual School South,,Calgary,AB,(855) 974-5333,N,N,{22FAD75A-3C28-4847-B11B-C22B2515B47C},steven.kaplan@pembinahills.ca,The Pembina Hills School Division,341 -  58 Avenue SE,Unknown,N,N,N,-114.0576739,51.0004922
Calgary Charter School Hub ¿ Almadina Campus,T2L1Y1,Calgary,AB,(825) 801-5825,N,N,{3F9AF113-FB0F-4A5E-BB25-464CC62011DF},elmasri@esl-almadina.com,Almadina School Society,3636 Research Road NW,Junior High/Senior High,N,Y,Y,-114.1373455,51.0868412
Fusion Collegiate,T2L1Y1,Calgary,AB,(587) 333-7772,N,N,{0BDE2855-A233-4D74-85F5-5B6F028B4142},admin@fusioncollegiate.ca,Fusion Education Association,3636 Research Road NW,Senior High,N,N,Y,-114.1373455,51.0868412
Rundle College Junior Senior High,T3H3W5,Calgary,AB,(403) 250-7180,N,N,{9A62491C-398C-4926-81F5-59AF971E6D6D},contactus@rundle.ab.ca,Rundle College Society,7375 - 17 Avenue SW,Junior High/Senior High,N,Y,Y,-114.1939364,51.0369008
Rundle Studio,T3H3W5,Calgary,AB,(403) 291-3866,N,N,{A2E51DB0-F718-443B-BE23-D274AA051B5A},contactus@rundle.ab.ca,Rundle College Society,7379 - 17 Avenue SW,Junior High/Senior High,N,Y,Y,-114.1939364,51.0369008
Al-Amal Academy,T3R0N2,Calgary,AB,(825) 996-5399,N,N,{BCC0BE5B-48E3-4361-8B4F-7AA240FCCFC3},al-amal.academy@plrd.ab.ca,The Prairie Land School Division,9 Royal Vista Drive NW,Elementary/Junior High,Y,Y,N,-114.2075571,51.150739
Al-Amal Online Academy,T3R0N2,Calgary,AB,(825) 996-5399,N,N,{B20D5E7C-83EC-4937-86E9-3F6B98FF461A},al-amal.onlineacademy@plrd.ab.ca,The Prairie Land School Division,9 Royal Vista Drive NW,Junior High/Senior High,N,Y,Y,-114.2075571,51.150739
Renfrew Educational Services - Park Place Centre,T2E6S5,Calgary,AB,(403) 291-5038,N,N,{C1121733-594B-487E-89DF-7901A56BB013},renfrew@renfreweducation.org,Renfrew Educational Services Society,2050 - 21 Street N.E.,Unknown,N,N,N,-114.008306,51.0696237
Renfrew Educational Services-Janice McTighe Centre,T2E6S5,Calgary,AB,(403) 291-5038,N,N,{10405571-E8B6-4DD3-A58F-F6E5975480EE},renfrew@renfreweducation.org,Renfrew Educational Services Society,2050 - 21 Street N.E.,Elementary/Junior High,Y,Y,N,-114.008306,51.0696237
CLS James Fowler Writing Centre,T2K1A1,Calgary,AB,(403) 230-4743,N,N,{43973BA8-2FE5-4688-8F1A-C947DCBB51FE},chinooklearning@cbe.ab.ca,The Calgary School Division,4004 4 St NE,Unknown,N,N,N,-114.0705306,51.0865389
James Fowler High School,T2K1A1,Calgary,AB,(403) 230-4743,N,N,{4475388A-401F-4CFC-8E27-FB1410182BEC},jamesfowler@cbe.ab.ca,The Calgary School Division,4004  4 St NW,Senior High,N,N,Y,-114.0705306,51.0865389
CLS Alternative Site,T3J4W3,Calgary,AB,(403) 777-7272,N,N,{E742527E-7482-499C-8388-529FD9704D3D},chinooklearning@cbe.ab.ca,The Calgary School Division,45 Saddletowne Circle NE,Unknown,N,N,N,-113.94886,51.1219873
Nelson Mandela High School,T3J4W3,Calgary,AB,(403) 817-3500,N,N,{120368A6-E005-4384-8B61-D7F77F601876},nelsonmandelahigh@cbe.ab.ca,The Calgary School Division,45 Saddletowne Cir NE,Senior High,N,N,Y,-113.94886,51.1219873
CLS Forest Lawn Writing Centre,T2A1M8,Calgary,AB,(403) 272-6665,N,N,{DB265161-A177-44F1-A667-2AD36CEFB4B8},chinooklearning@cbe.ab.ca,The Calgary School Division,1304 44 St SE,Unknown,N,N,N,-113.9689639,51.0424098
Forest Lawn High School,T2A1M8,Calgary,AB,(403) 272-6665,N,N,{58D93537-25F4-4D73-8C23-25B02A7A4BC0},forestlawn@cbe.ab.ca,The Calgary School Division,1304  44 St SE,Senior High,N,N,Y,-113.9689639,51.0424098
John G. Diefenbaker High School,T2K1C2,Calgary,AB,(403) 274-2240,N,N,{35794AC2-90BF-46B2-8FAA-2D2EDE556A7F},johngdiefenbaker@cbe.ab.ca,The Calgary School Division,6620  4 St NW,Senior High,N,N,Y,-114.0701434,51.112806
The Chinese Academy,T2K1C2,Calgary,AB,(403) 777-7663,N,N,{969AA7A0-565A-4117-BDAE-30BE153F8B0B},thechineseacademy@gmail.com,The Chinese Academy Foundation,"#191, 1518 Centre Street N.E.",Senior High,N,N,Y,-114.0701434,51.112806
CLS Lord Beaverbrook Writing Centre,T2H0Z4,Calgary,AB,(403) 259-5585,N,N,{E496AD58-1777-4F33-811B-C72B57BADAFB},chinooklearning@cbe.ab.ca,The Calgary School Division,9019 Fairmount Dr.  S.E.,Unknown,N,N,N,-114.0616538,50.9731066
Lord Beaverbrook High School,T2H0Z4,Calgary,AB,(403) 259-5585,N,N,{428375B0-FF9D-45A5-84A4-C23C76CB315F},lordbeaverbrook@cbe.ab.ca,The Calgary School Division,9019 Fairmount Dr SE,Senior High,N,N,Y,-114.0616538,50.9731066
CBe-learn,T3E1L2,Calgary,AB,(403) 777-7971,N,N,{08356EA2-6893-4E9E-9B49-E50EDFC0EB9C},cbelearn@cbe.ab.ca,The Calgary School Division,2336 53 Avenue SW,Elementary/Junior High/Senior High,Y,Y,Y,-114.113942,51.0065237
CLS Lord Shaughnessy Writing Centre,T3E1L2,Calgary,AB,(403) 777-7272,N,N,{43F6D29F-FFE2-4D8E-AFC9-105FAD38BE51},chinooklearning@cbe.ab.ca,The Calgary School Division,2336 53 Ave SW,Unknown,N,N,N,-114.113942,51.0065237
Bowcroft School,T3B2L9,Calgary,AB,(403) 777-6020,N,N,{2DFFCACF-2A63-4437-B54A-6D489743E004},bowcroft@cbe.ab.ca,The Calgary School Division,3940  73 St NW,Elementary,Y,N,N,-114.1928032,51.0875658
Calgary German Language School Society,T3B2L9,Calgary,AB,(403) 797-1766,N,N,{DBB92E55-081B-4FEB-B551-D2597A9AC664},admin@cglss.com,Calgary German Language School Society,PO Box 84114    Market Mall RPO,Junior High/Senior High,N,Y,Y,-114.1928032,51.0875658
Glenmeadows School,T3E4G4,Calgary,AB,(403) 777-5235,N,N,{5A81A6BB-5E57-451F-87B3-CEDDBBA1E746},glenmeadows@cbe.ab.ca,The Calgary School Division,4931 Grove Hill Rd SW,Elementary,Y,N,N,-114.1589433,51.0348685
Canadian Montessori School,T2V0P6,Calgary,AB,(403) 862-8551,N,N,{E421977C-C6F1-4A0C-830C-FE165BE93673},admin@calgarymontessorischool.com,The Canadian Montessori School Ltd.,1112 70 Avenue S.W.,Elementary,Y,N,N,-114.0882764,50.9907515
Canadian Montessori School North,T2V0P6,Calgary,AB,(403) 252-3281,N,N,{28D00CFF-866D-4907-B767-0F9F2D94D252},admin@calgarymontessorischool.com,The Canadian Montessori School Ltd.,1112 - 70 Avenue S.W.,Unknown,N,N,N,-114.0882764,50.9907515
Canadian Montessori School West,T2V0P6,Calgary,AB,(403) 252-3281,N,N,{74136792-1064-4554-9435-EBDC28B98B8F},admin@calgarymontessorischool.com,The Canadian Montessori School Ltd.,1112 - 70 Avenue S.W.,Unknown,N,N,N,-114.0882764,50.9907515
Akiva Academy,T2V2Y3,Calgary,AB,(403) 258-1312,N,N,{EA860678-C1BE-4CEF-9B4E-C85FEF171250},office@akiva.ca,Congregation House of Jacob-Mikveh Israel,140 Haddon Road S.W.,Elementary/Junior High,Y,Y,N,-114.0778378,50.9732841
North Point School,T2T0W3,Calgary,AB,(403) 744-5214,N,N,{0623C377-0F79-4B4A-B4B1-84F1549B335A},,North Point School for Boys,2445 - 23 Ave SW,Elementary/Junior High/Senior High,Y,Y,Y,-114.1174982,51.0325631
North Point School - DSEPS,T2T0W3,Calgary,AB,(403) 744-5214,N,N,{C400E373-A492-49D4-96C7-D49976906066},,North Point School for Boys,2445 23 Ave SW,Elementary/Junior High/Senior High,Y,Y,Y,-114.1174982,51.0325631
North Point School for Boys,T2T0W3,Calgary,AB,(403) 744-5214,N,N,{1611FB38-D689-4B13-846C-388A9C83B2D4},,North Point School for Boys,2445 - 23 Avenue SW,Elementary/Junior High,Y,Y,N,-114.1174982,51.0325631
BCS@Home,T3R1C5,Calgary,AB,(403) 295-2566,N,N,{1F87734F-7795-4713-A7CA-254B559EDA3B},info@bearspawschool.com,Bearspaw Christian School Society,15001 - 69 Street NW,Elementary/Junior High/Senior High,Y,Y,Y,-114.1893601,51.1869508
BCS@Home Blended-Learning North Campus,T3R1C5,Calgary,AB,(403) 295-2566,N,N,{F56063AE-970A-4B96-AB2B-74FF7F3DC2B8},info@bearspawschool.com,Bearspaw Christian School Society,15001 69 Street NW,Unknown,N,N,N,-114.1893601,51.1869508
BCS@Home Blended-Learning South Campus,T3R1C5,Calgary,AB,(403) 295-2566,N,N,{B01B814B-409B-4C03-9A88-12CF1CAE8968},info@bearspawschool.com,Bearspaw Christian School Society,15001 69 Street NW,Unknown,N,N,N,-114.1893601,51.1869508
Bearspaw Christian School & College,T3R1C5,Calgary,AB,(403) 295-2566,N,N,{C04ED966-D15A-4A4B-A665-CD4EE4D23237},info@bearspawschool.com,Bearspaw Christian School Society,15001 - 69 Street NW,Elementary/Junior High/Senior High,Y,Y,Y,-114.1893601,51.1869508
Access Academy,T3E7K1,Calgary,AB,(403) 455-3033,N,N,{A5F797C2-E222-433A-AECB-E9C4E5F29AD0},info@AccessAcademy.ca,Access Academy Inc.,"Suite 100, B1, 2451 Dieppe Ave",Junior High/Senior High,N,Y,Y,-114.119053,51.0192933
Access Academy,T3E7K1,Calgary,AB,(403) 455-3033,N,N,{F61535E8-7561-481A-9292-464E3C16A852},info@accessacademy.ca,Access International College (Calgary) Incorporated,B1 - 2451 Dieppe Avenue S.W.  Box 100,Unknown,N,N,N,-114.119053,51.0192933
Access Academy,T3E7K1,Calgary,AB,(403) 903-8619,N,N,{787BACC5-F5EA-4EF8-9A49-5393E27F7764},info@accessacademy.ca,Access Academy Inc.,Suite 100  B1  2451 Dieppe AVE,Unknown,N,N,N,-114.119053,51.0192933
Banbury Crossroads Academy,T3E7K1,Calgary,AB,(403) 270-7787,N,N,{A0647AAF-14E9-4384-B42F-49DB6723C84F},general@banburycrossroads.com,Banbury Crossroads School,"201, 2451 Dieppe Ave. SW",Elementary/Junior High/Senior High,Y,Y,Y,-114.119053,51.0192933
Banbury Crossroads School,T3E7K1,Calgary,AB,(403) 270-7787,N,N,{28FC6924-2030-481D-A4B7-46EFEC8993CE},general@banburycrossroads.com,Banbury Crossroads School,B1 #201  2451 Dieppe Avenue S.W.,Elementary/Junior High/Senior High,Y,Y,Y,-114.119053,51.0192933
