{"type": "FeatureCollection", "features": [{"type": "Feature", "geometry": {"type": "MultiLineString", "coordinates": [[[-114.09472673764071, 50.9881122497017], [-114.09472620940079, 50.988149430240604], [-114.09472626298897, 50.98817505928383], [-114.09473006198051, 50.98886238027854], [-114.09472997751548, 50.98893144645225], [-114.09473412389428, 50.98929954841737], [-114.0947751971426, 50.98973753154791], [-114.09481944259494, 50.990214323806434], [-114.09488546121972, 50.9907561873157], [-114.094895371017, 50.99106851973539], [-114.09490632357483, 50.99168115256146], [-114.09495821315582, 50.991832728166465], [-114.0949895959112, 50.992002035753], [-114.09500167072433, 50.99221543340315], [-114.09500038365655, 50.9925736849329], [-114.09499906331806, 50.99304612510597], [-114.09500422390941, 50.99369553885674], [-114.09501238824814, 50.99379975023784], [-114.09503054088636, 50.99388843797224], [-114.09503447087049, 50.99390646294909], [-114.0950584806384, 50.993983037532544], [-114.0951023526612, 50.99405206247988], [-114.09513399420565, 50.99410030572777]]]}, "properties": {"section_name": "14STSW1", "volume": 49000.0, "year": "2024"}}, {"type": "Feature", "geometry": {"type": "MultiLineString", "coordinates": [[[-114.0947063493858, 50.97951826939913], [-114.0947073098309, 50.97962498067544], [-114.09471287182532, 50.98024285926975], [-114.0947145892665, 50.980746828025445], [-114.09471954526416, 50.98151329905051], [-114.09472132438417, 50.98237506297278], [-114.09472476338937, 50.983242735336084], [-114.0947282195862, 50.984146074703744], [-114.09472066628226, 50.985182926295664], [-114.09471920331454, 50.98599604745262], [-114.09472049436165, 50.98662274874976], [-114.094718875234, 50.98753970859358], [-114.0947283223575, 50.988000708982575], [-114.09472673764071, 50.9881122497017]]]}, "properties": {"section_name": "14STSW1A", "volume": 43000.0, "year": "2024"}}, {"type": "Feature", "geometry": {"type": "MultiLineString", "coordinates": [[[-114.0950197120699, 50.97219743184582], [-114.09501080986324, 50.97229914572911], [-114.0949882045253, 50.9724860234873], [-114.09498654758198, 50.97324638697447], [-114.09498281923207, 50.97451442655196], [-114.09498504981013, 50.97576982938012], [-114.09497735012907, 50.97676159495718], [-114.09496187415729, 50.977039392712236], [-114.0949366463416, 50.97725637042342], [-114.09485437663469, 50.9777338588675], [-114.09479718035827, 50.978009663213406], [-114.0947526421177, 50.97819826840464], [-114.09470521997234, 50.97855004237113], [-114.09470356765799, 50.9788508553682], [-114.0947063493858, 50.97951826939913]]]}, "properties": {"section_name": "14STSW2", "volume": 42000.0, "year": "2024"}}, {"type": "Feature", "geometry": {"type": "MultiLineString", "coordinates": [[[-114.09511320905241, 50.96148713335718], [-114.09513065964158, 50.96155532075199], [-114.09513232433203, 50.961583498125755], [-114.09516667478987, 50.96190662249236], [-114.09517353667667, 50.962123558491484], [-114.09516724348424, 50.962184998547265], [-114.09515795340225, 50.962350113044316], [-114.09514525603224, 50.96241731811875], [-114.0951485085458, 50.96356783621892], [-114.095150875217, 50.96388875524554], [-114.09513803233726, 50.96493182948121], [-114.09511680102023, 50.966398195084714], [-114.09509592962289, 50.96791804156418], [-114.09507154814494, 50.96932876807716], [-114.09505316551088, 50.97070271278312], [-114.0950197120699, 50.97219743184582]]]}, "properties": {"section_name": "14STSW3", "volume": 32000.0, "year": "2024"}}, {"type": "Feature", "geometry": {"type": "MultiLineString", "coordinates": [[[-114.09468490720269, 50.950590873587146], [-114.09468138181523, 50.950968362444804], [-114.09467317613498, 50.9512319928456], [-114.0946687228233, 50.95142669927831], [-114.09466585604149, 50.95190429704498], [-114.0946558884005, 50.95216664507541], [-114.09466577945513, 50.9527269393188], [-114.09466354851267, 50.953342426793796], [-114.09466530552665, 50.9541596671595], [-114.09466704292932, 50.95501555399724], [-114.0946633862449, 50.95579732267791], [-114.09466668808668, 50.95658109844591], [-114.09467362475826, 50.957421304176364], [-114.09466990688914, 50.95811623134247], [-114.0946645952021, 50.95895853062969], [-114.09465881418433, 50.95956992453786], [-114.09466962694748, 50.95971082475157], [-114.09467503395375, 50.959790325854364], [-114.09469274110424, 50.95989992854385], [-114.0947140058033, 50.96003904567204], [-114.09474405684377, 50.960200125101984], [-114.09480568775717, 50.96044643698366], [-114.09493760523644, 50.96098738399812], [-114.09507554862361, 50.96138113306086], [-114.09511320905241, 50.96148713335718]]]}, "properties": {"section_name": "14STSW4", "volume": 24000.0, "year": "2024"}}, {"type": "Feature", "geometry": {"type": "MultiLineString", "coordinates": [[[-114.07153363364948, 51.06697312065562], [-114.0707194336168, 51.0669739297916], [-114.0699122973605, 51.06697472633544], [-114.06867826040344, 51.066975765294494], [-114.06745109601006, 51.066976787261204]]]}, "properties": {"section_name": "16AV/TCH10", "volume": 43000.0, "year": "2024"}}, {"type": "Feature", "geometry": {"type": "MultiLineString", "coordinates": [[[-114.06745109601006, 51.066976787261204], [-114.06657293747409, 51.06697347992928], [-114.06499434156696, 51.066978799290034], [-114.06420201838644, 51.066978081051005], [-114.06250914896572, 51.066976529062465]]]}, "properties": {"section_name": "16AV/TCH10B", "volume": 45000.0, "year": "2024"}}, {"type": "Feature", "geometry": {"type": "MultiLineString", "coordinates": [[[-114.06250914896572, 51.066976529062465], [-114.06176796077499, 51.06697712261802], [-114.06121324953463, 51.06697756363336], [-114.06056756474993, 51.06697807345913], [-114.05992674372187, 51.066978576326306]]]}, "properties": {"section_name": "16AV/TCH11", "volume": 40000.0, "year": "2024"}}, {"type": "Feature", "geometry": {"type": "MultiLineString", "coordinates": [[[-114.05992674372187, 51.066978576326306], [-114.05761478057309, 51.06698035715283], [-114.05615875157127, 51.066981454057725]]]}, "properties": {"section_name": "16AV/TCH11B", "volume": 44000.0, "year": "2024"}}, {"type": "Feature", "geometry": {"type": "MultiLineString", "coordinates": [[[-114.05615875157127, 51.066981454057725], [-114.05325102206672, 51.066983590590326], [-114.05154709085585, 51.06698547897531], [-114.0507908337406, 51.06698534074134], [-114.05008562201681, 51.0669858293067], [-114.04833067371736, 51.06698702741833]]]}, "properties": {"section_name": "16AV/TCH12", "volume": 44000.0, "year": "2024"}}, {"type": "Feature", "geometry": {"type": "MultiLineString", "coordinates": [[[-114.04833067371736, 51.06698702741833], [-114.04804103140972, 51.066977454115296], [-114.04773603460086, 51.06697760872546], [-114.0476300907566, 51.06699072835648], [-114.04748985737771, 51.0670089724705], [-114.04727884095055, 51.06702807211758], [-114.04702908470493, 51.067048014027634], [-114.04660571853648, 51.067062237179954], [-114.04619679968792, 51.06706244444237], [-114.0449230751718, 51.067062233370955], [-114.04330945466273, 51.067063322381166], [-114.04246144881117, 51.06705024242379], [-114.04206153714013, 51.067045751911486], [-114.0409375451366, 51.067044484241954], [-114.04042076714967, 51.067059479995955], [-114.03998749935235, 51.06706127502002], [-114.03970039898677, 51.06706795782992], [-114.039243592143, 51.06707430058345], [-114.03869677599175, 51.06707569468474], [-114.03801074492044, 51.067068586869205], [-114.03746230188581, 51.06705531891992], [-114.03680493617007, 51.06705548548404], [-114.03484947486201, 51.067055949048815], [-114.03407431257857, 51.067065955662336], [-114.03349876136639, 51.06708078870349], [-114.03310115023987, 51.06710031971659], [-114.03248491307443, 51.06713349377], [-114.03215926228472, 51.06714088074936], [-114.03194738863395, 51.06716415653905], [-114.03131565104466, 51.06720588326038], [-114.03071879322287, 51.06724270880878], [-114.03066137737446, 51.06724210179527], [-114.02999337631499, 51.0672878393825], [-114.02930543907442, 51.06733323654304], [-114.0293001775566, 51.067333810505694], [-114.02914687542183, 51.06734299944345], [-114.02855126685607, 51.06737989631756], [-114.02811752691719, 51.06740639789952], [-114.0279798849794, 51.06741414408619], [-114.02772989762671, 51.067425203448074], [-114.02764903941123, 51.067426126065286], [-114.02750509811113, 51.06742892345485], [-114.02718921634096, 51.06743144165035], [-114.02686558010737, 51.06743151647572], [-114.02654194037733, 51.06742547920911], [-114.02627143445562, 51.06741398495633]]]}, "properties": {"section_name": "16AV/TCH13", "volume": 53000.0, "year": "2024"}}, {"type": "Feature", "geometry": {"type": "MultiLineString", "coordinates": [[[-114.01402454728158, 51.06703727435465], [-114.01636448445446, 51.067038936257276], [-114.01903701786577, 51.06704331140758], [-114.02013119019226, 51.06705781636953], [-114.02088699125042, 51.06708212855826], [-114.02170481593275, 51.06712597965212], [-114.02234822651513, 51.06716496989995], [-114.02346198162817, 51.0672576179537], [-114.02412090626005, 51.06731126202213], [-114.02463793568704, 51.06734353329057], [-114.02540399198605, 51.06738054532309], [-114.02581747734438, 51.06739727176365], [-114.02627143445562, 51.06741398495633]]]}, "properties": {"section_name": "16AV/TCH14", "volume": 68000.0, "year": "2024"}}, {"type": "Feature", "geometry": {"type": "MultiLineString", "coordinates": [[[-114.00222098397381, 51.06703021056279], [-114.0030839346811, 51.06702199597307], [-114.00443212902653, 51.06701454512016], [-114.00571011931622, 51.06701433865355], [-114.00775602596312, 51.06701186011999], [-114.0103969577645, 51.06704340668335], [-114.0108567874612, 51.06705027436422], [-114.01128700630066, 51.06705023361678], [-114.0119517103032, 51.06703549995536], [-114.0128635899466, 51.06703331665958], [-114.01332476814166, 51.0670350602446], [-114.01350269242097, 51.06703593789935], [-114.01402454728158, 51.06703727435465]]]}, "properties": {"section_name": "16AV/TCH15", "volume": 63000.0, "year": "2024"}}, {"type": "Feature", "geometry": {"type": "MultiLineString", "coordinates": [[[-113.97412201236338, 51.06709025029462], [-113.97511359851715, 51.06709394101423], [-113.97578301619066, 51.067092088592204], [-113.97639851745926, 51.06708921911231], [-113.9780481009309, 51.06708951894275], [-113.97924260840864, 51.067089729059624], [-113.9809757654033, 51.067093001350734], [-113.98252688011857, 51.067094239547885], [-113.98287016614951, 51.06709407909748], [-113.9843743740135, 51.06709437524119], [-113.98503411198375, 51.06709333605484], [-113.98629950481197, 51.06709346243964], [-113.98735047745468, 51.06709243470197], [-113.9882469735891, 51.067089134661984], [-113.98921899605521, 51.06708561808489], [-113.99351411187666, 51.06709056948506], [-113.99617824070374, 51.06708243170049], [-113.9976179368293, 51.06707365550337], [-113.99857838020984, 51.06706947204073], [-113.99960240939448, 51.067057992073096], [-114.00020379104475, 51.06705384022986], [-114.00112704679307, 51.06704059224954], [-114.00222098397381, 51.06703021056279]]]}, "properties": {"section_name": "16AV/TCH16", "volume": 65000.0, "year": "2024"}}, {"type": "Feature", "geometry": {"type": "MultiLineString", "coordinates": [[[-113.95808817678545, 51.067106318944035], [-113.95858512283168, 51.06710586677878], [-113.96085826148757, 51.067102038286926], [-113.96331080008835, 51.06710441593871], [-113.96478674230585, 51.067105449686366], [-113.96624092806664, 51.0671045284298], [-113.9677488047402, 51.06709814266673], [-113.97070904062406, 51.06709208251962], [-113.97218190427465, 51.06708972020991], [-113.97412201236338, 51.06709025029462]]]}, "properties": {"section_name": "16AV/TCH17", "volume": 67000.0, "year": "2024"}}, {"type": "Feature", "geometry": {"type": "MultiLineString", "coordinates": [[[-113.93502897618633, 51.06709161140871], [-113.935214477595, 51.067092865042405], [-113.93615512864645, 51.067094520662934], [-113.9369648259313, 51.067094820737516], [-113.93782678205609, 51.06709311313535], [-113.94129887195344, 51.06709425466455], [-113.94741879745915, 51.0670938827656], [-113.95166029651227, 51.06710609404853], [-113.95294629768874, 51.06710619264568], [-113.95542622916773, 51.06710621613802], [-113.95808817678545, 51.067106318944035]]]}, "properties": {"section_name": "16AV/TCH18", "volume": 58000.0, "year": "2024"}}, {"type": "Feature", "geometry": {"type": "MultiLineString", "coordinates": [[[-113.93502570754228, 51.06682661930988], [-113.93468834682204, 51.06682394476146], [-113.93434755201181, 51.06682124303864], [-113.93400675867022, 51.06681853942418], [-113.93271372139132, 51.06679299433428], [-113.93219732469903, 51.066791555165835], [-113.93168092804098, 51.066790113716245], [-113.93114886257304, 51.0667793087727], [-113.93061684580037, 51.066767589880676], [-113.93008488203186, 51.06675495884133], [-113.92955297558042, 51.06674141475901], [-113.92902112932948, 51.0667269585352], [-113.92848934759053, 51.06671159017336], [-113.92795763467502, 51.066695309677], [-113.92742599346917, 51.06667811614988], [-113.92672495380668, 51.066677810072356], [-113.92602391558314, 51.066677500690574], [-113.92565336921695, 51.066677438215656], [-113.92528282427969, 51.066677374567064], [-113.92491227791653, 51.06667731064199], [-113.92454173298384, 51.06667724464429], [-113.92417118805345, 51.06667717747207], [-113.9238006416972, 51.0666771100233], [-113.92343009677153, 51.066677040501965], [-113.92305955042147, 51.06667696980512], [-113.92268900550057, 51.066676897934684], [-113.92231846058063, 51.06667682578864], [-113.92194791423789, 51.066676751568146], [-113.92157736932438, 51.06667667617403], [-113.92120682298513, 51.066676600503385], [-113.92083627807666, 51.066676522760176]]]}, "properties": {"section_name": "16AV/TCH19", "volume": 52000.0, "year": "2024"}}, {"type": "Feature", "geometry": {"type": "MultiLineString", "coordinates": [[[-114.21102586861203, 51.084064452036564], [-114.21229931645539, 51.084355994194894], [-114.2131133435427, 51.084540647320765], [-114.21353163950504, 51.08464090117944], [-114.21460759424261, 51.084903004885575], [-114.21553008013377, 51.085126763819254], [-114.21643200788806, 51.085346966646455], [-114.21761149393124, 51.08564173705486], [-114.21893294853021, 51.08596638029615], [-114.22022472268104, 51.08627623872102], [-114.2220025678404, 51.08670816763918], [-114.22392389628634, 51.08717814118161], [-114.22477021661908, 51.08738428223612], [-114.226317101039, 51.08775627663884], [-114.22782347909687, 51.08812125192953], [-114.22856561510366, 51.08829297167949], [-114.22903916092598, 51.08838231484933], [-114.22958130235833, 51.088471290390956], [-114.22999662025452, 51.08852054395216], [-114.23040506523503, 51.088556993894095], [-114.23067350342453, 51.08858061446315], [-114.23140494279028, 51.08859035223994], [-114.23224108772156, 51.08858273777931], [-114.23405931545246, 51.088590695183]]]}, "properties": {"section_name": "16AV/TCH2", "volume": 51000.0, "year": "2024"}}, {"type": "Feature", "geometry": {"type": "MultiLineString", "coordinates": [[[-114.1889334989256, 51.08031811633135], [-114.18982826038214, 51.0805647877131], [-114.19021460285981, 51.080670285732374], [-114.1905127705511, 51.08075281460473], [-114.19078009617178, 51.08082759359645], [-114.1911673167894, 51.08093317602999], [-114.19151409110756, 51.08102899501757], [-114.19182300815399, 51.081114157591315], [-114.1923556137487, 51.08125654575372], [-114.19274545155048, 51.08135724174525], [-114.19348573738905, 51.081547354532006], [-114.19381949496697, 51.08162231686255], [-114.19412311502047, 51.08168626827339], [-114.19436614934219, 51.08172798296067], [-114.19464816864414, 51.08177423765904], [-114.19493214862503, 51.081815532393705], [-114.19524119134148, 51.08185389440261], [-114.19554751493949, 51.081885633844735], [-114.19585511076919, 51.08191200530811], [-114.1961639840264, 51.0819315623334], [-114.19657033639234, 51.08194921967703], [-114.19688989737344, 51.081956390601505], [-114.19796085466837, 51.08196473955798], [-114.19844058551469, 51.08196814063589], [-114.1991182097362, 51.081973716387765], [-114.20010239408627, 51.081980540278714], [-114.20090764097864, 51.08198771026359], [-114.20135150094625, 51.081996403819524], [-114.20179436709391, 51.082016757928905], [-114.20201486856713, 51.08203321211433], [-114.20245402440824, 51.08207477411113], [-114.20288973332131, 51.082128833408404], [-114.20310609259217, 51.08216029830983], [-114.20332135574013, 51.08219462163965], [-114.2036750457697, 51.08225804943281], [-114.2037680349705, 51.08227629737732], [-114.20413680678112, 51.08235541235769], [-114.20441046525914, 51.082419921555875], [-114.20477391811589, 51.082508298708035], [-114.2052316546924, 51.08261271856318], [-114.20575157170899, 51.082725087365176], [-114.20623793999815, 51.08283654035625], [-114.20651100502253, 51.082902059719274], [-114.20695554471828, 51.083019946500904], [-114.2073381001649, 51.08312222666291], [-114.20759262931897, 51.08319111873443], [-114.20772298911407, 51.083226349705804], [-114.20784701444718, 51.08326018850331], [-114.20801921074582, 51.08329777287432], [-114.20851518332753, 51.08342102792733], [-114.20882393517628, 51.08349768387583], [-114.20912906981668, 51.08357526062889], [-114.2092476363845, 51.08360497964041], [-114.20927337994713, 51.083611640766954], [-114.21046966990775, 51.08391533678405], [-114.21089658531713, 51.08402973881608], [-114.21102586861203, 51.084064452036564]]]}, "properties": {"section_name": "16AV/TCH3", "volume": 47000.0, "year": "2024"}}, {"type": "Feature", "geometry": {"type": "MultiLineString", "coordinates": [[[-114.16440491709282, 51.07271913543412], [-114.164416658086, 51.07276551924535], [-114.16445630564442, 51.07283972017557], [-114.16453416742768, 51.07292061767751], [-114.164707156807, 51.07305682959065], [-114.1650164786662, 51.07324810315652], [-114.1652518808733, 51.07339751471117], [-114.16540970124166, 51.07349605861374], [-114.16562899612155, 51.07361841073337], [-114.16587503162222, 51.073755061267946], [-114.16617454073278, 51.07391712376895], [-114.16667939766597, 51.0741581343707], [-114.1670271224348, 51.074314634119865], [-114.1674320847624, 51.074471288197934], [-114.16789632727057, 51.07464466557935], [-114.16837137425037, 51.07480588676862], [-114.16880693702348, 51.07493893540421], [-114.1692190352024, 51.07505394799545], [-114.16967579785383, 51.07516745506583], [-114.17013956852904, 51.075284635926145], [-114.17028825842074, 51.075323254913826], [-114.17036979570614, 51.07533832869917], [-114.1704283272397, 51.075345345243576], [-114.1705005188424, 51.07534635559985], [-114.17320306363058, 51.07607117913433], [-114.17604217554074, 51.076831989110275], [-114.17653474680691, 51.07696525478963], [-114.17731975234487, 51.077174307795794], [-114.17810068505857, 51.077384496230835], [-114.18105870898597, 51.078175657924206], [-114.18113259410623, 51.07822324636821], [-114.18117753708717, 51.07824103025276], [-114.18136221907118, 51.07829331291249], [-114.1819927794661, 51.07846491709292], [-114.18240797778114, 51.078572095056714], [-114.18266752263719, 51.07864211144949], [-114.18327111960845, 51.07881356476985], [-114.18412247947056, 51.07904314251433], [-114.18478940186947, 51.079229400337496], [-114.18497511938111, 51.07927953070867], [-114.1852662676462, 51.07935643046167], [-114.18632157092938, 51.07963401806037], [-114.18679573633874, 51.07975749891407], [-114.1870287317382, 51.07981706515852], [-114.1889334989256, 51.08031811633135]]]}, "properties": {"section_name": "16AV/TCH4", "volume": 40000.0, "year": "2024"}}, {"type": "Feature", "geometry": {"type": "MultiLineString", "coordinates": [[[-114.16440491709282, 51.07271913543412], [-114.1639025755883, 51.072339797742536], [-114.16324415549244, 51.07184782284369], [-114.16274076930517, 51.07147238310036], [-114.16222310799941, 51.071098500015864], [-114.16113663632923, 51.07027140038616], [-114.1601511438187, 51.0695335395695], [-114.1595504818869, 51.069083794339136], [-114.15888974059503, 51.06858904790153], [-114.15796182385179, 51.067894223678344], [-114.15777686127412, 51.06776170002486], [-114.15756720229527, 51.06761989693163], [-114.15731567082922, 51.06746597236207], [-114.15707383564433, 51.06732421167441], [-114.15678690697474, 51.067170332618694], [-114.15650325226606, 51.06703268567862], [-114.15634526270574, 51.06696282233192], [-114.15612311779657, 51.06686514581795], [-114.15578339490686, 51.066729280037904], [-114.15552316760275, 51.06663817156074], [-114.15537687180083, 51.0665884192958], [-114.15520619369444, 51.06653277230916], [-114.15506926365813, 51.06649412928793], [-114.15489672671002, 51.06644345382434], [-114.15476663833256, 51.0664048013825], [-114.15469399644262, 51.06638384184334], [-114.15459594810619, 51.06639477717881], [-114.15454951859707, 51.06639065566145], [-114.15445330910605, 51.066371961969764], [-114.15427083050258, 51.0663324693262], [-114.15403858775318, 51.06628258515666], [-114.15372106095441, 51.06621828174349], [-114.15344903395923, 51.066168448711764], [-114.15299130495299, 51.06610630950197], [-114.15252034738496, 51.066054641688126], [-114.15225836428253, 51.06603406955825], [-114.15222184809227, 51.066028616312956], [-114.15193672260347, 51.066019846515424], [-114.15171787364767, 51.06600967303115]]]}, "properties": {"section_name": "16AV/TCH4A", "volume": 30000.0, "year": "2024"}}, {"type": "Feature", "geometry": {"type": "MultiLineString", "coordinates": [[[-114.12915676301397, 51.068569061438815], [-114.12957880567342, 51.06856779250361], [-114.12998255061446, 51.068560753024094], [-114.13034105268484, 51.068535757131286], [-114.13055684394804, 51.068518500623576], [-114.13079359895325, 51.068493658127416], [-114.13100337314101, 51.06846884628949], [-114.13123411482337, 51.06843833713787], [-114.13142889477766, 51.068411650833575], [-114.13156671721993, 51.068385026524034], [-114.13186614141387, 51.068309005751814], [-114.13255888927833, 51.06818197718437], [-114.1329873404331, 51.06810208631724], [-114.13346368187166, 51.06799756046727], [-114.13394000479224, 51.06788736109158], [-114.13444622251708, 51.06774876737699], [-114.13478767594903, 51.06765006278352], [-114.13536944703077, 51.067468892587286], [-114.13582169611321, 51.06733035448727], [-114.13632784516372, 51.06717284554168], [-114.13676511726756, 51.067039993750846], [-114.13720388353292, 51.066926448451085], [-114.13763225900065, 51.06682763347739], [-114.13809662034649, 51.06673444692911], [-114.1383842306376, 51.0666792795017], [-114.13877373336643, 51.06661453777616], [-114.13912430500747, 51.066563074835685], [-114.13980509133178, 51.066483537086334], [-114.14032954155395, 51.066437534054124], [-114.14117858071286, 51.066379521513205], [-114.14320325582405, 51.06631716036258], [-114.14729834349147, 51.066126380681325], [-114.14747593542732, 51.06611946303501], [-114.14797412851574, 51.06604452275403]]]}, "properties": {"section_name": "16AV/TCH5", "volume": 23000.0, "year": "2024"}}, {"type": "Feature", "geometry": {"type": "MultiLineString", "coordinates": [[[-114.12190316462578, 51.067593060757595], [-114.12227859008942, 51.06767722040188], [-114.12277793074496, 51.06779651086407], [-114.12303336740338, 51.067855801774044], [-114.12334953138874, 51.06792806942337], [-114.12376585927207, 51.068021285891646], [-114.12415541298158, 51.06810778074658], [-114.12462094406834, 51.068213277568454], [-114.1248835660096, 51.06825439757667], [-114.12522571047302, 51.06830082835326], [-114.12543100290172, 51.0683305871147], [-114.12579665043965, 51.06838118469496], [-114.12607151992022, 51.06841525441267], [-114.12622577615763, 51.068436291960154], [-114.12636266474364, 51.06846539206324], [-114.12647521415013, 51.0684888503348], [-114.12681743403598, 51.068521460998205], [-114.12711947619077, 51.06854534220659], [-114.12742661883043, 51.068562761570774], [-114.12769534420255, 51.06856892384319], [-114.12798964865351, 51.06857021564223], [-114.12843719498888, 51.0685744956184], [-114.12902555923073, 51.06857114270671], [-114.12915676301397, 51.068569061438815]]]}, "properties": {"section_name": "16AV/TCH5B", "volume": 32000.0, "year": "2024"}}, {"type": "Feature", "geometry": {"type": "MultiLineString", "coordinates": [[[-114.11228989084425, 51.067056203575554], [-114.1125352072434, 51.06705491497994], [-114.11428245648457, 51.067051242162066], [-114.11538477359841, 51.06704929091518], [-114.11650533239435, 51.06704765090571], [-114.1175152106722, 51.06704585076985], [-114.11762379636237, 51.067045896184176], [-114.11832438400003, 51.06704690978216], [-114.11833330919139, 51.06704893242056], [-114.11859959365324, 51.0670501728355], [-114.11879759149625, 51.067058826646544], [-114.11892117463339, 51.067067556746856], [-114.11914220708631, 51.0670855025676], [-114.11931038538455, 51.06710220291479], [-114.11950280438957, 51.06712503079429], [-114.11967416192344, 51.06714787902143], [-114.11983007735701, 51.06717162921228], [-114.11999302171613, 51.06719891392318], [-114.12011664670179, 51.06722358145907], [-114.12019671783627, 51.06723855331223], [-114.1205224331824, 51.067288572873764], [-114.12070581827416, 51.06732635346642], [-114.12096550483989, 51.067380929410604], [-114.12118637658507, 51.067428794655], [-114.1216340391424, 51.067530316090306], [-114.12190316462578, 51.067593060757595]]]}, "properties": {"section_name": "16AV/TCH6", "volume": 45000.0, "year": "2024"}}, {"type": "Feature", "geometry": {"type": "MultiLineString", "coordinates": [[[-114.09396836155483, 51.06698709245188], [-114.09428521832035, 51.06698244764841], [-114.09475232856549, 51.06698549504206], [-114.09507759705582, 51.0669897644498], [-114.09537634943774, 51.06700093980181], [-114.09550189218031, 51.067003906389694], [-114.09576435526532, 51.067014311207], [-114.09603723361414, 51.067017765930636], [-114.09682990864157, 51.06701759297757], [-114.09755885097039, 51.06701748044102], [-114.09800148676952, 51.06701551902109], [-114.09811910912762, 51.06701544732306], [-114.09886344434355, 51.067015880980605], [-114.09936429204429, 51.06701489537489], [-114.09963162998993, 51.067014738850204], [-114.10024954543687, 51.067015199442096], [-114.10076045255443, 51.06701527529472], [-114.10105132619283, 51.06701449202549], [-114.10188672844993, 51.06701323110492], [-114.10209274435589, 51.06701223959409], [-114.10269393501521, 51.06701571971327], [-114.10315080684771, 51.06701768355508], [-114.10360689463046, 51.06701928671815], [-114.10415324728092, 51.067020978517846], [-114.10484693385258, 51.06702426353345], [-114.10561479689521, 51.06703181946591], [-114.1061864513653, 51.06703709365993], [-114.10634657355118, 51.06704191401279]]]}, "properties": {"section_name": "16AV/TCH7", "volume": 42000.0, "year": "2024"}}, {"type": "Feature", "geometry": {"type": "MultiLineString", "coordinates": [[[-114.08487376108069, 51.06694652884706], [-114.0852547299785, 51.06694460201606], [-114.08559448182763, 51.0669482148168], [-114.08620231897115, 51.06695782674878], [-114.08631625561655, 51.06697831021177], [-114.08643215559238, 51.06699421096057], [-114.08655166324657, 51.067002115281475], [-114.08666572723274, 51.06700431415719], [-114.08731951488939, 51.06700391932351], [-114.08789044105524, 51.067003376398965], [-114.08811673694947, 51.066996354988476], [-114.08828509980239, 51.06698937690676], [-114.08891333766314, 51.06699004244929], [-114.0894138953625, 51.06699187661478], [-114.08977644021516, 51.06700067385168], [-114.09078198461964, 51.06700363250653], [-114.09145937493867, 51.066991659704435], [-114.09183435309257, 51.06698182945288], [-114.09247239352197, 51.06698077720434], [-114.0929425045136, 51.06698190655894], [-114.09361694279339, 51.06698658061843], [-114.09396836155483, 51.06698709245188]]]}, "properties": {"section_name": "16AV/TCH8", "volume": 49000.0, "year": "2024"}}, {"type": "Feature", "geometry": {"type": "MultiLineString", "coordinates": [[[-114.08486211288773, 51.06697760660825], [-114.07573804569745, 51.06697000299201], [-114.07502955010585, 51.066970538983796], [-114.07427063619829, 51.066971109018], [-114.0739741444262, 51.066971329378106], [-114.07362972830393, 51.066971585474356], [-114.07294998440781, 51.06697208805247], [-114.07222994351734, 51.06697261517967], [-114.07153363364948, 51.06697312065562]]]}, "properties": {"section_name": "16AV/TCH9", "volume": 46000.0, "year": "2024"}}, {"type": "Feature", "geometry": {"type": "MultiLineString", "coordinates": [[[-114.12546850739453, 50.892796220928375], [-114.12460185649348, 50.89279228284039], [-114.12371288088804, 50.892796371144485], [-114.12075430008359, 50.89279629083456], [-114.11861462064789, 50.892793691813225], [-114.11650637933108, 50.89278666926287], [-114.11597028807181, 50.89278532142141], [-114.11540534099251, 50.892784693672084], [-114.11473932340716, 50.89279366406713], [-114.1141545647331, 50.89279661335931], [-114.11300284785261, 50.892796743134454], [-114.11217822655769, 50.89279634903013], [-114.11164103533957, 50.89279686396694], [-114.10950193070254, 50.89279787047285], [-114.10729789648384, 50.89279740424312], [-114.1066120364675, 50.89279803258204], [-114.10526179536785, 50.892799255110944], [-114.1047837024568, 50.89279916827148], [-114.10301829694936, 50.89279751203649], [-114.10066071818387, 50.89279956499382], [-114.09798422275803, 50.89280030745004], [-114.09509331203576, 50.89279479039987], [-114.09337248999184, 50.89280240853035]]]}, "properties": {"section_name": "22X1", "volume": 60000.0, "year": "2024"}}, {"type": "Feature", "geometry": {"type": "MultiLineString", "coordinates": [[[-114.20905888499382, 50.89288459385422], [-114.20732467065098, 50.89288766039217], [-114.20612787100231, 50.892886660986676], [-114.20478006629935, 50.89288591787904], [-114.20396312301787, 50.892885789131775], [-114.20313056978031, 50.89288568182921], [-114.20094508734364, 50.89288638131359], [-114.1999174068566, 50.892886586790254], [-114.19779028775126, 50.892885879450446], [-114.19691147987731, 50.89288538632048], [-114.19616292859378, 50.892886646477834], [-114.19484185050695, 50.892885732037584], [-114.19421192366869, 50.89288759883712], [-114.19260314367018, 50.892886248205336], [-114.19069576953433, 50.892886205878355], [-114.18912504776445, 50.89288717154116], [-114.1884046168497, 50.89288750841884], [-114.1879423880454, 50.89288661817187], [-114.18756198466319, 50.892888865218126], [-114.18690424805364, 50.892889115470574], [-114.18651428716382, 50.89288892193773], [-114.18596149884365, 50.892886419940744], [-114.18502285230402, 50.892886318288525], [-114.18450199128388, 50.89288469193669], [-114.18317804665836, 50.89288269170877], [-114.18275944965978, 50.892881714271304], [-114.1815581972653, 50.89287949904614], [-114.1810468797718, 50.892877842437315], [-114.18024341213294, 50.89287664129657], [-114.17975119057198, 50.89287658300813], [-114.17880484795488, 50.89287479355101], [-114.17819263296411, 50.892873278030535], [-114.17714113292261, 50.892871654423686], [-114.17679753154017, 50.8928713580829], [-114.17613192298018, 50.89287075226574], [-114.17575423326339, 50.89287050427765], [-114.17552731401744, 50.89286919511112], [-114.17421988712846, 50.89286677718335], [-114.1719954561142, 50.89286015147293], [-114.1690026268138, 50.8928586050813], [-114.16663575856211, 50.89284818620164], [-114.1654620581672, 50.8928400061494], [-114.1647650853032, 50.8928390221729], [-114.16280045108034, 50.89284611781664], [-114.1621454615851, 50.89284604045455], [-114.16126842167492, 50.892845038330144], [-114.15996949448673, 50.89284245087018], [-114.15831898427926, 50.8928409672538], [-114.1572096396253, 50.89283888475687], [-114.15618680157891, 50.892836885485686], [-114.15539397606325, 50.892821106138804], [-114.15439456627283, 50.89281220692142], [-114.15311872491031, 50.89281370203478], [-114.15219999925088, 50.89282950759223], [-114.15110280114999, 50.892830032940395], [-114.14970835955805, 50.89282955136008], [-114.14767344179897, 50.89282771642315], [-114.1455792842001, 50.89282512249181], [-114.14355929065724, 50.89282246005501], [-114.14215397878256, 50.892819753904924], [-114.1410843251717, 50.892817928334715], [-114.14029116275324, 50.892814492552844], [-114.12466136949472, 50.89286083347452]]]}, "properties": {"section_name": "22X1A", "volume": 0.0, "year": "2024"}}, {"type": "Feature", "geometry": {"type": "MultiLineString", "coordinates": [[[-114.07202104395712, 50.89253017196512], [-114.07182066647937, 50.89252840751309], [-114.07160152195951, 50.892529306269864], [-114.07125370027205, 50.892534099464115], [-114.07094027339414, 50.89253581683447], [-114.07051982637867, 50.89253988870175], [-114.06999707003429, 50.89254180351438], [-114.06941553699043, 50.892547603150966], [-114.06902184379393, 50.89255089046443], [-114.06873262279306, 50.892550297849176], [-114.06845104136008, 50.89254740939408], [-114.06820600398564, 50.89254908469925], [-114.0678505304845, 50.89255005508324], [-114.06742370789387, 50.89255106561255], [-114.06703475798373, 50.89255053443539], [-114.06660666036385, 50.89255154270969], [-114.0662741201674, 50.89255173195901], [-114.06597413557617, 50.89255265522767], [-114.06568772930098, 50.89255025548454], [-114.0647576776372, 50.89255032647876], [-114.06162058548917, 50.89254680666114], [-114.06073441493552, 50.89254301877859], [-114.05964367369208, 50.89255144194565], [-114.05941404466907, 50.89255804799366], [-114.0588942431193, 50.892556832522395], [-114.05854310920964, 50.89255461150414], [-114.05824599683461, 50.8925541604842], [-114.05745665231659, 50.89255334787234], [-114.05708751358779, 50.8925535289607], [-114.05614908316129, 50.89255638169605], [-114.05586397745685, 50.89255711810069], [-114.05542006240417, 50.89255958615622]]]}, "properties": {"section_name": "22X2A", "volume": 60000.0, "year": "2024"}}, {"type": "Feature", "geometry": {"type": "MultiLineString", "coordinates": [[[-114.05542006240417, 50.89255958615622], [-114.05505051534573, 50.892561898812346], [-114.05464161402321, 50.892563321636736], [-114.05429846711681, 50.89256471336415], [-114.05386901641684, 50.89256491231141], [-114.05348888436417, 50.89256754944589], [-114.05331651657826, 50.89257096806505], [-114.0530041111911, 50.89257427388908], [-114.05272357670232, 50.89258140500316], [-114.05246446749648, 50.89258385642673], [-114.05216834069063, 50.8925839891275], [-114.05196767182295, 50.89258174392954], [-114.05174167640486, 50.892578342716085], [-114.05153711020587, 50.89257493070828], [-114.05130916609662, 50.8925715286188], [-114.05113155151975, 50.89256698570001], [-114.05096205572494, 50.89256472511644], [-114.05075943839608, 50.892561311794246], [-114.05060552824565, 50.89256021081363], [-114.05039317003819, 50.892556801077696], [-114.05018860545184, 50.892553386706325], [-114.05001416996653, 50.89254944035181], [-114.04872533401635, 50.89254095675079], [-114.04744946094434, 50.89255401519587], [-114.04687086321296, 50.89256139145395], [-114.0465362174217, 50.89257405914194], [-114.04639578951023, 50.892583067244814], [-114.04629730314748, 50.89259781303299], [-114.04525770513672, 50.892618368091256], [-114.04356689357553, 50.89261992558608], [-114.04226612226365, 50.89260311155149], [-114.04119938275267, 50.89258916915704], [-114.03867379352982, 50.8925935526855], [-114.0343148270836, 50.8926253643037], [-114.03011313533501, 50.892632519993896], [-114.02965529483666, 50.892609331595246], [-114.02945567420734, 50.89259755313041], [-114.02931089603928, 50.89259036073507], [-114.02927689505113, 50.89258905493317], [-114.02920889349157, 50.89258710046625], [-114.02906192359755, 50.89258450847751], [-114.02887985724715, 50.892581267824255], [-114.02872808244723, 50.892580056563965], [-114.02855917738478, 50.89257746933794], [-114.02838149956786, 50.89257751266743], [-114.02820529136748, 50.89257735309716], [-114.02790573988645, 50.89258380975888], [-114.02761699940852, 50.89258997541607], [-114.0272672074529, 50.89260530102844], [-114.02704383269499, 50.89261296209563], [-114.02683904349193, 50.89261682020244], [-114.02638239344208, 50.89261692428975], [-114.02586499361855, 50.89261442578285]]]}, "properties": {"section_name": "22X3", "volume": 71000.0, "year": "2024"}}, {"type": "Feature", "geometry": {"type": "MultiLineString", "coordinates": [[[-114.02586499361855, 50.89261442578285], [-114.02569029675641, 50.89261260343256], [-114.0255262834356, 50.892611132690185], [-114.02538130130179, 50.89260945350916], [-114.02521144020389, 50.89260778311938], [-114.02512165751524, 50.89260666254548], [-114.0250092531711, 50.892605758015], [-114.02491090506174, 50.89260463821461], [-114.02462751642453, 50.89260143677858], [-114.02446777177707, 50.89260015693291], [-114.02436783828941, 50.892600747798326], [-114.02411397980919, 50.89260080680193], [-114.02394887296245, 50.89260103227444], [-114.02381101225559, 50.89259669134854], [-114.02369457694277, 50.89258759111889], [-114.02336901759178, 50.89256358160377], [-114.02260273564204, 50.89256500275791], [-114.02235925094843, 50.892568315699734], [-114.02214302280993, 50.89257380123663], [-114.02199765856712, 50.89257818345794], [-114.02176689305774, 50.89258258145225], [-114.02154339618679, 50.89258915591874], [-114.02138851931667, 50.892595691335075], [-114.0211904613396, 50.892602259563574], [-114.02089064968564, 50.89261429003328], [-114.02061627784148, 50.89262522655819], [-114.02043457583653, 50.892635057569414], [-114.02027104368122, 50.892644885144335], [-114.02008388992076, 50.89265689392657], [-114.01992035807942, 50.89266780969536], [-114.01980225175707, 50.892675450584356], [-114.0196714311496, 50.89268381988634], [-114.01916174468421, 50.8927222064152], [-114.01895450856574, 50.89273422477215], [-114.01873782729547, 50.8927469095352], [-114.01794676668318, 50.8927995208518], [-114.01731168411179, 50.89284918923506], [-114.01667378530999, 50.89290551433371], [-114.01590990216518, 50.89298076807573], [-114.01539169827238, 50.893037603798675], [-114.01519797508475, 50.89305953772986], [-114.01448710428663, 50.893146566488674], [-114.01372481939111, 50.89324912894017], [-114.01330343633478, 50.89331040209344], [-114.01268179798556, 50.89340489110424], [-114.01189232439607, 50.8935363652602], [-114.01178509554586, 50.89355468599968], [-114.01150164656099, 50.893603222332594], [-114.01128440948175, 50.89364086204891], [-114.01109068601713, 50.89367430171384], [-114.01102551545891, 50.893685664012835], [-114.01094926656774, 50.893698921500985], [-114.01084995989488, 50.89371629669124], [-114.01076181814467, 50.893731649823785], [-114.01066803059645, 50.893748084898796], [-114.01058385583964, 50.89376279115575], [-114.01049760578024, 50.89377778341953], [-114.01038632638516, 50.893797287216216], [-114.01007967890662, 50.89385079990067], [-114.00972240467588, 50.893912942778066], [-114.00948472497564, 50.89395427392235], [-114.00941750681032, 50.89396597081523], [-114.00910783516102, 50.89401979493916], [-114.00885651452931, 50.894063513602134], [-114.00837398058833, 50.89414732760413], [-114.00806330584017, 50.89420123712932], [-114.00801725899251, 50.8942092395723], [-114.00629765588214, 50.89451042614248], [-114.00457402361145, 50.89481335854927], [-114.00266132980154, 50.89514702642244], [-114.0007521695201, 50.895481044991215], [-113.99929948826454, 50.89573300163529], [-113.99728749233938, 50.89610088377988], [-113.99487491693748, 50.89648609012973], [-113.9942662809736, 50.89659556945636], [-113.99289710184404, 50.896842222797574], [-113.99190652892406, 50.897016703832776]]]}, "properties": {"section_name": "22X4", "volume": 70000.0, "year": "2024"}}, {"type": "Feature", "geometry": {"type": "MultiLineString", "coordinates": [[[-113.99190652892406, 50.897016703832776], [-113.99172000359988, 50.89704846757071], [-113.9913528162036, 50.89711133472333], [-113.99099732434236, 50.8971742016229], [-113.9906848883354, 50.89722588916867], [-113.99041266260161, 50.8972733071572], [-113.99020952257179, 50.89730683274341], [-113.9900370875809, 50.897335036745226], [-113.98823081999159, 50.89765061853817], [-113.98667936540329, 50.89792588174877], [-113.98528534810534, 50.898179601638105], [-113.98380467205978, 50.89843491107615], [-113.98283367182182, 50.89860247104739], [-113.98181551783681, 50.898779483828505], [-113.9810709897538, 50.89890704987818], [-113.9806571163237, 50.89898356390587], [-113.9767313775083, 50.89966494440563], [-113.97629844638563, 50.89973528914342], [-113.97584431514947, 50.89981279648287], [-113.97541229772943, 50.89988687165147]]]}, "properties": {"section_name": "22X5", "volume": 69000.0, "year": "2024"}}, {"type": "Feature", "geometry": {"type": "MultiLineString", "coordinates": [[[-113.97541229772943, 50.89988687165147], [-113.9749039706439, 50.899977843447324], [-113.97481846151409, 50.899994637154784], [-113.97440348500099, 50.90006837873518], [-113.97415540381623, 50.90011098952029], [-113.97187667575464, 50.9005004966289], [-113.96817549866651, 50.90114886308413], [-113.96319304509043, 50.90201204893395], [-113.95797902153032, 50.90292254343447], [-113.95323628591967, 50.90374142123731], [-113.95235718284799, 50.90389614428981], [-113.95201478717199, 50.9039554743993], [-113.95159287444261, 50.9040285224922], [-113.95119588289995, 50.90409707371584], [-113.95075972223891, 50.904173492162755], [-113.95036024381457, 50.904243942667534], [-113.95005404113441, 50.904296757499765], [-113.94970154967095, 50.904359690463345], [-113.94933659807548, 50.90442149051524], [-113.94896555547096, 50.904486426054476], [-113.94857923779996, 50.90455384660103], [-113.94831397720596, 50.90459991624682], [-113.94798916132457, 50.90465810779433], [-113.94764022701833, 50.904718783234536], [-113.94729129038394, 50.904779457630376], [-113.9470213255411, 50.90482539815287], [-113.94677386505023, 50.90486809215217], [-113.94662606853929, 50.90489337004911]]]}, "properties": {"section_name": "22X6", "volume": 63000.0, "year": "2024"}}, {"type": "Feature", "geometry": {"type": "MultiLineString", "coordinates": [[[-113.94662606853929, 50.90489337004911], [-113.94631054865538, 50.904947654141274], [-113.94595092691743, 50.90501057249702], [-113.94566786042999, 50.90505775432492], [-113.94531179846842, 50.90511954502793], [-113.944994903918, 50.90517346891719], [-113.94465579227953, 50.905232850003365], [-113.94428014806527, 50.90529462917397], [-113.94396324971584, 50.90534854936112], [-113.94355473503971, 50.90541687847346], [-113.94315238098365, 50.90548427330179], [-113.94278117896839, 50.905545868213494], [-113.94236102032609, 50.905616630908774], [-113.9419826774156, 50.90567584730775], [-113.94158388471648, 50.905738732735806], [-113.94118865542313, 50.90579823837538], [-113.94079876689446, 50.90585549340256], [-113.94033356398457, 50.9059203384335], [-113.93990273206796, 50.90597982151946], [-113.93961432490318, 50.90601797439159], [-113.93918270657984, 50.90607616795162], [-113.93872873602265, 50.90613225532796], [-113.93831926763022, 50.90618611157582], [-113.93786854723868, 50.90623857797065], [-113.9372383323603, 50.906310337597], [-113.93670069058898, 50.906370877842356], [-113.93622662569699, 50.90642236331504], [-113.93573884245136, 50.90646828262621], [-113.93529021700111, 50.906514220709], [-113.93478058106786, 50.9065631993644], [-113.93427499653399, 50.90660797617405], [-113.93377119916721, 50.90664711870662], [-113.9334071185994, 50.90667599680002], [-113.9330403957038, 50.906703949874114], [-113.9326904084032, 50.90672730140008], [-113.9322542597579, 50.90675859038368], [-113.93160039272543, 50.90680202527148], [-113.93108770026353, 50.906834392370584], [-113.93066638810186, 50.906858866201894], [-113.93022847188074, 50.90688000860428], [-113.92981480384181, 50.90689994670376], [-113.92948191894969, 50.90691439075205], [-113.92926474577908, 50.906921018027624], [-113.92918935729415, 50.90692520569739], [-113.928858887662, 50.906941572383964], [-113.92853836825809, 50.90695584776983], [-113.9282291299131, 50.90696530520487], [-113.92781036907958, 50.90697758802064], [-113.92744798165333, 50.90698797513498], [-113.92703539288203, 50.90699738941506], [-113.92671004876446, 50.9070058681395], [-113.92631706439386, 50.90701333866976], [-113.92587737956895, 50.90701788347635], [-113.92561485443797, 50.90702157590507], [-113.92511712766134, 50.90702903045848], [-113.92466295304067, 50.90702970291241], [-113.92423293236773, 50.907033283140315], [-113.92381419335442, 50.90703204603942], [-113.92330976888259, 50.90703366752668], [-113.92283626840837, 50.907034321078676], [-113.92233699349548, 50.907037848534415], [-113.92201327514248, 50.90703763276137], [-113.92164565388744, 50.90703933925336], [-113.92125267820984, 50.90704100411657], [-113.9208532617355, 50.9070416995689], [-113.92049249989907, 50.907041454463005], [-113.91981407797459, 50.907041956935394], [-113.91935024219214, 50.907040672845405], [-113.91897015458757, 50.90704040968507], [-113.91811146916352, 50.907045586645495], [-113.91753650243173, 50.90704614659853], [-113.91720634336608, 50.90704494832753], [-113.91597108482388, 50.90704985090087], [-113.91537517920077, 50.90705231528132], [-113.91512554490296, 50.90705213408324], [-113.91411214402743, 50.907054312955985], [-113.91364025101375, 50.90705589411954], [-113.91247576510003, 50.90705896100865], [-113.91187019305818, 50.90706236487556], [-113.91160928487557, 50.907062167649464], [-113.91097921313357, 50.90706165839484], [-113.91047350394399, 50.907060307107734], [-113.9099983958555, 50.90705897632371], [-113.90794979348904, 50.90706397154528], [-113.90700919882747, 50.907069996539654], [-113.90645032105837, 50.90707919810385], [-113.90604879775334, 50.90707801626439]]]}, "properties": {"section_name": "22X7", "volume": 48000.0, "year": "2024"}}, {"type": "Feature", "geometry": {"type": "MultiLineString", "coordinates": [[[-113.9060429837541, 50.90707803675782], [-113.90568160088976, 50.90707892487052], [-113.9053202180132, 50.907079811864705], [-113.90495883654626, 50.90708069774152], [-113.90459745364527, 50.90708158249862], [-113.9042360707321, 50.90708246613721], [-113.90387468780678, 50.90708334865727], [-113.90351330487118, 50.90708422915977], [-113.90315192192162, 50.907085109442754], [-113.90279054038182, 50.907085988608365], [-113.9024291574081, 50.90708686665427], [-113.90206777442233, 50.90708774358165], [-113.90170639142457, 50.90708861939047], [-113.90134500841481, 50.907089494080786], [-113.90098362539308, 50.90709036765255], [-113.90062224378126, 50.90709124010698], [-113.90026086073566, 50.907092111441685], [-113.89989947767815, 50.90709298165785], [-113.89953809460873, 50.90709385075546], [-113.8991767115275, 50.90709471873455], [-113.89881532843637, 50.90709558469611], [-113.89845394675335, 50.907096450439354], [-113.89809256363668, 50.907097315062835], [-113.89773118050826, 50.907098178567765], [-113.89736979736809, 50.90709904095417], [-113.8970084142162, 50.90709990222205], [-113.89664703105261, 50.907100762371364], [-113.89628564929922, 50.90710162140343], [-113.89592426611232, 50.9071024793157], [-113.8955628829138, 50.907103336109415], [-113.89520149970367, 50.907104191784605], [-113.89484011648196, 50.907105046341265], [-113.8944787332487, 50.90710589977936], [-113.8941173514278, 50.90710675120123], [-113.89375596817149, 50.90710760240228], [-113.8933945849037, 50.90710845248477], [-113.89303320162446, 50.90710930144873], [-113.89267181833375, 50.907110149294155], [-113.89231043645351, 50.90711099602235], [-113.89194905314001, 50.9071118416307], [-113.89158766981514, 50.90711268612053], [-113.89122628647891, 50.90711352949179], [-113.89086490313137, 50.907114371744534], [-113.89050351977251, 50.907115212878715], [-113.89014213782424, 50.90711605289572], [-113.88978075444497, 50.90711689089385], [-113.88941937105236, 50.907117728672425], [-113.88905798764854, 50.90711856533248], [-113.88869660423352, 50.90711940087399], [-113.88833522080736, 50.90712023529694], [-113.8879738387919, 50.90712106860274], [-113.88761245534346, 50.90712190078864], [-113.88725107188392, 50.90712273185598], [-113.88688968841332, 50.9071235618048], [-113.88652830493167, 50.90712439063509], [-113.886166921439, 50.9071252183468], [-113.88580553935716, 50.90712604494139], [-113.8854441558425, 50.90712687041605], [-113.88508277231911, 50.90712769387317], [-113.88472138878258, 50.90712851711075], [-113.88436000523511, 50.907129339229776], [-113.88399862167678, 50.907130160230274], [-113.88363723952942, 50.90713098011365], [-113.88327585594938, 50.90713179887706], [-113.88291447235851, 50.90713261652195], [-113.88062604497159, 50.90713311760785], [-113.87835661822338, 50.90713343631427], [-113.87608719010291, 50.90713371000946], [-113.87381776345734, 50.90713393959541], [-113.8731721117073, 50.90713605569937], [-113.86984459663745, 50.90714711394405], [-113.86651707875085, 50.907158077354545], [-113.86318956090919, 50.907168945933975], [-113.85986204170861, 50.907179719680656]]]}, "properties": {"section_name": "22XSE8", "volume": 8000.0, "year": "2024"}}, {"type": "Feature", "geometry": {"type": "MultiLineString", "coordinates": [[[-113.98153906066601, 51.09594543599708], [-113.98152466893809, 51.0973239592352], [-113.98152451004212, 51.09882960163539], [-113.98152620700662, 51.100113679697245], [-113.98152687786632, 51.10146481737155], [-113.9814648949687, 51.102565440310165], [-113.98136637335728, 51.103199034482564], [-113.98122948033335, 51.103737787921325], [-113.98102608028027, 51.10430366381084], [-113.9806489702867, 51.10507339301193], [-113.98039636862381, 51.105481890498325], [-113.97989831204774, 51.106080822426804], [-113.97969742038036, 51.10631030306924], [-113.97955725554803, 51.10648388563547], [-113.97954788018781, 51.10656333171632], [-113.97915952210539, 51.10693232641168], [-113.97853271998082, 51.10750718657836], [-113.97809336156074, 51.10790094283657], [-113.97736777581329, 51.108577066127346], [-113.97682710055557, 51.10906565202458], [-113.9760001808598, 51.10982816840484], [-113.97553400411333, 51.11017551209703], [-113.9753071914087, 51.110357728309985], [-113.97507884205186, 51.11062165410549], [-113.97451872470336, 51.11112919853057], [-113.9738609884787, 51.11173592620512], [-113.97379524894666, 51.11179676499157], [-113.97376664845517, 51.1118234811517]]]}, "properties": {"section_name": "METISTRNE1", "volume": 49000.0, "year": "2024"}}, {"type": "Feature", "geometry": {"type": "MultiLineString", "coordinates": [[[-113.97376664845517, 51.1118234811517], [-113.97329866010617, 51.11226183000854], [-113.97284366820345, 51.11271632085629], [-113.97250202771662, 51.113032086201784], [-113.97223827269218, 51.11332813501886], [-113.97205743358654, 51.11357368316355], [-113.97199893145593, 51.11364622984134], [-113.97194928193633, 51.11372436117092], [-113.97190847497727, 51.11382705336332], [-113.97188343233897, 51.113898947275516], [-113.97147726590808, 51.1144518223775], [-113.97117515536442, 51.11495971605504], [-113.97094902848981, 51.11536377068311], [-113.97057162404498, 51.11613994828431], [-113.97037301003338, 51.116653969696046], [-113.97020272184628, 51.11713456554462], [-113.97011309219549, 51.11747352330411], [-113.9700489139502, 51.11772378691242], [-113.97001956032098, 51.11790326614953], [-113.96994357772259, 51.1183378318363], [-113.96985914576646, 51.11902376297966], [-113.96983168395242, 51.119870928487174], [-113.96983776782847, 51.12083765542091], [-113.96984381593539, 51.12188163892763], [-113.96982645776136, 51.12251943494339], [-113.96978507945197, 51.12344162903218], [-113.9697851981418, 51.12388156535515], [-113.9698782963609, 51.12423281076138], [-113.96992571627801, 51.12447614833976], [-113.96997579571779, 51.124934599834894], [-113.96998844276474, 51.12514361958365]]]}, "properties": {"section_name": "METISTRNE2", "volume": 40000.0, "year": "2024"}}, {"type": "Feature", "geometry": {"type": "MultiLineString", "coordinates": [[[-114.13892686071952, 50.9483750581184], [-114.1387025693947, 50.9489144131684], [-114.1383024321504, 50.9494064088107], [-114.13790177039145, 50.94972399358933], [-114.13745062065641, 50.949946502741994], [-114.13689906530372, 50.950169127872606], [-114.13622177071431, 50.950312619813324], [-114.1357952471996, 50.95037653923308], [-114.13511762297296, 50.950409036038124], [-114.13375640132749, 50.950467038654175], [-114.13260916516579, 50.95046841607137], [-114.13120682390519, 50.95046151070981], [-114.1294622218151, 50.95045815710174], [-114.12818568164784, 50.95045539829079], [-114.12676010687687, 50.950459020057906], [-114.12503666301843, 50.95046498709027], [-114.12331322039745, 50.950471041962494], [-114.12172808030634, 50.95047165477628], [-114.11969961519168, 50.95046519650953], [-114.11936583984254, 50.95047054367216], [-114.11928979875682, 50.950463026708405], [-114.11907864177437, 50.95046070164191], [-114.11873933988636, 50.95047374888724], [-114.11846984360577, 50.950479101840095], [-114.11806577154614, 50.950481620928976]]]}, "properties": {"section_name": "ANDERSON1", "volume": 28000.0, "year": "2024"}}, {"type": "Feature", "geometry": {"type": "MultiLineString", "coordinates": [[[-114.11800138490618, 50.95046674031759], [-114.10880566329298, 50.95048324110299], [-114.10867682161309, 50.95048018133765], [-114.10850751806339, 50.950480375607455], [-114.10803681219625, 50.950473630842325], [-114.10760405041617, 50.95047640637231], [-114.10709088694854, 50.95048632279135], [-114.10678519379692, 50.95049610678585], [-114.10654499567815, 50.95049988973797], [-114.10634053601883, 50.95050601658726], [-114.10540237194513, 50.95051756855371], [-114.10318244919084, 50.95051587395698], [-114.09988172117471, 50.950517562040666], [-114.09866025503092, 50.95051388683103], [-114.09844584752543, 50.950510503260745], [-114.09816393845419, 50.95050361335946], [-114.09764459019861, 50.95047674283605], [-114.09739641179817, 50.95046150633826], [-114.09703979396669, 50.950440467491624], [-114.09675787423116, 50.95042882125511], [-114.09636873980288, 50.95040894720987], [-114.09608344171006, 50.950413128819456], [-114.09564487551701, 50.95038302567381], [-114.09526261366726, 50.95035719730642], [-114.09497138064509, 50.950344364992276], [-114.0948367041258, 50.950347741348246], [-114.09476390104078, 50.95034671176591], [-114.09467836516127, 50.95035004805811]]]}, "properties": {"section_name": "ANDERSON3", "volume": 40000.0, "year": "2024"}}, {"type": "Feature", "geometry": {"type": "MultiLineString", "coordinates": [[[-114.09467836516127, 50.95035004805811], [-114.09425797411075, 50.95035077195082], [-114.09335155368414, 50.950350027399466], [-114.09201645418108, 50.95033945936002], [-114.09009511992294, 50.950329224563234], [-114.08928076932258, 50.95033220974838], [-114.08789207598113, 50.95032387220147], [-114.08717316376061, 50.95033015911892], [-114.08633505066568, 50.950335668554054], [-114.08559668865523, 50.95034022869219], [-114.08462928653522, 50.95034074577982], [-114.08444568363832, 50.950342655072795]]]}, "properties": {"section_name": "ANDERSON4", "volume": 44000.0, "year": "2024"}}, {"type": "Feature", "geometry": {"type": "MultiLineString", "coordinates": [[[-114.08444568363832, 50.950342655072795], [-114.08370050446827, 50.950352040213346], [-114.08276868368311, 50.95036184608399], [-114.08242694573984, 50.95036513802643], [-114.08213474120834, 50.950365953393316], [-114.08195268493067, 50.95036371873845], [-114.08044068265062, 50.95036695172644], [-114.076677585008, 50.9503630451978], [-114.07544661449515, 50.95035450456854], [-114.07435721086931, 50.950361494326515], [-114.07413332741574, 50.95035804249103], [-114.07327860563524, 50.95035560442753], [-114.0717017899882, 50.95036970201964], [-114.0709864021975, 50.95035398419384]]]}, "properties": {"section_name": "ANDERSON5", "volume": 46000.0, "year": "2024"}}, {"type": "Feature", "geometry": {"type": "MultiLineString", "coordinates": [[[-114.0709864021975, 50.95035398419384], [-114.0698275001232, 50.950374274448464], [-114.0690264868042, 50.950377176962384], [-114.06777960936212, 50.95035901048216], [-114.06717204745674, 50.95035059005834], [-114.06677926045865, 50.950321911933955], [-114.06578709771978, 50.95026862022044], [-114.06519611401866, 50.95021106486617], [-114.0645773292373, 50.950109667460445], [-114.06381555107724, 50.94995454594946], [-114.06261672410243, 50.94966926805671], [-114.06217360718772, 50.94956790653641], [-114.06018612634205, 50.94911444976796], [-114.06009767105888, 50.9490866096016], [-114.05995719913446, 50.94904675773154]]]}, "properties": {"section_name": "ANDERSON6", "volume": 44000.0, "year": "2024"}}, {"type": "Feature", "geometry": {"type": "MultiLineString", "coordinates": [[[-114.05995719913446, 50.94904675773154], [-114.0582810280985, 50.94866040744474], [-114.05765902237373, 50.94852409512578], [-114.05718832187372, 50.94842413700409], [-114.05667442115129, 50.948336342388], [-114.05622413512693, 50.94827905803147], [-114.05574389878802, 50.94823071139322], [-114.0551388086107, 50.94817635002339], [-114.054386740635, 50.948128490809474], [-114.05382011274543, 50.94811357297548], [-114.04573538550856, 50.94810103018194], [-114.04476839431128, 50.94810346082865], [-114.0434830946072, 50.94810606264304], [-114.0427080874298, 50.94810421621056], [-114.04208339454422, 50.94810268005496], [-114.04188851472888, 50.94810275011162]]]}, "properties": {"section_name": "ANDERSON7", "volume": 44000.0, "year": "2024"}}, {"type": "Feature", "geometry": {"type": "MultiLineString", "coordinates": [[[-114.04188851472888, 50.94810275011162], [-114.04089335020137, 50.9481036610616], [-114.03955398474262, 50.94810412233596], [-114.036335215757, 50.948105233689134], [-114.03479890688966, 50.94810576986054], [-114.03426309828566, 50.94811362900962], [-114.03369212624244, 50.94812968653188], [-114.03323675358219, 50.9481849555545], [-114.03284279516998, 50.948229653223095], [-114.03242591792974, 50.9482820728429], [-114.0321729461256, 50.94832146364941], [-114.03187211264085, 50.948370419627565], [-114.03164147747827, 50.94841249565443], [-114.03132775664879, 50.94847431464585], [-114.03101772587844, 50.9485436725271], [-114.03073839326775, 50.94861234007618], [-114.03043614291228, 50.94869130274967], [-114.03017785062418, 50.94876398015053], [-114.02982976877996, 50.948868675834035], [-114.02951177285719, 50.9489750763513], [-114.02921881302359, 50.949082027112695], [-114.02886358222463, 50.94921844609025], [-114.02855276245877, 50.9493497082265], [-114.02826123630857, 50.94948154830882], [-114.0280334994727, 50.94959392635649], [-114.02777568601572, 50.94972774568594], [-114.027531174394, 50.94987058624891], [-114.02732206584534, 50.94999496179657], [-114.02716452297226, 50.9500970318817], [-114.02697867830193, 50.95022616783065], [-114.02678533625881, 50.950366829326796], [-114.02653798370852, 50.95056290650923], [-114.02638332241767, 50.95069841362865], [-114.0262329597265, 50.9508390653811], [-114.02604725298552, 50.95102627711071], [-114.02588401548357, 50.95120551493371], [-114.0257651764376, 50.95135387509312], [-114.02565514799909, 50.95150275100973], [-114.02556065820755, 50.95163995905353], [-114.02548336126458, 50.95177630563339], [-114.02532700481115, 50.95206869313489], [-114.02523216421878, 50.952313677006615], [-114.02518487387528, 50.952678632126286], [-114.0251774102928, 50.953513507246406]]]}, "properties": {"section_name": "ANDERSON8", "volume": 49000.0, "year": "2024"}}, {"type": "Feature", "geometry": {"type": "MultiLineString", "coordinates": [[[-113.98407310993302, 50.99875944157705], [-113.98417687080818, 50.998866747189815], [-113.98432493409581, 50.999026888141806], [-113.9844947342669, 50.99919210473449], [-113.98472113641967, 50.99940501490257], [-113.98494460732105, 50.99960883825258], [-113.98506859491904, 50.99971784833078], [-113.98520309521545, 50.99983782446934], [-113.98597070686294, 51.000435252853286], [-113.98664194851997, 51.000948659061756], [-113.98736971220244, 51.00135955050811], [-113.98776223225092, 51.00156886223833], [-113.98815143382825, 51.0017761981458], [-113.98842666714265, 51.00191537164584], [-113.98882698062462, 51.00211054768743], [-113.98923500845282, 51.002292644702656], [-113.9896007655453, 51.00246053624697], [-113.99010078145831, 51.002675482606165], [-113.99097966922038, 51.003052977839275], [-113.9918916548017, 51.003448026710444], [-113.99263000586006, 51.00377129027054], [-113.99401459907315, 51.00437699397526], [-113.9944636495888, 51.004558292641484], [-113.99539636152709, 51.004954241882196], [-113.99645136226263, 51.005419389063924], [-113.9973420093729, 51.005812405140354], [-113.99808884425694, 51.00613072224267], [-113.99949377106562, 51.00673178979386], [-113.99970623974328, 51.00682621300098], [-113.99993006004674, 51.00693009668417], [-114.00016466938933, 51.00705441641474], [-114.00041276120432, 51.00719406142064], [-114.00063658536892, 51.00733541049554], [-114.00083883757385, 51.00747505572976], [-114.00100023956212, 51.007601803315], [-114.0011161997147, 51.0077142043111], [-114.00125373369413, 51.00787258683784], [-114.00136969496346, 51.00802756232293], [-114.00143204113357, 51.0081032349288], [-114.00151532882023, 51.00823407577124], [-114.00157067143583, 51.00833829366926], [-114.00162017547488, 51.00846028083756], [-114.00167264281335, 51.00863747243581]]]}, "properties": {"section_name": "BARLOW11A", "volume": 29000.0, "year": "2024"}}, {"type": "Feature", "geometry": {"type": "MultiLineString", "coordinates": [[[-113.98166087549473, 50.9895622617928], [-113.98165599261085, 50.990213059122105], [-113.9816559384568, 50.99035044330079], [-113.98166210391852, 50.99120541897976], [-113.98166797447081, 50.99263238310066], [-113.98167909270146, 50.99298624098349], [-113.98172874670378, 50.99373093786724], [-113.98173939137912, 50.99409910109035], [-113.98173845466114, 50.99415199249949], [-113.98175831468228, 50.99426234014189], [-113.98181610449888, 50.99455010940454], [-113.98188654470943, 50.9948822354113], [-113.98196243960696, 50.99515053544821], [-113.98207788331602, 50.99549394865705], [-113.98224766652696, 50.99597375258995], [-113.98247532781477, 50.99646247383149], [-113.98273891724601, 50.99695312911409], [-113.98306768925983, 50.99748020643511], [-113.98319078566682, 50.997658209784476], [-113.98353245277298, 50.998115198571554], [-113.98367534847807, 50.99829588044459], [-113.98393040100169, 50.99859449418658], [-113.98407310993302, 50.99875944157705]]]}, "properties": {"section_name": "BARLOW11B", "volume": 22000.0, "year": "2024"}}, {"type": "Feature", "geometry": {"type": "MultiLineString", "coordinates": [[[-113.9816505665217, 50.97948818891518], [-113.98165012613403, 50.97962276216579], [-113.98164966697362, 50.98066842441571], [-113.98164814799058, 50.9841241749012], [-113.98164502096326, 50.98504382284228], [-113.98164462462114, 50.985160421714404], [-113.98164197440242, 50.985939684474815], [-113.98165190755444, 50.98719608393813], [-113.9816636168337, 50.988692477441], [-113.98166503544336, 50.989090269986114], [-113.98166771117685, 50.98916058068072], [-113.98166577903984, 50.98938653677968], [-113.9816637487627, 50.98946024937853], [-113.98166087549473, 50.9895622617928]]]}, "properties": {"section_name": "BARLOW12", "volume": 27000.0, "year": "2024"}}, {"type": "Feature", "geometry": {"type": "MultiLineString", "coordinates": [[[-113.98184279512613, 50.96348995830662], [-113.98180498730595, 50.9635642302327], [-113.98179933261272, 50.96357943839472], [-113.98179511119001, 50.96359169001528], [-113.98179510471098, 50.96360826821264], [-113.98180229407687, 50.9637095364939], [-113.98181488053883, 50.96385025490956], [-113.98182628088851, 50.96396629867243], [-113.98184007831898, 50.964094079963054], [-113.98184847674871, 50.96417276499926], [-113.98185207960272, 50.964202676613816], [-113.98185508364874, 50.96422393989199], [-113.98186110071036, 50.96423979803651], [-113.9818713308252, 50.964265026064254], [-113.98190350833814, 50.96432383011637], [-113.9819117145187, 50.96449837576207], [-113.98191851380673, 50.96468502332966], [-113.98192810838862, 50.96488826300286], [-113.98193012170121, 50.966289262187736], [-113.98193757151391, 50.968547501767915], [-113.98194617233513, 50.968951311009306], [-113.98196032125249, 50.9696429005465], [-113.98197320831125, 50.97017840446159], [-113.981983413005, 50.97094267975297], [-113.98198318495265, 50.971627826506115], [-113.98195215579493, 50.97940805197048], [-113.98198296863639, 50.97234517750258]]]}, "properties": {"section_name": "BARLOW13", "volume": 23000.0, "year": "2024"}}, {"type": "Feature", "geometry": {"type": "MultiLineString", "coordinates": [[[-113.97897436979002, 50.94309158644436], [-113.97930865828307, 50.94347563042663], [-113.97955215337956, 50.943675505075085], [-113.97986286104998, 50.9439235604413], [-113.98016451790106, 50.944177547658875], [-113.98033199911004, 50.94433550045799], [-113.98050856090936, 50.9445358885988], [-113.98064015832739, 50.94470660059279], [-113.9807487162646, 50.944875225680995], [-113.98083752531146, 50.9450396851069], [-113.98091317265526, 50.94519581587687], [-113.98096906586521, 50.945356107492], [-113.98102458531574, 50.94557554887329], [-113.98109686021945, 50.94593150974785], [-113.98115595192647, 50.94632910148799], [-113.98113181298467, 50.946588613102136], [-113.98116095785856, 50.9468405044906], [-113.98119308269067, 50.94745280258634], [-113.98122326345171, 50.94834299824125], [-113.98122289757559, 50.9488060723949], [-113.98123536222137, 50.9491360641739], [-113.98122097898683, 50.94934346290963], [-113.9812963582479, 50.949893859751036], [-113.98125340517056, 50.95012916566307], [-113.98126053811409, 50.9502918863219], [-113.98125683121658, 50.95037920172689], [-113.98124957832457, 50.95051461061574], [-113.98125150733894, 50.95070412925706], [-113.98124765431754, 50.9513702129814], [-113.98121698994755, 50.95153975444632], [-113.98116245017276, 50.95171822618982], [-113.98120539690976, 50.952311529005364], [-113.98136284633419, 50.95266371104713], [-113.98126621990127, 50.953459267161875], [-113.98126590256987, 50.95422026172492], [-113.98127064273184, 50.95570952648593], [-113.98127343704755, 50.957578652043686], [-113.98127271960013, 50.95781960016372], [-113.98126939984746, 50.95863489066915], [-113.98127476522032, 50.95931721964938], [-113.98127565422367, 50.95947113347581], [-113.98127743830688, 50.95982764033497], [-113.98127737254126, 50.95999128642188], [-113.9812763531271, 50.96010160987168], [-113.98127729752534, 50.960174406346084], [-113.9812869891052, 50.96027574074608], [-113.98129377358596, 50.96034970323998], [-113.98130733825316, 50.960462371776394], [-113.98132383252823, 50.96059631978402], [-113.98134421475415, 50.960740168943516], [-113.98135971287584, 50.960831204568855], [-113.9813801093081, 50.96094360538058], [-113.98138884042154, 50.96101640308454], [-113.98140536090027, 50.96108221330804], [-113.98143063402968, 50.96117073780777], [-113.98145963091434, 50.96128846016647], [-113.98151114001902, 50.96149055144115], [-113.98156943075487, 50.96171899393968], [-113.98161219280108, 50.96188614108237], [-113.98167523519564, 50.96216437730212], [-113.98168553574595, 50.96222266378148], [-113.9816974022516, 50.96231346053794], [-113.98173101299864, 50.96254682190111], [-113.98175178422461, 50.96269874209828], [-113.98178513230778, 50.96292809391192], [-113.98179826337417, 50.963047866959556], [-113.98181703897691, 50.96322589786727], [-113.98185772865313, 50.96348935560951]]]}, "properties": {"section_name": "BARLOW14", "volume": 41000.0, "year": "2024"}}, {"type": "Feature", "geometry": {"type": "MultiLineString", "coordinates": [[[-114.09745728576397, 51.14874202916362], [-114.09726493154062, 51.1485444887345], [-114.09625672942745, 51.147516258998024], [-114.09522792414238, 51.14647046614819], [-114.09427896961608, 51.14550100667521], [-114.09372170192364, 51.144879905046], [-114.09336287826159, 51.14451333349657], [-114.09326280118053, 51.14442304736554], [-114.09311196908557, 51.14427742573925], [-114.09289871256073, 51.144043604582876], [-114.09276672038112, 51.14389958206688], [-114.09272655697598, 51.14385916618711], [-114.09269968098526, 51.1438327419369], [-114.09265052803042, 51.14378277363278], [-114.0925971189311, 51.14373048397103]]]}, "properties": {"section_name": "BEDDING1", "volume": 45000.0, "year": "2024"}}, {"type": "Feature", "geometry": {"type": "MultiLineString", "coordinates": [[[-114.10591595197789, 51.15356267729085], [-114.10605902763302, 51.15360872347113], [-114.1062339945849, 51.153665033573205], [-114.10640896338973, 51.15372134251255], [-114.10658393119284, 51.15377765208963], [-114.10675889941949, 51.153833960505246], [-114.10700835229518, 51.15391425572911], [-114.10725780603407, 51.153994549520455], [-114.10750726064033, 51.15407484367716], [-114.10775671610976, 51.1541551364013], [-114.10795722439853, 51.15422016903777], [-114.10831235547249, 51.15433464561353], [-114.10852334978748, 51.154401909566346], [-114.1087359639084, 51.15447084189386], [-114.10893284156916, 51.15453234872421], [-114.10916310225976, 51.1546007864939], [-114.109362072491, 51.15465208299521], [-114.10955635684715, 51.15469709894054], [-114.10974894116961, 51.15473153633719], [-114.10995278980728, 51.154757529717095], [-114.11015394228716, 51.15477373294594], [-114.11033517734835, 51.15477933164637], [-114.11050723797105, 51.15478183193918], [-114.1107224754858, 51.1547784631829], [-114.11089381438605, 51.154773862731695], [-114.11129942938214, 51.15475572491315], [-114.11172612038943, 51.154740159948986], [-114.11193130873895, 51.15473685699812], [-114.11215943428418, 51.15473837347772], [-114.11236958650468, 51.15474660400624], [-114.11256100345572, 51.15476325833037], [-114.11274722332189, 51.15478882061724], [-114.11298739389701, 51.154830208781085], [-114.1132258775242, 51.154889449565594], [-114.113491321257, 51.15497021619538], [-114.11364447793302, 51.15502731935421], [-114.11380399597866, 51.15509018652603], [-114.11408920571047, 51.155210391366865], [-114.11428968589635, 51.15529851455555], [-114.11452162722846, 51.15540015028312], [-114.11469104937868, 51.15547498873762], [-114.1148493563906, 51.15554576558616], [-114.11505000924045, 51.15563489862429], [-114.11518629930319, 51.15569544406794], [-114.11530772003914, 51.155749026309614], [-114.11545572331934, 51.15581331932808], [-114.11557396789847, 51.15586557307271], [-114.1156799421294, 51.15591215383127], [-114.11580665754555, 51.15596750485757], [-114.1159772533345, 51.15604240500636], [-114.11610644400265, 51.1561006380042], [-114.11636806372405, 51.15621694393054], [-114.1165399939275, 51.15629252693346]]]}, "properties": {"section_name": "BEDDING1A", "volume": 40000.0, "year": "2024"}}, {"type": "Feature", "geometry": {"type": "MultiLineString", "coordinates": [[[-114.10591595197789, 51.15356267729085], [-114.10399972544435, 51.152944028317854], [-114.10334722647185, 51.152732980473786], [-114.10264173447162, 51.152473462384975], [-114.10207485615165, 51.15223830225097], [-114.10152414977027, 51.151975146189045], [-114.10089873669206, 51.15164362607306], [-114.10021967570644, 51.15122798730818], [-114.09977289158307, 51.15091904348217], [-114.09926402874781, 51.15051855498072], [-114.09875914655679, 51.15006706842623], [-114.09850338696259, 51.149810203862906], [-114.09783519763221, 51.149127847386815], [-114.09745728576397, 51.14874202916362]]]}, "properties": {"section_name": "BEDDING1B", "volume": 42000.0, "year": "2024"}}, {"type": "Feature", "geometry": {"type": "MultiLineString", "coordinates": [[[-114.0925971189311, 51.14373048397103], [-114.0925429107402, 51.14367588009918], [-114.0922353045524, 51.14337882408182], [-114.09187081216686, 51.1430554041357], [-114.09135681384763, 51.142636093843855], [-114.09100042720475, 51.14234876608865], [-114.09078682346086, 51.14219824596412], [-114.0906199166807, 51.14208695218782], [-114.09026514162369, 51.14185279970954], [-114.09000680473147, 51.14169197373973], [-114.08978312305244, 51.141562370196844], [-114.08952139468018, 51.1414166419626], [-114.08934690105416, 51.14131928961697], [-114.08908176392477, 51.14118003280264], [-114.08882806143517, 51.14104939310814], [-114.08858314177826, 51.140928483729674], [-114.08827003653754, 51.140777759209534], [-114.08793228099782, 51.14062231397082], [-114.08767062231296, 51.14050749221777], [-114.08726907447077, 51.14033704518538], [-114.08693088292988, 51.140198557126226], [-114.0864424876613, 51.140003715589565], [-114.08580445320747, 51.139753667144326], [-114.0855016964346, 51.139633839194275], [-114.08501561978109, 51.13944614300451], [-114.08455129330802, 51.13926633721019], [-114.08415178233801, 51.13911226599381], [-114.08358327550177, 51.13889292222628], [-114.0830688995611, 51.13869243517223], [-114.08237127106484, 51.138423713711695], [-114.08197259881995, 51.13828237808576], [-114.08163227152757, 51.13816232639731]]]}, "properties": {"section_name": "BEDDING2", "volume": 47000.0, "year": "2024"}}, {"type": "Feature", "geometry": {"type": "MultiLineString", "coordinates": [[[-114.07099299563659, 51.13399637794063], [-114.07056715066837, 51.13383273193055], [-114.0702283738774, 51.13370755793448], [-114.06947275923571, 51.13343904405726], [-114.06914484443763, 51.133328359784684], [-114.06853989225603, 51.13312689130695], [-114.06806747863368, 51.13297296502959], [-114.06766299557941, 51.13283609577658], [-114.06748535318263, 51.1327763240924], [-114.0669589523845, 51.13260384656398], [-114.06624836523551, 51.132367495757336], [-114.06548190416518, 51.13211310911966], [-114.06463585661423, 51.13183243991235], [-114.06407406920049, 51.13164790218696], [-114.06326456182038, 51.13138434258849], [-114.06296243210733, 51.13129153877703], [-114.0627233459376, 51.13122289949626], [-114.06252013081999, 51.13116756943709], [-114.06224105620416, 51.13109692608049], [-114.06186785748694, 51.13100525576623], [-114.06161995269359, 51.130949947772784], [-114.06137611627524, 51.13089804777311], [-114.06109369048883, 51.13084370427811], [-114.06075504173837, 51.13077991248285], [-114.06015843597358, 51.13066869139285], [-114.05973580972085, 51.13059214580957], [-114.0594668776474, 51.13053787869033], [-114.05918376460865, 51.13048002498553], [-114.0589155428124, 51.13041704441543], [-114.05874956088141, 51.130375509650236], [-114.05851384634745, 51.13031507026496], [-114.058213714962, 51.13022926236493], [-114.05790753793232, 51.130133888154795], [-114.05760723445152, 51.13003192716326], [-114.05732271504287, 51.12992886452836], [-114.05685738760619, 51.12973769674366], [-114.05659857747912, 51.12961329740255], [-114.0562208526306, 51.129435417129386], [-114.05557925519399, 51.12911371080822], [-114.05497146790901, 51.128810733782245], [-114.05445588354716, 51.12854702762174], [-114.05415899903288, 51.12839698155257], [-114.05387089100795, 51.12823825301847], [-114.05358497584407, 51.12808144923829], [-114.05319845201385, 51.12786511465017], [-114.05308280643618, 51.127800213701974]]]}, "properties": {"section_name": "BEDDING4", "volume": 60000.0, "year": "2024"}}, {"type": "Feature", "geometry": {"type": "MultiLineString", "coordinates": [[[-114.05308280643618, 51.127800213701974], [-114.0523762135966, 51.127396782115035], [-114.05181865720725, 51.1270485205273], [-114.05144727708073, 51.126820154300724], [-114.05110273292536, 51.126607938477186], [-114.0509372807963, 51.12650586804042], [-114.05084456162547, 51.12645114459726], [-114.05076854701588, 51.126408151560426], [-114.05066630559767, 51.12635103278203], [-114.0505697816572, 51.126297909120154], [-114.05043088507055, 51.12622378415653], [-114.05029562910175, 51.1261550871846], [-114.05013729625114, 51.126074310726025], [-114.04994426319041, 51.12598205386403], [-114.04975146861347, 51.1258943201515], [-114.04957685971664, 51.12581804375879], [-114.0492346007061, 51.12568296126041], [-114.04910382361834, 51.12563300704955], [-114.04894487327758, 51.12557527049538], [-114.04872203401302, 51.12549821292218], [-114.04859091548863, 51.12545402870855], [-114.04847664185651, 51.125417299640986], [-114.04836268797445, 51.12538153131852], [-114.04821718112196, 51.12533529041787], [-114.04807166873186, 51.125286187046605], [-114.04790993612752, 51.12523485532291], [-114.04785273544823, 51.12521639700399], [-114.04776059009235, 51.12518428063624], [-114.0476667917406, 51.125150479317725], [-114.04757873817105, 51.12511577392899], [-114.04750927196929, 51.12508579305485], [-114.04743699608038, 51.125051775146424], [-114.04738020299251, 51.12502498216357], [-114.04732137799, 51.12499340121016], [-114.04726375893831, 51.12495780677793], [-114.04720644592167, 51.12491824417985], [-114.04714608886889, 51.124874532277786], [-114.04710772090684, 51.124843115568076], [-114.0470280748321, 51.124770041418095], [-114.04695970575868, 51.124702587484435], [-114.04691099625717, 51.124649293251444], [-114.04688910348983, 51.124624648924176], [-114.04682732741678, 51.124554336268815], [-114.0467755656264, 51.124489870013505], [-114.04670814900692, 51.124400031418666], [-114.04665891930462, 51.12433173362569], [-114.04660621437291, 51.12424801012527], [-114.04655595501828, 51.12416406987576], [-114.04648241152367, 51.12402065010929], [-114.04641036588265, 51.123841922101356], [-114.0463844396937, 51.12376308001071], [-114.04636968949956, 51.12371073036264], [-114.04635650687996, 51.123661720630565], [-114.04632040058064, 51.12348629097715], [-114.04631529177064, 51.12344574985077], [-114.04629895037155, 51.12325901960425], [-114.04629635785453, 51.12320059983727], [-114.04629464745628, 51.12301001263941], [-114.04624899886231, 51.1226935019371], [-114.04620486140146, 51.12247929420249], [-114.04617718200515, 51.122251259313856], [-114.04616050194981, 51.12204049541022], [-114.04618490311978, 51.12135912332871], [-114.04627032405051, 51.120435328321854], [-114.04631286954296, 51.119810414431036], [-114.04629068665706, 51.11921269542082], [-114.04624678514979, 51.11847913740162]]]}, "properties": {"section_name": "BEDDING5", "volume": 47000.0, "year": "2024"}}, {"type": "Feature", "geometry": {"type": "MultiLineString", "coordinates": [[[-114.15171787364767, 51.06600967303115], [-114.15111106289771, 51.065310969897446], [-114.15108843701427, 51.065256214066125], [-114.15105500210433, 51.065163180536906], [-114.15103970468644, 51.06511087750575], [-114.15099922471137, 51.06496250162933], [-114.15096562909928, 51.06483002952765], [-114.15090885261911, 51.06461801043944], [-114.15089356902557, 51.06455844368178], [-114.15087974975555, 51.064510447483876], [-114.15085124119258, 51.06444040230318], [-114.15083010980211, 51.064394877815616], [-114.15080221378159, 51.0643534838325], [-114.15076135909612, 51.06428871443345], [-114.15072111152985, 51.06420833630319], [-114.15070335450373, 51.0641716236483], [-114.15069180273824, 51.064150942431134], [-114.1506728445348, 51.06412302685155], [-114.15065888902079, 51.0641050276627], [-114.1506201926885, 51.06406161587908], [-114.15059842774943, 51.06403923706977], [-114.15056017143783, 51.064005654946534], [-114.15051617158133, 51.06397078748592], [-114.15049611165088, 51.06395590837469], [-114.15045131194321, 51.063927768020044], [-114.15039172386217, 51.063892660771394], [-114.15034785027501, 51.06386719362405], [-114.15027469703173, 51.063823049325855], [-114.15020081618438, 51.06377929876683], [-114.14979660667598, 51.06362106095815], [-114.1496270882098, 51.06355368443374], [-114.14920136654554, 51.06338626932942]]]}, "properties": {"section_name": "BOWNESS6", "volume": 19000.0, "year": "2024"}}, {"type": "Feature", "geometry": {"type": "MultiLineString", "coordinates": [[[-114.25760909990078, 51.14354139202811], [-114.25717578653159, 51.14335815945139], [-114.25711235788788, 51.14333177777816], [-114.25651617801675, 51.14308241716336], [-114.2557935379403, 51.142782437303666], [-114.25554156801849, 51.14267149993965], [-114.25517890495668, 51.14251815960886], [-114.2547629256513, 51.142344830846945], [-114.25446235574756, 51.14221710823535], [-114.25416371373035, 51.142093781969315], [-114.25371308434632, 51.14190712215889], [-114.25319714544788, 51.141694641832466], [-114.25274918325724, 51.141507971628776], [-114.25222121578284, 51.141284615785715], [-114.25157985078592, 51.141015436995886], [-114.25097459235941, 51.14076375997692], [-114.25010618817647, 51.14039266486346], [-114.24953292981495, 51.14015263977546], [-114.24895879625333, 51.13991377698996], [-114.24833755990204, 51.13965374379379], [-114.24782565771365, 51.13944205999887], [-114.24729701265792, 51.13921807742056], [-114.24669977131136, 51.138964686523074], [-114.24601456384835, 51.13867629500901], [-114.2455843914683, 51.13849548943511], [-114.24508315589955, 51.1382837721157], [-114.24463525938465, 51.138097071536926], [-114.24426076349731, 51.13793633347729], [-114.24374089197416, 51.137719623222665], [-114.2431810277415, 51.13748456511678], [-114.24273313047354, 51.13729450591556], [-114.2421508563541, 51.13705086474533], [-114.24184695047487, 51.136925842205464], [-114.24144707699807, 51.136760810104576], [-114.24093255152629, 51.136544075407485], [-114.24040474108335, 51.136329042311345], [-114.2399591065344, 51.136146904739924], [-114.2394526024392, 51.13593517405129], [-114.2389327859289, 51.135720117034765], [-114.23833033307837, 51.1354700443873], [-114.23797256274044, 51.13532107340517], [-114.23741811924884, 51.13509435314713], [-114.23682100222145, 51.13484426187841], [-114.23651520393004, 51.13471792849301], [-114.23605273165911, 51.13451733101428], [-114.23560721537766, 51.13433141623645], [-114.2353545896145, 51.13422633559556], [-114.22656580225923, 51.13053979447238]]]}, "properties": {"section_name": "CRWCHLD1", "volume": 46000.0, "year": "2024"}}, {"type": "Feature", "geometry": {"type": "MultiLineString", "coordinates": [[[-114.1347082037128, 51.08870830627473], [-114.1344612145289, 51.088423048985], [-114.13439606373272, 51.08836011708929], [-114.13430085933732, 51.088273592130456], [-114.13416561786435, 51.088168212259895], [-114.13407045983192, 51.088097438759505], [-114.13396529243049, 51.08802195167897], [-114.13384263273814, 51.08794648362985], [-114.13370245502247, 51.08786158464385], [-114.13354976126435, 51.08776882393468], [-114.13336204061876, 51.08766035217975], [-114.13320437668028, 51.08757704752805], [-114.13299414534742, 51.08746072407322], [-114.13282254079921, 51.08736767647187], [-114.1325697910101, 51.08723722383232], [-114.13232954225919, 51.087108331486284], [-114.13213433371259, 51.08700144031645], [-114.13184404121542, 51.08684740096728], [-114.13152118520648, 51.08666504410067], [-114.13133275816521, 51.086566975412026], [-114.13116007457396, 51.08647108403625], [-114.13094736300494, 51.08635790964689], [-114.13078220702012, 51.08627303511373], [-114.13056698471736, 51.08615513696611], [-114.13032924938682, 51.086027812674075], [-114.13007899548285, 51.08589105098048], [-114.12983623350023, 51.085752704539026], [-114.12957744683841, 51.08560918561285], [-114.1293897471869, 51.08550228151555], [-114.12918203261158, 51.085385947487616], [-114.12898681666285, 51.08527117519033], [-114.12883162852962, 51.0851736851645], [-114.12867394764481, 51.085077772665926], [-114.12846620186303, 51.08494883656527], [-114.12828596872654, 51.08482932075385], [-114.12809413981657, 51.08470155315853], [-114.12799401142084, 51.08463550509597], [-114.12786383522484, 51.084545862246884], [-114.12772114920004, 51.08444993295334], [-114.1275358797147, 51.08431466976743], [-114.12738566585894, 51.08420614654395], [-114.12698815009705, 51.083905129951425], [-114.12681786824334, 51.083766699353696], [-114.1266050076861, 51.08359051033012], [-114.12642468587435, 51.083434762421], [-114.12622182903634, 51.083260137763425], [-114.12564115315296, 51.082779545747194]]]}, "properties": {"section_name": "CRWCHLD10", "volume": 62000.0, "year": "2024"}}, {"type": "Feature", "geometry": {"type": "MultiLineString", "coordinates": [[[-114.12563090314863, 51.08279075250784], [-114.12560007602677, 51.08276797342088], [-114.125480700163, 51.08265903163074], [-114.12535680516605, 51.082540178047495], [-114.12524894751114, 51.082435230366244], [-114.12520163510781, 51.0823871197349], [-114.12512954418524, 51.082314955851494], [-114.12499212138066, 51.08217770189358], [-114.12488622080514, 51.08206591153206], [-114.12479159140977, 51.08196685730751], [-114.12468118517198, 51.08184940626942], [-114.12460230434432, 51.08175883393584], [-114.12450315533297, 51.08164986867241], [-114.12439498558267, 51.08152816555445], [-114.12427778765961, 51.08139089011777], [-114.12420889061399, 51.081310084974845], [-114.12414127529783, 51.08123083364411], [-114.12406238049073, 51.08113317888141], [-114.12397671753926, 51.081025615622806], [-114.12387978389158, 51.08090390010048], [-114.12378508955537, 51.080779349475755], [-114.12369715132833, 51.0806604569213], [-114.12361144245725, 51.080534479869826], [-114.12354742162027, 51.0804424284717], [-114.12350323354825, 51.080387634502316], [-114.1234144217868, 51.08028960410756], [-114.12329596512637, 51.080142543718814], [-114.12318560323084, 51.08001239236179], [-114.12304560774717, 51.07983828467217], [-114.12289827855184, 51.07964721109851], [-114.12282021189024, 51.07955255356078], [-114.12268828299942, 51.07938351253131], [-114.12254020211437, 51.0791941877749], [-114.12235983913786, 51.07897275310135], [-114.12218217278046, 51.07875639000054], [-114.12216773796929, 51.07873323866797], [-114.12203144274334, 51.078578909461406], [-114.12189810558675, 51.07841108349043], [-114.12182542668313, 51.078323186188136], [-114.12167464760336, 51.07812540471982], [-114.12155617697601, 51.07796988413664], [-114.12138927780097, 51.07776365975421], [-114.12126543442591, 51.07760475982902], [-114.1211335064913, 51.07743233507135], [-114.12101569272599, 51.07728325615123], [-114.12091069213237, 51.077146329601206], [-114.12077341730313, 51.07698067739103], [-114.12066036374183, 51.07684206706933], [-114.12053391875608, 51.076713622497216], [-114.1204209353958, 51.07660208071506], [-114.12030796574099, 51.07649561438556], [-114.12019499660725, 51.07638914884356], [-114.12006586695131, 51.076259013757905], [-114.11994309968942, 51.076145429207976], [-114.119805925963, 51.07601699394238], [-114.11961494751091, 51.07583278491118], [-114.1194589279557, 51.07567899241823], [-114.1193055892828, 51.07552350511795], [-114.11914140620857, 51.07532404211299], [-114.11899063680615, 51.07512287515728], [-114.1188857345555, 51.07495659620148], [-114.11885563885157, 51.074909633196505], [-114.11881420368717, 51.07485182306137], [-114.11875202593045, 51.074754981867976], [-114.1186944495485, 51.07466392263227], [-114.11863457511366, 51.07457141835868], [-114.11858619823825, 51.0744890274798], [-114.1185469978034, 51.07440807371618], [-114.11851423150073, 51.0743331769626], [-114.11850227918957, 51.07430524732027], [-114.1184873361474, 51.07426006859107], [-114.11847980826664, 51.07423188904313], [-114.1184608103527, 51.07418300437373], [-114.11844491721845, 51.07414293004885], [-114.11842492765308, 51.07407112985558], [-114.11839004081358, 51.07398373144878], [-114.11836506912972, 51.073901007520185], [-114.11834091267205, 51.0738133833777]]]}, "properties": {"section_name": "CRWCHLD11", "volume": 74000.0, "year": "2024"}}, {"type": "Feature", "geometry": {"type": "MultiLineString", "coordinates": [[[-114.11834091267205, 51.0738133833777], [-114.11827871566858, 51.07364032552648], [-114.1182222480062, 51.07345986422537], [-114.11815950294644, 51.07325782498382], [-114.11811866254537, 51.073104818529444], [-114.11807778389372, 51.072936114292894], [-114.1180581649541, 51.07277400678209], [-114.1180374296916, 51.072549397745426], [-114.11803925526584, 51.07225008583024], [-114.11802571068851, 51.07200423675038], [-114.11800368385316, 51.071769236894504], [-114.11800282546761, 51.07143169806903], [-114.11800308831903, 51.071016048418805], [-114.11803238746157, 51.070645167782445], [-114.1180304104121, 51.06983254876248], [-114.11801307174433, 51.069391084868364], [-114.11802173900178, 51.06906542606475], [-114.1180345808596, 51.06880143326717], [-114.11805988292807, 51.06857844338007], [-114.11808050522758, 51.06839091448359], [-114.11805620555073, 51.068263032667836], [-114.11803273203392, 51.06807453335603], [-114.11804024625053, 51.067669282622305], [-114.11805920759565, 51.067214270388575], [-114.1180575454467, 51.066555818590935], [-114.11807886868023, 51.066334027362984], [-114.11805480384304, 51.06610565475884], [-114.11805426849081, 51.06532980873489], [-114.11803121561104, 51.06513108491139], [-114.11802787986267, 51.06494981625947], [-114.11802624343449, 51.06430630057696], [-114.11802415344262, 51.063410890967695], [-114.11803278987233, 51.063277199892184]]]}, "properties": {"section_name": "CRWCHLD11A", "volume": 65000.0, "year": "2024"}}, {"type": "Feature", "geometry": {"type": "MultiLineString", "coordinates": [[[-114.11803278987233, 51.063277199892184], [-114.11803991879681, 51.062828990090495], [-114.11804716783374, 51.062714707385766], [-114.11805891843439, 51.06217944101558], [-114.11806358397929, 51.06211347969948], [-114.11806330904466, 51.06125716866997], [-114.118081431088, 51.06049684277085], [-114.11809402564961, 51.060184338637825], [-114.11811331152028, 51.05986159743148], [-114.11812834810468, 51.05963214046824], [-114.11813465230092, 51.059478703949644], [-114.11815230089671, 51.05939845201313], [-114.1181947736422, 51.059310940052455], [-114.11820518472875, 51.05911221907448], [-114.1182179702363, 51.058875726298254], [-114.11822403027784, 51.05862657200613], [-114.11821207260422, 51.058311971016], [-114.1182001620788, 51.05801638321038], [-114.11818713058922, 51.05751070413625], [-114.1181766915101, 51.05725226121237], [-114.11817234432587, 51.057172931348354], [-114.11815927560284, 51.05692535154496], [-114.11816556092474, 51.05682912823679], [-114.11817426897169, 51.056743255037155], [-114.11816956562954, 51.05664894955397], [-114.11815791159732, 51.0564533028033], [-114.11813094144094, 51.05637731839328], [-114.11812402521967, 51.056290053189876], [-114.11811239653736, 51.05610425912958], [-114.11808669470592, 51.05565587877361], [-114.11807926261498, 51.055363455173264], [-114.11807997705205, 51.05476719232485], [-114.11807843103193, 51.05413459793756], [-114.11807762482766, 51.05357808366221], [-114.11807905444489, 51.053356146620786], [-114.11807696181594, 51.05294493628445], [-114.1180740291783, 51.05265265363576], [-114.1180689161468, 51.05249514173999], [-114.11807053319617, 51.052155074081746], [-114.11807111852936, 51.05180022743711], [-114.11806916229172, 51.05160470466533], [-114.11806209481213, 51.05145761650524], [-114.11804274217545, 51.05130461112466], [-114.11802348201627, 51.05118850128134], [-114.11800311341776, 51.05107450513751], [-114.11796478759088, 51.050913039776354], [-114.11793775305887, 51.05081031087599], [-114.11789839685493, 51.050687183219885], [-114.11786490354177, 51.05059697181781], [-114.11782678446524, 51.05052170240009], [-114.11774783888885, 51.05040684738242], [-114.11767854964, 51.05031576131826], [-114.1175643013985, 51.05019757325884], [-114.1174732065618, 51.050108483144825], [-114.11733733420421, 51.04999395743106], [-114.11718559125065, 51.04987762704986], [-114.11678565260888, 51.049579119740095], [-114.1166584674281, 51.049476415031755], [-114.11652693287517, 51.04936461331723], [-114.11642745912985, 51.0492706762756], [-114.11633635917302, 51.04917794442717], [-114.11626114050563, 51.049091567732454], [-114.11618588568926, 51.048990630357885], [-114.11609903191744, 51.04886513372364], [-114.1160299099748, 51.048748603758035], [-114.11595748457408, 51.04862491311018], [-114.11589925949968, 51.04852787097818], [-114.11582583486447, 51.048401249683764], [-114.1157523999623, 51.04827034833966], [-114.11566084896627, 51.04811371918246]]]}, "properties": {"section_name": "CRWCHLD12", "volume": 77000.0, "year": "2024"}}, {"type": "Feature", "geometry": {"type": "MultiLineString", "coordinates": [[[-114.11566084896627, 51.04811371918246], [-114.115624331165, 51.048050390290285], [-114.11558742775053, 51.0479873737111], [-114.11554404104746, 51.04791344190354], [-114.1155085416128, 51.04785403508546], [-114.11548097865445, 51.0478054530421], [-114.11544928817085, 51.04774987116856], [-114.11541050689695, 51.04767935715057], [-114.11537640267755, 51.047618837781506], [-114.1153544391395, 51.04757775031279], [-114.11530919976803, 51.04749715525384], [-114.11525780446917, 51.047404154122965], [-114.11519259000531, 51.047288708437726], [-114.11508049944145, 51.047085503456984], [-114.11497291811648, 51.04689738229511], [-114.11474779336628, 51.046510575712425], [-114.11454642634398, 51.046159345638785], [-114.11441557969297, 51.04590872582448], [-114.11427516296125, 51.04565654290583], [-114.1141022695096, 51.045365798582], [-114.11394092473606, 51.045110928858726], [-114.11368567402424, 51.04472331613341], [-114.11338086242905, 51.044274991976415], [-114.11321448318355, 51.04403719220703], [-114.11288376483853, 51.04358216567325], [-114.11270899626805, 51.043335220806874], [-114.11267826461484, 51.04329722204502], [-114.11255448841327, 51.043123375474785], [-114.1124746570592, 51.043007847875394], [-114.11237064870198, 51.042854230566874], [-114.1122939073834, 51.042711732446755], [-114.1122429992984, 51.04258374048255]]]}, "properties": {"section_name": "CRWCHLD13", "volume": 100000.0, "year": "2024"}}, {"type": "Feature", "geometry": {"type": "MultiLineString", "coordinates": [[[-114.1122429992984, 51.04258374048255], [-114.11223016168636, 51.04256511977638], [-114.11218118254928, 51.04241910060178], [-114.11213525222533, 51.04224580270649], [-114.11210237134634, 51.04209198023237], [-114.11208413106854, 51.041923330410526], [-114.11207889044286, 51.041772559498646], [-114.11208499934607, 51.04160946804595], [-114.11210231400129, 51.04138752977903], [-114.11214867818998, 51.041162707588946], [-114.11222433664993, 51.04093319157054], [-114.11230829968858, 51.040703355570024], [-114.11247603296958, 51.04024223260084], [-114.11272280133049, 51.03957196765483], [-114.11302923090881, 51.0387326488898], [-114.11321146492888, 51.03822458240356], [-114.1133503169927, 51.03789032589169], [-114.11345682319077, 51.037643627480854], [-114.11353446432693, 51.037491749404], [-114.11361542107218, 51.037366536136076], [-114.11369476448623, 51.03724645303014], [-114.113814259725, 51.037103442873686], [-114.11396015854817, 51.03695149800755], [-114.11411909370757, 51.03681389955256], [-114.11441886274888, 51.03661197537602], [-114.11457302679338, 51.0365174607444], [-114.11475643584632, 51.03641984000435], [-114.1151988929778, 51.03623424553766], [-114.11548791642097, 51.03612831364954], [-114.11573636793042, 51.03604601213203], [-114.11606801050026, 51.03594304546154], [-114.11629390613143, 51.03586900875546], [-114.11652683768142, 51.035791708508874], [-114.1167597487517, 51.035705999703175], [-114.1169992623264, 51.035597865181025], [-114.11724761208504, 51.03547290597156], [-114.11746484680111, 51.03533536578614], [-114.11763327178302, 51.035211887556656], [-114.1177617423688, 51.035092652955406], [-114.11788046816527, 51.03497267469843], [-114.11801108261942, 51.03482401149907], [-114.11811598516384, 51.034670687780434]]]}, "properties": {"section_name": "CRWCHLD14", "volume": 88000.0, "year": "2024"}}, {"type": "Feature", "geometry": {"type": "MultiLineString", "coordinates": [[[-114.11811598516384, 51.034670687780434], [-114.11819635086422, 51.03453849492288], [-114.1182603795147, 51.03439830597259], [-114.11830225470722, 51.03427775685026], [-114.11833523236058, 51.034150210106], [-114.11836151098211, 51.034007257201736], [-114.11836981026349, 51.03378678677109], [-114.11836897853644, 51.03346029861882], [-114.1183594338725, 51.033199677318166], [-114.11834231342962, 51.03252828218875], [-114.11832457871346, 51.031645124882935], [-114.11831241604376, 51.03123398883523], [-114.11830079514897, 51.031029419776004], [-114.11828021919004, 51.03079543269647], [-114.1182553676371, 51.0305708343398], [-114.11822384554259, 51.0303971121691], [-114.1181812359673, 51.03022760480905], [-114.11810956936898, 51.02998105848689], [-114.11800665301496, 51.029616104476645], [-114.11796184797142, 51.02944429515559], [-114.11793929306202, 51.02930419361998], [-114.1179233758491, 51.029155678154495], [-114.11791831204816, 51.028897186273895], [-114.11791721698579, 51.02846560509497], [-114.11791059631007, 51.02759679974189], [-114.11790650911817, 51.02684939667767], [-114.11790603737415, 51.02656398560326], [-114.117904992167, 51.026421697553], [-114.11790938979328, 51.02618512024497], [-114.11791363533253, 51.0258886119059], [-114.11791790483012, 51.02560156705466], [-114.11792715452123, 51.02530820814508], [-114.11793641210059, 51.025018002822385], [-114.11794088948832, 51.02481296957182], [-114.11795508844659, 51.02450067946586], [-114.11797423673788, 51.02416945908368], [-114.11798329671274, 51.02397007484095], [-114.11798775778342, 51.02375873164882], [-114.11800742606937, 51.0236325403736], [-114.11800688152171, 51.023418048611745], [-114.11801630642624, 51.02319408324313], [-114.11802064572403, 51.02293542698132], [-114.11802493834399, 51.02265784369081], [-114.11802423355711, 51.02238026633318], [-114.11802342466754, 51.022061683121244], [-114.11802285604902, 51.021837727792395], [-114.1180422755844, 51.021640314347565], [-114.11804706459948, 51.021558297610746], [-114.11804696449894, 51.021505970041794]]]}, "properties": {"section_name": "CRWCHLD15", "volume": 90000.0, "year": "2024"}}, {"type": "Feature", "geometry": {"type": "MultiLineString", "coordinates": [[[-114.11804696449894, 51.021505970041794], [-114.11804655262306, 51.02110635436073], [-114.11804074547605, 51.02070937810603], [-114.1180440847763, 51.0201395596674], [-114.11804567101659, 51.01951085092131], [-114.11804874007211, 51.01883802148053], [-114.1180480548188, 51.01846768200215], [-114.11804692542637, 51.01812785875087], [-114.11804775338116, 51.01769504592789], [-114.1180374831151, 51.01728636386211], [-114.11804009799172, 51.01705605115725], [-114.11806138335889, 51.01661763223695], [-114.11810776075922, 51.016025156109315], [-114.11814138757437, 51.01540692088625], [-114.11815299834225, 51.01498403965745], [-114.11815158657842, 51.014428467972394], [-114.11812760042466, 51.01379749656072], [-114.1181142162285, 51.0125314407935]]]}, "properties": {"section_name": "CRWCHLD16", "volume": 84000.0, "year": "2024"}}, {"type": "Feature", "geometry": {"type": "MultiLineString", "coordinates": [[[-114.1181142162285, 51.0125314407935], [-114.11811439307614, 51.0111575097575], [-114.1181152734954, 51.01027208291164], [-114.11809518800302, 51.00994155760382], [-114.11809146932394, 51.009737514682364], [-114.1180718325389, 51.00952406923507], [-114.11805910085842, 51.00933848695265], [-114.11805508123538, 51.009015247759805], [-114.1180674292111, 51.00875674279138], [-114.11807487531749, 51.008666092086244], [-114.11811842584902, 51.00809870221896], [-114.118115134153, 51.00723013319231], [-114.11811444388431, 51.00605611149127], [-114.11811583245613, 51.00488934941103], [-114.11808899289512, 51.004691870660295], [-114.1180619230687, 51.004403582570646], [-114.1180460188834, 51.00419013405135], [-114.118031939506, 51.00377658600899], [-114.11803322270711, 51.00341757612557], [-114.11804652229523, 51.003019172456916], [-114.11805283373806, 51.002670402224716], [-114.11806322682467, 51.00244167946765], [-114.11808017336509, 51.002200474928564], [-114.11810146776882, 51.0019423148094], [-114.11810972267108, 51.001735772924945], [-114.11811575030711, 51.00151675723435], [-114.11812176880258, 51.00135532213896], [-114.11811640582795, 51.00095738128263], [-114.11810826692819, 51.00073649472134], [-114.1181137593054, 51.000638337577755], [-114.11809346280133, 51.00040259415446], [-114.11806447998116, 51.000012415526726]]]}, "properties": {"section_name": "CRWCHLD17", "volume": 93000.0, "year": "2024"}}, {"type": "Feature", "geometry": {"type": "MultiLineString", "coordinates": [[[-114.22656580225923, 51.13053979447238], [-114.22641148540617, 51.13047504176025], [-114.22567126624033, 51.130162460631674], [-114.22517079879843, 51.12995091252183], [-114.22472132593407, 51.12976063440951], [-114.22432721256033, 51.12959312696935], [-114.22310431781337, 51.12907712937688], [-114.22256988367518, 51.12885138815884], [-114.22159510674079, 51.12844105170651], [-114.22099460742915, 51.128190496625365], [-114.21953823025633, 51.127587284407525], [-114.21898117109505, 51.12735207169118], [-114.21805706247643, 51.12696382954744], [-114.21745282170195, 51.12671088905947], [-114.2168701879972, 51.126469001266], [-114.21572101597806, 51.12598124531669], [-114.21491608644678, 51.125645054629395], [-114.21418159933155, 51.12533772363106], [-114.2134838100982, 51.12504815733568], [-114.21285719279194, 51.1248042082371], [-114.2124195762887, 51.124633007261735], [-114.21155411133957, 51.12430252543419], [-114.21042594801357, 51.123873849938434], [-114.20978146484559, 51.12362762322252], [-114.20929818124814, 51.12343378466443], [-114.20877901826888, 51.12322219971759], [-114.208018854483, 51.1229080553442], [-114.20765498548379, 51.12275692746814], [-114.20655132012209, 51.122291515828], [-114.205893069374, 51.12201763986964], [-114.20432579460146, 51.12136609039267], [-114.2035184616676, 51.121027045699755], [-114.2032476182103, 51.12091423214149], [-114.20307230827392, 51.12083540729422], [-114.20277121428812, 51.12071723699508], [-114.20257797341553, 51.1206412697316], [-114.20236670335034, 51.12054555077315], [-114.20227153343367, 51.12051772711175]]]}, "properties": {"section_name": "CRWCHLD3", "volume": 57000.0, "year": "2024"}}, {"type": "Feature", "geometry": {"type": "MultiLineString", "coordinates": [[[-114.20227153343367, 51.12051772711175], [-114.20213965715979, 51.12045792689267], [-114.20189929094184, 51.12035136374535], [-114.20162963056326, 51.1202387889069], [-114.20127459964667, 51.12009527427244], [-114.20101388933651, 51.119977030827464], [-114.20084760733774, 51.11990949337453], [-114.20070379502599, 51.119850394343786], [-114.20060939137846, 51.1198053411876], [-114.20053748008645, 51.119774378386744], [-114.20039892723523, 51.11970192935224], [-114.2002010318708, 51.119616938743334], [-114.19997873269956, 51.119524129899624], [-114.19963575772906, 51.119380939358614], [-114.19934518990422, 51.119264973476476], [-114.199190650769, 51.11920266718414], [-114.19886253108984, 51.11907276180902], [-114.19861060494013, 51.11896935072114], [-114.19825070547915, 51.11881952803052], [-114.19794164490587, 51.11869757324302], [-114.19757539659535, 51.118545096487146], [-114.19723642470632, 51.11840034231849], [-114.1971411585678, 51.1183605647228], [-114.19691675197883, 51.118266422234036], [-114.19669657411036, 51.11817227220117], [-114.19642983787335, 51.11806222449269], [-114.19609746255665, 51.117921667576546], [-114.19571852070953, 51.117762548555675], [-114.19529089235552, 51.11758354095023], [-114.19497742978982, 51.11744929503914], [-114.19472551695705, 51.117344543277596], [-114.19438893682968, 51.11720665032562], [-114.19402059397407, 51.11705283273053], [-114.19366708659379, 51.11690830895657], [-114.19323736717932, 51.11673062775338], [-114.19279658700978, 51.11655004606748], [-114.19256584974413, 51.11645324291813], [-114.19222928536385, 51.11631534281175], [-114.19200490007783, 51.11622119084086], [-114.1917276104167, 51.11610848787956], [-114.19142914860474, 51.115985168001345], [-114.19108412076501, 51.11584328525065], [-114.190895433173, 51.11576188483631], [-114.19075149556828, 51.115702212790794], [-114.19055464168567, 51.115621325868126], [-114.19035777207893, 51.115536444544546], [-114.19013550814427, 51.11544228552527], [-114.18985609754267, 51.11532558747033], [-114.18951319319466, 51.115183696626616], [-114.18917241959213, 51.11504579632196], [-114.18896433233816, 51.11495925242803], [-114.18866799617513, 51.11483592295085], [-114.18839071208333, 51.11472054932072], [-114.1881642393782, 51.11462905515718], [-114.1878636814055, 51.11450573043025], [-114.1875948641474, 51.11439300403662], [-114.18728794255537, 51.11426303120968], [-114.18710300999906, 51.11418764979406], [-114.18688332856979, 51.11410483975092], [-114.18646419077433, 51.11391779983261], [-114.18605780771013, 51.11374937542922], [-114.18500928611536, 51.113304297190524], [-114.18438912868045, 51.11304301661437], [-114.18379368935112, 51.112793179055615], [-114.18353124056148, 51.112683092423794], [-114.18325397541943, 51.11256637159417], [-114.18294497637504, 51.11243905063061], [-114.18262114967654, 51.11230243154877], [-114.18237139968564, 51.11219631657183], [-114.18218938070338, 51.11211938469676], [-114.18199662116199, 51.11203695770675], [-114.18185058249341, 51.11197461342105], [-114.18170454801046, 51.111913600311496], [-114.18151404169487, 51.111827361011855], [-114.18134047860917, 51.11175041468645], [-114.18116055965389, 51.111669483852744], [-114.18097429296492, 51.11158589983427], [-114.18074991563837, 51.11148240574585], [-114.18057637962313, 51.11141211417027], [-114.18032875127321, 51.111305991543375], [-114.1801297895928, 51.11121710118864], [-114.17991812933884, 51.111122903671315], [-114.17977087913427, 51.111056019776534], [-114.17970975684413, 51.111046226919036], [-114.17966116600638, 51.11103712316082], [-114.179583389238, 51.11101480628646], [-114.17951533686659, 51.11099553450591], [-114.17944565719446, 51.1109742254336], [-114.17936299891869, 51.110944778129166], [-114.179296556877, 51.11092346400189], [-114.17920416410222, 51.11088791226223], [-114.17910205257878, 51.11085033648471], [-114.17901777528938, 51.11082089141554], [-114.17893998093051, 51.110793475215836], [-114.17884454170397, 51.11075844116168], [-114.1788077607923, 51.11072468107908], [-114.17877368043173, 51.11070127831557], [-114.17873150214024, 51.11067584817008], [-114.17868447628035, 51.11065246606499], [-114.17862286293258, 51.11062400550234], [-114.17854504949402, 51.110591491043344], [-114.17848992944748, 51.110568120319066], [-114.17843720335655, 51.11054597210272]]]}, "properties": {"section_name": "CRWCHLD5", "volume": 62000.0, "year": "2024"}}, {"type": "Feature", "geometry": {"type": "MultiLineString", "coordinates": [[[-114.17843720335655, 51.11054597210272], [-114.17828822271268, 51.11048372673248], [-114.17821562732315, 51.11045178662666], [-114.1781449184058, 51.11041944176486], [-114.17807516727733, 51.11038769590963], [-114.17802262380309, 51.11036613964511], [-114.17793664463923, 51.110330811767206], [-114.17786690070872, 51.110300869098396], [-114.17778474077537, 51.110266737214246], [-114.17770544138854, 51.11023260092517], [-114.17763952277267, 51.11020505613713], [-114.17759461909439, 51.11018589190395], [-114.17754396555476, 51.11015952579255], [-114.17750381789786, 51.11013674945727], [-114.17747035252506, 51.11011516488195], [-114.17744165637207, 51.11009417446719], [-114.1774282847527, 51.11008470529157], [-114.17735251240867, 51.11005407206771], [-114.17712833008457, 51.10995979768328], [-114.17674524472, 51.109801498002795], [-114.17635933550258, 51.109644984868126], [-114.17591012932193, 51.10945774021115], [-114.17568595958906, 51.109365250176786], [-114.17528018589759, 51.10919805665174], [-114.17493117242819, 51.109055768024426], [-114.17459918055314, 51.108918808968134], [-114.17414517117315, 51.108730261188555], [-114.17368266734499, 51.10854172425902], [-114.17319997449212, 51.10834195317572], [-114.17308929816402, 51.10829213283732], [-114.17278285276336, 51.10816584015735], [-114.17237993318446, 51.107998630529444], [-114.1719826761781, 51.1078296258385], [-114.17159961418729, 51.10766773943896], [-114.17121088202224, 51.107504074740156], [-114.17075405542386, 51.10731194630165], [-114.17036533721371, 51.10715006320911], [-114.17012388551127, 51.10704825101881], [-114.16978056367992, 51.1069041524592], [-114.16940602278837, 51.10674403182696], [-114.16906271989065, 51.10660350091532], [-114.16878466118726, 51.10648608160753], [-114.16839592434552, 51.10631526705853], [-114.16802706050822, 51.10615513382236], [-114.16764400175461, 51.10598609305229], [-114.16734905518034, 51.10585371868011], [-114.16728897965181, 51.105846063656955], [-114.16723890654289, 51.105831981982924], [-114.16715201540997, 51.10579929850748], [-114.16701707020934, 51.10574609822129], [-114.16690256879713, 51.10569994525075], [-114.16679012289944, 51.105658291251046], [-114.16666234381589, 51.10561022690572], [-114.1665570581174, 51.105571778971665], [-114.16648043170309, 51.10554141318829], [-114.16636637284508, 51.10546908480511], [-114.16614331104432, 51.10537421327641], [-114.16532838382058, 51.10504050934747], [-114.16519476153175, 51.10498548467936], [-114.16445629520761, 51.104665849580776], [-114.16393480013309, 51.10444973266554], [-114.16371808505232, 51.10436208516666], [-114.16351289528671, 51.10427361477779], [-114.16341941822239, 51.10421087095282]]]}, "properties": {"section_name": "CRWCHLD6", "volume": 71000.0, "year": "2024"}}, {"type": "Feature", "geometry": {"type": "MultiLineString", "coordinates": [[[-114.16341941822239, 51.10421087095282], [-114.16271373019403, 51.103929723024144], [-114.1616059860541, 51.10352720416182], [-114.1608803745299, 51.10327593270115], [-114.15994960277783, 51.102974774401204], [-114.15897830241752, 51.10265616363886], [-114.15840218420314, 51.10246194649586], [-114.15750640468485, 51.102141683928096], [-114.15684450413582, 51.10188801278141], [-114.15633539817068, 51.10167324047759], [-114.15572319631559, 51.10140449278143], [-114.15522703525755, 51.10117606199433], [-114.15474667116146, 51.10093158323471], [-114.15403429083189, 51.10053482068571], [-114.15364628983261, 51.10030597184109], [-114.15298985264891, 51.099948185823564], [-114.15214440691535, 51.09945766092147], [-114.15086735904069, 51.098702262566206], [-114.14982455477059, 51.098063671117494], [-114.1481960637428, 51.09708935456718], [-114.14563646338829, 51.095601437915235], [-114.14275691408982, 51.093910123274284], [-114.14253394886919, 51.093777070499016]]]}, "properties": {"section_name": "CRWCHLD7", "volume": 72000.0, "year": "2024"}}, {"type": "Feature", "geometry": {"type": "MultiLineString", "coordinates": [[[-114.14253394886919, 51.093777070499016], [-114.14241865110903, 51.093704588001984], [-114.1423790125304, 51.09368297927988], [-114.14223216280408, 51.09358896971195], [-114.14206804943444, 51.09348773616622], [-114.14191256886718, 51.09339011384655], [-114.14179455179291, 51.093326861021374], [-114.14163331949369, 51.093227433885986], [-114.1415267937273, 51.09316235635029], [-114.14138570981507, 51.09307377298487], [-114.14130222909084, 51.09302677885039], [-114.1412043527511, 51.09297074675346], [-114.14109782123386, 51.09290385651519], [-114.14099705524482, 51.092842394377726], [-114.14089054083136, 51.09278093728192], [-114.14080128638541, 51.09272489445597], [-114.1406199140788, 51.09261643397799], [-114.1404628798549, 51.09252751178456], [-114.14035059772364, 51.09245881635208], [-114.14022392598983, 51.092382893298414], [-114.14006559035494, 51.092288894766384], [-114.13993604999433, 51.092214785354024], [-114.13978634720432, 51.09212439894428], [-114.1396136167289, 51.09202136081673], [-114.13945240454122, 51.09192555346669], [-114.13923937343195, 51.09179901621156], [-114.13899179702827, 51.09165078352402], [-114.13873430703637, 51.09148927624491], [-114.13863929434542, 51.09142780523625], [-114.13850972906464, 51.09134282755532], [-114.13836287838433, 51.09124338064181], [-114.13820737678543, 51.09113307616051], [-114.13809506107529, 51.0910498890429], [-114.13799138645466, 51.09097393728995], [-114.13781857954787, 51.09084191659371], [-114.1376774481038, 51.0907315944615], [-114.13753344383296, 51.090621274637506], [-114.13741535532589, 51.09052903745989], [-114.13729439916753, 51.090438614947196], [-114.1371428753336, 51.09032778835908], [-114.13695570590399, 51.090195783220715], [-114.13679448026954, 51.09009091690354], [-114.13655266771225, 51.089942673169745], [-114.13630225766158, 51.08980168372978], [-114.13602597226428, 51.08965528960262], [-114.13578130161599, 51.089510670426044], [-114.1355481526384, 51.08937509357041], [-114.13536103917895, 51.08925938766269], [-114.1347298988888, 51.088749046733994]]]}, "properties": {"section_name": "CRWCHLD9", "volume": 60000.0, "year": "2024"}}, {"type": "Feature", "geometry": {"type": "MultiLineString", "coordinates": [[[-114.01761279374098, 51.15427658912858], [-114.01648367611203, 51.15500707568686], [-114.01596642875765, 51.15533729899591], [-114.01559285930945, 51.155586093262805], [-114.01508278515448, 51.15591630987685], [-114.01469483987562, 51.15617867104755], [-114.01423504165675, 51.15647269732113], [-114.01383271601435, 51.156735057356215], [-114.01292902105608, 51.157297820850154], [-114.01242609388126, 51.157628024991155], [-114.01208122633687, 51.15785419165835], [-114.01193260670048, 51.15794987558795], [-114.01137741054147, 51.158326320089685], [-114.01048542833027, 51.15891292349152], [-114.00954563888048, 51.15953962904729], [-114.00877308368165, 51.16004600195877], [-114.00809609130513, 51.160497221224716], [-114.00742704909469, 51.16092336956241], [-114.00723710197332, 51.16104752629985], [-114.00681374815551, 51.1613294587125], [-114.00635177449686, 51.161615223928735], [-114.00592962072305, 51.16190599876798], [-114.00552720769967, 51.162166976168834], [-114.00516876732337, 51.16242766706819], [-114.00477049764228, 51.16273347614418], [-114.00449170559561, 51.16297410957775], [-114.00417308344313, 51.16324983537122], [-114.00386242230184, 51.16354059863832], [-114.00357565614534, 51.16380629477873], [-114.00333668183043, 51.164097054408764], [-114.00308973718859, 51.16439783978974], [-114.00288262152348, 51.16463846740461], [-114.00272329895368, 51.16484901631263], [-114.00254804235709, 51.165099668612164], [-114.00239668300577, 51.16533026896759], [-114.00224532263177, 51.165570894259986], [-114.00207802593192, 51.165881701913655], [-114.0019983597287, 51.166027080435434], [-114.00188914902401, 51.1662435882578], [-114.00172981152586, 51.16662959099167], [-114.00161827744887, 51.16692536028304], [-114.00151471108227, 51.16724118322411], [-114.00142707577822, 51.1675469798256], [-114.00135537205672, 51.16784776359288], [-114.00134727890557, 51.16794023551547], [-114.00128203056319, 51.16831613216029], [-114.00124235099487, 51.16866414831198], [-114.00121150867025, 51.16910901405515], [-114.00120278584012, 51.16969562839461], [-114.00120949090677, 51.17134336130147], [-114.00122061813384, 51.172777256032504], [-114.0012096670555, 51.17485135726673], [-114.00121472919767, 51.17538361748337]]]}, "properties": {"section_name": "DEERFOOT1", "volume": 87000.0, "year": "2024"}}, {"type": "Feature", "geometry": {"type": "MultiLineString", "coordinates": [[[-114.03489619130572, 50.99273472382091], [-114.03489675190394, 50.99292951134044], [-114.03489684524561, 50.993063473916365], [-114.03489563233833, 50.99324492556696], [-114.03489435390709, 50.993340911979864], [-114.03489217864745, 50.99343770594417], [-114.03488941262142, 50.99351794444433], [-114.03488291201494, 50.99361209129833], [-114.03487362320534, 50.9937227658537], [-114.03486431587955, 50.99380878675088], [-114.03485384832338, 50.99391105617843], [-114.03484511763476, 50.99398347531387], [-114.0348259003109, 50.99412334813152], [-114.03480957997657, 50.99423227355248], [-114.03478168458, 50.99445259336894], [-114.034766528299, 50.994550662335364], [-114.03473681007026, 50.99473219883002], [-114.03471406383268, 50.994847639254274], [-114.03468025789627, 50.99501346724622], [-114.03462188882247, 50.995269955748796], [-114.03457754628205, 50.99544346771412], [-114.03452150712259, 50.99564678792784], [-114.03443915526343, 50.99591485148083], [-114.03438018601169, 50.99609503630241], [-114.03428203055019, 50.99636620945285], [-114.03421131170184, 50.996540770002255], [-114.03414121160327, 50.996716703965355], [-114.03408857978022, 50.996840699567244], [-114.03403837548176, 50.996951460540245], [-114.03400752329242, 50.997020118389415], [-114.03396136627305, 50.99711576987808], [-114.03390858002481, 50.99722658008543], [-114.03383269480896, 50.99737643789025], [-114.03377352142736, 50.99749315438579], [-114.03371205802311, 50.99760936718164], [-114.03363850012208, 50.997742513028314], [-114.03360542668769, 50.99780052477415], [-114.03359337016526, 50.99782232222784], [-114.03349172521881, 50.9979952990907], [-114.03340171473027, 50.998142785537084], [-114.03321350445944, 50.998445519639326], [-114.0330621059939, 50.998675806762314], [-114.03284931273085, 50.998975960836766], [-114.03264878957407, 50.9992528274883], [-114.03248510366711, 50.99949346542658], [-114.03233778478452, 50.99970822864063], [-114.03219640357057, 50.99990786108589], [-114.03204088684329, 51.00012003890362], [-114.03179124510207, 51.00047711461077], [-114.03139835162905, 51.001030841588424], [-114.0311323269462, 51.00141120471414], [-114.03106684801271, 51.00151211556996], [-114.03093996478377, 51.00168289340931], [-114.03053146416912, 51.002260556826855], [-114.03032272585172, 51.00256070684986], [-114.03016310010247, 51.00279099308453], [-114.02997072206057, 51.00306009465673], [-114.02983156072871, 51.003267093389965], [-114.02974150408733, 51.00338094516211], [-114.02953402470223, 51.003689368504844], [-114.02930889390201, 51.00400763072868], [-114.0291165093226, 51.00428449262861], [-114.02887090100735, 51.004626043545414], [-114.02858844770708, 51.005024519134814], [-114.02849020490117, 51.005166830003624], [-114.02835206293695, 51.00535621114836], [-114.02814329111219, 51.00565894618426], [-114.02796726169284, 51.00590734677891], [-114.02777485236457, 51.006176446394626], [-114.02759880048738, 51.006391213805166], [-114.02740226434372, 51.00661116027251], [-114.02718523592907, 51.00682076302086], [-114.02701733437671, 51.00696567785262], [-114.026678916476, 51.007238482511674], [-114.02633488050746, 51.007463634360384], [-114.02601539943747, 51.00764480076822], [-114.02572459395644, 51.007794910150196], [-114.0254010102719, 51.00794243777396], [-114.02506103083006, 51.008071857184646], [-114.02479477664143, 51.00816504371492], [-114.02453670798779, 51.008245291611], [-114.02428540941898, 51.008311189824944], [-114.02402733390547, 51.008375913925896], [-114.02380612314508, 51.00842510818086], [-114.02343743414906, 51.00849761254839], [-114.02303596494818, 51.008559773173424], [-114.02272461344877, 51.008593458648555], [-114.02226167600269, 51.00862975593758], [-114.02204863992179, 51.0086427272434], [-114.02175775780465, 51.0086453618391], [-114.02146687565475, 51.00864799660967], [-114.02114730682264, 51.008629938660164], [-114.02082773939672, 51.00861446619867], [-114.02052455259144, 51.008580881854904], [-114.0201885928292, 51.00855506237728], [-114.02001907693835, 51.00853044873286], [-114.01970380077776, 51.00850075780734], [-114.01922443893628, 51.00844649887718], [-114.0187368868461, 51.0083974129174], [-114.01812174746215, 51.00833731700531], [-114.01806087544175, 51.00833800156325], [-114.01757742936039, 51.008314780946236], [-114.01709221715778, 51.00831183775441], [-114.01708169456398, 51.00830967275391], [-114.01664282018616, 51.00833044676502], [-114.01617987348303, 51.00836672355729], [-114.015782480591, 51.00841075146325], [-114.01520893017857, 51.00850654091166], [-114.0147787715594, 51.00859196314677], [-114.01430355157888, 51.008705846498366], [-114.01390617115305, 51.008811959590474], [-114.01351698396125, 51.0089232440049], [-114.01316057201453, 51.009034523433954], [-114.01276235432559, 51.00917301573899], [-114.01241004098621, 51.00930499051379], [-114.0120741122462, 51.009434375270445], [-114.01172179965889, 51.00957928336914], [-114.01123019830582, 51.00979664088001], [-114.01102861431418, 51.009890793039375], [-114.01091475495375, 51.009941542986866], [-114.01060750373135, 51.01009420617586], [-114.0102756737301, 51.010267566104204], [-114.00986804053991, 51.010494122277514], [-114.00963313994954, 51.01062432027224], [-114.0093805332966, 51.01078132405834], [-114.00890939517565, 51.011084042508976], [-114.00858983658843, 51.01130137560995], [-114.00825798580178, 51.01153681861889], [-114.00806062722985, 51.01169364929815], [-114.00795751291056, 51.01176506132202], [-114.0075805915521, 51.01206518244729], [-114.00733477049639, 51.01226698641118], [-114.00715450125459, 51.01241704515955], [-114.00713281502077, 51.012448196083525]]]}, "properties": {"section_name": "DEERFOOT10", "volume": 118000.0, "year": "2024"}}, {"type": "Feature", "geometry": {"type": "MultiLineString", "coordinates": [[[-114.03507830944952, 50.987195775339416], [-114.035076446878, 50.987203881122525], [-114.03503210002653, 50.98746140608761], [-114.03499456947078, 50.987673486333506], [-114.03496407821203, 50.9878864292739], [-114.03493683976355, 50.988120145803144], [-114.03491983337616, 50.98829110401765], [-114.03490286945598, 50.98852265360144], [-114.03489616580184, 50.98873256071354], [-114.034889440603, 50.988910009181005], [-114.03488263945641, 50.98912492273788], [-114.03487939872097, 50.98938676387693], [-114.03487965228008, 50.989745983473235], [-114.03488327899831, 50.99002946282392], [-114.03488395106238, 50.990116545191796], [-114.03488412738535, 50.99088952828579], [-114.0348905666493, 50.99166779002436], [-114.03489553076245, 50.992452240687115], [-114.03489619130572, 50.99273472382091]]]}, "properties": {"section_name": "DEERFOOT12", "volume": 110000.0, "year": "2024"}}, {"type": "Feature", "geometry": {"type": "MultiLineString", "coordinates": [[[-114.03717891630384, 50.98284240759863], [-114.03710854898722, 50.98293799545092], [-114.03696467626128, 50.9831456027265], [-114.03685366670774, 50.98330289597096], [-114.03671339247936, 50.98351283914387], [-114.03656629409528, 50.98375957245004], [-114.03638838281064, 50.98402795457531], [-114.03624811778207, 50.98425520976885], [-114.03611128527271, 50.98449544862958], [-114.0359607773184, 50.98477247879806], [-114.03584160309629, 50.98500452035514], [-114.03567402747179, 50.98536811299865], [-114.03554751473365, 50.98567759662131], [-114.0354381039953, 50.985956779195966], [-114.03535947827889, 50.98617319797608], [-114.03525749393931, 50.98650270314167], [-114.03520281973695, 50.98668665680849], [-114.03512767021142, 50.98698097746512], [-114.03507830944952, 50.987195775339416]]]}, "properties": {"section_name": "DEERFOOT12A", "volume": 110000.0, "year": "2024"}}, {"type": "Feature", "geometry": {"type": "MultiLineString", "coordinates": [[[-114.04020942251216, 50.975473136439845], [-114.04025343280877, 50.97563850288434], [-114.04029937656556, 50.975837751348024], [-114.04034285556368, 50.976123776863986], [-114.04036848109011, 50.97635035152173], [-114.04038384393871, 50.976625780497926], [-114.04038406694903, 50.97688289520101], [-114.04037658635933, 50.97705484372792], [-114.04034627029634, 50.977344820527605], [-114.04029567502742, 50.97765176902369], [-114.0402526270002, 50.97786390446553], [-114.04015886559662, 50.97819730235461], [-114.04009545614451, 50.97839016061876], [-114.04001933782101, 50.97859266479533], [-114.03987502651675, 50.97892078380832], [-114.03971762210303, 50.97923419611078], [-114.03957797533833, 50.9795010006658], [-114.03937525455295, 50.9798264058738], [-114.03922285600477, 50.980053039607014], [-114.03905774973796, 50.98029092725898], [-114.03838505080294, 50.981217023860054], [-114.03757249166705, 50.98232012810627], [-114.03749044075343, 50.98241922778602], [-114.03717891630384, 50.98284240759863]]]}, "properties": {"section_name": "DEERFOOT12B", "volume": 110000.0, "year": "2024"}}, {"type": "Feature", "geometry": {"type": "MultiLineString", "coordinates": [[[-114.03362678619075, 50.96780072777087], [-114.03390814723709, 50.968158242076846], [-114.03407610760661, 50.96836870586056], [-114.03425678315706, 50.96858077395147], [-114.03448282226542, 50.968845101658594], [-114.03462023148465, 50.96899450919154], [-114.03472965553176, 50.969119820397], [-114.03479327531578, 50.969193722307054], [-114.03480402403495, 50.96923676250789], [-114.03503492128156, 50.96947227520121], [-114.03523848111456, 50.969673085869836], [-114.03545221635429, 50.9698787134464], [-114.03572374895727, 50.97013650454127], [-114.03596292573944, 50.970354978867505], [-114.03619701381722, 50.9705686348154], [-114.03663403115632, 50.97095660379716], [-114.03694954924975, 50.97124093869713], [-114.03727714533814, 50.97153257492617], [-114.0375036088696, 50.97173498075278], [-114.03767918958063, 50.971898835218276], [-114.03773263295854, 50.971956668526246], [-114.03777099255186, 50.9720147332315], [-114.03798154642409, 50.972196335361595], [-114.03819275314498, 50.97239070966558], [-114.03842178108961, 50.97260918309175], [-114.03862537590781, 50.972818021965736], [-114.03884364060444, 50.97305173049993], [-114.0390218103901, 50.973258970633914], [-114.03918217509307, 50.97345818134008], [-114.03936292217796, 50.97370398740235], [-114.03946422766599, 50.97385212112196], [-114.03964247299378, 50.97414292174342], [-114.03982075083354, 50.97446746993529], [-114.03996303413437, 50.97477669438543], [-114.04008279418207, 50.97506108744499], [-114.04017202964958, 50.97533263449754], [-114.04020942251216, 50.975473136439845]]]}, "properties": {"section_name": "DEERFOOT13", "volume": 110000.0, "year": "2024"}}, {"type": "Feature", "geometry": {"type": "MultiLineString", "coordinates": [[[-114.02477969734304, 50.95335776900861], [-114.02500258830264, 50.95343849283389], [-114.0251295965833, 50.95348901204484], [-114.02556716121434, 50.95367175674097], [-114.0256253961889, 50.953682636110386], [-114.02578653086039, 50.95374964263259], [-114.02597622489385, 50.95383598160035], [-114.02602791508545, 50.95386063740787], [-114.02617000454788, 50.95393263342559], [-114.02640866228955, 50.95405634959161], [-114.02665956764444, 50.95419811144125], [-114.02675155052609, 50.95425496574224], [-114.02692598931543, 50.95435617230748], [-114.02719731204182, 50.95453660721418], [-114.02746252178018, 50.9547209103658], [-114.0277064129658, 50.95491094271917], [-114.0279553259341, 50.955117166811725], [-114.02820833674376, 50.95535046327438], [-114.02841789142977, 50.95556501599049], [-114.02859951261142, 50.9557686758464], [-114.02877706546285, 50.95598522968773], [-114.02893379040269, 50.95619452459735], [-114.02907055529242, 50.95640335229061], [-114.02919100458152, 50.95661089384876], [-114.02930509865888, 50.95682147184992], [-114.02940311766099, 50.95702901880007], [-114.02950115202195, 50.95725719470836], [-114.02956447140423, 50.957414469034], [-114.02962354449609, 50.95757730193461], [-114.02968687951413, 50.95775778352529], [-114.02976248497271, 50.95798983232528], [-114.02984603847504, 50.95824690772557], [-114.02991756351311, 50.95847508910871], [-114.03000134804603, 50.95873678960365], [-114.03008888225617, 50.95901299331062], [-114.03018492612422, 50.95930563181025], [-114.03025032305516, 50.95951318728621], [-114.03031757214212, 50.95973114620802], [-114.03038909058058, 50.959939989148694], [-114.03041978497924, 50.960097271422086], [-114.03045252026837, 50.96025584319661], [-114.03046575286653, 50.96038640403453], [-114.03058504810927, 50.960784045763575], [-114.03077713923408, 50.961356430212554], [-114.030989687679, 50.96201132140757], [-114.03115993732362, 50.96255378904813], [-114.03123719209714, 50.962724190994216], [-114.03131614495594, 50.9629378974832], [-114.03137218621728, 50.96310500753378], [-114.03145880797672, 50.96337816988255], [-114.03158328305516, 50.96376583025055], [-114.0316877349613, 50.96408719658963], [-114.03178708050142, 50.9643732106932], [-114.03189130431113, 50.96465471765009], [-114.03197535191224, 50.96487324259325], [-114.0320721148333, 50.965098192623685], [-114.03216888566178, 50.96533117679762], [-114.0323825361313, 50.96577224639445], [-114.03251492085725, 50.96602932577405], [-114.03281239747668, 50.96656531122261], [-114.03296745034447, 50.96682643451313], [-114.03313798208482, 50.96708992921437], [-114.0332626960919, 50.967276302871824], [-114.03343278527849, 50.967529525442785], [-114.03360838915043, 50.96776730789513], [-114.03362678619075, 50.96780072777087]]]}, "properties": {"section_name": "DEERFOOT14", "volume": 132000.0, "year": "2024"}}, {"type": "Feature", "geometry": {"type": "MultiLineString", "coordinates": [[[-114.00422719365841, 50.94897823752406], [-114.00451683582921, 50.94906096954796], [-114.00489948446558, 50.94916355923084], [-114.00524239381436, 50.949255277086934], [-114.00561300969075, 50.94935423395545], [-114.0059207218187, 50.94943507914175], [-114.00607855263968, 50.94947720031109], [-114.00618962147063, 50.94950483116817], [-114.00648982259099, 50.949584262041675], [-114.00683500971458, 50.94967733435863], [-114.00709049283154, 50.9497445904008], [-114.00735279054325, 50.949810485285674], [-114.00760302638082, 50.9498768280626], [-114.00800044942093, 50.94997872697425], [-114.00828202170727, 50.950049772345764], [-114.00843452515771, 50.95008962076008], [-114.00914793063025, 50.95027833025618], [-114.00956800622828, 50.95038822034597], [-114.01018528660289, 50.95055133804544], [-114.01071655746004, 50.95069206391698], [-114.01120229291487, 50.95082319415078], [-114.01208269572774, 50.951056663426755], [-114.01265951591783, 50.95120697511908], [-114.01327681613265, 50.95136367835927], [-114.01394471602214, 50.95151717460318], [-114.01461261972746, 50.95166426802887], [-114.01514941957683, 50.95176797697838], [-114.01581226386848, 50.95188947091388], [-114.01639414937044, 50.95198857689636], [-114.01697603501535, 50.95208128008526], [-114.01754780042651, 50.952161186603696], [-114.01813475099901, 50.952237892963375], [-114.01889880139979, 50.95233056893122], [-114.01925570246587, 50.95236780603658], [-114.01968815420837, 50.95242643603305], [-114.02013343139822, 50.95248075876411], [-114.02118244481161, 50.95260368058585], [-114.02119035977424, 50.95260437676449], [-114.02188864559821, 50.95269704418267], [-114.02241995257725, 50.95277373851713], [-114.02294621110691, 50.952869627506594], [-114.02342693483985, 50.95296552236651], [-114.02386718687556, 50.95307421881275], [-114.02447444588836, 50.95325006634919], [-114.02448374315881, 50.95325377991589], [-114.02477969734304, 50.95335776900861]]]}, "properties": {"section_name": "DEERFOOT15", "volume": 121000.0, "year": "2024"}}, {"type": "Feature", "geometry": {"type": "MultiLineString", "coordinates": [[[-113.97897436979002, 50.94309158644436], [-113.97962145621025, 50.94349328043752], [-113.98015019294571, 50.9438395074183], [-113.98065506339559, 50.94414977207446], [-113.98125315676803, 50.944484281776035], [-113.98171357753007, 50.94472055868875], [-113.98273608056297, 50.945192823646735], [-113.98362639885242, 50.94553635564831], [-113.98416699402395, 50.945727547979935], [-113.9850891707975, 50.94602657317784], [-113.98563967865672, 50.94620108909757], [-113.98651679949569, 50.946399924057836], [-113.98784608051284, 50.94663632233416], [-113.98871918720168, 50.946759574946825], [-113.98966719406467, 50.94685917439505], [-113.9912791171238, 50.94701644726116], [-113.99278199720945, 50.94714157752389], [-113.99420400936032, 50.94726352990949], [-113.99559977045509, 50.94739827907191], [-113.99737999392833, 50.947603020535254], [-113.99880044309232, 50.94781613725592], [-114.00006670506116, 50.94803655195058], [-114.00075516288966, 50.94818094951688], [-114.00214239580367, 50.94846281635913], [-114.0025166269228, 50.94854650829182], [-114.00283000438898, 50.948614452039735], [-114.00309001818925, 50.94867695928957], [-114.00331142860489, 50.94873335214335], [-114.00352875654454, 50.94878887178276], [-114.00375130225463, 50.94884526376727], [-114.00393411008643, 50.94889690012624], [-114.00407280863716, 50.94893481648934], [-114.00422719365841, 50.94897823752406]]]}, "properties": {"section_name": "DEERFOOT16", "volume": 117000.0, "year": "2024"}}, {"type": "Feature", "geometry": {"type": "MultiLineString", "coordinates": [[[-113.97539806239845, 50.9318693594665], [-113.97539875996205, 50.931989792013965], [-113.97532763703288, 50.93341921440741], [-113.97540010824724, 50.93550169417663], [-113.97542758391032, 50.93645989940051], [-113.97544389190904, 50.936939905077125], [-113.97547745322443, 50.93730287213909], [-113.9755113728915, 50.937545293688345], [-113.97557827968477, 50.93791651590275], [-113.9756619987222, 50.93824815184723], [-113.97571607973263, 50.93844160682784], [-113.97585929330454, 50.93886889757286], [-113.97599986965264, 50.939216981187286], [-113.97617968856727, 50.93962380271306], [-113.97643423938146, 50.940089185729164], [-113.97664866638593, 50.940445792302626], [-113.97686000172106, 50.940759765972174], [-113.97722631790278, 50.94124324523979], [-113.97783750237546, 50.941964589554324], [-113.97822644833325, 50.94238148534508], [-113.97860131035321, 50.942747688629396], [-113.97897436979002, 50.94309158644436]]]}, "properties": {"section_name": "DEERFOOT17", "volume": 123000.0, "year": "2024"}}, {"type": "Feature", "geometry": {"type": "MultiLineString", "coordinates": [[[-113.97531610380767, 50.916395866960244], [-113.97531640477214, 50.91651784061961], [-113.97530656421206, 50.91712123642606], [-113.97531091648564, 50.917381059822745], [-113.97532426167662, 50.91865650167284], [-113.97533453576582, 50.920224737294404], [-113.97533906473521, 50.92128925325862], [-113.97534117902241, 50.92228339899904], [-113.97535365685941, 50.92409816468323], [-113.97536333800473, 50.925629633540666], [-113.97537335592673, 50.92747814310061], [-113.97539144372135, 50.93078422305053], [-113.97539806239845, 50.9318693594665]]]}, "properties": {"section_name": "DEERFOOT18", "volume": 115000.0, "year": "2024"}}, {"type": "Feature", "geometry": {"type": "MultiLineString", "coordinates": [[[-113.97541229772943, 50.89988687165147], [-113.9753078772682, 50.89997294643538], [-113.97525785491686, 50.90004391874944], [-113.97523927587224, 50.9001692438019], [-113.97523435003532, 50.90024667415482], [-113.97521245642231, 50.90111476664531], [-113.97522129465372, 50.90166443954572], [-113.97525229900276, 50.90345292989626], [-113.97525347806607, 50.9054260174766], [-113.97526606039139, 50.90701031680747], [-113.97527837632593, 50.90950716500435], [-113.97527717494944, 50.91165162163985], [-113.9752944918184, 50.9132743099977], [-113.97528017562404, 50.91441347656858], [-113.9753010936933, 50.91549212384938], [-113.97530482804612, 50.91604049076216], [-113.97531610380767, 50.916395866960244]]]}, "properties": {"section_name": "DEERFOOT19", "volume": 97000.0, "year": "2024"}}, {"type": "Feature", "geometry": {"type": "MultiLineString", "coordinates": [[[-114.04625539083763, 51.11853062204424], [-114.04599115421574, 51.119921147849055], [-114.04583422080432, 51.12076217372187], [-114.04572209719633, 51.12144256070615], [-114.04565522531564, 51.122091546204516], [-114.04562462662552, 51.12251788248429], [-114.04560243258288, 51.12290078842661], [-114.04559150889126, 51.12331562913938], [-114.04558641319218, 51.123887143890464], [-114.04560106922804, 51.124451162539856], [-114.04562689591255, 51.12490412273426], [-114.04566391852163, 51.12545552012794], [-114.04574075451217, 51.126418981012996], [-114.04576699911298, 51.12675167790132], [-114.04578143434259, 51.12708917893901], [-114.04579582762537, 51.12738404856413], [-114.04579045447015, 51.12765405616999], [-114.0457793772838, 51.12784511029464], [-114.0457626747052, 51.12806716097272], [-114.045729155049, 51.12839579986481], [-114.04570692243803, 51.12856354647834], [-114.04565078328291, 51.128835351096406], [-114.04558900693966, 51.12911248511107], [-114.0455187793902, 51.1293780994965], [-114.04540909903098, 51.12970143790409], [-114.0453136955113, 51.12997082226176], [-114.04518987815352, 51.13026041534755], [-114.04495092756054, 51.130753554681995], [-114.04473413549904, 51.13115331722994], [-114.04446154022989, 51.13156773294599], [-114.04419113738078, 51.13195507948643], [-114.04392949995706, 51.1322779064341], [-114.0436674709417, 51.13258176037826], [-114.04324528936692, 51.13303045230531], [-114.04273839584512, 51.13353273277423], [-114.04193289560013, 51.13429079331778], [-114.04075011553233, 51.13541047969436], [-114.03972749833017, 51.1363322548634], [-114.03877446324078, 51.13727176132448], [-114.03746401467458, 51.13851718361802], [-114.0360917163252, 51.139823301451045], [-114.03449350111573, 51.141325389620064]]]}, "properties": {"section_name": "DEERFOOT2", "volume": 112000.0, "year": "2024"}}, {"type": "Feature", "geometry": {"type": "MultiLineString", "coordinates": [[[-113.9699722381672, 50.85524206473402], [-113.96945038429877, 50.856177440391264], [-113.96891335646727, 50.85705871835076], [-113.96847068817833, 50.857738027811244], [-113.9680581606239, 50.85831678947413], [-113.96756470932566, 50.859009853257646], [-113.96685359194306, 50.85992779883502], [-113.9663546480787, 50.86054439115217], [-113.9657160884729, 50.861320038482205], [-113.96509927869009, 50.86206814331333], [-113.96463571568121, 50.86267597696477], [-113.964113166218, 50.86336901772429], [-113.96375748061003, 50.86391061368636], [-113.96337325015843, 50.86455071391489], [-113.96302471265933, 50.8651978956643], [-113.96272753823958, 50.86584731504512], [-113.9624296715383, 50.86657714451256], [-113.96214654035492, 50.86745611674671], [-113.961942840062, 50.86828237960762], [-113.96180466379617, 50.86910151550235], [-113.96172426250195, 50.86988191147319], [-113.9617020474304, 50.87049130686494], [-113.9617228836002, 50.8712880382897], [-113.96175866442681, 50.871871071390174], [-113.96183797168212, 50.87243575568496], [-113.96198233863366, 50.873145345702426], [-113.96210516990568, 50.873700862373255], [-113.9622782542205, 50.87430365462824], [-113.96247362810178, 50.874840831252904], [-113.96269797724989, 50.875423924175294], [-113.96304516829665, 50.876170148444466], [-113.96331312982069, 50.87664766727351], [-113.96373968696726, 50.87739394929489], [-113.96421049624772, 50.87818369725745], [-113.96473802334803, 50.879039545774354], [-113.9651219409086, 50.879682360845145], [-113.96542617655815, 50.88020120244897], [-113.96554300605472, 50.88039700566531]]]}, "properties": {"section_name": "DEERFOOT20", "volume": 48000.0, "year": "2024"}}, {"type": "Feature", "geometry": {"type": "MultiLineString", "coordinates": [[[-113.96554300605472, 50.88039700566531], [-113.96582486642647, 50.880869387397006], [-113.96589829719356, 50.88099123937562], [-113.96603656168696, 50.88123204950593], [-113.96620455383203, 50.881515786265645], [-113.96634019720165, 50.88175000559596], [-113.96658292099079, 50.88216303030498], [-113.96676095180533, 50.88246812030427], [-113.96691150578289, 50.88272578905495], [-113.96700494435662, 50.882886070956395], [-113.96713902253656, 50.883114220621216], [-113.96727107311, 50.883337658803335], [-113.96741167065694, 50.883574763987454], [-113.96751879818866, 50.88375556441448], [-113.96765320807464, 50.88398394728592], [-113.96783128765688, 50.884279712958396], [-113.96799052970799, 50.88454758625849], [-113.96809019335653, 50.884718117525345], [-113.96825683531785, 50.88499690630056], [-113.9683702156465, 50.88518797415889], [-113.96850800050846, 50.8854186313683], [-113.96857649561424, 50.88553381146694], [-113.96863786332602, 50.88563901972119], [-113.96878002006929, 50.8858817782778], [-113.96897190281285, 50.88619442898291], [-113.96914383240612, 50.88648813219927], [-113.96944507464873, 50.88698912400815], [-113.96960207708415, 50.88725440528369], [-113.96982333456508, 50.887632446258564], [-113.96996039990145, 50.88785509140068], [-113.97024422140184, 50.888332468868754], [-113.97035636220906, 50.88853142756905], [-113.97053534713373, 50.8888209950193], [-113.97066742661097, 50.88904994898858], [-113.97077957982903, 50.88923470310173], [-113.97101849436174, 50.88963637174897], [-113.9711555702957, 50.889860597647896], [-113.97135713640532, 50.89019602719779], [-113.97152661702069, 50.89047552194331], [-113.97176009605388, 50.890861059651456], [-113.97194204782319, 50.89116265412613], [-113.9721286437508, 50.89147446201666], [-113.97224578918214, 50.891673419987704], [-113.97235070112494, 50.891837350914045], [-113.97247934445012, 50.89205353883937], [-113.9726065231042, 50.892265555824416], [-113.9727387246803, 50.89248499415642], [-113.97290902320164, 50.89277243051063], [-113.97302783869372, 50.892970666145054], [-113.97317502203256, 50.89321701079386], [-113.9733005317435, 50.893427966679255], [-113.97345584875055, 50.89369659714449], [-113.97358805117291, 50.893928753465], [-113.97370008509571, 50.894131907948484], [-113.97381854635755, 50.894358019636975], [-113.97394906116422, 50.89461773388302], [-113.97406439914279, 50.8948641133815], [-113.9741580901973, 50.895075061211635], [-113.97425970407795, 50.89531180561107], [-113.974343304209, 50.89552025004288], [-113.97443196526635, 50.89574497544123], [-113.97452220939097, 50.89599562816355], [-113.97456903950749, 50.896134490155156], [-113.97463755400128, 50.896338460350975], [-113.97469608228447, 50.896530322451795], [-113.97477955850734, 50.89682316606347], [-113.97483639941174, 50.89703834497731], [-113.97489485201602, 50.89727628498644], [-113.97493987858006, 50.89748241469408], [-113.97498332246566, 50.89769017122082], [-113.97501491214423, 50.89786356645763], [-113.97504831295517, 50.89805860180108], [-113.97508003281274, 50.898244706143444], [-113.97510671691026, 50.89844020210743], [-113.97513171989256, 50.898677634062764], [-113.97514505993281, 50.89878220810864], [-113.97515668377316, 50.898972999087505], [-113.97517163811342, 50.89915390810584], [-113.97518490497636, 50.89935914088794], [-113.97518484188066, 50.89947785327143], [-113.97517972542673, 50.89964907222481], [-113.97517629249297, 50.8998035980788], [-113.97517433539763, 50.89988555550882]]]}, "properties": {"section_name": "DEERFOOT20A", "volume": 79000.0, "year": "2024"}}, {"type": "Feature", "geometry": {"type": "MultiLineString", "coordinates": [[[-114.03449350111573, 51.141325389620064], [-114.029206640673, 51.146231929821845], [-114.02871332973379, 51.14666581608027], [-114.02832334424276, 51.14698228218839], [-114.0279533317411, 51.14727856151102], [-114.02759940031108, 51.14755777903627], [-114.02722166545276, 51.147852439712906], [-114.02682891259454, 51.148151381636836], [-114.02647942780204, 51.148412043827655], [-114.026084209453, 51.148689865476015], [-114.02577068398826, 51.14890681739224], [-114.02552935864304, 51.14907499598351], [-114.02525180922392, 51.1492692795228], [-114.02486954996988, 51.14951806060877], [-114.02459969899677, 51.14969615522612], [-114.0241712902111, 51.1499689566484], [-114.01765613838757, 51.15423871046106], [-114.02385892404575, 51.150170459070374]]]}, "properties": {"section_name": "DEERFOOT2A", "volume": 104000.0, "year": "2024"}}, {"type": "Feature", "geometry": {"type": "MultiLineString", "coordinates": [[[-114.04688211128705, 51.11052427921315], [-114.04688770057436, 51.110861343211695], [-114.04689545333088, 51.11143103998639], [-114.04688925454282, 51.112381458496735], [-114.04687531938637, 51.11279291309826], [-114.04685096356137, 51.113435501462945], [-114.04682620723436, 51.11379270432503], [-114.04681580848266, 51.11415442139701], [-114.0467876162732, 51.11468378050883], [-114.04677346584754, 51.11488498926699], [-114.0467449690402, 51.11509072553332], [-114.04668179774848, 51.11550666743364], [-114.04664237117332, 51.115905301069155], [-114.04658188425233, 51.1164162459189], [-114.04652489757365, 51.11684128177423], [-114.0463970009389, 51.11772571716348], [-114.04630422298831, 51.11824797806389], [-114.04625539083763, 51.11853062204424]]]}, "properties": {"section_name": "DEERFOOT3", "volume": 164000.0, "year": "2024"}}, {"type": "Feature", "geometry": {"type": "MultiLineString", "coordinates": [[[-114.04060796493927, 51.09607597843249], [-114.04061584509515, 51.0960885297474], [-114.04072112365006, 51.0962607726562], [-114.04085053614786, 51.09645421722455], [-114.04102596606694, 51.09669932342651], [-114.04121542396562, 51.09695325854304], [-114.04142548706177, 51.09721075133951], [-114.0416079090228, 51.09742934906978], [-114.04193692677556, 51.09781714488839], [-114.04217898291913, 51.09809535584918], [-114.04242455365815, 51.09838239915042], [-114.04274681966896, 51.098752312865955], [-114.0430204631044, 51.099072475971305], [-114.04325552003527, 51.09934847846327], [-114.04348952844971, 51.09963156560208], [-114.04370707788162, 51.099916408697105], [-114.04387901203054, 51.100141632974385], [-114.04404744132634, 51.10036244169686], [-114.04421589608046, 51.10060975343682], [-114.04444350707048, 51.1009550574715], [-114.04458039909716, 51.10117587647984], [-114.04471729882117, 51.10140332158481], [-114.04485071099899, 51.10164622915005], [-114.0449684036958, 51.10185616498481], [-114.04511707111443, 51.102146600006044], [-114.0452645750393, 51.1024601800128], [-114.04544659435938, 51.10287805863787], [-114.04558362283842, 51.10322698235962], [-114.04570311529051, 51.1035604505701], [-114.04582262768986, 51.10391379832637], [-114.04673822394307, 51.1105252240878]]]}, "properties": {"section_name": "DEERFOOT4", "volume": 167000.0, "year": "2024"}}, {"type": "Feature", "geometry": {"type": "MultiLineString", "coordinates": [[[-114.0338173607158, 51.08154183660257], [-114.03396500260169, 51.08167643668059], [-114.03446172632697, 51.08213008476385], [-114.03489993235083, 51.08253856787713], [-114.03536491212567, 51.082965273182786], [-114.03584521120194, 51.083422331838555], [-114.03625192056019, 51.083841863261846], [-114.03651723604911, 51.08413164729644], [-114.0368012852076, 51.084482744271234], [-114.03713095649258, 51.08492659227153], [-114.03740062609711, 51.08535156942277], [-114.03759358627416, 51.08568502430729], [-114.03776553145642, 51.08602511103101], [-114.03793401440333, 51.086411582600945], [-114.03803231020923, 51.08663651982633], [-114.03818294873334, 51.087038960653196], [-114.03830936815294, 51.0873923139258], [-114.03843580597531, 51.087765544985906], [-114.03854121130529, 51.08812111363146], [-114.03870933356089, 51.088706701562806], [-114.03883235482104, 51.08917490905035], [-114.03891676716742, 51.08955919722972], [-114.03946251366318, 51.09287883879652], [-114.04060796493927, 51.09607597843249]]]}, "properties": {"section_name": "DEERFOOT5", "volume": 164000.0, "year": "2024"}}, {"type": "Feature", "geometry": {"type": "MultiLineString", "coordinates": [[[-114.0267466314654, 51.06744697546754], [-114.02672093542634, 51.06763764025227], [-114.02664495927083, 51.06818039798905], [-114.02659345854114, 51.068554631910985], [-114.02654736292997, 51.06886363262861], [-114.02639296166517, 51.07001574015838], [-114.02630090895285, 51.07081097930502], [-114.02629015731921, 51.07109015303404], [-114.0262904296432, 51.071570804840384], [-114.0263204131424, 51.071981393259094], [-114.02636689572469, 51.072345304346996], [-114.02642696360176, 51.072664581209445], [-114.02649505535311, 51.072960342773285], [-114.02657689204787, 51.073260730848446], [-114.02667233214314, 51.07354738399856], [-114.02681937790216, 51.07394267819608], [-114.02694476883369, 51.07423447350858], [-114.02706742221964, 51.07450051924593], [-114.02718174301748, 51.07474883372402], [-114.02731918952675, 51.07500453669508], [-114.02754111034335, 51.07537090333367], [-114.02783859006458, 51.07579540493508], [-114.02820890007072, 51.07627726306176], [-114.02849351112482, 51.0765808062428], [-114.02880308409148, 51.07691732751491], [-114.0338173607158, 51.08154183660257]]]}, "properties": {"section_name": "DEERFOOT6", "volume": 172000.0, "year": "2024"}}, {"type": "Feature", "geometry": {"type": "MultiLineString", "coordinates": [[[-114.01711820840303, 51.047955282255955], [-114.01717818918056, 51.04804584406731], [-114.01724343494736, 51.04816153135919], [-114.01733292828503, 51.04833695625387], [-114.0173516273759, 51.04837273259494], [-114.01741867677393, 51.048484752605006], [-114.01746557382978, 51.048568305121556], [-114.01751655050802, 51.04866471231646], [-114.01754714175912, 51.04873541193073], [-114.01758385158463, 51.048821536088056], [-114.0176246497971, 51.0489397987879], [-114.01765525507821, 51.04904649233429], [-114.01771225008528, 51.049188505206075], [-114.01773264288671, 51.04923221016283], [-114.0177632427081, 51.049323477306594], [-114.01779385299419, 51.04944174148507], [-114.01781833441876, 51.04951758317308], [-114.01787138110768, 51.04969240725772], [-114.01793224106663, 51.049885789402246], [-114.01799344994825, 51.050087607412756], [-114.01804037812408, 51.05024443491674], [-114.01810540671012, 51.050451762068626], [-114.01817069539253, 51.05066257804841], [-114.01823190532576, 51.05086182484605], [-114.01827679393446, 51.05101093847075], [-114.0183521477473, 51.05124666417636], [-114.0184031597759, 51.05142020185799], [-114.0184643717061, 51.05161944850771], [-114.01851742066673, 51.05178784368548], [-114.01858652311262, 51.05200679357983], [-114.01865589715946, 51.0522291774554], [-114.01871098361997, 51.052392430980895], [-114.0187681093065, 51.052560825369916], [-114.01884907361641, 51.05280027603079], [-114.0189265943201, 51.05300851847034], [-114.01896327541654, 51.05310055916993], [-114.01898776961889, 51.05319825547185], [-114.01900001762368, 51.053250960209986], [-114.01902449407446, 51.053304948486634], [-114.01906528934094, 51.05339749909593], [-114.01909384625719, 51.053464341990185], [-114.01911628522981, 51.05351961610835], [-114.01913312232004, 51.053562755916474], [-114.01928290902778, 51.05387590615152], [-114.0194542215702, 51.05421663575045], [-114.01967500718102, 51.05460774952423], [-114.01991481211572, 51.0549868619393], [-114.020199695917, 51.05540772508837], [-114.02045852854614, 51.05578923240178], [-114.02072115682336, 51.05614194168882], [-114.02112016409522, 51.05665839053905], [-114.02140942888055, 51.05700629380332], [-114.02173294659174, 51.05738058736281], [-114.0221806802343, 51.05788336354603], [-114.02257271557865, 51.05832243415585], [-114.02294192139838, 51.05873511051217], [-114.02346595321133, 51.05931866437915], [-114.02389227924724, 51.05981291589185], [-114.02528314925517, 51.0615810023801], [-114.02595294096155, 51.0625367949036], [-114.02635486360893, 51.063169311432944], [-114.02664523950892, 51.06378779479174], [-114.02693566536814, 51.064476566040476], [-114.02700306088693, 51.06527785208246], [-114.02671425682296, 51.06741472243964]]]}, "properties": {"section_name": "DEERFOOT7", "volume": 150000.0, "year": "2024"}}, {"type": "Feature", "geometry": {"type": "MultiLineString", "coordinates": [[[-114.00467443111783, 51.03709559290426], [-114.00483897006121, 51.03721675268448], [-114.00489202708903, 51.03726111486545], [-114.00501052021185, 51.03737307621456], [-114.00515500746913, 51.0375023586359], [-114.0052876535152, 51.03765340198647], [-114.00538669691741, 51.03776325033621], [-114.00547689907907, 51.037873099913575], [-114.00554057215429, 51.03795865589808], [-114.00561485960932, 51.03808012536195], [-114.0056820734968, 51.03818786328751], [-114.00575795301407, 51.03832131950151], [-114.00582693820894, 51.0384607460953], [-114.00589239135265, 51.03861812893488], [-114.0060177041872, 51.03884782754696], [-114.00610615208534, 51.03904640366332], [-114.00619283080042, 51.0392312488685], [-114.0063288529205, 51.039527285450724], [-114.00642084101082, 51.039735367764884], [-114.00644252854875, 51.03978286566461], [-114.0065122927612, 51.039936175531125], [-114.0066340729318, 51.04019480980258], [-114.00673149968912, 51.04041503308205], [-114.00684922231243, 51.04067110616494], [-114.00697100601292, 51.040937422683385], [-114.00708467223433, 51.041188374293974], [-114.0071780429496, 51.04139579332531], [-114.00725517369557, 51.04155455812528], [-114.00733122396232, 51.04170351962881], [-114.00740023318214, 51.04183411639026], [-114.00748141741035, 51.04198007668941], [-114.0075666606701, 51.04211835493547], [-114.00768437723295, 51.042292482955105], [-114.00782238642823, 51.04247429212346], [-114.007927925856, 51.04261769018694], [-114.00803346327821, 51.042745723793736], [-114.0081390020998, 51.04288656138322], [-114.00824454071477, 51.04301459479342], [-114.00836631088609, 51.04312726258779], [-114.0084962023043, 51.043252734642074], [-114.00864232634251, 51.04336796154694], [-114.00881224792958, 51.04350220425937], [-114.00898272681499, 51.04362255124581], [-114.00918161761045, 51.04375826100698], [-114.00941298263609, 51.04391189514395], [-114.00960781672057, 51.044037362495715], [-114.00982700497313, 51.044165388650086], [-114.00998936634416, 51.04426012847919], [-114.01006243079723, 51.04430365679542], [-114.01011320488806, 51.04432800470277], [-114.01021819426067, 51.0443311815328], [-114.01032325461236, 51.04435208691603], [-114.01046139496977, 51.04439738918354], [-114.01061704743921, 51.04444850066172], [-114.01140641537285, 51.04478528238446], [-114.01154248953009, 51.04483904381018], [-114.01170957921207, 51.04490844590689], [-114.01187666906465, 51.04497656223211], [-114.01207636209264, 51.04505495830866], [-114.01226489634392, 51.04512638637389], [-114.01239327036745, 51.04517522303839], [-114.01253183533528, 51.045234342723035], [-114.01267651458829, 51.04529988833939], [-114.01541279291975, 51.04649863687001], [-114.01642075583818, 51.04720211856917], [-114.01711820840303, 51.047955282255955]]]}, "properties": {"section_name": "DEERFOOT8", "volume": 146000.0, "year": "2024"}}, {"type": "Feature", "geometry": {"type": "MultiLineString", "coordinates": [[[-114.00713281502077, 51.012448196083525], [-114.00697200499785, 51.01258689476567], [-114.00680731474141, 51.01274366830609], [-114.00667457932747, 51.012869397171926], [-114.00648285027441, 51.01307739286999], [-114.0063206178768, 51.013255895675265], [-114.00615592573945, 51.01344371089402], [-114.00601581563551, 51.01361134794673], [-114.0059420711076, 51.01369361451022], [-114.0058049492029, 51.01385989369395], [-114.00564762973208, 51.01406323046424], [-114.00538215055109, 51.01442954507309], [-114.0052272868617, 51.01465616287553], [-114.00501859400102, 51.01497650573068], [-114.00479735718326, 51.01535523552475], [-114.00467198963875, 51.01559271728524], [-114.00445099225473, 51.0160167126004], [-114.00421745675813, 51.01647770534617], [-114.00409700044973, 51.0167182913352], [-114.0038942926304, 51.01712982234648], [-114.00369271470126, 51.017528721408205], [-114.00351571577453, 51.017888816794034], [-114.00327272688436, 51.018376589222285], [-114.00313751589137, 51.0186513168163], [-114.00301213698326, 51.018893448868944], [-114.0028749069505, 51.01918066298079], [-114.00274706612036, 51.01943831652812], [-114.00256759681099, 51.01979841041742], [-114.00242254505699, 51.02008710563915], [-114.00234633019137, 51.02023921412049], [-114.0022487385479, 51.02043336092705], [-114.00214547928513, 51.02063358483455], [-114.0020495945968, 51.02081984021012], [-114.00198075248538, 51.0209502182327], [-114.00186027864912, 51.0211535463283], [-114.00173242962074, 51.021411198678216], [-114.0016416615742, 51.02159839484696], [-114.00157811210522, 51.02172107729842], [-114.00129228561943, 51.02229514043653], [-114.0011849334263, 51.02251361000723], [-114.00100560116871, 51.0228716857998], [-114.00083344438347, 51.02322453459402], [-114.00053000587616, 51.02383220947516], [-114.00039116360914, 51.02410873699669], [-114.00024682469237, 51.02439789227401], [-114.00010983070676, 51.02467441853144], [-113.99993786858155, 51.02501206420651], [-113.999799020664, 51.02529522631251], [-113.99966032928656, 51.025577812895364], [-113.99959337640477, 51.02571227975214], [-113.99950041455087, 51.02590671176901], [-113.99942658687638, 51.026053151058], [-113.99931741969594, 51.02627075035192], [-113.99926647793393, 51.02637572708446], [-113.9992178197716, 51.02647032692675], [-113.99916244699143, 51.02658103814921], [-113.99909014391432, 51.026726863218904], [-113.99904960783691, 51.02680981951027], [-113.99890664788819, 51.02709398099522], [-113.99874605673456, 51.027428222257726], [-113.99860963695095, 51.02768921770815], [-113.99849224029329, 51.02792787997625], [-113.99835409207485, 51.02820641320371], [-113.99826602176171, 51.02838384908592], [-113.99810217944378, 51.02872667455989], [-113.99796920702565, 51.02900623940221], [-113.9978451051369, 51.029301642397435], [-113.99776048230221, 51.02950589976659], [-113.9976879465027, 51.02970809415801], [-113.99758787900335, 51.03001496375101], [-113.99754469933038, 51.03019136882739], [-113.99748079940666, 51.030498067353115], [-113.99744452328925, 51.0307508108267], [-113.99743242491127, 51.030939595406586], [-113.99743401239567, 51.03105514345028], [-113.99742609116889, 51.03111302470721], [-113.99743437542264, 51.03132263268939], [-113.99746756455845, 51.031584643377435], [-113.99752565824222, 51.031888576489095], [-113.99760866605865, 51.032171549561575], [-113.99771658458862, 51.03242308139284], [-113.99810731559249, 51.033316556391576], [-113.99906933582157, 51.03441088396898], [-114.00060174083265, 51.035330686606066], [-114.00289379233003, 51.036244054662134], [-114.00467443111783, 51.03709559290426]]]}, "properties": {"section_name": "DEERFOOT9", "volume": 128000.0, "year": "2024"}}, {"type": "Feature", "geometry": {"type": "MultiLineString", "coordinates": [[[-114.2338689882239, 51.01995432992748], [-114.23366017373844, 51.0200501391748], [-114.23345978405567, 51.02014522641658], [-114.23327055364247, 51.02024029013795], [-114.2330857449604, 51.02032734382144], [-114.23286307556266, 51.02043047627986], [-114.23264933855077, 51.0205349228147], [-114.23248681313443, 51.020615263455404], [-114.23230870427815, 51.020703635758125], [-114.23211052773877, 51.02079604900266], [-114.23193015881314, 51.02087909157422], [-114.23170968159548, 51.02097554884806], [-114.23155823358226, 51.02103986170973], [-114.23137290853688, 51.02111523146593], [-114.23113901154679, 51.02120637968916], [-114.23097861384282, 51.02126670994261], [-114.23081820247369, 51.02132437183397], [-114.23066446707793, 51.02137801987287], [-114.23047507242515, 51.0214424071196], [-114.2302589215597, 51.02151218132007], [-114.23001377560024, 51.021586012648406], [-114.22972850686116, 51.02167059141953], [-114.22948776414715, 51.021732409825866], [-114.22931114300728, 51.02177592098886], [-114.22915956414823, 51.021814892382245], [-114.22895223144613, 51.021863309615306], [-114.22877163755872, 51.02190233734796], [-114.2285620457249, 51.021945422873834], [-114.228319008978, 51.02199524199398], [-114.22811385576259, 51.02203298350526], [-114.22783509923038, 51.02208153725519], [-114.22759423433415, 51.02211934837248], [-114.22731097480893, 51.02215990783513], [-114.2270834677573, 51.02219102329371], [-114.22687823964446, 51.02221409325171], [-114.2266280887543, 51.02223999186159], [-114.22628898352814, 51.02227132214516], [-114.22591861806264, 51.022300044614234], [-114.22553256906039, 51.02231679392045], [-114.22519337207399, 51.02232945032209], [-114.22486976606655, 51.0223354080172], [-114.22457961316637, 51.02233596599399], [-114.22435417461385, 51.02233373175656], [-114.2240460415857, 51.02232769655843], [-114.22377146719377, 51.02231888677137], [-114.22345444202982, 51.02230082253066], [-114.22313516579226, 51.022278762174324], [-114.22287613852785, 51.022253917885614], [-114.22253449349063, 51.02222122857639], [-114.22225757311372, 51.02218841518439], [-114.22197616485205, 51.02215027512453], [-114.22172153316684, 51.02211075040096], [-114.221187648072, 51.02202815088164], [-114.22064710322623, 51.02194115380789], [-114.22002392938737, 51.02184364166432], [-114.21951689890139, 51.02176324577562], [-114.21905899843385, 51.021688089237564], [-114.21815360990833, 51.0215447678661], [-114.21788556726628, 51.02149992438338], [-114.21765579242486, 51.02146531759943], [-114.21543164630113, 51.02109961737655], [-114.21492787774753, 51.02100357401735], [-114.21435575345863, 51.02087533202757], [-114.21380943499054, 51.02073158029275], [-114.21352681868348, 51.020649180676386], [-114.21328819679435, 51.020575966754265], [-114.2127676272407, 51.020404055688765], [-114.21246373338518, 51.02029639498708], [-114.21085311451056, 51.01973450119158], [-114.20801336436921, 51.018744848500496], [-114.20588149353846, 51.01799009999814], [-114.20371528600207, 51.01724744120087], [-114.19968258719351, 51.01581966322132], [-114.19960278223743, 51.01576040492958], [-114.19954739903511, 51.015719356850035], [-114.19950565681062, 51.01569371463064], [-114.19948841175618, 51.01568231535309], [-114.19944578177608, 51.015660674185], [-114.19939772932234, 51.015640756607134], [-114.19931070860022, 51.01560890591143], [-114.19670015790291, 51.01468803105733], [-114.19552866333834, 51.01427827017001]]]}, "properties": {"section_name": "GLENMORE0", "volume": 43000.0, "year": "2024"}}, {"type": "Feature", "geometry": {"type": "MultiLineString", "coordinates": [[[-114.19552866333834, 51.01427827017001], [-114.19536370721077, 51.01422057091289], [-114.19494987636472, 51.01407562025246], [-114.19480685483066, 51.01402280821902], [-114.19448849682892, 51.01390971026335], [-114.19421651617708, 51.013811210200124], [-114.19343922406385, 51.01352968878012], [-114.19129487079957, 51.012786606797754], [-114.19125650834044, 51.01277502421658], [-114.19121518550763, 51.01276262839606], [-114.19117866530094, 51.01275475645806], [-114.19113735971312, 51.012746893235374], [-114.19109845446924, 51.01274053635774], [-114.19098012817838, 51.01272486732019], [-114.19091020765292, 51.012713345189205], [-114.18771764516934, 51.01165832607395], [-114.18720715915504, 51.01149822503476], [-114.18685011581749, 51.01139011080058], [-114.18630398125303, 51.01123176997259], [-114.1859738032852, 51.011139881749564], [-114.18530169248677, 51.01095981954572], [-114.18472640774445, 51.01081504450655], [-114.18415882054431, 51.010680774360466], [-114.18338797912273, 51.01050773749402], [-114.1825924681332, 51.01034453656588], [-114.18217475159287, 51.010265789786445], [-114.1815701014305, 51.01015563232011], [-114.18100135115675, 51.01006044436181], [-114.1802408510307, 51.00994387697024], [-114.17969385851246, 51.00986747101948], [-114.17884694527716, 51.00975954524503], [-114.17820007086601, 51.00968974790208], [-114.17753679765073, 51.009625025958904], [-114.17706977175176, 51.00958408309331], [-114.17651812288432, 51.0095421065453], [-114.17608446514083, 51.00951332106824], [-114.17500105562998, 51.00944364253134], [-114.17346827821356, 51.00934580244225], [-114.17209865035224, 51.009258100564935], [-114.17056411221763, 51.00915900685849], [-114.16936732313778, 51.009082720764916], [-114.16810769500208, 51.00900196669746], [-114.16687051114609, 51.00892306744432], [-114.1664973527078, 51.00890082141306], [-114.16610548864203, 51.00888442527193], [-114.1658890609725, 51.00888408187538], [-114.165659035116, 51.008895808179375], [-114.16540019304144, 51.008911011623155], [-114.16520876435315, 51.00893459747479], [-114.16505236120379, 51.008959001057974], [-114.16485841249943, 51.008994963450135], [-114.16473906437503, 51.00901871201085], [-114.1646553317184, 51.009040019880715], [-114.16457810501795, 51.0090523619934], [-114.16448434352299, 51.00906729032276], [-114.16436949490492, 51.00908816712361], [-114.16424059413706, 51.00911498154656], [-114.1641117245504, 51.00915067410558], [-114.16397561671909, 51.00919225690535], [-114.16379668344189, 51.009262848526284], [-114.16359674389113, 51.009354467648606], [-114.16343261954249, 51.00942919935103], [-114.16306456473993, 51.00968055401446]]]}, "properties": {"section_name": "GLENMORE1", "volume": 43000.0, "year": "2024"}}, {"type": "Feature", "geometry": {"type": "MultiLineString", "coordinates": [[[-114.053501157384, 50.99401406122302], [-114.05197278255592, 50.99408639541246], [-114.05082809332221, 50.99415425068171], [-114.04911932157647, 50.99425310537239], [-114.04826079438229, 50.9943007918198], [-114.04715889949703, 50.99433598470749], [-114.04703781616487, 50.99434087633007], [-114.0469313783342, 50.994344412574385], [-114.04683454148443, 50.9943476958557], [-114.04670502383955, 50.99435149106008], [-114.04659399448917, 50.99435477981464], [-114.04648338200833, 50.99435756936327], [-114.04634757481341, 50.99436111855478], [-114.04622026695185, 50.99436391447605], [-114.0460988022004, 50.99436645803651], [-114.04589711619211, 50.99436953554266], [-114.0457151259869, 50.99437160353069], [-114.04550461763708, 50.99437442670233], [-114.04532888669418, 50.99437499394813], [-114.04497025637531, 50.994375878691415], [-114.04472172942752, 50.99437472719941], [-114.04455100707979, 50.99437529135791], [-114.04431590551636, 50.994374880036936], [-114.04420111545483, 50.994373925651814], [-114.04396888409538, 50.99437027531551], [-114.04380483803139, 50.99436734243025], [-114.04367366155358, 50.99436464874708], [-114.04352297110778, 50.99436096162155], [-114.04339356987167, 50.99435701647981], [-114.04325361013639, 50.99435307959904], [-114.04315968774891, 50.994348872040405], [-114.04309289908646, 50.9943456522706], [-114.04304388163604, 50.994342802589856], [-114.04282705278656, 50.99433337105147], [-114.04258509787353, 50.994320263347795], [-114.04237285565786, 50.99430714437081], [-114.04222598216568, 50.99429603130067], [-114.04215283247643, 50.99429046425452], [-114.04203006569868, 50.99428355756076], [-114.0418053377688, 50.994268676444726], [-114.04166469428982, 50.994257955092294], [-114.04151385307867, 50.99424757611038], [-114.04130413694374, 50.99422939752523], [-114.04102962896461, 50.99420379866986], [-114.04076761104673, 50.99417940394159], [-114.04058942617812, 50.99416181178827], [-114.04037050901196, 50.994141002506346], [-114.04018831988198, 50.99412311176403], [-114.0400820215263, 50.99411329454707], [-114.03999643233057, 50.99410464691215], [-114.03993604598209, 50.9940981005113], [-114.03966853534057, 50.99407255180241], [-114.03955846069296, 50.994060890681745], [-114.03942820874235, 50.994048504497655], [-114.03934268981828, 50.99404012875133], [-114.03927191080561, 50.99403233682145], [-114.03918327639141, 50.994020401141114], [-114.03908379883823, 50.99400866499918], [-114.03888869555705, 50.993981553901214], [-114.03863125673044, 50.99394144945328], [-114.03842877906406, 50.99391228675207], [-114.03823497529949, 50.993879467401904], [-114.0379068491817, 50.99382146597514], [-114.03759733896172, 50.99376310793353], [-114.0373022881314, 50.99370291682699], [-114.0370390542126, 50.993644540723345], [-114.03682499460591, 50.9935952839847], [-114.03661671889427, 50.99354602504092], [-114.03638241102716, 50.993491292746086], [-114.03595114048414, 50.99338072569441], [-114.03562425737904, 50.99328948392968], [-114.0353696919349, 50.99321466084755], [-114.0350138761682, 50.99310515792854], [-114.0347477377117, 50.993021202407455], [-114.03449606148055, 50.992937242009816], [-114.0342270279445, 50.99284414980751], [-114.03400717597808, 50.9927656547225], [-114.03381625091706, 50.99269628450467], [-114.03361664473007, 50.992619609551426], [-114.03344018199606, 50.99255023545422], [-114.03321966359474, 50.99245825615096], [-114.0329332650669, 50.99233227756155], [-114.03265554058198, 50.99220081565236], [-114.03237202932358, 50.992062046863246], [-114.03211454844896, 50.99192509786015], [-114.03187731947955, 50.99179727731387], [-114.03164587644687, 50.99166945471615], [-114.03145783038843, 50.991565371073186], [-114.03130449837604, 50.991475893471936], [-114.03116852279366, 50.99139371796138], [-114.03108509422583, 50.991349168681595]]]}, "properties": {"section_name": "GLENMORE10", "volume": 121000.0, "year": "2024"}}, {"type": "Feature", "geometry": {"type": "MultiLineString", "coordinates": [[[-114.03108509422583, 50.991349168681595], [-114.03084289771584, 50.99120532749205], [-114.03044295547802, 50.99096114042439], [-114.03007852061603, 50.99072992413725], [-114.0299975448691, 50.99067527068818], [-114.02970531634008, 50.99048061243239], [-114.02935396029679, 50.99023994943406], [-114.02905306155701, 50.990025236325984], [-114.02890078376548, 50.98990895663733], [-114.02864854648942, 50.98972061105], [-114.02821868303467, 50.98938083040254], [-114.02789347722631, 50.98911183242496], [-114.02753237336319, 50.98880729085411], [-114.02726511054263, 50.988579582958835], [-114.02704250321601, 50.98839843767837], [-114.02666802827494, 50.98808532919439], [-114.02641132397763, 50.9878680370095], [-114.02620454918645, 50.987692401785885], [-114.02592832735564, 50.98746177829879], [-114.02575800013514, 50.987317624625945], [-114.02563308179397, 50.9872118400962], [-114.02532904120667, 50.98695864872833], [-114.02520081546419, 50.986848908026005], [-114.02502645816706, 50.98670289234867], [-114.02489327148716, 50.98659018572505], [-114.02464204237864, 50.986379852847364], [-114.02420730580552, 50.9860134861555], [-114.02399987651933, 50.98584016918222], [-114.02391321813813, 50.985766432635195], [-114.02299358086516, 50.98499400831917], [-114.02260522649026, 50.98466730303966], [-114.02213940048583, 50.98427179942902], [-114.02141534505934, 50.98365557926118], [-114.02116564575007, 50.983435844152865]]]}, "properties": {"section_name": "GLENMORE11", "volume": 0.0, "year": "2024"}}, {"type": "Feature", "geometry": {"type": "MultiLineString", "coordinates": [[[-114.02116564575007, 50.983435844152865], [-114.02099223205366, 50.98329832208224], [-114.02080148960945, 50.98315352197573], [-114.02061590858784, 50.98303549594916], [-114.02043914665538, 50.98290705336617], [-114.02026472176259, 50.98278288207432], [-114.02010159172957, 50.98266938849359], [-114.01990273410789, 50.98253461016219], [-114.01969427077529, 50.982397573964775], [-114.01933955711279, 50.98217460363836], [-114.01910759661483, 50.98203590715467], [-114.01873729562193, 50.98182696526594], [-114.01841075916329, 50.981655530770006], [-114.0181078329207, 50.98149900403083], [-114.01769869365013, 50.98130521271041], [-114.01730702339438, 50.981135178387895], [-114.0168821630444, 50.980953813168504], [-114.01640617273024, 50.980769967901615], [-114.0160639391362, 50.98065320697703], [-114.01539128040737, 50.98042961971716], [-114.01490957164516, 50.980301716415305], [-114.01441797524369, 50.980173743123444], [-114.01400583328422, 50.98007234838995], [-114.0135540553318, 50.97997094871532], [-114.0130203728451, 50.979861471892], [-114.01259126788888, 50.97977746578425], [-114.01203580074818, 50.979675582316084], [-114.01139347499, 50.979567255401726], [-114.01086920482454, 50.97948625660962], [-114.01024488046166, 50.97939836008828], [-114.00988058583951, 50.979351320695905], [-114.00954205703266, 50.97930930158483], [-114.00915666546001, 50.979271844819046], [-114.00887220340067, 50.97925136005816], [-114.00859463681992, 50.97923833026608], [-114.00835061388258, 50.97923250457179], [-114.00811235363952, 50.97923187678898], [-114.00787769281912, 50.97923614414137], [-114.00763762708218, 50.97924554187436], [-114.00744840030916, 50.97925655495282], [-114.0072304909667, 50.97927314140285], [-114.00701703067112, 50.979292697420455], [-114.00659668930578, 50.97933614101411], [-114.00629498402519, 50.979368038310305], [-114.00587163670218, 50.97941278747732], [-114.00548310337633, 50.97945190045099], [-114.00519596098746, 50.97947562156563], [-114.00492736019659, 50.97949139597853], [-114.00465167814582, 50.97950083851593], [-114.00437260473738, 50.97950442814781], [-114.00407131985371, 50.97950448758142], [-114.00371237681924, 50.979496295416915], [-114.00312772942313, 50.979481611457416], [-114.00273349526194, 50.97946753247939], [-114.00249637130524, 50.979459202413054], [-114.0021548665, 50.97945020229681], [-114.00185257924475, 50.97944573683716], [-114.00153472854689, 50.979443413977236], [-114.00097042837197, 50.979443351705015], [-113.99941730373901, 50.97944791932016], [-113.99827389721504, 50.97945048001286], [-113.99806626040181, 50.979450944231765]]]}, "properties": {"section_name": "GLENMORE13", "volume": 75000.0, "year": "2024"}}, {"type": "Feature", "geometry": {"type": "MultiLineString", "coordinates": [[[-113.99806626040181, 50.979450944231765], [-113.99760293666807, 50.97944004625762], [-113.99750119765179, 50.979435811711866], [-113.99739505832093, 50.97943127492101], [-113.99730357683907, 50.97942734338883], [-113.99719238382693, 50.979418272723755], [-113.99713408172951, 50.97941197932313], [-113.99703855645575, 50.97940049062954], [-113.99693696785933, 50.979384769285105], [-113.9968505413552, 50.97936814118774], [-113.99676916889825, 50.979351514065264], [-113.99671033914666, 50.97933770853301], [-113.9966699052263, 50.979326523134645], [-113.99665569490578, 50.97932155314832], [-113.99656030921086, 50.97929461234035], [-113.9964725824686, 50.97926415396368], [-113.9963589057981, 50.97922705662133], [-113.99627550286868, 50.97919503669677], [-113.9961846869127, 50.97915715869444], [-113.99610648203011, 50.979125000375], [-113.99602864054344, 50.97909102696779], [-113.99593658912028, 50.97905080687797], [-113.99582662128165, 50.97900160523176], [-113.99570862365536, 50.978950450594795], [-113.99556121823731, 50.978885339803746], [-113.995479669453, 50.97885019541189], [-113.99541233054374, 50.978822860092485], [-113.99534746353834, 50.97879864880029], [-113.99529528570717, 50.97877964309823], [-113.99523721240217, 50.97876050857795], [-113.99515628268539, 50.97873356361347], [-113.99508832527776, 50.97871403755095], [-113.99501418923126, 50.97869255859308], [-113.99493017038536, 50.97867147021744], [-113.99484851808641, 50.97865290892836], [-113.99477623551164, 50.97863884921207], [-113.99469962795845, 50.97862674184711], [-113.99460572124987, 50.97861463273536], [-113.99450193191765, 50.97860135260684], [-113.99439319801667, 50.97859119521768], [-113.99429867413482, 50.978584943606165], [-113.99418535011506, 50.97857907574887], [-113.99405746354029, 50.9785763355045], [-113.9939042461906, 50.978573984858926], [-113.99375134029765, 50.97857478137045], [-113.99355840211697, 50.97857414609746], [-113.99294051745503, 50.97857436031018], [-113.9914398637091, 50.97858036318649], [-113.99058661226248, 50.97858397169356], [-113.98897912319084, 50.978592932412305], [-113.98799595110584, 50.978600976717665], [-113.98725146204397, 50.978606708874295], [-113.98704132232386, 50.978618322195906], [-113.98689577092902, 50.97863567342251], [-113.9866486532995, 50.97868102792775], [-113.98623143667253, 50.978797915679856], [-113.98612045289869, 50.97883487953623], [-113.98598052709548, 50.978884619766674], [-113.98577801910636, 50.97896011889177], [-113.98561629420388, 50.979020517973055], [-113.98548791308362, 50.97906704157094], [-113.98539298853227, 50.979099460569], [-113.9852973612087, 50.97912921391536], [-113.98524136799328, 50.979145544980256], [-113.98514433422204, 50.97917307663532], [-113.98500019245945, 50.97920993182073], [-113.98486339252939, 50.97924354874226], [-113.98475299925609, 50.97927107834007], [-113.9846123758156, 50.97929904795325], [-113.98450515677088, 50.97931717077203], [-113.98438562648215, 50.97933581325787], [-113.98425836420772, 50.97935223409067], [-113.98413488731818, 50.97936770327547], [-113.98396122044961, 50.97938411747322], [-113.98375486606085, 50.97939913254855], [-113.9836086239435, 50.97940622038258], [-113.98347955754188, 50.979408840718165], [-113.98337620443426, 50.979410158350106], [-113.9832353922949, 50.97940898842779], [-113.9827490521782, 50.97941051152033], [-113.98195215579493, 50.97940805197048]]]}, "properties": {"section_name": "GLENMORE14", "volume": 50000.0, "year": "2024"}}, {"type": "Feature", "geometry": {"type": "MultiLineString", "coordinates": [[[-113.9586129800919, 50.97946680483246], [-113.95849431145061, 50.979466891285476], [-113.95833610795641, 50.97946700577693], [-113.95806767766695, 50.979467201004795], [-113.95779924880046, 50.979467394717396], [-113.95673322740124, 50.97946829840038], [-113.9566170974286, 50.97947037153912], [-113.95649426525398, 50.97947455917267], [-113.9563718142956, 50.979482224087455], [-113.9562355765272, 50.97949487216896], [-113.95505488499184, 50.979622221573536], [-113.95431238204667, 50.97962211154782], [-113.94679986201102, 50.97962995886595], [-113.93520148006694, 50.979657428370075], [-113.93479412362606, 50.97964435163805], [-113.92833052694618, 50.97964454307339], [-113.9242767210492, 50.97965800384111], [-113.92362003359659, 50.97965685804619], [-113.92140788707474, 50.9796516222255], [-113.92000854638329, 50.979596754997104]]]}, "properties": {"section_name": "GLENMORE16", "volume": 29000.0, "year": "2024"}}, {"type": "Feature", "geometry": {"type": "MultiLineString", "coordinates": [[[-114.16306456473993, 51.00968055401446], [-114.16252967240492, 51.00932990074513], [-114.16237237191977, 51.00924418957906], [-114.16223235796899, 51.00917593126218], [-114.1620709858694, 51.009106541820664], [-114.16189409570583, 51.00904065450617], [-114.16171918053763, 51.00898404525512], [-114.16160646347866, 51.008949394512214], [-114.16131305947671, 51.008873225756226], [-114.16107606749016, 51.00882946403826], [-114.16081968786666, 51.008792690222805], [-114.1606371251612, 51.00876973688441], [-114.16040024638015, 51.00875846006574], [-114.16021385040513, 51.0087494338251], [-114.15995369123, 51.00874282855226], [-114.15754562560888, 51.008741529761274], [-114.15683087544997, 51.00875878168538], [-114.15515357645722, 51.00875638036511], [-114.15303754277133, 51.00875452951383], [-114.15112771631124, 51.00874992589898], [-114.1504844570886, 51.00874744696289], [-114.1492854334201, 51.00874578373655], [-114.14724193144008, 51.00874271399951], [-114.14625087290575, 51.00874303360323], [-114.14596978352668, 51.008746997188005], [-114.14570549635286, 51.008756593726716], [-114.14544338275265, 51.00877276659281], [-114.14517264056273, 51.00879570092719], [-114.14490012825614, 51.00882273617543], [-114.14463059791038, 51.00885521491238], [-114.14371104411215, 51.008973001065264], [-114.14348972984304, 51.00899984508455], [-114.14326263899575, 51.0090203750428], [-114.14301158930412, 51.00903513546846], [-114.14265450769429, 51.009045314200876], [-114.14233474803429, 51.00904735197466], [-114.14208004156251, 51.00904069936577], [-114.1419538874806, 51.00903597752877], [-114.14170728002343, 51.00902210535208], [-114.14138767808724, 51.009005207836815], [-114.14122180825157, 51.00899557988306], [-114.14105312654189, 51.008983913506064]]]}, "properties": {"section_name": "GLENMORE2", "volume": 84000.0, "year": "2024"}}, {"type": "Feature", "geometry": {"type": "MultiLineString", "coordinates": [[[-114.1317998488849, 51.003220383205054], [-114.13169064333705, 51.003122878884895], [-114.13134164474369, 51.002806578948956], [-114.1311004069127, 51.002595209236695], [-114.13084570391264, 51.002393796821906], [-114.13060683439454, 51.002223615604464], [-114.1303577633036, 51.00207150399455], [-114.13017981323199, 51.00197085387531], [-114.12996360058634, 51.00185888293723], [-114.12971591408792, 51.00175120681178], [-114.12947500144101, 51.001652045887234], [-114.12921161079066, 51.00155717049203], [-114.12889423091455, 51.001456671617674], [-114.12854540015012, 51.001367570498005], [-114.12830634107682, 51.00131740495031], [-114.12802283232881, 51.00126516063756], [-114.12777759819335, 51.00122849806665], [-114.1275728723953, 51.001201734382086], [-114.12733667353208, 51.00117926581095], [-114.12707349943422, 51.001161087270766], [-114.12683958550903, 51.00115139871245], [-114.12652922370171, 51.00114747405471], [-114.1250777587215, 51.00114525844768], [-114.12388745722632, 51.001145004627745], [-114.12334095931418, 51.0011413216405], [-114.12313179641124, 51.001135860696294], [-114.12282552184979, 51.00112356946559], [-114.12253760862968, 51.001103986323805], [-114.1223216536848, 51.0010814854835], [-114.12205170106533, 51.00105051922655], [-114.1218199676856, 51.00101383094734], [-114.12157696938584, 51.00097005108568], [-114.12139021136797, 51.00093189385845], [-114.12113818126365, 51.00087391947408], [-114.12090080657305, 51.00081435796396], [-114.12010824408712, 51.00066877280869], [-114.11926191272623, 51.00050108539141], [-114.11768771863198, 51.00017568731968], [-114.11558882132114, 50.99973954213643], [-114.11523789480212, 50.99966655173676]]]}, "properties": {"section_name": "GLENMORE4", "volume": 0.0, "year": "2024"}}, {"type": "Feature", "geometry": {"type": "MultiLineString", "coordinates": [[[-114.11523789480212, 50.99966655173676], [-114.11353992576664, 50.99931706954955], [-114.11313940342684, 50.99923196321379], [-114.11278315860704, 50.999152269585025], [-114.11262657026323, 50.99911028270976], [-114.11249959212968, 50.99906995180751], [-114.11189442498436, 50.99894252616705], [-114.111273233892, 50.99881395386599], [-114.11075889651204, 50.9987105159009], [-114.10985748191258, 50.99852883607856], [-114.10892230704033, 50.998344517096065], [-114.10783154679127, 50.9981153987632], [-114.10722247177691, 50.99798625254513], [-114.10653369819731, 50.997838516600076], [-114.10592804448326, 50.997707789092026], [-114.10554585517117, 50.99761653420983], [-114.1052025093599, 50.99752395396891], [-114.10473711071292, 50.99738812074771], [-114.10436136357175, 50.99728008482356], [-114.10401580663572, 50.99716169961572], [-114.1035406735591, 50.99700085344522], [-114.10318533201941, 50.99687523585233], [-114.10290453580687, 50.996761950290555], [-114.10256541139141, 50.99662162267855], [-114.10198322964057, 50.996369620204746], [-114.10113488149118, 50.995997744339824], [-114.10088247594237, 50.995893081120094], [-114.10073380990791, 50.99582672524061], [-114.10027233517391, 50.99562834937668], [-114.1001692624143, 50.99558188225284], [-114.09989755665161, 50.99543716315517], [-114.09970192370423, 50.99534044885467], [-114.09950645238087, 50.99525298370557], [-114.09943928335638, 50.995238868453534], [-114.09931758632553, 50.99520372291261], [-114.09919586057494, 50.9951550197329], [-114.09895095796274, 50.99504676891099], [-114.0987203822603, 50.994947543827145], [-114.09850127803435, 50.99485915482538], [-114.09841687595937, 50.99482487407922], [-114.09806981204241, 50.99470222213098], [-114.0976597494837, 50.9945703497324], [-114.09726364883807, 50.994457214324015], [-114.0968545977355, 50.99436086869372], [-114.09638328807783, 50.99426709914496], [-114.0959843238913, 50.99420010467389], [-114.09558798608363, 50.99414552072528], [-114.09517025326399, 50.9941028769509], [-114.0948108265577, 50.99407639661265], [-114.09435477876714, 50.994056296896794]]]}, "properties": {"section_name": "GLENMORE5", "volume": 142000.0, "year": "2024"}}, {"type": "Feature", "geometry": {"type": "MultiLineString", "coordinates": [[[-114.09435477876714, 50.994056296896794], [-114.09403730592138, 50.994052288985905], [-114.09374182172388, 50.99404892332323], [-114.09348285351575, 50.99404985180186], [-114.09329917323495, 50.99404711559247], [-114.09304964220392, 50.994036547491156], [-114.09293669589968, 50.994035196322464], [-114.09281296562528, 50.99403362167465], [-114.09247529541251, 50.99403270727059], [-114.09216498662383, 50.994032952470235], [-114.09156228790883, 50.9940319825914], [-114.09119464048203, 50.99403184941236], [-114.09057512341384, 50.99403054955044], [-114.0901530122614, 50.99403015594284], [-114.08930167024002, 50.994030828641385], [-114.08891362282135, 50.994036110349384], [-114.08868660458131, 50.99404060699524], [-114.0884025433938, 50.99404442539226], [-114.08811848488783, 50.99404968416375], [-114.08781934084479, 50.99405423080367], [-114.08753984626509, 50.99406020572073], [-114.08723639559442, 50.99406691884188], [-114.087165679749, 50.994068260760926], [-114.08678415498188, 50.99406686727974], [-114.08635178109907, 50.994068628712405], [-114.08577979267788, 50.99406976565536], [-114.08559840930329, 50.99407566385355], [-114.0854227310378, 50.994081557599024], [-114.08522713830955, 50.99408602454191], [-114.08505933712327, 50.99408781533658], [-114.08470920097197, 50.99408856326335], [-114.0844100379425, 50.99409159988881], [-114.0840472616356, 50.99409762658992], [-114.0837620599724, 50.9941021555077], [-114.08341008803555, 50.99410240731655], [-114.08329080035632, 50.99409890368364], [-114.08313253021177, 50.99409178949562]]]}, "properties": {"section_name": "GLENMORE6", "volume": 124000.0, "year": "2024"}}, {"type": "Feature", "geometry": {"type": "MultiLineString", "coordinates": [[[-114.08313253021177, 50.99409178949562], [-114.0828322229294, 50.99408588342473], [-114.082313903052, 50.99408402926479], [-114.08189065295561, 50.99408504767547], [-114.08137387856881, 50.99408310645467], [-114.08137215941983, 50.99408324070128], [-114.08103218908849, 50.994083476987136], [-114.08041477373209, 50.994086011684104], [-114.08010106409353, 50.99409775751728], [-114.0799452676587, 50.99410074725967], [-114.07948095594467, 50.99410682921462], [-114.0789130996993, 50.99411149508874], [-114.0788748126485, 50.99411373962843], [-114.07853484693962, 50.994116851677276], [-114.07778753840996, 50.99411514372167], [-114.0773209300535, 50.994111850337234], [-114.07649347495695, 50.99411048468065], [-114.0763908951692, 50.99410915747631], [-114.07633610970159, 50.99410729733274], [-114.07630647854585, 50.99410561761443], [-114.0757311554176, 50.9941282174653], [-114.07522710370799, 50.99414601480154], [-114.0749762980104, 50.99415636777132], [-114.0743723821778, 50.99416112191186], [-114.0735773487977, 50.994160130288705], [-114.07275183067756, 50.994163559048296], [-114.07197335025138, 50.994165407659125], [-114.07075918030084, 50.994170446443285], [-114.06916539988732, 50.994174316219215], [-114.06858450968944, 50.994171757646356], [-114.06819487231907, 50.99416470577229], [-114.06792272949416, 50.99415614688046], [-114.06748924394613, 50.99413892638593], [-114.06739182115109, 50.99412878997187], [-114.06719211024297, 50.994109976946795], [-114.06707519691433, 50.994092572424854], [-114.06703266659062, 50.99408258487959]]]}, "properties": {"section_name": "GLENMORE7", "volume": 96000.0, "year": "2024"}}, {"type": "Feature", "geometry": {"type": "MultiLineString", "coordinates": [[[-114.06703266659062, 50.99408258487959], [-114.06690240745466, 50.994079255099855], [-114.06660939496943, 50.994062799456245], [-114.0663838392874, 50.9940416318645], [-114.0660404749325, 50.99402604124304], [-114.06587423334655, 50.994023998214075], [-114.0652732853949, 50.9939880031702], [-114.06412928628123, 50.99392788444553], [-114.06386296654085, 50.99391755539253], [-114.06359264616866, 50.993904599288825], [-114.062674527927, 50.99385850300903], [-114.06105242156909, 50.99380716166314], [-114.06014409176132, 50.99379452923407], [-114.05977499492555, 50.99377786904898], [-114.05901225295337, 50.99378106880848], [-114.05826352611143, 50.99379188805229], [-114.05783365455125, 50.99379657855891], [-114.05756538774304, 50.99379965790524], [-114.05737283479532, 50.993806382606216], [-114.0571552398082, 50.9938195217877], [-114.05693559572462, 50.99383454852416], [-114.05649156899223, 50.9938526690731], [-114.0560569942323, 50.99387376621957], [-114.05518240075669, 50.99392338471827], [-114.05459903320666, 50.993954990987405], [-114.054126669693, 50.99398057553311], [-114.05384169824362, 50.993992643879096], [-114.053501157384, 50.99401406122302]]]}, "properties": {"section_name": "GLENMORE8", "volume": 146000.0, "year": "2024"}}, {"type": "Feature", "geometry": {"type": "MultiLineString", "coordinates": [[[-114.14005039423924, 51.10898314754993], [-114.13812712076704, 51.10816845130795], [-114.1335963310432, 51.10630391491893], [-114.13276589730805, 51.10596365972799], [-114.13245278826702, 51.10582965649827], [-114.13221159766927, 51.10572316035155], [-114.1319808307455, 51.10561818917037], [-114.13153787954879, 51.10542258728971], [-114.13112330022979, 51.10520412091448], [-114.13056069936275, 51.10492060305069], [-114.12985735824024, 51.10453010295394], [-114.129413135, 51.104279056161836], [-114.1292299901432, 51.10417656099741], [-114.12909596551081, 51.104102790777816], [-114.12896829591979, 51.10403331134463], [-114.12887467344314, 51.10398343123501], [-114.12875694803148, 51.10392465087423], [-114.12861936425827, 51.10385518197468], [-114.12852433739079, 51.103808872916666], [-114.12841938071435, 51.10375721955447], [-114.12827470828557, 51.10368508001692], [-114.12818534894329, 51.10363965713681], [-114.12808922682093, 51.103584736842876], [-114.12800978296738, 51.10353930296589], [-114.12791899294011, 51.10348852541591], [-114.12781401551088, 51.10342883838219], [-114.12771046462778, 51.10337271948453], [-114.12757570710768, 51.10329967557697], [-114.12753315155811, 51.10327651612346], [-114.12745983191328, 51.10323228789461], [-114.12737470780249, 51.10318061197055], [-114.12728674713755, 51.10312804639993], [-114.12722185228675, 51.1030895262655]]]}, "properties": {"section_name": "JLBV5", "volume": 35000.0, "year": "2024"}}, {"type": "Feature", "geometry": {"type": "MultiLineString", "coordinates": [[[-114.12722185228675, 51.1030895262655], [-114.12699854850118, 51.10295886715461], [-114.12680074626898, 51.102846591661226], [-114.1266200689675, 51.10274626430806], [-114.12649834905959, 51.10267818439972], [-114.12640515916186, 51.102626826634044], [-114.12632978188232, 51.102584927336714], [-114.12629283504285, 51.102566592406696], [-114.12625909794716, 51.1025482306261], [-114.12620510988418, 51.10251573739245], [-114.12610838557781, 51.10245923033733], [-114.1259284452925, 51.10235893887161], [-114.1257764632101, 51.10227355066186], [-114.1256909899632, 51.102225522778866], [-114.12556053133683, 51.10215206828065], [-114.12541657818363, 51.102071551459204], [-114.12527712510392, 51.10199386047883], [-114.12509493722033, 51.10189215516101], [-114.12487450938208, 51.10176784547556], [-114.1246653314832, 51.10165060092977], [-114.12448764054282, 51.10155030483704], [-114.12429870314962, 51.10144294467524], [-114.12412327109773, 51.1013468914362], [-114.12396581853109, 51.10125506468432], [-114.12385718086475, 51.1011955568536], [-114.1237379788789, 51.101130580010604], [-114.12360302704771, 51.10105429723071], [-114.12347482093809, 51.10098083801202], [-114.12331288142218, 51.10089043098408], [-114.12314419497518, 51.100795785024395], [-114.1230002502303, 51.10071526520363], [-114.12283381845305, 51.100623446364175], [-114.12264938793737, 51.10051890962961], [-114.12246720644666, 51.10041578431921], [-114.12230301894995, 51.10032254829751], [-114.12216358007834, 51.100246268540616], [-114.12207930295395, 51.10019797605399], [-114.12200058988181, 51.1001556000835], [-114.12187689169546, 51.10008637931321], [-114.1217441978388, 51.100012922864316], [-114.12162723886463, 51.09994511158068], [-114.12150129080652, 51.09987447957792], [-114.12136634859144, 51.09979961006303], [-114.12119766865966, 51.09970496127356], [-114.12099300189531, 51.09958912041876], [-114.12085356226831, 51.0995114241211], [-114.12066689563547, 51.09940830242426], [-114.12057624655394, 51.09935555385931], [-114.12047279535332, 51.099299049053236], [-114.12036708755186, 51.09923830066509], [-114.12029512474277, 51.09920016240475], [-114.12019841537364, 51.099145066288806], [-114.12009721092413, 51.09908855883909], [-114.12000949995115, 51.09903911410796], [-114.11990829230315, 51.09898119152572], [-114.11979584121435, 51.09891761959045], [-114.1197261178725, 51.098876647841884], [-114.11964515607954, 51.09883144173835], [-114.11953719732576, 51.09876786495612], [-114.11942473996811, 51.09870146092751], [-114.11932802538676, 51.09864353325104], [-114.11922680489467, 51.09857994930368], [-114.11910309908443, 51.098505065704856], [-114.11897488756497, 51.098424524874936], [-114.11886467037512, 51.098355288081756], [-114.11876937432386, 51.098294336176444], [-114.11863441357207, 51.0982081410407], [-114.11846121005962, 51.098096508717], [-114.11835324018652, 51.09802726916154], [-114.11820253394004, 51.097931182860876], [-114.11808331582772, 51.09785346279692], [-114.11796634244503, 51.097775740345824], [-114.11792585326265, 51.09774889133198], [-114.11786960642912, 51.09770790487684], [-114.11779987005455, 51.09765985532895], [-114.11775037506864, 51.097624522799315], [-114.11770538027048, 51.09759201656092], [-114.11766938505828, 51.09756657790526], [-114.1176311441394, 51.09754114149769], [-114.1175456600816, 51.097483201038266], [-114.11745568260125, 51.0974238509569], [-114.11734321573157, 51.09735178503553], [-114.11713598529926, 51.09721688818493], [-114.11709641755394, 51.09719045238166], [-114.11705588192648, 51.097166292815764], [-114.1169945564149, 51.09712907229237], [-114.11692491447887, 51.09708662807348], [-114.11685943751802, 51.09704941163011], [-114.11681370597373, 51.097022641182704], [-114.11676901733662, 51.09699783121875], [-114.11672640314622, 51.096973019166754], [-114.11669418130022, 51.096953429606685], [-114.11666715727354, 51.096937105288404], [-114.11662349190127, 51.096906407820605], [-114.11658710862937, 51.09688289749751], [-114.11654473341382, 51.096853682006916]]]}, "properties": {"section_name": "JLBV6", "volume": 37000.0, "year": "2024"}}, {"type": "Feature", "geometry": {"type": "MultiLineString", "coordinates": [[[-114.11654473341382, 51.096853682006916], [-114.11636682827593, 51.096744718475605], [-114.11620526951367, 51.096638709508845], [-114.11608318844625, 51.09655299034031], [-114.11597790939066, 51.09646992430663], [-114.11595854908677, 51.09645798366892], [-114.11594093560016, 51.096445216045396], [-114.11588811367304, 51.096413732694145], [-114.11582851343893, 51.09637543647999], [-114.11575854959581, 51.09632897709966], [-114.11572603674024, 51.09630684887986], [-114.11564476182944, 51.09625408539134], [-114.11555129520922, 51.096192810800915], [-114.11540364925366, 51.09609749634648], [-114.11522755944966, 51.095984310431476], [-114.11503250341201, 51.09585750649831], [-114.11486861129987, 51.09575453647051], [-114.1147340716329, 51.095671044970544], [-114.11466770643425, 51.095631051258266], [-114.11457696455606, 51.09557659096791], [-114.11447132249891, 51.095512769880585], [-114.11436703622016, 51.095449800489675], [-114.1142681657682, 51.09538938237136], [-114.11415574658656, 51.09531874896412], [-114.11402977814525, 51.09523704890838], [-114.11389432339031, 51.09514768618201], [-114.1137922611957, 51.09508284425951], [-114.11374485500139, 51.095052206882535], [-114.11362159397778, 51.09497135507066], [-114.11349157434877, 51.094891362806926], [-114.11334664898138, 51.094799452873545], [-114.11321121906332, 51.09471861332096], [-114.11307444184031, 51.094639478453956], [-114.11294850271643, 51.09456885785117], [-114.11283746992947, 51.09451015380391], [-114.11268422237266, 51.094429240934495], [-114.1126422521969, 51.094409677624235], [-114.11255560189676, 51.09436799690782], [-114.11243510584558, 51.09431015470488], [-114.11232409497852, 51.09425997414251], [-114.11221173306721, 51.09421064699081], [-114.11208854289204, 51.094157068113915], [-114.11196401137727, 51.09410775238922], [-114.11186384435759, 51.09406778943959], [-114.11176774289582, 51.09403123049797], [-114.11165945982233, 51.093990422011984], [-114.11154306056274, 51.09394876894869], [-114.11144290654158, 51.093913919843075], [-114.11134538692316, 51.09388220014057], [-114.11130072217156, 51.09386604779258], [-114.11121816804592, 51.09383970393746], [-114.1111207299595, 51.093809113071096], [-114.11101517423475, 51.09377767671238], [-114.11089744252911, 51.09374369514787], [-114.11077971506829, 51.09371141790036], [-114.1106552247918, 51.093678295613785], [-114.1105185586121, 51.09364262624667], [-114.11039407133718, 51.093611208118645], [-114.11028041528519, 51.09358404074187], [-114.11010451957367, 51.093543294565585], [-114.1099272702494, 51.09350169627831], [-114.10983387616194, 51.09347996793788], [-114.10973916572571, 51.09345874777518], [-114.1095700399318, 51.09342140421856], [-114.10937520458829, 51.09337641269309], [-114.10920878830596, 51.09333821385908], [-114.1090572588558, 51.093304262901995], [-114.1088719043158, 51.0932626714724], [-114.10864595885977, 51.093210038614714], [-114.10844287855892, 51.093160260807075], [-114.10834816772123, 51.09313648375648], [-114.10820610021804, 51.09310081758826], [-114.10805456234382, 51.09306260334], [-114.10790032293227, 51.09302524360822], [-114.10777449489453, 51.09299467704511], [-114.10767031671851, 51.09297005595128], [-114.10744302611289, 51.092919124647906], [-114.10723196877194, 51.09287073647337], [-114.10708449936011, 51.09283677923423], [-114.10696758982527, 51.09281099062862], [-114.10691689896491, 51.092800958682794], [-114.10685197636424, 51.092790043452545], [-114.10679496805956, 51.09277912005872], [-114.10672449835617, 51.092765216266734], [-114.10667382468277, 51.092755784709205], [-114.1066263161584, 51.09274585131704], [-114.10657326651864, 51.09273492420493], [-114.10651387720118, 51.092721510010975], [-114.106467158737, 51.09271057798188], [-114.10642677456376, 51.092701634974595], [-114.10639430952311, 51.09269418242523], [-114.10636303502685, 51.09268796036754]]]}, "properties": {"section_name": "JLBV7", "volume": 39000.0, "year": "2024"}}, {"type": "Feature", "geometry": {"type": "MultiLineString", "coordinates": [[[-114.10636303502685, 51.09268796036754], [-114.10629040490439, 51.09267245182646], [-114.1062246849188, 51.09265854341513], [-114.10613679366865, 51.09264016565782], [-114.10606711066322, 51.09262426594924], [-114.10600218081191, 51.092609358843504], [-114.10591507974574, 51.09258998324948], [-114.10581689028375, 51.092567124243566], [-114.10572424457833, 51.09254575782016], [-114.10565376986548, 51.09252935875573], [-114.10558804800294, 51.0925144530345], [-114.10550997590272, 51.092496729375014], [-114.10545217032627, 51.09248331321223], [-114.10539832671863, 51.092471389329226], [-114.1053543646064, 51.09246139468915], [-114.10490219086475, 51.09234883535743], [-114.10453842753967, 51.092259813802784], [-114.10425631237757, 51.092194132815756], [-114.10408667795268, 51.092156386230656], [-114.10391823242617, 51.092115867728495], [-114.10368571728633, 51.092059384440645], [-114.10349144058198, 51.0920139582962], [-114.10333332694682, 51.09197404559705], [-114.10316487868289, 51.091931061045486], [-114.10301179975113, 51.09189147608618], [-114.10286917970153, 51.091851549107325], [-114.10272036035549, 51.091810394917985], [-114.10256016469303, 51.09176308900332], [-114.10239687030966, 51.09171516889182], [-114.10225734500739, 51.091672774388655], [-114.10207440703542, 51.091615627832546], [-114.1019328044688, 51.09156830482352], [-114.10177957798162, 51.091517050693334], [-114.10164624790205, 51.09147341668484], [-114.10143022966119, 51.09140212656732], [-114.10122661373025, 51.09133390517194], [-114.10102919782231, 51.09126691054711], [-114.10082832176863, 51.09119904028214], [-114.10052651858751, 51.091097627954746], [-114.10026916569149, 51.09101466308131], [-114.09995859184556, 51.09091533971199], [-114.09971674929338, 51.09083975435849], [-114.09952865455499, 51.090782609109795], [-114.09934801742148, 51.090727462815735], [-114.09908922050103, 51.09065217194391], [-114.09889672069524, 51.090594360579345], [-114.09876315275449, 51.09055582511387], [-114.0986511931142, 51.090524883713954], [-114.09846852083497, 51.090472333991684], [-114.0982770106665, 51.090418035731076], [-114.09815621605493, 51.09038592992916], [-114.09791356259073, 51.09031975909479], [-114.09762876390077, 51.090242699613], [-114.09736950920606, 51.09017791513017], [-114.09718292263155, 51.09013005207039], [-114.09681336384207, 51.09003105701738], [-114.09653348099457, 51.08995691872839], [-114.0962938633517, 51.08989387222406], [-114.09616977667456, 51.08986371064483], [-114.09601364287606, 51.089827532401664], [-114.09586144227744, 51.089794278659326], [-114.09569746383025, 51.08976162048562], [-114.09552465763417, 51.08973072497635], [-114.09539505658674, 51.08970975002342], [-114.09524450928542, 51.08968667043066], [-114.09508154517687, 51.0896686502378], [-114.09489599998346, 51.08964830544059], [-114.0947261728154, 51.089634388711296], [-114.09454751991048, 51.089623992933134]]]}, "properties": {"section_name": "JLBV8", "volume": 46000.0, "year": "2024"}}, {"type": "Feature", "geometry": {"type": "MultiLineString", "coordinates": [[[-114.09464415186385, 51.08968751933591], [-114.09360225505235, 51.08962300951202], [-114.09258647806088, 51.08974031898001], [-114.09133557465414, 51.09007130808804], [-114.09046216987942, 51.090441056911885], [-114.08980843612765, 51.090875717622936], [-114.08970333262916, 51.09096307445969], [-114.08960233605495, 51.091052875039686], [-114.0894658372822, 51.091165541841306], [-114.0893450489293, 51.09126936143601], [-114.08919764751498, 51.091400796778814], [-114.08906390702894, 51.0915273266558], [-114.08896154826583, 51.09162120632057], [-114.0888646453555, 51.09170855615145], [-114.08877866246671, 51.091786925027336], [-114.08871315399479, 51.09184733493961], [-114.08863463050727, 51.09191510552845], [-114.08855956265059, 51.09198204729641], [-114.08848585279792, 51.092044094015556], [-114.08840259133017, 51.09211593495477], [-114.08832206175394, 51.092186959306744], [-114.08821149748702, 51.09228084450157], [-114.08814598149775, 51.09233880621137], [-114.08806407892165, 51.092407383533], [-114.08797945786338, 51.09248412006074], [-114.08790438338102, 51.09254779815892], [-114.08782956562922, 51.092614480360076], [-114.08775857826167, 51.092671630596854], [-114.08771216945375, 51.092711847408], [-114.08758699093467, 51.092817355809444], [-114.0874648704009, 51.092920236806364], [-114.08735292021527, 51.093011545776584], [-114.08720026888636, 51.09314014534432], [-114.08707813940521, 51.09323917117155], [-114.0869273446402, 51.093365924316615], [-114.08683388609404, 51.093441075401856], [-114.08674840243195, 51.09351437581663], [-114.08668327047315, 51.09356967367148], [-114.08657224846375, 51.093659725339656], [-114.08640737339582, 51.09379475781636], [-114.08626082303012, 51.09391821224196], [-114.0860694860928, 51.09407639145056], [-114.08593513926452, 51.09418570293626], [-114.08575398357287, 51.094338733850655], [-114.08559928484239, 51.094467332798175], [-114.08544865535879, 51.094592073798815], [-114.08536723750325, 51.0946615154515], [-114.08525236670616, 51.094756719732054], [-114.08514040679765, 51.09484674103881], [-114.08502438192592, 51.094944474723135], [-114.08491038720297, 51.09503706653022], [-114.08476993776641, 51.095156659863136], [-114.08463558709023, 51.09526725445853], [-114.08451142194178, 51.09537398677093], [-114.08440354808528, 51.09547042841703], [-114.08431603688787, 51.09555400726279], [-114.0842305742674, 51.09564400767552], [-114.08416023027902, 51.09572004429775], [-114.08407479876762, 51.09582674735245], [-114.08399954478789, 51.09592573530057], [-114.08393650996017, 51.09601700399966], [-114.08386533414583, 51.09611598803141], [-114.08381246197935, 51.09619054748993], [-114.08379011783042, 51.09623553245763], [-114.08374540941082, 51.096315225419616], [-114.08368241066091, 51.096427051492874], [-114.0836234597509, 51.096523457376826], [-114.08356450770802, 51.09661857860852], [-114.08351775057453, 51.096693132657656], [-114.08347687756934, 51.0967578675815], [-114.08344171520915, 51.09683296977954], [-114.08340594484939, 51.09691220674174], [-114.08337400885388, 51.09698416832759], [-114.08333823823689, 51.09706259709722], [-114.08330630345898, 51.09713455776282], [-114.08326798742918, 51.09722511266856], [-114.08325266966669, 51.0972655383627], [-114.08324427468182, 51.09728130859658], [-114.0832296784845, 51.09731890203266], [-114.08321818506037, 51.09734719975447], [-114.08321254464782, 51.09735932811459]]]}, "properties": {"section_name": "JLBV9", "volume": 39000.0, "year": "2024"}}, {"type": "Feature", "geometry": {"type": "MultiLineString", "coordinates": [[[-114.06868075685198, 50.93115911894506], [-114.06864692377025, 50.93124920784796], [-114.06860785442888, 50.931356030937245], [-114.06856227789912, 50.93148410548345], [-114.06853067248348, 50.93158700995355], [-114.06847679917728, 50.931761784716194], [-114.06844892400927, 50.931860213593076], [-114.06842481823566, 50.931947698634985], [-114.06839696006968, 50.93205787010509], [-114.06837561224324, 50.93214902589614], [-114.06835246615157, 50.93225765911635], [-114.06832463958135, 50.9323896382641], [-114.06830518415559, 50.932498685543806], [-114.06828759306343, 50.9326043775934], [-114.06826636736513, 50.93274429094773], [-114.0682460381426, 50.93289415739641], [-114.0682340617962, 50.93300655621611], [-114.06822399678634, 50.93314768745671], [-114.06821391137791, 50.933276860330864], [-114.06820667956184, 50.93343993966434], [-114.06820322909348, 50.93362633839938], [-114.06820340656306, 50.93374767685751], [-114.06820545117984, 50.933868455050494], [-114.06820836588805, 50.93394505813385], [-114.06821412205883, 50.93405595424846], [-114.06822081773588, 50.93416330958707], [-114.06822652392864, 50.93423320186902], [-114.0682315878626, 50.93428515157319], [-114.0682359113421, 50.93434053225714], [-114.06824484759503, 50.934421471242004], [-114.068260704481, 50.93454463895528], [-114.06827556803786, 50.93465783564229], [-114.06829534890834, 50.93478393265957], [-114.06831987844255, 50.93491653917949], [-114.0683465441936, 50.93506022899278], [-114.06837320494992, 50.93520040015104], [-114.06839393503071, 50.935305967240154], [-114.06841161649386, 50.9353922563625], [-114.06843529727463, 50.935505446948326], [-114.06845996243315, 50.935620397173146], [-114.0684797157873, 50.935727138893405], [-114.06850042566519, 50.935818629576055], [-114.06852604662478, 50.93594478693187], [-114.06855268773239, 50.93607088075121], [-114.0685763758022, 50.936187591736825], [-114.06859809395758, 50.93629785092066], [-114.06863152202132, 50.936451044383], [-114.06865719262494, 50.93658241760826], [-114.06868089016194, 50.93670616675084], [-114.0687024636643, 50.9368318607522], [-114.06873012006865, 50.93698200279923], [-114.0687528417336, 50.9371075118167], [-114.06877551657743, 50.93723013239953], [-114.06880317228114, 50.93737851509593], [-114.06882787082145, 50.937515753846526], [-114.06886298665519, 50.93771335272623], [-114.06923358117828, 50.93939856971053], [-114.06925044616476, 50.93947525702043], [-114.0693072629176, 50.939757520467516], [-114.06933730741744, 50.93991224392789], [-114.06938667427004, 50.94015282648846], [-114.06942329247234, 50.94033112920459], [-114.06949192101372, 50.9406667315384], [-114.06959275226505, 50.94114554612687], [-114.06972172871887, 50.94178002897374], [-114.06978579718505, 50.94209116148691], [-114.06981862534549, 50.94225169506438], [-114.06986125221134, 50.94245792378581], [-114.06989465552344, 50.94262304632791], [-114.0699235732899, 50.94275736587789], [-114.06996995018115, 50.94298041238434], [-114.06999811891285, 50.94311880297938], [-114.07001943377375, 50.943222369935135], [-114.07007953642517, 50.943520435983686], [-114.0701381712247, 50.943811806298186], [-114.07015190132311, 50.94387693520272], [-114.07037708347205, 50.94532029637594], [-114.07042874429553, 50.94577016597331], [-114.07043892862883, 50.946113663425386], [-114.0705119877959, 50.94648530530857], [-114.07062982761927, 50.947323588604405], [-114.07069879653022, 50.94798830299812], [-114.07081687889533, 50.949018005517495], [-114.07090348407202, 50.95012306654612], [-114.07098231601437, 50.95091164691756], [-114.07098981446991, 50.951046899592654], [-114.07098370843396, 50.9511437234054]]]}, "properties": {"section_name": "MACLEOD19", "volume": 82000.0, "year": "2024"}}, {"type": "Feature", "geometry": {"type": "MultiLineString", "coordinates": [[[-114.07132302210547, 50.92030039596397], [-114.0714599359117, 50.92065345725695], [-114.07155964135642, 50.92093459210164], [-114.07164041896038, 50.92120377287081], [-114.07171651436944, 50.9215028713227], [-114.0717689979762, 50.92181694076198], [-114.0718073946459, 50.92219499741762], [-114.07181733867395, 50.92251507664264], [-114.07181317160249, 50.92288302597969], [-114.07176174096185, 50.92325997988693], [-114.07168653196639, 50.923567534462514], [-114.07167691863148, 50.923653862493], [-114.07166521578, 50.92374479823965], [-114.07165143318423, 50.92384115798056], [-114.07164246590395, 50.92390645908041], [-114.0716245067183, 50.92400532417185], [-114.07160792651204, 50.92409542953303], [-114.07159342724655, 50.924166118981155], [-114.0715761249989, 50.92423995751607], [-114.07155882795693, 50.92431629793923], [-114.07154295826281, 50.92438478478861], [-114.07151942195222, 50.92448115047855], [-114.07149726719196, 50.924570424966014], [-114.07147510801704, 50.92465594525986], [-114.07145444125081, 50.92473615608718], [-114.0714308905293, 50.924823345750816], [-114.07140803541647, 50.924909700718445], [-114.0713900185346, 50.92497144281712], [-114.07135264655321, 50.92510542085602], [-114.07132423221024, 50.9252009552105], [-114.0712999808442, 50.925286059607316], [-114.07127862927435, 50.92535786344039], [-114.07124396056155, 50.925463828995674], [-114.07121276945661, 50.92556603912689], [-114.07118225610469, 50.92565573576695], [-114.07115315561158, 50.92574390235158], [-114.071127502196, 50.92582316860675], [-114.07110791867439, 50.925878493703536], [-114.07108976832608, 50.925932500002006], [-114.07106781921193, 50.92599342545217], [-114.07104671549065, 50.92605282839008], [-114.07102561236334, 50.926111722493836], [-114.0710011259523, 50.92617671111769], [-114.07097663947174, 50.926241698836705], [-114.07095384460843, 50.926304147668255], [-114.07093908628467, 50.92633934766745], [-114.07091533817942, 50.9263998543483], [-114.07089021847823, 50.926464844229194], [-114.07086509033398, 50.92652525914009], [-114.07084377311809, 50.92657835034442], [-114.07081483874508, 50.92664837597585], [-114.07078209608127, 50.92672663957068], [-114.07074253442157, 50.92681827079791], [-114.07071131021817, 50.92689058572173], [-114.07068008595373, 50.926961985462775], [-114.07065495245274, 50.927018281146644], [-114.07063591111381, 50.92706130492184], [-114.0706153454779, 50.927106616650136], [-114.0705690509647, 50.927205046462426], [-114.07052563126139, 50.92729796010389], [-114.07048830303494, 50.92737622637673], [-114.07045249132153, 50.92744808640653], [-114.07042506771165, 50.92750667225029], [-114.07041263344627, 50.92753278736298], [-114.07037112731948, 50.927620678919915], [-114.07032541375276, 50.927714508136845], [-114.07027817432325, 50.927809711012706], [-114.07023017495985, 50.92790765984498], [-114.07018683818221, 50.92799795453686], [-114.07013350357569, 50.928105972540436], [-114.07008855367117, 50.9281993436113], [-114.0700542678835, 50.92826891555839], [-114.07000335110904, 50.928374219789674], [-114.06996068552544, 50.92846209839785], [-114.06990582821473, 50.92857515065377], [-114.06986011282987, 50.9286680645006], [-114.06981989888025, 50.92875293086394], [-114.06977580394494, 50.92883955526131], [-114.06974206479087, 50.92890810912404], [-114.06969530960276, 50.92900340315198], [-114.06965356502099, 50.92908866592272], [-114.06961933511997, 50.92915938301281], [-114.06958015797245, 50.92924086396582], [-114.06953423849511, 50.929335154151445], [-114.06949082579645, 50.929425933163806], [-114.06943741904513, 50.929533533733206], [-114.06941356722416, 50.929583145261276], [-114.06937434000142, 50.9296668268995], [-114.06932591909674, 50.92976414988054], [-114.06928215741102, 50.929854200832736], [-114.0692402592136, 50.92994145569858], [-114.06919370117016, 50.93003486330791], [-114.06915831772186, 50.93010757489699], [-114.06911473846574, 50.930195412356724], [-114.06905980464978, 50.93030951334858], [-114.06901697348692, 50.930398446196484], [-114.06897135105173, 50.93049408984658], [-114.0689266608081, 50.93058917375457], [-114.06886718793317, 50.93071571217156], [-114.06879551678414, 50.930881265863185], [-114.06874804370985, 50.93098921230149], [-114.06870810791884, 50.9310879414241], [-114.06868075685198, 50.93115911894506]]]}, "properties": {"section_name": "MACLEOD20", "volume": 95000.0, "year": "2024"}}, {"type": "Feature", "geometry": {"type": "MultiLineString", "coordinates": [[[-114.06819545237066, 50.91478796287706], [-114.06882829343641, 50.91581607244843], [-114.06941578411949, 50.91676463009692], [-114.06966817006473, 50.91717333470641], [-114.06979948932829, 50.91735762449776], [-114.06993319654123, 50.91755079206071], [-114.07003684793007, 50.91770185877001], [-114.07017038384942, 50.91793112162376], [-114.07026993471405, 50.91810448830504], [-114.07035583942753, 50.91826025724022], [-114.07044169036577, 50.9184252435157], [-114.07053711828, 50.91860666472199], [-114.07064379549986, 50.91881740508804], [-114.07074130793069, 50.91900873535215], [-114.07087181141864, 50.919278964497444], [-114.07095171164508, 50.91944986575821], [-114.07105535653025, 50.91967856943707], [-114.07112800096746, 50.919837707165335], [-114.07119648899776, 50.91999892135468], [-114.07126189042368, 50.920156823696054], [-114.07132302210547, 50.92030039596397]]]}, "properties": {"section_name": "MACLEOD22", "volume": 82000.0, "year": "2024"}}, {"type": "Feature", "geometry": {"type": "MultiLineString", "coordinates": [[[-114.06213712866308, 50.90512881245462], [-114.06227398835374, 50.905353125094926], [-114.06241675779991, 50.90558656459996], [-114.06254041845601, 50.905788461234856], [-114.06268318612507, 50.90601859209687], [-114.06279694478079, 50.90620263163236], [-114.06289876611491, 50.90636729425525], [-114.06298398665844, 50.906505504727996], [-114.06303055374094, 50.90658066612983], [-114.06325857383268, 50.906958315697366], [-114.06342283965229, 50.907224825265914], [-114.06355079656669, 50.90743554656915], [-114.06391545352153, 50.90802015970345], [-114.06449726156283, 50.90895212224014], [-114.06491096752221, 50.90961753898758], [-114.06533523817707, 50.910293536638086], [-114.06588084076216, 50.911170893793745], [-114.06634537497854, 50.911883847688216], [-114.06644832556638, 50.91204111309126], [-114.06675235643625, 50.91250783307064], [-114.06733845618393, 50.9134060237792], [-114.06741083367653, 50.91351700235001], [-114.06765730746046, 50.91391615773884], [-114.06788419851522, 50.91428353015902], [-114.06819545237066, 50.91478796287706]]]}, "properties": {"section_name": "MACLEOD23", "volume": 71000.0, "year": "2024"}}, {"type": "Feature", "geometry": {"type": "MultiLineString", "coordinates": [[[-114.05407260329822, 50.89248967643425], [-114.05489667573669, 50.89383732503036], [-114.05623341802674, 50.89596399791317], [-114.05708957103641, 50.897266495066795], [-114.05784552974956, 50.898469306117754], [-114.05833946949528, 50.89938475426167], [-114.05926565881148, 50.90077493717791], [-114.06016859270515, 50.90209754332441], [-114.06086161686305, 50.903142412812635], [-114.06134920129757, 50.90385613877094], [-114.06152466006397, 50.90411395378132], [-114.06166109818808, 50.904318523669076], [-114.06178559271207, 50.904521669410144], [-114.06188374742172, 50.90467903416573], [-114.06200825908549, 50.90489362835006], [-114.06207365179809, 50.90501267358698], [-114.06213712866308, 50.90512881245462]]]}, "properties": {"section_name": "MACLEOD24", "volume": 69000.0, "year": "2024"}}, {"type": "Feature", "geometry": {"type": "MultiLineString", "coordinates": [[[-114.04362461563325, 50.87561666440363], [-114.04641950523985, 50.8800002006296], [-114.04829804152857, 50.88307127457913], [-114.04877154430855, 50.883844929187354], [-114.04933193201138, 50.8848126145156], [-114.05079538407324, 50.88722763573533], [-114.05137749423218, 50.88809409208742], [-114.05219196721185, 50.88941558079736], [-114.05280434488874, 50.890416044088724], [-114.05400209601243, 50.89237436865883], [-114.05407260329822, 50.89248967643425]]]}, "properties": {"section_name": "MACLEOD25", "volume": 63000.0, "year": "2024"}}, {"type": "Feature", "geometry": {"type": "MultiLineString", "coordinates": [[[-114.02309491689338, 50.848539195990796], [-114.02316065017028, 50.84862142292249], [-114.0232262073383, 50.84870314551002], [-114.0233002233897, 50.84879473922921], [-114.02336638492959, 50.84887716193876], [-114.02341141446539, 50.84893415783599], [-114.02342921794603, 50.84895659698985], [-114.0241482589555, 50.84985735447718], [-114.02563870201004, 50.851685036716056], [-114.02763218009413, 50.85412126382734], [-114.02961754137178, 50.85655508367803], [-114.0308323446827, 50.858077759964424], [-114.03188793449314, 50.85936790489089], [-114.0331178790569, 50.86087043556374], [-114.03446756920377, 50.86254626217491], [-114.03671786349344, 50.86531264901522], [-114.0372973064877, 50.86603767327137]]]}, "properties": {"section_name": "MACLEOD266", "volume": 29000.0, "year": "2024"}}, {"type": "Feature", "geometry": {"type": "MultiLineString", "coordinates": [[[-114.08324427468182, 51.09728130859658], [-114.08314350915947, 51.09722481828935], [-114.0824172440793, 51.09692205390015], [-114.08238395562847, 51.09691187949558], [-114.0823443627284, 51.096896946802694], [-114.08227045222121, 51.09686707586701], [-114.08218599575262, 51.096838875383696], [-114.08209625980233, 51.09680901635914], [-114.08201445077253, 51.09678746354024], [-114.08190624815629, 51.096755955134014], [-114.08179013803131, 51.09672777563445], [-114.081639722466, 51.09669130904158], [-114.08146819759185, 51.09664987040348], [-114.08133097997288, 51.09661838167705], [-114.081090844854, 51.09656036562022], [-114.08095097926788, 51.0965222286362], [-114.0808137623774, 51.09649073930176], [-114.08069767094254, 51.09647253362454], [-114.08054944643209, 51.09645294668766], [-114.08040434538051, 51.09643808507459], [-114.08028562169807, 51.09642320607157], [-114.08016427271829, 51.09641497749675], [-114.08002973801803, 51.09640842000892], [-114.07989784022688, 51.09640186146343], [-114.07975275098235, 51.096393648681406], [-114.07958920655912, 51.09639043574354], [-114.07945994432683, 51.0963822118239], [-114.0793359544597, 51.096372321996874], [-114.07919613347853, 51.0963591183878], [-114.07906686289685, 51.096345906578655], [-114.07896396395205, 51.09632935334433], [-114.07883995737001, 51.0963094889803], [-114.07874496638482, 51.09628960494736], [-114.07859720558514, 51.09626144448589], [-114.07850484745981, 51.09623823321445], [-114.0783386007757, 51.09619678643923], [-114.07813541440566, 51.09614705228299], [-114.07794494328448, 51.09609915307608], [-114.07779453277846, 51.09606268153054], [-114.07762829435195, 51.09602455811352], [-114.07744622663411, 51.09598478275841], [-114.07731429857054, 51.095958272373906], [-114.07720349602788, 51.095946709377316], [-114.07709796178827, 51.09593015534107], [-114.07697396535224, 51.09591527645134], [-114.07684206663627, 51.09590705137298], [-114.07673128084095, 51.09590546194074], [-114.07661785953087, 51.09590553631786], [-114.07650180412142, 51.09590727449572], [-114.07642795650372, 51.09591231025049], [-114.07633564526289, 51.09591735801423], [-114.0762275250623, 51.09593239003542], [-114.0761299495627, 51.095944089817806], [-114.07605083763772, 51.095955778409966], [-114.07590580904791, 51.09598246944486], [-114.0757950652961, 51.096005813705474], [-114.07562104290564, 51.09604415938801], [-114.07540746939647, 51.0960925043478], [-114.07528613415542, 51.09612067970398], [-114.07520703123265, 51.096137354280685], [-114.07512001752177, 51.09615569517475], [-114.0750198205547, 51.09617736973659], [-114.07492489469205, 51.09619571556149], [-114.07479304792095, 51.096219072392756], [-114.07470338899691, 51.09623242810684], [-114.07459526895704, 51.09624745771851], [-114.07451087705685, 51.09625582246397], [-114.0744264836985, 51.096264187149416], [-114.0743209804652, 51.096265915546134], [-114.07421811674875, 51.09626930525841], [-114.07410733568743, 51.0962693755241], [-114.07401500898241, 51.09626444564495], [-114.07394378698345, 51.096261165434285], [-114.07385409595499, 51.096254572472986], [-114.0737538479337, 51.096244660829136], [-114.0736641451848, 51.09622975589455], [-114.07355597733914, 51.09621486250872], [-114.07344252915033, 51.096196647066215], [-114.07334226962186, 51.0961784241406], [-114.07323937068848, 51.09615853969607], [-114.07311536462117, 51.0961353439871], [-114.07297289237405, 51.09611049658653], [-114.07288055304024, 51.096097254883254], [-114.0727407349654, 51.09608238046667], [-114.07262729002424, 51.09606582641811], [-114.07253231922996, 51.0960559113477], [-114.07240270575109, 51.09604442738685], [-114.07230131658676, 51.096034646453035], [-114.0722319533525, 51.096031046715375], [-114.07213253576876, 51.096026735521384], [-114.07202733740095, 51.09602315776402], [-114.07191983025967, 51.09602030949424], [-114.07181463304923, 51.09601745880792], [-114.07167591377568, 51.096013900418974], [-114.07158343257042, 51.09601104262791], [-114.07153256815579, 51.09600888837173], [-114.0715026070254, 51.09600844373032]]]}, "properties": {"section_name": "MCKNIGHT1", "volume": 42000.0, "year": "2024"}}, {"type": "Feature", "geometry": {"type": "MultiLineString", "coordinates": [[[-113.95829677899864, 51.09596271252998], [-113.95824817586629, 51.095961819592425], [-113.95813012160842, 51.09596341888864], [-113.95647889720729, 51.095969155443214], [-113.95556386067639, 51.095963586486135], [-113.95507002587645, 51.09595675531068], [-113.95447430713182, 51.09595502810268], [-113.95396841964592, 51.09595333595618], [-113.95374147964512, 51.09595175321147], [-113.95360436341072, 51.095957658126274], [-113.95346920291362, 51.09597218923201], [-113.95206642902835, 51.09596874768563], [-113.94902416184127, 51.09597141277667], [-113.94657176932586, 51.09597236033652], [-113.944609335452, 51.09597536483558], [-113.94171546307817, 51.09597586841587], [-113.93851629503925, 51.09597803705255], [-113.93767959680973, 51.09596790234317], [-113.93748493564343, 51.09598154091313], [-113.93725171926336, 51.0959985484734], [-113.93701045387267, 51.096021718135866], [-113.93682203320112, 51.096042174920164], [-113.93667402488074, 51.096055111873454], [-113.93651548754569, 51.0960639346509], [-113.93631100199832, 51.09607136127205], [-113.93610471560676, 51.09607191575833], [-113.93581178616743, 51.09607312533943], [-113.93522167978078, 51.09607570715448], [-113.93520376366213, 51.09607003913853], [-113.93518039619467, 51.096062771535195], [-113.9351530700468, 51.096056409686874], [-113.93513005823486, 51.096052089978535], [-113.93510740365319, 51.09604958457629], [-113.93508115205779, 51.09604662319502], [-113.93505633730375, 51.096045249279996], [-113.93504087374805, 51.096044786712454], [-113.9350319771481, 51.09604446083883]]]}, "properties": {"section_name": "MCKNIGHT10", "volume": 25000.0, "year": "2024"}}, {"type": "Feature", "geometry": {"type": "MultiLineString", "coordinates": [[[-113.91884901299812, 51.096780152413686], [-113.91902056585558, 51.09679373875359], [-113.91907787269567, 51.09679431960587], [-113.91935959292239, 51.09679717337982], [-113.91969866394545, 51.096797513713106], [-113.92003770604767, 51.09679475880434], [-113.92037665063182, 51.096788909506024], [-113.92071542338861, 51.09677996756651], [-113.92105395572104, 51.096767933839985], [-113.92139217474475, 51.0967528118754], [-113.92173000900642, 51.09673460342553], [-113.92217583329345, 51.09670585993198], [-113.9225399110412, 51.096681142814255], [-113.92290384417412, 51.096655586631705], [-113.92326762553292, 51.096629192279934], [-113.92363125081367, 51.096601960656535], [-113.9239947157155, 51.0965738908612], [-113.92435801450536, 51.09654498468959], [-113.924721142881, 51.09651524214051], [-113.92506230924273, 51.096482813563824], [-113.92541942072124, 51.09645562524328], [-113.92577653035438, 51.096428435830845], [-113.92613364099739, 51.096401245328366], [-113.92649075122263, 51.09637405373487], [-113.92698866444762, 51.09632238033026], [-113.92748657513711, 51.09627070480354], [-113.92798448614776, 51.096219026257536], [-113.92848239462141, 51.09616734648843], [-113.92866336267016, 51.09615168109261], [-113.92884482363314, 51.09613848068003], [-113.92902669615638, 51.09612774969387], [-113.92920889459924, 51.09611949527209], [-113.92939133332945, 51.09611371915941], [-113.92957392671093, 51.09611042579793], [-113.92975659054072, 51.09610961603531], [-113.92993924061736, 51.09611128982077], [-113.93051148965814, 51.09613043137401], [-113.93108373917417, 51.0961495701267], [-113.9313729411761, 51.09615832354874], [-113.93166226586544, 51.09616527480032], [-113.93195168608335, 51.096170423864756], [-113.93224117181553, 51.09617377072388], [-113.93253069733328, 51.096175313564515], [-113.93282023262233, 51.09617505236907], [-113.9331097490934, 51.0961729889191], [-113.93339921959007, 51.09616912140134], [-113.93358502706668, 51.096169439245905], [-113.93371076572191, 51.09616923461711], [-113.9337919757515, 51.096169304902006], [-113.93386144542596, 51.096168959460876], [-113.933950647183, 51.096154157176144], [-113.93399954397722, 51.096146144439814], [-113.93407014572459, 51.09613476471246], [-113.93413180804129, 51.09612403435375], [-113.93423160475858, 51.09610780487168], [-113.93427434286892, 51.09610061380638], [-113.93432107350998, 51.09609382590679], [-113.93436412545242, 51.096088808683504], [-113.93440884141943, 51.096084213093675], [-113.93445102588255, 51.096080829670996], [-113.9345006626054, 51.09607746299348], [-113.934557124422, 51.09607340611373], [-113.9346126139702, 51.09606937383405], [-113.93465797331592, 51.09606610628075], [-113.93474264487116, 51.096060321978584], [-113.93480754171624, 51.09605586155497], [-113.9348572968984, 51.0960524822066], [-113.93491398276518, 51.096048445056596], [-113.93497476902228, 51.09604425373952], [-113.93503184341603, 51.09604005313673]]]}, "properties": {"section_name": "MCKNIGHT11", "volume": 35000.0, "year": "2024"}}, {"type": "Feature", "geometry": {"type": "MultiLineString", "coordinates": [[[-114.0715026070254, 51.09600844373032], [-114.07143718044566, 51.096005201598935], [-114.071371596177, 51.096005241650325], [-114.07129473573795, 51.096002058557964], [-114.07122197461484, 51.09600016473163], [-114.07117381181946, 51.0960001940589], [-114.07102625225738, 51.096002866515285], [-114.07076903996979, 51.09600366703472], [-114.07059790755946, 51.09600376958876], [-114.07047493553928, 51.096003197416955], [-114.07039397890976, 51.09600259892931], [-114.07029557095437, 51.096002089987635], [-114.07019821933343, 51.09600150121998], [-114.07008344482284, 51.096000924613605], [-114.07001068712732, 51.09600032094592], [-114.06992153690894, 51.09600231156277], [-114.06981599025852, 51.096004311903094], [-114.06970122299676, 51.096007608559596], [-114.06960387770143, 51.09601218654709], [-114.06953112438013, 51.0960154589177], [-114.06947784648216, 51.096021302400075], [-114.0694460835028, 51.09602455035372], [-114.06939999737814, 51.096043306764315], [-114.06935622917781, 51.09605980178251], [-114.06931700218811, 51.09606000663517], [-114.06925587350308, 51.09606004285831], [-114.06916509261914, 51.09606001748456], [-114.06911989360694, 51.09606008916086], [-114.06905332133056, 51.096060128495935], [-114.0689312709658, 51.09606019961354], [-114.06879442423929, 51.09605911425105], [-114.06864093724484, 51.09605920265856], [-114.06843320254728, 51.09605915901528], [-114.06838019309296, 51.09605935453902], [-114.06824889590484, 51.096059430351715], [-114.06806581964406, 51.09605953617072], [-114.06789795969429, 51.09605901707663], [-114.06780630297726, 51.09605851830066], [-114.06764541965296, 51.09605977564861], [-114.06740872123085, 51.096059910549876], [-114.06714428376249, 51.09606006090447], [-114.06690203752756, 51.09606019796575], [-114.06659471220401, 51.0960592955474], [-114.06651555086593, 51.0960592498115], [-114.06636761310047, 51.096059332077886], [-114.06620673235163, 51.09605942238553], [-114.06605110170742, 51.096058980015464], [-114.06599988888593, 51.0960586430555], [-114.06588669570375, 51.0960597865517], [-114.06576492208384, 51.096057693095176], [-114.06552264855284, 51.09605770235777], [-114.06549897345585, 51.096048236031365], [-114.06548224339406, 51.09604249741666], [-114.0654670351242, 51.096037715345744], [-114.06544574789501, 51.09603389497276], [-114.06540621431814, 51.096026252514186], [-114.06535908000441, 51.096018613392204], [-114.06531347011372, 51.09601480658856], [-114.06524809750839, 51.09601005160089], [-114.06517056555965, 51.09600721994899], [-114.06509151461445, 51.09600438999029], [-114.06502918560406, 51.09600154978027], [-114.06492733101189, 51.095998731491875], [-114.06483004050202, 51.095996867982535], [-114.06473122947702, 51.09599596443021], [-114.0646096175554, 51.09599603079402], [-114.06446064494976, 51.095996112118456], [-114.06436900801509, 51.095999461805306], [-114.06433648418297, 51.096000955807014], [-114.06428176128213, 51.09600194330305], [-114.0642255179454, 51.096002932507616], [-114.06416623495916, 51.096005838149786], [-114.06410239219207, 51.09600778886354], [-114.06405375356108, 51.09601164690977], [-114.06402030970021, 51.096011665226186], [-114.06396862490142, 51.096011693513915], [-114.06390781759877, 51.096010768468055], [-114.06384397217458, 51.09601080244773], [-114.06374769461084, 51.09601050887637], [-114.06365829910777, 51.096010824573526], [-114.06355493082371, 51.09601183820366], [-114.06344244004057, 51.096011898395304], [-114.06326914470073, 51.09601199049748], [-114.06312680186872, 51.096011974840394], [-114.06302744250398, 51.0960130775342], [-114.06289975164815, 51.096013145396235], [-114.0627720580667, 51.09601225482308], [-114.06267020760373, 51.09601135026176], [-114.06253643113469, 51.096008546996025], [-114.06242679124955, 51.09600640851305]]]}, "properties": {"section_name": "MCKNIGHT2", "volume": 38000.0, "year": "2024"}}, {"type": "Feature", "geometry": {"type": "MultiLineString", "coordinates": [[[-114.06242679124955, 51.09600640851305], [-114.06231938812678, 51.09600506521854], [-114.06219657423351, 51.09600203367608], [-114.06206066172935, 51.0960000409701], [-114.06195913670956, 51.09599906190149], [-114.06186580200382, 51.095999110423826], [-114.06178065200022, 51.09599812253495], [-114.06171020922343, 51.09599797005247], [-114.06159397979413, 51.09599718810824], [-114.0614597075654, 51.09599725696544], [-114.06133525891573, 51.09599732141468], [-114.06122063397373, 51.09599531656354], [-114.0610911113841, 51.095996376766344], [-114.05963169889664, 51.09599541944317], [-114.05817228625055, 51.09599428119151], [-114.05805741701087, 51.095987462996696], [-114.05798937131429, 51.095983922477295], [-114.05794589670265, 51.095980370642856], [-114.05787596672121, 51.09598040437903], [-114.05764349304074, 51.09598051742075], [-114.05748094934108, 51.09598059654218], [-114.05739400910157, 51.09598182948046], [-114.05724091778663, 51.095981903627994], [-114.05711617650303, 51.09598196372994], [-114.05697820387155, 51.09598203014726], [-114.05684968220203, 51.09598209180703], [-114.05671737868984, 51.09598096403082], [-114.05660775609313, 51.09598101715464], [-114.0564319853456, 51.09598229145107], [-114.05632047542733, 51.09598353634566], [-114.05619951309485, 51.09598359364936], [-114.05606887145312, 51.09598371839739], [-114.05592901293218, 51.09598735786872], [-114.05581561566203, 51.095990984544116], [-114.05573623756264, 51.095993404667816], [-114.05564929725169, 51.09599463630883], [-114.05555102005958, 51.09599825553037], [-114.05545652323983, 51.09600187377533], [-114.05538470587197, 51.09600548120336], [-114.05529965714318, 51.09600790281762], [-114.05523918091619, 51.09601150479191], [-114.05515791397347, 51.096015115645585], [-114.05509554470089, 51.09601633618013], [-114.05503128381606, 51.09601636554351], [-114.05496702434442, 51.096017586899116], [-114.05489142229368, 51.09601762151664], [-114.05482879759364, 51.09601653798032], [-114.0548194913362, 51.09601698283695], [-114.05479217060832, 51.09601699474394], [-114.05472885514293, 51.096017297682536], [-114.05466684136013, 51.096017325793795], [-114.05458097458623, 51.09601736590823], [-114.05449033806924, 51.09601740728358], [-114.05444650957992, 51.0960174510738], [-114.05442092343299, 51.09601746208631], [-114.05435717364172, 51.0960174917403], [-114.054279113196, 51.09601752710475], [-114.05421623140899, 51.09601755627894], [-114.05416115531231, 51.09601703433391], [-114.05414077227235, 51.09601649720284], [-114.05409089864735, 51.09601488057262], [-114.05404043794455, 51.09601298821006], [-114.05399513302123, 51.096011584280085], [-114.05395456409109, 51.09601061864032], [-114.05391477551021, 51.096009161791535], [-114.05389255231707, 51.096008682999454]]]}, "properties": {"section_name": "MCKNIGHT3", "volume": 42000.0, "year": "2024"}}, {"type": "Feature", "geometry": {"type": "MultiLineString", "coordinates": [[[-114.05389255231707, 51.096008682999454], [-114.0536091001023, 51.09599995040303], [-114.05332015693665, 51.095999595284766], [-114.05270217202482, 51.096000963213584], [-114.05196474113121, 51.095998822018075], [-114.05175503403096, 51.09599904268287], [-114.04964212630316, 51.096000082895586], [-114.04820490977468, 51.0960035088025], [-114.04794479691711, 51.096009193831044], [-114.04773063945755, 51.09602294752228], [-114.04753226238624, 51.09602634821403], [-114.04698276815198, 51.096032102536185], [-114.04645785012796, 51.09603452553326], [-114.04628900312012, 51.09603453047079], [-114.0455776575843, 51.09603502836755], [-114.04538192871398, 51.096041485355954], [-114.04433578805413, 51.09603552113893], [-114.0433043740417, 51.096035957126006], [-114.04187821742543, 51.09603318101304], [-114.04173432959958, 51.09602972739366], [-114.04078711470194, 51.09603138312793]]]}, "properties": {"section_name": "MCKNIGHT4", "volume": 50000.0, "year": "2024"}}, {"type": "Feature", "geometry": {"type": "MultiLineString", "coordinates": [[[-114.04078711470194, 51.09603138312793], [-114.04023705320154, 51.09603265606722], [-114.0398593304738, 51.09603368081129], [-114.0397191540391, 51.09603283314338], [-114.0389368367549, 51.09603229799639], [-114.03888776428994, 51.09603207160689], [-114.03748956106514, 51.096032577714695], [-114.03617760491677, 51.09603190056068], [-114.0354660547194, 51.09603366387694], [-114.03446249580858, 51.096030840967046], [-114.0334809679345, 51.09603335557728], [-114.03330765165254, 51.0960322903601]]]}, "properties": {"section_name": "MCKNIGHT5", "volume": 57000.0, "year": "2024"}}, {"type": "Feature", "geometry": {"type": "MultiLineString", "coordinates": [[[-114.03330765165254, 51.0960322903601], [-114.03274526227322, 51.09603356392887], [-114.03189531274694, 51.09603197397129], [-114.03137224146732, 51.09602828229852], [-114.03111374473025, 51.096024517282856], [-114.03085828905905, 51.0960188342989], [-114.03064540470855, 51.09600738982416], [-114.03045380672505, 51.09599402192639], [-114.03026524471679, 51.09597298655187], [-114.03008963448899, 51.095952075193956], [-114.02984024133686, 51.095915720220454], [-114.02958475808275, 51.09586786489235], [-114.02933535122469, 51.095808507016564], [-114.02912313398342, 51.095756934280395], [-114.02894063490838, 51.09570330955932], [-114.02876117615244, 51.095645849717464], [-114.02857995626887, 51.095579318569634], [-114.02841265592447, 51.09551227134824], [-114.02822101512604, 51.095424145427636], [-114.02802328849783, 51.0953302699681], [-114.02784685127128, 51.09523638910434], [-114.02769474499395, 51.09514633540143], [-114.02751830003092, 51.09503711948662], [-114.02738139708666, 51.09494131201022], [-114.02725408281857, 51.094846056799106], [-114.02709283196309, 51.0947138348615], [-114.02694374625331, 51.09458352738956], [-114.02680986665612, 51.094453215340025], [-114.02662740546734, 51.09428541745153], [-114.02642431235346, 51.09409685153797], [-114.02622398989004, 51.09392255123023], [-114.02599477282968, 51.09375216031093], [-114.02581584755802, 51.093630224684354], [-114.02557013591627, 51.093487159731076], [-114.0253272747772, 51.0933616225748], [-114.025071258223, 51.09324327945964], [-114.02478428643424, 51.09313274806768], [-114.02453035328257, 51.0930456289009], [-114.024193852822, 51.09294941887243], [-114.02391003997987, 51.09288350664499], [-114.02363754840782, 51.09282891661191], [-114.0232824976814, 51.09277824572223], [-114.02289649020881, 51.09273928885106], [-114.02258992224118, 51.092725160104685], [-114.02225140637361, 51.09271741839777], [-114.0215846998801, 51.09271624257405], [-114.02007804998148, 51.09271486769621], [-114.01985245673517, 51.09271288174662], [-114.01799859436372, 51.09271216958556], [-114.01633021819322, 51.09270864604177], [-114.01516355548605, 51.09270762102606], [-114.01445350152535, 51.09269990433675], [-114.01386806922255, 51.09269310444394], [-114.01300114727444, 51.092693204055266], [-114.01272138097917, 51.09269176771687], [-114.01264372550628, 51.09271159923702], [-114.01252607421033, 51.09272462263371], [-114.012383652621, 51.09272854111473], [-114.01225442712821, 51.09273769002138], [-114.01212770186245, 51.09272206302614], [-114.0120017892142, 51.092712967696215], [-114.01189032681822, 51.09270647416729], [-114.01157156912542, 51.0927066850429]]]}, "properties": {"section_name": "MCKNIGHT6", "volume": 62000.0, "year": "2024"}}, {"type": "Feature", "geometry": {"type": "MultiLineString", "coordinates": [[[-114.01157156912542, 51.0927066850429], [-114.01024778517923, 51.09270161883152], [-114.00733142486105, 51.09269491333449], [-114.00540336655342, 51.092688929637674], [-114.0048544011312, 51.092686027584534], [-114.00176856246102, 51.092676978791786], [-114.00163999134747, 51.09267658242398]]]}, "properties": {"section_name": "MCKNIGHT7", "volume": 51000.0, "year": "2024"}}, {"type": "Feature", "geometry": {"type": "MultiLineString", "coordinates": [[[-114.00163999134747, 51.09267658242398], [-114.0014851578399, 51.092676103546445], [-114.00043178992122, 51.09267893673232], [-114.00027898354477, 51.09268248271823], [-114.00015242526682, 51.09268543695363], [-114.00001368008967, 51.092693119614644], [-113.99984306223064, 51.09270257393436], [-113.99970619272067, 51.09271261961429], [-113.99958575268353, 51.09272319738116], [-113.99947606908687, 51.09273442502497], [-113.99935547046114, 51.09274663148004], [-113.99911459263538, 51.09277904121979], [-113.9989083024017, 51.09280974994773], [-113.99870304814391, 51.0928456867085], [-113.99854029452436, 51.092877048809825], [-113.99836555767978, 51.0929141234455], [-113.99818621793888, 51.09295659424049], [-113.99803797722298, 51.09299318335259], [-113.99786528330549, 51.0930407230344], [-113.9976444753646, 51.093107368120975], [-113.99728084774779, 51.09321576831538], [-113.99689156623154, 51.09333062396895], [-113.99662306837966, 51.09341033411125], [-113.9961136823712, 51.09356358655874], [-113.99563115932584, 51.09370714424237], [-113.99533777805954, 51.093794692173574], [-113.99497950021424, 51.09390297304063], [-113.99469855690923, 51.09398594596098], [-113.99426688890904, 51.09411374143083], [-113.99399941969428, 51.09419475268413], [-113.99338246735884, 51.094379759784815], [-113.99310048197269, 51.094462075251634], [-113.99269253237692, 51.09458604749016], [-113.99241469168375, 51.094668361559144], [-113.9920472862334, 51.09477791835352], [-113.991743523582, 51.09486872338449], [-113.99139989632104, 51.094969099581505], [-113.99113034477341, 51.09504749081397], [-113.99083236925291, 51.09512957574501], [-113.99057525687755, 51.09519685905262], [-113.99034510035078, 51.09525564790017], [-113.99015594595282, 51.09530053545417], [-113.98998281002169, 51.095341032628895], [-113.98984644118784, 51.09537285143596], [-113.98968367169023, 51.095408775130686], [-113.9895043169601, 51.09544600420679], [-113.98928867468531, 51.095489111619905], [-113.98914399249917, 51.095518298472165], [-113.98890243196969, 51.09556336250782], [-113.98873392918313, 51.095593275649975], [-113.98852865520449, 51.09562723388766], [-113.98827983819295, 51.09566706844014], [-113.98811223394118, 51.09569177756402], [-113.9878530510543, 51.095728343313176], [-113.98763281246774, 51.095758283642255], [-113.98736118808078, 51.095790925696974], [-113.98714865809583, 51.09581573285431], [-113.98685390507198, 51.09584433303331], [-113.98659679580624, 51.09586717442213], [-113.9863707902949, 51.09588479049245], [-113.98617419120944, 51.09589711829643], [-113.98590914728383, 51.095912721462014], [-113.98567277601131, 51.095923147705065], [-113.98550199966947, 51.09592637102061], [-113.98529362178212, 51.09593091893322], [-113.9846155535628, 51.09593277794227], [-113.98192485886729, 51.09594755580289]]]}, "properties": {"section_name": "MCKNIGHT8", "volume": 50000.0, "year": "2024"}}, {"type": "Feature", "geometry": {"type": "MultiLineString", "coordinates": [[[-113.98191755729741, 51.095949175508515], [-113.98034331275375, 51.09594928373701], [-113.97926214845333, 51.095949525786324], [-113.97756176972754, 51.09596045070797], [-113.97526459211721, 51.095962619477795], [-113.97358780154802, 51.09596225452834], [-113.97155731582215, 51.09596307993293], [-113.96932581207803, 51.095965105731636], [-113.96836767029495, 51.095964562777205], [-113.9660126618559, 51.09596784930487], [-113.96582702873249, 51.095968106240335]]]}, "properties": {"section_name": "MCKNIGHT9", "volume": 37000.0, "year": "2024"}}, {"type": "Feature", "geometry": {"type": "MultiLineString", "coordinates": [[[-113.96582702873249, 51.095968106240335], [-113.96527746741293, 51.09596506045068], [-113.96445297425905, 51.09596791233141], [-113.96326290180606, 51.0959684398438], [-113.96134252517842, 51.095967380209956], [-113.96091990798865, 51.09596640368352], [-113.96007936735353, 51.09596323584535], [-113.95914733907118, 51.09596380569026], [-113.95847360660167, 51.09596231339656], [-113.95829677899864, 51.09596271252998]]]}, "properties": {"section_name": "MCKNIGHT9A", "volume": 32000.0, "year": "2024"}}, {"type": "Feature", "geometry": {"type": "MultiLineString", "coordinates": [[[-114.11781451863962, 51.04871765855583], [-114.11770898339971, 51.04865393779557], [-114.11759015772166, 51.048593541228996], [-114.11749575746985, 51.04854850591484], [-114.11736718650693, 51.04849119700066], [-114.11724189860611, 51.04844619159351], [-114.11710198243436, 51.048402227335814], [-114.11695651064612, 51.048363556229624], [-114.11681988794106, 51.048335999092814], [-114.11667677637611, 51.048313576915604], [-114.11651253827058, 51.048294252809825], [-114.1163613235203, 51.048282094708185], [-114.116193868782, 51.04827610782546], [-114.11605245131278, 51.04828137696626], [-114.11589062147672, 51.048294836044775], [-114.1157004871621, 51.04832066672095], [-114.11501067001734, 51.04841344282889], [-114.11411318720704, 51.04853705479611], [-114.11356153407435, 51.048606065058486], [-114.1129618771049, 51.04868810298715], [-114.11265084655354, 51.04873294009343], [-114.11239427504813, 51.048758021224295], [-114.1120920727452, 51.04879506594367], [-114.11187545016597, 51.048818026494246], [-114.11171556340125, 51.04882827129326], [-114.11131926187032, 51.04887915460635], [-114.11097770034146, 51.04891722728745], [-114.11066288698326, 51.04894832009214], [-114.11028823836804, 51.04897748179288], [-114.10988747297266, 51.04900068508278], [-114.10964188583722, 51.04901184273017], [-114.10865735899831, 51.04903360121048], [-114.10733907505973, 51.04903471320761], [-114.106107691364, 51.04903679316654], [-114.10561647099512, 51.04903922480004], [-114.10534008750308, 51.049039378924675]]]}, "properties": {"section_name": "MEMOR12", "volume": 36000.0, "year": "2024"}}, {"type": "Feature", "geometry": {"type": "MultiLineString", "coordinates": [[[-114.12961582704995, 51.05536549306777], [-114.12796079898709, 51.05492330164913], [-114.12747691352848, 51.05479442691824], [-114.12712701045263, 51.05469401253342], [-114.12681095152394, 51.054595930977364], [-114.12639892968846, 51.05446119340092], [-114.12586932891996, 51.05429138807616], [-114.12551979538871, 51.054173553584945], [-114.1254363399654, 51.054111442381604], [-114.12533092474415, 51.05405463612858], [-114.12520861429927, 51.05400614809068], [-114.12505430823714, 51.05394227858262], [-114.12485295123675, 51.053855928193485], [-114.12466852901599, 51.05377667386274], [-114.12438623617264, 51.05364890520753], [-114.12399855653432, 51.053473813436575], [-114.12365664593412, 51.05332052059016], [-114.12343081609944, 51.053218778052475], [-114.1231485394833, 51.05309456271618], [-114.12256777684152, 51.05283492781411], [-114.12225537361222, 51.05268939759743], [-114.12196603952943, 51.05255131113707], [-114.12175658906303, 51.05244553794503], [-114.1215535241288, 51.05233776561257], [-114.1212805720846, 51.05218152004371], [-114.1209850573596, 51.05202173905657], [-114.12076861420225, 51.05191049388381], [-114.12052393435968, 51.051782676999046], [-114.12028300937422, 51.05165248424592], [-114.1200844129619, 51.051544256163076], [-114.11983405606227, 51.05139984143228], [-114.11961942058083, 51.0512589477445], [-114.11944803898878, 51.05112630968037], [-114.11930160793536, 51.05100036032585], [-114.11917535441279, 51.05087479115605], [-114.11905849444128, 51.05074683989034], [-114.11897363132483, 51.050636643915524], [-114.1188925038868, 51.050516958116226], [-114.11884183094476, 51.0504333530362], [-114.11876063444863, 51.05028639237551], [-114.1186774752742, 51.0501062309836], [-114.11852459550364, 51.04975494523921], [-114.11838279846341, 51.0494277998581], [-114.1182867890803, 51.04922960878883], [-114.11820752748798, 51.04910280522683], [-114.11810192740849, 51.04896535561662], [-114.11797003893277, 51.04883741930663], [-114.11781451863962, 51.04871765855583]]]}, "properties": {"section_name": "MEMOR13", "volume": 37000.0, "year": "2024"}}, {"type": "Feature", "geometry": {"type": "MultiLineString", "coordinates": [[[-114.1490780595757, 51.06333566265227], [-114.14851463865593, 51.06310696690715], [-114.14758856892071, 51.062731059177636], [-114.14752353261018, 51.062698381865154], [-114.14748065358077, 51.06267302655184], [-114.14744571507781, 51.06265214527529], [-114.14723062102301, 51.06255526187659], [-114.14692009862206, 51.06242394430433], [-114.14662804833888, 51.06230124814183], [-114.14639503122265, 51.062203091163255], [-114.14611670089965, 51.0620877903522], [-114.14561460408501, 51.061878484629624], [-114.14430745748372, 51.06133504764753], [-114.1432868129695, 51.060895222899], [-114.14287056836054, 51.0607176866056], [-114.14243077425391, 51.060532129930316], [-114.14207882396188, 51.06038368677164], [-114.14172573826, 51.060236412589944], [-114.14153307048197, 51.06016131042125], [-114.1414565363633, 51.0601373106273], [-114.14135182545417, 51.060106775175484], [-114.14123847246947, 51.06008412326448], [-114.14116079734615, 51.06008590625901], [-114.14093294828442, 51.059951049590666], [-114.14082384246379, 51.05989635460936], [-114.14077041768263, 51.05986865602185], [-114.14063207745531, 51.05980186624053], [-114.14055889998927, 51.05976669299695], [-114.13980302482177, 51.05939413790988], [-114.13929178215244, 51.05914214980157], [-114.13868232435614, 51.05884174592756], [-114.1379232041393, 51.05848600045075], [-114.13755082484597, 51.05830132837286], [-114.13721397637701, 51.05813598893968], [-114.13697698790922, 51.0580167171297], [-114.13646197065037, 51.057710122865856], [-114.13592131099482, 51.057461453523636], [-114.1353364107622, 51.05719243163458], [-114.13472864234247, 51.05690353712247], [-114.13421666652575, 51.05664042527264], [-114.13408168219198, 51.056588102698974], [-114.13397629868597, 51.05654790554012], [-114.13384646282431, 51.05650299241299], [-114.13362066147444, 51.05642379960747], [-114.1333836114652, 51.05635529269622], [-114.13244791697907, 51.05611087978364], [-114.13103941201125, 51.05573818835598], [-114.12961582704995, 51.05536549306777]]]}, "properties": {"section_name": "MEMOR14", "volume": 30000.0, "year": "2024"}}, {"type": "Feature", "geometry": {"type": "MultiLineString", "coordinates": [[[-113.95562743084763, 51.05327481524268], [-113.95542121282256, 51.0533104061888], [-113.95526957176855, 51.05333680320594], [-113.95520439245459, 51.05334761625163], [-113.95493004308588, 51.05339273537403], [-113.95461939518466, 51.05344737785829], [-113.95411513534087, 51.05353323149476], [-113.95360501605327, 51.05362012972952], [-113.95322645689666, 51.05368493048338], [-113.95286087533165, 51.05374373370817], [-113.95253318294537, 51.05378224700079], [-113.95226857804496, 51.053803208453765], [-113.9519852558004, 51.05381100067094], [-113.95170462814197, 51.05380339931882], [-113.95143213613679, 51.053783801195785], [-113.95122619010512, 51.0537602792423], [-113.95111571530505, 51.053744481305046], [-113.950896606456, 51.05370292528084], [-113.95067107741606, 51.05365123112599], [-113.95043163576544, 51.053584103377815], [-113.95027498531971, 51.05353518850097], [-113.95009312217985, 51.053474106751786], [-113.94989670125128, 51.05340351544629], [-113.94971588580223, 51.053338710015495], [-113.94947089431116, 51.053249437124734], [-113.94913275706155, 51.05312701228099], [-113.9490228424203, 51.05308760200456], [-113.94804436195383, 51.05273039970153], [-113.94764604377453, 51.05259518017227], [-113.94727384860857, 51.052495629699614], [-113.94702979902222, 51.05244514634897], [-113.94681983555158, 51.05240968364548], [-113.94650218461452, 51.0523688116542], [-113.94612707885597, 51.05234506022732], [-113.94592688926905, 51.05233551959027], [-113.9456343178857, 51.05233752792519], [-113.94402171070581, 51.05233466854864], [-113.94250611318309, 51.05233762496131], [-113.94189462237448, 51.05233685152022], [-113.935036779084, 51.052354577435004]]]}, "properties": {"section_name": "MEMOR21", "volume": 17000.0, "year": "2024"}}, {"type": "Feature", "geometry": {"type": "MultiLineString", "coordinates": [[[-113.98158033571261, 51.05222134981388], [-113.97690549212722, 51.05263051834973], [-113.96989648754985, 51.05288234988327], [-113.95871213456537, 51.052793187664506], [-113.95866158535856, 51.052795653657974], [-113.95861677324201, 51.05279758677253], [-113.95858161823173, 51.0528000114341], [-113.95853719012288, 51.05280316366037], [-113.95849585424868, 51.05280631696781], [-113.95847131428458, 51.052808233849795], [-113.95843811895172, 51.05281231686903], [-113.95837780775908, 51.05281827537074], [-113.95831619074897, 51.05282663273222], [-113.95815631457984, 51.05285140611654], [-113.956850054663, 51.05308523388512], [-113.95654574548327, 51.05313823331846], [-113.95626109756806, 51.05318658084486], [-113.95591390610073, 51.05324553085351], [-113.95581582712676, 51.05325969488134], [-113.95573176048808, 51.05327217676404], [-113.95562741614769, 51.05329019754766]]]}, "properties": {"section_name": "MEMOR3", "volume": 21000.0, "year": "2024"}}, {"type": "Feature", "geometry": {"type": "MultiLineString", "coordinates": [[[-113.99104175554108, 51.048914880398165], [-113.99091765465668, 51.04898492686081], [-113.9901966109789, 51.0493916582128], [-113.98957961568951, 51.049735469030914], [-113.98897885852321, 51.05006859651326], [-113.98856457727612, 51.05027511991244], [-113.98819170219144, 51.0504519583612], [-113.98770522933435, 51.05065694403157], [-113.98731653635294, 51.050808221126715], [-113.98697473861394, 51.05093008239163], [-113.98628979008707, 51.05114914474421], [-113.9859093686599, 51.051255412867235], [-113.98525428860574, 51.05141805952976], [-113.98460078189038, 51.051553482742946], [-113.98402438174631, 51.05165936364611], [-113.98364250082939, 51.05171995549477], [-113.98333217783431, 51.05176167970242], [-113.9829801434197, 51.0518015145719], [-113.98265409035531, 51.05183915605029], [-113.98242183523811, 51.05186804848054], [-113.98204428596335, 51.05191136739992], [-113.9818862677736, 51.05193035987665]]]}, "properties": {"section_name": "MEMOR5", "volume": 28000.0, "year": "2024"}}, {"type": "Feature", "geometry": {"type": "MultiLineString", "coordinates": [[[-114.00759193534569, 51.04548949564128], [-114.00752830487417, 51.0454898476597], [-114.00746661229094, 51.04548919446768], [-114.00740932578996, 51.04548525072199], [-114.00734212483901, 51.04547933342631], [-114.00728043082837, 51.04546946835781], [-114.00723856717133, 51.045463550320555], [-114.0071019580503, 51.0454346108653], [-114.0069609443224, 51.0454083028072], [-114.00677365863804, 51.045372128341825], [-114.00658747513975, 51.045332665069964], [-114.00642552873174, 51.04529714666379], [-114.00631205678253, 51.045274783696264], [-114.00616527571604, 51.04525010572626], [-114.00600002546112, 51.045223798682926], [-114.00584028482493, 51.04520143762316], [-114.00566732587978, 51.04517776088985], [-114.00547563649077, 51.045149480238564], [-114.00530377892983, 51.04512646096388], [-114.00514055237684, 51.04510558510831], [-114.00492793361757, 51.04508190991702], [-114.00474946706737, 51.04506217944865], [-114.00455888197189, 51.04504310812839], [-114.00434406094524, 51.04502403650162], [-114.00412373249179, 51.045003649476534], [-114.00389557686631, 51.04498725553642], [-114.00372922954364, 51.044981339425455], [-114.00357389890844, 51.04497871298357], [-114.00338882469721, 51.04497542915298], [-114.00319824173943, 51.044974118426545], [-114.00304291111524, 51.044970833230536], [-114.0029096132107, 51.04496623118483], [-114.00277574490613, 51.04496165327293], [-114.00267659721865, 51.04495836624232], [-114.00255872225517, 51.04495244734535], [-114.00248270965535, 51.04494784354464], [-114.00245671946027, 51.044946294263895], [-114.00236162477141, 51.04494408295184], [-114.00228505487472, 51.044944822530965], [-114.00217020082422, 51.04494777515026], [-114.00204917058274, 51.04495367729645], [-114.00196025109003, 51.04495884162507], [-114.00186145197289, 51.044969168847295], [-114.00174783160793, 51.044978021892405], [-114.00161815807812, 51.044991299796806], [-114.0015193588641, 51.045003101944914], [-114.00137362906095, 51.04501637978559], [-114.00130693901822, 51.04502301856888], [-114.00106461152149, 51.04504808530075], [-114.00075160071972, 51.04508998707805], [-114.00039811306767, 51.04513188816167], [-114.00000145174617, 51.04519151413866], [-113.99956161475437, 51.04526402989091], [-113.99918923584869, 51.045330099735544], [-113.99887082472807, 51.045389722390034], [-113.99857669748764, 51.045452568192594], [-113.9982717767669, 51.04551702405514], [-113.9979992344758, 51.045583090640164], [-113.99762395588668, 51.04567583067514], [-113.99724077566133, 51.045785404387466], [-113.99697902319956, 51.04587080755472], [-113.99666330093666, 51.0459690998807], [-113.9964042453675, 51.04606255933091], [-113.99612629760955, 51.04616729789511], [-113.99582945789041, 51.04629298389322], [-113.9955703952589, 51.046409003016414], [-113.99528164774404, 51.04654274541968], [-113.99482984021408, 51.04677714880155], [-113.99433058771555, 51.04705913706683], [-113.99389070107782, 51.04730728626702], [-113.99358034977969, 51.04748292264377], [-113.99331047594727, 51.04762955425673], [-113.99306933901244, 51.04776576425935], [-113.99279136653676, 51.04791561700368], [-113.99252688521455, 51.04806546994646], [-113.9922860894113, 51.048206891487965], [-113.99217836171636, 51.048269517558985], [-113.99203021102815, 51.048352696691595], [-113.99188205802402, 51.04843792978777], [-113.99172250981616, 51.04852829682064], [-113.99156784318137, 51.04861660983399], [-113.9914229462715, 51.04869978932561], [-113.9913122369629, 51.0487624296568], [-113.99117710724356, 51.04883739205798], [-113.99109407545915, 51.04888462947147], [-113.99104175554108, 51.048914880398165]]]}, "properties": {"section_name": "MEMOR6", "volume": 36000.0, "year": "2024"}}, {"type": "Feature", "geometry": {"type": "MultiLineString", "coordinates": [[[-114.01823422658502, 51.047878018469106], [-114.01806443789889, 51.047888649117176], [-114.01786294429809, 51.04789960440263], [-114.01785901620163, 51.04789842914644], [-114.01761422330704, 51.04791056736642], [-114.01744263595978, 51.04791357229476], [-114.01723799129832, 51.04791956194612], [-114.01703964381198, 51.04792753615226], [-114.01686648260461, 51.047932527194114], [-114.01668072693107, 51.047933547216644], [-114.01661807091494, 51.04793617754647], [-114.0165369595869, 51.0479326138357], [-114.0164173196729, 51.047930643971675], [-114.01627406365898, 51.0479237122489], [-114.01611034302252, 51.047914795544145], [-114.01596708744475, 51.04790885681003], [-114.01583012914891, 51.04790093031767], [-114.01573410092946, 51.04789498399312], [-114.01562698512157, 51.04788711167488], [-114.0154107755723, 51.04786719037692], [-114.01521356017672, 51.0478441099146], [-114.01506974034208, 51.04782990140193], [-114.0150163469779, 51.047822806388425], [-114.01487547799684, 51.04779971810284], [-114.01469234847445, 51.04776952499109], [-114.0145553736538, 51.04774327054653], [-114.01444723549795, 51.04772512111565], [-114.01419366855012, 51.047675384146835], [-114.0139570077453, 51.047625645508944], [-114.01373724875056, 51.04757590440619], [-114.0134836811914, 51.04751372411134], [-114.01329491339713, 51.04746397859669], [-114.01308642176828, 51.0474017932019], [-114.01287121419938, 51.04733674944048], [-114.0126880790647, 51.04727456053876], [-114.0124232337957, 51.04716972199951], [-114.01221474327609, 51.047096870530645], [-114.01198652958188, 51.04701691073623], [-114.01172732514533, 51.04692451182286], [-114.01151601790822, 51.04684810484805], [-114.01136387654, 51.04679301988695], [-114.01121736929099, 51.046734379647496], [-114.01114602660735, 51.04670718444865], [-114.01105617809958, 51.046671721305444], [-114.01091339306, 51.046616017276435], [-114.01073086448883, 51.04654452896384], [-114.0105777759033, 51.04648603865276], [-114.01042910521473, 51.046431262303095], [-114.01027601779347, 51.04637462887389], [-114.0101111559617, 51.046314282605074], [-114.00994335086955, 51.046253006815384], [-114.00970889377075, 51.04616904985502], [-114.00949987368946, 51.04609291951512], [-114.00930410321602, 51.04602607323971], [-114.00909655887601, 51.04595644163488], [-114.0089302281511, 51.04590259338612], [-114.00877861903791, 51.045854316529834], [-114.00863289625424, 51.045808824060664], [-114.00844103126505, 51.04574883611201], [-114.0082437931928, 51.04568848863762], [-114.00807452271454, 51.04563649665456], [-114.00790966810271, 51.04558636230469], [-114.00775511652195, 51.04553994069693], [-114.00765061017718, 51.04550651656956], [-114.00759193534569, 51.04548949564128]]]}, "properties": {"section_name": "MEMOR7", "volume": 66000.0, "year": "2024"}}, {"type": "Feature", "geometry": {"type": "MultiLineString", "coordinates": [[[-113.96992796140724, 51.125207334980914], [-113.96999954753558, 51.12931916484367], [-113.96999796382049, 51.13176347639824], [-113.96996620917525, 51.13976874175444]]]}, "properties": {"section_name": "METISTRNE3A", "volume": 32000.0, "year": "2024"}}, {"type": "Feature", "geometry": {"type": "MultiLineString", "coordinates": [[[-113.96998343139352, 51.154176867858276], [-113.96997851928718, 51.16174629756952], [-113.97002668174612, 51.16536676111884]]]}, "properties": {"section_name": "METISTRNE4", "volume": 29000.0, "year": "2024"}}, {"type": "Feature", "geometry": {"type": "MultiLineString", "coordinates": [[[-113.97002668174612, 51.16536676111884], [-113.9700493797186, 51.167072946703634], [-113.97004841128131, 51.16856813938578], [-113.96900545041537, 51.17225912615719], [-113.96900457333949, 51.173567418820745], [-113.96959794123195, 51.17548328976922]]]}, "properties": {"section_name": "METISTRNE5", "volume": 28000.0, "year": "2024"}}, {"type": "Feature", "geometry": {"type": "MultiLineString", "coordinates": [[[-113.99926243406532, 51.015398795454544], [-113.9995504068129, 51.015391089081334], [-113.99959712080431, 51.015389641897414], [-114.00024535441094, 51.015362139905086], [-114.00072387908746, 51.0153340017118], [-114.00143673986398, 51.015275175000234], [-114.00163137325136, 51.01525863754524], [-114.00188334313034, 51.01523402963064], [-114.00207545210833, 51.015214695655345], [-114.00224111165737, 51.01519975428032], [-114.00235526332531, 51.015189207923775], [-114.00244834852839, 51.015183292534026]]]}, "properties": {"section_name": "PEIGAN1", "volume": 29000.0, "year": "2024"}}, {"type": "Feature", "geometry": {"type": "MultiLineString", "coordinates": [[[-113.97696614010144, 51.01492276534189], [-113.97698615668473, 51.01492488458088], [-113.97701854115518, 51.014928981304], [-113.97705092383967, 51.01493382057358], [-113.97707918550988, 51.014940518112255], [-113.9771027358294, 51.014946842544134], [-113.97712746383861, 51.0149550271871], [-113.97715437972334, 51.014965578362485], [-113.97810819408605, 51.01500138114969], [-113.97911541230621, 51.015039179640866], [-113.97928790339792, 51.01507601539659], [-113.97933504099554, 51.015084140613666], [-113.97936939440639, 51.015090354126286], [-113.97940215149862, 51.01509370230485], [-113.97945888052053, 51.015095145261554], [-113.97981522803133, 51.015106666630366], [-113.9807581905768, 51.01513540421692], [-113.98122080767648, 51.01514836632689], [-113.98127034548943, 51.01514980634928], [-113.9813055010236, 51.0151502893361], [-113.98134225673185, 51.015147908424304], [-113.98144133665977, 51.01513646403206], [-113.98161472773509, 51.01511580416219], [-113.98244048861999, 51.01515866048514], [-113.98278657777192, 51.015177574333435], [-113.98308369335753, 51.01519192675424], [-113.9833982231186, 51.015206279995944], [-113.983750045634, 51.01521929540905], [-113.98475247527269, 51.01525518286031], [-113.98519869552308, 51.01527215090583], [-113.9859622331048, 51.015300044217916], [-113.98705171368753, 51.015340705830745], [-113.98958801093302, 51.01540688948432], [-113.99103527092228, 51.0154228512648], [-113.9932213732618, 51.01542430204671], [-113.99487064707017, 51.0154207802815], [-113.9969312415943, 51.015412884923755], [-113.99700679015673, 51.015424787552], [-113.99705550489074, 51.01542807904857], [-113.99734798103306, 51.01543210268539], [-113.9975114673185, 51.015431325069656], [-113.99780106395234, 51.01542080204968], [-113.99823252534371, 51.01541364901382], [-113.99882064327224, 51.01541053697636], [-113.99906677193087, 51.01540412499435], [-113.99915698339181, 51.015400273559926], [-113.99922638455598, 51.01539975982467], [-113.99926243406532, 51.015398795454544]]]}, "properties": {"section_name": "PEIGAN1A", "volume": 19000.0, "year": "2024"}}, {"type": "Feature", "geometry": {"type": "MultiLineString", "coordinates": [[[-113.97696614010144, 51.01492276534189], [-113.97626939488536, 51.014914810209206], [-113.97602533504016, 51.014912821295], [-113.97591286742237, 51.014911311256434], [-113.97583337449333, 51.01491055048963], [-113.97576330205527, 51.01491202288627], [-113.97571058286275, 51.014914982162864], [-113.97561813124284, 51.01492202617863], [-113.97550507013351, 51.01492981015658], [-113.97516211676167, 51.01495371799904], [-113.97323527972435, 51.01495318287518], [-113.9712817510589, 51.014952724491266], [-113.96927875612137, 51.01494916482806], [-113.96819418872009, 51.0149519114039], [-113.9654304583317, 51.01495369125423], [-113.96292906715414, 51.01495445633304], [-113.96175190794794, 51.01495639901665], [-113.95997157454464, 51.01495784429762], [-113.95933018459037, 51.01495627885465], [-113.95848643089013, 51.01495279976403], [-113.9582957138974, 51.01495196232847]]]}, "properties": {"section_name": "PEIGAN2", "volume": 16000.0, "year": "2024"}}, {"type": "Feature", "geometry": {"type": "MultiLineString", "coordinates": [[[-114.16414717315395, 51.05242673133861], [-114.16415196925598, 51.05263960227715], [-114.16415090190193, 51.052773012244636], [-114.16414148960362, 51.054928355574525], [-114.16413446188602, 51.05613639467054], [-114.16406963503884, 51.057390318185966], [-114.16406751054451, 51.05758957114225], [-114.16408592985812, 51.0579998657988], [-114.16411821284728, 51.05834137859395], [-114.16414436539596, 51.05853890354475], [-114.16421917873707, 51.05890015101195], [-114.16431677875077, 51.059344781076476], [-114.16449683495118, 51.05987304772139], [-114.16481903290442, 51.060628185855], [-114.16510899000652, 51.06117174346254], [-114.16558115276419, 51.0619123539968], [-114.1662565142228, 51.06280337006836], [-114.16666540432361, 51.06324350217256], [-114.1673537087052, 51.063861096369955], [-114.1683775980274, 51.064622855197214], [-114.16898307339926, 51.065019464234915], [-114.16954719833522, 51.06535298188321], [-114.17044189574169, 51.0658323066018], [-114.17144206334603, 51.06627324646815], [-114.17532853811193, 51.06777390342494], [-114.17587725989738, 51.06800531472303], [-114.17672604758107, 51.06836339901227], [-114.17789930094244, 51.06891040137656], [-114.17951627634469, 51.069757804427184], [-114.1804976136526, 51.07033043422368], [-114.18192696812791, 51.07123328558385], [-114.1826120317831, 51.071720411276964], [-114.18357113482105, 51.07244667753124], [-114.18419471620449, 51.07295330095327], [-114.18482783390805, 51.07350952547474], [-114.1859775812726, 51.074589090757506], [-114.18651348089523, 51.07511893473878], [-114.18711303834833, 51.07575793960264], [-114.18810840426217, 51.07697807945292], [-114.1882458904307, 51.07717663465167], [-114.18829939193843, 51.077240513752265], [-114.18850038066344, 51.077538271883135], [-114.18873312779434, 51.077830164755326], [-114.18883427437669, 51.07799583067525], [-114.18892416412176, 51.07818516297757], [-114.18898640133433, 51.07833831864527], [-114.18905990839794, 51.07857086918404], [-114.18909574437033, 51.07872735590464], [-114.18912334169613, 51.078884503195816], [-114.18913926265664, 51.07912708850435], [-114.18918698317796, 51.08038799858293]]]}, "properties": {"section_name": "SARCEE2", "volume": 29000.0, "year": "2024"}}, {"type": "Feature", "geometry": {"type": "MultiLineString", "coordinates": [[[-114.16415411010892, 51.03997694337727], [-114.16415476012334, 51.04016089158559], [-114.16414984442063, 51.04077894811281], [-114.16415254803559, 51.04138706290068], [-114.164155849123, 51.042344989327084], [-114.16415569010763, 51.04397533341115], [-114.16415517217631, 51.045437920912285], [-114.16415519260278, 51.04672517234798], [-114.16415872884312, 51.048630194061786], [-114.16415856991979, 51.05010546889558], [-114.1641554986942, 51.051798622541085], [-114.16415009203048, 51.0522998291248], [-114.16414717315395, 51.05242673133861]]]}, "properties": {"section_name": "SARCEE3", "volume": 30000.0, "year": "2024"}}, {"type": "Feature", "geometry": {"type": "MultiLineString", "coordinates": [[[-114.16429065614763, 51.018084446941], [-114.1642700438317, 51.01821542647472], [-114.16425303139822, 51.018339089552505], [-114.16423115158814, 51.01849582747754], [-114.16422034498424, 51.01857845965331], [-114.1641318820097, 51.01934512994196], [-114.16411598266279, 51.01975241626015], [-114.16411570009268, 51.0204915490755], [-114.16413391786614, 51.02153770613573], [-114.16412476308275, 51.022221243131234], [-114.16413055599283, 51.02304279074478], [-114.16413230895992, 51.02435827888121], [-114.16414160748623, 51.02615539292868], [-114.16413768637045, 51.02833394459391], [-114.1641380687625, 51.030093041439116], [-114.16414613191868, 51.03156895938622], [-114.16415359342373, 51.03450155566197], [-114.16415207673123, 51.03571675250104], [-114.16415108896099, 51.03789721667588], [-114.16414917570754, 51.038993313564916], [-114.16415498727817, 51.03941732131053], [-114.16415488800457, 51.039486073251545], [-114.16415521485061, 51.039547094308304], [-114.1641540627262, 51.0398440911472], [-114.16415313228221, 51.03995969162612], [-114.16415411010892, 51.03997694337727]]]}, "properties": {"section_name": "SARCEE4", "volume": 34000.0, "year": "2024"}}, {"type": "Feature", "geometry": {"type": "MultiLineString", "coordinates": [[[-114.16306874071218, 51.00968036299693], [-114.16345752044577, 51.01008782250726], [-114.16364486994429, 51.010255560649696], [-114.16378721294984, 51.010410271543336], [-114.16390540268333, 51.01058028890277], [-114.1640375413418, 51.010783013899065], [-114.16410936406203, 51.01090056516857], [-114.16420907647573, 51.01104921065199], [-114.16426569398264, 51.01115237524678], [-114.16431465522949, 51.01125438999681], [-114.16436567024697, 51.011381018584025], [-114.1643951846079, 51.011477454615346], [-114.16441888896466, 51.01158310076415], [-114.16443682142449, 51.011709546619436], [-114.16445253087149, 51.01231348386475], [-114.1644451112887, 51.01297536941979], [-114.1644482121151, 51.014429178405685], [-114.16445830873857, 51.01619867326417], [-114.16442946669979, 51.0170435872572], [-114.16441335941381, 51.01716503402736], [-114.16439798529096, 51.01728224017956], [-114.16438097880031, 51.01740739289482], [-114.16435833123928, 51.01758134918109], [-114.1643404953807, 51.01770699928644], [-114.16432675150871, 51.017814566977705], [-114.16431775562752, 51.01788560160486], [-114.16430493294335, 51.017978816706744], [-114.16429065614763, 51.018084446941]]]}, "properties": {"section_name": "SARCEE5", "volume": 43000.0, "year": "2024"}}, {"type": "Feature", "geometry": {"type": "MultiLineString", "coordinates": [[[-114.14005039423924, 51.10898314754993], [-114.13998625044727, 51.10910115583632], [-114.13984570080137, 51.109349528835985], [-114.13970277175247, 51.10958173663355], [-114.13954115006133, 51.10981703471742], [-114.13936628320714, 51.110051524004334], [-114.13918191979539, 51.11027429824014], [-114.13899459334701, 51.11048012843446], [-114.13888223154056, 51.110595912715034], [-114.13864993424386, 51.11080115388598], [-114.13851606450679, 51.11090290261694], [-114.13837723856918, 51.11102518129564], [-114.13817334240603, 51.11119847828042], [-114.13789299916466, 51.111442296171276], [-114.13757760348433, 51.11171432634075], [-114.1372685906883, 51.11198634815302], [-114.13695177149366, 51.11226678268596], [-114.13688806931168, 51.112327225361426], [-114.13668415592126, 51.11249850874534], [-114.13639422450863, 51.11274635794872], [-114.13606608659939, 51.113036508449895], [-114.13573155495702, 51.113326666334444], [-114.13537157199711, 51.11365307373568], [-114.13512763245842, 51.113893010455385], [-114.13500025974731, 51.11402798046149], [-114.13486015952645, 51.11418107641332], [-114.13469147536962, 51.114390548527744], [-114.13453872485427, 51.114587928987056], [-114.13436694789824, 51.1148336251924], [-114.1342302479647, 51.11505915849024], [-114.13409361801766, 51.115308837682534], [-114.13400214695639, 51.11548816606899], [-114.13394505190603, 51.115627078991395], [-114.13387212839862, 51.115816316862556], [-114.13379926822738, 51.1160276906693], [-114.13372019303979, 51.116299440474556], [-114.13366981287174, 51.116553046914696], [-114.1336416176708, 51.1167462590315], [-114.13362002763286, 51.116973988248695], [-114.13360778272315, 51.11715913280597], [-114.1336081643334, 51.11729194420689], [-114.13361189631657, 51.117479083277], [-114.13362854961558, 51.11771651531839], [-114.13365480304692, 51.11795997290945], [-114.13368410235073, 51.11815110738739], [-114.13371023578352, 51.11835230845711], [-114.13373600733598, 51.11851961005558], [-114.13377203770014, 51.118829462756125], [-114.13381442124764, 51.11912723509592], [-114.13386000781783, 51.11942701471769], [-114.13390246228619, 51.11974893393854], [-114.13394801535695, 51.12006289735799], [-114.13395780640646, 51.1201353290094], [-114.13398390284347, 51.12032244235706], [-114.13401657938113, 51.12057595358393], [-114.13405565716404, 51.12083348300533], [-114.13409810989825, 51.1211533884055], [-114.13416955851778, 51.12166057900852], [-114.13418594948072, 51.12180544499588], [-114.13422503068125, 51.12206297340417], [-114.13425445745307, 51.122296365858], [-114.1342741668597, 51.122483486404356], [-114.13429078015088, 51.12270481868895], [-114.13429766416442, 51.12287585533802], [-114.13429503962317, 51.12306143461704], [-114.13429544662115, 51.12320229425665], [-114.1342895573917, 51.12337535743491], [-114.13426790922331, 51.12362289340056], [-114.13423668729804, 51.12387446589086], [-114.1341894448788, 51.12410995634363], [-114.13415487507919, 51.1243092130719], [-114.1340981588858, 51.12455097740156], [-114.13407917463005, 51.124615391778356], [-114.13402217639457, 51.124792538134365], [-114.133996170026, 51.124881895934024], [-114.1339481649507, 51.12501005562504], [-114.13390387106257, 51.12510514994123], [-114.13383403760523, 51.12526057040347], [-114.13375910815485, 51.12543234785604], [-114.13369267272968, 51.12557754404709], [-114.13365347228259, 51.12565739054715], [-114.1335739805498, 51.12581098619693], [-114.1334803251101, 51.12599021565363], [-114.12905942772983, 51.12980308727669], [-114.12544606213042, 51.13207356682086], [-114.1220866940515, 51.13468427845069], [-114.12062127201031, 51.13655593350304], [-114.12103494393385, 51.139221174955466], [-114.12303870107186, 51.14229054725578]]]}, "properties": {"section_name": "SHGNPPI2", "volume": 38000.0, "year": "2024"}}, {"type": "Feature", "geometry": {"type": "MultiLineString", "coordinates": [[[-114.14272168060131, 51.10253994315454], [-114.1425816945847, 51.10261220912373], [-114.14243804944795, 51.10270195436082], [-114.14228782873347, 51.10281735399134], [-114.14213225974498, 51.102942927220184], [-114.14202250878589, 51.103031800093326], [-114.14192304760114, 51.10311261913267], [-114.14167636451478, 51.10333996443462], [-114.14153156891648, 51.10347230109343], [-114.14133862750946, 51.103689415113514], [-114.14124220847941, 51.10381491652488], [-114.14116068969149, 51.1039570855513], [-114.14109187258512, 51.10405364999502], [-114.14099002577818, 51.10424990985511], [-114.14091170511487, 51.10440890076185], [-114.14086490335055, 51.10456785364594], [-114.14077514939352, 51.10485596122614], [-114.1407050213396, 51.10511921750607], [-114.14066230095386, 51.105325336742496], [-114.14064314420634, 51.10550660181382], [-114.14063180169555, 51.105665511919334], [-114.14062425178938, 51.10592656408842], [-114.14061718068767, 51.105992950325664], [-114.14061448105886, 51.10630424246138], [-114.14061531281554, 51.106581197089085], [-114.14059782356952, 51.10681010791195], [-114.14057320175857, 51.10708480345557], [-114.14054484683021, 51.107327459889234], [-114.14050595579934, 51.10754843426413], [-114.14047565384776, 51.10781086841361], [-114.14045439988314, 51.10791042904852], [-114.14043311298224, 51.107998679850176], [-114.14041178487378, 51.10807335723748], [-114.14039044299264, 51.10814351104928], [-114.14035483374103, 51.10824761338009], [-114.14030139431392, 51.10839471925954], [-114.14023365710085, 51.10856446019227], [-114.14018732205572, 51.10868440967806], [-114.14010881349617, 51.10885642613454], [-114.14005039423924, 51.10898314754993]]]}, "properties": {"section_name": "SHGNPPI3", "volume": 37000.0, "year": "2024"}}, {"type": "Feature", "geometry": {"type": "MultiLineString", "coordinates": [[[-114.14956930890891, 51.09726640401205], [-114.14888974639555, 51.09771223331335], [-114.148574035264, 51.09792214246174], [-114.14837883872342, 51.09802739131987], [-114.14824779912641, 51.098108849203925], [-114.148047821578, 51.09824330826446], [-114.14779033906837, 51.09843694576857], [-114.14749550733218, 51.098667143103214], [-114.14727607945947, 51.098903580642414], [-114.14705206087736, 51.09917610980627], [-114.14677735104733, 51.0995417352058], [-114.14659399025945, 51.099743331689936], [-114.1462912341076, 51.10002498365304], [-114.14594960349902, 51.1002831601207], [-114.14511411172333, 51.1008625043534], [-114.14501300542715, 51.100934088532654], [-114.1448463975812, 51.1010455042254], [-114.14464295684927, 51.101196997065095], [-114.1444830927541, 51.10132373394483], [-114.1443676561618, 51.10142410844301], [-114.14410336108143, 51.10161167630652], [-114.14375119219024, 51.10185237258875], [-114.14343678952694, 51.1020675484045], [-114.14321545973172, 51.10221743714216], [-114.14303068126684, 51.102337300269916], [-114.14291548708705, 51.10242181078114], [-114.14284333599281, 51.10247429691481], [-114.14272168060131, 51.10253994315454]]]}, "properties": {"section_name": "SHGNPPI4", "volume": 41000.0, "year": "2024"}}, {"type": "Feature", "geometry": {"type": "MultiLineString", "coordinates": [[[-114.13564057963545, 51.14746839703326], [-114.13515146183704, 51.14724212913207], [-114.1347218944598, 51.14708470292936], [-114.13429233143242, 51.14692727514101], [-114.13386276989652, 51.14676984577031], [-114.13343321271053, 51.14661241481406], [-114.13293060170506, 51.14644932277771], [-114.13242799566844, 51.146286228572876], [-114.13192539316894, 51.14612313130229], [-114.13142279421169, 51.1459600327639], [-114.1308516527172, 51.14577116730836], [-114.13028051587818, 51.14558229815558], [-114.12970938369975, 51.14539342710353], [-114.12913825617683, 51.14520455235434], [-114.12870419681138, 51.14505859406232], [-114.12827013875261, 51.14491263415551], [-114.12783608342967, 51.14476667263235], [-114.12740203227169, 51.144620709491306], [-114.12686278170753, 51.14439733361305], [-114.12632353777538, 51.14417395523495], [-114.1261317568555, 51.144058793472844], [-114.12554776770132, 51.14380908520876], [-114.12516291017988, 51.143616742992215], [-114.12479360207652, 51.14341131475581], [-114.1244711190456, 51.143235238663024], [-114.12414336772902, 51.14302976413212], [-114.12390408420923, 51.1428895357995], [-114.12371006094538, 51.14277650025586], [-114.1235160126641, 51.142698717076506], [-114.12332196360566, 51.14262093357524]]]}, "properties": {"section_name": "SHGNPPI100", "volume": 35000.0, "year": "2024"}}, {"type": "Feature", "geometry": {"type": "MultiLineString", "coordinates": [[[-114.13564057963545, 51.14746839703326], [-114.13599637573638, 51.14761575281694], [-114.13642823592905, 51.14786758380935], [-114.13686010225092, 51.148119413191196], [-114.13714224441884, 51.14836011850574], [-114.13742438809385, 51.14860082312921], [-114.13765902361725, 51.14896283170715], [-114.13793727188944, 51.14915468489992], [-114.13821552390115, 51.14934653831996], [-114.13859077482866, 51.149681284167706], [-114.13896603261995, 51.15001602968542], [-114.13916882240471, 51.15024646649844], [-114.13937161564294, 51.15047690384642], [-114.13956695678223, 51.15071770661538], [-114.13976229852723, 51.15095850904832], [-114.1399127211392, 51.151195598250624], [-114.14006314386539, 51.15143268725034], [-114.14018888890371, 51.151676867834155], [-114.14030902197348, 51.151910147056746], [-114.14031463527151, 51.15192104827149], [-114.14044038153675, 51.15216522766514]]]}, "properties": {"section_name": "SHGNPPI101", "volume": 36000.0, "year": "2024"}}, {"type": "Feature", "geometry": {"type": "MultiLineString", "coordinates": [[[-114.22611760698001, 51.130665270507], [-114.22574848318133, 51.13091476756678], [-114.22543259343524, 51.13112277087027], [-114.22534200737603, 51.13118604533916], [-114.22525406231759, 51.13124658001002], [-114.22513778787328, 51.13133526079502], [-114.22489997479904, 51.13152363182719], [-114.22477864579568, 51.13161707567705], [-114.22471692775532, 51.13168256135059], [-114.22464994747821, 51.13176218157861], [-114.22458392434422, 51.13184359245791], [-114.2245104071699, 51.13194474089493], [-114.2244520323694, 51.13203809140173], [-114.22440422384814, 51.13212808376169], [-114.22436381857617, 51.1322094453554], [-114.22433191803414, 51.13228361870892], [-114.2243076909348, 51.132366570075924], [-114.22427039480577, 51.13250231462086], [-114.22422683095647, 51.13267356844651], [-114.2241639446961, 51.13280128933673], [-114.22408686234098, 51.132956294790255], [-114.22401953946303, 51.133085600874196], [-114.22395590739936, 51.13321178764576], [-114.223890982653, 51.13332630474395], [-114.22382867630833, 51.1334215574514], [-114.22375014529966, 51.13353298650411], [-114.22365928316702, 51.133649109185626], [-114.22355604326597, 51.133760586250276], [-114.22347861690092, 51.13384477718147], [-114.22338911429935, 51.13393081781475], [-114.22328087228234, 51.13402985357514], [-114.22317873381625, 51.13411409147753], [-114.22303841116009, 51.134221747228], [-114.22291035374242, 51.1343114820198], [-114.22278473022931, 51.134393430628215], [-114.2226976608319, 51.1344490479491], [-114.22255473932105, 51.134531029243306], [-114.22239208840476, 51.134620829282575], [-114.22222695895103, 51.134709076803055], [-114.22203470289435, 51.13480904859481], [-114.22189913360313, 51.13487856361777], [-114.22178626009517, 51.13493356038095], [-114.22162724933288, 51.13501012333907], [-114.22146329942939, 51.135087473033074], [-114.221301820868, 51.1351648187188], [-114.2211781613501, 51.1352222831695], [-114.22100310186013, 51.13530198872296], [-114.22081447431145, 51.13538638793244], [-114.22062337788209, 51.13547156999311], [-114.22048157060108, 51.13552942212471], [-114.22034595242401, 51.13558959792359], [-114.22012893510282, 51.135680274805466], [-114.21996937886455, 51.13574479494529], [-114.21980290506451, 51.13581203104139], [-114.21961793398108, 51.13588708393551], [-114.21942553604231, 51.13595903736873], [-114.2192134170894, 51.136041143451415], [-114.21900563009015, 51.13611667772527], [-114.21879596179343, 51.1361948877576], [-114.21855296377106, 51.13627938499903], [-114.21833957136775, 51.136354488967555], [-114.21815524031798, 51.136416836031735], [-114.21792827123481, 51.13649507677089], [-114.21763469165721, 51.136596008536074], [-114.21741702156031, 51.136670003165115], [-114.21718266026333, 51.136752925393914], [-114.21690018466296, 51.13685150008934], [-114.21668799521083, 51.13692037260312], [-114.21643511899592, 51.137007996829226], [-114.21631373253064, 51.1370490782408], [-114.21613239705648, 51.13711088887604], [-114.21592516092575, 51.137182864846665], [-114.21565870604728, 51.1372736246561], [-114.21544976052888, 51.1373461351178], [-114.21520303290521, 51.13742829764496], [-114.21496989114533, 51.13750965707988], [-114.21470343250836, 51.13760041471246], [-114.21450908453372, 51.13766824457114], [-114.21425371869748, 51.13775353403059], [-114.21403414391555, 51.13783019754106], [-114.21381672730533, 51.1379049571896], [-114.21360824223638, 51.13797537432471], [-114.21340832240664, 51.13804287001984], [-114.21309047409284, 51.138155913945106], [-114.21276854590495, 51.13826613449873], [-114.2123853819962, 51.13839515205781], [-114.21203778234322, 51.138515383976554], [-114.21165265233245, 51.13864814056739], [-114.21132432670474, 51.13875767021674], [-114.21099664093639, 51.138877816303086], [-114.21077940332242, 51.13895669618955], [-114.21046937970985, 51.13907685480947], [-114.21017712963734, 51.13919075267258], [-114.2099086104322, 51.139303360358625], [-114.20962431344606, 51.1394272084308], [-114.20933215485368, 51.13956228260572], [-114.20911943517393, 51.13966326032973], [-114.20883914834594, 51.139799557998096], [-114.20860071799413, 51.13991936264498], [-114.20839745850274, 51.14002935941863], [-114.20816854916254, 51.14015435119146], [-114.20797974233875, 51.14026283103495], [-114.20772325413593, 51.140414033391814], [-114.20756606981321, 51.14050605937139], [-114.20734512966091, 51.140644739119146], [-114.2071537961162, 51.140768417212726], [-114.20699656246974, 51.14087422086231], [-114.20676976206163, 51.14103035239742], [-114.20657851434576, 51.141173962019955], [-114.20635429039908, 51.14134578222589], [-114.20618484437055, 51.14149932039381], [-114.20603314058908, 51.14163912152286], [-114.20578923148888, 51.14185209281199], [-114.20567726072294, 51.14195242216203], [-114.20552018758809, 51.14204518770717], [-114.20542899363421, 51.14210059795752], [-114.20537354665034, 51.1421364918928], [-114.20530584753466, 51.14219575238599], [-114.20519880290736, 51.14229943742933], [-114.20503151672362, 51.14247248561753], [-114.20480904441952, 51.14269827776075], [-114.20466756340373, 51.14283937526081], [-114.20444733154665, 51.14306232476478], [-114.20433213799906, 51.143182386097465], [-114.20416486598646, 51.14336010218566], [-114.20403329347936, 51.14350740689718], [-114.20385272629326, 51.14370508283575], [-114.20368791948655, 51.14388201632754], [-114.20335244729947, 51.14424864541553], [-114.203187522143, 51.14443009565855]]]}, "properties": {"section_name": "STONEY1", "volume": 88000.0, "year": "2024"}}, {"type": "Feature", "geometry": {"type": "MultiLineString", "coordinates": [[[-114.00106757929643, 51.17534576400327], [-113.98952847004983, 51.175254307323854], [-113.98922005803811, 51.17529041363338], [-113.98894490833587, 51.175318918032964], [-113.98863437374536, 51.17534693291855], [-113.9883229331892, 51.175370643600836], [-113.98792460853387, 51.17539481557022], [-113.98726758009352, 51.175408729128016], [-113.98661055268873, 51.17542263809722], [-113.98612834233874, 51.17542129371805], [-113.98580880568964, 51.175421679701806], [-113.98543384286775, 51.17542255504645], [-113.98505888003191, 51.17542342918938], [-113.98468391718218, 51.17542430213058], [-113.98430895431855, 51.17542517387007], [-113.98393399144105, 51.17542604440782], [-113.9835590285497, 51.17542691374388], [-113.98318406564452, 51.175427781878184], [-113.9828091027256, 51.17542864881078], [-113.98243413979287, 51.17542951454164], [-113.98205917684642, 51.175430379070804], [-113.98168421245617, 51.175431242398], [-113.98130924948232, 51.17543210452369], [-113.98093428649481, 51.17543296544768], [-113.98055932349328, 51.175433826068904], [-113.98018436047853, 51.175434684589426], [-113.9798093974502, 51.17543554190822], [-113.9794344344083, 51.175436398025326], [-113.97905947135288, 51.175437252940675], [-113.97868450828395, 51.17543810665433], [-113.97830954520153, 51.175438959166236], [-113.97794678397675, 51.17543910799782], [-113.97758402275, 51.17543925570462], [-113.97722126295137, 51.17543940228691], [-113.97685850172074, 51.17543954774414], [-113.97648497817215, 51.1754386138671], [-113.97611145606867, 51.17543767969679], [-113.97573793255108, 51.175436743434744], [-113.97536441047868, 51.17543580687945], [-113.97499088699219, 51.17543486823238], [-113.97461736495092, 51.17543392929205], [-113.97424384149565, 51.17543298825997], [-113.97387031948561, 51.17543204693466], [-113.97349679606165, 51.17543110351756], [-113.97312327408298, 51.17543015980722], [-113.97274975069044, 51.17542921400512], [-113.97237622874376, 51.17542826701084], [-113.9720027053822, 51.17542731972266], [-113.97162918346707, 51.17542637034337], [-113.97125566013712, 51.175425420670194], [-113.97088213825366, 51.1754244689059], [-113.97050861495542, 51.17542351684771], [-113.97013509310374, 51.175422562698415], [-113.9697615698373, 51.1754216082552], [-113.96938804801749, 51.175420651720884], [-113.96874407530198, 51.17542088508418], [-113.96810010115087, 51.17542111580148], [-113.96745612842568, 51.17542134207566], [-113.96681215426511, 51.1754215657038], [-113.96609753532528, 51.17541947840098], [-113.96538291502203, 51.175417386732825]]]}, "properties": {"section_name": "STONEY10", "volume": 57000.0, "year": "2024"}}, {"type": "Feature", "geometry": {"type": "MultiLineString", "coordinates": [[[-113.96538291502203, 51.175417386732825], [-113.96498825817103, 51.17541623010582], [-113.96459360134115, 51.17541507124856], [-113.96419894453105, 51.175413911959005], [-113.9638042877414, 51.17541275133819], [-113.96343768421414, 51.17541264633567], [-113.96307108211853, 51.17541254108383], [-113.96270448002518, 51.17541243468325], [-113.96233787650478, 51.17541232623453], [-113.96197127441606, 51.1754122175365], [-113.96160467089959, 51.175412107689276], [-113.96123806881634, 51.175411995794825], [-113.96087146530466, 51.17541188365014], [-113.96050486322548, 51.17541177035719], [-113.96013826114952, 51.17541165501656], [-113.95977165764518, 51.17541153942567], [-113.95940505557341, 51.17541142268653], [-113.95903845207485, 51.17541130389923], [-113.95867185000814, 51.17541118486264], [-113.95830524794401, 51.17541106467733], [-113.95793864445318, 51.17541094244381], [-113.95757204239423, 51.17541081996103], [-113.95720543890786, 51.175410696329024], [-113.95683883685506, 51.17541057064983], [-113.95647223480411, 51.175410444720875], [-113.95610563132577, 51.17541031764265], [-113.95573902928112, 51.17541018851729], [-113.95537242580829, 51.17541005914161], [-113.95500582376833, 51.17540992861773], [-113.95463922173207, 51.175409796046175], [-113.95427261826765, 51.17540966322429], [-113.95390601623619, 51.17540952925423], [-113.9535394127784, 51.17540939323594], [-113.95317281075272, 51.17540925696843], [-113.95280620872997, 51.17540911955219], [-113.952439605281, 51.17540898008768], [-113.95207300326418, 51.175408840374], [-113.95170639982027, 51.17540869951098], [-113.95133979781042, 51.17540855660087], [-113.95097319437257, 51.175408413440394], [-113.95060659236789, 51.175408269131786], [-113.95023999036728, 51.1754081227755], [-113.94987338693873, 51.17540797616882], [-113.94950678494342, 51.17540782841402], [-113.94914018152119, 51.17540767950989], [-113.94877357953322, 51.175407528558665], [-113.94840697754749, 51.175407377357715], [-113.9480403741349, 51.175407225007376], [-113.94767377215669, 51.17540707060998], [-113.94730716875067, 51.17540691596218], [-113.94694056677804, 51.17540676016628], [-113.9465739648098, 51.17540660232272], [-113.94620736141378, 51.17540644422872], [-113.94584075945126, 51.17540628498665], [-113.9454741560631, 51.175406123696234], [-113.9451075541074, 51.17540596215671], [-113.94474095215517, 51.175405799468464], [-113.94437434877742, 51.17540563473186], [-113.94400774683218, 51.17540546974614], [-113.94364114346038, 51.175405303611015], [-113.94327454152334, 51.1754051354289], [-113.94290793958876, 51.175404966997014], [-113.94254133622772, 51.175404797415695], [-113.94217473430149, 51.1754046257874], [-113.9418081309477, 51.17540445390862], [-113.9414415290277, 51.17540428088182], [-113.94107492711252, 51.17540410580734], [-113.94070832376985, 51.17540393048236], [-113.94034172186102, 51.17540375400937], [-113.93997511852703, 51.175403575487984], [-113.93960851662575, 51.17540339671755], [-113.93924191329822, 51.17540321679765], [-113.93887531140581, 51.175403034830794], [-113.93850870951609, 51.17540285261418], [-113.93814210620015, 51.17540266924808], [-113.93777550431945, 51.175402483835065], [-113.93740890101138, 51.1754022981715], [-113.93704229913737, 51.17540211135997], [-113.93667569726856, 51.17540192250076], [-113.93630909397247, 51.17540173339101], [-113.9359424921105, 51.175401543133304], [-113.93576959184747, 51.17540532192924], [-113.93559671666685, 51.17540955355589], [-113.93543831791004, 51.17541301082714], [-113.93486221243208, 51.175425725421675], [-113.93446990052091, 51.17544045144167], [-113.93407758836102, 51.17545517614603], [-113.93369715358023, 51.175477379264606], [-113.93331671843646, 51.175499580246964], [-113.9329035843095, 51.17552736621757], [-113.93249044825717, 51.17555515072818], [-113.93202379562635, 51.175597846896615], [-113.93155714356408, 51.17564054210289], [-113.93093595002429, 51.17568314432283], [-113.93031475534282, 51.17572574324379], [-113.92990309902692, 51.175756320637255], [-113.9294914407364, 51.17578689747999], [-113.92907978333282, 51.175817472874776], [-113.92866812538618, 51.17584804682076], [-113.9282059369707, 51.17588232526998], [-113.92774374930313, 51.175916600994825], [-113.92728155952193, 51.175950874892465], [-113.92681937048737, 51.17598514696465], [-113.92624572204603, 51.17602588598595], [-113.92567207259803, 51.176066621294964], [-113.92527676548738, 51.17609065560819], [-113.92488145939869, 51.17611468768743], [-113.92452184465553, 51.176120061215386], [-113.92416223126155, 51.17612543273994], [-113.92363324461732, 51.17611387960694], [-113.92316967106123, 51.17608368680941], [-113.9225337834723, 51.17601975106739], [-113.92194547876932, 51.17593716157747], [-113.92147013531486, 51.17583970080507], [-113.92113741436609, 51.1757610154691], [-113.9206383503882, 51.17563364512659], [-113.92019875385746, 51.175491368130466], [-113.91977700332154, 51.17534162961682], [-113.91938500011216, 51.17517696408119], [-113.9190286694818, 51.175008585870586], [-113.91871392022226, 51.174855181465276], [-113.91837545239937, 51.1746718685636], [-113.91806673182344, 51.17447363131041], [-113.91772241106828, 51.174241741051944], [-113.91749687626357, 51.17406037297884], [-113.91727134322646, 51.17387900536508], [-113.91697467345274, 51.173594839153346], [-113.91677892601251, 51.17337799652491], [-113.91660099109396, 51.173172375312404], [-113.91643495753009, 51.17295929021996], [-113.91628087402728, 51.17271258627384], [-113.91613276234645, 51.172450941288695], [-113.91593736334843, 51.17204728496663], [-113.91580733784507, 51.17164741050627], [-113.91573659139132, 51.171333513187136], [-113.9156953627519, 51.171127988904125], [-113.9156955671239, 51.17101590117678], [-113.91567216894738, 51.170810389721495], [-113.91568151929296, 51.170571275586006], [-113.91569086954034, 51.1703321614399], [-113.91575083618717, 51.17003890737481], [-113.91581080063965, 51.169745654161744], [-113.915954120396, 51.16936839421109], [-113.9160973632376, 51.16903223239822], [-113.91631797539911, 51.16863261013879], [-113.91646099393883, 51.16841787664056], [-113.91660401114768, 51.168203143857895], [-113.91679689167638, 51.167936138004514], [-113.91698976997625, 51.16766913181987], [-113.91718264604732, 51.16740212530395], [-113.91737551988965, 51.167135118456756], [-113.91756839293308, 51.16686811127933], [-113.91776126231804, 51.166601103769636], [-113.91795412947441, 51.16633409592871], [-113.91814699440219, 51.166067087756545], [-113.91834506549851, 51.165795412818575], [-113.91854313426617, 51.165523737531494], [-113.91874120070688, 51.16525206099637], [-113.91893926481748, 51.164980385011134], [-113.91910008284754, 51.16476752851795], [-113.9193116066946, 51.16444261968009], [-113.91952312613931, 51.16411770954036], [-113.91977341724467, 51.16370689178212], [-113.9198926645118, 51.1634753244524], [-113.92001190915238, 51.16324375788936], [-113.92015505510739, 51.16293561293194], [-113.92029819915132, 51.16262746868112], [-113.92044133985762, 51.16231932333808], [-113.9205844800842, 51.1620111778037], [-113.92069787170186, 51.16172449605096], [-113.92081126048234, 51.16143781417258], [-113.92092464928501, 51.161151132170524], [-113.92103803525063, 51.160864450042865], [-113.92112187066049, 51.16061638498061], [-113.92120570374009, 51.16036831984635], [-113.9212403882527, 51.160144764849164], [-113.92125798983082, 51.160033003249794], [-113.92127576142883, 51.159921252547555], [-113.92129370590466, 51.159809512744246], [-113.92131182325707, 51.15969778383983], [-113.92133011205526, 51.15958606583324], [-113.92134857229644, 51.15947435962337], [-113.92136361783881, 51.15939504318592], [-113.92137811014493, 51.15931568681959], [-113.9213920492161, 51.15923629142356], [-113.92140543505359, 51.159156857896946], [-113.92141826765716, 51.15907738803787], [-113.92143054702505, 51.15899788454337], [-113.92144227173056, 51.15891834741267], [-113.92145340847335, 51.15883902563434], [-113.92147428771544, 51.15868897695132], [-113.92149320991518, 51.158538826264326], [-113.92151017221865, 51.158388581662976], [-113.9215251731939, 51.15823825573251], [-113.9215382114152, 51.15808785746229], [-113.92154928831441, 51.15793739674245], [-113.92155840103476, 51.157786883460105], [-113.92156554957558, 51.157636329302164], [-113.92156581473658, 51.157407433696285], [-113.9215660798937, 51.15717853808141], [-113.92156634504542, 51.15694964335647], [-113.92156661019482, 51.15672074772357], [-113.92156687534032, 51.15649185208167], [-113.92156714048045, 51.15626295732971], [-113.92156740561822, 51.15603406166977], [-113.9215676707521, 51.15580516600085], [-113.92156793588059, 51.15557627122185], [-113.92156820243623, 51.155347375535854], [-113.92156846755849, 51.15511847983991], [-113.92156873267537, 51.154889585033885], [-113.9215689977899, 51.15466068931991], [-113.92156926290055, 51.154431793596935], [-113.92159072962178, 51.1539826218709], [-113.9216121973508, 51.15353345010705]]]}, "properties": {"section_name": "STONEY11", "volume": 43000.0, "year": "2024"}}, {"type": "Feature", "geometry": {"type": "MultiLineString", "coordinates": [[[-113.9216121973508, 51.15353345010705], [-113.9216099247863, 51.153306390106586], [-113.9216076522444, 51.15307932919826], [-113.92160537972205, 51.152852269180016], [-113.92160310865017, 51.15262520915382], [-113.9216008361715, 51.1523981482188], [-113.92159856371238, 51.152171088173866], [-113.92159629127434, 51.15194402812002], [-113.9215940188589, 51.151716967158315], [-113.92159174646301, 51.15148990708667], [-113.9215894740882, 51.15126284700614], [-113.92158720173597, 51.15103578601774], [-113.92158493083262, 51.15080872592037], [-113.92158265852102, 51.150581665813135], [-113.92158038623202, 51.15035460479804], [-113.92157811396257, 51.15012754467302], [-113.92157584171416, 51.1499004845391], [-113.92159799083788, 51.149453006555426], [-113.92162013952847, 51.14900552853296], [-113.92158081745983, 51.14855677680694], [-113.92158119872646, 51.14833179498245], [-113.92158157997294, 51.148106822138814], [-113.92158196121451, 51.14788184928648], [-113.92158234245117, 51.14765687642544], [-113.92158272368292, 51.14743190355569], [-113.92158310490974, 51.14720693067724], [-113.92158348613167, 51.146981957790075], [-113.92158386734867, 51.14675698489422], [-113.921584248576, 51.1465320030001], [-113.92158462978317, 51.14630703008683], [-113.92158501098545, 51.14608205716485], [-113.9215853921828, 51.14585708423418], [-113.92158577337526, 51.14563211129481], [-113.92158615456277, 51.14540713834672], [-113.92158653574542, 51.14518216538992], [-113.92158691692313, 51.144957192424435], [-113.92158729811115, 51.14473221046067], [-113.92158767927904, 51.144507237477754], [-113.921588060442, 51.14428226448616], [-113.92158538510265, 51.144039346232645], [-113.92158270977473, 51.14379643695851], [-113.92158004877975, 51.143553518694176], [-113.92157737352035, 51.14331060041007], [-113.9215746982876, 51.143067682115785], [-113.92157202306632, 51.14282477280088], [-113.92156936217768, 51.14258185449579], [-113.92156668702489, 51.1423389361709], [-113.92156401189878, 51.14209601783585], [-113.92156133678411, 51.141853108480156], [-113.92155867600178, 51.141610190134294], [-113.92155600095562, 51.141367271768644], [-113.92155332593615, 51.1411243533928], [-113.92155065092808, 51.14088144399632], [-113.92154799025207, 51.14063852560968], [-113.92157118145913, 51.14039495932081], [-113.9215727405248, 51.14014108543692], [-113.92157431387696, 51.139887202561944], [-113.9215758729205, 51.13963331966628], [-113.92157744623516, 51.13937943676907], [-113.92157900524134, 51.13912555385117], [-113.92158057850325, 51.138871679921316], [-113.9215821374721, 51.138617796981215], [-113.92158371071173, 51.13836391403956], [-113.92158000975276, 51.138102422357235], [-113.92157629452947, 51.13784093964305], [-113.92157259365096, 51.13757944793701], [-113.92156887850827, 51.137317965199124], [-113.92156517771019, 51.137056473469364], [-113.92156146266335, 51.136794981718175], [-113.92155843484795, 51.13653270832144], [-113.92155539277645, 51.1362704349032], [-113.92155500807505, 51.136042107961025], [-113.9215546376496, 51.13581379000906], [-113.92155425295326, 51.13558546304896], [-113.9215538825327, 51.13535714507907], [-113.92155349784137, 51.13512881810106], [-113.92155312742571, 51.13490050011324], [-113.92155274273941, 51.13467217311728], [-113.92155237232865, 51.13444385511154], [-113.92155198763214, 51.13421553708726], [-113.92155161724152, 51.13398721007399], [-113.92155123255004, 51.13375889203178], [-113.92155086216431, 51.133530565000605], [-113.92155047747787, 51.13330224694046], [-113.921550107097, 51.13307391989135], [-113.9215497224156, 51.13284560181328], [-113.92154935203965, 51.132617274746245], [-113.92155138425079, 51.132379177587374], [-113.92155341643966, 51.132141080418705], [-113.9215554486063, 51.13190298324025], [-113.92155748075068, 51.13166488605199], [-113.9215595128728, 51.13142678885396], [-113.9215615592599, 51.1311886916557], [-113.92156359133745, 51.130950594438076], [-113.92156562339277, 51.13071249721064], [-113.92156518150041, 51.13068406909624], [-113.9215651797374, 51.13045906924343], [-113.92156517797319, 51.13023406938191], [-113.9215651762078, 51.13000906951167], [-113.92156517444123, 51.12978406963275], [-113.92156517410064, 51.12955907064502], [-113.92156517233167, 51.12933407074867], [-113.92156517056151, 51.12910907084363], [-113.92156516879017, 51.128884070929885], [-113.92156516701763, 51.12865907100742], [-113.92156516524392, 51.12843407107626], [-113.921565163469, 51.1282090711364], [-113.92156516169291, 51.12798407118782], [-113.92156516134273, 51.12775907213046], [-113.92156515956424, 51.127534072164494], [-113.92156515778456, 51.127309072189796], [-113.92156515600371, 51.127084072206415], [-113.92156515422165, 51.1268590722143], [-113.92156515243842, 51.12663407221351], [-113.92156515065399, 51.12640907220401], [-113.92156514886837, 51.126184072185794], [-113.92156514672061, 51.12573407302318], [-113.92156514314104, 51.12528407292582], [-113.92156514134946, 51.1250590728641], [-113.9215651395567, 51.12483407279365], [-113.92156513596764, 51.12438407262667], [-113.92156513417132, 51.12415907253011], [-113.92156513237228, 51.1239340733238], [-113.92156513020215, 51.123484073088136], [-113.92156512840107, 51.12325907295677], [-113.9215651265988, 51.12303407281669], [-113.92156512299069, 51.12258407251041], [-113.92156512118484, 51.122359072344224], [-113.92156511937782, 51.12213407216932], [-113.92156511718709, 51.12168407269333], [-113.92156511537648, 51.12145907249231], [-113.9215651135647, 51.12123407228258], [-113.92156510993755, 51.12078407183702], [-113.92156510812218, 51.1205590716012], [-113.92156510630564, 51.12033407135665], [-113.92156510409582, 51.119884071741374], [-113.9215628520264, 51.11957167917811], [-113.9215605999835, 51.11925928749696], [-113.92155834796866, 51.11894689579901], [-113.92155609598184, 51.11863450408427], [-113.92155121120554, 51.118235481204046], [-113.92154632508282, 51.117836457396336], [-113.92153586681705, 51.117444430940424], [-113.92152539686512, 51.11705940556765], [-113.92149265940837, 51.11668836476251], [-113.92147079967683, 51.1164608388903], [-113.92144894158703, 51.11623331300615], [-113.92141627656454, 51.11582026995105], [-113.92138361069068, 51.11540722775576], [-113.92134535561311, 51.115011681867976], [-113.92130710118349, 51.11461613684002], [-113.92125773196621, 51.114217083727986], [-113.92120836359557, 51.11381803056808], [-113.92117260910382, 51.11358874488381], [-113.92113685353652, 51.11335945917874], [-113.92110109975002, 51.11313017345481], [-113.92106534631614, 51.11290088771108], [-113.92101854680173, 51.11262784195896], [-113.92097174640745, 51.11235479707354], [-113.92092494799262, 51.11208175125883], [-113.92087815012607, 51.11180870631176], [-113.9208174740235, 51.111521650585345], [-113.92075680009886, 51.11123459481458], [-113.92069612692404, 51.11094753899851], [-113.92063545307091, 51.110660483136144], [-113.92054713256321, 51.11028415487139], [-113.92045881348831, 51.10990782561727], [-113.92037049584457, 51.10953149627272], [-113.92028217963195, 51.10915516683776], [-113.92022700014121, 51.108909533266655], [-113.92017182123399, 51.108663899659405], [-113.92011664433834, 51.108418266016976], [-113.92006146659816, 51.10817263233743], [-113.92000628944149, 51.107926998621714], [-113.91995111429632, 51.10768136487084], [-113.91989593830662, 51.10743573108282], [-113.9198407629004, 51.10719009725868], [-113.91978558807608, 51.106944464297335], [-113.91973041526472, 51.10669883040186], [-113.91967524160881, 51.10645319646926], [-113.91962006853633, 51.10620756250053], [-113.91956909187793, 51.105947638752745], [-113.91951811436175, 51.10568771497038], [-113.91946713884212, 51.10542779205441], [-113.91941616246629, 51.10516786820488], [-113.91938322492277, 51.10492633338509], [-113.9193502862948, 51.104684797646215], [-113.91932292185419, 51.10443626639823], [-113.91929555627921, 51.10418773423343], [-113.91926278630005, 51.10384994464534], [-113.91926038027333, 51.10382538148002], [-113.91920998487333, 51.10360244845621], [-113.91915959138325, 51.10337951630229], [-113.91910919695044, 51.103156583218386], [-113.9190588030012, 51.10293365010443], [-113.91903231511299, 51.10271283799203], [-113.91900966635161, 51.10249562887739], [-113.91898885840595, 51.10227834641154], [-113.91896989123923, 51.10206099688811], [-113.91895276624244, 51.10184358660177], [-113.91893748337715, 51.101626122744975], [-113.91892404403744, 51.10140860981426], [-113.91891244675699, 51.10119105500097], [-113.9189026929267, 51.10097346459935], [-113.91889203004703, 51.10071568533535], [-113.91888136871052, 51.10045790695898], [-113.91887276495984, 51.10020009763502], [-113.91886416130481, 51.099942287400104], [-113.91885761660346, 51.09968445430986], [-113.91885107197326, 51.09942662120787], [-113.9188465862431, 51.0991687697458], [-113.91884210055962, 51.098910919171125], [-113.91883967514704, 51.09865305653042], [-113.91883724833053, 51.09839519477621], [-113.9188368817265, 51.09813732814786], [-113.91883651369567, 51.09787946240602], [-113.91883820582046, 51.097621598082796], [-113.91883989792481, 51.09736373374811], [-113.9188436486987, 51.09710587802257], [-113.91884739942924, 51.09684802228546], [-113.91885344996966, 51.0965934880124], [-113.91885950044046, 51.09633895462684], [-113.91886353500267, 51.096169265098084], [-113.91888112968454, 51.09587612373755], [-113.91889872414335, 51.0955829814605], [-113.91891631837599, 51.09528984006491], [-113.91893391238558, 51.094996697752805], [-113.91895150616901, 51.09470355632215], [-113.91896909972942, 51.09441041397501], [-113.91898669306367, 51.09411727250931], [-113.91900428617492, 51.093824130127096], [-113.91902187906003, 51.09353098862634], [-113.91903947172213, 51.093237846209085], [-113.91905706415811, 51.09294470467326], [-113.91907465637108, 51.09265156222096], [-113.91909224835794, 51.09235842065007], [-113.91910984012182, 51.09206527816273], [-113.9191274316596, 51.0917721365568], [-113.91914502297283, 51.09147899493334], [-113.91915508611308, 51.09124034252575], [-113.91919419805906, 51.09101667527985], [-113.9192333081975, 51.0907930089101], [-113.91927241938646, 51.09056934162049], [-113.91931153019534, 51.09034567520798]]]}, "properties": {"section_name": "STONEY12", "volume": 59000.0, "year": "2024"}}, {"type": "Feature", "geometry": {"type": "MultiLineString", "coordinates": [[[-113.91931153019534, 51.09034567520798], [-113.91933834275535, 51.09005325812157], [-113.91936515640411, 51.08976084011614], [-113.91942897684795, 51.089409632709604], [-113.91949279775109, 51.089058424348565], [-113.91958279132176, 51.088622934233484], [-113.91967278177182, 51.088187443115814], [-113.91974014118483, 51.087938100705585], [-113.91980749844464, 51.08768875824457], [-113.91987485498025, 51.08743941483475], [-113.91994221221589, 51.087190072275064], [-113.92006928075338, 51.08681080684838], [-113.92019634720768, 51.08643154215687], [-113.92027673094955, 51.086171670560724], [-113.92035711521788, 51.085911797999294], [-113.92043749715495, 51.08565192626858], [-113.92051787961697, 51.08539205447155], [-113.92060765455905, 51.08507364734056], [-113.92069742969494, 51.084755239224634], [-113.92076848924167, 51.08450941085234], [-113.92083954803373, 51.08426358242613], [-113.92091441736808, 51.08396389848755], [-113.92098928430711, 51.08366421358524], [-113.9210417361748, 51.08342773876725], [-113.92109418750483, 51.08319126481483], [-113.92115797780173, 51.08284473877472], [-113.92122176856988, 51.082498212679695], [-113.92125944572713, 51.08220318608629], [-113.92129712383023, 51.081908159466536], [-113.92132739753995, 51.08159439424786], [-113.92135767083626, 51.081280629903226], [-113.92137293363423, 51.08104881344163], [-113.92138819770555, 51.0808169969697], [-113.92138865407671, 51.080547703344976], [-113.9213891104393, 51.08027841060675], [-113.92138970568611, 51.079927158135014], [-113.92139030091943, 51.07957590654099], [-113.92137245077136, 51.079140340884244], [-113.92135460237954, 51.078704776092245], [-113.92133281437273, 51.07840034291553], [-113.92131102665121, 51.078095908819975], [-113.92127818594176, 51.07773292644175], [-113.9212453457446, 51.07736994313288], [-113.92119764952425, 51.07699992434042], [-113.92114995405997, 51.07662990640427], [-113.92109487231846, 51.07623178258012], [-113.921039791517, 51.075833659602175], [-113.92101054627993, 51.0755444416167], [-113.92098130283247, 51.07525522361066], [-113.92095205832062, 51.0749660055821], [-113.92092281417136, 51.074676787532006], [-113.92092032210233, 51.07444771419477], [-113.92091782862971, 51.07421864084749], [-113.92091533660738, 51.07398956749212], [-113.9208938019403, 51.07350770643949], [-113.9208725448067, 51.07331268948546], [-113.92083224720497, 51.07286488479617], [-113.92082334251911, 51.0724546854286], [-113.92081443798818, 51.07204448513253], [-113.92080553361063, 51.07163428480689], [-113.92079662938647, 51.071224084451714], [-113.92079642142947, 51.07099230932206], [-113.92079621347172, 51.07076053508211], [-113.92079600551628, 51.07052875993398], [-113.92079579756162, 51.070296984776576], [-113.92079558960775, 51.07006520960996], [-113.92079538165468, 51.069833434434095], [-113.92079517370239, 51.069601659248995], [-113.92079496575087, 51.06936988405464], [-113.92079475780015, 51.069138108851064], [-113.9207945498502, 51.068906333638246], [-113.92079434190106, 51.06867455841617], [-113.92079413395265, 51.068442783184864], [-113.92079392600508, 51.06821100794431], [-113.92079371805828, 51.067979232694526], [-113.92079351011225, 51.0677474574355], [-113.92079330216549, 51.067515683066205], [-113.92080585137302, 51.06730700917301], [-113.92080815826337, 51.06726864988816], [-113.92082301562837, 51.067021616698646], [-113.92083787140702, 51.06677458349571], [-113.92085272702603, 51.0665275502803]]]}, "properties": {"section_name": "STONEY13", "volume": 77000.0, "year": "2024"}}, {"type": "Feature", "geometry": {"type": "MultiLineString", "coordinates": [[[-113.92085272702603, 51.0665275502803], [-113.92085000905544, 51.066291661374656], [-113.92084728968597, 51.06605577155942], [-113.92084457176797, 51.065819882634514], [-113.92084185244956, 51.065583993699036], [-113.92083913458569, 51.0653481038559], [-113.92083641531988, 51.065112214901156], [-113.92083369750705, 51.06487632593777], [-113.92083097829537, 51.064640436064806], [-113.92082826053513, 51.06440454708217], [-113.92082554137453, 51.06416865808893], [-113.92082282366685, 51.06393276908704], [-113.92082010456036, 51.0636968791756], [-113.92081738690528, 51.063460990154454], [-113.92081466927648, 51.063225101123685], [-113.92081195024886, 51.06298921118337], [-113.92080923267264, 51.06275332213337], [-113.92080651369609, 51.062517433072756], [-113.92080379617396, 51.06228154310455], [-113.92080357472011, 51.06203507572934], [-113.92080335326716, 51.061788608343704], [-113.92083863458505, 51.06134000262194], [-113.92087391378963, 51.06089139685365], [-113.92086560905183, 51.06065250047555], [-113.92085730582467, 51.06041360408806], [-113.92084900125353, 51.060174708588214], [-113.92084069819457, 51.05993581217998], [-113.92083239379316, 51.05969691576042], [-113.92082409090237, 51.05945801933145], [-113.92081578666762, 51.05921912379012], [-113.92080748394501, 51.058980227340406], [-113.92080816449467, 51.05874100254928], [-113.92080884503595, 51.05850177774832], [-113.92080952557036, 51.05826255203851], [-113.92081020609487, 51.05802332721782], [-113.92081088661097, 51.057784102387295], [-113.92081156711869, 51.05754487754691], [-113.92081224761802, 51.05730565269666], [-113.92081292810896, 51.05706642783656], [-113.92081360859302, 51.05682720206765], [-113.92081428906718, 51.05658797718786], [-113.92081496953296, 51.05634875229821], [-113.92081564999033, 51.056109527398704], [-113.92081633043932, 51.05587030248935], [-113.92081701087993, 51.05563107757015], [-113.92081769131366, 51.05539185174213], [-113.92081837173748, 51.055152626803206], [-113.92081905215292, 51.05491340185444], [-113.92081973255996, 51.054674176895816], [-113.92082041295862, 51.05443495192735], [-113.9208210933489, 51.05419572694902], [-113.9208225484359, 51.05380666272028], [-113.92082400206851, 51.05341759846449], [-113.92082545709945, 51.053028534183575], [-113.92082691210084, 51.05263947077559], [-113.92083569746629, 51.0524181713267], [-113.92084348877738, 51.0522218806057], [-113.92086133997272, 51.0519366766359], [-113.92087919094836, 51.05165147175032], [-113.92091731206258, 51.051208670913084], [-113.92095474712423, 51.05088192062809], [-113.92099218165495, 51.05055517121148], [-113.92102484877418, 51.05030246512083], [-113.9210575155348, 51.050049759908866], [-113.92109018193837, 51.049797054676624], [-113.9211228465587, 51.04954434942316], [-113.9211555122482, 51.04929164415038], [-113.92118817758069, 51.04903893885732], [-113.92122084255764, 51.048786232645035], [-113.9212535071761, 51.048533527311434], [-113.92129962404196, 51.04824828100436], [-113.92134574034094, 51.047963033765875], [-113.9213817243136, 51.047691480928314], [-113.92141770928986, 51.047419928067754], [-113.92146390272359, 51.04698863272216], [-113.9214945035361, 51.04657842935124], [-113.92152510237793, 51.04616822594216], [-113.92153187835247, 51.045940845090115], [-113.92153865568397, 51.045713465128685], [-113.92154543152333, 51.045486084258], [-113.92155220871967, 51.045258704277934], [-113.92155306788267, 51.045010077574425], [-113.92155392703499, 51.04476145086026], [-113.92155478760273, 51.0445128241364], [-113.92155564673371, 51.04426419740094], [-113.92155650728006, 51.0440155706558], [-113.92155736638969, 51.04376694389905], [-113.92155822548865, 51.04351831713166], [-113.92155908600299, 51.04326969035458], [-113.92155683223521, 51.043223638913695], [-113.92154787631766, 51.04316063192541], [-113.92153941693977, 51.043123639770904], [-113.92152366633306, 51.043072322967504], [-113.92139940703662, 51.04271975275474], [-113.9212751510497, 51.04236718239029], [-113.92115089552173, 51.04201461097324], [-113.92102664187566, 51.04166204030252], [-113.92099607673741, 51.04158461079567], [-113.92099113044233, 51.04148461997043], [-113.92099537063145, 51.041222562924595], [-113.92099961219854, 51.04096050496874], [-113.92100385371458, 51.04069844789986], [-113.92100809375675, 51.04043638991906], [-113.92101233517533, 51.04017433192723], [-113.92101657511698, 51.03991227482141], [-113.92102081643657, 51.03965021680562], [-113.92102505770669, 51.03938815877781], [-113.92102929749986, 51.03912610163603], [-113.92103353867097, 51.038864043584255], [-113.92103777836518, 51.038601986418485], [-113.92104201943731, 51.038339928342715], [-113.92104086643623, 51.038111428026234], [-113.92103971344523, 51.03788292770075]]]}, "properties": {"section_name": "STONEY14", "volume": 77000.0, "year": "2024"}}, {"type": "Feature", "geometry": {"type": "MultiLineString", "coordinates": [[[-113.92097136138936, 51.015416825112055], [-113.92096392816376, 51.015477776187765], [-113.92093494515842, 51.01571544815921], [-113.9208168015928, 51.016684255074004], [-113.92074033808395, 51.01729786973667], [-113.92063273811662, 51.01847755741986], [-113.92052786267548, 51.02066405982488], [-113.92056936618084, 51.021801325562635], [-113.92059991305047, 51.02263830376597], [-113.92082114977963, 51.02559974506018], [-113.92090271941805, 51.02992448308309], [-113.92090331047271, 51.029955810091806], [-113.92089775819393, 51.03272432021734], [-113.92103971344523, 51.03788292770075]]]}, "properties": {"section_name": "STONEY15", "volume": 78000.0, "year": "2024"}}, {"type": "Feature", "geometry": {"type": "MultiLineString", "coordinates": [[[-113.92000854638329, 50.979596754997104], [-113.92001891794222, 50.97977243786762], [-113.9200314649608, 50.979984952676304], [-113.92017663852735, 50.981019727941764], [-113.92037798443235, 50.98226147627587], [-113.92070354501054, 50.983588936499125], [-113.92088245198097, 50.984745039169695], [-113.92099407045562, 50.98558712617329], [-113.9210722863563, 50.98612949118765], [-113.9211393190269, 50.9866004927158], [-113.92115799797891, 50.986930379740514], [-113.92120518124213, 50.987763654048145], [-113.92123719046134, 50.98889111348988], [-113.9212922101278, 50.98978311156948], [-113.92129058086852, 50.99074642711946], [-113.92129987251666, 50.991938092108654], [-113.9213089218382, 50.99327247089389], [-113.92129544322316, 50.99455688410379], [-113.92129216005075, 50.99649778566613], [-113.92128905760009, 50.998331652267716], [-113.92125582774693, 51.00237517604858], [-113.92124072459896, 51.00684209255363], [-113.92126919435148, 51.00784110424583], [-113.92125135809779, 51.009468023179046], [-113.9212087072298, 51.01238885716398], [-113.92112066713798, 51.0138392283506], [-113.92097136138936, 51.015416825112055]]]}, "properties": {"section_name": "STONEY16", "volume": 65000.0, "year": "2024"}}, {"type": "Feature", "geometry": {"type": "MultiLineString", "coordinates": [[[-113.92013209488803, 50.94760651038954], [-113.92023462990288, 50.951330854037984], [-113.92029108652463, 50.95354772538689], [-113.92029900719486, 50.95381307776176], [-113.92037657200574, 50.95641158887239], [-113.92043819215395, 50.95710086269279], [-113.92050858235463, 50.959990878149064], [-113.9205532978714, 50.96137642744442], [-113.92061640227745, 50.96302363161589], [-113.92065242588329, 50.963986977179985], [-113.92061980859225, 50.96654986637888], [-113.9205712330008, 50.96742395742567], [-113.92044618594215, 50.96881072532247], [-113.92027402100338, 50.97035905675767], [-113.92019343315995, 50.971222422809156], [-113.92006694819948, 50.97248535597685], [-113.91986882477197, 50.97596744348306], [-113.91987769683314, 50.977380318019016], [-113.92000854638329, 50.979596754997104]]]}, "properties": {"section_name": "STONEY17", "volume": 49000.0, "year": "2024"}}, {"type": "Feature", "geometry": {"type": "MultiLineString", "coordinates": [[[-114.23030481916784, 51.11848413397917], [-114.23073695639968, 51.11946262632078], [-114.2309423443589, 51.12013658446793], [-114.23109120393943, 51.12078258377422], [-114.23118073479579, 51.121409325667734], [-114.23125669783279, 51.122337605505585], [-114.23121909920906, 51.12303344558758], [-114.23115508757897, 51.12388318175109], [-114.23108797334449, 51.12434633404826], [-114.23094172222133, 51.12506258363042], [-114.23082756039986, 51.12556955770112], [-114.23077603538347, 51.125737271810905], [-114.23072666877746, 51.12588123105093], [-114.23067394652973, 51.12604103839819], [-114.23060433419687, 51.126233896107266], [-114.23054977091684, 51.12638218412075], [-114.23046883550295, 51.12658727915619], [-114.23039343072223, 51.1267604689546], [-114.2303191472146, 51.12691621482748], [-114.23024249960316, 51.12706837125238], [-114.23019604724692, 51.1271542973924], [-114.23012277390367, 51.12728100736291], [-114.23002914591366, 51.12743170566992], [-114.22992935646207, 51.12758083114124], [-114.22982347500147, 51.12772828294095], [-114.22971157100532, 51.12787396382823], [-114.22959371823165, 51.128017775654286], [-114.2294059595387, 51.128229781311326], [-114.22920528216456, 51.128437043882954], [-114.22906446496371, 51.12857243284135], [-114.22891813224065, 51.128705487030935], [-114.22876638352608, 51.128836115441345], [-114.22868850554315, 51.1289004949731], [-114.22852881915897, 51.12902732339704], [-114.22836397570127, 51.12915151332802], [-114.2281729561825, 51.12928979497811], [-114.22800847328031, 51.12940751207235], [-114.22785220360522, 51.12951344911871], [-114.2276899563457, 51.12962301860897], [-114.22752465835366, 51.12973235198582], [-114.22733858356034, 51.129858253823286], [-114.22703377220056, 51.13006077607549], [-114.22681024201265, 51.130209822513905], [-114.22641148540617, 51.13047504176025], [-114.22630471324888, 51.13054415650717], [-114.22611760698001, 51.130665270507]]]}, "properties": {"section_name": "STONEY2", "volume": 85000.0, "year": "2024"}}, {"type": "Feature", "geometry": {"type": "MultiLineString", "coordinates": [[[-114.22435970256012, 51.1061063922395], [-114.22432144665356, 51.10618995793186], [-114.22426857915804, 51.10631559893597], [-114.22421908335723, 51.10643309152023], [-114.22417528097833, 51.106551250985966], [-114.22412379402529, 51.10670091231588], [-114.22406885923, 51.10686998798433], [-114.22403079756538, 51.10699899408683], [-114.22399396085966, 51.10714394546834], [-114.22396055794535, 51.10729533673646], [-114.22392055083446, 51.10748850026103], [-114.2238939877521, 51.10764259237833], [-114.22387108457166, 51.10782803877137], [-114.22385694103984, 51.10796242785114], [-114.2238494523968, 51.10806083839695], [-114.22384525394457, 51.108134135450456], [-114.22384089006918, 51.10821369051443], [-114.22383735149542, 51.1083860603266], [-114.2238394696819, 51.10858895624333], [-114.22384816143422, 51.108739588136736], [-114.2238542088204, 51.10884416662478], [-114.22386738765718, 51.10898121734964], [-114.2238851341078, 51.1091216529169], [-114.22390512601909, 51.109255976612], [-114.22392966949427, 51.10939330491449], [-114.22395883431324, 51.109541861417], [-114.22398093237257, 51.10964089399419], [-114.22400060444468, 51.109716334288365], [-114.22403076678495, 51.10983570935955], [-114.2240689409279, 51.109964569327666], [-114.22410247258055, 51.11007511548029], [-114.22413827559633, 51.1101843007301], [-114.22417254895667, 51.110275407125116], [-114.22421984609093, 51.110408320955976], [-114.22427165208023, 51.11053240457807], [-114.22431652558028, 51.11063478698429], [-114.22438550503361, 51.1107895606193], [-114.22445444614358, 51.110927183838314], [-114.22452337121624, 51.11106141255454], [-114.22460921308362, 51.11121753268125], [-114.22467117309527, 51.11132327391298], [-114.22474000065174, 51.11143714563072], [-114.22481223184872, 51.11154897550709], [-114.22490266109297, 51.11168739766467], [-114.22499776826967, 51.11182293406277], [-114.22509857079471, 51.111959815954975], [-114.22518641527105, 51.112073833280895], [-114.22528489110694, 51.11219986269549], [-114.22540507048176, 51.11234281454789], [-114.2255137806098, 51.112467466601146], [-114.22564725600465, 51.112614804673946], [-114.22576622142024, 51.112741472852456], [-114.22594564625216, 51.11292884982418], [-114.22610690401214, 51.113094115660374], [-114.22635357313942, 51.11334702949358], [-114.22652396824087, 51.113518384620235], [-114.22682107202681, 51.11381725547376], [-114.22701549803195, 51.114015027862756], [-114.22729901898826, 51.11429967077335], [-114.22760617298383, 51.11461624134097], [-114.22780522079155, 51.11482689633988], [-114.22792157101289, 51.11494827967391], [-114.22804743230192, 51.11508646755386], [-114.22817217610722, 51.11522872978246], [-114.22831867633809, 51.115398092715], [-114.22844318011315, 51.11554347362232], [-114.2285576844951, 51.11568575453323], [-114.22871666141879, 51.115886543718034], [-114.22884951697468, 51.116057290090076], [-114.228948788858, 51.11619095508076], [-114.22903358313255, 51.116308186515816], [-114.22911036067559, 51.116415253728405], [-114.22916880691353, 51.11649724875684], [-114.22920290771044, 51.11654503915821], [-114.22925688513668, 51.116624135651], [-114.22933942927284, 51.116746121391955], [-114.22942313426736, 51.11687285402003], [-114.2294954088077, 51.11698943095159], [-114.22958242530724, 51.11712391591735], [-114.22968111757555, 51.117289299535805], [-114.229769505769, 51.11744180947789], [-114.22986671794028, 51.11761346700946], [-114.22994136434575, 51.11774903948334], [-114.23001259223611, 51.117883261195594], [-114.23009068273484, 51.11803829744476], [-114.23015389381128, 51.11816235497547], [-114.23020899004153, 51.11827934281422], [-114.23026076021661, 51.11839120858739], [-114.23029294646285, 51.11845561167525], [-114.23030481916784, 51.11848413397917]]]}, "properties": {"section_name": "STONEY3", "volume": 80000.0, "year": "2024"}}, {"type": "Feature", "geometry": {"type": "MultiLineString", "coordinates": [[[-114.23405931545246, 51.088590695183], [-114.23405117053021, 51.08911558477464], [-114.23401297831158, 51.089918362292856], [-114.23401532615532, 51.090300154637795], [-114.23398389709827, 51.090775873085576], [-114.23395032253198, 51.09123870458209], [-114.23388232232125, 51.091948483875676], [-114.23378205801919, 51.09269032180965], [-114.23368615700522, 51.09331310778557], [-114.23362849575278, 51.09366483610929], [-114.23362749388887, 51.09371758951246], [-114.23357313544668, 51.093983519143734], [-114.23349372049408, 51.09434661959865], [-114.2334289883153, 51.09462402808427], [-114.23335317615077, 51.09493102386431], [-114.23328087467998, 51.09520619273593], [-114.2332197091408, 51.095441889068816], [-114.2331456980615, 51.09570842576476], [-114.23307508458241, 51.09594414083945], [-114.2330211859952, 51.09612233811186], [-114.23299185763705, 51.09621120549847], [-114.23296669154094, 51.09629113514516], [-114.23291620793103, 51.09643170558833], [-114.23286007519738, 51.09657975137839], [-114.2327994043877, 51.0967305201538], [-114.23275443381618, 51.096836471115196], [-114.23268484039991, 51.096996829783556], [-114.23262632356763, 51.09712384346936], [-114.23255537945617, 51.09726784714068], [-114.23249455362136, 51.09738807994578], [-114.23242039026613, 51.097532284105974], [-114.23234709094791, 51.09766068446217], [-114.23226026354611, 51.09781354106079], [-114.23220271584333, 51.0979073016125], [-114.23213303282593, 51.0980208140494], [-114.23204273268495, 51.098162140932196], [-114.23195804864055, 51.09828920618235], [-114.23186769314272, 51.09841967621354], [-114.23179201816335, 51.098528401634816], [-114.23172208721115, 51.09862183408984], [-114.231632814037, 51.09874144406893], [-114.23155031207709, 51.09885018285112], [-114.2314477604522, 51.09897815509411], [-114.23134033803292, 51.09910865848179], [-114.23123742598084, 51.09923100911097], [-114.2311401391351, 51.09934113427052], [-114.23101261935648, 51.09948336453603], [-114.2308508021484, 51.09965672615918], [-114.23070479202744, 51.09980630567516], [-114.2305806061864, 51.09993387033382], [-114.23046737428983, 51.10004063276291], [-114.23035335121817, 51.100149760021004], [-114.23028200101452, 51.100214367230365], [-114.23025429584419, 51.100240096266575], [-114.23013278004835, 51.10035205991452], [-114.22997420055313, 51.10049148424068], [-114.22980993523296, 51.10063159824223], [-114.22963661677306, 51.10078122916418], [-114.2294059638201, 51.10098070223195], [-114.22922584864561, 51.10113713306276], [-114.22903892417627, 51.1012969687482], [-114.22883300642317, 51.10147603962006], [-114.2286755337009, 51.101610709850355], [-114.22847771118924, 51.10178039792648], [-114.22830552736185, 51.1019313820616], [-114.22829388449011, 51.10194173840746], [-114.2281582469977, 51.10205721012884], [-114.22783242962566, 51.10233755237416], [-114.22761378254317, 51.10252662797925], [-114.22733999354647, 51.10276500539561], [-114.2271202058791, 51.10295408227872], [-114.22694232591218, 51.10310706574402], [-114.22685646136783, 51.10318083967664], [-114.22668993240492, 51.10332706118231], [-114.22643433598408, 51.103546337701964], [-114.2261918777448, 51.10375445724658], [-114.22579890956605, 51.10411235780434], [-114.22571469428267, 51.10419627791884], [-114.22558902116504, 51.10432273880078], [-114.22547810629244, 51.104443064414404], [-114.22535701555051, 51.104576302495204], [-114.22523172873917, 51.10472478329768], [-114.22511184238392, 51.104872270096834], [-114.22502704145457, 51.10498168638989], [-114.22495820293382, 51.105079939123385], [-114.22486553185989, 51.10520905058621], [-114.22471097444068, 51.105447844119865], [-114.22461843821513, 51.10560477719714], [-114.22454300155928, 51.10573619079618], [-114.22447198306823, 51.10587272535804], [-114.22443369658536, 51.10595490854083], [-114.22441518753048, 51.105989707051926], [-114.22439002671413, 51.10604478459767], [-114.2243674846428, 51.10608893648268], [-114.22435970256012, 51.1061063922395]]]}, "properties": {"section_name": "STONEY4", "volume": 85000.0, "year": "2024"}}, {"type": "Feature", "geometry": {"type": "MultiLineString", "coordinates": [[[-114.20369274884823, 51.14397919079746], [-114.20357299552158, 51.14410813832096], [-114.2034423559418, 51.14424880910129], [-114.20333348830145, 51.144366033890314], [-114.20323470484388, 51.14446325180016], [-114.20309700495442, 51.14459876633657], [-114.20290281610087, 51.14479886463835], [-114.20278860884126, 51.144916623162], [-114.20266778301185, 51.14503839340688], [-114.20255551586128, 51.14514875619622], [-114.20251836219765, 51.14518470876935], [-114.20235860516982, 51.14533341057584], [-114.20224385136852, 51.14543725990934], [-114.20209285736962, 51.14557181545854], [-114.2019636904332, 51.14568545030905], [-114.20183244929443, 51.14579814019182], [-114.20169915103348, 51.14590987068711], [-114.20156381130197, 51.14602062737766], [-114.20142645146485, 51.146130394937295], [-114.20128708717102, 51.14623915804977], [-114.20114573836925, 51.14634690408822], [-114.20093003461352, 51.14650658289796], [-114.20078380641833, 51.14661172090491], [-114.20070997145268, 51.146663891039296], [-114.20057338520273, 51.1467588261337], [-114.20033369192716, 51.14692067549542], [-114.2000242908691, 51.147121125306775], [-114.19986685505452, 51.14721965329697], [-114.199707622796, 51.147317032574385], [-114.19954661548185, 51.147413251408764], [-114.19938385306017, 51.14750829537551], [-114.1992193612082, 51.147602152737186], [-114.19913647137453, 51.14764863249801], [-114.19896942101317, 51.14774068695438], [-114.19880069397001, 51.14783152233536], [-114.19863031307368, 51.14792112870647], [-114.19845829971266, 51.148009493438785], [-114.1981972712225, 51.14813968629034], [-114.19793270021243, 51.14826702046856], [-114.19766466514554, 51.14839145716179], [-114.19739324877953, 51.14851295845052], [-114.1972104658353, 51.14859231127069], [-114.19702623875688, 51.148670333081036], [-114.19684059323738, 51.148747013943], [-114.1966535549667, 51.14882234301924], [-114.19637043646213, 51.148932780136576], [-114.19618002337171, 51.14900468728883], [-114.19589196112145, 51.14910994544427], [-114.19569832881353, 51.14917837014137], [-114.19540556124687, 51.149278362576496], [-114.19511008614255, 51.14937515400653], [-114.19491164378093, 51.14943789051968], [-114.19461185462464, 51.14952928513695], [-114.19441061858299, 51.149588397250334], [-114.19420831105884, 51.149646045493775], [-114.19390290127916, 51.149729757932825], [-114.19369803575897, 51.14978371481389], [-114.19329413709465, 51.14988464014664], [-114.19299817232749, 51.149954429526105], [-114.1926630876064, 51.15002928170127], [-114.19228826682064, 51.15010787408205], [-114.1919866144443, 51.1501672576159], [-114.19172142888918, 51.15021666060447], [-114.19145514370855, 51.15026366547186], [-114.19111124839125, 51.150320559241955], [-114.19084265518637, 51.15036204598307], [-114.19053456728875, 51.150406484797394], [-114.19003157996835, 51.15047190303823], [-114.18965475929969, 51.1505150811625], [-114.18921448764794, 51.150559367559474], [-114.18887322978756, 51.150589195438805], [-114.18853117828553, 51.15061518235391], [-114.18796125707074, 51.15064985090691], [-114.18754031611648, 51.15066887158069], [-114.1871387369254, 51.150683406327765], [-114.18669611491742, 51.15069737593911], [-114.1863839091907, 51.15070611276823], [-114.18576727911146, 51.15072334503153], [-114.18527397585335, 51.15073712814068], [-114.1846573449287, 51.150754353654776], [-114.18404071496947, 51.1507715768154], [-114.18351657913556, 51.15078621367679], [-114.18299244153468, 51.15080084819217], [-114.18246830502204, 51.150815479458124], [-114.18194416674615, 51.15083010927698], [-114.18138919795302, 51.1508455972173], [-114.18083422735236, 51.15086108252718], [-114.18032344186744, 51.15087706523907], [-114.17981265602054, 51.15089304482191], [-114.17942531032776, 51.150906903731986], [-114.17903796439622, 51.150920760460664], [-114.17852163994677, 51.150940700993786], [-114.17813450774261, 51.150956753254974], [-114.17774737527013, 51.1509728051341], [-114.17727440995013, 51.15099421238372], [-114.17680144418776, 51.15101561772131], [-114.1762857510255, 51.151041211762504], [-114.17577005585783, 51.15106680353278], [-114.17521173384712, 51.15109716832382], [-114.17465341109714, 51.151127530450495], [-114.17405258216857, 51.151163295672596], [-114.17345175230705, 51.15119905870821], [-114.17298001957198, 51.15122938779664], [-114.17250828621725, 51.15125971588208], [-114.17192410393301, 51.15129920775584], [-114.17137489230187, 51.151336718117115], [-114.17117227921607, 51.151350555782], [-114.1709648789007, 51.15136472012172], [-114.17049822843586, 51.15139658786655], [-114.1701352777868, 51.15142137290301], [-114.16982417630534, 51.1514426160679], [-114.16956492556464, 51.151460317772695], [-114.16897562532449, 51.15150055476382], [-114.16834859705808, 51.151543362867365], [-114.16799029548854, 51.15156782441513], [-114.16763199353433, 51.151592283966714], [-114.16721474481423, 51.15162076593161], [-114.16683168881028, 51.15164691249627], [-114.16644863094112, 51.15167305780886], [-114.16604733277768, 51.1517004476459], [-114.16534780961237, 51.15174818792611], [-114.16495266173455, 51.15177506908835], [-114.16455751339454, 51.15180194891607], [-114.16418691662702, 51.15182677928551], [-114.16352451101913, 51.15186867895487], [-114.16304234476478, 51.15189774287916], [-114.1625601764708, 51.15192680481834], [-114.16218298777734, 51.15194741919053], [-114.16186591741088, 51.151964214902655]]]}, "properties": {"section_name": "STONEY5", "volume": 82000.0, "year": "2024"}}, {"type": "Feature", "geometry": {"type": "MultiLineString", "coordinates": [[[-114.16186591741088, 51.151964214902655], [-114.16118918546863, 51.1519917495348], [-114.16051245271528, 51.15201928115143], [-114.1598357191447, 51.152046807954584], [-114.15915898618955, 51.1520743308413], [-114.15849100755455, 51.15209774679613], [-114.15782302823195, 51.15212115803804], [-114.15715504822496, 51.152144565465996], [-114.15648706753379, 51.15216796907996], [-114.15608448163063, 51.152179761006145], [-114.15568189551928, 51.15219155154694], [-114.15527930920273, 51.15220334160125], [-114.15487672267498, 51.15221512937122], [-114.15447413593913, 51.152226915755804], [-114.15407154899515, 51.15223870075496], [-114.15366896327248, 51.152250484366824], [-114.1532663759124, 51.15226226659516], [-114.15268184864858, 51.15227053370705], [-114.152097322599, 51.15227879789635], [-114.15151279490503, 51.1522870591668], [-114.15092826842552, 51.15229531751467], [-114.15048090690583, 51.1522958938706], [-114.15003354537139, 51.15229646851565], [-114.14958618525161, 51.152297041447994], [-114.1491388236878, 51.152297612671276], [-114.14871681644198, 51.15229908756463], [-114.14829480916895, 51.152300561834494], [-114.14787280043363, 51.152302033684784], [-114.14745079309768, 51.15230350401082], [-114.14690499422284, 51.152298564158855], [-114.14635919688587, 51.15229362085939], [-114.14581339823377, 51.15228867591394], [-114.14526759969033, 51.15228372752276], [-114.14462335851286, 51.15227139653815], [-114.14397911766882, 51.15225906110613], [-114.14333487859057, 51.152246722123905], [-114.14269063842224, 51.152234380493944], [-114.14232436138774, 51.152222822042816], [-114.14195808596337, 51.152211262442876], [-114.14159181072247, 51.152199702594835], [-114.14122553423022, 51.152188140702506], [-114.14085925934813, 51.1521765776614], [-114.14049298464688, 51.15216501347324], [-114.14044983919621, 51.1521636512253]]]}, "properties": {"section_name": "STONEY6", "volume": 87000.0, "year": "2024"}}, {"type": "Feature", "geometry": {"type": "MultiLineString", "coordinates": [[[-114.14044983919621, 51.1521636512253], [-114.14012670869981, 51.15215344903871], [-114.13976043436026, 51.15214188255644], [-114.13939415877223, 51.152130314928826], [-114.13902788479716, 51.15211874705142], [-114.13832997604933, 51.15211019562984], [-114.13763206755146, 51.1521016400441], [-114.13693415930636, 51.15209308119319], [-114.13623625130887, 51.15208451727918], [-114.13582769610177, 51.152096246439], [-114.13541914068485, 51.152107974172004], [-114.13501058506071, 51.152119701377124], [-114.13460202922417, 51.15213142625649], [-114.13419347317787, 51.15214314970904], [-114.13378491692187, 51.15215487173476], [-114.13337636045618, 51.15216659233364], [-114.13296780378084, 51.15217831150573], [-114.13253247069, 51.152212567681644], [-114.13209713552473, 51.15224682313829], [-114.13166179970933, 51.152281076076115], [-114.1312264646758, 51.15231532739244], [-114.1308608937268, 51.15236562725402], [-114.13049532197843, 51.15241592507434], [-114.1301297508626, 51.15246622175071], [-114.1297641775206, 51.152516517286315], [-114.1294422369991, 51.152564847726254], [-114.12912029437662, 51.15261317818076], [-114.12884746145649, 51.15265413525535], [-114.12854734525544, 51.15269918676246], [-114.12826359960911, 51.15274178067934], [-114.1279853085882, 51.152783554383404], [-114.12776158294807, 51.15281713677443], [-114.12758933986623, 51.15284361567052], [-114.12733385839503, 51.15289335916521], [-114.12707137607633, 51.15294446533376], [-114.126703898422, 51.15301601190296], [-114.1262909245447, 51.15309641532412], [-114.1258639499225, 51.153179543605305], [-114.12553496638554, 51.153243590921555], [-114.12508699065454, 51.15333080398281], [-114.1246870378848, 51.15341457597921], [-114.12423052844596, 51.15352212296578], [-114.12383758158468, 51.153614693492116], [-114.12344463457842, 51.153707262696564], [-114.12314992150374, 51.15377668873528], [-114.12256627397802, 51.153914176900194], [-114.12233727760317, 51.15398844481206], [-114.12212682130652, 51.15405879594172], [-114.1218850130715, 51.154139627039385], [-114.1213196418333, 51.15432861633347], [-114.12075426454092, 51.15451760199451], [-114.12036551979519, 51.15466426290597], [-114.1199996483113, 51.1548032759062], [-114.11963377605694, 51.15494228775874], [-114.11926790017316, 51.155081298466555], [-114.11896423510144, 51.155215772466114], [-114.11866056969549, 51.155350246572965], [-114.11835690109174, 51.155484718992064], [-114.1180532307243, 51.15561919151985], [-114.11774956001797, 51.155753662356965], [-114.11744588611614, 51.155888132405245], [-114.11714221045054, 51.15602260256221], [-114.11683853444612, 51.156157071028474], [-114.11633428707832, 51.15642366738939], [-114.11583003389988, 51.15669026246719], [-114.11532577490624, 51.15695685446388], [-114.11482151009956, 51.157223444278365], [-114.11445576767736, 51.1574295225517], [-114.11409002199615, 51.157635599676304], [-114.11372427448542, 51.15784167565074], [-114.11335852228606, 51.15804775047779], [-114.1130994078013, 51.15823806847795], [-114.11284029118474, 51.15842838589929]]]}, "properties": {"section_name": "STONEY6A", "volume": 93000.0, "year": "2024"}}, {"type": "Feature", "geometry": {"type": "MultiLineString", "coordinates": [[[-114.11284029118474, 51.15842838589929], [-114.11254204972384, 51.15861650378374], [-114.11228656546588, 51.15884035831752], [-114.111976820405, 51.159053642171855], [-114.1116670739154, 51.15926692429968], [-114.11143995998421, 51.159461959909635], [-114.11121284413841, 51.1596569950733], [-114.11098572494616, 51.15985202889307], [-114.11075860527099, 51.16004706316412], [-114.11053148368113, 51.16024209698889], [-114.11030436017651, 51.16043713036733], [-114.110077234755, 51.16063216240046], [-114.10985010742084, 51.16082719488623], [-114.10980075237953, 51.160876148007354], [-114.10951838944654, 51.16115620994967], [-114.10918666675724, 51.161485224955705], [-114.10885493934857, 51.1618142381064], [-114.10852320722255, 51.162143250300645], [-114.10825900743161, 51.16245878304733], [-114.1079948026085, 51.162774315183704], [-114.1077305956104, 51.16308984580816], [-114.10746638501173, 51.1634053767199], [-114.10723069234805, 51.163751067797136], [-114.10699499473439, 51.1640967583824], [-114.10675929360035, 51.16444244847434], [-114.10652359037559, 51.164788138071614], [-114.10637560494202, 51.16500349515319], [-114.10622761813347, 51.16521885293935], [-114.10607962994582, 51.16543420963219], [-114.10593164038313, 51.16564956702962], [-114.10578364944128, 51.16586492333373], [-114.10563565712437, 51.16608028034242], [-114.10548766342825, 51.166295636257786], [-114.10533966835699, 51.166510992877704], [-114.10503109650993, 51.166884695229314], [-114.10472252111074, 51.167258397643565], [-114.10441393929754, 51.167632099224086], [-114.10410535250004, 51.16800579996952], [-114.10379834372105, 51.16829229089861], [-114.10349133113928, 51.16857878101012], [-114.10318431475463, 51.168865270304025], [-114.10287729313715, 51.169151758781545], [-114.1025222009481, 51.16941481058313], [-114.10216710471748, 51.16967786039838], [-114.10181200301733, 51.169940909127476], [-114.10145689870735, 51.170203956767864], [-114.10094716230864, 51.17051074061607], [-114.10043741914554, 51.170817522230905], [-114.09992766778792, 51.17112430161357], [-114.09967245254074, 51.171277894367556], [-114.09941791109564, 51.1714310787615], [-114.09900214727358, 51.171617026672806], [-114.0985863815344, 51.17180297220231], [-114.09817061102004, 51.171988916251344], [-114.09775483859046, 51.17217485881749], [-114.09726791030334, 51.17235526938436], [-114.09678097821248, 51.17253567702211], [-114.09629404232166, 51.17271608352862], [-114.09580710262712, 51.17289648710596], [-114.09531745181532, 51.17305732602983], [-114.09482779759468, 51.17321816290172]]]}, "properties": {"section_name": "STONEY7", "volume": 78000.0, "year": "2024"}}, {"type": "Feature", "geometry": {"type": "MultiLineString", "coordinates": [[[-114.09482779759468, 51.17321816290172], [-114.09422609118457, 51.17338020541745], [-114.09362438055145, 51.17354224393732], [-114.09316927146688, 51.173640995028975], [-114.09271416043431, 51.173739743450646], [-114.09228746810604, 51.173820580307456], [-114.09186077428201, 51.17390141470876], [-114.09141272814426, 51.17397779194367], [-114.09096467909582, 51.17405416836254], [-114.09053970941912, 51.174109282034784], [-114.09011473872731, 51.174164394163384], [-114.0896897670187, 51.17421950384936], [-114.0892647942968, 51.17427461289059], [-114.08878821342758, 51.17431522528417], [-114.08831163171872, 51.174355835736506], [-114.08768740110992, 51.17438201982322], [-114.08706316836164, 51.174408201479565], [-114.08669054394063, 51.17440232843687], [-114.08631791961454, 51.174396455106276], [-114.08594529538006, 51.17439057968992], [-114.08557267266889, 51.17438470308566], [-114.08512088052963, 51.17436714438724], [-114.08466908873147, 51.174349583943936], [-114.08421729727284, 51.17433202085684], [-114.08376550615708, 51.174314456923845], [-114.08312158227506, 51.17427019414701], [-114.08247765819353, 51.17422592872517], [-114.0818337353395, 51.17418165885945], [-114.08118981371625, 51.17413738634774], [-114.08080061688862, 51.174111269703744], [-114.08041142050084, 51.174085152663686], [-114.08002222454981, 51.17405903342968], [-114.07963302903863, 51.17403291379958], [-114.07924383396427, 51.17400679197554], [-114.07885463932831, 51.1739806688565], [-114.07846544370224, 51.17395454534236], [-114.07807624994312, 51.17392841963332], [-114.07768705662399, 51.17390229352824], [-114.07712391586419, 51.17384596551573], [-114.07570964923545, 51.17376940845814], [-114.07533842894122, 51.17374445312245], [-114.07478351213095, 51.17370714568705], [-114.07426303950166, 51.1736721519392], [-114.07360862477948, 51.17362814820767], [-114.07313025002318, 51.17359597980073], [-114.07275903393563, 51.17357101627797], [-114.07251593396003, 51.173551854990315], [-114.07228915702164, 51.17353389490227], [-114.07214215063078, 51.17352165469699]]]}, "properties": {"section_name": "STONEY8", "volume": 82000.0, "year": "2024"}}, {"type": "Feature", "geometry": {"type": "MultiLineString", "coordinates": [[[-114.07201319974881, 51.17351207488471], [-114.07163216766733, 51.17348427043791], [-114.07125113604296, 51.17345646474984], [-114.07087010487707, 51.17342865871944], [-114.07048907416694, 51.173400850548845], [-114.07010804391396, 51.173373041136976], [-114.06972701411817, 51.173345230483854], [-114.06934598478094, 51.17331741948844], [-114.06896495589959, 51.173289606352824], [-114.0685839260455, 51.173261791976785], [-114.06820289807872, 51.17323397635869], [-114.06782187057058, 51.17320616039828], [-114.06744084351845, 51.17317834229771], [-114.0670598169237, 51.173150522955886], [-114.06667879078633, 51.17312270237285], [-114.0662977651064, 51.17309488054858], [-114.0659167398852, 51.17306705838206], [-114.06553571512018, 51.17303923407534], [-114.06515469081265, 51.17301140852746], [-114.06477366696265, 51.17298358173832], [-114.06439264357147, 51.17295575460696], [-114.06395171792443, 51.17293452584998], [-114.06351079268083, 51.172913295431016], [-114.06320650264443, 51.172905652808325], [-114.06265381443026, 51.17289423942582], [-114.06219739485057, 51.17289448296151], [-114.06174097526456, 51.172894724716606], [-114.06137149696582, 51.17289882237327], [-114.06078158256013, 51.17291084190403], [-114.06019075919407, 51.172932288950996], [-114.05985327188839, 51.172952309190684], [-114.0593875717054, 51.17297987200405], [-114.05887840777369, 51.17301135900037], [-114.05833200377964, 51.173058477177314], [-114.05786011059155, 51.173101651820545], [-114.05747516082243, 51.17314868603533], [-114.05709020883911, 51.1731957189841], [-114.05653761411891, 51.17326234987814], [-114.05592295817543, 51.17336023748755], [-114.05539523355957, 51.17345417658227], [-114.05495753018633, 51.173532457119535], [-114.05451982532864, 51.173610735119695], [-114.05394863499461, 51.17371347160546], [-114.05337744212008, 51.173816205301506], [-114.05280624670515, 51.1739189362078], [-114.05223504874988, 51.17402166432431], [-114.05173524930677, 51.174111671170294], [-114.0512354479162, 51.174201675880305], [-114.05073564314812, 51.174291678454935], [-114.05023583786269, 51.174381678892956], [-114.04983071421037, 51.17445504672218], [-114.04942558927037, 51.174528412249046], [-114.04902046447468, 51.17460177727087], [-114.04861533696129, 51.174675139990896], [-114.04812482118543, 51.174749512724766], [-114.04768397645687, 51.17481605575804], [-114.04723692108034, 51.17488259963695], [-114.04680848214927, 51.17493742369617], [-114.04638625159369, 51.17499224372447], [-114.04593762212174, 51.17504121681536], [-114.04548899169825, 51.175090188185756], [-114.0450294874326, 51.17513330623981], [-114.04451409791797, 51.17518425117343], [-114.04398006827543, 51.17522544180879], [-114.04363853671359, 51.17525094354786], [-114.04324732360529, 51.17527646266494], [-114.04294614962383, 51.175294140948154], [-114.0426356580261, 51.17530986842663], [-114.04233758652308, 51.175325591486185], [-114.04199293652444, 51.175339378886406], [-114.04159239705561, 51.17535318515345], [-114.04124464190527, 51.1753669705541], [-114.0408471966422, 51.17537101414352], [-114.04059569213065, 51.17537695746225], [-114.03993586639656, 51.17537718454936], [-114.03927603922388, 51.175377407915725], [-114.03888053226675, 51.1753772955047], [-114.03848502388148, 51.175377182656085], [-114.03808951692679, 51.175377067571034], [-114.037694008544, 51.1753769520484], [-114.03729850159257, 51.17537683518827], [-114.03690299321167, 51.17537671609263], [-114.0365074862629, 51.17537659655848], [-114.03611197788473, 51.1753764747888], [-114.03554996761366, 51.17538445431629], [-114.03498795714727, 51.1753924311441], [-114.03434211182191, 51.17540433406381], [-114.03372421083786, 51.175415249103565], [-114.03310631098996, 51.175426159980624], [-114.03248840941947, 51.17543706849372], [-114.031870508986, 51.175447973743104], [-114.03115634300894, 51.17544816610614], [-114.0307030105161, 51.17545999661323], [-114.03020620984353, 51.17547574074781], [-114.02980566548638, 51.175491458290395], [-114.02940512085628, 51.175507174461714], [-114.02883379463529, 51.17551902822101], [-114.0283494130518, 51.17553476051053], [-114.02772530586805, 51.17555638066896], [-114.02710119809929, 51.175577997498166], [-114.02667891126899, 51.17558590196251], [-114.02625662572383, 51.17559380490234], [-114.02566977493623, 51.175610037180455], [-114.02508292373601, 51.17562626741392], [-114.02451392416073, 51.17564005120599], [-114.02394492567488, 51.17565383133156], [-114.02347515150399, 51.17566511849971], [-114.02300537853276, 51.17567640288235], [-114.02253560390147, 51.175687685378996], [-114.02216474069672, 51.17569659113666], [-114.02162720722424, 51.17571022637355], [-114.02118607723004, 51.175719304707336], [-114.02041896567403, 51.17573131896978], [-114.02006499651708, 51.175736008920396], [-114.01965784787969, 51.17574140253706], [-114.01917955802641, 51.17574148192183], [-114.01869721589807, 51.17574665616388], [-114.01818649889026, 51.17574418903369], [-114.01761903510135, 51.17574427586656], [-114.01727855730425, 51.17574177811316], [-114.01706778484579, 51.17574180905102], [-114.01690159862117, 51.17574183317664], [-114.01677892996527, 51.17573686254277], [-114.01604591716232, 51.17571841996888], [-114.0153210898871, 51.17570144331697], [-114.01502589489506, 51.17569805748902], [-114.01458866990008, 51.17569536292743], [-114.01409748061513, 51.175680027674], [-114.01361990076411, 51.17566084395258], [-114.013142319879, 51.175641658281755], [-114.01279783019675, 51.17562871379109], [-114.01233832206991, 51.17561473409094], [-114.01187881422065, 51.175600752586], [-114.00130628349783, 51.17538327399583]]]}, "properties": {"section_name": "STONEY9", "volume": 78000.0, "year": "2024"}}, {"type": "Feature", "geometry": {"type": "MultiLineString", "coordinates": [[[-113.9581705562495, 51.014935699131804], [-113.95564210617808, 51.01493986927463], [-113.95259451088369, 51.01494267580074], [-113.9501747176017, 51.014933482079265], [-113.94849983439235, 51.014927088759755], [-113.94666169513364, 51.01485490780673], [-113.94275914732764, 51.014746026272675], [-113.94122264779625, 51.01469769318707], [-113.93993121758953, 51.01467325039585], [-113.93815899217827, 51.014672325933866], [-113.93613222239603, 51.01468907506623], [-113.9340676604962, 51.01476523153093], [-113.93177684872019, 51.01484121964472], [-113.92936352483775, 51.014888308073495], [-113.92532985790064, 51.01520928300772], [-113.9232756833435, 51.015342233563956], [-113.92097136138936, 51.015416825112055]]]}, "properties": {"section_name": "PEIGAN3", "volume": 20000.0, "year": "2024"}}, {"type": "Feature", "geometry": {"type": "MultiLineString", "coordinates": [[[-114.10634657355118, 51.06704191401279], [-114.10685233485673, 51.067051968066366], [-114.10782533774471, 51.06706304802075], [-114.10884172467333, 51.067062128581064], [-114.11047660758263, 51.06705950090338], [-114.11078497096217, 51.06707327885726], [-114.11120914499784, 51.06707504171789], [-114.11148901960165, 51.06705744568199], [-114.11227700175533, 51.06705627079293], [-114.11228989084425, 51.067056203575554]]]}, "properties": {"section_name": "16AV/TCH6C", "volume": 45000.0, "year": "2024"}}, {"type": "Feature", "geometry": {"type": "MultiLineString", "coordinates": [[[-114.0372973064877, 50.86603767327137], [-114.03814096592703, 50.86708868243277], [-114.0390258426832, 50.86820079818889], [-114.03974606175947, 50.869197099127135], [-114.04058905162475, 50.87049150719058], [-114.04150077641131, 50.87201863649128], [-114.04256338927604, 50.873737632628135], [-114.04305448455867, 50.87453139337738], [-114.04320998880897, 50.874782730390876], [-114.04333429423785, 50.8749825750841], [-114.0434267594156, 50.87513572845846], [-114.04349530206966, 50.87524342826277], [-114.0435975678944, 50.87540543298858], [-114.04368145318347, 50.87554403724882], [-114.04377018368969, 50.87568813161695]]]}, "properties": {"section_name": "MACLEOD26", "volume": 48000.0, "year": "2024"}}, {"type": "Feature", "geometry": {"type": "MultiLineString", "coordinates": [[[-114.16343261954249, 51.00942919935103], [-114.16658107220047, 50.999291164616004], [-114.1680623166786, 50.99433659104341], [-114.16751744013291, 50.989941373803724], [-114.16556035328082, 50.98504734959627], [-114.15732973915348, 50.97559895811265]]]}, "properties": {"section_name": "STONEYSW1", "volume": 71000.0, "year": "2024"}}, {"type": "Feature", "geometry": {"type": "MultiLineString", "coordinates": [[[-114.15732973915348, 50.97559895811265], [-114.14679510263713, 50.96377171114435], [-114.14464180233178, 50.960452681186354], [-114.1383024321504, 50.9494064088107]]]}, "properties": {"section_name": "STONEYSW2", "volume": 72000.0, "year": "2024"}}, {"type": "Feature", "geometry": {"type": "MultiLineString", "coordinates": [[[-114.13343948657776, 50.92191000282559], [-114.13020620523082, 50.918394433970995], [-114.12911345559286, 50.91033734432781], [-114.12842255915544, 50.90677030410691]]]}, "properties": {"section_name": "STONEYSW4", "volume": 62000.0, "year": "2024"}}, {"type": "Feature", "geometry": {"type": "MultiLineString", "coordinates": [[[-114.12842255915544, 50.90677030410691], [-114.12646210264711, 50.901359224241205], [-114.12645060664026, 50.897114775946996], [-114.12624825109263, 50.89422383825374], [-114.12460185649348, 50.89279228284039]]]}, "properties": {"section_name": "STONEYSW5", "volume": 62000.0, "year": "2024"}}, {"type": "Feature", "geometry": {"type": "MultiLineString", "coordinates": [[[-113.96996620917525, 51.13976874175444], [-113.96990915605419, 51.15414473086089]]]}, "properties": {"section_name": "METISTRNE3", "volume": 29000.0, "year": "2024"}}, {"type": "Feature", "geometry": {"type": "MultiLineString", "coordinates": [[[-114.11636806372405, 51.15621694393054], [-114.12187168439935, 51.15870121212952], [-114.12587170951778, 51.16145864642203]]]}, "properties": {"section_name": "SYMONSVALLEY1", "volume": 37000.0, "year": "2024"}}, {"type": "Feature", "geometry": {"type": "MultiLineString", "coordinates": [[[-114.12587170951778, 51.16145864642203], [-114.12982503037497, 51.16518885390891], [-114.13192936022715, 51.16797954922689]]]}, "properties": {"section_name": "SYMONSVALLEY2", "volume": 29000.0, "year": "2024"}}, {"type": "Feature", "geometry": {"type": "MultiLineString", "coordinates": [[[-114.22915705384439, 51.02180790415239], [-114.23244584720487, 51.0387583943085]]]}, "properties": {"section_name": "STONEYW17", "volume": 60000.0, "year": "2024"}}, {"type": "Feature", "geometry": {"type": "MultiLineString", "coordinates": [[[-114.23296384039439, 51.0393549975096], [-114.22495484836897, 51.053209557562504]]]}, "properties": {"section_name": "STONEYWBOW", "volume": 60000.0, "year": "2024"}}, {"type": "Feature", "geometry": {"type": "MultiLineString", "coordinates": [[[-114.22536722539692, 51.05281709752713], [-114.22585199447578, 51.067307775698566]]]}, "properties": {"section_name": "STONEYWOBC", "volume": 64000.0, "year": "2024"}}, {"type": "Feature", "geometry": {"type": "MultiLineString", "coordinates": [[[-114.03798278628106, 51.048167058932414], [-114.03950583146597, 51.048685343170405], [-114.04063774658215, 51.048957319569084], [-114.04189298046133, 51.04906063404097], [-114.04358023288826, 51.049072986600585], [-114.04473258365638, 51.04916333941271], [-114.047017062765, 51.04968123181128], [-114.04769640303681, 51.04999223031944]]]}, "properties": {"section_name": "MEMOR8C", "volume": 84000.0, "year": "2024"}}, {"type": "Feature", "geometry": {"type": "MultiLineString", "coordinates": [[[-114.22616977239697, 51.067060736196986], [-114.23371900728036, 51.087571385994394]]]}, "properties": {"section_name": "STONEYWTRANS", "volume": 64000.0, "year": "2024"}}, {"type": "Feature", "geometry": {"type": "MultiLineString", "coordinates": [[[-114.08349310975713, 51.049911369001485], [-114.08380783281574, 51.05024568925326], [-114.08563617687068, 51.05173898586578], [-114.08567214937408, 51.05177163895065], [-114.08572230768101, 51.051830544201685], [-114.0857501764859, 51.05186490675764], [-114.085782521126, 51.05191400197769], [-114.08581070102362, 51.05196538093894]]]}, "properties": {"section_name": "10STW5", "volume": 17000.0, "year": "2024"}}, {"type": "Feature", "geometry": {"type": "MultiLineString", "coordinates": [[[-114.06572812698813, 51.04246122238531], [-114.0681930746227, 51.042531218366534]]]}, "properties": {"section_name": "11AVS10", "volume": 16000.0, "year": "2024"}}, {"type": "Feature", "geometry": {"type": "MultiLineString", "coordinates": [[[-114.06322776802739, 51.042390166952764], [-114.06572812698813, 51.04246122238531]]]}, "properties": {"section_name": "11AVS11", "volume": 15000.0, "year": "2024"}}, {"type": "Feature", "geometry": {"type": "MultiLineString", "coordinates": [[[-114.06079540749437, 51.04232099143237], [-114.06322776802739, 51.042390166952764]]]}, "properties": {"section_name": "11AVS12", "volume": 14000.0, "year": "2024"}}, {"type": "Feature", "geometry": {"type": "MultiLineString", "coordinates": [[[-114.05833821143568, 51.04225127516467], [-114.06079540749437, 51.04232099143237]]]}, "properties": {"section_name": "11AVS13", "volume": 12000.0, "year": "2024"}}, {"type": "Feature", "geometry": {"type": "MultiLineString", "coordinates": [[[-114.09131101378584, 51.04318104569478], [-114.09375914605695, 51.043249712848564], [-114.09458596568453, 51.04326110368765], [-114.09475577711878, 51.04326519671134]]]}, "properties": {"section_name": "11AVS2", "volume": 14000.0, "year": "2024"}}, {"type": "Feature", "geometry": {"type": "MultiLineString", "coordinates": [[[-114.08884906417165, 51.043111937724554], [-114.09131101378584, 51.04318104569478]]]}, "properties": {"section_name": "11AVS3", "volume": 15000.0, "year": "2024"}}, {"type": "Feature", "geometry": {"type": "MultiLineString", "coordinates": [[[-114.08391559064249, 51.04297329799784], [-114.08637383925772, 51.043042403845625], [-114.08884906417165, 51.043111937724554]]]}, "properties": {"section_name": "11AVS4", "volume": 16000.0, "year": "2024"}}, {"type": "Feature", "geometry": {"type": "MultiLineString", "coordinates": [[[-114.08145581058292, 51.04290411814148], [-114.08391559064249, 51.04297329799784]]]}, "properties": {"section_name": "11AVS5", "volume": 16000.0, "year": "2024"}}, {"type": "Feature", "geometry": {"type": "MultiLineString", "coordinates": [[[-114.07652927317926, 51.0427671629208], [-114.07900410886525, 51.04283649561457], [-114.08145581058292, 51.04290411814148]]]}, "properties": {"section_name": "11AVS6", "volume": 16000.0, "year": "2024"}}, {"type": "Feature", "geometry": {"type": "MultiLineString", "coordinates": [[[-114.07407894130661, 51.0426972867386], [-114.07652927317926, 51.0427671629208]]]}, "properties": {"section_name": "11AVS7", "volume": 16000.0, "year": "2024"}}, {"type": "Feature", "geometry": {"type": "MultiLineString", "coordinates": [[[-114.07148058801627, 51.042624492183876], [-114.07407894130661, 51.0426972867386]]]}, "properties": {"section_name": "11AVS8", "volume": 16000.0, "year": "2024"}}, {"type": "Feature", "geometry": {"type": "MultiLineString", "coordinates": [[[-114.0681930746227, 51.042531218366534], [-114.07148058801627, 51.042624492183876]]]}, "properties": {"section_name": "11AVS9", "volume": 17000.0, "year": "2024"}}, {"type": "Feature", "geometry": {"type": "MultiLineString", "coordinates": [[[-114.06826289575199, 51.04156775182544], [-114.06579800056457, 51.04149775548777]]]}, "properties": {"section_name": "12AVS10", "volume": 13000.0, "year": "2024"}}, {"type": "Feature", "geometry": {"type": "MultiLineString", "coordinates": [[[-114.06579800056457, 51.04149775548777], [-114.06329769335892, 51.04142670062109]]]}, "properties": {"section_name": "12AVS11", "volume": 12000.0, "year": "2024"}}, {"type": "Feature", "geometry": {"type": "MultiLineString", "coordinates": [[[-114.06329769335892, 51.04142670062109], [-114.06086538032356, 51.04135752742792]]]}, "properties": {"section_name": "12AVS12", "volume": 13000.0, "year": "2024"}}, {"type": "Feature", "geometry": {"type": "MultiLineString", "coordinates": [[[-114.06086538032356, 51.04135752742792], [-114.0584082322753, 51.04128781260469]]]}, "properties": {"section_name": "12AVS13", "volume": 11000.0, "year": "2024"}}, {"type": "Feature", "geometry": {"type": "MultiLineString", "coordinates": [[[-114.09460221519106, 51.04230958963289], [-114.09382725075571, 51.042285853038244], [-114.09137908487193, 51.04221709474541]]]}, "properties": {"section_name": "12AVS2", "volume": 11000.0, "year": "2024"}}, {"type": "Feature", "geometry": {"type": "MultiLineString", "coordinates": [[[-114.09137908487193, 51.04221709474541], [-114.08891718322177, 51.04214789558033]]]}, "properties": {"section_name": "12AVS3", "volume": 11000.0, "year": "2024"}}, {"type": "Feature", "geometry": {"type": "MultiLineString", "coordinates": [[[-114.08891718322177, 51.04214789558033], [-114.08644204542809, 51.04207770323444]]]}, "properties": {"section_name": "12AVS4", "volume": 12000.0, "year": "2024"}}, {"type": "Feature", "geometry": {"type": "MultiLineString", "coordinates": [[[-114.08644204542809, 51.04207770323444], [-114.0839838099463, 51.04200897458422], [-114.0815236978895, 51.04194015149082]]]}, "properties": {"section_name": "12AVS5", "volume": 12000.0, "year": "2024"}}, {"type": "Feature", "geometry": {"type": "MultiLineString", "coordinates": [[[-114.0815236978895, 51.04194015149082], [-114.07417383907261, 51.04172854896584]]]}, "properties": {"section_name": "12AVS6", "volume": 12000.0, "year": "2024"}}, {"type": "Feature", "geometry": {"type": "MultiLineString", "coordinates": [[[-114.07414666409855, 51.041733752389426], [-114.07298716755105, 51.0417012714307], [-114.07148086773223, 51.04165905972223]]]}, "properties": {"section_name": "12AVS8", "volume": 14000.0, "year": "2024"}}, {"type": "Feature", "geometry": {"type": "MultiLineString", "coordinates": [[[-114.07148086773223, 51.04165905972223], [-114.06826289575199, 51.04156775182544]]]}, "properties": {"section_name": "12AVS9", "volume": 12000.0, "year": "2024"}}, {"type": "Feature", "geometry": {"type": "MultiLineString", "coordinates": [[[-114.09464534501447, 51.045786772267974], [-114.09465135821472, 51.04592501152587], [-114.09465691842826, 51.04610826813651], [-114.0946650324185, 51.04627242128768], [-114.09467517724923, 51.04659607851746], [-114.09467642398694, 51.04679001390723], [-114.09467536721972, 51.04683758213419], [-114.09466594724829, 51.04722219747026], [-114.09466419411287, 51.04730105861447], [-114.09468123218295, 51.047327617561486], [-114.09468938177262, 51.04733561092168], [-114.09469469122422, 51.0473397688659], [-114.0946854160824, 51.04819550437019], [-114.09470536776999, 51.04886667221488]]]}, "properties": {"section_name": "14STNW12", "volume": 47000.0, "year": "2024"}}, {"type": "Feature", "geometry": {"type": "MultiLineString", "coordinates": [[[-114.0946362678577, 51.04420707997732], [-114.09464086984302, 51.04501058962354], [-114.09464534501447, 51.045786772267974]]]}, "properties": {"section_name": "14STNW12A", "volume": 36000.0, "year": "2024"}}, {"type": "Feature", "geometry": {"type": "MultiLineString", "coordinates": [[[-114.09458596568453, 51.04326110368765], [-114.09459975430643, 51.043460878661165], [-114.09460439287763, 51.04354405604876], [-114.09462243611766, 51.04362722258358], [-114.09463550602587, 51.04372888233385], [-114.0946362678577, 51.04420707997732]]]}, "properties": {"section_name": "14STNW13", "volume": 31000.0, "year": "2024"}}, {"type": "Feature", "geometry": {"type": "MultiLineString", "coordinates": [[[-114.09460221519106, 51.04230958963289], [-114.09458596568453, 51.04326110368765]]]}, "properties": {"section_name": "14STNW14", "volume": 25000.0, "year": "2024"}}, {"type": "Feature", "geometry": {"type": "MultiLineString", "coordinates": [[[-114.09474309041873, 51.0404095054857], [-114.09471490218465, 51.041834569519665], [-114.09466959494486, 51.041897656667814], [-114.09463557025471, 51.04196580757292], [-114.09461795299292, 51.042038256664945], [-114.09460221519106, 51.04230958963289]]]}, "properties": {"section_name": "14STNW15A", "volume": 23000.0, "year": "2024"}}, {"type": "Feature", "geometry": {"type": "MultiLineString", "coordinates": [[[-114.09469291789217, 51.03782135291848], [-114.09471232639841, 51.03898296781885], [-114.09470080831684, 51.04036943291697]]]}, "properties": {"section_name": "14STNW15D", "volume": 22000.0, "year": "2024"}}, {"type": "Feature", "geometry": {"type": "MultiLineString", "coordinates": [[[-114.08922235083932, 51.037820332623966], [-114.0885408450828, 51.03781639648788], [-114.08703926554806, 51.037813118535965], [-114.0867352286529, 51.037818510973885], [-114.08566729920742, 51.03781773891844], [-114.08425531428836, 51.03781664378616], [-114.08179132117115, 51.037814757785064]]]}, "properties": {"section_name": "17AVSW10", "volume": 14000.0, "year": "2024"}}, {"type": "Feature", "geometry": {"type": "MultiLineString", "coordinates": [[[-114.08179132117115, 51.037814757785064], [-114.0793581308876, 51.03781284387381], [-114.07829653665723, 51.03781199297424], [-114.0768680178694, 51.03781083225439], [-114.0755678670186, 51.03782104655424], [-114.07487558955228, 51.037825583350234], [-114.07452972805005, 51.037828266708395], [-114.07418940882054, 51.03783007531767]]]}, "properties": {"section_name": "17AVSW12", "volume": 13000.0, "year": "2024"}}, {"type": "Feature", "geometry": {"type": "MultiLineString", "coordinates": [[[-114.07418940882054, 51.03783007531767], [-114.0714820762975, 51.03783055071965]]]}, "properties": {"section_name": "17AVSW14", "volume": 13000.0, "year": "2024"}}, {"type": "Feature", "geometry": {"type": "MultiLineString", "coordinates": [[[-114.0714820762975, 51.03783055071965], [-114.0685336839972, 51.037831247948525]]]}, "properties": {"section_name": "17AVSW15", "volume": 11000.0, "year": "2024"}}, {"type": "Feature", "geometry": {"type": "MultiLineString", "coordinates": [[[-114.0685336839972, 51.037831247948525], [-114.06606385691134, 51.03783176487607]]]}, "properties": {"section_name": "17AVSW16", "volume": 13000.0, "year": "2024"}}, {"type": "Feature", "geometry": {"type": "MultiLineString", "coordinates": [[[-114.06606385691134, 51.03783176487607], [-114.0635585374419, 51.03783223093737], [-114.06112134217499, 51.03783263285811]]]}, "properties": {"section_name": "17AVSW17", "volume": 12000.0, "year": "2024"}}, {"type": "Feature", "geometry": {"type": "MultiLineString", "coordinates": [[[-114.06112134217499, 51.03783263285811], [-114.0586592742822, 51.0378329865528]]]}, "properties": {"section_name": "17AVSW18", "volume": 6000.0, "year": "2024"}}, {"type": "Feature", "geometry": {"type": "MultiLineString", "coordinates": [[[-114.09471004382361, 51.037824168114604], [-114.09307778151279, 51.0378230513173], [-114.0916889180538, 51.03782208601015], [-114.09004528276482, 51.03781773453374], [-114.08922235083932, 51.037820332623966]]]}, "properties": {"section_name": "17AVSW8", "volume": 13000.0, "year": "2024"}}, {"type": "Feature", "geometry": {"type": "MultiLineString", "coordinates": [[[-114.06086538032356, 51.04135752742792], [-114.06093380108634, 51.040415331060316], [-114.0610022205148, 51.03947313360117], [-114.0610714985172, 51.03851908521992], [-114.06112134217499, 51.03783263285811]]]}, "properties": {"section_name": "1STE10", "volume": 24000.0, "year": "2024"}}, {"type": "Feature", "geometry": {"type": "MultiLineString", "coordinates": [[[-114.06030021019295, 51.04925979046252], [-114.06034200076304, 51.048671475731595], [-114.06036700906753, 51.04831941966554]]]}, "properties": {"section_name": "1STE2", "volume": 18000.0, "year": "2024"}}, {"type": "Feature", "geometry": {"type": "MultiLineString", "coordinates": [[[-114.06036700906753, 51.04831941966554], [-114.06043439315447, 51.04737601434128]]]}, "properties": {"section_name": "1STE3", "volume": 20000.0, "year": "2024"}}, {"type": "Feature", "geometry": {"type": "MultiLineString", "coordinates": [[[-114.06043439315447, 51.04737601434128], [-114.06046885379361, 51.046893526678865], [-114.06050090474777, 51.04644477238284], [-114.06053588158004, 51.0459468840457], [-114.06057005949633, 51.04547229476024], [-114.06060416531305, 51.04499872040423], [-114.06063688897282, 51.044540732219176]]]}, "properties": {"section_name": "1STE4", "volume": 19000.0, "year": "2024"}}, {"type": "Feature", "geometry": {"type": "MultiLineString", "coordinates": [[[-114.06063688897282, 51.044540732219176], [-114.06072868356647, 51.04325536186084]]]}, "properties": {"section_name": "1STE6", "volume": 24000.0, "year": "2024"}}, {"type": "Feature", "geometry": {"type": "MultiLineString", "coordinates": [[[-114.06072868356647, 51.04325536186084], [-114.06076819920455, 51.04277302126897], [-114.06079540749437, 51.04232099143237]]]}, "properties": {"section_name": "1STE7", "volume": 23000.0, "year": "2024"}}, {"type": "Feature", "geometry": {"type": "MultiLineString", "coordinates": [[[-114.06079540749437, 51.04232099143237], [-114.06086538032356, 51.04135752742792]]]}, "properties": {"section_name": "1STE8", "volume": 21000.0, "year": "2024"}}, {"type": "Feature", "geometry": {"type": "MultiLineString", "coordinates": [[[-114.0627325794048, 51.0493287371404], [-114.06523332512772, 51.049399568304324]]]}, "properties": {"section_name": "4AVS10", "volume": 25000.0, "year": "2024"}}, {"type": "Feature", "geometry": {"type": "MultiLineString", "coordinates": [[[-114.06030021019295, 51.04925979046252], [-114.0627325794048, 51.0493287371404]]]}, "properties": {"section_name": "4AVS11", "volume": 26000.0, "year": "2024"}}, {"type": "Feature", "geometry": {"type": "MultiLineString", "coordinates": [[[-114.05784150101297, 51.049190020502465], [-114.06030021019295, 51.04925979046252]]]}, "properties": {"section_name": "4AVS12", "volume": 40000.0, "year": "2024"}}, {"type": "Feature", "geometry": {"type": "MultiLineString", "coordinates": [[[-114.04758476643504, 51.04995990561741], [-114.0490551249091, 51.050762512619734], [-114.05018635877197, 51.05116857826949], [-114.05102245582216, 51.051145532517786], [-114.05155660922345, 51.05098034388554], [-114.05207139389024, 51.050710194717205], [-114.05219450785086, 51.05060647569493], [-114.05231028858219, 51.05050368576484], [-114.05243923346045, 51.05036849443959], [-114.05267014980032, 51.05013854850807], [-114.0528064270097, 51.050001503379086], [-114.05293831476149, 51.049875565983335], [-114.0530259662946, 51.04979337903507], [-114.0531036470524, 51.04973132994095], [-114.05319453006366, 51.049669275685794], [-114.05336295414955, 51.049558441889545], [-114.05338180664641, 51.04954924667954], [-114.05350349538352, 51.04948625216693], [-114.05366037293292, 51.049407506658724], [-114.05379673728562, 51.049350058953934], [-114.05390594115916, 51.049311441813956], [-114.05405552019603, 51.04926509451846], [-114.05421977746997, 51.049226144162226], [-114.0544089784033, 51.049191809877726], [-114.05455419478812, 51.049177858455096], [-114.05470968264814, 51.04916760491322], [-114.0547346837453, 51.049167459261305], [-114.05500384677619, 51.04916570037185], [-114.05537167523066, 51.0491659788806]]]}, "properties": {"section_name": "4AVS15(E)", "volume": 22000.0, "year": "2024"}}, {"type": "Feature", "geometry": {"type": "MultiLineString", "coordinates": [[[-114.051705474882, 51.050866636326816], [-114.05172728610091, 51.05076765250764], [-114.05174410042194, 51.05070134764484], [-114.05177777248102, 51.050607805436265], [-114.05181332915689, 51.050522550008424], [-114.05185244172795, 51.050441497485444], [-114.05193582036586, 51.05033760487039], [-114.05207405869753, 51.05017526264176], [-114.0521947656911, 51.05003899738029], [-114.05256791593176, 51.04962166731496], [-114.05270579458495, 51.04945913659499], [-114.05278214908624, 51.04938350123615], [-114.05295300609548, 51.04926505262786]]]}, "properties": {"section_name": "4AVS15(W)", "volume": 17000.0, "year": "2024"}}, {"type": "Feature", "geometry": {"type": "MultiLineString", "coordinates": [[[-114.0809846239664, 51.04984219063061], [-114.08239749086201, 51.04988116070442], [-114.08349310975713, 51.049911369001485]]]}, "properties": {"section_name": "4AVS2", "volume": 18000.0, "year": "2024"}}, {"type": "Feature", "geometry": {"type": "MultiLineString", "coordinates": [[[-114.0760607515614, 51.04971278675402], [-114.0809846239664, 51.04984219063061]]]}, "properties": {"section_name": "4AVS3", "volume": 19000.0, "year": "2024"}}, {"type": "Feature", "geometry": {"type": "MultiLineString", "coordinates": [[[-114.07357508383761, 51.0496343378111], [-114.0747663440974, 51.04966874429227], [-114.0760418557249, 51.04970500765236]]]}, "properties": {"section_name": "4AVS5", "volume": 17000.0, "year": "2024"}}, {"type": "Feature", "geometry": {"type": "MultiLineString", "coordinates": [[[-114.07017647021908, 51.049564676231626], [-114.07357508383761, 51.0496343378111]]]}, "properties": {"section_name": "4AVS6", "volume": 23000.0, "year": "2024"}}, {"type": "Feature", "geometry": {"type": "MultiLineString", "coordinates": [[[-114.0676833310445, 51.04947032141919], [-114.0686574518276, 51.0494899424078], [-114.06931514677775, 51.049511983595686], [-114.07010905064598, 51.04953841544641]]]}, "properties": {"section_name": "4AVS8", "volume": 23000.0, "year": "2024"}}, {"type": "Feature", "geometry": {"type": "MultiLineString", "coordinates": [[[-114.06523332512772, 51.049399568304324], [-114.0676833310445, 51.04947032141919]]]}, "properties": {"section_name": "4AVS9", "volume": 21000.0, "year": "2024"}}, {"type": "Feature", "geometry": {"type": "MultiLineString", "coordinates": [[[-114.08349310975713, 51.049911369001485], [-114.0841731508955, 51.049930999362395], [-114.08454412791352, 51.04994711629337], [-114.0846389416579, 51.04994312455758], [-114.08474618344752, 51.04993520061775], [-114.08484408802798, 51.049920418802], [-114.08496062528089, 51.04989581556969], [-114.08507795262702, 51.0498634768847], [-114.0858325465289, 51.04963074570387], [-114.08654027363797, 51.04940654054161], [-114.08697370472981, 51.04927087757097], [-114.08722630264504, 51.04920424805443], [-114.08753544879346, 51.04910594349748], [-114.08832539911317, 51.04885751858395], [-114.08885978276379, 51.04868254199373], [-114.0896506610234, 51.048438298408065], [-114.09009492521905, 51.04828692305374], [-114.09028830192788, 51.0482204736785], [-114.09051663247149, 51.048135953631196], [-114.09075271944002, 51.048043581776604], [-114.09095772813676, 51.04795711741127], [-114.09113944434631, 51.04788243930591], [-114.09170668544672, 51.0476384808939], [-114.09202662762081, 51.04750779112509], [-114.09229377207129, 51.04740362233262], [-114.09249321200737, 51.04733235230636], [-114.09268427960627, 51.04727237608508], [-114.09287691546382, 51.04722024364335], [-114.09307422811264, 51.04717497351657], [-114.09323582296491, 51.047145422231544], [-114.09339120612997, 51.047119798805326], [-114.09356294108134, 51.04709836658161], [-114.09372301055951, 51.0470835275398], [-114.09398566989445, 51.04707056738947], [-114.09423901554285, 51.04706349793819], [-114.09508668130817, 51.047064811623734], [-114.09529497313342, 51.04706856510502], [-114.09547218076058, 51.04707430516932], [-114.09561987020666, 51.04708693367671], [-114.09581652592533, 51.047106387324625], [-114.09605130833346, 51.04714248167284], [-114.09632653606346, 51.04719423469971], [-114.09652474721435, 51.047230247656984], [-114.09673000240748, 51.04726832658178], [-114.09688703470144, 51.0472887919933], [-114.0971450264551, 51.04731600821888]]]}, "properties": {"section_name": "4AVSWCON", "volume": 11000.0, "year": "2024"}}, {"type": "Feature", "geometry": {"type": "MultiLineString", "coordinates": [[[-114.07147885149774, 51.04863395273426], [-114.07147871489784, 51.04910671992167], [-114.07151186472286, 51.049592496420324], [-114.07151193599445, 51.04960080648034]]]}, "properties": {"section_name": "4STSW1", "volume": 5000.0, "year": "2024"}}, {"type": "Feature", "geometry": {"type": "MultiLineString", "coordinates": [[[-114.0714791236609, 51.047688667260196], [-114.07147898807574, 51.04815653691943], [-114.07147885149774, 51.04863395273426]]]}, "properties": {"section_name": "4STSW2", "volume": 9000.0, "year": "2024"}}, {"type": "Feature", "geometry": {"type": "MultiLineString", "coordinates": [[[-114.07147967758283, 51.04577188268298], [-114.07147939319914, 51.04675556991184], [-114.07147926260556, 51.04720722666387], [-114.0714791236609, 51.047688667260196]]]}, "properties": {"section_name": "4STSW3", "volume": 11000.0, "year": "2024"}}, {"type": "Feature", "geometry": {"type": "MultiLineString", "coordinates": [[[-114.07151189901228, 51.04355744681878], [-114.07147398636245, 51.04363880374926], [-114.07146164065449, 51.04371350971277], [-114.07145877570241, 51.043875685401986], [-114.07145926124315, 51.04423762803966], [-114.0714585861097, 51.044824892767636], [-114.07145259222068, 51.04522340864548], [-114.07145932647224, 51.04529312800391], [-114.07147188426104, 51.04535504161043], [-114.07151517941406, 51.045445352959085], [-114.07147967758283, 51.04577188268298]]]}, "properties": {"section_name": "4STSW4", "volume": 10000.0, "year": "2024"}}, {"type": "Feature", "geometry": {"type": "MultiLineString", "coordinates": [[[-114.07148058801627, 51.042624492183876], [-114.0714804541944, 51.04308240251997], [-114.07151189901228, 51.04355744681878]]]}, "properties": {"section_name": "4STSW5", "volume": 8000.0, "year": "2024"}}, {"type": "Feature", "geometry": {"type": "MultiLineString", "coordinates": [[[-114.07148086773223, 51.04165905972223], [-114.07148072923643, 51.04213339528853], [-114.07148058801627, 51.042624492183876]]]}, "properties": {"section_name": "4STSW6", "volume": 9000.0, "year": "2024"}}, {"type": "Feature", "geometry": {"type": "MultiLineString", "coordinates": [[[-114.07148146417832, 51.03977076611847], [-114.07148131860934, 51.040232170100126], [-114.07148116595165, 51.04071491299705], [-114.07148101877817, 51.04118268523654], [-114.07148086773223, 51.04165905972223]]]}, "properties": {"section_name": "4STSW7", "volume": 9000.0, "year": "2024"}}, {"type": "Feature", "geometry": {"type": "MultiLineString", "coordinates": [[[-114.0714820762975, 51.03783055071965], [-114.07148191588645, 51.03833328161852], [-114.07148176410197, 51.038814743634155], [-114.07148826160366, 51.03927881538014], [-114.07148146417832, 51.03977076611847]]]}, "properties": {"section_name": "4STSW8", "volume": 9000.0, "year": "2024"}}, {"type": "Feature", "geometry": {"type": "MultiLineString", "coordinates": [[[-114.08851689066071, 51.048172827401174], [-114.0884602805438, 51.048204390949316], [-114.08842049023013, 51.04824699282192], [-114.08841755659898, 51.04831665915416], [-114.08839363585281, 51.048639840941235], [-114.08837532221997, 51.048686297528604], [-114.08833860650057, 51.048732768022276], [-114.0883110652683, 51.048765684949906], [-114.08825603694831, 51.04880303658599], [-114.08816301724212, 51.0488438967825], [-114.08763320390462, 51.04901561696771], [-114.08752981301339, 51.049043432247004], [-114.08742122747014, 51.049058197335285], [-114.0873281420862, 51.04906479346319], [-114.08717815680767, 51.04906816869861], [-114.08596199182186, 51.04903864911586]]]}, "properties": {"section_name": "5AVS1A", "volume": 5000.0, "year": "2024"}}, {"type": "Feature", "geometry": {"type": "MultiLineString", "coordinates": [[[-114.06530039370816, 51.04845920982404], [-114.06279969851902, 51.04838837736907]]]}, "properties": {"section_name": "5AVS10", "volume": 22000.0, "year": "2024"}}, {"type": "Feature", "geometry": {"type": "MultiLineString", "coordinates": [[[-114.06279969851902, 51.04838837736907], [-114.06036700906753, 51.04831941966554]]]}, "properties": {"section_name": "5AVS11", "volume": 21000.0, "year": "2024"}}, {"type": "Feature", "geometry": {"type": "MultiLineString", "coordinates": [[[-114.06036700906753, 51.04831941966554], [-114.05790835100544, 51.04824965377959]]]}, "properties": {"section_name": "5AVS12", "volume": 18000.0, "year": "2024"}}, {"type": "Feature", "geometry": {"type": "MultiLineString", "coordinates": [[[-114.05790835100544, 51.04824965377959], [-114.05736224966795, 51.048220338767294], [-114.0569761312506, 51.04820753566881], [-114.05654882562676, 51.048191502340906], [-114.0560494553253, 51.048181998907644], [-114.055743145304, 51.0481805209495], [-114.05553981160222, 51.04819198615667], [-114.05544460183641, 51.04820022639596]]]}, "properties": {"section_name": "5AVS13", "volume": 30000.0, "year": "2024"}}, {"type": "Feature", "geometry": {"type": "MultiLineString", "coordinates": [[[-114.05544460183641, 51.04820022639596], [-114.05494597421425, 51.04823852617113], [-114.05460793562828, 51.04826476199732], [-114.05448505522233, 51.04828051271185], [-114.05406337194533, 51.04832711979061], [-114.05378905079598, 51.048353335445015], [-114.05369318519493, 51.04837834309919], [-114.05331810189045, 51.04843730312957], [-114.05306413056365, 51.04848166524995], [-114.05279939009415, 51.0485452148638], [-114.05252485504982, 51.048621144437384], [-114.05231405906807, 51.048687762061434], [-114.05206160536991, 51.0487776039497], [-114.05183442870438, 51.04887275510387], [-114.0516359293995, 51.04897340115525], [-114.05143744979783, 51.04909261244332], [-114.05123653631448, 51.04922884111266], [-114.05106504595005, 51.04936660371428], [-114.05087480924348, 51.049551936167184], [-114.05071731418454, 51.04972951304882]]]}, "properties": {"section_name": "5AVS14", "volume": 37000.0, "year": "2024"}}, {"type": "Feature", "geometry": {"type": "MultiLineString", "coordinates": [[[-114.08353328417505, 51.048976903046345], [-114.08320035223504, 51.04896579187696], [-114.08311052679599, 51.04896446327361], [-114.08291046548992, 51.048960097907695], [-114.08241250753736, 51.048945701523], [-114.08190753731085, 51.04893130613313], [-114.08136048250061, 51.04891398923277], [-114.08105017724624, 51.048901596725635]]]}, "properties": {"section_name": "5AVS2", "volume": 12000.0, "year": "2024"}}, {"type": "Feature", "geometry": {"type": "MultiLineString", "coordinates": [[[-114.08105017724624, 51.048901596725635], [-114.07859735363427, 51.048833089941205]]]}, "properties": {"section_name": "5AVS3", "volume": 12000.0, "year": "2024"}}, {"type": "Feature", "geometry": {"type": "MultiLineString", "coordinates": [[[-114.07859735363427, 51.048833089941205], [-114.0761075858648, 51.04876349855404]]]}, "properties": {"section_name": "5AVS4", "volume": 16000.0, "year": "2024"}}, {"type": "Feature", "geometry": {"type": "MultiLineString", "coordinates": [[[-114.0761075858648, 51.04876349855404], [-114.07367842533064, 51.04869553747635]]]}, "properties": {"section_name": "5AVS5", "volume": 17000.0, "year": "2024"}}, {"type": "Feature", "geometry": {"type": "MultiLineString", "coordinates": [[[-114.07367842533064, 51.04869553747635], [-114.07147885149774, 51.04863395273426]]]}, "properties": {"section_name": "5AVS6", "volume": 17000.0, "year": "2024"}}, {"type": "Feature", "geometry": {"type": "MultiLineString", "coordinates": [[[-114.07147885149774, 51.04863395273426], [-114.07014795592568, 51.04859781217279]]]}, "properties": {"section_name": "5AVS7", "volume": 21000.0, "year": "2024"}}, {"type": "Feature", "geometry": {"type": "MultiLineString", "coordinates": [[[-114.07014795592568, 51.04859781217279], [-114.06918671558611, 51.048566461690726], [-114.06832082290666, 51.04854614363118], [-114.06776568297214, 51.04852898538011]]]}, "properties": {"section_name": "5AVS8", "volume": 18000.0, "year": "2024"}}, {"type": "Feature", "geometry": {"type": "MultiLineString", "coordinates": [[[-114.06776568297214, 51.04852898538011], [-114.06530039370816, 51.04845920982404]]]}, "properties": {"section_name": "5AVS9", "volume": 19000.0, "year": "2024"}}, {"type": "Feature", "geometry": {"type": "MultiLineString", "coordinates": [[[-114.0837459964164, 51.04802694818442], [-114.08851689066071, 51.048172827401174]]]}, "properties": {"section_name": "6AVS1", "volume": 19000.0, "year": "2024"}}, {"type": "Feature", "geometry": {"type": "MultiLineString", "coordinates": [[[-114.06534900286611, 51.04753034765276], [-114.06783291707035, 51.04758558307491]]]}, "properties": {"section_name": "6AVS10", "volume": 13000.0, "year": "2024"}}, {"type": "Feature", "geometry": {"type": "MultiLineString", "coordinates": [[[-114.06286703329017, 51.04744497336804], [-114.06355822756922, 51.0474645576517], [-114.06534900286611, 51.04753034765276]]]}, "properties": {"section_name": "6AVS11", "volume": 11000.0, "year": "2024"}}, {"type": "Feature", "geometry": {"type": "MultiLineString", "coordinates": [[[-114.06043439315447, 51.04737601434128], [-114.06286703329017, 51.04744497336804]]]}, "properties": {"section_name": "6AVS12", "volume": 11000.0, "year": "2024"}}, {"type": "Feature", "geometry": {"type": "MultiLineString", "coordinates": [[[-114.05797578636727, 51.04730625254166], [-114.06043439315447, 51.04737601434128]]]}, "properties": {"section_name": "6AVS13", "volume": 10000.0, "year": "2024"}}, {"type": "Feature", "geometry": {"type": "MultiLineString", "coordinates": [[[-114.0811175597399, 51.04796219429877], [-114.0823465868983, 51.04799225505361], [-114.08376056178989, 51.048033251234756]]]}, "properties": {"section_name": "6AVS3", "volume": 16000.0, "year": "2024"}}, {"type": "Feature", "geometry": {"type": "MultiLineString", "coordinates": [[[-114.07612438765877, 51.047813330770666], [-114.0811175597399, 51.04796219429877]]]}, "properties": {"section_name": "6AVS4", "volume": 16000.0, "year": "2024"}}, {"type": "Feature", "geometry": {"type": "MultiLineString", "coordinates": [[[-114.07374595885736, 51.04775214147176], [-114.0761752773589, 51.04782122925419]]]}, "properties": {"section_name": "6AVS6", "volume": 16000.0, "year": "2024"}}, {"type": "Feature", "geometry": {"type": "MultiLineString", "coordinates": [[[-114.0714791236609, 51.047688667260196], [-114.07374595885736, 51.04775214147176]]]}, "properties": {"section_name": "6AVS7", "volume": 16000.0, "year": "2024"}}, {"type": "Feature", "geometry": {"type": "MultiLineString", "coordinates": [[[-114.07024646833186, 51.047644804854315], [-114.0714791236609, 51.047688667260196]]]}, "properties": {"section_name": "6AVS8", "volume": 14000.0, "year": "2024"}}, {"type": "Feature", "geometry": {"type": "MultiLineString", "coordinates": [[[-114.06783291707035, 51.04758558307491], [-114.06847679418574, 51.047594361866096], [-114.0690963716282, 51.04761482464232], [-114.06970579061104, 51.04763208625322], [-114.07024646833186, 51.047644804854315]]]}, "properties": {"section_name": "6AVS9", "volume": 14000.0, "year": "2024"}}, {"type": "Feature", "geometry": {"type": "MultiLineString", "coordinates": [[[-114.0811175597399, 51.04796219429877], [-114.0810839808969, 51.04843032540193], [-114.08105017724624, 51.048901596725635]]]}, "properties": {"section_name": "8STW1C", "volume": 9000.0, "year": "2024"}}, {"type": "Feature", "geometry": {"type": "MultiLineString", "coordinates": [[[-114.08108068324991, 51.04890882128901], [-114.08099176292139, 51.049850783458965]]]}, "properties": {"section_name": "8STW1D", "volume": 7000.0, "year": "2024"}}, {"type": "Feature", "geometry": {"type": "MultiLineString", "coordinates": [[[-114.09415148960257, 51.04553141589182], [-114.09399629098804, 51.045546745145224], [-114.0937987256629, 51.045564716122286], [-114.09358573988241, 51.0455713630586], [-114.09334706374732, 51.04556345776822], [-114.09313659473271, 51.045545814311], [-114.09286964087295, 51.04551364121257], [-114.09265914784663, 51.04548304270747], [-114.09250147676232, 51.0454600540925], [-114.09223199075727, 51.04542985748504], [-114.09211143569459, 51.04542071919887], [-114.09191886699625, 51.045409053795254], [-114.09165195310682, 51.04539630919482], [-114.09134657382405, 51.045398167312], [-114.09113104834928, 51.045417766866564], [-114.09036384333325, 51.04538463485226], [-114.08959288823543, 51.04535785372199], [-114.0890588987176, 51.04534141506385], [-114.08871849415779, 51.04533604637267]]]}, "properties": {"section_name": "9AVS1", "volume": 38000.0, "year": "2024"}}, {"type": "Feature", "geometry": {"type": "MultiLineString", "coordinates": [[[-114.07151826556002, 51.044807311899504], [-114.06693935421976, 51.044719305031634], [-114.06556987449208, 51.044680531903175]]]}, "properties": {"section_name": "9AVS11", "volume": 22000.0, "year": "2024"}}, {"type": "Feature", "geometry": {"type": "MultiLineString", "coordinates": [[[-114.06556987449208, 51.044680531903175], [-114.06306938091247, 51.044609695208734]]]}, "properties": {"section_name": "9AVS12", "volume": 20000.0, "year": "2024"}}, {"type": "Feature", "geometry": {"type": "MultiLineString", "coordinates": [[[-114.06306938091247, 51.044609695208734], [-114.06063688897282, 51.044540732219176]]]}, "properties": {"section_name": "9AVS13", "volume": 18000.0, "year": "2024"}}, {"type": "Feature", "geometry": {"type": "MultiLineString", "coordinates": [[[-114.06063688897282, 51.044540732219176], [-114.05817843625705, 51.04447097908944]]]}, "properties": {"section_name": "9AVS14", "volume": 11000.0, "year": "2024"}}, {"type": "Feature", "geometry": {"type": "MultiLineString", "coordinates": [[[-114.05817843625705, 51.04447097908944], [-114.05320783723288, 51.044345741909]]]}, "properties": {"section_name": "9AVS15", "volume": 10000.0, "year": "2024"}}, {"type": "Feature", "geometry": {"type": "MultiLineString", "coordinates": [[[-114.05326988963486, 51.04427543189949], [-114.04388874279277, 51.04385079221124], [-114.0437902263029, 51.04384751374915], [-114.04371666608544, 51.04384339701859], [-114.04365492550492, 51.04383844697405], [-114.04361982745155, 51.04383187060241], [-114.04346656683266, 51.043804072106965], [-114.04330240920505, 51.04376769135224], [-114.0431086723535, 51.04371670127407], [-114.04232228758157, 51.04353084182147], [-114.04211985153665, 51.043488092344674], [-114.04146001858241, 51.04334592905948]]]}, "properties": {"section_name": "9AVS19", "volume": 19000.0, "year": "2024"}}, {"type": "Feature", "geometry": {"type": "MultiLineString", "coordinates": [[[-114.08871849415779, 51.04533604637267], [-114.08622764039596, 51.045265489234296]]]}, "properties": {"section_name": "9AVS2", "volume": 24000.0, "year": "2024"}}, {"type": "Feature", "geometry": {"type": "MultiLineString", "coordinates": [[[-114.08622764039596, 51.045265489234296], [-114.08375235058587, 51.0451953200457]]]}, "properties": {"section_name": "9AVS3", "volume": 23000.0, "year": "2024"}}, {"type": "Feature", "geometry": {"type": "MultiLineString", "coordinates": [[[-114.08375235058587, 51.0451953200457], [-114.08195160637814, 51.045135834918], [-114.08154276735382, 51.0451259022347], [-114.08131507801055, 51.045118945489094], [-114.08121075124525, 51.04512988751218]]]}, "properties": {"section_name": "9AVS5", "volume": 25000.0, "year": "2024"}}, {"type": "Feature", "geometry": {"type": "MultiLineString", "coordinates": [[[-114.08122197225102, 51.04510089950846], [-114.07733390714318, 51.04501239611227], [-114.07637802070835, 51.04498598265104]]]}, "properties": {"section_name": "9AVS6", "volume": 26000.0, "year": "2024"}}, {"type": "Feature", "geometry": {"type": "MultiLineString", "coordinates": [[[-114.07637802070835, 51.04498598265104], [-114.07592922697793, 51.04496112178917], [-114.07506472476489, 51.04493549760372], [-114.07447917138997, 51.04491987227413], [-114.07400931968219, 51.04490787637317], [-114.07385453502778, 51.04490120591109]]]}, "properties": {"section_name": "9AVS7", "volume": 25000.0, "year": "2024"}}, {"type": "Feature", "geometry": {"type": "MultiLineString", "coordinates": [[[-114.07385453502778, 51.04490120591109], [-114.07227148701183, 51.04485187815684], [-114.07183716388322, 51.04483417453253], [-114.0715199639988, 51.04482860933889], [-114.07145655441892, 51.044824260233476]]]}, "properties": {"section_name": "9AVS8", "volume": 22000.0, "year": "2024"}}, {"type": "Feature", "geometry": {"type": "MultiLineString", "coordinates": [[[-114.08851689066071, 51.048172827401174], [-114.08944815805681, 51.04819018598601], [-114.08962225027744, 51.0481900526263], [-114.08976833977633, 51.04817817206185], [-114.08989576640366, 51.04816042009387], [-114.09005115101058, 51.048132840452595], [-114.09018475977814, 51.04809743117208], [-114.09032455970753, 51.04804828604035], [-114.09046434263253, 51.047991295416416], [-114.09057925584801, 51.047934323001435], [-114.0908090545896, 51.04780664963451], [-114.0916712029662, 51.04726720765727], [-114.09185752728395, 51.04716143382434], [-114.09202913262293, 51.047084234357484], [-114.09226182486888, 51.04701661893142], [-114.09246023239315, 51.046982746157475], [-114.09278082231052, 51.04697045126427], [-114.09527544678096, 51.04699501534902], [-114.09556375735136, 51.04700924445666], [-114.09581190099304, 51.04703312390081], [-114.09606007477711, 51.047071452888645], [-114.09633117479974, 51.047121803303334], [-114.09670541965667, 51.0472154171806], [-114.0971450264551, 51.04731600821888]]]}, "properties": {"section_name": "BOW10", "volume": 21000.0, "year": "2024"}}, {"type": "Feature", "geometry": {"type": "MultiLineString", "coordinates": [[[-114.0627325794048, 51.0493287371404], [-114.06266140287244, 51.05208920250533]]]}, "properties": {"section_name": "CENTRE11", "volume": 17000.0, "year": "2024"}}, {"type": "Feature", "geometry": {"type": "MultiLineString", "coordinates": [[[-114.05797578636727, 51.04730625254166], [-114.05795532614002, 51.04750789603662], [-114.05795693935134, 51.04756408374403], [-114.05793404477173, 51.0477602437995], [-114.0579342074065, 51.04788832938079], [-114.05790835100544, 51.04824965377959]]]}, "properties": {"section_name": "MACLEOD2", "volume": 18000.0, "year": "2024"}}, {"type": "Feature", "geometry": {"type": "MultiLineString", "coordinates": [[[-114.05790835100544, 51.04824965377959], [-114.05784150101297, 51.049190020502465]]]}, "properties": {"section_name": "MACLEOD2A", "volume": 5000.0, "year": "2024"}}, {"type": "Feature", "geometry": {"type": "MultiLineString", "coordinates": [[[-114.05817843625705, 51.04447097908944], [-114.05814847015684, 51.04492856157653], [-114.0581139899162, 51.045402099444544], [-114.05807947811375, 51.04587604631217], [-114.05804234859013, 51.0463750146515], [-114.05797578636727, 51.04730625254166]]]}, "properties": {"section_name": "MACLEOD3", "volume": 24000.0, "year": "2024"}}, {"type": "Feature", "geometry": {"type": "MultiLineString", "coordinates": [[[-114.05827030017572, 51.04318561152282], [-114.05817843625705, 51.04447097908944]]]}, "properties": {"section_name": "MACLEOD4", "volume": 22000.0, "year": "2024"}}, {"type": "Feature", "geometry": {"type": "MultiLineString", "coordinates": [[[-114.05833821143568, 51.04225127516467], [-114.05829854697319, 51.042705236245986], [-114.05827030017572, 51.04318561152282]]]}, "properties": {"section_name": "MACLEOD5", "volume": 22000.0, "year": "2024"}}, {"type": "Feature", "geometry": {"type": "MultiLineString", "coordinates": [[[-114.0584082322753, 51.04128781260469], [-114.05833821143568, 51.04225127516467]]]}, "properties": {"section_name": "MACLEOD6", "volume": 19000.0, "year": "2024"}}, {"type": "Feature", "geometry": {"type": "MultiLineString", "coordinates": [[[-114.0584766999186, 51.040345614053635], [-114.0584082322753, 51.04128781260469]]]}, "properties": {"section_name": "MACLEOD7", "volume": 1000.0, "year": "2024"}}, {"type": "Feature", "geometry": {"type": "MultiLineString", "coordinates": [[[-114.0586592742822, 51.0378329865528], [-114.05861448745308, 51.03844936566396], [-114.05854556844959, 51.03939785315491], [-114.0584766999186, 51.040345614053635]]]}, "properties": {"section_name": "MACLEOD8", "volume": 20000.0, "year": "2024"}}, {"type": "Feature", "geometry": {"type": "MultiLineString", "coordinates": [[[-114.08596199182186, 51.04903864911586], [-114.08495858540775, 51.049013135457216], [-114.08427125752189, 51.04899003409722], [-114.08402110332409, 51.04897988948465], [-114.0838434316062, 51.048977066639715], [-114.08353328417505, 51.048976903046345]]]}, "properties": {"section_name": "5AVS1", "volume": 8000.0, "year": "2024"}}, {"type": "Feature", "geometry": {"type": "MultiLineString", "coordinates": [[[-114.09814625552247, 51.048939685297135], [-114.09766480226702, 51.04899429305185], [-114.09730733353524, 51.04903633140946], [-114.09694925185028, 51.049078145337475], [-114.09663744075414, 51.049110205620146], [-114.09632564095864, 51.049147233684494], [-114.0960414425366, 51.04917628862309], [-114.0958587533821, 51.04918935773301], [-114.0956650299989, 51.049198460330985], [-114.09540987795177, 51.0492086079302], [-114.09496500007417, 51.04922381137349], [-114.09464684111265, 51.049234007582655], [-114.09430505357356, 51.049243227728425], [-114.09416239044384, 51.04925017134434], [-114.09405057312394, 51.04925920525309], [-114.09393404081163, 51.04927321236612], [-114.09383641789854, 51.049291179441504], [-114.09373881639652, 51.04931908456291], [-114.09365224934426, 51.04935195028373], [-114.09356411822647, 51.04939077918009], [-114.09348107709974, 51.049435278255416], [-114.09335049754199, 51.04951389350973], [-114.09312553784956, 51.04965718223848], [-114.09268732961579, 51.0499346290206], [-114.09229088195883, 51.05018339631256], [-114.0920052005814, 51.05036465665573], [-114.09179438781378, 51.050496999256254], [-114.09164806474774, 51.050582582104965], [-114.09153145792868, 51.05064260528582], [-114.09143190433285, 51.05068156916314], [-114.09132687022937, 51.05071655119304], [-114.09123620731484, 51.05074524078987], [-114.09114442244882, 51.05076625216707], [-114.09091661252762, 51.05081528964705], [-114.09030807736869, 51.050939972443594], [-114.08993538957829, 51.051017737748346], [-114.08894557510246, 51.05122256012573], [-114.08828824783768, 51.05135832238079], [-114.08736323820732, 51.05154925438047], [-114.08704454083788, 51.05161943580251], [-114.08690216143914, 51.05165214388076], [-114.086828000063, 51.05167309830635], [-114.08676709353405, 51.051697386124644], [-114.08671015871444, 51.05171916283167], [-114.08664264728758, 51.05175432316223], [-114.08658437042602, 51.05178921860822], [-114.08581070102362, 51.05196538093894]]]}, "properties": {"section_name": "MEMOR10", "volume": 33000.0, "year": "2024"}}, {"type": "Feature", "geometry": {"type": "MultiLineString", "coordinates": [[[-114.10534008750308, 51.049039378924675], [-114.1050667388897, 51.04903572251729], [-114.10477163257526, 51.04903598741743], [-114.10452024965687, 51.04903838799645], [-114.10429433711181, 51.049025535809676], [-114.103016408763, 51.04894619755197], [-114.10211708223541, 51.0488861298533], [-114.10153042831357, 51.048847478964234], [-114.10085336215192, 51.04880685352031], [-114.10069667778055, 51.04879611013999], [-114.10049992239229, 51.048787576525555], [-114.10021828244756, 51.04878131248286], [-114.09989767700735, 51.04878267469581], [-114.09967362881022, 51.0487893925149], [-114.09942269875873, 51.04880696809486], [-114.09883806841208, 51.04886185718761], [-114.09814625552247, 51.048939685297135]]]}, "properties": {"section_name": "MEMOR11", "volume": 34000.0, "year": "2024"}}, {"type": "Feature", "geometry": {"type": "MultiLineString", "coordinates": [[[-114.08581070102362, 51.05196538093894], [-114.08516582501167, 51.05210783988476], [-114.08476261820611, 51.05218962661831], [-114.08418352367204, 51.05230999231135], [-114.08417408616388, 51.05231093943309], [-114.08395528409442, 51.05235841240678], [-114.08377840235994, 51.05239743245974], [-114.08356159124142, 51.05245160600607], [-114.08338992624279, 51.05250333950197], [-114.0831617444971, 51.05258344947474], [-114.08300430099658, 51.05264118011547], [-114.08283204094637, 51.05271188602228], [-114.08268854986194, 51.052778242774416], [-114.08257075602373, 51.05280598202797], [-114.08246655630683, 51.05284420887133], [-114.08234571018222, 51.052903496784865], [-114.08211239765494, 51.05304443277729], [-114.08184366639782, 51.05320381124786], [-114.08164784812219, 51.05332235361823], [-114.08144576978144, 51.05343826962751], [-114.08115201874911, 51.05361715274348], [-114.07936527672184, 51.05468129354162], [-114.07758108641583, 51.05574826115346], [-114.07594736531861, 51.05672518041783], [-114.07584261532183, 51.05678542109521], [-114.07579981020531, 51.05680944870584], [-114.0756807224503, 51.056863397642054], [-114.07551440080782, 51.056917349112304], [-114.07534021880578, 51.05696848174215], [-114.07517701289146, 51.05701874134362], [-114.07502340246299, 51.05706380659359], [-114.07485196663275, 51.057116666353], [-114.07469286243679, 51.05715914025369], [-114.07452963710537, 51.05719815822166], [-114.07436543154598, 51.057230952106146], [-114.07427996445345, 51.05724425998615], [-114.07418674251109, 51.05725717268333], [-114.07410225742498, 51.057268244067906], [-114.0729424693522, 51.05741967804026], [-114.07270827193163, 51.05745182643657], [-114.07223049758636, 51.05751455531587], [-114.07201636393955, 51.057536722129704], [-114.07186195154877, 51.05755058850523], [-114.07173666592585, 51.05755709130919], [-114.07161137743616, 51.05756175828088], [-114.0715140787615, 51.05756635945286], [-114.07142272726982, 51.057565593646416], [-114.07129263329536, 51.05756302739128], [-114.07122828317375, 51.05756130283927], [-114.0701086933405, 51.05750028060045], [-114.06944376092055, 51.05746093219617], [-114.06900232465651, 51.05743588037777], [-114.06860101742951, 51.057412490717574], [-114.06828799716097, 51.05739242377317], [-114.06804453437982, 51.05737569025919], [-114.06783851970073, 51.05735555977179], [-114.06765389883307, 51.05733035353347], [-114.06745452337482, 51.057300512331175], [-114.06729664962702, 51.05727191445234], [-114.0671360903005, 51.05723656842467], [-114.06694340961458, 51.0571877407216], [-114.06675607406692, 51.057133846640546], [-114.06659281442468, 51.057079938545165], [-114.06644560787294, 51.05702770936568], [-114.06631980731765, 51.056978841697436], [-114.06619667678349, 51.05692659764224], [-114.0660574770753, 51.056860862683315], [-114.06591291666106, 51.056786692833846], [-114.06574800116768, 51.05669312186355], [-114.06560342365071, 51.056607138253334], [-114.06547757276265, 51.056521144873585], [-114.06533564375061, 51.05641490921153], [-114.06522315991741, 51.05632215770492], [-114.06508120134427, 51.05619398414178], [-114.06493653928707, 51.05604556166959], [-114.06477847592947, 51.055876895306895], [-114.06459774570477, 51.05569103943065], [-114.06444237332641, 51.0555324962353], [-114.0641932376283, 51.05527444053816], [-114.06401644011684, 51.05509565919003], [-114.06375660527853, 51.054834232763554], [-114.06332612623984, 51.054398406076636], [-114.06311182772967, 51.054177454891615], [-114.06299129478029, 51.05405939229633], [-114.06289489800966, 51.05398688098501], [-114.06278826280808, 51.053923545506876], [-114.06264638887534, 51.05384768187026], [-114.0624120724612, 51.05375030381501]]]}, "properties": {"section_name": "MEMOR9", "volume": 29000.0, "year": "2024"}}, {"type": "Feature", "geometry": {"type": "MultiLineString", "coordinates": [[[-114.0624120724612, 51.05375030381501], [-114.06220071563074, 51.05365313691713], [-114.06194648196549, 51.05356720704314], [-114.06130157021401, 51.053373480554576], [-114.06073963665631, 51.053218520532965], [-114.0601777046606, 51.053061870434895], [-114.05918730422782, 51.0527862811153], [-114.05860130100906, 51.05262288523314], [-114.05785475434632, 51.052415689846626], [-114.0567197875596, 51.05209966314735], [-114.05590903779313, 51.05187223620553], [-114.05511435384183, 51.05165154644138], [-114.05443137397738, 51.05146348413861], [-114.05397650705964, 51.05133375491568], [-114.05367415444748, 51.05124614185926], [-114.05345208072244, 51.05118886761223], [-114.05321931498086, 51.05113665992509], [-114.05295444364936, 51.051076028568836], [-114.05270729292896, 51.05103057945814], [-114.051705474882, 51.050866636326816]]]}, "properties": {"section_name": "MEMOR9A", "volume": 28000.0, "year": "2024"}}, {"type": "Feature", "geometry": {"type": "MultiLineString", "coordinates": [[[-114.07427942861558, 51.039849148742604], [-114.07431075663348, 51.039357539140205], [-114.07434664199931, 51.03889499312691], [-114.07441779493932, 51.03841694067908], [-114.07438571012801, 51.03832082387801], [-114.07427986435204, 51.03799744467461], [-114.07425359410172, 51.03793660888454], [-114.07422941011902, 51.037888377183656], [-114.07418940882054, 51.03783007531767]]]}, "properties": {"section_name": "5STW10", "volume": 7000.0, "year": "2024"}}, {"type": "Feature", "geometry": {"type": "MultiLineString", "coordinates": [[[-114.07357508383761, 51.0496343378111], [-114.07364460103935, 51.04916802653865], [-114.07367842533064, 51.04869553747635]]]}, "properties": {"section_name": "5STW2", "volume": 7000.0, "year": "2024"}}, {"type": "Feature", "geometry": {"type": "MultiLineString", "coordinates": [[[-114.07367842533064, 51.04869553747635], [-114.07370462318163, 51.048215843412265], [-114.07374595885736, 51.04775214147176]]]}, "properties": {"section_name": "5STW3", "volume": 8000.0, "year": "2024"}}, {"type": "Feature", "geometry": {"type": "MultiLineString", "coordinates": [[[-114.07374595885736, 51.04775214147176], [-114.07378027219848, 51.04727278829651], [-114.07381261909053, 51.04682090983146], [-114.07380674037888, 51.0463245131422], [-114.07388288994765, 51.04583918848241]]]}, "properties": {"section_name": "5STW4", "volume": 8000.0, "year": "2024"}}, {"type": "Feature", "geometry": {"type": "MultiLineString", "coordinates": [[[-114.07388288994765, 51.04583918848241], [-114.07389053864311, 51.045377884475506], [-114.07386205485399, 51.04532098847556], [-114.0738417107662, 51.04526202867693], [-114.07383227363223, 51.04520502803961], [-114.07383987847503, 51.04508904398073], [-114.07385453502778, 51.04490120591109]]]}, "properties": {"section_name": "5STW5", "volume": 8000.0, "year": "2024"}}, {"type": "Feature", "geometry": {"type": "MultiLineString", "coordinates": [[[-114.07385453502778, 51.04490120591109], [-114.07387018620557, 51.04458832538868], [-114.0738946058503, 51.04425745533842], [-114.07391741436994, 51.04390010701608], [-114.0739266057407, 51.04380279719973], [-114.07394673193086, 51.04372611999854], [-114.07397779733147, 51.04367105888206], [-114.07401197062023, 51.04363072187586]]]}, "properties": {"section_name": "5STW6", "volume": 12000.0, "year": "2024"}}, {"type": "Feature", "geometry": {"type": "MultiLineString", "coordinates": [[[-114.07401197062023, 51.04363072187586], [-114.07404384001732, 51.04315065334763], [-114.07407894130661, 51.0426972867386]]]}, "properties": {"section_name": "5STW7", "volume": 10000.0, "year": "2024"}}, {"type": "Feature", "geometry": {"type": "MultiLineString", "coordinates": [[[-114.07407894130661, 51.0426972867386], [-114.07411676595868, 51.04220306628792], [-114.07414666409855, 51.041733752389426]]]}, "properties": {"section_name": "5STW8", "volume": 11000.0, "year": "2024"}}, {"type": "Feature", "geometry": {"type": "MultiLineString", "coordinates": [[[-114.07414666409855, 51.041733752389426], [-114.07417804999645, 51.041255294935475], [-114.07421304769363, 51.04079145066069], [-114.07424158904537, 51.04030411035653], [-114.07427942861558, 51.039849148742604]]]}, "properties": {"section_name": "5STW9", "volume": 8000.0, "year": "2024"}}, {"type": "Feature", "geometry": {"type": "MultiLineString", "coordinates": [[[-114.0812541753371, 51.04604862788345], [-114.08122414326942, 51.04652580578031], [-114.08118409548136, 51.04703026183651], [-114.08115184416191, 51.047481996641686], [-114.0811175597399, 51.04796219429877]]]}, "properties": {"section_name": "8STW2", "volume": 10000.0, "year": "2024"}}, {"type": "Feature", "geometry": {"type": "MultiLineString", "coordinates": [[[-114.08138972087696, 51.04383758026621], [-114.08135502558949, 51.043950024668966], [-114.08133372823072, 51.04404805458367], [-114.08131881087485, 51.04418353399037], [-114.08128805016456, 51.04461651273373], [-114.08125492016137, 51.04511550919824], [-114.08121872455787, 51.04558257081309], [-114.08120311349381, 51.045768733868826], [-114.08120450376724, 51.04584204597565], [-114.08121599933774, 51.04591614665151], [-114.0812325476185, 51.04599024471271], [-114.0812541753371, 51.04604862788345]]]}, "properties": {"section_name": "8STW3", "volume": 11000.0, "year": "2024"}}, {"type": "Feature", "geometry": {"type": "MultiLineString", "coordinates": [[[-114.08145581058292, 51.04290411814148], [-114.08141917598553, 51.04335616834104], [-114.08138972087696, 51.04383758026621]]]}, "properties": {"section_name": "8STW4", "volume": 10000.0, "year": "2024"}}, {"type": "Feature", "geometry": {"type": "MultiLineString", "coordinates": [[[-114.0815236978895, 51.04194015149082], [-114.08150275901549, 51.042411623960625], [-114.08145581058292, 51.04290411814148]]]}, "properties": {"section_name": "8STW5", "volume": 10000.0, "year": "2024"}}, {"type": "Feature", "geometry": {"type": "MultiLineString", "coordinates": [[[-114.08165626509184, 51.040055628598715], [-114.0816206632898, 51.040513662833305], [-114.08159137209887, 51.04099771252107], [-114.08156022001283, 51.041465856114776], [-114.0815236978895, 51.04194015149082]]]}, "properties": {"section_name": "8STW6", "volume": 11000.0, "year": "2024"}}, {"type": "Feature", "geometry": {"type": "MultiLineString", "coordinates": [[[-114.08179132117115, 51.037814757785064], [-114.08179065966509, 51.03814686641206], [-114.0817230639886, 51.038623539177216], [-114.08172344846143, 51.03910147415466], [-114.0816902411744, 51.039566259906486], [-114.08165626509184, 51.040055628598715]]]}, "properties": {"section_name": "8STW7", "volume": 9000.0, "year": "2024"}}, {"type": "Feature", "geometry": {"type": "MultiLineString", "coordinates": [[[-114.23473401804016, 51.088583910973426], [-114.25306544858105, 51.08865032530278], [-114.2542618588729, 51.08862982572537], [-114.25635206005803, 51.08864171348094], [-114.25970288489222, 51.08864087196699], [-114.26225950729098, 51.088645356728435], [-114.26543076749859, 51.08865216209939], [-114.2682983942618, 51.08864782280312], [-114.26900638325274, 51.088651130428914], [-114.26906710602691, 51.0886502310724]], [[-114.26828028464666, 51.08864831833818], [-114.2707137070233, 51.08866431057268], [-114.27208529091905, 51.08867172646775], [-114.27450130901558, 51.08866607905442], [-114.27500146316356, 51.088664903712505], [-114.27899553473321, 51.08867669805551], [-114.28068576004436, 51.08868175278156], [-114.28860283255912, 51.08870055210436], [-114.28953279720129, 51.08870173905222], [-114.29022732785475, 51.08869700192102], [-114.29092185835503, 51.08869226156324], [-114.29161638869071, 51.088687516180975], [-114.29231091886722, 51.08868276667317]]]}, "properties": {"section_name": "16AV/TCH1A", "volume": 40000.0, "year": "2024"}}, {"type": "Feature", "geometry": {"type": "MultiLineString", "coordinates": [[[-114.07656573229868, 50.89269024375648], [-114.07558106186652, 50.89261509184341], [-114.07510786825021, 50.89259499359263], [-114.07443551147792, 50.89254122817864], [-114.07427920190014, 50.89254039097979], [-114.0741338350777, 50.89254001500094], [-114.07389428632483, 50.89253829875315], [-114.07373407153116, 50.892538868428495], [-114.0735515739937, 50.8925389871431], [-114.0733569710446, 50.89253957796089], [-114.07315924314408, 50.89254063789105], [-114.07299085022406, 50.8925407370006], [-114.0727642022437, 50.89253994082948], [-114.07250965763782, 50.89253729253323], [-114.07202104653172, 50.89253184140097]], [[-114.09337248999184, 50.89280240853035], [-114.09324816904213, 50.892802700280264], [-114.09314042916448, 50.89280239252445], [-114.0930533826607, 50.892802265956604], [-114.09298703236892, 50.89280231882273], [-114.09280800138194, 50.892802079207925], [-114.09267529717353, 50.89280179086572], [-114.09259153698616, 50.892801661344734], [-114.0924649474823, 50.892801969342734], [-114.09235687965274, 50.892801858003914], [-114.09225888050038, 50.892802135965404], [-114.09215902600279, 50.89280221483291], [-114.09209563225541, 50.89280226485851], [-114.09200288909953, 50.89280233618445], [-114.09189449369555, 50.892802617537484], [-114.0918150024068, 50.89280268008046], [-114.0917488021362, 50.892803126784585], [-114.09165748608332, 50.89280319851259], [-114.09152004079846, 50.892803303643056], [-114.09143562326217, 50.89280356577077], [-114.09136500264718, 50.89280342507813], [-114.09121190939636, 50.89280375155713], [-114.0910808480804, 50.89280405165901], [-114.09096604879592, 50.89280413756857], [-114.09085305329536, 50.8928042255575], [-114.09071397944014, 50.892804526088725], [-114.09061313885385, 50.89280480217956], [-114.0904937246135, 50.892805090783824], [-114.09039616853516, 50.892805166361924], [-114.09017991137999, 50.89280533091182], [-114.09009648133767, 50.892805395327066], [-114.08996663389978, 50.892805694140314], [-114.08985528297127, 50.89280577989618], [-114.08976151393396, 50.89280605520248], [-114.089652133467, 50.8928063370289], [-114.08937811448239, 50.89280595109792], [-114.08926117767683, 50.89280544992235], [-114.0889612363447, 50.89280509271855], [-114.08866746148817, 50.892804923345295], [-114.08811506675045, 50.89280632597806], [-114.08766148133564, 50.89280667014096], [-114.08706807784112, 50.89280612980143], [-114.0864894294025, 50.89280597556928], [-114.08599715550798, 50.89280692716824], [-114.08589270127864, 50.89280700406422], [-114.08568047912671, 50.892806958632434], [-114.08555598860606, 50.89280704993014], [-114.0853341370647, 50.89280739929189], [-114.08487719067749, 50.89280735032305], [-114.08435965032736, 50.89280791692613], [-114.08377870480926, 50.892808520459624], [-114.08286164287111, 50.89280956691702], [-114.08164894753146, 50.892810034771166], [-114.0809186522668, 50.89281075000394], [-114.08053793499671, 50.89281062579666], [-114.0800836686931, 50.89281348604821], [-114.07964022583013, 50.89281848934807], [-114.07958326881368, 50.89281971216734], [-114.07950378224498, 50.89282173602688], [-114.07926171138654, 50.89283074136176], [-114.07876449438369, 50.892822159825], [-114.0784096218812, 50.89282239870544], [-114.07656045732723, 50.892691916653284]]]}, "properties": {"section_name": "22X2", "volume": 60000.0, "year": "2024"}}, {"type": "Feature", "geometry": {"type": "MultiLineString", "coordinates": [[[-114.14038658032075, 50.928869535204385], [-114.1403398691077, 50.928649709642045], [-114.14029328477744, 50.928471918961364], [-114.14021584639865, 50.92824242922428], [-114.140102271459, 50.92790627514296], [-114.13998893250543, 50.927647726131994], [-114.1398448480585, 50.92737304545194], [-114.13974223958017, 50.92718033089963], [-114.13968062773654, 50.927064247647586], [-114.13956703063909, 50.92686247524493], [-114.13917644967621, 50.92628089973588], [-114.13820626476978, 50.9252020413691], [-114.13644925012164, 50.92380539318533], [-114.13343948657776, 50.92191000282559]], [[-114.1404931425346, 50.93028290604764], [-114.14049316826052, 50.93028247360174]], [[-114.1404931425346, 50.93028290604764], [-114.14048650259187, 50.92976834562338], [-114.14044944917916, 50.92935772719859], [-114.14040228940087, 50.928989158638885], [-114.14039170541068, 50.92887276271647]], [[-114.14049317800183, 50.93028570726269], [-114.1404931425346, 50.93028290604764]], [[-114.14026890745836, 50.93454349777094], [-114.14036474930559, 50.932383365071956], [-114.1404931425346, 50.93028290604764]], [[-114.14023817712, 50.935668813173514], [-114.14026323847405, 50.934927220856075], [-114.14027573066004, 50.9345434895753]]]}, "properties": {"section_name": "37STSW10", "volume": 77000.0, "year": "2024"}}, {"type": "Feature", "geometry": {"type": "MultiLineString", "coordinates": [[[-114.14023519809777, 50.93602602441453], [-114.14023662785463, 50.93592570702406], [-114.14023115613192, 50.935667920815696]], [[-114.14024608976821, 50.93603096207681], [-114.14035131781827, 50.93698796938014], [-114.14068461001061, 50.94332727759332], [-114.14042175408869, 50.94516864153082], [-114.13969807128923, 50.94679253628323], [-114.13889756891487, 50.94839229420818]]]}, "properties": {"section_name": "37STSW9", "volume": 52000.0, "year": "2024"}}, {"type": "Feature", "geometry": {"type": "MultiLineString", "coordinates": [[[-114.00167264281335, 51.00863747243581], [-114.00169302026951, 51.008731993478825], [-114.00170862294208, 51.00883139154699], [-114.0017143506101, 51.008928983708174], [-114.00171566971345, 51.00903364460276], [-114.00172053433764, 51.009335948628454], [-114.00172107971272, 51.00959491113904], [-114.00172277332948, 51.00976860818776], [-114.00172156486911, 51.009882234618956], [-114.00172156851086, 51.009980608957754], [-114.00172251062905, 51.010062826836474], [-114.00172279206491, 51.01019741652306], [-114.00172037551175, 51.0103583238455], [-114.00172280172687, 51.01045822370727], [-114.0017224731223, 51.010512167822114], [-114.0017208373405, 51.0109778764986], [-114.00172085438926, 51.01143858499523], [-114.00172286623494, 51.01235325681549], [-114.00172362752325, 51.01274584062049], [-114.0017276116466, 51.01304180846734], [-114.00173555909471, 51.013148796643954], [-114.0017427149176, 51.01331227841602], [-114.00174112671863, 51.01333327587267], [-114.00175542907361, 51.01341026684487], [-114.00178579001087, 51.01357346327997], [-114.00180548718441, 51.013666738249825], [-114.0018261462982, 51.01375772799751], [-114.00184071511714, 51.013827042575635], [-114.00192266125053, 51.01411767816687], [-114.00195650898564, 51.01421039190656], [-114.001972311184, 51.01425334840675], [-114.00199025706122, 51.014302276778935], [-114.0020057572297, 51.01434605404599], [-114.00201636145168, 51.014374895774765], [-114.00203430844168, 51.014414552979076], [-114.00206775523597, 51.01448665761855], [-114.00209875351601, 51.014553611147775], [-114.00212159492207, 51.0146009940661], [-114.0021467897138, 51.014657761367275], [-114.00218757791087, 51.01473295562154], [-114.00223489272017, 51.01482360136865], [-114.00226262847644, 51.01487355883628], [-114.00229770721603, 51.014934847769354], [-114.00270563665214, 51.015410558351306], [-114.00308688863404, 51.01606781134142], [-114.00377318625458, 51.01746247228523]], [[-114.00238656445075, 51.015086245553825], [-114.00241507273361, 51.01513183393472], [-114.00243954746156, 51.015169431378226], [-114.00244834852839, 51.015183292534026]]]}, "properties": {"section_name": "BARLOW11", "volume": 28000.0, "year": "2024"}}, {"type": "Feature", "geometry": {"type": "MultiLineString", "coordinates": [[[-114.08163227152757, 51.13816232639731], [-114.08148965661937, 51.13811464976828], [-114.08110340405418, 51.13798295823926], [-114.08041241725954, 51.137753362939634], [-114.07993557770416, 51.13759720528746], [-114.07956530123273, 51.1374800096473], [-114.07892327160876, 51.13727746415243], [-114.07825811575846, 51.13707533693297], [-114.07769260848828, 51.13690294476855], [-114.07702751038912, 51.13670071970694], [-114.07674014756793, 51.136610605448354], [-114.07652413942796, 51.13653899564185], [-114.07630362604428, 51.13646266793972], [-114.07610860813253, 51.136391043668695], [-114.0759143234356, 51.13631132976003], [-114.07570278365786, 51.13621988988436], [-114.07554074735255, 51.136146355497424], [-114.07534570111503, 51.136054904319934], [-114.0751643657757, 51.135962638537855], [-114.07475977654555, 51.13575469256167], [-114.07437866018866, 51.135556676341565], [-114.07400410806615, 51.135363823737215], [-114.07376254078325, 51.13523935628165], [-114.0733806895499, 51.135047404335076], [-114.0730701239923, 51.13489843172408], [-114.07251711383391, 51.13464232522626], [-114.07214486937511, 51.13447557639003], [-114.0718895935448, 51.1343639470515], [-114.07155656090602, 51.134222537272066], [-114.07126104286502, 51.13410187415271], [-114.07105103567768, 51.134019864874574], [-114.07099299563659, 51.13399637794063]], [[-114.08134163079505, 51.138303713996926], [-114.08148818968688, 51.13835525897483]]]}, "properties": {"section_name": "BEDDING3", "volume": 50000.0, "year": "2024"}}, {"type": "Feature", "geometry": {"type": "MultiLineString", "coordinates": [[[-113.98195215579493, 50.97940805197048], [-113.98183157063447, 50.979407963158266], [-113.98165022081861, 50.979407829632414], [-113.98126184392099, 50.979407634932926], [-113.98087054879754, 50.97940823945866], [-113.98065498302749, 50.979408219243766], [-113.9802904861456, 50.97940816640732], [-113.97990177910684, 50.97940741875066], [-113.97961976182161, 50.97940870398285], [-113.97943469030305, 50.97941000743878], [-113.97932470320912, 50.979412660702565], [-113.97928643009055, 50.97941278877016], [-113.97880789526761, 50.979445185909306], [-113.97836962485053, 50.97947517837574], [-113.97793313460588, 50.979503783301695], [-113.97764782984682, 50.97952306439624], [-113.97743241103112, 50.97953900600631], [-113.97622044749592, 50.979617795223625]], [[-113.97579670135843, 50.97961091997626], [-113.96998906033036, 50.979616864036295], [-113.968623400964, 50.97961939635355], [-113.96642482404279, 50.97962042490578], [-113.96493887375435, 50.979624370929855], [-113.96417087544792, 50.979631977944436], [-113.96327212543319, 50.97963139678317], [-113.96237337402128, 50.97963080780809], [-113.9603979478415, 50.979626763884355], [-113.9600209229594, 50.97962528609217], [-113.95998022503275, 50.97962470669675], [-113.95994896085492, 50.979623284578395], [-113.95991323201952, 50.97962045041474], [-113.95986577985491, 50.9796147903042], [-113.95981665482614, 50.97960701339201], [-113.95977199802397, 50.979598179894374], [-113.95972510962615, 50.97958617040087], [-113.95967400903687, 50.97957067497477], [-113.9596338227521, 50.97955655244985], [-113.95959475418401, 50.9795410179947], [-113.95956126970233, 50.97952513395699], [-113.95952778340455, 50.97951136521708], [-113.95949206154265, 50.97949900799534], [-113.95944657658974, 50.97948634351751], [-113.95941140869662, 50.97947892368045], [-113.95937400776985, 50.979473266861774], [-113.95933437157429, 50.97946866735658], [-113.95928490148387, 50.979466554595135], [-113.95923989559056, 50.97946634651841], [-113.95892643784292, 50.97946657564648], [-113.9586129800919, 50.97946680483246]]]}, "properties": {"section_name": "GLENMORE15", "volume": 32000.0, "year": "2024"}}, {"type": "Feature", "geometry": {"type": "MultiLineString", "coordinates": [[[-114.14105312654189, 51.008983913506064], [-114.14100067842078, 51.00898083577337], [-114.1409242956939, 51.00897653101178], [-114.14084109468216, 51.00897086976811], [-114.14048897503345, 51.008944793547464], [-114.14009293004784, 51.0089098097091], [-114.13983157975953, 51.00887699626801], [-114.13953050389941, 51.00883060835045], [-114.13923583169868, 51.008773034116444], [-114.13899065090378, 51.00871560344848], [-114.13876194448963, 51.008652867602656], [-114.13848651105917, 51.00856986257146], [-114.13824003444131, 51.0084837732971], [-114.13802413359359, 51.00839663064288], [-114.13781143601868, 51.00830440367775], [-114.13759385747403, 51.00819388873837], [-114.13729988382727, 51.00803433395432], [-114.13709351491414, 51.00790449662434], [-114.13687903921743, 51.00775332754871], [-114.13669192792217, 51.00760415776099], [-114.13646327209617, 51.00741005125776], [-114.13604861431519, 51.00703960501265], [-114.13573467322493, 51.00675601301077], [-114.13549104231532, 51.00653678650161], [-114.13517398604803, 51.006250232647375], [-114.1348706689256, 51.00597822823229], [-114.13420981667427, 51.005386327706724], [-114.13351485069485, 51.004760680505726], [-114.13307704650845, 51.00436674527925], [-114.13229025818788, 51.00365999216203], [-114.1317998488849, 51.003220383205054]], [[-114.14100721247372, 51.00909476004154], [-114.1410528736348, 51.009098792589675]]]}, "properties": {"section_name": "GLENMORE3", "volume": 89000.0, "year": "2024"}}, {"type": "Feature", "geometry": {"type": "MultiLineString", "coordinates": [[[-114.02024414153998, 51.047636217230476], [-114.01945743567836, 51.04771318245618], [-114.0192264536583, 51.047742607203276], [-114.01903330084367, 51.04776680230743], [-114.01888306063714, 51.04778689085119], [-114.0187362320489, 51.0478114573376], [-114.01864393540204, 51.047829150397185], [-114.01855163928037, 51.04784476405957], [-114.0184923056714, 51.047856211992325], [-114.01841648909033, 51.047865583169056], [-114.01830605877696, 51.04787287949982], [-114.01823422658502, 51.047878018469106]], [[-114.03794340535508, 51.04814942848278], [-114.03770907106266, 51.048080090133205], [-114.03734911263005, 51.04799148248555], [-114.0369724687625, 51.047898367961544], [-114.0365886898722, 51.047823300437564], [-114.03615487327362, 51.047761780279046], [-114.03580449557222, 51.047728805034794], [-114.03550418761559, 51.04771987365172], [-114.03518427100819, 51.04771395176873], [-114.03430005237003, 51.04771571857689], [-114.03360411085009, 51.04770840172618], [-114.03272354243305, 51.04771917854918], [-114.03158479072306, 51.04772100658859], [-114.03125242369697, 51.04771209451561], [-114.03098309489249, 51.04769562511885], [-114.03068039062984, 51.04766713291295], [-114.03027518823652, 51.04761310332451], [-114.0290727269798, 51.04743467301613], [-114.02849442631069, 51.04734632503092], [-114.02812259616458, 51.04729378291959], [-114.02773559571224, 51.04724861750082], [-114.02762526125794, 51.047237120595625], [-114.02752368029913, 51.047227689163044], [-114.02740711394826, 51.04722141295613], [-114.02729054720294, 51.04721198483393], [-114.02714400592896, 51.047202564459425], [-114.02699246976748, 51.04719209325645], [-114.02686757717723, 51.04718476843358], [-114.02673602456315, 51.047177444101926], [-114.02656284304064, 51.047170129989304], [-114.02638133757362, 51.04716596839935], [-114.02622980383765, 51.047161800704274], [-114.0260349798316, 51.04716289426351], [-114.02589010996509, 51.04716292644305], [-114.02572174233254, 51.047164221279616], [-114.02557520846891, 51.04716740523418], [-114.0254070286714, 51.04717059371231], [-114.02524051315318, 51.047173781589045], [-114.02506733754934, 51.04717697065711], [-114.0249091480406, 51.04718330717598], [-114.02473430863509, 51.04718754700454], [-114.02454947958012, 51.04719809226848], [-114.02437131358799, 51.0472117867511], [-114.02420097413355, 51.04722819963392], [-114.02396619485904, 51.047248208805506], [-114.02376305376984, 51.047267160178], [-114.02355824944702, 51.047291365130405], [-114.02334511962202, 51.04731662138737], [-114.02311367466044, 51.04734398267754], [-114.02293508141186, 51.04736085472213], [-114.0228068682486, 51.0473724361072], [-114.02261538150779, 51.04739033320955], [-114.0223472994182, 51.04741454826595], [-114.0220942029873, 51.04743875897657], [-114.02186442049802, 51.04746506747774], [-114.0216529542039, 51.04748926943771], [-114.02117156258448, 51.04754589852639], [-114.0209351179745, 51.047570103709056], [-114.02064705404415, 51.04759852114036], [-114.02038229978828, 51.04762273020189], [-114.02022635786048, 51.04763721457328]]]}, "properties": {"section_name": "MEMOR7B", "volume": 97000.0, "year": "2024"}}, {"type": "Feature", "geometry": {"type": "MultiLineString", "coordinates": [[[-113.91844734101268, 50.92683376749723], [-113.91850115899793, 50.92696844256536], [-113.91854772880397, 50.9270849771906], [-113.91913163295551, 50.928940680416304], [-113.91933337090421, 50.929811382480345], [-113.91960168393324, 50.93136716291933], [-113.91980298758348, 50.93317577972863], [-113.9198908094852, 50.93396477535286], [-113.91988303065582, 50.93675752867181], [-113.91993582644116, 50.9410865849125], [-113.92009970489507, 50.945853530492144], [-113.92012958793958, 50.947470836024216], [-113.92012997339178, 50.94749171619546], [-113.92013209488803, 50.94760651038954], [-113.92014277521436, 50.94818456727752]], [[-113.91263528393097, 50.90712289832203], [-113.9114228752107, 50.90767381930039], [-113.91048854897257, 50.90837241314229], [-113.90981023230226, 50.90896178263551], [-113.90928228494334, 50.90960359462763], [-113.90885968377849, 50.91023597148685], [-113.90865545089112, 50.91078288858441], [-113.90851892713295, 50.91133461492123], [-113.90845767597551, 50.911872129452775], [-113.90847943852772, 50.912286021805535], [-113.90872597984388, 50.91319483697727], [-113.90897587116825, 50.91363342730343], [-113.90961069725581, 50.914481214882386], [-113.9114014757808, 50.91644342984889], [-113.91261237386874, 50.917747373770105], [-113.91379880228364, 50.91909430267688], [-113.914783738815, 50.92037761782487], [-113.91588866356535, 50.92198501315758], [-113.91673930769755, 50.92335705544967], [-113.91732308602897, 50.92447861328489], [-113.91816551828397, 50.9261285180483], [-113.91844734101268, 50.92683376749723]]]}, "properties": {"section_name": "STONEY18", "volume": 42000.0, "year": "2024"}}, {"type": "Feature", "geometry": {"type": "MultiLineString", "coordinates": [[[-114.05537745944582, 51.04908905913606], [-114.05582366262266, 51.04910367273808], [-114.05592354391895, 51.04910640461549], [-114.0560146149952, 51.0491109943118], [-114.0560983478946, 51.04912114850458], [-114.05623287994568, 51.04914491742276]], [[-114.05623287994568, 51.04914491742276], [-114.05784150101297, 51.049190020502465]], [[-114.05537167523066, 51.0491659788806], [-114.05570036193146, 51.04916767369279], [-114.05583548770552, 51.04916575643811], [-114.05597502041933, 51.04916383601785], [-114.05610867189391, 51.04915635810819], [-114.05623287994568, 51.04914491742276]]]}, "properties": {"section_name": "4AVS13", "volume": 38000.0, "year": "2024"}}]}