teleride_number,stop_name,status,create_dt_utc,mod_dt_utc,globalid,lon,lat
2626,EB Merganser DR W @ McIvor TC,ACTIVE,2026-09-29T19:46:12.000Z,2026-09-29T19:46:12.000Z,408c789c-4ce4-4005-8642-ccbf095926e4,-113.821522,51.037786
2627,NB W. Chestermere Drive @ Anniversary Park,ACTIVE,2026-09-29T19:46:12.000Z,2026-09-29T19:46:12.000Z,26f452cb-9529-4a39-977d-ae6d49e35304,-113.8217749,51.0488428
2628,WB Windermere Drive @ Power Line ROW,ACTIVE,2026-09-29T19:46:12.000Z,2026-09-29T19:46:12.000Z,98549b62-54c4-4f87-9946-dc03bd5bc4aa,-113.8297676,51.0505191
2624,NB W. Creek Blvd @ W. Creek Close,ACTIVE,2026-09-29T19:46:12.000Z,2026-09-29T19:46:12.000Z,6318e73d-7910-4d36-a8e6-f7e8fcf29c8c,-113.8340639,51.0351592
2625,EB Merganser DR W @ W. Creek BV,ACTIVE,2026-09-29T19:46:12.000Z,2026-09-29T19:46:12.000Z,799c6c2f-2e67-4496-83e6-8eefd70b84ad,-113.834143,51.0377214
2630,SB Invermere Drive @ Springmere Drive,ACTIVE,2026-09-29T19:46:12.000Z,2026-09-29T19:46:12.000Z,b8ff86cb-15e3-4c21-8b85-eb1a13838d11,-113.8344144,51.0451418
2623,EB W. Creek BV @ E. of Lavender WY,ACTIVE,2026-09-29T19:46:12.000Z,2026-09-29T19:46:12.000Z,394896de-4788-494f-8c04-cc3b29e3f861,-113.8352459,51.0286409
2629,SB Invermere Drive @ Willowmere Close,ACTIVE,2026-09-29T19:46:12.000Z,2026-09-29T19:46:12.000Z,0e7c9d08-a8d0-441b-9d22-033a01e71619,-113.8352697,51.049633
2932,SB West Creek DR @ Lavender Link,ACTIVE,2026-09-29T19:46:12.000Z,2026-09-29T19:46:12.000Z,9f05d223-d9a6-4e0b-ab5b-d2578d0a0a31,-113.8407233,51.0287901
2621,EB W. Lakeview DR @ W. of Rainbow RD,ACTIVE,2026-09-29T19:46:12.000Z,2026-09-29T19:46:12.000Z,28c9bf8f-3c8a-43e5-9428-12def73777f4,-113.8449712,51.0320866
2620,EB W. Lakeview DR @ E. of Chelsea DR,ACTIVE,2026-09-29T19:46:12.000Z,2026-09-29T19:46:12.000Z,6dbdfb85-d0da-47f8-bb34-1e2b05822cf5,-113.8553909,51.032357
2619,SB Chelsea Drive @ south of Merganser Drive West,ACTIVE,2026-09-29T19:46:12.000Z,2026-09-29T19:46:12.000Z,ef9dd07b-6273-48bd-b391-849a19b4d6ee,-113.8589357,51.0355441
3742,SB 84 ST SE @ 17 AV SE,ACTIVE,2026-09-29T19:46:12.000Z,2026-09-29T19:46:12.000Z,9f917d36-aabc-41eb-8356-136b3b82a62a,-113.90804,51.0394769
3743,NB 84 ST SE @ Belvedere AV SE,ACTIVE,2026-09-29T19:46:12.000Z,2026-09-29T19:46:12.000Z,bf9a9adc-d579-486c-88f3-b96c04d331fd,-113.9083202,51.0410108
2299,WB 17th AV SE @ 84th ST SE,ACTIVE,2026-09-29T19:46:12.000Z,2026-09-29T19:46:12.000Z,98d56fde-9327-4550-82b9-289f3d08b102,-113.9091859,51.037996
3421,NB Mahogany BV @ Masters CR  SE (n. leg),ACTIVE,2026-09-29T19:46:12.000Z,2026-09-29T19:46:12.000Z,9ca0113c-e680-4b2b-98e3-fbcbf07a0cbb,-113.9103945,50.8988238
3417,SB Mahogany BV @Marquis Cres SE,ACTIVE,2026-09-29T19:46:12.000Z,2026-09-29T19:46:12.000Z,d5234d16-95fa-418e-bdcc-1ae94833919e,-113.9104509,50.9006136
3593,NB Mahogany BV @ 300 Marquis CO SE,ACTIVE,2026-09-29T19:46:12.000Z,2026-09-29T19:46:12.000Z,327ce98a-6ca2-4ece-8d2e-3c3d9c8944c9,-113.910505,50.901278
1800,EB 17 AV SE @ 84 ST SE,ACTIVE,2026-09-29T19:46:12.000Z,2026-09-29T19:46:12.000Z,18ab3ac7-97b6-4a8f-b134-e95f3fac0769,-113.9111074,51.0376574
2788,SB East Hills SQ @ East Hills BV SE,ACTIVE,2026-09-29T19:46:12.000Z,2026-09-29T19:46:12.000Z,e0888c38-9ffb-4130-a469-d9659b3c1980,-113.9111336,51.0408226
3418,SB Mahogany BV @ Marquis VW SE,ACTIVE,2026-09-29T19:46:12.000Z,2026-09-29T19:46:12.000Z,cc9814af-5897-4571-bef7-56f09dc0f499,-113.9114192,50.8978057
3423,NB Mahogany BV @ Masters RO  SE,ACTIVE,2026-09-29T19:46:12.000Z,2026-09-29T19:46:12.000Z,9288ef59-6761-4db1-95da-073921e321cd,-113.9116528,50.8929022
3420,NB Mahogany BV @ Masters CR  SE (s. leg),ACTIVE,2026-09-29T19:46:12.000Z,2026-09-29T19:46:12.000Z,c2e3f094-793f-4d47-b390-51d750cb8a09,-113.9117718,50.896132
1983,SB 84 ST NE @ Homestead GA NE,ACTIVE,2026-09-29T19:46:12.000Z,2026-09-29T19:46:12.000Z,d7760816-fc70-40ba-ab31-fb56e3557416,-113.9120235,51.1194581
3419,SB Mahogany BV @ Masters SQ SE,ACTIVE,2026-09-29T19:46:12.000Z,2026-09-29T19:46:12.000Z,44c5a3b4-26b3-4dff-bc14-99ad8f01ef80,-113.9120645,50.8954705
1984,WB Homestead BV NE @ 84 ST NE,ACTIVE,2026-09-29T19:46:12.000Z,2026-09-29T19:46:12.000Z,c794b09a-32c0-452e-aa94-10f1b3893204,-113.9125422,51.1149608
6957,SB @ Access RD Chateau Ests,ACTIVE,2026-09-29T19:46:12.000Z,2026-09-29T19:46:12.000Z,a6327ca7-953f-40d9-80c9-f953e2ded74f,-113.9126856,51.0633434
3608,EB Mahogany BV @ Marquis GR SE,ACTIVE,2026-09-29T19:46:12.000Z,2026-09-29T19:46:12.000Z,a4202a24-d74a-4516-95fc-c243beca8d04,-113.9135504,50.9027645
2452,EB Masters RD @ Magnolia TC SE,ACTIVE,2026-09-29T19:46:12.000Z,2026-09-29T19:46:12.000Z,4d4b5d0c-fc30-47c9-a173-10e49eccec90,-113.9144147,50.8921945
3592,WB Mahogany BV @ Marquis GR SE,ACTIVE,2026-09-29T19:46:12.000Z,2026-09-29T19:46:12.000Z,7ec76258-a472-4b37-b6eb-c263608c3409,-113.9144766,50.9032154
1986,NB Homestead DR NE @ Homestead GA NE,ACTIVE,2026-09-29T19:46:12.000Z,2026-09-29T19:46:12.000Z,4d05e90b-44b8-44db-be5c-8ece8b673ef9,-113.9151616,51.1202165
1985,NB Homestead DR NE @ Homestead BV NE,ACTIVE,2026-09-29T19:46:12.000Z,2026-09-29T19:46:12.000Z,a4540514-501c-4897-8c0a-00a9c21d1ea6,-113.9151732,51.115239
1987,NB Homestead DR NE @ Homestead CM NE,ACTIVE,2026-09-29T19:46:12.000Z,2026-09-29T19:46:12.000Z,d7acd570-4cc4-427a-ab0f-9101cc072d48,-113.9151821,51.123297
1982,SB Homestead DR NE @ Homestead CM NE,ACTIVE,2026-09-29T19:46:12.000Z,2026-09-29T19:46:12.000Z,6bb55046-3721-44ef-98ce-9fb46309eb6a,-113.9153576,51.1221646
1993,SB Homestead DR NE @ Homestead AV NE,ACTIVE,2026-09-29T19:46:12.000Z,2026-09-29T19:46:12.000Z,ef52291c-607b-4f49-9382-32741adc789a,-113.9153669,51.1247915
1988,WB Homestead AV NE @ Homestead DR NE,ACTIVE,2026-09-29T19:46:12.000Z,2026-09-29T19:46:12.000Z,39efa340-4f8b-4713-86a4-d6de82d3e643,-113.9158353,51.1252689
3428,WB Masters RD @ Magnolia LI SE,ACTIVE,2026-09-29T19:46:12.000Z,2026-09-29T19:46:12.000Z,e612c6b5-d581-4f07-9c38-b70abf3e432f,-113.9168168,50.8923903
1981,EB Homestead AV NE @ Homestead VW NE,ACTIVE,2026-09-29T19:46:12.000Z,2026-09-29T19:46:12.000Z,9b32ef61-652e-4300-8190-ed7873e68191,-113.9169732,51.1251397
2477,EB Masters RD @ Magnolia LI SE,ACTIVE,2026-09-29T19:46:12.000Z,2026-09-29T19:46:12.000Z,a30a79d4-0da0-45e1-87a2-3ed63acad447,-113.9175355,50.8921889
3607,EB Mahogany BV @ Marquis GD SE,ACTIVE,2026-09-29T19:46:12.000Z,2026-09-29T19:46:12.000Z,13b894e6-57e9-43cb-ba4c-0b669dfcd49a,-113.9179754,50.9036147
3521,WB Copperstone DR @ Copperpond BV SE,ACTIVE,2026-09-29T19:46:12.000Z,2026-09-29T19:46:12.000Z,e95abe29-b568-4940-8ad6-d82e13bc099a,-113.918162,50.9157732
3519,SB Copperpond BV @ Copperpond LN SE,ACTIVE,2026-09-29T19:46:12.000Z,2026-09-29T19:46:12.000Z,33cf65c0-6007-4197-a168-3f56a0c2e5ba,-113.9185841,50.9179756
3591,WB Mahogany BV @ Marquis GD SE,ACTIVE,2026-09-29T19:46:12.000Z,2026-09-29T19:46:12.000Z,912c9fe6-d5d0-4523-b212-eefa1d35572d,-113.9191958,50.9037252
3517,SB Copperpond BV @ Copperpond PA SE,ACTIVE,2026-09-29T19:46:12.000Z,2026-09-29T19:46:12.000Z,5ab5128a-d68c-4ee5-8d25-3c58dcb31edf,-113.9201896,50.9211807
3523,SB Copperpond BV @ CopperpondCV SE,ACTIVE,2026-09-29T19:46:12.000Z,2026-09-29T19:46:12.000Z,1a899bbb-d233-41c7-86bc-8a704d1413bc,-113.920684,50.9226141
3431,WB Masters AV @ Masters VI SE,ACTIVE,2026-09-29T19:46:12.000Z,2026-09-29T19:46:12.000Z,d126a189-bb7e-4954-97e5-843b28880490,-113.9212794,50.8926332
2593,EB Masters AV @ Master HT SE,ACTIVE,2026-09-29T19:46:12.000Z,2026-09-29T19:46:12.000Z,478f90af-83fe-4d46-a1d9-a2865c1a71e1,-113.921769,50.8923475
3515,EB Copperpond BV @ Copperpond GA SE,ACTIVE,2026-09-29T19:46:12.000Z,2026-09-29T19:46:12.000Z,44fdff6c-c12e-4a2f-84ef-f43c038d3b1a,-113.9240294,50.9246058
2592,EB Masters AV SE @ Marine DR SE,ACTIVE,2026-09-29T19:46:12.000Z,2026-09-29T19:46:12.000Z,413c46b4-be74-4002-80f3-683b062d2ace,-113.9240489,50.8921315
3606,EB Mahogany BV @ Marine DR SE,ACTIVE,2026-09-29T19:46:12.000Z,2026-09-29T19:46:12.000Z,63467a30-d063-49a3-97e0-a572431f294d,-113.9240606,50.9019412
9857,SB Copperfield  BV @ Copperfield CL SE,ACTIVE,2026-09-29T19:46:12.000Z,2026-09-29T19:46:12.000Z,1022f103-2c05-4011-9982-f6483f62415c,-113.9243441,50.9149639
7601,NB Coral Springs BV @ Coral Springs PL NE,ACTIVE,2026-09-29T19:46:12.000Z,2026-09-29T19:46:12.000Z,a4624318-9cff-4475-8a47-19df41924282,-113.9248373,51.1004315
1966,SB Cornerstone BV @ Cornerstone AV NE,ACTIVE,2026-09-29T19:46:12.000Z,2026-09-29T19:46:12.000Z,b4852154-9825-4f3c-bf75-84211ad131da,-113.9248509,51.160785
8632,NB Coral Springs BV @ Coral Springs PA NE,ACTIVE,2026-09-29T19:46:12.000Z,2026-09-29T19:46:12.000Z,5d70a3ca-a487-421d-9571-403a1123cadd,-113.9250559,51.1031628
1991,EB 80 AV NE @ Taralake CM NE,ACTIVE,2026-09-29T19:46:12.000Z,2026-09-29T19:46:12.000Z,c70f9829-cf09-4f21-a3bb-c94cd1275db9,-113.9251563,51.125143
1989,WB 80 AV NE @ Saddlestone GV NE,ACTIVE,2026-09-29T19:46:12.000Z,2026-09-29T19:46:12.000Z,454d0d22-811c-49fb-9bf9-71c7dbcf325a,-113.9254041,51.1252647
6973,SB Coral Springs BV @ Coral Shores DR NE,ACTIVE,2026-09-29T19:46:12.000Z,2026-09-29T19:46:12.000Z,bfc25b45-68d7-4a2c-a296-319db7604bb1,-113.9256632,51.1037005
6925,SB Applewood DR @ Appleside CL SE,ACTIVE,2026-09-29T19:46:12.000Z,2026-09-29T19:46:12.000Z,fa89fefc-9567-4c9b-b398-492e761eaf94,-113.9256996,51.0482556
6926,SB Applewood DR @ Appleburn CL SE,ACTIVE,2026-09-29T19:46:12.000Z,2026-09-29T19:46:12.000Z,aed23658-f280-47f5-baf6-158770549eec,-113.9258014,51.0465042
7286,SB Coral Springs BV @ Coral Springs LD NE,ACTIVE,2026-09-29T19:46:12.000Z,2026-09-29T19:46:12.000Z,08b99bf2-8c73-4d98-96eb-390885e006e0,-113.9258108,51.0997555
6927,SB Applewood DR @ Applemont CL SE,ACTIVE,2026-09-29T19:46:12.000Z,2026-09-29T19:46:12.000Z,3a1d76b5-11a3-46a7-bc94-055b2d44408f,-113.9258724,51.0443562
7602,NB Coral Springs BV @ Coral Shores DR NE,ACTIVE,2026-09-29T19:46:12.000Z,2026-09-29T19:46:12.000Z,91b4b3a8-a54e-4c5a-aec8-9811f1bca768,-113.9259001,51.1044353
3465,WB Masters AV @ Marine DR SE,ACTIVE,2026-09-29T19:46:12.000Z,2026-09-29T19:46:12.000Z,0e99116a-f80b-4ad6-87de-8069d8f63291,-113.9260672,50.8928629
6966,NB  California BV @ California PL NE,ACTIVE,2026-09-29T19:46:12.000Z,2026-09-29T19:46:12.000Z,47670075-93ed-440e-ad5d-b99310e4cdb2,-113.9260985,51.0771224
2807,SB 74 ST SE @ N. of 107 AV SE,ACTIVE,2026-09-29T19:46:12.000Z,2026-09-29T19:46:12.000Z,94430f97-d8b3-4a10-8ac9-afec7fde1479,-113.9261035,50.9603428
2650,WB Copperfield BV @ Copperstone RD SE,ACTIVE,2026-09-29T19:46:12.000Z,2026-09-29T19:46:12.000Z,33098323-7e3d-4e9d-940e-8c8cc42ed482,-113.9262187,50.9128185
3590,WB Mahogany BV @ Mahogany WY SE,ACTIVE,2026-09-29T19:46:12.000Z,2026-09-29T19:46:12.000Z,00c8dec9-3365-4646-80c2-4ea35c1738a3,-113.9262691,50.9023619
6965,NB California BV @ Del Ray GA NE,ACTIVE,2026-09-29T19:46:12.000Z,2026-09-29T19:46:12.000Z,a5013484-0508-414c-b42a-341aa4d30a0f,-113.9263254,51.0734854
7654,SB California BV @ 400 California PL NE,ACTIVE,2026-09-29T19:46:12.000Z,2026-09-29T19:46:12.000Z,6a5297f2-e249-4e57-a57e-7089bbed5b72,-113.9263516,51.0763195
7655,SB California BV @ 300 California PL NE,ACTIVE,2026-09-29T19:46:12.000Z,2026-09-29T19:46:12.000Z,5d4e73a3-fdf3-41b3-b7c1-7445208f163f,-113.9265142,51.0738681
4368,NB Abbeydale DR @ Aberdare CR NE,ACTIVE,2026-09-29T19:46:12.000Z,2026-09-29T19:46:12.000Z,c619e983-0893-497c-a42a-9a9f605f06cb,-113.9266044,51.0589386
7656,SB California BV @ 200 California  PL NE,ACTIVE,2026-09-29T19:46:12.000Z,2026-09-29T19:46:12.000Z,721693dd-2fdd-4902-bc32-438448df0ed4,-113.9266582,51.071911
4363,SB Abbeydale DR @ Abergale DR NE,ACTIVE,2026-09-29T19:46:12.000Z,2026-09-29T19:46:12.000Z,faff33dc-9ccf-4cd1-91ca-f17139cea385,-113.9267476,51.0582858
8527,SB Coral Springs BV @ Coral Keys DR NE,ACTIVE,2026-09-29T19:46:12.000Z,2026-09-29T19:46:12.000Z,8e06f5e6-2201-4d7a-85db-48176a0ce55e,-113.9268425,51.1055215
7702,SB Laguna WY @ Los Alamos CR NE,ACTIVE,2026-09-29T19:46:12.000Z,2026-09-29T19:46:12.000Z,f2a24208-f922-463b-8e62-4d4c3b877b25,-113.9269058,51.0903575
9660,NB Taradale DR @ Taralake WY NE,ACTIVE,2026-09-29T19:46:12.000Z,2026-09-29T19:46:12.000Z,5aeb3318-b822-4897-8681-a9c56c0e62a8,-113.9269872,51.1192698
9659,NB Taradale DR @ Tarington WY NE,ACTIVE,2026-09-29T19:46:12.000Z,2026-09-29T19:46:12.000Z,d9de11f7-6ea5-4bf8-b70d-6a59cd7e7d05,-113.9270001,51.1169224
6176,SB Abbotsford DR@ Abingdon CR NE,ACTIVE,2026-09-29T19:46:12.000Z,2026-09-29T19:46:12.000Z,6e8df3f1-1022-4615-966f-d0f5e1f93255,-113.9270006,51.0620074
6986,SB Coral Springs BV @ Coral Springs CL NE,ACTIVE,2026-09-29T19:46:12.000Z,2026-09-29T19:46:12.000Z,33dd4f24-7e01-4b84-8bb9-8c416d3faee0,-113.9270543,51.107497
6928,WB Applewood DR @ Applestone PA SE,ACTIVE,2026-09-29T19:46:12.000Z,2026-09-29T19:46:12.000Z,6aa21322-bb92-44a2-9e27-c8cb8001be13,-113.9271493,51.042312
7795,SB Taradale DR @ Taravista WY NE,ACTIVE,2026-09-29T19:46:12.000Z,2026-09-29T19:46:12.000Z,242f270f-2b90-466b-9501-a3e1230811c7,-113.9272553,51.1163085
6967,WB California BV @ Burroughs MR NE,ACTIVE,2026-09-29T19:46:12.000Z,2026-09-29T19:46:12.000Z,1262ba98-7ab8-4617-b645-77823cf75dae,-113.9273254,51.078432
7809,SB Laguna WY @ Anaheim PL NE,ACTIVE,2026-09-29T19:46:12.000Z,2026-09-29T19:46:12.000Z,d65d114e-0aae-4d33-bad9-b7005cca4d24,-113.9273641,51.0851704
7791,SB Laguna WY @ Anaheim GD NE,ACTIVE,2026-09-29T19:46:12.000Z,2026-09-29T19:46:12.000Z,c6823cd2-2674-4098-8578-38e4b78c3582,-113.9273821,51.0879143
2511,SB Abbeydale DR @ Abbotsford DR NE,ACTIVE,2026-09-29T19:46:12.000Z,2026-09-29T19:46:12.000Z,e05da849-18fa-452e-9365-e02019cb070c,-113.9273837,51.0608139
8348,SB Taradale DR @ Taralake WY NE,ACTIVE,2026-09-29T19:46:12.000Z,2026-09-29T19:46:12.000Z,851576c3-f68b-44f7-8c9d-ec05c8674bb8,-113.9273844,51.1186686
2651,WB Copperfield BV @ Copperleaf PS SE,ACTIVE,2026-09-29T19:46:12.000Z,2026-09-29T19:46:12.000Z,6ca94e52-57ff-4ca1-bb9c-1f78e86436e5,-113.9274474,50.9112524
7443,EB Coral Springs BV @ Coral Sands TC NE,ACTIVE,2026-09-29T19:46:12.000Z,2026-09-29T19:46:12.000Z,082375e1-dd48-49eb-9711-12f2a4712599,-113.9274949,51.0989183
7603,NB Coral Springs BV @ Coral Reef LI NE,ACTIVE,2026-09-29T19:46:12.000Z,2026-09-29T19:46:12.000Z,cc3cca03-187f-4e23-b14c-1bb19e5068c6,-113.9274987,51.1083362
6924,EB Applewood DR @ Appleridge GR SE,ACTIVE,2026-09-29T19:46:12.000Z,2026-09-29T19:46:12.000Z,39a53e2d-6443-410d-ba57-58ef0b1d8ea5,-113.9275603,51.0492491
7697,EB Laguna WY @ Los Alamos PL NE,ACTIVE,2026-09-29T19:46:12.000Z,2026-09-29T19:46:12.000Z,dd9d507c-f501-4699-a278-71e45349d49e,-113.9276071,51.0922739
1967,WB Cornerstone BV @ Cornerbrook DR NE,ACTIVE,2026-09-29T19:46:12.000Z,2026-09-29T19:46:12.000Z,5bbc197f-66a6-4815-8dcd-6e3d5d1b099f,-113.9277369,51.1581282
7653,EB California BV @ acr Burroughs MR NE,ACTIVE,2026-09-29T19:46:12.000Z,2026-09-29T19:46:12.000Z,e5810d03-f4b1-4f01-a55e-041fe70f85ca,-113.9278878,51.0783479
6155,WB Abbeydale DR @ Abbotsford DR NE,ACTIVE,2026-09-29T19:46:12.000Z,2026-09-29T19:46:12.000Z,bb8848d5-cc4e-4e38-8dd3-9454c856f784,-113.9279804,51.0612236
9658,NB Taradale DR @ Tarington GDN NE,ACTIVE,2026-09-29T19:46:12.000Z,2026-09-29T19:46:12.000Z,1dd5140e-e55d-4ff7-9cf3-625a0b12f515,-113.9280824,51.1146121
2806,SB 74 ST SE @ 106 AV SE,ACTIVE,2026-09-29T19:46:12.000Z,2026-09-29T19:46:12.000Z,c33535f2-a4e8-4730-9a6a-df7a55deff5a,-113.9280899,50.9618622
4367,NB Abbeydale DR @ Abalone CR NE,ACTIVE,2026-09-29T19:46:12.000Z,2026-09-29T19:46:12.000Z,3c62a19a-8d0a-4b44-b134-13e1c8dfa4db,-113.9280925,51.0565131
2694,SB 74 ST SE @ 104 AV SE,ACTIVE,2026-09-29T19:46:12.000Z,2026-09-29T19:46:12.000Z,00a91300-c976-4e1f-9b35-a837cc552501,-113.9281107,50.9644381
6964,EB California BV @ Del Ray RD NE,ACTIVE,2026-09-29T19:46:12.000Z,2026-09-29T19:46:12.000Z,95e3d894-8a92-4e37-ad19-40b12b8e4807,-113.9281264,51.0708702
9540,SB Taradale DR @ Taralake RD NE,ACTIVE,2026-09-29T19:46:12.000Z,2026-09-29T19:46:12.000Z,0f13e349-e448-4623-aca1-724a1479420f,-113.9282004,51.1201562
7657,WB California BV @ Del Ray RD,ACTIVE,2026-09-29T19:46:12.000Z,2026-09-29T19:46:12.000Z,62a97791-f3bc-4a6b-862d-4487c499ca78,-113.9284744,51.0710053
9661,NB Taradale RD @ Taralake RD NE,ACTIVE,2026-09-29T19:46:12.000Z,2026-09-29T19:46:12.000Z,ae9a898b-0dba-4e37-b3a7-0687dffd7234,-113.9286218,51.120698
4364,EB Abbotsford DR @ Abingdon CR NE,ACTIVE,2026-09-29T19:46:12.000Z,2026-09-29T19:46:12.000Z,1e221299-0cac-4591-ac04-eb0d5f16df1f,-113.9286807,51.0637967
2808,WB 107 AV SE @ 74 ST SE,ACTIVE,2026-09-29T19:46:12.000Z,2026-09-29T19:46:12.000Z,18c62356-0298-420a-8348-9380184fdd84,-113.9287516,50.9588716
7269,WB Coral Springs BV @ Coral Sands TC NE,ACTIVE,2026-09-29T19:46:12.000Z,2026-09-29T19:46:12.000Z,257d7468-f607-459c-95da-87390f7122ee,-113.928933,51.0987762
8638,WB Taradale DR @ Taravista ME NE,ACTIVE,2026-09-29T19:46:12.000Z,2026-09-29T19:46:12.000Z,67509e50-ebd3-4f95-af57-80d00276a564,-113.9289878,51.1143211
6177,SB Abbeydale DR @ Abergale DR NE,ACTIVE,2026-09-29T19:46:12.000Z,2026-09-29T19:46:12.000Z,6a3a73db-8d35-470c-97f3-13de64d3dc0a,-113.9289896,51.056114
8587,NB Saddlebrook DR @ Saddlestone DR NE,ACTIVE,2026-09-29T19:46:12.000Z,2026-09-29T19:46:12.000Z,62231dc4-d9ab-4d05-887b-c7a78d44c418,-113.9292991,51.1292935
4086,NB Saddlebrook DR @ Saddlelake WY NE,ACTIVE,2026-09-29T19:46:12.000Z,2026-09-29T19:46:12.000Z,90164a1b-8671-4212-bc64-676fd9bbb577,-113.9293526,51.1316327
8679,NB Saddlebrook DR @ Saddlelstone GR NE,ACTIVE,2026-09-29T19:46:12.000Z,2026-09-29T19:46:12.000Z,eca855ff-04b7-4ffb-9da6-3f12155af7ed,-113.9293586,51.1276651
9591,SB Saddlebrook DR @ Saddlelake PL NE,ACTIVE,2026-09-29T19:46:12.000Z,2026-09-29T19:46:12.000Z,1631620f-f1e6-46e5-93bd-30137bf2630a,-113.9295403,51.1271455
9583,SB Saddlebrook DR @ Saddlestone DR NE,ACTIVE,2026-09-29T19:46:12.000Z,2026-09-29T19:46:12.000Z,108e5bb0-8e49-4995-a956-f8f8e86c6e8b,-113.9295517,51.1286965
9539,SB Taradale DR @ Taravista DR NE,ACTIVE,2026-09-29T19:46:12.000Z,2026-09-29T19:46:12.000Z,32909f6d-d7c3-4c8f-a768-7070a332baed,-113.9295699,51.1212716
7694,EB Laguna WY @ San Diego MR NE,ACTIVE,2026-09-29T19:46:12.000Z,2026-09-29T19:46:12.000Z,4134ce1c-1912-4e64-915a-495561108a62,-113.9295808,51.0928835
8575,NB Saddlebrook DR @ Saddlestone WY NE,ACTIVE,2026-09-29T19:46:12.000Z,2026-09-29T19:46:12.000Z,bb91f876-6b72-4fd9-bd77-8961860deee7,-113.9296276,51.1264336
2178,EB 17th AV SE @ 70th ST SE,ACTIVE,2026-09-29T19:46:12.000Z,2026-09-29T19:46:12.000Z,6cee137e-c66f-4725-9519-5397d0ffee28,-113.9296603,51.0376997
1811,SB Saddlebrook DR NE @ Saddlelake DR NE,ACTIVE,2026-09-29T19:46:12.000Z,2026-09-29T19:46:12.000Z,018c4bd8-0dae-4a6d-ba6b-7fa49f52ef75,-113.9297604,51.131907
9511,NB Taradale DR @ 80 AV NE,ACTIVE,2026-09-29T19:46:12.000Z,2026-09-29T19:46:12.000Z,31664811-1ab5-439e-bce0-e30cae06620f,-113.9297941,51.1245697
3513,EB Copperpond BV @ Copperpond RD SE,ACTIVE,2026-09-29T19:46:12.000Z,2026-09-29T19:46:12.000Z,1dfd7c8a-7265-41a3-b13f-ba3d8c2fdd7e,-113.9298472,50.924007
9596,SB Saddlebrook DR @ Saddlelake DR NE,ACTIVE,2026-09-29T19:46:12.000Z,2026-09-29T19:46:12.000Z,c9bfedd7-9ef3-4eef-b072-13736d9a017e,-113.930101,51.125632
9662,NB Taradale RD @ Taralake GATE NE,ACTIVE,2026-09-29T19:46:12.000Z,2026-09-29T19:46:12.000Z,c484b7d4-694d-4f75-9cd6-55293370537c,-113.9301435,51.1218894
9576,EB Saddlemont BV @ Saddlelake GR NE,ACTIVE,2026-09-29T19:46:12.000Z,2026-09-29T19:46:12.000Z,fb85af2b-91ef-4889-a912-5b6c159e663d,-113.9302242,51.1296353
2736,"EB Mahogany RD SE @ Marina CA SE, nearside",ACTIVE,2026-09-29T19:46:12.000Z,2026-09-29T19:46:12.000Z,9be842e4-6890-403d-b24d-7b3b91d5912b,-113.9302309,50.8945171
1823,SB Corner Meadows AV NE @ Cornerstone WY NE,ACTIVE,2026-09-29T19:46:12.000Z,2026-09-29T19:46:12.000Z,107a1cbb-0b64-41eb-8f73-5290f582ab52,-113.9302927,51.1502087
6172,NB Abbeydale DR @ 4 AV NE,ACTIVE,2026-09-29T19:46:12.000Z,2026-09-29T19:46:12.000Z,db82fc5d-864a-436d-afc6-e2ea9076e9ca,-113.9303872,51.0550533
2735,"WB Mahogany RD SE @ Marina CA SE, farside",ACTIVE,2026-09-29T19:46:12.000Z,2026-09-29T19:46:12.000Z,0197ce38-f90b-4bb9-9898-b157e55dfd81,-113.9304576,50.8946814
7652,EB California BV @ Catalina BV NE,ACTIVE,2026-09-29T19:46:12.000Z,2026-09-29T19:46:12.000Z,b03b028d-a05b-430b-ad91-9a60902d3c08,-113.9306883,51.0781067
6956,EB Coral Springs BV @ Coral Sands PL NE,ACTIVE,2026-09-29T19:46:12.000Z,2026-09-29T19:46:12.000Z,1edcc97c-a14e-4c5b-897b-9e36168c2da2,-113.9307465,51.098572
9663,NB Taradale RD @ Taralake VIEW NE,ACTIVE,2026-09-29T19:46:12.000Z,2026-09-29T19:46:12.000Z,375be268-35ee-455d-85a4-769dd446e395,-113.9307943,51.1232827
9543,SB Saddlebrook DR @ Saddlecrest BV NE,ACTIVE,2026-09-29T19:46:12.000Z,2026-09-29T19:46:12.000Z,c0d1c78c-8d40-4e22-9ef5-b1d44297611d,-113.9308219,51.1360114
9546,WB Saddlecrest BV @ Saddlebrook CM NE,ACTIVE,2026-09-29T19:46:12.000Z,2026-09-29T19:46:12.000Z,95c0c9c7-53d9-467f-bf5c-d4a2f39d9edd,-113.9308236,51.1366321
9657,EB Taradale DR @ Tarington RD NE,ACTIVE,2026-09-29T19:46:12.000Z,2026-09-29T19:46:12.000Z,a0438bf9-5e47-4e9b-871d-cbfded5e0380,-113.9308643,51.1140376
9544,SB Saddlebrook DR @ Saddlebrook LI NE,ACTIVE,2026-09-29T19:46:12.000Z,2026-09-29T19:46:12.000Z,1fd571ca-50f5-4ecb-a3bd-52bffa9f30e7,-113.930881,51.1336113
4365,EB Abbotsford DR @ Aboyne WY NE,ACTIVE,2026-09-29T19:46:12.000Z,2026-09-29T19:46:12.000Z,9a0e97ce-16e0-404b-b940-2014328ddc42,-113.9310005,51.063255
2180,WB 17th AV SE @ 70th ST SE,ACTIVE,2026-09-29T19:46:12.000Z,2026-09-29T19:46:12.000Z,883f0aad-260d-42dd-90fb-bf2c081db6d9,-113.9310064,51.0379482
9538,SB Taradale DR @ Taralake VW NE,ACTIVE,2026-09-29T19:46:12.000Z,2026-09-29T19:46:12.000Z,27d06fcd-5f4b-49a4-9088-1288e11e6b4c,-113.931015,51.1225419
9545,NB Saddlebrook DR @ Saddlebrook CI NE,ACTIVE,2026-09-29T19:46:12.000Z,2026-09-29T19:46:12.000Z,38425f34-6093-4632-87cd-02a335fb69f8,-113.9310333,51.134226
1968,WB Cornerstone BV @ Cornerbrook GR NE,ACTIVE,2026-09-29T19:46:12.000Z,2026-09-29T19:46:12.000Z,923e9f7e-ce90-414e-b0af-e18cd368d7d6,-113.9311259,51.1581228
1963,WB Corner Meadows AV @ Corner Meadows Link NE,ACTIVE,2026-09-29T19:46:12.000Z,2026-09-29T19:46:12.000Z,0f31d1a7-cc60-4607-8c73-1cac41eb985e,-113.9311416,51.1483007
4360,SB Abbeydale DR @ 4 AV NE,ACTIVE,2026-09-29T19:46:12.000Z,2026-09-29T19:46:12.000Z,729e1c1d-76ba-4697-99ab-1985c5058506,-113.9311678,51.054687
4369,NB Abbeydale DR @ Memorial DR E,ACTIVE,2026-09-29T19:46:12.000Z,2026-09-29T19:46:12.000Z,b3d12aca-2aa4-44b7-b5c5-1ebd046a4a5b,-113.9311774,51.0530322
1992,WB 80 AV NE @ Saddlebrook DR NE,ACTIVE,2026-09-29T19:46:12.000Z,2026-09-29T19:46:12.000Z,d9789fb4-c6f7-4933-a99e-0a8f83155ca7,-113.9311782,51.1252969
2652,WB Copperfield BV @ Copperstone GV SE,ACTIVE,2026-09-29T19:46:12.000Z,2026-09-29T19:46:12.000Z,0d6dc7a2-c2e2-4943-b551-94e14ad553bc,-113.9313136,50.9104241
7659,NB Catalina BV @ 26 AV NE,ACTIVE,2026-09-29T19:46:12.000Z,2026-09-29T19:46:12.000Z,d0107853-46f5-4098-b021-d5c3097178ae,-113.93134,51.0764597
6923,NB Applewood DR @ Applewood WY SE,ACTIVE,2026-09-29T19:46:12.000Z,2026-09-29T19:46:12.000Z,4de1708b-7f2c-4b5c-979e-22134422cca9,-113.9313557,51.0468842
9559,WB Saddlemont BV @ Saddlelake GR NE,ACTIVE,2026-09-29T19:46:12.000Z,2026-09-29T19:46:12.000Z,86be38a6-2934-4506-95a8-e931995e3ae5,-113.9313623,51.1297839
7649,SB Catalina BV @ California BV NE,ACTIVE,2026-09-29T19:46:12.000Z,2026-09-29T19:46:12.000Z,2750f471-ba8e-4abc-b114-41017949d3a7,-113.9315222,51.0778048
6963,SB California BV @ W. of Eldorado CL NE,ACTIVE,2026-09-29T19:46:12.000Z,2026-09-29T19:46:12.000Z,0510b508-7e48-4ca3-a70e-be7639446da4,-113.9315963,51.0710784
7271,WB Coral Springs BV @ Coral Shores DR NE,ACTIVE,2026-09-29T19:46:12.000Z,2026-09-29T19:46:12.000Z,51bace60-104e-4d01-ab32-86ad3420a616,-113.9317994,51.0990674
6847,WB Laguna WY @ Catalina BV NE,ACTIVE,2026-09-29T19:46:12.000Z,2026-09-29T19:46:12.000Z,5fa246e4-ebb1-46dd-bcde-b2c24b9d709b,-113.9318699,51.0842004
9537,EB 80 AV NE @ Taradale DR,ACTIVE,2026-09-29T19:46:12.000Z,2026-09-29T19:46:12.000Z,e8f2cc99-475f-49f2-84ab-00497dfa8937,-113.9318831,51.1250995
3524,NB McIvor BV @ Copperfield BV SE,ACTIVE,2026-09-29T19:46:12.000Z,2026-09-29T19:46:12.000Z,c9e4c88a-9491-494d-9dda-a5ead3f9afe0,-113.9319729,50.9195833
4361,WB Memorial DR @ Abbeydale DR NE,ACTIVE,2026-09-29T19:46:12.000Z,2026-09-29T19:46:12.000Z,53f95e6d-b871-475e-b592-7f96687dd6ee,-113.9320073,51.0525682
4725,WB Taradale DR @ Tarington RD NE,ACTIVE,2026-09-29T19:46:12.000Z,2026-09-29T19:46:12.000Z,84ff21bc-9b59-4b49-a895-d3bed361dde2,-113.9320419,51.1141675
7650,WB 26 AV NE @ Catalina BV,ACTIVE,2026-09-29T19:46:12.000Z,2026-09-29T19:46:12.000Z,a144abed-21fc-4806-8a5d-73d51b21adff,-113.932042,51.0762083
1965,EB Cornerstone AV @ Cornerbrook ST NE,ACTIVE,2026-09-29T19:46:12.000Z,2026-09-29T19:46:12.000Z,7ba765c8-7b51-474f-a0c6-40aab012a357,-113.9321219,51.1611335
4374,WB Abbeydale DR @ Aboyne WY NE,ACTIVE,2026-09-29T19:46:12.000Z,2026-09-29T19:46:12.000Z,b903df2e-3695-4892-a73c-3914e8cb1335,-113.9321457,51.0600144
3511,EB Copperpond BV @ McIvor BV SE,ACTIVE,2026-09-29T19:46:12.000Z,2026-09-29T19:46:12.000Z,aec0c509-2280-47a1-bf90-8852c754b17f,-113.9323589,50.9230377
7003,EB Coral Springs BV @ Coral Keys DR NE,ACTIVE,2026-09-29T19:46:12.000Z,2026-09-29T19:46:12.000Z,299e3d44-17d9-4bcc-8ac9-1d2e8886437d,-113.932462,51.1080439
6934,WB Applewood DR @ Appletree CR SE,ACTIVE,2026-09-29T19:46:12.000Z,2026-09-29T19:46:12.000Z,db3480da-f50c-4412-bcba-095cda871272,-113.9324841,51.0425512
7658,WB California BV @ Catalina BV NE,ACTIVE,2026-09-29T19:46:12.000Z,2026-09-29T19:46:12.000Z,27a143fe-b849-42c5-bee5-7c17c68fec09,-113.9327263,51.0725563
3605,EB Mahogany BV @ Mahogany HT SE,ACTIVE,2026-09-29T19:46:12.000Z,2026-09-29T19:46:12.000Z,e4a39206-3ab0-4245-be9f-821fb61b2c90,-113.9327468,50.9024371
7467,NB Laguna WY @ 43 AV NE,ACTIVE,2026-09-29T19:46:12.000Z,2026-09-29T19:46:12.000Z,be1bf46b-d53c-4214-9a8d-ac8fe17cb7c7,-113.9332199,51.0920706
9542,EB Saddlecrest BV @ Saddlebrook WY NE,ACTIVE,2026-09-29T19:46:12.000Z,2026-09-29T19:46:12.000Z,c08a8722-e8c2-43ce-a53b-d985194f15e4,-113.9334521,51.1370969
3589,WB Mahogany BV @ Mahogany HT SE,ACTIVE,2026-09-29T19:46:12.000Z,2026-09-29T19:46:12.000Z,e08c09ca-8ad1-4f33-9508-af0a3b62b396,-113.9335771,50.9025515
1990,WB @ 7130 - 80 AV NE,ACTIVE,2026-09-29T19:46:12.000Z,2026-09-29T19:46:12.000Z,fa9dce8c-3048-43a7-a4cc-86cbeee8f3d4,-113.9336271,51.1252919
9656,EB Taradale DR @ Tarington CL NE,ACTIVE,2026-09-29T19:46:12.000Z,2026-09-29T19:46:12.000Z,3667e1de-7562-4553-9593-a4cc11c13faf,-113.9337092,51.1140224
7604,WB Coral Springs BV @ Coral Springs CL NE,ACTIVE,2026-09-29T19:46:12.000Z,2026-09-29T19:46:12.000Z,94e97f72-ae42-47f9-b11a-c12ce528e893,-113.9337184,51.1080589
6080,EB Coral Springs BV @ 68 ST NE,ACTIVE,2026-09-29T19:46:12.000Z,2026-09-29T19:46:12.000Z,f9685f04-f6b4-4898-ade8-cf24d24047f2,-113.9337871,51.0990386
9558,EB Saddlemont BV @ Saddlelake DR NE,ACTIVE,2026-09-29T19:46:12.000Z,2026-09-29T19:46:12.000Z,7856b6f3-fcd2-4ef5-b3eb-03964deb7716,-113.9339032,51.1296878
7360,EB 32 AV NE @ 68 ST NE,ACTIVE,2026-09-29T19:46:12.000Z,2026-09-29T19:46:12.000Z,924e28d0-2237-4069-a15d-ee9941cde30b,-113.9340257,51.0814056
2177,EB 17 AV SE @ 68 ST SE,ACTIVE,2026-09-29T19:46:12.000Z,2026-09-29T19:46:12.000Z,7c5c844f-22f2-47fe-ad42-93ec73cfb443,-113.9340763,51.0377159
2693,EB 100 AV SE @ 68 ST SE,ACTIVE,2026-09-29T19:46:12.000Z,2026-09-29T19:46:12.000Z,e0c21735-197e-4c9a-9405-faa45da4a026,-113.9340978,50.9672905
7651,EB 26 AV NE @ East of 68 ST NE,ACTIVE,2026-09-29T19:46:12.000Z,2026-09-29T19:46:12.000Z,c59de63e-f00a-4d08-9fc1-2e13a91d1d8c,-113.9341629,51.0760931
6170,EB Memorial DR @ 68 ST SE,ACTIVE,2026-09-29T19:46:12.000Z,2026-09-29T19:46:12.000Z,ed260f8a-d4a3-496b-bb8f-0daa29034bc1,-113.9341936,51.0523108
6922,EB Applewood DR @ 68 ST SE,ACTIVE,2026-09-29T19:46:12.000Z,2026-09-29T19:46:12.000Z,fc9c0ea3-3cfa-4c28-8661-cdfac83f2782,-113.9342172,51.0454752
7691,EB 43 AV NE @ 68 ST NE,ACTIVE,2026-09-29T19:46:12.000Z,2026-09-29T19:46:12.000Z,e09cc508-effa-492d-9e10-a5a468bdaea0,-113.9342358,51.0916115
9853,EB McIvor BV @ Copperstone ST SE,ACTIVE,2026-09-29T19:46:12.000Z,2026-09-29T19:46:12.000Z,8dc27bb4-fcfe-4a35-989e-e5eea2ed1044,-113.9342498,50.9159272
6705,EB California BV @ 68 ST NE,ACTIVE,2026-09-29T19:46:12.000Z,2026-09-29T19:46:12.000Z,ee76d55a-d250-45e0-837b-de7b2a2b09b9,-113.9343274,51.0725263
4366,EB Abbotsford DR @ 68 ST NE,ACTIVE,2026-09-29T19:46:12.000Z,2026-09-29T19:46:12.000Z,4a928b22-e026-4143-be96-462077f3c04f,-113.9344182,51.0627331
1962,EB Cornerstone WY @ Cornerstone DR NE,ACTIVE,2026-09-29T19:46:12.000Z,2026-09-29T19:46:12.000Z,6c828a6f-f7c6-4d0d-a7a7-ba8db05f0319,-113.9344268,51.1505619
2851,WB Abbeydale DR @ 68 ST NE,ACTIVE,2026-09-29T19:46:12.000Z,2026-09-29T19:46:12.000Z,2577c800-1e2c-46f2-995a-49497ceca5ba,-113.9345364,51.0597147
9547,WB Saddlecrest BV @ 68 ST NE,ACTIVE,2026-09-29T19:46:12.000Z,2026-09-29T19:46:12.000Z,38775623-d161-4f66-8940-7c43942aa67d,-113.9345814,51.1373154
4724,WB Taradale DR @ Taravista ST NE,ACTIVE,2026-09-29T19:46:12.000Z,2026-09-29T19:46:12.000Z,1918ce61-6ac3-4730-ae08-d287bbea6d24,-113.9346281,51.1141724
2318,NB 68 ST NE @ 32 AV NE,ACTIVE,2026-09-29T19:46:12.000Z,2026-09-29T19:46:12.000Z,3c14903d-d5e4-4e71-b27c-ef7f48ea6c9b,-113.9348274,51.0820662
2323,NB 68 ST NE @ Faldale CL,ACTIVE,2026-09-29T19:46:12.000Z,2026-09-29T19:46:12.000Z,168a4bac-834d-49da-a687-4d7d5242f07b,-113.9348414,51.1051461
2324,NB 68 ST NE @ Falshire DR,ACTIVE,2026-09-29T19:46:12.000Z,2026-09-29T19:46:12.000Z,1f4db6b0-c603-467f-a87a-642b1b4cdbfe,-113.9348444,51.1082306
2316,NB 68 ST NE @ California BV,ACTIVE,2026-09-29T19:46:12.000Z,2026-09-29T19:46:12.000Z,17b5601c-c3bd-4480-a870-8b71e7314ed5,-113.934862,51.0728192
2313,NB 68 ST NE @ 4 AV SE,ACTIVE,2026-09-29T19:46:12.000Z,2026-09-29T19:46:12.000Z,1a834623-1a5e-470d-9fb0-40de8424a151,-113.9348752,51.0559484
2853,NB 68 ST E @ Memorial DR,ACTIVE,2026-09-29T19:46:12.000Z,2026-09-29T19:46:12.000Z,d58396e6-8c18-430f-8a01-64f50722b8cd,-113.9348909,51.0528167
2317,NB 68 ST NE @ 26 AV NE,ACTIVE,2026-09-29T19:46:12.000Z,2026-09-29T19:46:12.000Z,b0d85fbc-2e77-43a5-b0a4-372d6a259841,-113.9348929,51.0762831
2856,NB 68 ST SE @ Applewood DR (S. Leg) SE,ACTIVE,2026-09-29T19:46:12.000Z,2026-09-29T19:46:12.000Z,c181189d-ec99-4a0d-89bc-417718718e2f,-113.9348978,51.0428835
2311,NB 68 ST SE @ N Leg of Applewood Dr SE,ACTIVE,2026-09-29T19:46:12.000Z,2026-09-29T19:46:12.000Z,3cac64f2-23e0-4724-8139-39ac66cb4ab0,-113.9349032,51.0457828
2322,NB 68 ST NE @ Falton CL,ACTIVE,2026-09-29T19:46:12.000Z,2026-09-29T19:46:12.000Z,433cc39b-ecac-48eb-ba54-bfd54cdeb18b,-113.9349117,51.1036305
7688,NB 68 ST NE @ Laguna WY,ACTIVE,2026-09-29T19:46:12.000Z,2026-09-29T19:46:12.000Z,063ff90c-98c8-4b3f-b63b-93aa2b2267b9,-113.9349149,51.0848021
8823,NB 68 ST SE @ 14 AV SE,ACTIVE,2026-09-29T19:46:12.000Z,2026-09-29T19:46:12.000Z,ee4df393-4f8c-480d-af13-6aed8560002e,-113.934918,51.040915
2314,NB 68 ST NE @ Abbotsford Dr,ACTIVE,2026-09-29T19:46:12.000Z,2026-09-29T19:46:12.000Z,28859383-091e-497c-8046-6471d3d3013c,-113.934927,51.0630046
2312,NB 68 ST NE @ Abbercove Dr,ACTIVE,2026-09-29T19:46:12.000Z,2026-09-29T19:46:12.000Z,daa55a29-3977-43de-a9e5-9f16f5215b82,-113.9349282,51.0501353
2319,NB 68 ST NE @ 37 AV NE,ACTIVE,2026-09-29T19:46:12.000Z,2026-09-29T19:46:12.000Z,0d5b4963-fbfc-4ae8-a581-84bf3058b30e,-113.9349312,51.0867364
2320,NB 68 ST NE @ 43 AV NE,ACTIVE,2026-09-29T19:46:12.000Z,2026-09-29T19:46:12.000Z,0e0d768e-f74e-4d57-ac6b-cf9daf300986,-113.9349339,51.0919195
2321,NB 68 ST NE @ Falconridge Dr,ACTIVE,2026-09-29T19:46:12.000Z,2026-09-29T19:46:12.000Z,f6c6988e-b389-4c49-9656-7bf80e47b338,-113.9349542,51.10165
2315,NB 68 ST NE @ Monterey Square,ACTIVE,2026-09-29T19:46:12.000Z,2026-09-29T19:46:12.000Z,a002cf1a-b536-4aae-8685-e9c2dbbfa298,-113.9349558,51.0705162
7274,NB 68 ST NE @ Coral Springs BV,ACTIVE,2026-09-29T19:46:12.000Z,2026-09-29T19:46:12.000Z,941f0af9-6052-4a69-b27d-275ad7f3f766,-113.9349648,51.0995913
9812,NB 68 ST SE @ 16 AV SE,ACTIVE,2026-09-29T19:46:12.000Z,2026-09-29T19:46:12.000Z,c14373b1-62f8-4c24-a7fd-95f6205b701a,-113.9349716,51.03913
2692,NB 68 ST SE @ 106 AV SE,ACTIVE,2026-09-29T19:46:12.000Z,2026-09-29T19:46:12.000Z,800a98ce-bfc5-41b7-8194-ca52ee404988,-113.9349762,50.9631029
2809,NB 68 ST SE @ 107 AV SE,ACTIVE,2026-09-29T19:46:12.000Z,2026-09-29T19:46:12.000Z,07e4c10f-823d-4d28-b142-226217f07c1d,-113.9349778,50.9601157
6175,NB 68 ST NE @ Abbeydale DR NE,ACTIVE,2026-09-29T19:46:12.000Z,2026-09-29T19:46:12.000Z,5383e539-83de-4b7d-9a7a-7002433c7477,-113.9349816,51.0600403
1944,NB Cornerstone DR @ Corner Meadows AV NE,ACTIVE,2026-09-29T19:46:12.000Z,2026-09-29T19:46:12.000Z,9d565f54-1f52-4c2c-88bc-a8016ab7b448,-113.9350242,51.1486482
2341,SB 68 ST @ Applewood DR (S. Leg) SE,ACTIVE,2026-09-29T19:46:12.000Z,2026-09-29T19:46:12.000Z,6e993aca-f1ba-4a9e-a16c-ebd48354580c,-113.9353285,51.0422814
2327,SB 68 ST NE @ Falton CL,ACTIVE,2026-09-29T19:46:12.000Z,2026-09-29T19:46:12.000Z,920e136d-7d20-413e-ad4a-31c1055f2104,-113.9353291,51.1031314
2342,SB 68 ST SE @ 14 AV SE,ACTIVE,2026-09-29T19:46:12.000Z,2026-09-29T19:46:12.000Z,c3c32e65-cdfa-4a34-9dd6-3d7170c3da84,-113.9353314,51.0400983
2855,SB 68 ST NE @ 64 AV NE,ACTIVE,2026-09-29T19:46:12.000Z,2026-09-29T19:46:12.000Z,4197fb23-6a3f-4dc3-9247-d80656ff8849,-113.9353378,51.1101235
2334,SB 68 ST NE @ Pinetree CR,ACTIVE,2026-09-29T19:46:12.000Z,2026-09-29T19:46:12.000Z,2069cc0e-16a9-4ea6-a095-a09c335542af,-113.935356,51.0698404
2333,SB 68 ST NE @ 22 AV NE,ACTIVE,2026-09-29T19:46:12.000Z,2026-09-29T19:46:12.000Z,bae0dd37-21e3-4b56-8179-f582179a0df2,-113.9353644,51.0723907
2330,SB 68 ST NE @ Laguna WY,ACTIVE,2026-09-29T19:46:12.000Z,2026-09-29T19:46:12.000Z,373ae085-e8fc-44f3-9056-f3173c23c948,-113.9353675,51.0841123
7606,SB 68 ST NE @ Falconridge DR,ACTIVE,2026-09-29T19:46:12.000Z,2026-09-29T19:46:12.000Z,72f7939f-fcbb-4882-bf6a-a84b9a6cbaf1,-113.9353819,51.1010594
2331,SB 68 ST NE @ 32 AV NE,ACTIVE,2026-09-29T19:46:12.000Z,2026-09-29T19:46:12.000Z,d9921103-1df0-4379-a081-f4dffd2d99cf,-113.9353832,51.0808529
2340,SB 68 ST @ Applewood DR (N. Leg) SE,ACTIVE,2026-09-29T19:46:12.000Z,2026-09-29T19:46:12.000Z,3a29f9a7-916a-4706-9be8-555abb21cd66,-113.935384,51.0453736
2332,SB 68 ST NE @ 26 AV NE,ACTIVE,2026-09-29T19:46:12.000Z,2026-09-29T19:46:12.000Z,4cb5adf5-8f33-4a4a-ab0b-accbde0adcd0,-113.9353847,51.075733
2326,SB 68 ST NE @ Faldale CL,ACTIVE,2026-09-29T19:46:12.000Z,2026-09-29T19:46:12.000Z,9101af14-27f5-4698-b228-6afa07d30561,-113.9354034,51.1048154
2328,SB 68 ST NE @ Coral Springs BV,ACTIVE,2026-09-29T19:46:12.000Z,2026-09-29T19:46:12.000Z,ef523f51-9c3d-4a14-b597-715c55b1a2e8,-113.9354056,51.0987159
2329,SB 68 ST NE @ 43 AV NE,ACTIVE,2026-09-29T19:46:12.000Z,2026-09-29T19:46:12.000Z,225a385b-f4ac-4a80-b1da-99bc966b7789,-113.9354066,51.091295
7270,SB 68 ST NE @ 37 AV NE,ACTIVE,2026-09-29T19:46:12.000Z,2026-09-29T19:46:12.000Z,7da19b55-482f-4da5-96a8-9b40c3493dcc,-113.935408,51.0861778
2325,SB 68 ST NE @ Falshire DR,ACTIVE,2026-09-29T19:46:12.000Z,2026-09-29T19:46:12.000Z,399dc647-2035-495f-914b-b8ff078cf417,-113.9354169,51.1076555
2339,SB 68 ST SE @ Abbercove DR,ACTIVE,2026-09-29T19:46:12.000Z,2026-09-29T19:46:12.000Z,007e3117-c96b-4992-b7d9-17b02f9f11f3,-113.9354209,51.0498928
2336,SB 68 ST NE @ 8 AV NE,ACTIVE,2026-09-29T19:46:12.000Z,2026-09-29T19:46:12.000Z,a7c63364-1b1a-4bbb-9a81-29914d1e1d4f,-113.9354228,51.0593044
2337,SB 68 ST NE @ 4 AV NE,ACTIVE,2026-09-29T19:46:12.000Z,2026-09-29T19:46:12.000Z,85a80869-4447-4961-902d-e82765f44149,-113.9354358,51.055543
2335,SB 68 ST NE @ 12 AV NE,ACTIVE,2026-09-29T19:46:12.000Z,2026-09-29T19:46:12.000Z,4e1ba089-1225-480a-aedd-483866f7901a,-113.9354385,51.0625655
2821,SB 68 ST SE @ 72 AV SE,ACTIVE,2026-09-29T19:46:12.000Z,2026-09-29T19:46:12.000Z,b662a7aa-63cf-4a6a-9f93-36f60f6d97b0,-113.9354413,50.9891302
2338,SB 68 ST NE @ Memorial DR,ACTIVE,2026-09-29T19:46:12.000Z,2026-09-29T19:46:12.000Z,80837c4d-baaa-44cb-893a-88b98e428409,-113.9354527,51.051895
2131,EB New Brighton DR @ New Brighton GV SE,ACTIVE,2026-09-29T19:46:12.000Z,2026-09-29T19:46:12.000Z,eaf50ebf-51f4-4b4e-a704-4d3dbeb11424,-113.9355247,50.9196083
9556,WB Saddlemont DR @ Saddleland CR NE,ACTIVE,2026-09-29T19:46:12.000Z,2026-09-29T19:46:12.000Z,51703a5f-b746-4937-8790-8ff6d9a168cb,-113.9357086,51.1297982
2822,WB 76 AV SE @ 68 ST SE,ACTIVE,2026-09-29T19:46:12.000Z,2026-09-29T19:46:12.000Z,1c4d6f80-2ecf-4df7-95f7-9631a6b58003,-113.9357438,50.9852108
7278,WB Falshire DR @ 68 ST NE,ACTIVE,2026-09-29T19:46:12.000Z,2026-09-29T19:46:12.000Z,58fb8dbb-b405-4c93-94ca-f6b00d0dfba0,-113.9357504,51.1080133
7662,EB 26 AV NE @ West of 68 ST NE,ACTIVE,2026-09-29T19:46:12.000Z,2026-09-29T19:46:12.000Z,19afffeb-498e-4df8-a8e7-ee7d90d8edf1,-113.9359768,51.0760867
4362,WB Memorial DR @ 68 ST NE,ACTIVE,2026-09-29T19:46:12.000Z,2026-09-29T19:46:12.000Z,29739c56-04d7-451d-8708-101aae3f3468,-113.9359917,51.0525289
6192,WB 14 AV SE @ 68 ST SE,ACTIVE,2026-09-29T19:46:12.000Z,2026-09-29T19:46:12.000Z,3ef847ff-d9ea-4c6d-9774-35617f350c69,-113.9360491,51.0406389
7663,WB 22 AV NE @ 68 ST NE,ACTIVE,2026-09-29T19:46:12.000Z,2026-09-29T19:46:12.000Z,a921f68a-c470-4562-b0d5-2b9f775dd48a,-113.9360728,51.0726891
2179,WB 17 AV SE @ 68 ST SE,ACTIVE,2026-09-29T19:46:12.000Z,2026-09-29T19:46:12.000Z,6c359389-323a-4d1b-89ec-df8a4be4a29f,-113.9361112,51.0379258
2343,WB 64 AV NE @ 68 ST NE,ACTIVE,2026-09-29T19:46:12.000Z,2026-09-29T19:46:12.000Z,293edf80-d803-4c8d-8af0-551ba96bb261,-113.936139,51.1107993
9530,NB Taracove RD @ Taracove WY NE,ACTIVE,2026-09-29T19:46:12.000Z,2026-09-29T19:46:12.000Z,73ce9df4-716f-4142-b819-ad786a645b87,-113.936387,51.1186891
7607,WB Falconridge DR @ 68 ST NE,ACTIVE,2026-09-29T19:46:12.000Z,2026-09-29T19:46:12.000Z,44ef29e9-1860-4740-b3ea-7deaca2f7f92,-113.9363933,51.1015357
9315,SB Taracove RD @ Taravista DR NE,ACTIVE,2026-09-29T19:46:12.000Z,2026-09-29T19:46:12.000Z,1bb48e95-b13a-47d0-bf22-0effacf38d2c,-113.9365062,51.1204076
9536,EB 80 AV NE @ Tarawood RD,ACTIVE,2026-09-29T19:46:12.000Z,2026-09-29T19:46:12.000Z,edbe276b-d3fa-480f-bddc-f0b19af3e87b,-113.9365322,51.1251109
2128,NB New Brighton DR @ New Brighton AV SE,ACTIVE,2026-09-29T19:46:12.000Z,2026-09-29T19:46:12.000Z,5793ede6-90a6-4c0f-a01b-5cfabb7e499f,-113.9368204,50.9222833
3604,NB Mahogany BV @ Mahogany GA SE,ACTIVE,2026-09-29T19:46:12.000Z,2026-09-29T19:46:12.000Z,cbc7b280-b75f-41af-ba59-a266cd1bdfc6,-113.9368754,50.8998317
9531,WB Taravista DR @ Taracove RD NE,ACTIVE,2026-09-29T19:46:12.000Z,2026-09-29T19:46:12.000Z,2ff78edd-5fe1-4b4d-bef0-0fde08e9e801,-113.9369375,51.1207364
9528,NB Taracove RD @ Taradale DR NE,ACTIVE,2026-09-29T19:46:12.000Z,2026-09-29T19:46:12.000Z,bb009e6e-7238-4fc8-bf49-c9631ce5400b,-113.9369683,51.1144407
9529,NB Taracove RD @ Taralea CI NE,ACTIVE,2026-09-29T19:46:12.000Z,2026-09-29T19:46:12.000Z,6d891059-7073-42e9-8821-8247c69388b3,-113.9369755,51.1169235
4646,EB Copperfield BV @ Copperfield MR SE,ACTIVE,2026-09-29T19:46:12.000Z,2026-09-29T19:46:12.000Z,daa12e1d-98d3-4bd2-97fc-14e244f54467,-113.9369779,50.9107906
9852,EB McIvor BV @ Copperstone GA SE,ACTIVE,2026-09-29T19:46:12.000Z,2026-09-29T19:46:12.000Z,fd25796a-add4-40ef-b666-0bb437e783e0,-113.9369862,50.9144105
9343,SB Taracove RD @ Taralea Bay NE,ACTIVE,2026-09-29T19:46:12.000Z,2026-09-29T19:46:12.000Z,35211475-261b-4ee0-99ab-58bb17bf17d3,-113.9370263,51.1175815
2130,EB New Brighton DR @ New Brighton PA SE,ACTIVE,2026-09-29T19:46:12.000Z,2026-09-29T19:46:12.000Z,67b17503-5ad6-4871-b71d-652fbd3375c3,-113.937059,50.9174393
2708,EB Mahogany RD @ Mahogany BV SE,ACTIVE,2026-09-29T19:46:12.000Z,2026-09-29T19:46:12.000Z,22c101a8-21f6-43c6-a08b-563b5fab11f2,-113.9371371,50.8945034
2703,WB Mahogany RD @ Mahogany BV SE,ACTIVE,2026-09-29T19:46:12.000Z,2026-09-29T19:46:12.000Z,e2a8cdc5-7918-428b-bcfe-ef451aa86e0d,-113.9371405,50.8947122
9548,WB Saddlecrest BV @ Saddlecrest GD NE,ACTIVE,2026-09-29T19:46:12.000Z,2026-09-29T19:46:12.000Z,c2bf68f8-26ba-442c-95ba-579f4a210342,-113.9373818,51.1374743
1945,EB Cornerstone AV @ Cornerstone BV NE,ACTIVE,2026-09-29T19:46:12.000Z,2026-09-29T19:46:12.000Z,727edd50-6be1-4991-8293-22be8ed83930,-113.9374973,51.1608598
1921,EB Cornerstone WY @ Cornerstone BV NE,ACTIVE,2026-09-29T19:46:12.000Z,2026-09-29T19:46:12.000Z,e152afd1-d962-4a3d-bc59-c1788c0ceed4,-113.9374986,51.1505867
9541,EB Saddlecrest BV @ Saddlecrest TC NE,ACTIVE,2026-09-29T19:46:12.000Z,2026-09-29T19:46:12.000Z,7e2bcb17-e249-497c-ac32-98f5651bce73,-113.937599,51.1373046
2118,WB Mahogany GA @ Mahogany BV SE,ACTIVE,2026-09-29T19:46:12.000Z,2026-09-29T19:46:12.000Z,46efc4e5-d9be-4622-a9df-893d5e8a774c,-113.9376785,50.8997331
4144,WB 80 AV NE @ Saddlefield DR,ACTIVE,2026-09-29T19:46:12.000Z,2026-09-29T19:46:12.000Z,25589d70-1760-42a3-a931-29ca38282032,-113.9377509,51.1252912
4723,WB Taradale DR @ Taracove RD NE,ACTIVE,2026-09-29T19:46:12.000Z,2026-09-29T19:46:12.000Z,c119f7f5-3a54-4ccf-b38d-8785f3e6ea99,-113.9377607,51.1141286
1964,NB Cornerstone BV @ Country Hills BV NE,ACTIVE,2026-09-29T19:46:12.000Z,2026-09-29T19:46:12.000Z,589aa058-a0e8-4ca7-bf62-e7a6bf7ead72,-113.9378903,51.1550792
1925,NB Cornerstone BV @ Cornerstone WY NE,ACTIVE,2026-09-29T19:46:12.000Z,2026-09-29T19:46:12.000Z,bff2706c-5b41-4e15-b21f-007b88c83f04,-113.9378923,51.1511421
2641,NB Cornerstone BV @ Cornerstone Hts NE,ACTIVE,2026-09-29T19:46:12.000Z,2026-09-29T19:46:12.000Z,6be2768b-8de4-4a3c-bef3-1728f47df6de,-113.9379189,51.1584908
1996,EB 106 AV SE @ Amazon Warehouse,ACTIVE,2026-09-29T19:46:12.000Z,2026-09-29T19:46:12.000Z,f07f8d69-210a-47ac-be91-8c8f0edd5975,-113.9379543,50.9624588
4647,SB Copperfield BV @ Copperfield MR SE,ACTIVE,2026-09-29T19:46:12.000Z,2026-09-29T19:46:12.000Z,fbb64952-dcdc-4a5f-82ba-cc8fc5890325,-113.9380062,50.9102545
9557,NB Saddlemont BV @ Saddlefield DR NE,ACTIVE,2026-09-29T19:46:12.000Z,2026-09-29T19:46:12.000Z,57b84ba8-2bc1-4f1d-8a3a-fc83ff1046dd,-113.9380186,51.1296698
1969,SB Cornerstone BV @ Cornerstone HT NE,ACTIVE,2026-09-29T19:46:12.000Z,2026-09-29T19:46:12.000Z,6d540813-ff6e-4223-beae-abdf04927b12,-113.9383429,51.1575538
1920,SB Cornerstone BV @ Corner Meadows MR NE,ACTIVE,2026-09-29T19:46:12.000Z,2026-09-29T19:46:12.000Z,ba586905-07fb-49cd-a647-65a3851231f2,-113.9383684,51.1536057
7963,EB 26 AV NE @ 66 ST NE,ACTIVE,2026-09-29T19:46:12.000Z,2026-09-29T19:46:12.000Z,9fe72b78-a5be-4ef4-8f0a-024137589ce8,-113.9383762,51.0760777
9595,WB McIvor BV @ Copperstone GA SE,ACTIVE,2026-09-29T19:46:12.000Z,2026-09-29T19:46:12.000Z,d1c3e0b4-93bd-462d-a137-b5e6f04a6e94,-113.9384456,50.9143319
2132,WB New Brighton DR @ BrightonCrest PT SE,ACTIVE,2026-09-29T19:46:12.000Z,2026-09-29T19:46:12.000Z,1e143e93-825a-4421-b464-e3fe09352ef6,-113.9386553,50.9234892
7641,EB 37 AV NE @ Temple DR NE,ACTIVE,2026-09-29T19:46:12.000Z,2026-09-29T19:46:12.000Z,f67d0dd2-0555-4c45-9740-ed98b3d4b01f,-113.9386622,51.0864475
6706,WB 26 AV NE @ 66 ST NE,ACTIVE,2026-09-29T19:46:12.000Z,2026-09-29T19:46:12.000Z,e949f683-833f-4f15-add6-37841ed4115a,-113.9386951,51.076221
3971,NB Copperfield BV @ Copperfield GV SE,ACTIVE,2026-09-29T19:46:12.000Z,2026-09-29T19:46:12.000Z,dcffde95-8417-4621-a264-fe0441957c76,-113.9387056,50.9091808
7640,EB 43 AV NE @ Temple DR NE,ACTIVE,2026-09-29T19:46:12.000Z,2026-09-29T19:46:12.000Z,de3bc335-a2a9-49b6-b190-ff634c24aea0,-113.9387369,51.0915856
2508,NB Temple DR @ 37 AV NE,ACTIVE,2026-09-29T19:46:12.000Z,2026-09-29T19:46:12.000Z,17ea496d-a17d-4fe1-ba48-7f7b1f543340,-113.9390598,51.086699
2509,NB Temple DR @ Templegreen DR NE,ACTIVE,2026-09-29T19:46:12.000Z,2026-09-29T19:46:12.000Z,83b2b861-a177-4690-baf7-c3fa28873fa5,-113.939128,51.0885205
1926,WB Country Hills BV @ Cornerstone BV NE,ACTIVE,2026-09-29T19:46:12.000Z,2026-09-29T19:46:12.000Z,6f62f760-4c57-439b-a7f1-a7fac8bcfad8,-113.9392957,51.1545061
8456,SB Temple DR @ Templevale GA NE,ACTIVE,2026-09-29T19:46:12.000Z,2026-09-29T19:46:12.000Z,4284759b-a490-40d8-a11a-5db5cfe8e708,-113.9394081,51.0905058
8269,SB 65 ST SE @ 14 AV SE,ACTIVE,2026-09-29T19:46:12.000Z,2026-09-29T19:46:12.000Z,56c24f69-905f-4e4a-a85d-3f65816e65be,-113.9394365,51.0401161
7643,SB Temple DR @ 37 AV NE,ACTIVE,2026-09-29T19:46:12.000Z,2026-09-29T19:46:12.000Z,0e682cd5-56ed-46ae-b813-9716e20f661a,-113.9394683,51.0861358
2820,EB 72 AV SE @ 64 ST SE,ACTIVE,2026-09-29T19:46:12.000Z,2026-09-29T19:46:12.000Z,183a4bdd-ef41-412f-9e5e-b0c8a5e1e25d,-113.9394967,50.989358
7637,EB Saddlecrest BV @ W. Leg Saddlecrest CR NE,ACTIVE,2026-09-29T19:46:12.000Z,2026-09-29T19:46:12.000Z,a3bac3b5-e3ee-40fc-9167-1ec5ac9835bc,-113.9395121,51.1373457
7642,NB Temple DR @ 43 AV NE,ACTIVE,2026-09-29T19:46:12.000Z,2026-09-29T19:46:12.000Z,a109d059-122d-4979-96b6-d8028d3575b0,-113.9395437,51.0919126
2288,WB Saddlemont BV @ Saddleland DR NE,ACTIVE,2026-09-29T19:46:12.000Z,2026-09-29T19:46:12.000Z,2d698c98-5d83-4e7a-9c4f-5fbea1d8cee1,-113.9395573,51.129532
7609,EB Falconridge DR @ Fallswater RD NE,ACTIVE,2026-09-29T19:46:12.000Z,2026-09-29T19:46:12.000Z,4fc349df-bbd5-4bf6-9fd6-cd222c2df537,-113.9398708,51.1005834
3970,WB Copperfield BV @ Copperfield CR SE,ACTIVE,2026-09-29T19:46:12.000Z,2026-09-29T19:46:12.000Z,23455f49-b374-4319-a347-ee2976a94310,-113.9398909,50.9088107
9527,EB Taradale DR @ Tararidge DR NE,ACTIVE,2026-09-29T19:46:12.000Z,2026-09-29T19:46:12.000Z,8fcc523a-f5f0-4f8b-839c-59f570e3089f,-113.9399944,51.1138454
8270,WB 17 AV SE @ 65 ST SE,ACTIVE,2026-09-29T19:46:12.000Z,2026-09-29T19:46:12.000Z,98b581d2-dc30-43b8-a748-05000aed25fd,-113.939998,51.0379629
9292,EB Taravista DR @ Taracove Estate DR NE,ACTIVE,2026-09-29T19:46:12.000Z,2026-09-29T19:46:12.000Z,e896e398-d339-4893-88c2-caaf972efbfd,-113.940014,51.1212875
6962,EB 22 AV NE @ Rundlehorn DR,ACTIVE,2026-09-29T19:46:12.000Z,2026-09-29T19:46:12.000Z,c307de1d-c623-4ca6-af4e-0074787be0d0,-113.9401801,51.0725449
4988,WB Saddlecrest BV @ Saddlecrest WY NE,ACTIVE,2026-09-29T19:46:12.000Z,2026-09-29T19:46:12.000Z,4fa02467-2cdb-4173-8346-bfae89b2ae95,-113.9402597,51.1375002
2854,EB 64 AV NE @ Falton DR NE,ACTIVE,2026-09-29T19:46:12.000Z,2026-09-29T19:46:12.000Z,c8b16e33-0a3d-47d2-869a-21796f755b46,-113.9402706,51.1104678
2852,NB Madigan DR @ 8 AV NE,ACTIVE,2026-09-29T19:46:12.000Z,2026-09-29T19:46:12.000Z,ad478c62-8c2d-444c-9601-0727f81425a3,-113.9403287,51.0598873
7661,EB 26 AV NE @ Rundlehorn DR,ACTIVE,2026-09-29T19:46:12.000Z,2026-09-29T19:46:12.000Z,3325e5dc-4378-4da2-98c5-fe1763cf51a1,-113.9403736,51.076103
4333,NB Madigan DR @ Maitland DR NE,ACTIVE,2026-09-29T19:46:12.000Z,2026-09-29T19:46:12.000Z,27d9955e-7e7a-4675-a48d-b74365d4f516,-113.9404155,51.061622
7703,EB Falshire DR @ Falton DR NE,ACTIVE,2026-09-29T19:46:12.000Z,2026-09-29T19:46:12.000Z,173d3f11-92bc-4ca6-a2d4-0b4bd71460ef,-113.9404532,51.1066883
4152,SB Tararidge DR @ Taradale DR NE,ACTIVE,2026-09-29T19:46:12.000Z,2026-09-29T19:46:12.000Z,8f6e4654-9f39-4453-9cdf-fff507608dfc,-113.9405757,51.1134828
5870,EB Temple DR @ 64 ST NE,ACTIVE,2026-09-29T19:46:12.000Z,2026-09-29T19:46:12.000Z,a422c6f3-445c-4798-8445-5f802c4fd7d0,-113.9405779,51.0851214
7629,NB Tararidge DR @ 64 AV NE,ACTIVE,2026-09-29T19:46:12.000Z,2026-09-29T19:46:12.000Z,dcde6f3d-ae37-4868-a7c8-2ccaedd67660,-113.9405898,51.1113243
9535,EB 80 AV NE @ Tarawood LN,ACTIVE,2026-09-29T19:46:12.000Z,2026-09-29T19:46:12.000Z,059a04ac-e500-4fb7-a780-7a7117f1ca61,-113.9406113,51.1250513
4379,SB Madigan DR @ Maitland DR NE,ACTIVE,2026-09-29T19:46:12.000Z,2026-09-29T19:46:12.000Z,e2ae047d-90b5-4bff-a709-2da4b685fe3d,-113.9406185,51.0609257
2510,SB Madigan DR @ 8 AV NE,ACTIVE,2026-09-29T19:46:12.000Z,2026-09-29T19:46:12.000Z,16e4369f-aea1-49fa-a088-3d8bd91fef79,-113.9406383,51.05989
4377,SB Madigan DR @ Malvern DR NE,ACTIVE,2026-09-29T19:46:12.000Z,2026-09-29T19:46:12.000Z,f7b8ec42-b6a6-44e2-91d6-30e0399765a1,-113.9406524,51.0578143
4378,SB Madigan DR @ 8 AV NE,ACTIVE,2026-09-29T19:46:12.000Z,2026-09-29T19:46:12.000Z,cf825b67-6011-4de8-99fe-8e0f211f43be,-113.9406598,51.0594336
4149,NB Saddlecrest BV @ 88 AV NE,ACTIVE,2026-09-29T19:46:12.000Z,2026-09-29T19:46:12.000Z,ae35d2d1-6d8b-44bf-ab13-1397e138c311,-113.9406786,51.1328967
2129,EB New Brighton DR @ New Brighton HT SE,ACTIVE,2026-09-29T19:46:12.000Z,2026-09-29T19:46:12.000Z,910fb816-ecb7-41ea-9155-d233c7f63c67,-113.940848,50.9164926
6702,NB Rundlehorn DR @ 26 AV NE,ACTIVE,2026-09-29T19:46:12.000Z,2026-09-29T19:46:12.000Z,81ffcc4b-e9d3-4827-a21b-1b526fbd4128,-113.9408743,51.0765209
6257,WB Falconridge DR @ Falton DR NE,ACTIVE,2026-09-29T19:46:12.000Z,2026-09-29T19:46:12.000Z,e94658e8-2069-4ea1-9d96-df0780381353,-113.9408952,51.1004303
7660,SB Rundlehorn DR @ 22 AV NE,ACTIVE,2026-09-29T19:46:12.000Z,2026-09-29T19:46:12.000Z,a3625c66-028a-405e-ad74-f606510fe8aa,-113.9410643,51.0723432
4410,SB Rundlehorn DR @ 28 AV NE,ACTIVE,2026-09-29T19:46:12.000Z,2026-09-29T19:46:12.000Z,9de6f339-4616-4a8a-8a09-f3a07fc34e1b,-113.9410788,51.0775337
3972,EB Copperfield BV @ Copperfield LN SE,ACTIVE,2026-09-29T19:46:12.000Z,2026-09-29T19:46:12.000Z,9c464d9d-9326-4278-afa6-7f2d8791dbe5,-113.9411056,50.9081644
9532,WB Taravista DR @ Tarawood CL NE,ACTIVE,2026-09-29T19:46:12.000Z,2026-09-29T19:46:12.000Z,777e7fae-f50e-4066-90d3-23e533312b00,-113.9411228,51.1214217
9339,EB Memorial DR @ Penbrooke DR SE,ACTIVE,2026-09-29T19:46:12.000Z,2026-09-29T19:46:12.000Z,65ca87a2-7306-492c-b411-b05a06b207a0,-113.9411449,51.0522952
5067,NB @ Penbrooke Terminal SE,ACTIVE,2026-09-29T19:46:12.000Z,2026-09-29T19:46:12.000Z,78ddaf0a-72bd-4ffa-84c5-912eebf743b4,-113.9412048,51.0520359
4722,WB Taradale DR @ Tararidge DR NE,ACTIVE,2026-09-29T19:46:12.000Z,2026-09-29T19:46:12.000Z,885e4a74-dfd5-46b3-9626-bff22b361f06,-113.9412177,51.1139314
3603,EB Mahogany GA @ Mahogany PZ SE,ACTIVE,2026-09-29T19:46:12.000Z,2026-09-29T19:46:12.000Z,3d283655-48de-4f0d-a327-7434704a0e23,-113.9413767,50.8993885
1919,EB Country Hills BV @ Cornerstone ST NE,ACTIVE,2026-09-29T19:46:12.000Z,2026-09-29T19:46:12.000Z,00a614a7-cbad-4143-82b0-a26bd6f00bb9,-113.9413878,51.1541444
2823,WB 76 AV SE @ 62 ST SE,ACTIVE,2026-09-29T19:46:12.000Z,2026-09-29T19:46:12.000Z,1cf0c307-62ef-4ab4-9ace-d73f052c559f,-113.941401,50.9852378
4143,WB 80 AV NE @ Saddlemont WY,ACTIVE,2026-09-29T19:46:12.000Z,2026-09-29T19:46:12.000Z,e1496231-e411-41f7-a947-8d7ce55539b3,-113.9414818,51.12529
6215,WB 28 AV NE @  Rundlehorn DR,ACTIVE,2026-09-29T19:46:12.000Z,2026-09-29T19:46:12.000Z,c2dd5758-0fbc-484d-89b0-d199cda7146d,-113.9415207,51.0779771
7605,WB Falshire DR @ Falton DR NE,ACTIVE,2026-09-29T19:46:12.000Z,2026-09-29T19:46:12.000Z,da22a377-a808-4271-b2f1-c7f90c750f5e,-113.9415859,51.1064121
8554,WB Temple DR @ 64 ST NE,ACTIVE,2026-09-29T19:46:12.000Z,2026-09-29T19:46:12.000Z,b1906427-b1f9-4245-8fb8-4bea40f9e1b8,-113.9416631,51.0926967
5066,NB Penbrooke DR @ 4 AV SE,ACTIVE,2026-09-29T19:46:12.000Z,2026-09-29T19:46:12.000Z,e9f2cc17-fc46-436a-9088-1f296865bdd0,-113.9417374,51.0495852
8838,NB Penbrooke DR @ Penbrooke RD SE,ACTIVE,2026-09-29T19:46:12.000Z,2026-09-29T19:46:12.000Z,406a601b-dd6e-4972-bb37-7af2c0463763,-113.9417387,51.0471836
6092,WB Temple DR@ 64 ST NE,ACTIVE,2026-09-29T19:46:12.000Z,2026-09-29T19:46:12.000Z,e6900b78-1d13-4614-9383-768115d5de83,-113.9417582,51.0849814
2704,WB Mahogany RD @ 52 ST SE (nearside),ACTIVE,2026-09-29T19:46:12.000Z,2026-09-29T19:46:12.000Z,64ca536b-eb1e-4e60-b721-919fe6ac5a9b,-113.9417743,50.8941268
9554,SB Saddlemont BV @ Saddlehorn DR NE,ACTIVE,2026-09-29T19:46:12.000Z,2026-09-29T19:46:12.000Z,c9fe7d1d-3fb9-4592-802e-54e81bff8aba,-113.9417883,51.1283725
5068,NB Penbrooke DR @ Penbrooke Terminal SE,ACTIVE,2026-09-29T19:46:12.000Z,2026-09-29T19:46:12.000Z,afa6f423-6d58-4244-b453-913967808878,-113.9418056,51.0520364
9252,WB 88 AV NE @ Saddlecrest BV,ACTIVE,2026-09-29T19:46:12.000Z,2026-09-29T19:46:12.000Z,231f47d3-1039-432b-b053-842019721a70,-113.9418101,51.1326484
2596,EB Mahogany RD @ 52 ST SE (farside),ACTIVE,2026-09-29T19:46:12.000Z,2026-09-29T19:46:12.000Z,90e8fb46-f3a3-46ed-9c59-c84c4fbd918f,-113.941935,50.8936722
6146,SB Madigan DR @ 4 AV NE,ACTIVE,2026-09-29T19:46:12.000Z,2026-09-29T19:46:12.000Z,9f3a7e0a-ac09-4e46-a96c-2649a31de8a3,-113.9419397,51.0553924
5070,SB Penbrooke DR @ 5 AV SE,ACTIVE,2026-09-29T19:46:12.000Z,2026-09-29T19:46:12.000Z,38fc72b4-3ea6-46ad-8a11-f94f4066aad8,-113.9419579,51.0479719
5069,SB Penbrooke DR @ 2 AV SE,ACTIVE,2026-09-29T19:46:12.000Z,2026-09-29T19:46:12.000Z,f47e0ace-52dd-48c6-af95-b26fe94775f5,-113.9419738,51.050329
2347,EB 106 AV SE @ Distribution center,ACTIVE,2026-09-29T19:46:12.000Z,2026-09-29T19:46:12.000Z,d7349e7a-675f-4fa7-90c5-89cdbedb76cc,-113.9420783,50.9640134
6091,EB Temple DR @ 64 ST NE,ACTIVE,2026-09-29T19:46:12.000Z,2026-09-29T19:46:12.000Z,a325244e-59bc-4d69-86a8-a1e3c7ad9b43,-113.9421716,51.0925661
4352,EB 17th AV SE @ 61st ST SE,ACTIVE,2026-09-29T19:46:12.000Z,2026-09-29T19:46:12.000Z,8eabe232-8e27-4d7e-89e8-4d3937d87da0,-113.942179,51.037752
3600,NB 52 ST @ Mahogany DR SE,ACTIVE,2026-09-29T19:46:12.000Z,2026-09-29T19:46:12.000Z,c365689f-8b04-42aa-93d4-cb626d7f7efb,-113.9421804,50.8927702
4148,NB Saddlecrest BV @ Saddlecrest PA NE,ACTIVE,2026-09-29T19:46:12.000Z,2026-09-29T19:46:12.000Z,668758fb-5f2f-44f7-9556-77ea85e2cc1f,-113.9422273,51.1347723
3599,NB 52 ST @ Mahogany DR SE,ACTIVE,2026-09-29T19:46:12.000Z,2026-09-29T19:46:12.000Z,46bfa0f3-f772-43ba-bc64-fcafd3fd361b,-113.9422672,50.8913593
1948,NB Cornerstone ST @ Cornerstone HT NE,ACTIVE,2026-09-29T19:46:12.000Z,2026-09-29T19:46:12.000Z,e79d50e3-bb83-47c9-8103-ee6647420716,-113.9422756,51.1587137
1941,NB Cornerstone ST @ Cornerstone AV NE,ACTIVE,2026-09-29T19:46:12.000Z,2026-09-29T19:46:12.000Z,3377940c-e1e1-49dd-b1c1-02ecc920c553,-113.9422795,51.161335
3969,WB Copperfield BV @ W. of Copperfield CR SE,ACTIVE,2026-09-29T19:46:12.000Z,2026-09-29T19:46:12.000Z,4620e81a-5698-4b94-8549-c21b44b992ee,-113.942349,50.9082959
6525,EB McIvor BV @ Copperfield BV SE,ACTIVE,2026-09-29T19:46:12.000Z,2026-09-29T19:46:12.000Z,915c4ef3-04fb-4615-890d-e8747a2e828f,-113.9424873,50.9138883
6234,WB 4 AV NE @ Madigan DR,ACTIVE,2026-09-29T19:46:12.000Z,2026-09-29T19:46:12.000Z,4744f625-598e-4dd1-b153-b8c9514cea6b,-113.9424966,51.0558207
3505,NB 52 ST @ Mahogany RD SE,ACTIVE,2026-09-29T19:46:12.000Z,2026-09-29T19:46:12.000Z,19f1573f-9a0b-4fe7-a8a3-bcaff26eba6e,-113.9425026,50.8947342
6178,WB Memorial DR @ Madigan DR NE,ACTIVE,2026-09-29T19:46:12.000Z,2026-09-29T19:46:12.000Z,af00ce9c-ecfe-411e-ba2f-049ee0a7a0d1,-113.9425269,51.0525473
3585,SB 52 ST @ Auburn Bay AV SE,ACTIVE,2026-09-29T19:46:12.000Z,2026-09-29T19:46:12.000Z,44fc969e-c19f-4702-ae44-e0fe4f8d67b0,-113.9427416,50.8905873
4147,SB Saddlecrest BV @ Saddlecrest PL NE,ACTIVE,2026-09-29T19:46:12.000Z,2026-09-29T19:46:12.000Z,6846f7cd-757a-4be6-82fb-c83964ea30e7,-113.9427578,51.1351819
3586,SB 52 ST @ Auburn Meadows DR SE,ACTIVE,2026-09-29T19:46:12.000Z,2026-09-29T19:46:12.000Z,d13195e2-791b-45bf-991a-c7d05a3855c8,-113.9427995,50.8930904
3504,SB 52 ST @ Auburn Meadows DR SE,ACTIVE,2026-09-29T19:46:12.000Z,2026-09-29T19:46:12.000Z,fa2b7371-6f9b-4569-966a-de4a5a7993ab,-113.9428035,50.8930941
9612,NB New Brighton WY @ McIvor BV SE,ACTIVE,2026-09-29T19:46:12.000Z,2026-09-29T19:46:12.000Z,25488c20-bd8a-4e76-8586-8a42345839e9,-113.9428552,50.914354
2133,WB New Brighton DR @ BrightonCrest TC SE,ACTIVE,2026-09-29T19:46:12.000Z,2026-09-29T19:46:12.000Z,c440fb32-cd82-47e1-bc5e-a54398d8ca6e,-113.9428711,50.9221173
6145,EB Madigan DR @ Manora DR NE,ACTIVE,2026-09-29T19:46:12.000Z,2026-09-29T19:46:12.000Z,833761a3-d4b8-4f50-ba5c-c4380669447f,-113.9428792,51.0632247
3601,NB 52 ST @ Mahogany ST SE,ACTIVE,2026-09-29T19:46:12.000Z,2026-09-29T19:46:12.000Z,bf7bb492-5b8e-433f-894a-1b8290f494aa,-113.9429826,50.8971548
1820,NB Saddlemont BV @ Saddlemont CR NE,ACTIVE,2026-09-29T19:46:12.000Z,2026-09-29T19:46:12.000Z,104dc8ec-d49b-4ff7-9193-b8fb9b39fee2,-113.9430203,51.1272723
8863,WB Penbrooke DR @ Penbrooke CL SE,ACTIVE,2026-09-29T19:46:12.000Z,2026-09-29T19:46:12.000Z,adf4e46a-2c8e-4a47-b96b-791ce7339ca5,-113.9431333,51.0457269
2533,WB 128 AV NE @ Cornerstone ST,ACTIVE,2026-09-29T19:46:12.000Z,2026-09-29T19:46:12.000Z,a53065f2-eef2-4be8-83b5-bba1036e7af8,-113.943149,51.1655548
2597,EB Auburn Meadows DR @ 52 ST SE,ACTIVE,2026-09-29T19:46:12.000Z,2026-09-29T19:46:12.000Z,c621c51c-51a9-45ec-ad0d-30a51fa1f8b5,-113.9432235,50.8937168
2171,EB Mahogany GA @ 52 ST SE,ACTIVE,2026-09-29T19:46:12.000Z,2026-09-29T19:46:12.000Z,11aca98a-3768-4197-8a4c-c3128aea7a11,-113.9432677,50.8992941
9615,SB New Brighton WY@  New Brighton DR SE,ACTIVE,2026-09-29T19:46:12.000Z,2026-09-29T19:46:12.000Z,03242fdf-adb0-4673-ab27-8725c67d5a5e,-113.9433069,50.9161451
9534,EB 80 AV NE @ Saddletowne CI,ACTIVE,2026-09-29T19:46:12.000Z,2026-09-29T19:46:12.000Z,cb5fbeb1-06dc-47e9-9890-fe931ec6e857,-113.9433665,51.1251054
9620,SB Copperfield BV @ McIvor BV SE,ACTIVE,2026-09-29T19:46:12.000Z,2026-09-29T19:46:12.000Z,dc5fb396-03b3-4ac8-9caf-65d635f2d6a3,-113.9433894,50.9134775
1927,WB Country Hills BV @ Cornerstone ST NE,ACTIVE,2026-09-29T19:46:12.000Z,2026-09-29T19:46:12.000Z,3ee11f10-6e52-4ee2-b211-9d1e944af214,-113.9435035,51.1545083
3602,NB 52 ST @ Mahogany GA SE,ACTIVE,2026-09-29T19:46:12.000Z,2026-09-29T19:46:12.000Z,4650f7c2-887c-4151-bf99-ba3be29a2986,-113.943597,50.8985661
9290,EB Taravista DR @ Saddletowne CI NE,ACTIVE,2026-09-29T19:46:12.000Z,2026-09-29T19:46:12.000Z,06fcf3b0-0347-4af6-bd2c-cbd5cb0bb4e6,-113.9437048,51.1213247
8271,WB 17th AV SE @ 61st ST SE,ACTIVE,2026-09-29T19:46:12.000Z,2026-09-29T19:46:12.000Z,5885969b-d947-45dd-a1d0-de6e84cc6a7e,-113.943705,51.0379773
6214,EB Rundlehorn DR @ 61 ST NE,ACTIVE,2026-09-29T19:46:12.000Z,2026-09-29T19:46:12.000Z,8c6f39f4-22af-4eed-9d29-1b1d0e514f6c,-113.9437305,51.0708838
3430,WB Auburn Meadows DR @ Auburn Meadows ST SE,ACTIVE,2026-09-29T19:46:12.000Z,2026-09-29T19:46:12.000Z,059d4515-d657-4cd1-aae6-adf59ec7a290,-113.9437709,50.8940676
8837,EB Penbrooke DR @ Penedo WY SE,ACTIVE,2026-09-29T19:46:12.000Z,2026-09-29T19:46:12.000Z,768d0ac0-b90e-490e-b4a1-0f2bab90ffac,-113.9438163,51.045322
6053,WB Rundlehorn DR @ 62 ST NE,ACTIVE,2026-09-29T19:46:12.000Z,2026-09-29T19:46:12.000Z,a246d1c6-ace3-4335-b7c9-aa4c096ddb71,-113.9438226,51.0710032
6052,EB 28 AV NE @ Pineland BA,ACTIVE,2026-09-29T19:46:12.000Z,2026-09-29T19:46:12.000Z,74378aaf-fa34-40f3-8659-9320cec41e40,-113.9438406,51.0778759
5791,EB Falconridge DR @ Falwood WY NE,ACTIVE,2026-09-29T19:46:12.000Z,2026-09-29T19:46:12.000Z,60f6396b-2266-413c-9462-51168f81abae,-113.943874,51.0998877
3587,SB 52 ST SE @ Auburn Meadows AV SE,ACTIVE,2026-09-29T19:46:12.000Z,2026-09-29T19:46:12.000Z,31e3a122-6159-44e8-b4ec-5653727a54f9,-113.9438878,50.897667
9555,SB Saddlemont BV @ Saddlemead WY NE,ACTIVE,2026-09-29T19:46:12.000Z,2026-09-29T19:46:12.000Z,9347fc9e-4569-4024-93e1-49f99e16ce4a,-113.9439048,51.1269095
6224,WB Madigan DR @ Manora DR NE,ACTIVE,2026-09-29T19:46:12.000Z,2026-09-29T19:46:12.000Z,d8f14f4e-ab18-4dad-afc1-6d918d2cc436,-113.9439985,51.063353
9140,NB Saddletowne CI @ Taravista DR NE,ACTIVE,2026-09-29T19:46:12.000Z,2026-09-29T19:46:12.000Z,12ca272d-1f2d-45d8-8edf-078b60633ace,-113.9442584,51.1219895
9533,NB Saddletowne CI @ Taravista DR NE,ACTIVE,2026-09-29T19:46:12.000Z,2026-09-29T19:46:12.000Z,ffb917d5-1440-423c-a06a-8ea8ab8c5eca,-113.9442673,51.1220707
4124,NB Saddletowne CI @ 80 AV NE,ACTIVE,2026-09-29T19:46:12.000Z,2026-09-29T19:46:12.000Z,36cdfc90-3de6-485f-8f19-4bfd312cd030,-113.9442822,51.1257411
9395,NB Saddletowne CI @ 80 AV NE,ACTIVE,2026-09-29T19:46:12.000Z,2026-09-29T19:46:12.000Z,45467c5a-d61f-4d80-9a46-0debe06f29f5,-113.9442822,51.1257411
3588,SB 52 ST @ Auburn Bay DR SE,ACTIVE,2026-09-29T19:46:12.000Z,2026-09-29T19:46:12.000Z,fdcc8f91-bb92-475d-a2ad-150f0e487c9c,-113.9444,50.8989019
3502,SB 52 ST @ Auburn Bay DR SE,ACTIVE,2026-09-29T19:46:12.000Z,2026-09-29T19:46:12.000Z,25066c65-3dc5-4b6c-9360-a41e4b609570,-113.9444069,50.8989057
2474,WB Market ST @ 45 ST SE,ACTIVE,2026-09-29T19:46:12.000Z,2026-09-29T19:46:12.000Z,ed8e177b-0300-4c08-b85a-d8bb0b20afc5,-113.9446224,50.8814119
7670,EB Falshire DR @ Falshire CL NE,ACTIVE,2026-09-29T19:46:12.000Z,2026-09-29T19:46:12.000Z,f8765411-5e33-4bc6-90c7-7961381c4e53,-113.9446775,51.1053138
3968,NB Copperfield BV @ Copperfield CL SE,ACTIVE,2026-09-29T19:46:12.000Z,2026-09-29T19:46:12.000Z,173896e7-a85c-4a4b-b36f-93470162f408,-113.9447298,50.9101753
4309,WB Falconridge DR @ Falchurch RD NE,ACTIVE,2026-09-29T19:46:12.000Z,2026-09-29T19:46:12.000Z,84f3683f-a110-4078-8c68-68e9548127b7,-113.9448254,51.0999755
3973,SB Copperfield BV @ Copperfield GD SE,ACTIVE,2026-09-29T19:46:12.000Z,2026-09-29T19:46:12.000Z,12c0c6a3-70c8-4afa-bd14-4eea33ce6c6a,-113.9449112,50.9093615
7910,EB Temple DR @ Templegreen DR NE,ACTIVE,2026-09-29T19:46:12.000Z,2026-09-29T19:46:12.000Z,1baa6c7c-c00e-4518-b5d3-48d88327d2a5,-113.9449284,51.0925663
9614,EB New Brighton DR @ New Brighton CM SE,ACTIVE,2026-09-29T19:46:12.000Z,2026-09-29T19:46:12.000Z,24b2a733-6e43-475b-b3a6-1c44dcc24bfc,-113.9449589,50.9164285
4324,WB 4 AV NE @ Maddock DR,ACTIVE,2026-09-29T19:46:12.000Z,2026-09-29T19:46:12.000Z,7276113a-cf6b-427e-acf4-8bc590d6922f,-113.9449799,51.0558228
4341,WB 28 AV NE @ Pineland RD,ACTIVE,2026-09-29T19:46:12.000Z,2026-09-29T19:46:12.000Z,909e9b68-b215-4cf5-b532-e700496c0675,-113.9450268,51.0780778
2810,WB 106 AV SE @ N Dufferin Industrial,ACTIVE,2026-09-29T19:46:12.000Z,2026-09-29T19:46:12.000Z,a7b070a2-e354-46be-b206-bfac2b25a12b,-113.9453034,50.9669403
1918,EB Country Hills BV @ 60 ST NE,ACTIVE,2026-09-29T19:46:12.000Z,2026-09-29T19:46:12.000Z,7b8a741f-0c38-4655-9da9-df3b612a0870,-113.9453755,51.1541444
9250,NB Copperfield BV @ Copperfield HT SE,ACTIVE,2026-09-29T19:46:12.000Z,2026-09-29T19:46:12.000Z,7f4c02f3-735e-4052-beb2-c98ab0b37372,-113.9454701,50.9124273
2459,NB 45 ST @ Seton DR SE,ACTIVE,2026-09-29T19:46:12.000Z,2026-09-29T19:46:12.000Z,0fff03e7-1459-43f3-a25a-e6c584b561c3,-113.9455441,50.877757
5792,WB Falshire DR @ Falshire CL NE,ACTIVE,2026-09-29T19:46:12.000Z,2026-09-29T19:46:12.000Z,5f7534c8-2ea6-401c-a85a-b3213d25c13f,-113.9455807,51.1054193
4150,EB 88 AV NE @ 60 ST NE,ACTIVE,2026-09-29T19:46:12.000Z,2026-09-29T19:46:12.000Z,b9219bcd-deaf-4920-95e1-e0679c278716,-113.9457158,51.1323899
4380,EB Madigan DR @ Madeira DR NE,ACTIVE,2026-09-29T19:46:12.000Z,2026-09-29T19:46:12.000Z,17dbb08b-8912-4ba7-a743-978934b3a98e,-113.9457916,51.06322
2645,EB Cornerstone HT @ 60 ST NE,ACTIVE,2026-09-29T19:46:12.000Z,2026-09-29T19:46:12.000Z,228dcc34-b782-47d3-973e-027b500e7a13,-113.9458771,51.157939
9613,WB New Brighton DR @  New Brighton PA SE,ACTIVE,2026-09-29T19:46:12.000Z,2026-09-29T19:46:12.000Z,bec0c50b-bdd3-4482-b630-417fffc7b6e4,-113.9459363,50.9164748
6572,EB Taradale DR @ Falconridge BV NE,ACTIVE,2026-09-29T19:46:12.000Z,2026-09-29T19:46:12.000Z,f92dfc74-8cad-466d-90b6-697201a942d2,-113.9459821,51.1140623
5871,WB Temple DR @ Templegreen DR NE,ACTIVE,2026-09-29T19:46:12.000Z,2026-09-29T19:46:12.000Z,570f7912-951c-4a62-a5d9-3c756b0a567a,-113.9460062,51.0926844
2738,WB Auburn Bay DR SE @ 52 ST SE,ACTIVE,2026-09-29T19:46:12.000Z,2026-09-29T19:46:12.000Z,a9a7733c-3092-4141-8ffc-aa1adcfb1dbe,-113.9460477,50.8996989
2894,EB 72 AV SE @ 57 ST SE,ACTIVE,2026-09-29T19:46:12.000Z,2026-09-29T19:46:12.000Z,f69c0bd1-2ea2-456b-b9d1-9111211ff746,-113.9461336,50.9893852
7645,EB 17 AV SE @ 60 ST SE,ACTIVE,2026-09-29T19:46:12.000Z,2026-09-29T19:46:12.000Z,371dde27-f685-4c7b-8e68-3ef5c48a3d08,-113.9461733,51.0377378
4325,EB 4 AV NE @ 59 ST NE,ACTIVE,2026-09-29T19:46:12.000Z,2026-09-29T19:46:12.000Z,4b5412f0-f006-4150-9417-df4735915d37,-113.9461964,51.0559895
2457,WB Seton DR @ 45 ST SE,ACTIVE,2026-09-29T19:46:12.000Z,2026-09-29T19:46:12.000Z,d4121f4d-5410-4adf-a1e9-9e11ea0556c5,-113.9462208,50.8772368
4497,EB Temple DR @ 60 ST NE,ACTIVE,2026-09-29T19:46:12.000Z,2026-09-29T19:46:12.000Z,f6a3e7f9-be3c-4d37-973a-51ac79b55a06,-113.9462651,51.0848565
6716,EB 28 AV NE @ 60 ST NE,ACTIVE,2026-09-29T19:46:12.000Z,2026-09-29T19:46:12.000Z,a701577e-3c14-4799-92d2-579f3bbdc27d,-113.9462782,51.0779396
9621,SB Copperfield BV @ Copperfield HT SE,ACTIVE,2026-09-29T19:46:12.000Z,2026-09-29T19:46:12.000Z,95362a05-1485-40a7-9cf7-788f9d7dd2df,-113.9463077,50.9119347
8836,EB Penbrooke DR @ 60 ST SE,ACTIVE,2026-09-29T19:46:12.000Z,2026-09-29T19:46:12.000Z,ee1c56b8-aad1-4f44-ac2f-0627f6f7134e,-113.9463815,51.0451552
2134,WB New Brighton DR @ BrightonCrest RI SE,ACTIVE,2026-09-29T19:46:12.000Z,2026-09-29T19:46:12.000Z,cf06cdf4-d74e-4f16-8cc4-daa92431eff9,-113.9464555,50.9219962
2463,NB 45 ST SE @ Market ST SE,ACTIVE,2026-09-29T19:46:12.000Z,2026-09-29T19:46:12.000Z,04d33948-9d4e-4239-b1c3-d69452c88653,-113.9465049,50.8798916
2797,Saddletowne Circle Station (NB),ACTIVE,2026-09-29T19:46:12.000Z,2026-09-29T19:46:12.000Z,40aecdfb-7cd8-442f-8cef-b9d4bb638963,-113.9465674,51.1208526
6668,NB Falconridge BV @ 64 AV NE,ACTIVE,2026-09-29T19:46:12.000Z,2026-09-29T19:46:12.000Z,d8f4848b-8295-45b8-99d1-5b4c18a77028,-113.9465769,51.1113281
4142,NB 60 ST NE @ Saddlehorn DR,ACTIVE,2026-09-29T19:46:12.000Z,2026-09-29T19:46:12.000Z,98fbb549-55f7-43cc-993c-7f8112fc1976,-113.9465965,51.1298763
7881,Martindale Boulevard Station (NB),ACTIVE,2026-09-29T19:46:12.000Z,2026-09-29T19:46:12.000Z,6af528dc-617d-45a1-bd2e-22dd3aff9dd9,-113.9466008,51.1145399
9452,NB Falconridge BV @ Taracove Estates DR NE,ACTIVE,2026-09-29T19:46:12.000Z,2026-09-29T19:46:12.000Z,fc654e3d-e728-4e10-9a40-1c97068b33de,-113.9466195,51.1193042
2466,SB 45 ST SE @ Seton PA SE,ACTIVE,2026-09-29T19:46:12.000Z,2026-09-29T19:46:12.000Z,6647a9cb-d111-4413-ab7a-aca4a8f4d6d4,-113.9466333,50.8791681
8864,WB Penbrooke DR @ 60 ST SE,ACTIVE,2026-09-29T19:46:12.000Z,2026-09-29T19:46:12.000Z,18fa811d-0c47-477d-9e68-b9701271d80f,-113.9466872,51.0452802
9253,SB 60 ST NE @ 88 AV NE,ACTIVE,2026-09-29T19:46:12.000Z,2026-09-29T19:46:12.000Z,c0f168a5-ec27-4fb8-b1cd-df283fed315f,-113.9469139,51.1317825
7892,Martindale Boulevard Station (SB),ACTIVE,2026-09-29T19:46:12.000Z,2026-09-29T19:46:12.000Z,4952d6ee-97f9-4067-b92e-486160fa5faa,-113.9469501,51.1137512
9254,SB 60 ST NE @ Saddlehorn DR,ACTIVE,2026-09-29T19:46:12.000Z,2026-09-29T19:46:12.000Z,da78911c-3aeb-4e9e-9f16-18063fadae33,-113.9469527,51.1290068
9439,Saddletowne Circle Station (SB),ACTIVE,2026-09-29T19:46:12.000Z,2026-09-29T19:46:12.000Z,2d46548d-f8ba-42a3-a3cb-8d1cddd49039,-113.9469541,51.1209491
6667,SB Falconbridge BV @ Martinwood RD NE,ACTIVE,2026-09-29T19:46:12.000Z,2026-09-29T19:46:12.000Z,b8a703d8-a79a-4019-aadf-5aa09a4e5188,-113.9469823,51.1162319
7801,SB 60 ST SE @ 86 AV SE,ACTIVE,2026-09-29T19:46:12.000Z,2026-09-29T19:46:12.000Z,6c5b4641-c3bc-4a0e-be66-8920e88d5c0a,-113.9469922,50.9753518
4342,EB Rundlehorn DR @ Pinepoint DR NE,ACTIVE,2026-09-29T19:46:12.000Z,2026-09-29T19:46:12.000Z,ac165397-d81a-4344-bc3f-5e12debd35cf,-113.9469992,51.071482
2819,SB 57 ST SE @ 68 AV SE,ACTIVE,2026-09-29T19:46:12.000Z,2026-09-29T19:46:12.000Z,80e62387-73a1-4eef-b592-22be8f7b6bf7,-113.9470048,50.9937635
9438,SB Falconridge BV @ Taracove Estate DR NE,ACTIVE,2026-09-29T19:46:12.000Z,2026-09-29T19:46:12.000Z,0886ac2d-1621-461a-886c-51f56e3ed7d0,-113.9470054,51.1184813
7880,SB Falconridge BV @ Martindale BV NE,ACTIVE,2026-09-29T19:46:12.000Z,2026-09-29T19:46:12.000Z,5af08ac6-b017-41f5-a846-9acba2fa9e65,-113.9470102,51.1136421
9526,SB 57 ST SE @ 61 AV SE,ACTIVE,2026-09-29T19:46:12.000Z,2026-09-29T19:46:12.000Z,8c6672dc-9aad-42e8-beb2-86186477de39,-113.9470261,50.9986034
2824,WB 76 AV SE @ 57 ST SE,ACTIVE,2026-09-29T19:46:12.000Z,2026-09-29T19:46:12.000Z,db3830ca-b6c2-4009-8485-e39c40ee0e18,-113.9472236,50.9852211
9626,SB Saddletowne CI @ Martindale DR NE,ACTIVE,2026-09-29T19:46:12.000Z,2026-09-29T19:46:12.000Z,0e4ca817-48f3-4e46-8c76-c530909a5dfe,-113.9472342,51.1232457
6717,WB 28 AV NE @ 60 ST NE,ACTIVE,2026-09-29T19:46:12.000Z,2026-09-29T19:46:12.000Z,1da34b94-5e74-4e3d-b346-701278280561,-113.9472547,51.0780731
6258,WB Falconridge DR @ Falconridge CR NE,ACTIVE,2026-09-29T19:46:12.000Z,2026-09-29T19:46:12.000Z,7c38b412-5784-4690-b39e-9443a0103d7a,-113.9473246,51.0995551
6575,SB Falconridge BV @ 64 AV NE,ACTIVE,2026-09-29T19:46:12.000Z,2026-09-29T19:46:12.000Z,0377835a-5502-42b2-8eab-bf3f1261e94a,-113.9473273,51.1099175
4408,WB Temple DR @ 60 ST NE,ACTIVE,2026-09-29T19:46:12.000Z,2026-09-29T19:46:12.000Z,f71418a8-c558-44eb-afc9-0330130c7b78,-113.947357,51.084975
9440,SB Saddletowne CI @ Martindale DR NE,ACTIVE,2026-09-29T19:46:12.000Z,2026-09-29T19:46:12.000Z,a304c377-8c75-4ae0-b6c6-6a54e888e050,-113.9474102,51.1233942
2599,WB Auburn Bay AV @ Auburn Springs BV SE,ACTIVE,2026-09-29T19:46:12.000Z,2026-09-29T19:46:12.000Z,31918735-a107-40c9-af34-627b1d0c31bd,-113.947414,50.8916227
2705,WB Auburn Meadows DR @ Auburn Meadows VW SE,ACTIVE,2026-09-29T19:46:12.000Z,2026-09-29T19:46:12.000Z,b779c0d2-6d10-4806-923b-8e2f2fe93d5c,-113.9474174,50.8940929
2732,NB Auburn Springs BV @ Auburn Crest WY SE,ACTIVE,2026-09-29T19:46:12.000Z,2026-09-29T19:46:12.000Z,51ab22f9-00a0-4d6a-b41e-b8294d013c75,-113.9474723,50.8895364
2706,SB Auburn Springs BV @ Auburn Bay AV SE,ACTIVE,2026-09-29T19:46:12.000Z,2026-09-29T19:46:12.000Z,d0adece7-2602-4b26-afe7-88ea4655461e,-113.9474769,50.8909668
6573,WB 90 AV SE @ 60 ST SE,ACTIVE,2026-09-29T19:46:12.000Z,2026-09-29T19:46:12.000Z,460f4849-6dff-43b1-8115-ea49805e6983,-113.9475261,50.9724055
2115,EB Auburn Bay DR @ 56 ST SE,ACTIVE,2026-09-29T19:46:12.000Z,2026-09-29T19:46:12.000Z,f30a0dcb-c311-4c42-9a10-4e4c79092bd8,-113.9475557,50.8991744
7956,WB Martindale BV @ Falconridge BV NE,ACTIVE,2026-09-29T19:46:12.000Z,2026-09-29T19:46:12.000Z,8f19bac0-9969-4e60-a029-fbab306f0862,-113.9476416,51.1142523
4565,EB Falconridge DR @ Falconridge CR NE,ACTIVE,2026-09-29T19:46:12.000Z,2026-09-29T19:46:12.000Z,7cda7e5c-da27-4418-9380-40672982cf25,-113.9476686,51.0993212
8576,Saddletowne Terminal Stop A,ACTIVE,2026-09-29T19:46:12.000Z,2026-09-29T19:46:12.000Z,2bd0afa5-964b-41bb-9982-e6e37ab5767a,-113.9476704,51.1260581
9914,WB 68 AV SE @ 57 ST SE,ACTIVE,2026-09-29T19:46:12.000Z,2026-09-29T19:46:12.000Z,47388c96-afc4-4cee-a11d-db81d8659190,-113.9476825,50.9942732
8625,WB 17 AV SE @ 60 ST SE,ACTIVE,2026-09-29T19:46:12.000Z,2026-09-29T19:46:12.000Z,82814dd0-c2c8-4883-a359-7e1e71585b0e,-113.9477,51.0379307
2552,WB 128 AV NE @ 60 ST NE,ACTIVE,2026-09-29T19:46:12.000Z,2026-09-29T19:46:12.000Z,be3a89dc-70e3-4872-ab4e-2b5187d74730,-113.9478194,51.1656085
2465,SB 45 ST SE @ Market ST SE,ACTIVE,2026-09-29T19:46:12.000Z,2026-09-29T19:46:12.000Z,612f97a5-7b8e-4555-96b0-2140ac67fc49,-113.9478244,50.8812619
2475,WB Market ST @ 45 ST SE,ACTIVE,2026-09-29T19:46:12.000Z,2026-09-29T19:46:12.000Z,7b377fde-f631-4940-a94e-95dacc5827fc,-113.9478266,50.8806836
7895,WB Rundlehorn DR @ 59 ST NE,ACTIVE,2026-09-29T19:46:12.000Z,2026-09-29T19:46:12.000Z,047045d5-b371-4614-830d-80403ff05176,-113.9479079,51.0716227
8579,Saddletowne Terminal Stop B,ACTIVE,2026-09-29T19:46:12.000Z,2026-09-29T19:46:12.000Z,a068cc12-1fd8-461c-93cb-6ac1892940e8,-113.9479291,51.125777
2725,EB Auburn Meadows DR @ Auburn Meadows BV SE ns,ACTIVE,2026-09-29T19:46:12.000Z,2026-09-29T19:46:12.000Z,0d773952-9c2d-4745-91bc-b0613e05bbdc,-113.9480387,50.8937053
2728,Saddletowne Terminal Stop C,ACTIVE,2026-09-29T19:46:12.000Z,2026-09-29T19:46:12.000Z,393b9c98-93bf-4889-9433-63b56c64f21a,-113.9480535,51.1255383
2464,NB 45 ST SE @ Front ST SE,ACTIVE,2026-09-29T19:46:12.000Z,2026-09-29T19:46:12.000Z,614d5afe-87c0-40e3-b988-cbca0b842fff,-113.9481381,50.8834875
2707,SB Auburn Springs BV @ Auburn Crest WY SE,ACTIVE,2026-09-29T19:46:12.000Z,2026-09-29T19:46:12.000Z,c23f37e4-6fd2-4ef3-8032-13edb6b30788,-113.948227,50.8890866
1932,Saddletowne Terminal Stop K,ACTIVE,2026-09-29T19:46:12.000Z,2026-09-29T19:46:12.000Z,892d6c22-64fb-49e4-9aa2-0bfbc0bf2f85,-113.9482293,51.1260583
8580,Saddletowne Terminal Stop D,ACTIVE,2026-09-29T19:46:12.000Z,2026-09-29T19:46:12.000Z,f5e7822d-974c-42af-a9e4-5a5538ddbec7,-113.9482454,51.1253373
7909,EB Temple DR @ 58 ST NE,ACTIVE,2026-09-29T19:46:12.000Z,2026-09-29T19:46:12.000Z,9e1a6a15-3615-4bb2-8fda-0a03b02ae549,-113.9482811,51.0924111
9398,NB Saddletowne CTrain Station,ACTIVE,2026-09-29T19:46:12.000Z,2026-09-29T19:46:12.000Z,3d133c77-d5c9-4992-adc5-936fa0470b56,-113.9482915,51.125549
8585,Saddletowne Terminal Stop E,ACTIVE,2026-09-29T19:46:12.000Z,2026-09-29T19:46:12.000Z,e3827575-b97b-48d9-87a7-9fae2b2c739a,-113.9483708,51.1251058
9781,SB Saddletowne CTrain Station,ACTIVE,2026-09-29T19:46:12.000Z,2026-09-29T19:46:12.000Z,455f0940-7bc1-438c-8b64-e372f1cb59db,-113.9483726,51.1259019
8597,Saddletowne Terminal Stop I,ACTIVE,2026-09-29T19:46:12.000Z,2026-09-29T19:46:12.000Z,9bebe0e7-b966-4a94-a654-bcc8cf20b5f0,-113.9484531,51.1247248
4370,EB Memorial DR @ Penworth DR SE,ACTIVE,2026-09-29T19:46:12.000Z,2026-09-29T19:46:12.000Z,c6a72089-4f32-40c1-9031-73fd0c182eb7,-113.9484721,51.0528557
2542,WB Country Hills BV @ 60 ST NE,ACTIVE,2026-09-29T19:46:12.000Z,2026-09-29T19:46:12.000Z,3e79d1e3-1cca-42f4-a22c-b748db9e955c,-113.9485836,51.1545349
8627,Saddletowne Terminal Stop H,ACTIVE,2026-09-29T19:46:12.000Z,2026-09-29T19:46:12.000Z,cac86da8-5294-4cc0-b986-b6b96869f6cd,-113.9485952,51.1245855
1931,Saddletowne Terminal Stop J,ACTIVE,2026-09-29T19:46:12.000Z,2026-09-29T19:46:12.000Z,0003aee8-9b20-4173-9066-90e9ff466bd7,-113.9486145,51.1256573
6456,SB 45 ST SE @ South Health Campus,ACTIVE,2026-09-29T19:46:12.000Z,2026-09-29T19:46:12.000Z,8a69e490-b81b-42fa-98ed-76d1daae29fc,-113.9486168,50.882604
8636,Saddletowne Terminal Stop G,ACTIVE,2026-09-29T19:46:12.000Z,2026-09-29T19:46:12.000Z,c595a360-6d7f-46fc-bef7-3bad3d5c45de,-113.9487598,51.1244737
2119,WB Auburn Bay DR @ Auburn Meadows PL SE,ACTIVE,2026-09-29T19:46:12.000Z,2026-09-29T19:46:12.000Z,b88eb7c3-71d1-48a0-802c-36ecf27412b1,-113.9487611,50.8992734
1980,Saddletowne Terminal Stop F,ACTIVE,2026-09-29T19:46:12.000Z,2026-09-29T19:46:12.000Z,6bad8cd0-c81c-408a-9011-4d0e42d7eabf,-113.9487964,51.1246114
2376,Saddletowne Terminal Stop F,ACTIVE,2026-09-29T19:46:12.000Z,2026-09-29T19:46:12.000Z,463e4a6d-49ca-4986-a603-d717678df016,-113.9488287,51.1245772
3433,EB Auburn Bay AV SE @ Auburn Meadows BV SE,ACTIVE,2026-09-29T19:46:12.000Z,2026-09-29T19:46:12.000Z,8d00bc73-7cff-4d04-a004-471881ae5ae9,-113.9489521,50.8921559
9021,NB Auburn Bay ST @ Seton BV SE,ACTIVE,2026-09-29T19:46:12.000Z,2026-09-29T19:46:12.000Z,7923f067-add5-42dc-8f24-a6473308aab9,-113.9492725,50.8846029
7281,Falshire Drive Station (NB),ACTIVE,2026-09-29T19:46:12.000Z,2026-09-29T19:46:12.000Z,bcabf7e4-a2a3-4144-9f98-e3ac0e1bd72d,-113.9493027,51.1067632
2302,NB 52 ST SE @ Copperfield GA,ACTIVE,2026-09-29T19:46:12.000Z,2026-09-29T19:46:12.000Z,9740b78d-be38-467a-ac91-98e6b4981378,-113.9493756,50.9108007
2135,WB New Brighton DR @ BrightonCrest MR SE,ACTIVE,2026-09-29T19:46:12.000Z,2026-09-29T19:46:12.000Z,8786436f-e5f6-40e6-8127-f11f5e4ef87c,-113.9493955,50.9243903
7671,SB Falshire DR @ Falconridge BV NE,ACTIVE,2026-09-29T19:46:12.000Z,2026-09-29T19:46:12.000Z,7fb73c41-7e21-441e-8246-90cc121dfe9f,-113.9494308,51.1061855
4496,WB Temple DR @ Templemont DR NE,ACTIVE,2026-09-29T19:46:12.000Z,2026-09-29T19:46:12.000Z,a71d3a79-f5bd-403c-90c0-040bd0190548,-113.9494711,51.0923432
4359,WB Memorial DR @ 59 ST NE,ACTIVE,2026-09-29T19:46:12.000Z,2026-09-29T19:46:12.000Z,0339189c-5106-4e11-bcd5-ff29749a3afe,-113.9494743,51.0534576
4411,EB 28 AV NE @ 56 ST NE,ACTIVE,2026-09-29T19:46:12.000Z,2026-09-29T19:46:12.000Z,d7f25f62-7603-4ac2-a9c6-dd83affafc7a,-113.9494753,51.0775284
2904,WB Front ST @ Main Ent. South Health Campus SE,ACTIVE,2026-09-29T19:46:12.000Z,2026-09-29T19:46:12.000Z,04ba4275-283b-4c27-ab4a-77071e7b094d,-113.9494917,50.8814234
1900,WB 88 AV @ Savanna CR NE,ACTIVE,2026-09-29T19:46:12.000Z,2026-09-29T19:46:12.000Z,63d9309d-be1b-42d1-acbf-7784c36dec3f,-113.9495099,51.1326509
4381,EB Madigan DR @ Madeira RD NE,ACTIVE,2026-09-29T19:46:12.000Z,2026-09-29T19:46:12.000Z,2eb31548-a989-4fc8-8b5b-a7181b176aa7,-113.9496498,51.062943
9064,WB Seton BV @ Auburn Bay ST SE,ACTIVE,2026-09-29T19:46:12.000Z,2026-09-29T19:46:12.000Z,115f8c29-83dc-469a-8c3c-d1324afba502,-113.9497413,50.8842184
4323,WB 4 AV NE @ Maidstone DR,ACTIVE,2026-09-29T19:46:12.000Z,2026-09-29T19:46:12.000Z,20958071-77d9-4031-ab9f-9a6b9f5a94be,-113.9497428,51.0571886
2303,SB 52 ST SE @ Copperfield GA,ACTIVE,2026-09-29T19:46:12.000Z,2026-09-29T19:46:12.000Z,e681ec46-872b-467f-8694-f937a7de40ac,-113.9498024,50.9105833
4332,WB Madigan DR @ Manora HL NE,ACTIVE,2026-09-29T19:46:12.000Z,2026-09-29T19:46:12.000Z,bccc0ac4-6090-4b23-8aa5-cff403f8337e,-113.9498713,51.0630477
5685,WB Castleridge DR @ Falconridge BV NE,ACTIVE,2026-09-29T19:46:12.000Z,2026-09-29T19:46:12.000Z,5f6a4d9c-e0e6-4f3c-bf24-ce46cffa578e,-113.9502566,51.1070976
4326,EB 4 AV NE @ 55 ST NE,ACTIVE,2026-09-29T19:46:12.000Z,2026-09-29T19:46:12.000Z,09ab1cd6-3aad-4688-bff8-900e12db029d,-113.9502622,51.0571032
7759,Falshire Drive Station (SB),ACTIVE,2026-09-29T19:46:12.000Z,2026-09-29T19:46:12.000Z,f66d8902-fbb4-486d-8439-1ac5777b515c,-113.9502701,51.1065231
8678,EB 86 AV SE @ W. of 60 ST SE,ACTIVE,2026-09-29T19:46:12.000Z,2026-09-29T19:46:12.000Z,9ab3a08c-46ac-45f7-8de7-7d92604e64fc,-113.9502749,50.9758955
6718,WB 28 AV NE @ 58 ST NE,ACTIVE,2026-09-29T19:46:12.000Z,2026-09-29T19:46:12.000Z,2b6d4374-8914-488e-b382-0460c33a56b8,-113.9503471,51.0774307
7959,WB Martindale BV @ Martinwood WY NE,ACTIVE,2026-09-29T19:46:12.000Z,2026-09-29T19:46:12.000Z,dc151c74-cbcb-4349-a1f1-ed4808cf39cb,-113.9503729,51.1142247
2731,EB Auburn Springs BV @Auburn Bay ST SE,ACTIVE,2026-09-29T19:46:12.000Z,2026-09-29T19:46:12.000Z,f570c4a1-0d8c-49d1-9340-56d0ba9d28a2,-113.9503884,50.886763
5065,EB 8 AV SE @ Pensacola WY,ACTIVE,2026-09-29T19:46:12.000Z,2026-09-29T19:46:12.000Z,77d442f4-dfd5-4177-92fb-1453a5fff251,-113.9503931,51.0451252
7283,Falshire Drive Station (SB),ACTIVE,2026-09-29T19:46:12.000Z,2026-09-29T19:46:12.000Z,c4528cb0-83f7-4ab7-912a-48e875c37e22,-113.9503966,51.1064896
3486,WB 8 AV SE @ 58 ST SE,ACTIVE,2026-09-29T19:46:12.000Z,2026-09-29T19:46:12.000Z,05a5a5c6-4a1c-4ad0-8b1c-9b0ec83ed3c5,-113.9504207,51.0452491
2455,EB Seton DR @ Main ST SE,ACTIVE,2026-09-29T19:46:12.000Z,2026-09-29T19:46:12.000Z,19d47674-1590-42ca-a479-24b7ea811836,-113.9506357,50.8767308
2114,EB Auburn Bay DR @ Auburn Glen DR SE,ACTIVE,2026-09-29T19:46:12.000Z,2026-09-29T19:46:12.000Z,9cd1f913-eb3e-4991-bd86-afa1827deca7,-113.950646,50.8987056
2456,WB Seton DR @ Main ST SE,ACTIVE,2026-09-29T19:46:12.000Z,2026-09-29T19:46:12.000Z,c39cc41e-9006-49db-aefa-c98f737d9a74,-113.9507282,50.8770129
2646,EB Skyview CI @ Skyview Ranch DR NE,ACTIVE,2026-09-29T19:46:12.000Z,2026-09-29T19:46:12.000Z,d648ded7-3541-42cf-8ea3-597f2a956d85,-113.9507345,51.1571843
2813,WB 90 AV SE @ W. of 60 ST SE,ACTIVE,2026-09-29T19:46:12.000Z,2026-09-29T19:46:12.000Z,a4f0110a-15ac-4915-b712-91274ee14772,-113.9507929,50.9725143
8127,SB Auburn Bay ST @ Auburn Bay BV SE,ACTIVE,2026-09-29T19:46:12.000Z,2026-09-29T19:46:12.000Z,e53b67cc-4aa3-4ed2-a4b7-03140b4a9fb7,-113.9508025,50.88628
2271,NB Skyview Ranch BV @ Skyview Ranch AV NE,ACTIVE,2026-09-29T19:46:12.000Z,2026-09-29T19:46:12.000Z,6cb1185b-88fa-4908-b67b-576cd0171f3b,-113.950804,51.1613778
6787,WB Front ST @ Main Ent. South Health Campus SE,ACTIVE,2026-09-29T19:46:12.000Z,2026-09-29T19:46:12.000Z,e45efe97-edda-4462-9a5e-5074c484f3b2,-113.9508189,50.8811531
1949,NB Redstone BV @ Redstone DR NE,ACTIVE,2026-09-29T19:46:12.000Z,2026-09-29T19:46:12.000Z,a84b5a7d-1d42-4a75-8bdb-f22927f48d94,-113.9508928,51.1690276
2553,NB Redstone BV @ Red Embers WY,ACTIVE,2026-09-29T19:46:12.000Z,2026-09-29T19:46:12.000Z,6284a94f-4dd5-4187-a0cd-00a0d49ffc3b,-113.9508954,51.1672979
1950,NB Redstone BV @ Red Embers MR NE,ACTIVE,2026-09-29T19:46:12.000Z,2026-09-29T19:46:12.000Z,8185263e-2d02-4849-b8b6-7b879242ff4c,-113.9508958,51.1703275
2534,NB Redstone BV @ 128 AV NE,ACTIVE,2026-09-29T19:46:12.000Z,2026-09-29T19:46:12.000Z,76ade93b-9139-4f08-a4a4-fc54631be7ad,-113.9508963,51.1660054
1951,NB Redstone BV @ Red Sky WY NE,ACTIVE,2026-09-29T19:46:12.000Z,2026-09-29T19:46:12.000Z,45891fed-07a8-49a1-947f-03d0b58de106,-113.9508985,51.172301
8835,NB Pensacola WY @ Pennsburg DR SE,ACTIVE,2026-09-29T19:46:12.000Z,2026-09-29T19:46:12.000Z,f2f87674-2324-42f3-8dd9-97722de51004,-113.9509431,51.0415325
2270,NB Skyview Ranch BV @ Skyview Point CM NE,ACTIVE,2026-09-29T19:46:12.000Z,2026-09-29T19:46:12.000Z,4564edc2-910c-4907-a36c-862c64f555b8,-113.9509921,51.158614
8865,SB Pensacola WY @ 8 AV SE,ACTIVE,2026-09-29T19:46:12.000Z,2026-09-29T19:46:12.000Z,8632a861-8cb3-4152-a69f-0c0d606b7989,-113.9510578,51.0447827
1917,EB Country Hills BV @ Skyview PY NE,ACTIVE,2026-09-29T19:46:12.000Z,2026-09-29T19:46:12.000Z,a62df565-a806-4e40-a4f0-24f76515af2f,-113.9510579,51.1541255
4993,EB New Brighton DR @ New Brighton GD SE,ACTIVE,2026-09-29T19:46:12.000Z,2026-09-29T19:46:12.000Z,7690501c-a0aa-470f-996c-f5fd4871971d,-113.9510621,50.9158191
1972,SB Skyview Ranch BV @ Skyview Ranch AV NE,ACTIVE,2026-09-29T19:46:12.000Z,2026-09-29T19:46:12.000Z,0e821bc8-58d9-487f-bb00-30b999c18fea,-113.951197,51.1605812
2537,SB Redstone BV @ Redstone DR NE,ACTIVE,2026-09-29T19:46:12.000Z,2026-09-29T19:46:12.000Z,f6feb4ce-ef43-4a36-8598-157fdda6cfe7,-113.9512099,51.167692
2637,SB Redstone BV NE @ Red Embers MR NE,ACTIVE,2026-09-29T19:46:12.000Z,2026-09-29T19:46:12.000Z,54c2be31-7f73-4b5c-9856-399b98416479,-113.9512103,51.1697672
2558,SB Redstone BV @ Red Embers WY,ACTIVE,2026-09-29T19:46:12.000Z,2026-09-29T19:46:12.000Z,e4700e02-d9df-4ff8-b1d2-58de6b15d271,-113.9512114,51.1664768
1913,SB Skyview Ranch BV @ 128 AV NE,ACTIVE,2026-09-29T19:46:12.000Z,2026-09-29T19:46:12.000Z,c59047a8-cf2d-4b24-9acd-621dfa0760de,-113.9512141,51.164767
2582,SB Redstone BV NE @ Redstone AV NE,ACTIVE,2026-09-29T19:46:12.000Z,2026-09-29T19:46:12.000Z,a8369b65-e4cc-40c3-ae88-971725edbbf8,-113.9512144,51.1723722
1914,SB Skyview Ranch BV @ Skyview Ranch RD NE,ACTIVE,2026-09-29T19:46:12.000Z,2026-09-29T19:46:12.000Z,b4e7a601-a1ef-48ef-b722-f9b09c236090,-113.9512209,51.162495
2818,68 AV SE @ 55 ST SE eb,ACTIVE,2026-09-29T19:46:12.000Z,2026-09-29T19:46:12.000Z,9cf96cb2-f8d9-431a-b312-6a14e3361d84,-113.9512711,50.9940846
3658,NB Seton WY @ 212 AV SE,ACTIVE,2026-09-29T19:46:12.000Z,2026-09-29T19:46:12.000Z,6f3b82d6-5344-4b01-9c18-4591b5c02592,-113.9514256,50.8639808
4308,WB Falconridge DR @ Falworth RD NE,ACTIVE,2026-09-29T19:46:12.000Z,2026-09-29T19:46:12.000Z,c76fb681-f11b-4147-83db-131fae0b393d,-113.951437,51.098718
3620,SB 52 ST SE @ McIvor BV,ACTIVE,2026-09-29T19:46:12.000Z,2026-09-29T19:46:12.000Z,6d463005-9fb1-4cd9-be3f-60b38a7f4cb2,-113.9514652,50.9120912
2120,WB Auburn Bay DR @ Auburn Glen DR SE,ACTIVE,2026-09-29T19:46:12.000Z,2026-09-29T19:46:12.000Z,67408476-fd2d-43a8-87c5-c63fe52c5158,-113.9515234,50.8987528
1973,SB Skyview Ranch BV @ Skyview Point CM NE,ACTIVE,2026-09-29T19:46:12.000Z,2026-09-29T19:46:12.000Z,b8e2f121-c9fe-437d-b780-022c818bd02c,-113.9516321,51.1583006
2647,WB Skyview CI NE @ Skyview Ranch DR NE,ACTIVE,2026-09-29T19:46:12.000Z,2026-09-29T19:46:12.000Z,83974fca-a503-4635-8edb-4caa6d0ff789,-113.9516489,51.1568322
4498,EB Temple DR @ 56 ST NE,ACTIVE,2026-09-29T19:46:12.000Z,2026-09-29T19:46:12.000Z,89759170-3329-4ef4-b4e8-d3e37a509524,-113.9516751,51.0851147
2272,WB Skyview Ranch RD @ Skyview Ranch BV NE,ACTIVE,2026-09-29T19:46:12.000Z,2026-09-29T19:46:12.000Z,f6f5d613-ec3a-4bfc-85cb-8e0f5cce117b,-113.951759,51.1629687
5071,WB Pensacola WY @ Pennsburg DR SE,ACTIVE,2026-09-29T19:46:12.000Z,2026-09-29T19:46:12.000Z,709b38ac-788f-46f5-afca-2b8e5376b397,-113.9517697,51.0411133
2648,NB Skyview CI NE @ Skyview Parade NE,ACTIVE,2026-09-29T19:46:12.000Z,2026-09-29T19:46:12.000Z,3de0c2ce-1ee8-4b0c-a62b-44289232dac9,-113.9518218,51.1563132
2399,WB 68 AV SE @ 55 ST SE,ACTIVE,2026-09-29T19:46:12.000Z,2026-09-29T19:46:12.000Z,33c9d1c2-dd44-45aa-9837-890f6bbdad5b,-113.9518726,50.9943683
7891,EB Martindale BV @ Martindale DR NE,ACTIVE,2026-09-29T19:46:12.000Z,2026-09-29T19:46:12.000Z,44cd38a2-6494-45ea-9d20-1448b028d933,-113.951913,51.114058
2729,NB Seton WY @ 202 AV SE,ACTIVE,2026-09-29T19:46:12.000Z,2026-09-29T19:46:12.000Z,9034b413-ca8c-46d2-8f61-68bb98ed45eb,-113.9519234,50.8667428
3671,SB Seton WY @ 212 AV SE,ACTIVE,2026-09-29T19:46:12.000Z,2026-09-29T19:46:12.000Z,0da9c65d-af73-441c-823d-980b9b9ac448,-113.9519235,50.8641278
8125,WB Auburn Bay BV @ Auburn Bay ST SE,ACTIVE,2026-09-29T19:46:12.000Z,2026-09-29T19:46:12.000Z,6ebc011c-336c-441c-94e4-bcdfc3207fd1,-113.951995,50.886528
4563,EB Falconridge DR @ Falconridge CR NE,ACTIVE,2026-09-29T19:46:12.000Z,2026-09-29T19:46:12.000Z,834d2ab3-263e-4168-b90e-216925042dad,-113.952002,51.0985978
2895,SB 56 ST SE @ 114 AV SE  ( Nearside ),ACTIVE,2026-09-29T19:46:12.000Z,2026-09-29T19:46:12.000Z,f22f477d-6ee0-4fbf-8022-6bd8a2c19d97,-113.952003,50.9510177
2535,WB Redstone DR @ Redstone BV NE,ACTIVE,2026-09-29T19:46:12.000Z,2026-09-29T19:46:12.000Z,da689e35-ffa5-4a3b-b9ad-c8796983b834,-113.9520327,51.1684709
2720,SB Seton WY @ Seton GV SE,ACTIVE,2026-09-29T19:46:12.000Z,2026-09-29T19:46:12.000Z,40fd1f24-8c40-4158-97bf-c8468a3965ec,-113.9520397,50.8658094
6969,SB 56 ST SE @ Dufferin BV,ACTIVE,2026-09-29T19:46:12.000Z,2026-09-29T19:46:12.000Z,3ddb7b74-f1c4-4bde-a093-9660dd967e06,-113.9520425,50.9532648
6213,EB Rundlehorn DR @ 56 ST NE,ACTIVE,2026-09-29T19:46:12.000Z,2026-09-29T19:46:12.000Z,560ab2cd-34ad-4c77-9bf2-ba78ce6d29ac,-113.952054,51.0715151
2564,EB 88 AV NE @ Savanna ST,ACTIVE,2026-09-29T19:46:12.000Z,2026-09-29T19:46:12.000Z,6e8ae61f-4c0d-4fb2-86b6-90426306d5a0,-113.9520899,51.1323117
1812,NB Savanna ST NE @ 88 AV NE,ACTIVE,2026-09-29T19:46:12.000Z,2026-09-29T19:46:12.000Z,fb47cd41-2c77-4f70-a6a6-fd053a7e8e39,-113.9522594,51.1331238
1813,NB Savanna ST NE @ Savanna PL NE,ACTIVE,2026-09-29T19:46:12.000Z,2026-09-29T19:46:12.000Z,50721514-7a91-4f2b-89af-7ed9e6f466c3,-113.9522713,51.1356985
1947,NB Skyview PY @ Cityscape DR NE,ACTIVE,2026-09-29T19:46:12.000Z,2026-09-29T19:46:12.000Z,6f70ed06-ac0d-4c92-8f47-cb9bdd583116,-113.9523368,51.1524084
2550,NB Skyview CI @ Country Hills BV,ACTIVE,2026-09-29T19:46:12.000Z,2026-09-29T19:46:12.000Z,911ae392-0575-49e1-a0c0-63809f29b1d7,-113.9523417,51.1550243
3941,WB  New Brighton DR @ New Brighton GD SE,ACTIVE,2026-09-29T19:46:12.000Z,2026-09-29T19:46:12.000Z,92c238c4-386a-4088-915e-dd82e241e700,-113.9523869,50.9162315
4412,EB Pinetown PL @ 56 ST NE,ACTIVE,2026-09-29T19:46:12.000Z,2026-09-29T19:46:12.000Z,3f7fe452-fda0-44c8-a41a-5decb1fd5ee7,-113.9523907,51.07684
1810,SB Savanna ST NE @ Savanna DR NE,ACTIVE,2026-09-29T19:46:12.000Z,2026-09-29T19:46:12.000Z,32047d3c-717e-405d-8fa7-33e31d289cc1,-113.9525311,51.1362252
2382,SB Savanna ST @ Savanna BV NE,ACTIVE,2026-09-29T19:46:12.000Z,2026-09-29T19:46:12.000Z,8d805e87-1539-4e59-807b-0b8f03eaf254,-113.9525455,51.1340982
8944,EB Seton BV @ E. of Auburn Bay LI SE,ACTIVE,2026-09-29T19:46:12.000Z,2026-09-29T19:46:12.000Z,e4e461cc-d28e-4963-b3a9-c669bf54376f,-113.9525663,50.8832236
2649,SB Skyview CI NE @ Skyview Parade NE,ACTIVE,2026-09-29T19:46:12.000Z,2026-09-29T19:46:12.000Z,08d530dc-76e4-48b7-9402-d5ac020e68c3,-113.9525754,51.1556006
4407,WB Temple DR @ 56 ST NE,ACTIVE,2026-09-29T19:46:12.000Z,2026-09-29T19:46:12.000Z,6e77190d-6d84-431f-a1fe-0bf4fa206024,-113.9525865,51.0855883
2825,WB 76 AV SE @ 56 ST SE,ACTIVE,2026-09-29T19:46:12.000Z,2026-09-29T19:46:12.000Z,705b27a1-2d41-4d88-925c-609806411963,-113.952596,50.985267
3619,NB 52 ST SE @ McIvor BV,ACTIVE,2026-09-29T19:46:12.000Z,2026-09-29T19:46:12.000Z,4455d22e-9532-456c-adae-287bed27e4d8,-113.9526059,50.913339
4129,WB Pinetown PL @ 56 ST NE,ACTIVE,2026-09-29T19:46:12.000Z,2026-09-29T19:46:12.000Z,77ad46f1-95ba-4a97-b6c2-2cb4a83270b6,-113.9526687,51.0769552
6256,EB Castleridge DR @ Castlepark RD NE,ACTIVE,2026-09-29T19:46:12.000Z,2026-09-29T19:46:12.000Z,2d08a314-4882-4d50-adc9-8c308fd66b7f,-113.9526925,51.1080786
9499,WB McKenzie Towne DR @ 52 ST SE,ACTIVE,2026-09-29T19:46:12.000Z,2026-09-29T19:46:12.000Z,00aef0bc-a14f-486b-b181-c02de3b6731d,-113.9527224,50.9124065
1974,SB Skyview PY @ Country Hills BV NE,ACTIVE,2026-09-29T19:46:12.000Z,2026-09-29T19:46:12.000Z,f8ee01aa-2ee0-4759-9b44-cc2a1ce5e39e,-113.9527449,51.1535947
2544,WB 88 AV NE @ Savanna ST,ACTIVE,2026-09-29T19:46:12.000Z,2026-09-29T19:46:12.000Z,91aed977-2fa3-4df6-94c8-5618d811a6c4,-113.952851,51.1327156
7882,WB Castleridge DR @ Castleridge RD NE,ACTIVE,2026-09-29T19:46:12.000Z,2026-09-29T19:46:12.000Z,7bd4d68c-250f-48a9-bcc7-c1a0ef165e00,-113.9528536,51.1082357
1952,WB Redstone AV @ Red Sky TC NE,ACTIVE,2026-09-29T19:46:12.000Z,2026-09-29T19:46:12.000Z,6b176a03-213c-4dec-beb4-df00dd84f403,-113.9528638,51.1730278
4327,EB 4 AV NE @ Maidstone DR,ACTIVE,2026-09-29T19:46:12.000Z,2026-09-29T19:46:12.000Z,c2a86df6-8dc6-4e73-9389-fbe481bdc359,-113.9528856,51.0569288
2719,SB Seton WY @ Seton CI SE,ACTIVE,2026-09-29T19:46:12.000Z,2026-09-29T19:46:12.000Z,ed4e387c-d386-454b-8774-914c74523cbc,-113.9529455,50.8671995
2113,EB Auburn Bay DR @ Auburn Glen GR SE,ACTIVE,2026-09-29T19:46:12.000Z,2026-09-29T19:46:12.000Z,1414c30d-4761-475d-867d-5ba03a9597b6,-113.952985,50.8978276
1814,WB Savanna DR NE @ Savanna MR NE,ACTIVE,2026-09-29T19:46:12.000Z,2026-09-29T19:46:12.000Z,e9ea2e49-81d1-43bc-92c3-7ad89fa6e591,-113.9529896,51.1366887
2121,WB Auburn Bay DR @ Auburn Glen GR SE,ACTIVE,2026-09-29T19:46:12.000Z,2026-09-29T19:46:12.000Z,821b2122-907e-4817-a9fd-51a4634192da,-113.9530518,50.8980245
7908,EB Temple DR @ Templewood RD NE,ACTIVE,2026-09-29T19:46:12.000Z,2026-09-29T19:46:12.000Z,d7fd65a3-a7f2-4472-a21b-064b1465755a,-113.953104,51.0916195
7761,SB Falconridge BV @ Falworth WY NE,ACTIVE,2026-09-29T19:46:12.000Z,2026-09-29T19:46:12.000Z,2698be39-321e-4edb-af91-f8233e51585d,-113.9531097,51.1049952
4382,EB Madigan DR @ Madeira DR NE,ACTIVE,2026-09-29T19:46:12.000Z,2026-09-29T19:46:12.000Z,465fe1aa-1578-4e94-b7f8-19fedf253b8e,-113.9531789,51.0624594
2562,WB Country Hills BV @ Skyview CI,ACTIVE,2026-09-29T19:46:12.000Z,2026-09-29T19:46:12.000Z,284b6dba-7d2d-4d55-8ec9-31898ffbd0ae,-113.9532116,51.1545207
9362,WB Martindale BV @ Martindale DR NE,ACTIVE,2026-09-29T19:46:12.000Z,2026-09-29T19:46:12.000Z,ac6a7646-d901-4479-bda6-b3c714d703f1,-113.9532172,51.1142179
9633,EB 80 AV NE @ Saddlecreek GT,ACTIVE,2026-09-29T19:46:12.000Z,2026-09-29T19:46:12.000Z,5090ef6b-1e64-4319-8959-57b575a6e714,-113.9532187,51.1250713
2635,EB Redstone AV @ Red Sky PS NE,ACTIVE,2026-09-29T19:46:12.000Z,2026-09-29T19:46:12.000Z,98e8d7f3-1cc4-4123-8242-fb2947c6da97,-113.953234,51.1728387
1976,WB Cityscape Dr @ Skyview PY NE,ACTIVE,2026-09-29T19:46:12.000Z,2026-09-29T19:46:12.000Z,d26ade2b-ea1b-4034-adef-85408904e9d8,-113.9532948,51.152195
7896,WB Rundlehorn DR @ 56 ST NE,ACTIVE,2026-09-29T19:46:12.000Z,2026-09-29T19:46:12.000Z,ddce2729-4df0-4a97-a66f-4cbea8e1a0f1,-113.9533466,51.0716388
6235,SB 4 AV NE @ N. Leg Maidstone DR,ACTIVE,2026-09-29T19:46:12.000Z,2026-09-29T19:46:12.000Z,4646e70e-10c6-4aad-a3c6-2c394977b15d,-113.9535285,51.0567027
1819,SB Martindale DR @ Martin Crossing DR NE,ACTIVE,2026-09-29T19:46:12.000Z,2026-09-29T19:46:12.000Z,75e51e64-edc4-4f07-a36c-f32fea82bda9,-113.953549,51.1185568
8834,EB Pensacola WY @ Pensacola CL SE,ACTIVE,2026-09-29T19:46:12.000Z,2026-09-29T19:46:12.000Z,8e681076-c064-4700-b730-a2805cd47a31,-113.9537382,51.0409038
8639,WB Seton BV @ Auburn Bay LI SE,ACTIVE,2026-09-29T19:46:12.000Z,2026-09-29T19:46:12.000Z,da446b96-6efc-4595-8149-9854e12317a3,-113.9538038,50.8834359
2730,NB Seton WY @ Union AV SE,ACTIVE,2026-09-29T19:46:12.000Z,2026-09-29T19:46:12.000Z,aa314045-fd59-426c-b669-80d34e0875e7,-113.9540096,50.8693223
8643,EB Auburn Bay BV @ Auburn Bay LI SE,ACTIVE,2026-09-29T19:46:12.000Z,2026-09-29T19:46:12.000Z,81c4caec-a6e2-4d24-b900-0f1e2309b371,-113.9540918,50.8857984
9616,NB New Brighton DR @ New Brighton PA SE,ACTIVE,2026-09-29T19:46:12.000Z,2026-09-29T19:46:12.000Z,3fcc77df-2a62-4aa5-8d86-9d3824d7bfa8,-113.9541262,50.9177072
4495,WB Temple DR @ Templewood RD NE,ACTIVE,2026-09-29T19:46:12.000Z,2026-09-29T19:46:12.000Z,eaa262bb-ca55-41b0-ba0c-56481f23d20d,-113.9542078,51.0915583
3939,SB  New Brighton DR @ New Brighton MR SE,ACTIVE,2026-09-29T19:46:12.000Z,2026-09-29T19:46:12.000Z,1e71b5f4-5a66-44b8-b10b-803f5c5111c9,-113.9542199,50.917143
2554,WB Redstone DR @ Red Embers SQ,ACTIVE,2026-09-29T19:46:12.000Z,2026-09-29T19:46:12.000Z,8f4f2b8b-74e5-4705-93f6-c3c342506f54,-113.9542388,51.1684717
9635,WB Martin Crossing DR @ Martindale DR NE,ACTIVE,2026-09-29T19:46:12.000Z,2026-09-29T19:46:12.000Z,200492b9-f878-4404-bdd6-c11bcb453ecb,-113.954353,51.1186533
3501,EB Seton BV @ Auburn Bay LI SE,ACTIVE,2026-09-29T19:46:12.000Z,2026-09-29T19:46:12.000Z,44defe24-fac0-482d-a079-9ffb910ea60a,-113.9543544,50.8828647
9374,WB McKenzie Towne DR @ McKenzie Towne GA SE,ACTIVE,2026-09-29T19:46:12.000Z,2026-09-29T19:46:12.000Z,b26ec8ea-764a-4c9a-a073-d2bcec142b87,-113.9543652,50.9114573
2850,EB 8 AV SE @ Pensdale RD,ACTIVE,2026-09-29T19:46:12.000Z,2026-09-29T19:46:12.000Z,9be74695-970c-47eb-8fbe-b2a4e0cb801b,-113.9543768,51.0450429
4331,WB Madigan DR @ Madeira DR NE,ACTIVE,2026-09-29T19:46:12.000Z,2026-09-29T19:46:12.000Z,7c092475-8a89-41bf-a263-bf769f6df570,-113.9543806,51.0624188
2805,EB 94 AV SE @ 54 ST SE,ACTIVE,2026-09-29T19:46:12.000Z,2026-09-29T19:46:12.000Z,ba832842-fc15-4f12-a100-2a530e65df03,-113.9543946,50.9686172
9849,SB New Brighton DR @ S.  of New Brighton DR SE,ACTIVE,2026-09-29T19:46:12.000Z,2026-09-29T19:46:12.000Z,509a8d2e-38a8-44b3-b2de-c643cbdacbf1,-113.9544007,50.9248296
9497,EB Dufferin BV @ 54 ST SE,ACTIVE,2026-09-29T19:46:12.000Z,2026-09-29T19:46:12.000Z,17ed68f9-9f42-4816-8e78-97381ea2ed8f,-113.9544075,50.9539023
9864,WB New Brighton DR @ W. of New Brighton DR SE,ACTIVE,2026-09-29T19:46:12.000Z,2026-09-29T19:46:12.000Z,3a025b87-dc80-4995-aac3-016278532787,-113.9544925,50.9254518
9862,NB New Brighton DR @ Brightstone BA SE,ACTIVE,2026-09-29T19:46:12.000Z,2026-09-29T19:46:12.000Z,8928b5af-4447-45a2-95b0-9a9154a0dc5e,-113.9545662,50.9201204
9863,NB New Brighton DR @  Brightstone GV SE,ACTIVE,2026-09-29T19:46:12.000Z,2026-09-29T19:46:12.000Z,518e2599-ce0c-4dd7-b350-fe41bd544752,-113.9546005,50.9233848
7477,WB Martindale DR @ Martindale CL NE,ACTIVE,2026-09-29T19:46:12.000Z,2026-09-29T19:46:12.000Z,a75b9d2b-ef1f-4b1a-8db5-d74e35c3d298,-113.954715,51.1125209
8866,WB Pensacola WY @ Pensacola CL SE,ACTIVE,2026-09-29T19:46:12.000Z,2026-09-29T19:46:12.000Z,4d7bf05d-060a-4789-a86d-97eca3d9da57,-113.954743,51.041029
6169,EB Memorial DR @ 52 ST NE,ACTIVE,2026-09-29T19:46:12.000Z,2026-09-29T19:46:12.000Z,f65aa55b-e96d-4efe-966e-153b67d4c22b,-113.9547731,51.053398
6189,EB 17 AV SE @ 54 ST SE,ACTIVE,2026-09-29T19:46:12.000Z,2026-09-29T19:46:12.000Z,abee1cba-0690-457a-aa8e-89d566c2a8a9,-113.9548144,51.0377656
6093,WB Temple DR@ 55 ST NE,ACTIVE,2026-09-29T19:46:12.000Z,2026-09-29T19:46:12.000Z,5b7eb9b7-15e3-4fd3-98e6-02533d21ba03,-113.9548191,51.0859523
9551,WB 80 AV NE @ Saddlecreek GA,ACTIVE,2026-09-29T19:46:12.000Z,2026-09-29T19:46:12.000Z,26a14b8f-5bcb-438a-b26a-daf9398ab433,-113.9548313,51.1253059
9851,SB New Brighton DR @ New Brighton CI SE,ACTIVE,2026-09-29T19:46:12.000Z,2026-09-29T19:46:12.000Z,1dc610bc-f5ba-48c7-919a-1f88130814c7,-113.9549057,50.9197155
2122,WB Auburn Bay DR @ Auburn Glen WY SE,ACTIVE,2026-09-29T19:46:12.000Z,2026-09-29T19:46:12.000Z,d34cb736-1c1a-4ee7-b65a-e500dc0bd466,-113.9549264,50.8962178
2269,EB Skyview Ranch DR @ Skyview Ranch ST NE,ACTIVE,2026-09-29T19:46:12.000Z,2026-09-29T19:46:12.000Z,b073f571-d124-444e-8e36-63c198497e66,-113.955012,51.1579561
7863,NB 52 ST SE @ S. of Memorial DR,ACTIVE,2026-09-29T19:46:12.000Z,2026-09-29T19:46:12.000Z,489bab74-333f-4a24-af88-ed7ddcf4f614,-113.9550441,51.0514441
2512,WB 8 AV SE @ Pensdale RD,ACTIVE,2026-09-29T19:46:12.000Z,2026-09-29T19:46:12.000Z,34cded39-3600-4b47-8710-5bc29a9ac0ea,-113.9550571,51.0453098
9850,SB New Brighton DR @ New Brighton LN SE,ACTIVE,2026-09-29T19:46:12.000Z,2026-09-29T19:46:12.000Z,a1161ebe-4643-47df-8611-d83baba8cc6e,-113.9551756,50.9227719
9498,SB 52 ST SE @ McKenzie Towne DR,ACTIVE,2026-09-29T19:46:12.000Z,2026-09-29T19:46:12.000Z,23a40473-4d03-4bd6-80ac-35d1b9cc8031,-113.9551787,50.9142724
1809,EB Savanna Dr NE @ Savanna CR NE,ACTIVE,2026-09-29T19:46:12.000Z,2026-09-29T19:46:12.000Z,d4db3ce9-babc-4de7-8e06-9a05cfb998f6,-113.9551845,51.1365336
3938,WB New Brighton GA @ New Brighton DR SE,ACTIVE,2026-09-29T19:46:12.000Z,2026-09-29T19:46:12.000Z,4397c615-9edb-49e8-a644-18ff119d1547,-113.955398,50.918496
8644,EB Seton BV @ Auburn Bay LI SE,ACTIVE,2026-09-29T19:46:12.000Z,2026-09-29T19:46:12.000Z,059ca83d-c131-4f6c-96bf-061706075ac3,-113.9554156,50.8826405
7883,EB Castleridge DR @ 54 ST NE,ACTIVE,2026-09-29T19:46:12.000Z,2026-09-29T19:46:12.000Z,4acd848f-8a39-411c-ba8a-dac5e2231af0,-113.9554662,51.108052
2718,SB Seton WY SE @ Seton AV SE,ACTIVE,2026-09-29T19:46:12.000Z,2026-09-29T19:46:12.000Z,5ad51ca4-46cc-4b6b-93ef-dc63c453a365,-113.9554816,50.8703349
7762,NB Falconridge BV @ Falworth RD NE,ACTIVE,2026-09-29T19:46:12.000Z,2026-09-29T19:46:12.000Z,5783142e-7606-4242-a905-c19a67ae66a9,-113.9555146,51.103187
1953,WB Redstone AV @ Red Sky WY NE,ACTIVE,2026-09-29T19:46:12.000Z,2026-09-29T19:46:12.000Z,53417032-e1d1-4311-95db-3212c2714260,-113.9555183,51.173025
7280,NB Falconridge BV @ Falworth RD NE,ACTIVE,2026-09-29T19:46:12.000Z,2026-09-29T19:46:12.000Z,070a3e45-4dea-4c13-bb53-73831863fd5a,-113.955558,51.1031791
7897,WB Rundlehorn DR @ Pineset PL NE,ACTIVE,2026-09-29T19:46:12.000Z,2026-09-29T19:46:12.000Z,b54d0f03-1337-46a6-b8dc-186db6a78153,-113.9556556,51.071699
6382,NB 52 ST SE @ 5 AV SE,ACTIVE,2026-09-29T19:46:12.000Z,2026-09-29T19:46:12.000Z,25c23c8d-c9a1-4234-a933-87e3a382f0c4,-113.9556794,51.0493739
6360,SB 52 ST E @ Memorial DR,ACTIVE,2026-09-29T19:46:12.000Z,2026-09-29T19:46:12.000Z,e7e91aeb-bc01-410d-8b6f-5e71dd6ac9a7,-113.9557178,51.052703
2462,EB Seton DR @ Seton WY SE,ACTIVE,2026-09-29T19:46:12.000Z,2026-09-29T19:46:12.000Z,bbe1b254-8476-44ff-b456-576a920fc482,-113.955788,50.8767781
6229,EB 4 AV NE @ 52 ST NE,ACTIVE,2026-09-29T19:46:12.000Z,2026-09-29T19:46:12.000Z,821f23c0-b2c1-4785-8820-a5f92665f6ae,-113.9557938,51.0552416
5790,EB Falconridge DR @ Falsbridge DR NE,ACTIVE,2026-09-29T19:46:12.000Z,2026-09-29T19:46:12.000Z,a1384bc0-68da-456b-9aa2-ba860aa6585c,-113.9558042,51.0994346
9483,NB 52 ST NE @ Memorial DR,ACTIVE,2026-09-29T19:46:12.000Z,2026-09-29T19:46:12.000Z,9568e947-a16b-43f5-a505-35190eedd853,-113.9559005,51.0540732
9363,WB Martindale BV @ Martinbrook GA NE,ACTIVE,2026-09-29T19:46:12.000Z,2026-09-29T19:46:12.000Z,811efeec-8048-41e6-addf-325f0929437e,-113.9559201,51.1144053
8124,EB Auburn Bay BV @ Auburn Bay CL SE,ACTIVE,2026-09-29T19:46:12.000Z,2026-09-29T19:46:12.000Z,54990d03-9546-478e-963e-e4edb5d9d5ee,-113.9559828,50.8853458
4307,WB Falconridge DR @ Falsbridge DR NE,ACTIVE,2026-09-29T19:46:12.000Z,2026-09-29T19:46:12.000Z,e3dcd3d2-091c-43da-94f1-c58bf65fcc72,-113.9560176,51.099665
3975,EB McKenzie Towne LI @ 52 ST SE,ACTIVE,2026-09-29T19:46:12.000Z,2026-09-29T19:46:12.000Z,ba7c1b8a-c692-4225-bb33-32647c353107,-113.9560212,50.9144005
2581,EB Redstone AV @ Red Sky GR NE,ACTIVE,2026-09-29T19:46:12.000Z,2026-09-29T19:46:12.000Z,bb6737fe-c1f7-499b-ab33-025fb243a58c,-113.9560269,51.1728413
9946,NB 52 ST SE @ McKenzie Towne LI,ACTIVE,2026-09-29T19:46:12.000Z,2026-09-29T19:46:12.000Z,320dc3dc-a208-4b49-9e89-016d6795d340,-113.9560489,50.9152837
9361,EB Martin Crossing DR @ Martin Crossing CR NE,ACTIVE,2026-09-29T19:46:12.000Z,2026-09-29T19:46:12.000Z,4f5dd839-094c-48b5-8528-d04d893268bd,-113.9560791,51.1178545
8139,WB Skyview Ranch RD @ Skyview Ranch ST NE,ACTIVE,2026-09-29T19:46:12.000Z,2026-09-29T19:46:12.000Z,50d504d4-3f74-4f74-ac3b-adf157c8e8b9,-113.9561012,51.1630279
2458,WB  Front ST @ Seton WY SE,ACTIVE,2026-09-29T19:46:12.000Z,2026-09-29T19:46:12.000Z,cc73362d-c9bf-48ae-ae9d-86518d02a4c1,-113.9561631,50.880771
2112,EB Auburn Bay DR @ S.leg Auburn Glen HT SE,ACTIVE,2026-09-29T19:46:12.000Z,2026-09-29T19:46:12.000Z,5bb5b94d-dbbc-4d39-98b6-67a41db17eb4,-113.9561938,50.8941451
7890,EB Martindale BV @ Martinbrook GA NE,ACTIVE,2026-09-29T19:46:12.000Z,2026-09-29T19:46:12.000Z,8a03a1fb-8ec8-4a49-bfdc-d6197fa13577,-113.9562291,51.1142694
2453,NB Seton WY @ Seton AV SE,ACTIVE,2026-09-29T19:46:12.000Z,2026-09-29T19:46:12.000Z,067fede8-dd11-4130-929e-78b88b83084e,-113.956252,50.8723861
1815,WB Savanna DR NE @ Savanna CR NE,ACTIVE,2026-09-29T19:46:12.000Z,2026-09-29T19:46:12.000Z,07637624-fbe7-4ee5-a453-ae50de7e5d7d,-113.9563194,51.13669
6193,WB 17 AV SE @ 54 ST SE,ACTIVE,2026-09-29T19:46:12.000Z,2026-09-29T19:46:12.000Z,db4755d2-cf20-467e-9f38-2d0246969e8c,-113.9563266,51.037985
6148,SB 52 ST SE @ 5 AV SE,ACTIVE,2026-09-29T19:46:12.000Z,2026-09-29T19:46:12.000Z,0313933b-6198-42e8-81d9-3bc349bf4752,-113.956392,51.0487358
2811,WB 94 AV SE @ 54 ST SE,ACTIVE,2026-09-29T19:46:12.000Z,2026-09-29T19:46:12.000Z,c0f7555f-6046-4079-88fb-30ddeed54ffd,-113.9563995,50.9687837
2468,NB Seton WY @ Market ST SE,ACTIVE,2026-09-29T19:46:12.000Z,2026-09-29T19:46:12.000Z,2844e61f-41ca-4807-a043-0c0301eb93b0,-113.9564152,50.8799797
6788,NB Seton WY @ Front ST SE,ACTIVE,2026-09-29T19:46:12.000Z,2026-09-29T19:46:12.000Z,4225dd87-dc68-469b-ba2f-c366097adb12,-113.9564385,50.88104
5793,WB Castleridge DR @ 54 ST NE,ACTIVE,2026-09-29T19:46:12.000Z,2026-09-29T19:46:12.000Z,9c5b3bec-5f0c-483e-88c1-f058c2bf5bba,-113.9564695,51.1082221
7894,WB 64 AV NE @ Martindale DR,ACTIVE,2026-09-29T19:46:12.000Z,2026-09-29T19:46:12.000Z,ff2990af-e96d-4195-97f5-eb78c7b29691,-113.9565039,51.1107416
4322,NB 52 ST & 4 AV NE,ACTIVE,2026-09-29T19:46:12.000Z,2026-09-29T19:46:12.000Z,df1a2e21-63fe-48d0-be3d-3eef8d0a7033,-113.9565842,51.0556598
9866,NB Promenade WY @ McKenzie Towne DR SE,ACTIVE,2026-09-29T19:46:12.000Z,2026-09-29T19:46:12.000Z,0b81dc71-ad61-48ea-960f-5931d16212de,-113.9566127,50.9110725
2467,NB Seton WY @ Seton LI SE,ACTIVE,2026-09-29T19:46:12.000Z,2026-09-29T19:46:12.000Z,6239a0e3-e2ae-4491-b43a-d9d83f5422d2,-113.9567968,50.8772452
7763,SB Falconridge BV @ Castlebrook DR NE,ACTIVE,2026-09-29T19:46:12.000Z,2026-09-29T19:46:12.000Z,ed1b38c3-b3dd-4eda-947b-8a49a4f54146,-113.9568112,51.102807
7284,SB Falconridge BV @ Castlebrook DR NE,ACTIVE,2026-09-29T19:46:12.000Z,2026-09-29T19:46:12.000Z,05e9e4db-915e-412f-8015-cf50629831c3,-113.9568409,51.1027897
5869,EB Temple DR @  Property Square,ACTIVE,2026-09-29T19:46:12.000Z,2026-09-29T19:46:12.000Z,542bdec2-e334-43c1-8c4e-fb9cc09f95f9,-113.9568578,51.0857896
3976,WB McKenzie Towne LI @ 52 ST SE,ACTIVE,2026-09-29T19:46:12.000Z,2026-09-29T19:46:12.000Z,33494ab4-9eec-4a53-be49-595e8b9909e1,-113.9569532,50.9139652
2454,NB Seton WY SE @ Superstore (S of Seton CR),ACTIVE,2026-09-29T19:46:12.000Z,2026-09-29T19:46:12.000Z,9625bc66-64a1-45eb-909b-87c449bd9f2f,-113.9569649,50.8744494
6090,EB Temple DR @ Temple Shopping Plaza,ACTIVE,2026-09-29T19:46:12.000Z,2026-09-29T19:46:12.000Z,3f2e8daf-0a10-42ef-bf52-0969a886eeea,-113.9569799,51.0913247
3610,SB 52 St @ Mckenzie Towne Li SE,ACTIVE,2026-09-29T19:46:12.000Z,2026-09-29T19:46:12.000Z,0b3130c8-66d5-423f-bbb7-fd909366d0d1,-113.9569823,50.9154376
6459,McKenzie Towne Terminal SE,ACTIVE,2026-09-29T19:46:12.000Z,2026-09-29T19:46:12.000Z,4b5a69ac-6882-46cb-bd6f-d243ce1c8d93,-113.9569949,50.9153327
6179,WB Memorial DR @ 52 ST NE,ACTIVE,2026-09-29T19:46:12.000Z,2026-09-29T19:46:12.000Z,f8da009e-4e70-4482-a297-240765409280,-113.956995,51.053249
3506,SB 52 ST SE @ McKenzie Terminal,ACTIVE,2026-09-29T19:46:12.000Z,2026-09-29T19:46:12.000Z,b81bc83b-5d05-465b-8c7a-e443b7967d95,-113.9570091,50.9154851
2529,EB Country Hills BV @ 52 ST NE (farside),ACTIVE,2026-09-29T19:46:12.000Z,2026-09-29T19:46:12.000Z,cc3180f3-b27d-439f-9a21-652fadc1b038,-113.9570145,51.1541332
8707,EB 61 AV SE @ 52 ST SE,ACTIVE,2026-09-29T19:46:12.000Z,2026-09-29T19:46:12.000Z,a4a48865-a05c-41f9-b396-5a9ed19180de,-113.9570182,50.9988526
8107,WB Auburn BAY BV @ Auburn Shores WY SE,ACTIVE,2026-09-29T19:46:12.000Z,2026-09-29T19:46:12.000Z,2f33f0c3-e65f-4462-b5d8-ae6be35d5d0f,-113.9570321,50.8853912
2461,SB Seton WY @ Market ST SE,ACTIVE,2026-09-29T19:46:12.000Z,2026-09-29T19:46:12.000Z,c41ecf12-7dc2-440f-b4cf-3e9de6202418,-113.9570395,50.8792152
9479,SB 52 ST NE @ Maryvale DR,ACTIVE,2026-09-29T19:46:12.000Z,2026-09-29T19:46:12.000Z,e007c238-3d31-4d40-a3bb-d25ccbf3fda5,-113.9570539,51.0558322
9918,EB 68 AV SE @ 52 ST SE,ACTIVE,2026-09-29T19:46:12.000Z,2026-09-29T19:46:12.000Z,cfdaf2ae-5fec-494c-bd09-aa56b465fc71,-113.9570693,50.994065
9666,WB 80 AV NE @ 52 ST NE,ACTIVE,2026-09-29T19:46:12.000Z,2026-09-29T19:46:12.000Z,f5d81c1b-7b5d-43f3-a9ae-dccf9822dfb4,-113.9570699,51.1253246
3507,NB 52 ST SE @ McKenzie Terminal,ACTIVE,2026-09-29T19:46:12.000Z,2026-09-29T19:46:12.000Z,108828f0-c846-407e-bd4b-2feb9372b60d,-113.95709,50.9154449
7798,EB New Brighton DR @ 52 ST SE,ACTIVE,2026-09-29T19:46:12.000Z,2026-09-29T19:46:12.000Z,8a913cfb-5f97-4f28-aa37-5988b3275607,-113.9571734,50.9253067
4978,WB 90 AV SE @ 52 ST SE,ACTIVE,2026-09-29T19:46:12.000Z,2026-09-29T19:46:12.000Z,374ae69e-c58e-43bc-b319-911124c0abf0,-113.9571937,50.9724106
6144,EB Madigan DR @ 52 ST NE,ACTIVE,2026-09-29T19:46:12.000Z,2026-09-29T19:46:12.000Z,624682e4-3500-4e38-b49f-dd6bafed54f6,-113.9571984,51.0621145
5683,EB 86 AV SE @ 52 ST SE,ACTIVE,2026-09-29T19:46:12.000Z,2026-09-29T19:46:12.000Z,2de74898-965c-47e1-86de-465804261f80,-113.9572062,50.9753568
9565,WB McKenzie Towne DR @ Promenade WY SE,ACTIVE,2026-09-29T19:46:12.000Z,2026-09-29T19:46:12.000Z,c541682d-9bf1-46c5-a2c9-1e8942c8391d,-113.9572072,50.9106184
1946,EB Cityscape DR @ Cityscape GA NE,ACTIVE,2026-09-29T19:46:12.000Z,2026-09-29T19:46:12.000Z,450bfe27-7143-4529-b068-9515ed27327a,-113.9572351,51.1522815
3937,EB New Brighton GA @ 52 ST SE,ACTIVE,2026-09-29T19:46:12.000Z,2026-09-29T19:46:12.000Z,5270bfb7-874e-4e46-b571-f9811feac0c9,-113.9572423,50.9181474
9636,WB Martin Crossing DR @ Martin Crossing WY NE,ACTIVE,2026-09-29T19:46:12.000Z,2026-09-29T19:46:12.000Z,6de3abc0-9276-45ba-b896-5fc7b803394f,-113.9572472,51.117912
9484,NB 52 ST NE @ Maryvale DR,ACTIVE,2026-09-29T19:46:12.000Z,2026-09-29T19:46:12.000Z,898381fa-0aa9-4eb0-8b95-a8b5c3044b8e,-113.95726,51.0572588
8761,NB Auburn Bay AV @ Auburn Bay DR SE,ACTIVE,2026-09-29T19:46:12.000Z,2026-09-29T19:46:12.000Z,314b3480-8e83-4067-820d-8dae2ebd17f7,-113.9573694,50.8935227
4915,EB Dufferin BV @ 52 ST SE,ACTIVE,2026-09-29T19:46:12.000Z,2026-09-29T19:46:12.000Z,4d492179-7b02-4219-b676-bce2cea02f91,-113.9574007,50.9538634
6051,EB 26 AV NE @ 52 ST NE,ACTIVE,2026-09-29T19:46:12.000Z,2026-09-29T19:46:12.000Z,16ce1c97-53e4-4ddf-977a-a982ab16e01c,-113.9574145,51.0762244
2460,SB Seton WY @ Front ST SE,ACTIVE,2026-09-29T19:46:12.000Z,2026-09-29T19:46:12.000Z,5f56f494-bf7e-4ca3-ae96-6d4dec866d38,-113.9574154,50.8810834
2717,SB Seton WY SE @ Superstore (S of Seton CR),ACTIVE,2026-09-29T19:46:12.000Z,2026-09-29T19:46:12.000Z,7e4e6550-f048-49c2-8113-470430dfdbcb,-113.9574329,50.8735288
6858,WB 26 AV NE @ 52 ST NE,ACTIVE,2026-09-29T19:46:12.000Z,2026-09-29T19:46:12.000Z,6ac217e8-16ed-4572-9d98-54f321b2873a,-113.9574775,51.0763519
6674,EB Rundlehorn DR @ 52 ST NE,ACTIVE,2026-09-29T19:46:12.000Z,2026-09-29T19:46:12.000Z,1b538deb-e0c3-42ca-a962-7b2b90beebae,-113.9575369,51.0715321
9810,52nd Street SE Station (EB),ACTIVE,2026-09-29T19:46:12.000Z,2026-09-29T19:46:12.000Z,4082a068-600d-4f1d-b992-5185ec55ac1b,-113.9575638,51.0378076
9632,EB 80 AV NE @ Martha's WY,ACTIVE,2026-09-29T19:46:12.000Z,2026-09-29T19:46:12.000Z,9be008d2-aaa4-4b02-a463-b0ebc3a21a67,-113.9575682,51.1250947
2563,EB 88 AV NE @ 52 ST NE,ACTIVE,2026-09-29T19:46:12.000Z,2026-09-29T19:46:12.000Z,8aded452-08a2-4739-88bc-5ed92b1363be,-113.9576153,51.1323567
6221,NB 52 ST SE @ 8 AV SE,ACTIVE,2026-09-29T19:46:12.000Z,2026-09-29T19:46:12.000Z,676c719d-f589-4b3f-843a-1eb0c0d03e51,-113.9576536,51.0458183
4372,EB Memorial DR @ Forest RD SE,ACTIVE,2026-09-29T19:46:12.000Z,2026-09-29T19:46:12.000Z,d3574abe-5bc7-49de-8a8f-366cd3a5540c,-113.9576614,51.0528796
6228,EB Maryvale DR @ 52 ST NE,ACTIVE,2026-09-29T19:46:12.000Z,2026-09-29T19:46:12.000Z,e117f41c-a48e-4b35-9e3e-ac13a03d3539,-113.9576771,51.0567749
5064,EB 14 AV SE @ 52 ST SE,ACTIVE,2026-09-29T19:46:12.000Z,2026-09-29T19:46:12.000Z,be67b35a-efda-49b6-b5c7-caf494e493db,-113.9576901,51.0409079
2605,NB 52 ST SE @ 126 AV SE,ACTIVE,2026-09-29T19:46:12.000Z,2026-09-29T19:46:12.000Z,912dd4b6-92a9-423b-a98f-106c0108d7ec,-113.9577371,50.9343949
6171,EB 17 AV SE @ 52 ST SE,ACTIVE,2026-09-29T19:46:12.000Z,2026-09-29T19:46:12.000Z,4b41587b-28a3-4de6-8138-a828bab0d4df,-113.9577513,51.0377972
2450,SB Seton WY @ Seton DR SE,ACTIVE,2026-09-29T19:46:12.000Z,2026-09-29T19:46:12.000Z,ad8e512a-bbdf-43d1-bea8-5706cff0ab2f,-113.9577604,50.8760299
2424,NB 52 ST SE @ 130 AV SE NB,ACTIVE,2026-09-29T19:46:12.000Z,2026-09-29T19:46:12.000Z,29231070-2103-45d7-8acf-d563961d3fca,-113.957788,50.9306299
3868,NB 52 ST SE @ New Brighton DR,ACTIVE,2026-09-29T19:46:12.000Z,2026-09-29T19:46:12.000Z,5a0f96d5-1425-4d8a-9803-b9f699937867,-113.9578472,50.926321
2265,EB Skyview Ranch DR @ 52 ST NE,ACTIVE,2026-09-29T19:46:12.000Z,2026-09-29T19:46:12.000Z,816f4205-2a72-43f5-a319-fd4c3ea3cf43,-113.9578674,51.1578865
3617,NB 52 ST SE @ New Brighton DR,ACTIVE,2026-09-29T19:46:12.000Z,2026-09-29T19:46:12.000Z,3cc42672-e838-4d4a-82a2-c824a57d53b6,-113.957887,50.9262563
9931,NB 52 ST SE @ New Brighton GA,ACTIVE,2026-09-29T19:46:12.000Z,2026-09-29T19:46:12.000Z,2641485a-e8a3-4c83-9c99-b2c1c60441ed,-113.9579576,50.9187427
2843,NB 52 ST SE @  Prestwick AV,ACTIVE,2026-09-29T19:46:12.000Z,2026-09-29T19:46:12.000Z,212287fb-e1c5-4adc-8026-1002566b8149,-113.9579692,50.9223815
2832,NB 52 ST SE @ 114 AV SE,ACTIVE,2026-09-29T19:46:12.000Z,2026-09-29T19:46:12.000Z,768c01e7-3f49-4f33-bcd5-6d22d32aadae,-113.9579984,50.951364
6569,Castleridge Boulevard Station (NB),ACTIVE,2026-09-29T19:46:12.000Z,2026-09-29T19:46:12.000Z,bbacc31c-a09a-4787-b967-b91641850e32,-113.9580098,51.1004365
7764,Castleridge Boulevard Station (NB),ACTIVE,2026-09-29T19:46:12.000Z,2026-09-29T19:46:12.000Z,980cfe69-d686-488c-b511-eeedda6d8f53,-113.9580577,51.1003172
6236,WB Maryvale DR @ 52 ST NE,ACTIVE,2026-09-29T19:46:12.000Z,2026-09-29T19:46:12.000Z,5968c94f-a37f-48e0-a483-9cd0fac22383,-113.9580714,51.0568571
2844,NB 52 ST SE @ Erin Woods DR (S. Leg),ACTIVE,2026-09-29T19:46:12.000Z,2026-09-29T19:46:12.000Z,95b37030-caba-4394-b1fa-cde83c589780,-113.958119,51.0193839
1808,EB Savanna DR NE @ Savanna LD NE,ACTIVE,2026-09-29T19:46:12.000Z,2026-09-29T19:46:12.000Z,1bb3f080-ef44-4ee2-821a-09f69e535677,-113.9581615,51.1365509
3643,NB 52 ST SE @ Dufferin PL SE,ACTIVE,2026-09-29T19:46:12.000Z,2026-09-29T19:46:12.000Z,eb25a7d5-e91e-4526-ae6a-8aa1b4113a94,-113.9581636,50.9580553
3644,NB 52 ST SE @ Dufferin BV SE,ACTIVE,2026-09-29T19:46:12.000Z,2026-09-29T19:46:12.000Z,1e05b784-6830-4ae4-abad-faa4df7d2db4,-113.9581652,50.9543907
6766,NB 52 ST NE @ Madigan DR,ACTIVE,2026-09-29T19:46:12.000Z,2026-09-29T19:46:12.000Z,6007a929-35cf-48c0-ad43-5656d05dc5e2,-113.9581654,51.0628233
8145,NB 52 ST NE @ 23 AV NE,ACTIVE,2026-09-29T19:46:12.000Z,2026-09-29T19:46:12.000Z,3c5ab4a1-06ef-4287-b1e4-2180fc5464d5,-113.9581773,51.0743913
2410,NB Cityscape GA @ Cityscape DR,ACTIVE,2026-09-29T19:46:12.000Z,2026-09-29T19:46:12.000Z,98cfd826-f379-4f39-8caf-a00ec49b9f5f,-113.9581823,51.1528188
6384,NB 52 ST NE @ Rundlehorn DR,ACTIVE,2026-09-29T19:46:12.000Z,2026-09-29T19:46:12.000Z,4a5d5d00-1bce-40a9-ba5c-4762b3e7512e,-113.9581865,51.0725115
4084,NB 52 ST NE @ 80 AV NE,ACTIVE,2026-09-29T19:46:12.000Z,2026-09-29T19:46:12.000Z,a9e21678-bf01-4cc8-ad41-3a6d4f309f62,-113.9581937,51.1257551
8341,NB 52 ST SE @ 52 AV SE,ACTIVE,2026-09-29T19:46:12.000Z,2026-09-29T19:46:12.000Z,00f025af-db69-4728-9498-ef1c47f3682d,-113.9582033,51.0069468
2375,NB 52 St NE @ Country Hills Bv,ACTIVE,2026-09-29T19:46:12.000Z,2026-09-29T19:46:12.000Z,4d362c79-c8af-4904-84cf-2bb957e5bc74,-113.9582068,51.155142
5789,44th Avenue NE Station (NB),ACTIVE,2026-09-29T19:46:12.000Z,2026-09-29T19:46:12.000Z,74999603-73fa-454a-ada4-c06a8a5b1df4,-113.9582071,51.0918217
8165,NB 52 ST NE @ N. of ped crossing,ACTIVE,2026-09-29T19:46:12.000Z,2026-09-29T19:46:12.000Z,4124f708-4832-4c07-abac-761f254c7fe2,-113.9582132,51.0888562
7865,NB 52 ST SE @ 14 AV SE,ACTIVE,2026-09-29T19:46:12.000Z,2026-09-29T19:46:12.000Z,220e0cb3-7a96-492d-801c-bb1bbeea76e5,-113.9582157,51.0415962
2287,NB 52 ST NE adjacent to Saddlecreek CR,ACTIVE,2026-09-29T19:46:12.000Z,2026-09-29T19:46:12.000Z,c0384319-6451-4988-9c71-179ebf46a6e6,-113.9582165,51.1281042
8212,NB 52 ST SE @ 61 AV SE,ACTIVE,2026-09-29T19:46:12.000Z,2026-09-29T19:46:12.000Z,26981501-8676-44f8-b8a7-836462f5357b,-113.9582168,50.9995531
2378,NB 52 ST NE @ Saddletree DR,ACTIVE,2026-09-29T19:46:12.000Z,2026-09-29T19:46:12.000Z,1efd0817-ba55-4c5e-b041-82a39b8c0561,-113.9582178,51.1305419
2812,NB 52 ST SE @ 90 AV SE,ACTIVE,2026-09-29T19:46:12.000Z,2026-09-29T19:46:12.000Z,095e53b9-e87d-42a7-949e-dd1d512a7b19,-113.9582209,50.972781
8163,Whitehorn Drive Station (NB),ACTIVE,2026-09-29T19:46:12.000Z,2026-09-29T19:46:12.000Z,505bd18e-e62d-4530-ab3f-fb2b830dd5bc,-113.9582243,51.0861643
9477,NB 52 ST SE @ Erin Woods DR (N. Leg),ACTIVE,2026-09-29T19:46:12.000Z,2026-09-29T19:46:12.000Z,5a2ce71a-be9a-4b54-af17-52c0008f1754,-113.9582252,51.0244698
8162,32nd Avenue NE Station (NB),ACTIVE,2026-09-29T19:46:12.000Z,2026-09-29T19:46:12.000Z,5343fdc5-7320-4ab9-84cd-67b7c095115e,-113.9582276,51.0820896
7911,NB 52 ST NE @ Temple DR N leg,ACTIVE,2026-09-29T19:46:12.000Z,2026-09-29T19:46:12.000Z,6b3a29ac-f66a-4651-9d26-9df6757a6d02,-113.9582278,51.0918969
9981,NB 52 St SE @ 21 AV SE,ACTIVE,2026-09-29T19:46:12.000Z,2026-09-29T19:46:12.000Z,e97b6b5a-1fac-4c55-99e3-e653dae028a8,-113.9582283,51.0349609
7965,NB 52 ST SE @ 72 AV SE,ACTIVE,2026-09-29T19:46:12.000Z,2026-09-29T19:46:12.000Z,a294b062-cbd5-4989-aa64-2a0fd40ebc55,-113.9582303,50.9901985
6383,NB 52 ST NE @ Madeira WY,ACTIVE,2026-09-29T19:46:12.000Z,2026-09-29T19:46:12.000Z,132a6600-a390-4e2f-9c25-1a7272f5ba4a,-113.9582382,51.0606025
4918,NB 52 ST SE @ 50 AV SE,ACTIVE,2026-09-29T19:46:12.000Z,2026-09-29T19:46:12.000Z,1de154db-bec0-47ec-8994-c68e343afc35,-113.9582403,51.0094304
4977,NB 52 ST SE @ 76 AV SE,ACTIVE,2026-09-29T19:46:12.000Z,2026-09-29T19:46:12.000Z,bc5d93a8-20ce-4b81-8cb1-a2385f2c4834,-113.9582413,50.9858901
9996,NB 52 ST SE @ 86 AV SE,ACTIVE,2026-09-29T19:46:12.000Z,2026-09-29T19:46:12.000Z,24687e40-5b1f-481b-80fe-5d2e1c12801a,-113.9582539,50.9762639
5063,NB 52 ST SE @ 17 AV SE,ACTIVE,2026-09-29T19:46:12.000Z,2026-09-29T19:46:12.000Z,0e7a6d21-a41f-4a06-bd10-ab7670f5f99d,-113.958255,51.0386019
2300,NB 52 ST SE @ 94 AV SE,ACTIVE,2026-09-29T19:46:12.000Z,2026-09-29T19:46:12.000Z,157f5644-027b-405d-ba25-8847a9e89de8,-113.9582574,50.9695859
8147,NB 52 ST NE @ 26 AV NE,ACTIVE,2026-09-29T19:46:12.000Z,2026-09-29T19:46:12.000Z,79d49393-8231-4fc6-92e5-84b3f02f1ff3,-113.9582629,51.0767862
5149,NB 52 ST SE @ 48 AV SE,ACTIVE,2026-09-29T19:46:12.000Z,2026-09-29T19:46:12.000Z,1cdd403d-e8ed-4d0d-845e-449ead777dd9,-113.9582719,51.0114317
8280,NB 52 ST SE @ 68 AV SE,ACTIVE,2026-09-29T19:46:12.000Z,2026-09-29T19:46:12.000Z,62a7eeb0-ee17-4004-8983-881ce7cbe52d,-113.9582721,50.9947871
8281,NB 52 ST SE @ 54 AV SE,ACTIVE,2026-09-29T19:46:12.000Z,2026-09-29T19:46:12.000Z,c0a37f0c-26d4-49b1-b375-7563a5a17da7,-113.9582736,51.004349
1942,WB Redstone AV @ Red Sky CR NE W. leg,ACTIVE,2026-09-29T19:46:12.000Z,2026-09-29T19:46:12.000Z,12b33f9d-d41c-4971-81e8-0b42b3b5c06d,-113.9583337,51.1730335
8879,SB 52 ST SE @ 130 AV SE,ACTIVE,2026-09-29T19:46:12.000Z,2026-09-29T19:46:12.000Z,a1724a89-f015-4bdc-87f8-82367d5285bc,-113.9583987,50.9305199
2848,SB 52 ST SE @ 126 AV SE,ACTIVE,2026-09-29T19:46:12.000Z,2026-09-29T19:46:12.000Z,6896d17f-6cd0-485e-a415-4c17b8cc923b,-113.9584027,50.933707
3897,SB 52 ST SE @ Prestwick GA,ACTIVE,2026-09-29T19:46:12.000Z,2026-09-29T19:46:12.000Z,efbce1f5-aed8-4f36-a00d-5211a667cc1a,-113.9584249,50.9266949
4907,SB 52 ST SE @ N. of Prestwick GA,ACTIVE,2026-09-29T19:46:12.000Z,2026-09-29T19:46:12.000Z,aeca8b7f-8495-4be8-8f55-65a72814948a,-113.9584407,50.926824
3618,EB Mckenzie Towne LI @ Promenade WY SE,ACTIVE,2026-09-29T19:46:12.000Z,2026-09-29T19:46:12.000Z,943c86f5-6945-43de-bd89-96e3d878d6e0,-113.9584501,50.9125479
2847,SB 52 ST SE @ 114 AV SE,ACTIVE,2026-09-29T19:46:12.000Z,2026-09-29T19:46:12.000Z,370daabc-1910-4a4f-b583-b49166927e0e,-113.9584721,50.9499551
9932,SB 52 ST SE @ McKenzie Towne BV,ACTIVE,2026-09-29T19:46:12.000Z,2026-09-29T19:46:12.000Z,ba861783-64ca-410d-b963-de0ef5e6246a,-113.9584761,50.9177316
2849,SB 52 ST SE @ Prestwick AV,ACTIVE,2026-09-29T19:46:12.000Z,2026-09-29T19:46:12.000Z,a61c2c06-5690-46db-baf9-404eac9ac850,-113.9584968,50.9219078
9920,SB 52 ST SE @ 21 AV SE,ACTIVE,2026-09-29T19:46:12.000Z,2026-09-29T19:46:12.000Z,4d2ef0af-7e02-4c1c-8bab-5e758a96ab0d,-113.9585115,51.0350366
9478,SB 52 ST NE @ Marlborough DR,ACTIVE,2026-09-29T19:46:12.000Z,2026-09-29T19:46:12.000Z,c46044cc-fe19-4787-83a8-d0f81ee433dc,-113.9585181,51.0596213
2555,WB Redstone DR @ Red Embers GA,ACTIVE,2026-09-29T19:46:12.000Z,2026-09-29T19:46:12.000Z,da5e5f61-74d0-4248-9ecf-16c97c6101e5,-113.9585249,51.1684781
5072,SB 52 ST SE @ 14 AV SE,ACTIVE,2026-09-29T19:46:12.000Z,2026-09-29T19:46:12.000Z,ade454f1-2284-4ac7-b5f1-a75d9879b7b6,-113.9585404,51.0405613
4982,EB Martin Crossing DR @ Martin Crossing GR NE,ACTIVE,2026-09-29T19:46:12.000Z,2026-09-29T19:46:12.000Z,216409af-23ce-45e4-9352-c1f4d189f970,-113.9585603,51.1177213
7889,EB Martindale BV @ Martinbrook RD NE,ACTIVE,2026-09-29T19:46:12.000Z,2026-09-29T19:46:12.000Z,f457cbe5-7b4a-4e47-8f91-a4178bced828,-113.9585729,51.1142675
8157,44th Avenue NE Station (SB),ACTIVE,2026-09-29T19:46:12.000Z,2026-09-29T19:46:12.000Z,00e46099-ae98-4714-a332-9373abfa0727,-113.9585793,51.0911127
4947,SB 52 ST SE @ 17 AV SE,ACTIVE,2026-09-29T19:46:12.000Z,2026-09-29T19:46:12.000Z,c7fc98ee-d571-472f-813e-d8ad291be2ca,-113.9585859,51.0370364
9474,SB 52 ST SE @ Erin Woods DR (N. Leg) SE,ACTIVE,2026-09-29T19:46:12.000Z,2026-09-29T19:46:12.000Z,99fb8cc8-b721-48bc-8883-fdf13dfbe740,-113.9585895,51.0234809
8161,Whitehorn Drive Station (SB),ACTIVE,2026-09-29T19:46:12.000Z,2026-09-29T19:46:12.000Z,c1292f9a-3ed2-4cd0-96da-aa094eab49c6,-113.9586039,51.0855814
2374,SB 52 St NE @ Country Hills Bv,ACTIVE,2026-09-29T19:46:12.000Z,2026-09-29T19:46:12.000Z,6e7fb424-a7b6-41df-88bd-3d6f80bd4bd1,-113.9586087,51.1550778
2798,Castleridge Boulevard Station (SB),ACTIVE,2026-09-29T19:46:12.000Z,2026-09-29T19:46:12.000Z,6d0a4f49-996e-49b5-bed3-365bcd02fa7f,-113.9586088,51.0991478
5796,SB Falconridge BV @ Castleridge BV NE,ACTIVE,2026-09-29T19:46:12.000Z,2026-09-29T19:46:12.000Z,79617e17-0b37-494a-87ba-3f202bcc6184,-113.9586088,51.0991478
6663,SB Falconridge BV @ Castleridge BV NE,ACTIVE,2026-09-29T19:46:12.000Z,2026-09-29T19:46:12.000Z,b3968e24-7def-44c6-b70a-98412d004c2f,-113.9586088,51.0991478
8154,SB 52 ST NE @ 26 AV NE,ACTIVE,2026-09-29T19:46:12.000Z,2026-09-29T19:46:12.000Z,b57a6eef-d008-44a5-9286-55bd73e8b8c3,-113.9586158,51.0757609
5406,SB 52 ST SE @  S. Leg Erin Woods DR,ACTIVE,2026-09-29T19:46:12.000Z,2026-09-29T19:46:12.000Z,42faa34d-c925-449c-9bfa-b739de9ced9f,-113.9586241,51.0185974
8155,SB 52 ST NE @ 23 AV NE,ACTIVE,2026-09-29T19:46:12.000Z,2026-09-29T19:46:12.000Z,4cd35357-4157-4067-a3f6-63278e2e84ec,-113.9586259,51.0736474
6932,SB 52 ST SE @ 8 AV SE,ACTIVE,2026-09-29T19:46:12.000Z,2026-09-29T19:46:12.000Z,8013fd97-7857-4653-8224-f7c1193e5fdc,-113.9586275,51.0446743
8159,SB 52 ST NE @ S. of 44 AV NE,ACTIVE,2026-09-29T19:46:12.000Z,2026-09-29T19:46:12.000Z,ec36542d-5b0f-4e75-9f56-f7160f3a4260,-113.9586378,51.0884805
2799,32nd Avenue NE Station (SB),ACTIVE,2026-09-29T19:46:12.000Z,2026-09-29T19:46:12.000Z,92cc4eb9-5795-4d07-8af5-cf4321437c35,-113.9586387,51.0822011
1977,SB 52 ST SE @ 23 AV SE,ACTIVE,2026-09-29T19:46:12.000Z,2026-09-29T19:46:12.000Z,3c9e090e-82a8-4220-9f44-3b605bb0d767,-113.9586447,51.0316094
8156,SB 52 ST NE @ Rundlehorn DR,ACTIVE,2026-09-29T19:46:12.000Z,2026-09-29T19:46:12.000Z,0193bad2-386e-4336-8106-974729438a32,-113.958669,51.070815
6359,SB 52 ST NE @ Marbank DR,ACTIVE,2026-09-29T19:46:12.000Z,2026-09-29T19:46:12.000Z,c2cd899f-0ee3-4389-aa22-796c23552b87,-113.9586805,51.0612806
7884,EB Castleridge DR @ Castledale CR NE,ACTIVE,2026-09-29T19:46:12.000Z,2026-09-29T19:46:12.000Z,be056555-3b60-4c24-8a4f-e0aa080cf9e2,-113.9586816,51.1080458
8887,SB 52 ST SE @ 106 AV SE,ACTIVE,2026-09-29T19:46:12.000Z,2026-09-29T19:46:12.000Z,e753d62b-1426-46db-94ab-f8f15bf66c2f,-113.9587085,50.9572572
4968,SB 52 ST SE @ 76 AV SE,ACTIVE,2026-09-29T19:46:12.000Z,2026-09-29T19:46:12.000Z,4ea2592c-d680-432f-b6b0-5e1b342d936c,-113.9587219,50.9846433
8279,SB 52 ST SE @ 72 AV SE,ACTIVE,2026-09-29T19:46:12.000Z,2026-09-29T19:46:12.000Z,6afc6880-81d4-4055-b79d-6127a4d86e07,-113.9587364,50.9889974
3642,SB 52 ST SE @ 90 AV SE,ACTIVE,2026-09-29T19:46:12.000Z,2026-09-29T19:46:12.000Z,16c7c2be-9ed3-461f-893c-479afae7b69c,-113.9587381,50.9708632
8179,SB 52 ST SE @ 68 AV SE,ACTIVE,2026-09-29T19:46:12.000Z,2026-09-29T19:46:12.000Z,4ac0268d-956e-4874-a1c1-1cd5357c92a2,-113.9587397,50.993522
8282,SB 52 ST SE @ 54 AV SE,ACTIVE,2026-09-29T19:46:12.000Z,2026-09-29T19:46:12.000Z,e4ad2782-e2f2-4332-af45-42863abd468f,-113.9587426,51.0032818
5169,SB 52 ST SE@ 48 AV SE,ACTIVE,2026-09-29T19:46:12.000Z,2026-09-29T19:46:12.000Z,5fec69d2-79a5-4327-991a-f8c50e7e8456,-113.9587676,51.0105235
8342,SB 52 ST SE @ 52 AV SE,ACTIVE,2026-09-29T19:46:12.000Z,2026-09-29T19:46:12.000Z,9a4c7044-b9a8-4cac-b440-d875ae2870b5,-113.9587783,51.00644
8196,SB 52 ST SE @ 61 AV SE,ACTIVE,2026-09-29T19:46:12.000Z,2026-09-29T19:46:12.000Z,0c084ce0-b7e2-46cb-a159-5c7eb93aa0b1,-113.9587825,50.9985334
8500,SB 52 ST SE @ 50 AV SE,ACTIVE,2026-09-29T19:46:12.000Z,2026-09-29T19:46:12.000Z,a19c9730-41df-470a-8876-1e5c163047e1,-113.9587918,51.0081944
2419,WB Cityscape Dr @ Cityscape Ga NE,ACTIVE,2026-09-29T19:46:12.000Z,2026-09-29T19:46:12.000Z,eaddda9a-fc1a-4f9b-b4b6-9fa1e5c07a0e,-113.9588263,51.1524227
2846,SB 52 ST SE @ 110 AV SE,ACTIVE,2026-09-29T19:46:12.000Z,2026-09-29T19:46:12.000Z,0bb4e811-bfef-4527-82c4-8107db5d43bb,-113.9588277,50.9534266
2301,SB 52 ST SE @ 94 AV SE,ACTIVE,2026-09-29T19:46:12.000Z,2026-09-29T19:46:12.000Z,b92935a1-60cf-4c38-a0a9-79cbfeb9a8d3,-113.9588514,50.9680183
2845,SB 52 ST SE @ 86 AV SE,ACTIVE,2026-09-29T19:46:12.000Z,2026-09-29T19:46:12.000Z,0d085049-90a2-47ae-884a-d40541c0c238,-113.9588577,50.9749825
6216,WB 26 AV NE @ 52 ST NE,ACTIVE,2026-09-29T19:46:12.000Z,2026-09-29T19:46:12.000Z,e0e120cf-cf40-4faf-b4e6-c9e0572cbe12,-113.9589427,51.0763703
2633,EB Redstone AV @ Redstone PR NE,ACTIVE,2026-09-29T19:46:12.000Z,2026-09-29T19:46:12.000Z,b55652c5-2173-4e30-ab86-2d41add46b15,-113.9590663,51.1728592
2549,WB 88 AV NE @ 52 ST NE,ACTIVE,2026-09-29T19:46:12.000Z,2026-09-29T19:46:12.000Z,c0bfaeeb-e3dc-449a-8666-9022d616ddab,-113.9591127,51.1326952
8760,SB Auburn Bay AV @ Auburn Sound MR SE,ACTIVE,2026-09-29T19:46:12.000Z,2026-09-29T19:46:12.000Z,a0c9c312-fd1f-4a4d-abb2-94037f45d5fd,-113.9591475,50.8939558
6704,WB Rundlehorn DR @ 52 ST NE,ACTIVE,2026-09-29T19:46:12.000Z,2026-09-29T19:46:12.000Z,c6825a03-d305-4ecc-85df-d6a63121a7b2,-113.9591493,51.071763
6149,WB 8 AV SE @ 52 ST SE,ACTIVE,2026-09-29T19:46:12.000Z,2026-09-29T19:46:12.000Z,154c49b3-0aa4-4f8b-a454-dd81ac61dc26,-113.9591733,51.0452732
6194,WB 14 AV SE @ 52 ST SE,ACTIVE,2026-09-29T19:46:12.000Z,2026-09-29T19:46:12.000Z,3e058c07-eac6-430c-9706-0e1077b2147b,-113.9592374,51.0410292
9815,52nd Street SE Station (WB),ACTIVE,2026-09-29T19:46:12.000Z,2026-09-29T19:46:12.000Z,a447a3d6-26be-4235-84b3-796f22180050,-113.9592394,51.0378836
7712,WB Castleridge BV @ Falconridge BV NE,ACTIVE,2026-09-29T19:46:12.000Z,2026-09-29T19:46:12.000Z,bf5f1df2-7ab6-4067-8c46-06dda86a6051,-113.9592498,51.100046
5800,WB 44 AV NE @ 52 ST NE,ACTIVE,2026-09-29T19:46:12.000Z,2026-09-29T19:46:12.000Z,fbb7a065-5c5a-41f7-95da-3857b14a12c6,-113.9592828,51.0914926
8850,WB 130 AV SE @ 52 ST SE,ACTIVE,2026-09-29T19:46:12.000Z,2026-09-29T19:46:12.000Z,920418b5-94b0-4523-b2f9-4bd6b8bd82bb,-113.9593171,50.9317141
6094,WB Whitehorn DR@ 52 ST NE,ACTIVE,2026-09-29T19:46:12.000Z,2026-09-29T19:46:12.000Z,1f78f7c6-efd9-4370-aecd-67f9cc1a74d0,-113.9593173,51.0859616
8135,WB Skyview Ranch RD @ Skyview Ranch DR NE,ACTIVE,2026-09-29T19:46:12.000Z,2026-09-29T19:46:12.000Z,f1a1a4f6-376f-4dd1-bb59-e28453e5377e,-113.9593643,51.1629635
1903,WB Skyview Ranch DR @ 52 ST NE,ACTIVE,2026-09-29T19:46:12.000Z,2026-09-29T19:46:12.000Z,25517b32-2c16-4bdb-89c9-5a05e2297046,-113.959374,51.1581416
6225,WB Marbank DR @ 52 ST NE,ACTIVE,2026-09-29T19:46:12.000Z,2026-09-29T19:46:12.000Z,32216b4d-ad1c-4893-ba6c-9b318e04468c,-113.9594303,51.0622536
8745,NB Auburn Bay AV @ Auburn Glen CI SE,ACTIVE,2026-09-29T19:46:12.000Z,2026-09-29T19:46:12.000Z,0456bd09-0f36-4a8e-a3e0-0388e960b09b,-113.9594525,50.8945125
5920,WB McKenzie Towne BV @ 52 ST SE,ACTIVE,2026-09-29T19:46:12.000Z,2026-09-29T19:46:12.000Z,39e83998-b31e-4fc6-a706-f196d202bfed,-113.9594667,50.9182963
7871,WB Erin Woods DR @ 52 ST SE,ACTIVE,2026-09-29T19:46:12.000Z,2026-09-29T19:46:12.000Z,91ee319f-a8e4-44f6-8acf-63784ce9e538,-113.9595005,51.019151
5073,WB 17 AV SE @ 52 ST SE,ACTIVE,2026-09-29T19:46:12.000Z,2026-09-29T19:46:12.000Z,181652ec-d283-47ff-aeee-cd048fe027c4,-113.9595279,51.0379658
9494,WB McKenzie Towne DR @ N. Elgin Estates PA SE,ACTIVE,2026-09-29T19:46:12.000Z,2026-09-29T19:46:12.000Z,0ff12331-0201-4e8c-96c8-66c7614ddaca,-113.9595742,50.9094046
8489,WB 50 AV SE @ 52 ST SE,ACTIVE,2026-09-29T19:46:12.000Z,2026-09-29T19:46:12.000Z,77afa78c-0b07-4e14-b306-e6297e7dd950,-113.9595892,51.0088629
9637,WB Martin Crossing DR @ Martin Crossing GR NE,ACTIVE,2026-09-29T19:46:12.000Z,2026-09-29T19:46:12.000Z,509d114d-f925-4523-9264-e0b67f89f8db,-113.9596072,51.1178834
4986,WB Martindale BV @ Martinbrook RD NE,ACTIVE,2026-09-29T19:46:12.000Z,2026-09-29T19:46:12.000Z,94daa5b9-ce57-479c-8479-7808ad62e03b,-113.9596702,51.1143141
2826,WB 61 AV SE @ 52 ST SE,ACTIVE,2026-09-29T19:46:12.000Z,2026-09-29T19:46:12.000Z,39dea565-1581-44de-84bc-d213ebea38cb,-113.9597185,50.9991956
2543,WB Country Hills BV @ 52 ST NE (farside),ACTIVE,2026-09-29T19:46:12.000Z,2026-09-29T19:46:12.000Z,5f12d1d3-1248-49cf-84fe-47aeaec888f1,-113.959795,51.1544376
8390,EB Erin Woods DR @ 52 ST SE,ACTIVE,2026-09-29T19:46:12.000Z,2026-09-29T19:46:12.000Z,4f098973-8041-44a4-a17b-d4db80cd4a17,-113.9598072,51.0240523
7886,WB Castleridge DR @ Castledale CR NE,ACTIVE,2026-09-29T19:46:12.000Z,2026-09-29T19:46:12.000Z,5d2f56e1-b947-47da-a8b3-6798d2bf829a,-113.9599195,51.1079071
9692,NB Martha's WY @ Martha's Meadow GA NE,ACTIVE,2026-09-29T19:46:12.000Z,2026-09-29T19:46:12.000Z,96c879a2-55a4-435f-969d-26eb9f5b417a,-113.9599577,51.1238401
9683,SB Martha's WY @ Martha's Meadow GA NE,ACTIVE,2026-09-29T19:46:12.000Z,2026-09-29T19:46:12.000Z,fbdd1b8d-4201-42ad-8f3b-332715dfa010,-113.9601691,51.1239067
9745,EB Auburn Bay BV @ Auburn Bay GT SE,ACTIVE,2026-09-29T19:46:12.000Z,2026-09-29T19:46:12.000Z,c49c7fef-42ed-40f7-866a-aa2b727108c1,-113.9602444,50.8845628
4335,EB 8 AV SE @ 52 ST SE,ACTIVE,2026-09-29T19:46:12.000Z,2026-09-29T19:46:12.000Z,060f3400-e3a7-4e21-92d9-163250592c07,-113.9602985,51.0450866
9524,EB Prestwick GA @ Prestwick CI SE,ACTIVE,2026-09-29T19:46:12.000Z,2026-09-29T19:46:12.000Z,43cd1307-4d9c-4406-93ae-a1d611735e3b,-113.9603294,50.925362
8886,WB 106 AV SE @ 52 ST SE,ACTIVE,2026-09-29T19:46:12.000Z,2026-09-29T19:46:12.000Z,8b188747-f4d4-46ff-8fc6-a390adeb5800,-113.9603575,50.9578714
6491,EB 50 AV SE @ 51 ST SE,ACTIVE,2026-09-29T19:46:12.000Z,2026-09-29T19:46:12.000Z,d07cc75e-760a-4b8f-973b-22536f5a3046,-113.9603844,51.0086947
7967,EB Skyview Ranch DR @ Skyview Shores MR NE,ACTIVE,2026-09-29T19:46:12.000Z,2026-09-29T19:46:12.000Z,1d5cdccb-556f-4565-95a6-72a844977435,-113.9604833,51.15813
8268,EB 17 AV SE @ 50 ST SE,ACTIVE,2026-09-29T19:46:12.000Z,2026-09-29T19:46:12.000Z,0afc4df9-913e-4e47-a15e-df296d43c6aa,-113.9605624,51.0377895
9515,NB Prestwick CI @  Prestwick GA SE,ACTIVE,2026-09-29T19:46:12.000Z,2026-09-29T19:46:12.000Z,86ac32ff-6732-4450-b842-1419d87c6978,-113.96066,50.9257484
8882,EB 106 AV SE @ 50 ST SE,ACTIVE,2026-09-29T19:46:12.000Z,2026-09-29T19:46:12.000Z,68440949-fe5b-48bb-8341-aab7a8966d13,-113.9607797,50.9577313
6050,EB 26 AV NE @ 50 ST NE,ACTIVE,2026-09-29T19:46:12.000Z,2026-09-29T19:46:12.000Z,f14a8006-1f36-4ae1-bdad-38c1d959b42e,-113.9608005,51.0761956
4343,EB Rundlehorn DR @ 50 ST NE,ACTIVE,2026-09-29T19:46:12.000Z,2026-09-29T19:46:12.000Z,e10b7d93-0864-47cf-bd60-ca21df70ce81,-113.9608043,51.0715632
9564,NB McKenzie Towne DR @ Elgin Meadows WY SE,ACTIVE,2026-09-29T19:46:12.000Z,2026-09-29T19:46:12.000Z,eb1bc53e-21ef-4765-be1d-768e0696000f,-113.9608233,50.9077469
8352,EB Martindale BV @ Martha's WY NE,ACTIVE,2026-09-29T19:46:12.000Z,2026-09-29T19:46:12.000Z,6a269066-7e23-4f63-8f4f-300874160697,-113.9609396,51.1226225
2857,WB 17 AV SE @ 50 ST SE,ACTIVE,2026-09-29T19:46:12.000Z,2026-09-29T19:46:12.000Z,6d84ece2-e334-430b-8f4e-7385bd5a7006,-113.9610978,51.0379581
7888,EB  Martindale BV @ Martinview RD NE,ACTIVE,2026-09-29T19:46:12.000Z,2026-09-29T19:46:12.000Z,167534cd-4727-40e6-a8b8-ef16b13460f0,-113.961129,51.1134255
8878,EB 130 AV SE @ 50 ST SE,ACTIVE,2026-09-29T19:46:12.000Z,2026-09-29T19:46:12.000Z,5336a845-d5d1-425b-aad6-2254d7104408,-113.9611348,50.9315627
3921,WB Promenade WY @ E.Leg Promenade PA SE,ACTIVE,2026-09-29T19:46:12.000Z,2026-09-29T19:46:12.000Z,5bb080c4-8b89-4aea-bea6-636b888f5c8f,-113.9612674,50.9133544
1904,SB Skyview Shores MR @ Skyview Ranch DR NE,ACTIVE,2026-09-29T19:46:12.000Z,2026-09-29T19:46:12.000Z,baa103f9-94e6-400a-8389-37dc4ae08ac2,-113.9613154,51.1581795
8742,SB Auburn Bay AV@ Auburn Bay BV SE,ACTIVE,2026-09-29T19:46:12.000Z,2026-09-29T19:46:12.000Z,5126a913-c6a3-4ef0-9555-f1bc50277ea2,-113.9613415,50.8960819
1971,EB 88 AV @ 48 ST NE,ACTIVE,2026-09-29T19:46:12.000Z,2026-09-29T19:46:12.000Z,0a3ba7ac-ce59-412d-813c-46ce27f42457,-113.9613671,51.1324795
6143,EB Marbank DR @ Mardale RD NE,ACTIVE,2026-09-29T19:46:12.000Z,2026-09-29T19:46:12.000Z,8eeb106c-702e-47cc-9518-b243d6aef324,-113.9615366,51.0625692
4088,WB Martindale BV @ Martha's WY NE,ACTIVE,2026-09-29T19:46:12.000Z,2026-09-29T19:46:12.000Z,fe774405-b9ad-49a1-9f62-5f3d9e648e87,-113.9616072,51.1226848
2406,EB Cityscape DR @ Cityscape PS NE,ACTIVE,2026-09-29T19:46:12.000Z,2026-09-29T19:46:12.000Z,29fbb50e-ac99-4d15-9962-88c0b7ce0461,-113.9617354,51.1522474
6054,WB Rundlehorn DR @ 50 ST NE,ACTIVE,2026-09-29T19:46:12.000Z,2026-09-29T19:46:12.000Z,afdc3e80-3c99-41fd-9d62-5502bd0654d2,-113.9618383,51.0716891
1943,SB Skyview Ranch RD @ Skyview Ranch WY  NE,ACTIVE,2026-09-29T19:46:12.000Z,2026-09-29T19:46:12.000Z,c76c3cdc-ea62-4cd7-825d-d412c74e1886,-113.9618588,51.1638173
7980,NB Skyview Ranch RD @ Skyview Ranch WY NE,ACTIVE,2026-09-29T19:46:12.000Z,2026-09-29T19:46:12.000Z,e9a3be74-3032-44ab-b177-e9f611e6f56b,-113.9618607,51.1644847
2256,NB Redstone ST@ 128 AV NE,ACTIVE,2026-09-29T19:46:12.000Z,2026-09-29T19:46:12.000Z,e22e0adc-984b-49fa-bfe4-9a053ed49168,-113.9618729,51.1666267
9563,WB McKenzie Towne DR @ Elgin Estates PA SE,ACTIVE,2026-09-29T19:46:12.000Z,2026-09-29T19:46:12.000Z,3bdd5b3e-6ec5-4a2b-bad3-da5b863ad259,-113.96188,50.9072501
4340,WB 26 AV NE @ 50 ST NE,ACTIVE,2026-09-29T19:46:12.000Z,2026-09-29T19:46:12.000Z,59d6eb4b-367e-4399-b2f3-0aeb949af5ab,-113.961932,51.0763599
7906,EB 44 AV NE @ 49 ST NE,ACTIVE,2026-09-29T19:46:12.000Z,2026-09-29T19:46:12.000Z,4b6d8d7f-9049-4c4e-b8ac-bb8d513f1e15,-113.9619622,51.0913644
7907,EB 44 AV NE @ 49 ST NE,ACTIVE,2026-09-29T19:46:12.000Z,2026-09-29T19:46:12.000Z,32967a74-3d72-4033-a908-95db87eb8807,-113.9619622,51.0913644
4561,EB Castleridge BV @ E. of Westwinds DR NE,ACTIVE,2026-09-29T19:46:12.000Z,2026-09-29T19:46:12.000Z,6338413b-a11c-49e4-9c72-e4dd275275b2,-113.9619864,51.1003601
8796,WB 106 AV SE @ 50 ST SE,ACTIVE,2026-09-29T19:46:12.000Z,2026-09-29T19:46:12.000Z,a03e51fa-f9ce-4734-a249-c88da567536a,-113.9620329,50.957951
7885,EB Castleridge DR @ Castlebrook DR NE,ACTIVE,2026-09-29T19:46:12.000Z,2026-09-29T19:46:12.000Z,aa1d1d5a-09cb-4cc2-a22e-aecd10eb08aa,-113.9620701,51.1073604
4985,WB Martindale BV @ Martinview RD NE,ACTIVE,2026-09-29T19:46:12.000Z,2026-09-29T19:46:12.000Z,587f3ccf-df53-4acc-b534-3eb767a99c03,-113.9620882,51.1131806
1956,SB Skyview Ranch DR @ Skyview Springs RD NE,ACTIVE,2026-09-29T19:46:12.000Z,2026-09-29T19:46:12.000Z,ff6f33eb-4bf5-432d-8082-417571c7bbc0,-113.9621615,51.1595615
2289,SB Redstone ST @ Redstone DR NE,ACTIVE,2026-09-29T19:46:12.000Z,2026-09-29T19:46:12.000Z,7cd7e4d2-9628-4915-976c-fa63c6b68b23,-113.9621772,51.1677653
7925,SB Skyview Ranch RD @ 128 AV NE,ACTIVE,2026-09-29T19:46:12.000Z,2026-09-29T19:46:12.000Z,8c196e70-dfd4-432b-bb9d-aefab4645b8b,-113.9622027,51.1647014
7966,NB Skyview Shores MR NE @ Skyview Shores CO NE,ACTIVE,2026-09-29T19:46:12.000Z,2026-09-29T19:46:12.000Z,aed30593-e47b-4dec-862b-7364d6ff4957,-113.9622198,51.1568906
2290,SB Redstone ST @ Redstone WY NE,ACTIVE,2026-09-29T19:46:12.000Z,2026-09-29T19:46:12.000Z,13a2f087-d159-4cd2-9f51-f6a242db6635,-113.9622202,51.1660457
5928,WB McKenzie Towne BV @ McKenzie Towne AV SE,ACTIVE,2026-09-29T19:46:12.000Z,2026-09-29T19:46:12.000Z,ad4894a3-16e0-4aff-bf75-53ca8211f549,-113.9624416,50.9174113
4983,EB Martin Crossing DR @ Martin Crossing PA NE,ACTIVE,2026-09-29T19:46:12.000Z,2026-09-29T19:46:12.000Z,00ee4aa6-b75e-4249-98f8-7458cef8b4ab,-113.9624469,51.1177324
9738,SB Auburn Bay BV @ Auburn Bay AV SE,ACTIVE,2026-09-29T19:46:12.000Z,2026-09-29T19:46:12.000Z,3ad719a6-f5a3-42e5-8d5f-59195d2389cb,-113.9624644,50.8976224
1905,SB Skyview Shores MR NE @ Skyview Shores CO NE,ACTIVE,2026-09-29T19:46:12.000Z,2026-09-29T19:46:12.000Z,04477122-2149-44ed-83c2-75028658ac8b,-113.9625787,51.1568262
2411,WB Cityscape DR @ Cityscape HE NE,ACTIVE,2026-09-29T19:46:12.000Z,2026-09-29T19:46:12.000Z,a80bdf32-9ee4-4d28-8d56-7a16156e046a,-113.9627951,51.152445
2257,WB  Redstone DR @  Redstone ST NE,ACTIVE,2026-09-29T19:46:12.000Z,2026-09-29T19:46:12.000Z,da1212f4-7373-4b50-9fc3-1942a0399734,-113.9629052,51.168466
9562,EB McKenzie Towne DR @ Elgin RI SE,ACTIVE,2026-09-29T19:46:12.000Z,2026-09-29T19:46:12.000Z,ffcd918b-4c5a-40d8-b47f-5723abdb0be8,-113.9629105,50.9067192
1801,EB Savanna DR NE @ Savanna GD NE,ACTIVE,2026-09-29T19:46:12.000Z,2026-09-29T19:46:12.000Z,8d11d23b-d473-43ed-b23b-e00ac92f88cc,-113.9629224,51.1365308
4091,EB Martindale BV @ Martha's CL NE,ACTIVE,2026-09-29T19:46:12.000Z,2026-09-29T19:46:12.000Z,4aca3fad-b736-433d-b7dd-51f8fb5b2396,-113.9629405,51.1221888
8126,WB Marbank DR @ Mardale RD NE,ACTIVE,2026-09-29T19:46:12.000Z,2026-09-29T19:46:12.000Z,0c09c62e-b66f-42f1-9b42-e4810ea01ea0,-113.9629489,51.0632356
2418,WB 130 AV @ 50 ST SE,ACTIVE,2026-09-29T19:46:12.000Z,2026-09-29T19:46:12.000Z,2ade5d41-d06d-4dd5-9d34-1349f7d22560,-113.9629766,50.9321108
2827,WB 61 AV SE @ 48 ST SE,ACTIVE,2026-09-29T19:46:12.000Z,2026-09-29T19:46:12.000Z,d6fa469c-e234-41a7-acda-c39109f01ab9,-113.9630368,50.9991128
4371,EB Memorial DR @ 47 ST SE,ACTIVE,2026-09-29T19:46:12.000Z,2026-09-29T19:46:12.000Z,cb19c9f9-2cb1-4edd-8bdc-c8ab7cb59c25,-113.9630372,51.0527317
8389,EB Erin Woods DR @ Erin Woods TC SE,ACTIVE,2026-09-29T19:46:12.000Z,2026-09-29T19:46:12.000Z,3f21c8dd-77dc-43b3-844a-9fe0551e14a7,-113.963081,51.0252439
4406,WB Whitehorn DR @ 49 ST NE,ACTIVE,2026-09-29T19:46:12.000Z,2026-09-29T19:46:12.000Z,46af4335-f090-42e6-886b-186c86331daf,-113.9631542,51.0858185
5458,EB Promenade WY @ Promenade PA SE,ACTIVE,2026-09-29T19:46:12.000Z,2026-09-29T19:46:12.000Z,576538f5-ae18-48dd-ace1-7a87fb09f199,-113.9631684,50.9134633
7887,WB Castleridge DR @ Castlebrook  DR NE,ACTIVE,2026-09-29T19:46:12.000Z,2026-09-29T19:46:12.000Z,ae33e466-efb3-40ed-9321-d7940219da56,-113.9631732,51.107533
8851,WB 130 AV SE @ 50 ST SE,ACTIVE,2026-09-29T19:46:12.000Z,2026-09-29T19:46:12.000Z,a7fa42f4-1f8e-4e46-9043-44724705a978,-113.9632329,50.9321301
9732,NB Auburn Bay BV @ Auburn Sound VW SE,ACTIVE,2026-09-29T19:46:12.000Z,2026-09-29T19:46:12.000Z,e091b229-fce8-4726-8622-208c5e6db076,-113.9633857,50.8850638
4351,WB 14 AV SE @ 49 ST SE,ACTIVE,2026-09-29T19:46:12.000Z,2026-09-29T19:46:12.000Z,c07f4d5e-679f-41ba-8ab5-80f212e76bb1,-113.9634487,51.0409948
9638,WB Martin Crossing DR @ Martin Crossing MR NE,ACTIVE,2026-09-29T19:46:12.000Z,2026-09-29T19:46:12.000Z,8251a792-5df7-46a1-84b2-51c76b8a213d,-113.9634659,51.1178848
4560,WB 44 AV NE @ 49 ST NE,ACTIVE,2026-09-29T19:46:12.000Z,2026-09-29T19:46:12.000Z,bbe44768-fa46-4a9d-890d-2860fda2e149,-113.9634685,51.0917005
1954,SB Redstone GV @ Redstone AV NE,ACTIVE,2026-09-29T19:46:12.000Z,2026-09-29T19:46:12.000Z,e3c0fb22-f2b8-4a27-936b-811dfe3ea7c6,-113.9635135,51.1731844
2261,NB  Redstone GV @  Redstone AV NE,ACTIVE,2026-09-29T19:46:12.000Z,2026-09-29T19:46:12.000Z,e8479b81-370c-4f8f-9e90-35193a0309f6,-113.9635788,51.1728452
2273,EB 80 AV NE @ Martha's Meadows DR,ACTIVE,2026-09-29T19:46:12.000Z,2026-09-29T19:46:12.000Z,c635a6be-1455-4280-a65c-ee0f31a48780,-113.9636302,51.1250959
8740,EB 90 AV SE @ 48 ST SE,ACTIVE,2026-09-29T19:46:12.000Z,2026-09-29T19:46:12.000Z,90f5d567-4052-4092-836a-691b1b89133f,-113.9636444,50.9722188
4320,WB Maryvale DR @ 50 ST NE,ACTIVE,2026-09-29T19:46:12.000Z,2026-09-29T19:46:12.000Z,7767d2d0-a54e-49b5-9665-cd909598df40,-113.9636886,51.0565176
2817,EB 61 AV SE @ 48 ST SE,ACTIVE,2026-09-29T19:46:12.000Z,2026-09-29T19:46:12.000Z,22b4e612-5c36-4e3e-8426-ea9d7a58a335,-113.9637456,50.9988668
4499,EB Whitehorn DR @ 48 ST NE,ACTIVE,2026-09-29T19:46:12.000Z,2026-09-29T19:46:12.000Z,ac62c0c3-2de7-4527-9e6d-2e7edb99caf1,-113.9637896,51.0854932
6254,WB Castleridge BV @ Westwinds DR NE,ACTIVE,2026-09-29T19:46:12.000Z,2026-09-29T19:46:12.000Z,a5d74e81-ee0f-4b31-a95f-b3a71aedc5d4,-113.9638611,51.1013569
4328,EB Maryvale DR @ W. of 50 ST NE,ACTIVE,2026-09-29T19:46:12.000Z,2026-09-29T19:46:12.000Z,78b13e30-b976-4e1a-9865-6b362eb3f5f8,-113.9639087,51.0564244
1909,NB Skyview Ranch WY @ Skyview Springs MR North NE,ACTIVE,2026-09-29T19:46:12.000Z,2026-09-29T19:46:12.000Z,32733c57-2737-4a6a-a838-3b068b1e0aad,-113.9639387,51.1636464
4910,EB 130 AV SE @ 48 ST SE,ACTIVE,2026-09-29T19:46:12.000Z,2026-09-29T19:46:12.000Z,3a678e90-33da-487f-b707-4b3068b5a954,-113.9639402,50.9317617
9561,WB McKenzie Towne DR @ Elgin Estates HL SE,ACTIVE,2026-09-29T19:46:12.000Z,2026-09-29T19:46:12.000Z,fd6737bb-a605-419a-8b1d-015f7e1b26af,-113.9640076,50.9066938
9744,SB Auburn Bay BV @ Auburn Bay HT SE,ACTIVE,2026-09-29T19:46:12.000Z,2026-09-29T19:46:12.000Z,0785aadc-66f2-4b03-997a-4ae9c0f7b6f3,-113.9640101,50.8851278
9376,WB 90 AV SE @ 48 ST SE,ACTIVE,2026-09-29T19:46:12.000Z,2026-09-29T19:46:12.000Z,a85449cf-60a7-4e58-91c2-74809806c63b,-113.9640549,50.9723689
1816,WB Savanna DR NE @ Savanna GD NE,ACTIVE,2026-09-29T19:46:12.000Z,2026-09-29T19:46:12.000Z,35b4ac9e-e953-475a-b88e-0f33e39169d3,-113.9640638,51.1367629
7958,SB Skyview Ranch WY@ Skyview Shores LI NE,ACTIVE,2026-09-29T19:46:12.000Z,2026-09-29T19:46:12.000Z,a7c7aa81-5bf0-4b64-b822-25c69a0e4c88,-113.9641756,51.1558153
3896,EB 130 AV SE @ 48 ST SE,ACTIVE,2026-09-29T19:46:12.000Z,2026-09-29T19:46:12.000Z,a18f55ad-637c-4a18-8829-1bf543044df4,-113.9641903,50.9318338
5717,WB Erin Woods DR @ Erin Meadows GR SE,ACTIVE,2026-09-29T19:46:12.000Z,2026-09-29T19:46:12.000Z,0be2e402-6634-48ef-bf31-3fafd2e446ba,-113.9642503,51.0191396
6574,EB Martindale BV @ Martindale GA NE,ACTIVE,2026-09-29T19:46:12.000Z,2026-09-29T19:46:12.000Z,fd43087b-4901-4abf-8e75-fab6171a0129,-113.9642555,51.1123824
8871,WB Martindale BV @ Martha's Meadow DR NE,ACTIVE,2026-09-29T19:46:12.000Z,2026-09-29T19:46:12.000Z,1ef5aa94-e532-43c7-a8a7-49c084f28fe7,-113.9642757,51.1220976
4358,WB Memorial DR @ 47 ST NE,ACTIVE,2026-09-29T19:46:12.000Z,2026-09-29T19:46:12.000Z,30e2f51d-a2b4-4000-84e8-84ecec0e793e,-113.964347,51.0529996
6212,EB Rundlehorn DR @ 48 ST NE,ACTIVE,2026-09-29T19:46:12.000Z,2026-09-29T19:46:12.000Z,89f55746-b61e-4ef9-adc3-5edf0d217f63,-113.9643694,51.0707564
7898,WB Rundlehorn DR @ 48 ST NE,ACTIVE,2026-09-29T19:46:12.000Z,2026-09-29T19:46:12.000Z,0b02f4bb-20d1-4d9b-86d3-12379089a7ef,-113.9644039,51.0708833
7991,NB Prestwick BV @ McKenzie Towne BV SE,ACTIVE,2026-09-29T19:46:12.000Z,2026-09-29T19:46:12.000Z,18cea752-35e2-4490-8af3-f818b7f8723d,-113.9646523,50.9173339
8499,EB 50 AV SE @ 47 ST SE,ACTIVE,2026-09-29T19:46:12.000Z,2026-09-29T19:46:12.000Z,62c279fc-2a02-4976-b65b-00554ea5d84e,-113.9647197,51.0086815
9737,SB Auburn Bay BV @ Autumn GA SE,ACTIVE,2026-09-29T19:46:12.000Z,2026-09-29T19:46:12.000Z,3ebaa0fc-4691-401d-a474-961204745312,-113.9647773,50.8968568
7711,WB Westwinds DR @ Castleridge BV NE,ACTIVE,2026-09-29T19:46:12.000Z,2026-09-29T19:46:12.000Z,39dfbfaf-0654-401d-8658-2ed4d2675619,-113.9648476,51.1002995
2579,NB Skyview Ranch WY @ Skyview Shores LI NE,ACTIVE,2026-09-29T19:46:12.000Z,2026-09-29T19:46:12.000Z,7c0069be-e9b2-4e53-808d-f866578565eb,-113.9649204,51.1563878
8397,SB Prestwick BV @ Prestwick GA SE,ACTIVE,2026-09-29T19:46:12.000Z,2026-09-29T19:46:12.000Z,32153c03-c75c-4783-b601-2890eadb282b,-113.9649612,50.91718
7893,SB Skyview Ranch WY @ N leg Skyview Springs GD NE,ACTIVE,2026-09-29T19:46:12.000Z,2026-09-29T19:46:12.000Z,f946c826-5aea-42e7-ab8c-58c0f34d97bf,-113.9650134,51.1633586
2831,EB 106 AV SE @ 48 ST SE,ACTIVE,2026-09-29T19:46:12.000Z,2026-09-29T19:46:12.000Z,390520e4-a096-4066-a18b-f1e7fca2cc99,-113.9650185,50.9578146
7664,NB Inverness GA @ Promenade WY SE,ACTIVE,2026-09-29T19:46:12.000Z,2026-09-29T19:46:12.000Z,bb389df5-3e27-468e-af27-f6769f786b08,-113.9650327,50.9141145
8132,EB Marbank DR @ Mardale DR NE,ACTIVE,2026-09-29T19:46:12.000Z,2026-09-29T19:46:12.000Z,4a14d922-e600-49fd-af4f-0049e98a085f,-113.9651109,51.0633548
4339,WB 26 AV NE @ 48 ST NE,ACTIVE,2026-09-29T19:46:12.000Z,2026-09-29T19:46:12.000Z,ba608299-6898-4bc2-bd76-aa618ef0c068,-113.965113,51.0770633
5600,NB Martindale GA @ 64 AV NE,ACTIVE,2026-09-29T19:46:12.000Z,2026-09-29T19:46:12.000Z,11f26984-128c-407b-ab59-101eb90fbd26,-113.9651196,51.1111906
7646,SB Inverness GA @ McKenzie Towne BV SE,ACTIVE,2026-09-29T19:46:12.000Z,2026-09-29T19:46:12.000Z,ef4eebd1-0c3b-462f-b522-7b3796810568,-113.9651343,50.9153945
2584,SB Redstone GV @ Redstone HE NE,ACTIVE,2026-09-29T19:46:12.000Z,2026-09-29T19:46:12.000Z,58150189-1336-4513-b8b3-cdb7203fe042,-113.9651514,51.1720594
2260,NB  Redstone GV @  Redstone PZ NE,ACTIVE,2026-09-29T19:46:12.000Z,2026-09-29T19:46:12.000Z,4030f942-bfe2-42f3-9170-b6671862f2c4,-113.9652063,51.1718557
4336,EB 8 AV SE @ 47 ST SE,ACTIVE,2026-09-29T19:46:12.000Z,2026-09-29T19:46:12.000Z,9e684edd-d054-40f8-a0c4-49fe024bf51a,-113.9652355,51.0450891
8870,EB  Martindale BV @ Martha's Haven  GR NE,ACTIVE,2026-09-29T19:46:12.000Z,2026-09-29T19:46:12.000Z,6e5cff19-9b65-480a-a946-745acfa64ecf,-113.9652481,51.1216551
2546,EB 88 AV NE @ 46 ST NE,ACTIVE,2026-09-29T19:46:12.000Z,2026-09-29T19:46:12.000Z,8c3add81-1a5f-4f3d-b8c2-c710dae841ea,-113.9652597,51.1323081
2585,EB Redstone DR @ Redstone GV NE,ACTIVE,2026-09-29T19:46:12.000Z,2026-09-29T19:46:12.000Z,88b0b070-9350-40bd-aa6d-a1fd63cf9ced,-113.9653401,51.1682936
4904,NB Prestwick BV @ Prestwick CI SE,ACTIVE,2026-09-29T19:46:12.000Z,2026-09-29T19:46:12.000Z,35b293dc-ca6e-48e7-a073-79092f11fe86,-113.9653849,50.9189559
8267,EB 17 AV SE @ 47 ST SE,ACTIVE,2026-09-29T19:46:12.000Z,2026-09-29T19:46:12.000Z,0c5f3040-afd1-49e0-80ee-98e71ef391d9,-113.9654155,51.0377538
8877,SB Martindale GA @  Martindale BV NE,ACTIVE,2026-09-29T19:46:12.000Z,2026-09-29T19:46:12.000Z,45610c5f-bac4-4e25-97a5-b9d99be5936d,-113.9654792,51.1120274
2515,EB Westwinds DR @ 47 ST NE,ACTIVE,2026-09-29T19:46:12.000Z,2026-09-29T19:46:12.000Z,9ece3f76-db6a-44b4-9d10-b5eb326bb9ea,-113.9655473,51.1000434
5795,EB Castleridge BV @ E. of 54 AV NE,ACTIVE,2026-09-29T19:46:12.000Z,2026-09-29T19:46:12.000Z,fb2e0a49-e0a0-48e0-8110-dd45775787a4,-113.9655719,51.1018925
6715,EB 26 AV NE @ Rundlehill DR East leg,ACTIVE,2026-09-29T19:46:12.000Z,2026-09-29T19:46:12.000Z,b20123c2-2194-4eb9-a0f5-9b75b49f0ba7,-113.9655947,51.0771208
1979,NB 46 ST NE @ Savanna AL NE,ACTIVE,2026-09-29T19:46:12.000Z,2026-09-29T19:46:12.000Z,4789b60f-87e8-4f13-8616-b2c44b7fe2ee,-113.9656785,51.1357092
1928,NB 46 ST @ 88 AV NE,ACTIVE,2026-09-29T19:46:12.000Z,2026-09-29T19:46:12.000Z,0a36a309-9ac6-4e04-b35b-66843cdf33db,-113.9656882,51.1331639
9733,NB Auburn Bay BV @ Auburn Sound GR SE,ACTIVE,2026-09-29T19:46:12.000Z,2026-09-29T19:46:12.000Z,4d558061-8d86-4039-af01-f68ffd894458,-113.9656951,50.8876012
8327,SB Prestwick BV @ Prestwick CI SE,ACTIVE,2026-09-29T19:46:12.000Z,2026-09-29T19:46:12.000Z,9297d06e-5d5c-42d2-acd1-2e1b588bcd16,-113.9656951,50.9185844
2833,WB 106 AV SE @ 48 ST SE,ACTIVE,2026-09-29T19:46:12.000Z,2026-09-29T19:46:12.000Z,b8e05379-174a-44fd-82d9-71a294cd4ee4,-113.9657341,50.9580455
2258,NB  Redstone GV @  Redstone DR NE,ACTIVE,2026-09-29T19:46:12.000Z,2026-09-29T19:46:12.000Z,52594059-5902-4aad-b1cb-1aa9953c9b5b,-113.9657742,51.168743
3869,WB 130 AV SE @ 48 ST SE,ACTIVE,2026-09-29T19:46:12.000Z,2026-09-29T19:46:12.000Z,efd13389-5bef-4d82-8430-ebd5aecf8f4c,-113.9657784,50.9321693
1908,NB Skyview Ranch WY @ Skyview Springs MR South NE,ACTIVE,2026-09-29T19:46:12.000Z,2026-09-29T19:46:12.000Z,8aaf190b-1f1b-4518-a78a-d520cf307b14,-113.965796,51.162072
9520,NB Prestwick BV @  Prestwick AV SE,ACTIVE,2026-09-29T19:46:12.000Z,2026-09-29T19:46:12.000Z,0f053822-a330-4b26-b0f9-e9f4658c8a4d,-113.9657965,50.9224909
9655,NB Castleridge BV @ N. of Castleridge DR NE,ACTIVE,2026-09-29T19:46:12.000Z,2026-09-29T19:46:12.000Z,ab056ca8-40b4-4966-aad9-16a632863184,-113.965798,51.1087328
1906,NB Skyview Ranch WY @ Skyview Shores RI NE,ACTIVE,2026-09-29T19:46:12.000Z,2026-09-29T19:46:12.000Z,a302965f-567b-4798-897a-3dccef9a8170,-113.9658191,51.1586257
1817,SB 46 ST NE @ Savanna AL NE,ACTIVE,2026-09-29T19:46:12.000Z,2026-09-29T19:46:12.000Z,83f274a9-f7f4-46ce-85c1-e30daa79fa4c,-113.9658238,51.1364371
1907,NB Skyview Ranch WY @ Skyview Springs RD NE,ACTIVE,2026-09-29T19:46:12.000Z,2026-09-29T19:46:12.000Z,4f67de8e-2b03-49ad-a4fa-da9ec20b4ba1,-113.9658246,51.1603934
4310,WB Castleridge BV @ E. of 54 AV NE,ACTIVE,2026-09-29T19:46:12.000Z,2026-09-29T19:46:12.000Z,55547765-98e3-4082-ae0e-19044e768427,-113.9658787,51.1022243
7647,WB Promenade WY @ Inverness GA SE,ACTIVE,2026-09-29T19:46:12.000Z,2026-09-29T19:46:12.000Z,3d874ff6-3051-4c5b-bfe3-ac7d92350c01,-113.9658805,50.9137678
4500,EB Whitehorn DR @ Whiteview RD NE,ACTIVE,2026-09-29T19:46:12.000Z,2026-09-29T19:46:12.000Z,3cad6972-b87f-4ec8-888d-ded42ee51e29,-113.9659011,51.0848735
7802,SB Skyview Ranch WY @ Skyview Shores MR NE,ACTIVE,2026-09-29T19:46:12.000Z,2026-09-29T19:46:12.000Z,7f34b121-20f7-4b8d-abdb-9a969bc7acf4,-113.9659706,51.1580621
1955,SB Redstone GV @ Redstone VI NE,ACTIVE,2026-09-29T19:46:12.000Z,2026-09-29T19:46:12.000Z,fe6ed838-aad2-4c2f-9a4e-fc803f1ba0f5,-113.9659755,51.1697952
1818,SB 46 ST NE @ Savanna AV NE,ACTIVE,2026-09-29T19:46:12.000Z,2026-09-29T19:46:12.000Z,84fc66da-74e8-4d31-98c1-8603405253f6,-113.9659761,51.1342894
9516,WB Prestwick CI @ Prestwick VI SE,ACTIVE,2026-09-29T19:46:12.000Z,2026-09-29T19:46:12.000Z,6ab32370-36b1-48a0-8611-891b1a12e0a5,-113.9659799,50.9266695
7813,SB Skyview Ranch WY @ S leg Skyview Springs CR NE,ACTIVE,2026-09-29T19:46:12.000Z,2026-09-29T19:46:12.000Z,c470849c-7e9e-4087-a99c-3b169f3f51ad,-113.9659879,51.1598453
7984,SB Skyview Ranch WY @ S leg Skyview Springs GD NE,ACTIVE,2026-09-29T19:46:12.000Z,2026-09-29T19:46:12.000Z,721e6929-45ef-48df-a1a8-bdccf4c98dcb,-113.9660262,51.161442
8490,WB 50 AV SE @ 47 ST SE,ACTIVE,2026-09-29T19:46:12.000Z,2026-09-29T19:46:12.000Z,10f14c17-1112-4124-9a6b-ea30d0513440,-113.9660478,51.008869
6632,NB Erin Woods DR @ Erin Grove BA SE,ACTIVE,2026-09-29T19:46:12.000Z,2026-09-29T19:46:12.000Z,45ab18ea-6f07-4fe7-91a0-7a999c315b9c,-113.9660527,51.0251682
6255,SB Castleridge DR @ Castleridge BV NE,ACTIVE,2026-09-29T19:46:12.000Z,2026-09-29T19:46:12.000Z,54592fec-f95e-4032-8bd0-b8fabfd6590b,-113.9660971,51.1080497
8872,WB Martindale BV @ Martha's Haven MR NE,ACTIVE,2026-09-29T19:46:12.000Z,2026-09-29T19:46:12.000Z,c65ac8f4-5f0a-49d3-8123-c90a1ff946a3,-113.9661202,51.1216507
2409,NB Cityscape DR@ Cityscape MR NE,ACTIVE,2026-09-29T19:46:12.000Z,2026-09-29T19:46:12.000Z,dd06c87c-a397-4d69-9965-57326bea88a0,-113.9661517,51.1507926
9519,SB Prestwick BV @  Prestwick DR SE,ACTIVE,2026-09-29T19:46:12.000Z,2026-09-29T19:46:12.000Z,4b29e753-5bf7-4516-ba53-6267d97e0415,-113.9661729,50.9230494
2408,NB Cityscape DR @ Cityscape BV NE,ACTIVE,2026-09-29T19:46:12.000Z,2026-09-29T19:46:12.000Z,0a21ddb8-5d86-4040-958f-0d3b28d67230,-113.9661936,51.1479081
9743,SB Auburn Bay BV @ Auburn Bay VW SE,ACTIVE,2026-09-29T19:46:12.000Z,2026-09-29T19:46:12.000Z,3791ffa1-222c-4ae2-9a7e-47a68f11fdd0,-113.9661968,50.8881306
4376,WB 8 AV SE @ 47 ST SE,ACTIVE,2026-09-29T19:46:12.000Z,2026-09-29T19:46:12.000Z,33174b87-f201-4d3b-b8be-6a8d31e937e3,-113.9662096,51.0452493
8274,WB 17 AV SE @ 47 ST SE,ACTIVE,2026-09-29T19:46:12.000Z,2026-09-29T19:46:12.000Z,93190643-d3fd-4d31-b394-7a815a4bbe00,-113.9662613,51.0379107
2514,WB Westwinds DR @ 47 ST NE,ACTIVE,2026-09-29T19:46:12.000Z,2026-09-29T19:46:12.000Z,870e6e08-ef4b-4fa9-90da-356c5d6b9362,-113.9662904,51.1002372
2545,WB 88 AV NE @ 46 ST NE,ACTIVE,2026-09-29T19:46:12.000Z,2026-09-29T19:46:12.000Z,e052c979-0234-4190-892d-092283806c68,-113.9663055,51.1326456
4350,WB 14 AV SE @ 47 ST SE,ACTIVE,2026-09-29T19:46:12.000Z,2026-09-29T19:46:12.000Z,73d40b03-9034-4de3-8bc0-308e5310ef9a,-113.9663163,51.0409974
8130,WB Marbank DR @ Mardale DR NE,ACTIVE,2026-09-29T19:46:12.000Z,2026-09-29T19:46:12.000Z,f9985776-06ff-4a10-9087-444a6156704b,-113.9663395,51.0635576
9734,NB Auburn Bay BV @ Auburn Sound VW SE,ACTIVE,2026-09-29T19:46:12.000Z,2026-09-29T19:46:12.000Z,504ec6c2-9855-4263-bf25-00cf731d23c9,-113.9663669,50.8898891
9523,EB Prestwick CI @ Prestwick ST SE,ACTIVE,2026-09-29T19:46:12.000Z,2026-09-29T19:46:12.000Z,ac459563-c56f-42f2-afa0-2ad9dc6e049c,-113.9663883,50.9265182
4909,WB 130 AV SE @ 48 ST SE,ACTIVE,2026-09-29T19:46:12.000Z,2026-09-29T19:46:12.000Z,9703d42d-fa4b-4b0c-9d94-a1d2a72c2daf,-113.9664178,50.9321859
2421,SB Cityscape Dr @ Cityscape Mr NE,ACTIVE,2026-09-29T19:46:12.000Z,2026-09-29T19:46:12.000Z,db57ac67-9da0-470c-ba45-e2ad95cc3ac7,-113.9664789,51.1503612
9560,EB McKenzie Towne DR @ Elgin ST SE,ACTIVE,2026-09-29T19:46:12.000Z,2026-09-29T19:46:12.000Z,ae81b1e2-142d-4f9c-9bc5-738da3fa4f4a,-113.9665311,50.9061747
3595,EB Cranford DR @ Cranford PA SE,ACTIVE,2026-09-29T19:46:12.000Z,2026-09-29T19:46:12.000Z,fce0c023-10ae-4517-b7c3-d985a9b8a38a,-113.9666923,50.8715131
4329,EB Maryvale DR @ Maryvale WY NE,ACTIVE,2026-09-29T19:46:12.000Z,2026-09-29T19:46:12.000Z,cbf70192-4c87-4d9c-82ce-5cd5e05c8326,-113.9667894,51.0566791
4911,EB 130 AV SE @ 46 ST SE,ACTIVE,2026-09-29T19:46:12.000Z,2026-09-29T19:46:12.000Z,91128e80-c996-4254-9d63-0d7c444fd55d,-113.966954,50.9318221
3596,NB Cranford DR @ Cranford CL SE,ACTIVE,2026-09-29T19:46:12.000Z,2026-09-29T19:46:12.000Z,caea3e92-15c2-46b2-bc0e-f91942ca8e76,-113.9669707,50.8734651
4984,Martindale LRT Station EB (Martin Crossing DR),ACTIVE,2026-09-29T19:46:12.000Z,2026-09-29T19:46:12.000Z,0efd9065-8589-4af2-bc13-03a2e063ff16,-113.9670071,51.1173652
5794,SB Castleridge BV @ Westwinds DR NE,ACTIVE,2026-09-29T19:46:12.000Z,2026-09-29T19:46:12.000Z,dde1cad8-899c-421e-89f3-63ac1bf5eaaf,-113.9671687,51.1080506
8387,NB Erin Woods DR @ Erin Park DR SE,ACTIVE,2026-09-29T19:46:12.000Z,2026-09-29T19:46:12.000Z,e8a48692-a4a0-473e-b6f6-671c8cd96ea9,-113.9673134,51.0228982
6747,SB Martindale CTrain Station,ACTIVE,2026-09-29T19:46:12.000Z,2026-09-29T19:46:12.000Z,2cdedab6-ed15-4d72-b5c9-ca7dc3110c5b,-113.9674427,51.1177848
4691,WB McKenzie Towne DR @ Elgin ST SE,ACTIVE,2026-09-29T19:46:12.000Z,2026-09-29T19:46:12.000Z,23d11e6d-1614-4130-ae42-3ece64a0f250,-113.9675526,50.9061302
6954,NB Castleridge BV @ Westwinds DR NE,ACTIVE,2026-09-29T19:46:12.000Z,2026-09-29T19:46:12.000Z,5268513c-08b0-4ee0-8a38-7310ac921342,-113.9675987,51.107594
3659,WB Cranston GA  @ Cranford WY SE,ACTIVE,2026-09-29T19:46:12.000Z,2026-09-29T19:46:12.000Z,b41f41a9-86e3-4e92-9500-0e67ee1e1eba,-113.967616,50.8677321
2893,WB 80 AV NE @ E. of Metis Tr,ACTIVE,2026-09-29T19:46:12.000Z,2026-09-29T19:46:12.000Z,0c432bc1-33b4-4a38-987c-491c6fa99c88,-113.9676536,51.1254271
8868,Martindale LRT Station NB (Martindale BV),ACTIVE,2026-09-29T19:46:12.000Z,2026-09-29T19:46:12.000Z,c4273f19-3705-4fae-b3fe-89bab65cedde,-113.9677439,51.1178116
2407,WB Cityscape BV @ Cityscape DR NE,ACTIVE,2026-09-29T19:46:12.000Z,2026-09-29T19:46:12.000Z,6ee67560-9885-47b1-befd-4a842a946cc0,-113.9678451,51.1472799
8861,EB 106 AV SE @ 46 ST SE,ACTIVE,2026-09-29T19:46:12.000Z,2026-09-29T19:46:12.000Z,edcf9fa9-5cd6-445c-8ec8-e952f6546547,-113.9678794,50.9578422
9742,SB Auburn Bay BV @ Auburn Bay GD SE,ACTIVE,2026-09-29T19:46:12.000Z,2026-09-29T19:46:12.000Z,5f1bb82f-3b35-46cc-ab7a-fcf25bf2d39c,-113.9679088,50.8908917
4405,WB Whitehorn DR @ Whitehorn RD NE,ACTIVE,2026-09-29T19:46:12.000Z,2026-09-29T19:46:12.000Z,738c7b8a-5a95-4425-87f1-2c6ede49d812,-113.9679338,51.0848003
9396,NB Martindale CTrain Station,ACTIVE,2026-09-29T19:46:12.000Z,2026-09-29T19:46:12.000Z,9eacae5c-b3d6-466b-8940-97ceb3c79591,-113.967987,51.1174158
4321,WB Maryvale DR @ Maryvale WY NE,ACTIVE,2026-09-29T19:46:12.000Z,2026-09-29T19:46:12.000Z,6346da28-7872-4755-a048-db0f6a5dafd3,-113.9680017,51.0566926
9739,SB Auburn Bay BV @ Autumn CR SE,ACTIVE,2026-09-29T19:46:12.000Z,2026-09-29T19:46:12.000Z,68ffda97-5a21-4ac3-81d2-ac90e2fb27ee,-113.9680465,50.8961044
3597,NB Cranford DR @ Cranford CR SE,ACTIVE,2026-09-29T19:46:12.000Z,2026-09-29T19:46:12.000Z,dc51a5be-2a7b-4ec7-b9f3-225332103ab0,-113.9680844,50.8760406
8862,EB Westwinds DR @ W. of 47 ST NE,ACTIVE,2026-09-29T19:46:12.000Z,2026-09-29T19:46:12.000Z,0e2ed7cc-e77f-472b-af14-c519b9b01ebf,-113.9681559,51.1000436
3657,EB Cranston GA  @ Cranston AV SE,ACTIVE,2026-09-29T19:46:12.000Z,2026-09-29T19:46:12.000Z,fe6be593-358a-4e0e-b606-050db5e0f123,-113.9683921,50.8675139
4898,Annie Gale School on Whiteridge Wy NE,ACTIVE,2026-09-29T19:46:12.000Z,2026-09-29T19:46:12.000Z,624903ac-9206-44ca-924d-e4173f583adf,-113.9684119,51.0893462
6219,EB 8 AV SE @ 44 ST SE,ACTIVE,2026-09-29T19:46:12.000Z,2026-09-29T19:46:12.000Z,1870c917-5509-4fd6-a9e4-861c07dc3ee0,-113.9684174,51.0450908
9735,NB Auburn Bay BV @ Auburn Bay CM SE,ACTIVE,2026-09-29T19:46:12.000Z,2026-09-29T19:46:12.000Z,23a87911-8418-466d-9cd8-df16d8c206f4,-113.9685967,50.8915977
4901,SB McKenzie Towne DR @ Elgin WY SE,ACTIVE,2026-09-29T19:46:12.000Z,2026-09-29T19:46:12.000Z,acce3985-398e-4abf-bb01-4de7da2d75f8,-113.9686194,50.90622
8869,NB Martindale BV @ Martha's Haven PL NE,ACTIVE,2026-09-29T19:46:12.000Z,2026-09-29T19:46:12.000Z,6c61d0ee-87de-4585-bef8-89394f048049,-113.9686963,51.1199195
7904,EB 44 AV NE @ Whiterige WY,ACTIVE,2026-09-29T19:46:12.000Z,2026-09-29T19:46:12.000Z,39e1bd85-b66c-4afc-8c8d-e2da9ca13bc4,-113.968793,51.0924054
7905,EB 44 AV NE @ Whiteridge WY,ACTIVE,2026-09-29T19:46:12.000Z,2026-09-29T19:46:12.000Z,4b118ca9-ec12-4f2f-92ff-cb19fb34d181,-113.968793,51.0924054
4562,EB Castleridge BV @ 54 AV NE,ACTIVE,2026-09-29T19:46:12.000Z,2026-09-29T19:46:12.000Z,10b0d526-eed5-48b2-b981-cf4a4f911c5d,-113.9688008,51.1031996
4559,WB 44 AV NE @ Whiteridge WY,ACTIVE,2026-09-29T19:46:12.000Z,2026-09-29T19:46:12.000Z,5dfb8aba-3d14-4a4a-8ece-758d00f05749,-113.9688406,51.0925506
7962,NB Inverness SQ @ Inverness RD SE,ACTIVE,2026-09-29T19:46:12.000Z,2026-09-29T19:46:12.000Z,308ce623-600e-4666-979a-de0f0d0e9c6e,-113.9688458,50.9132422
8873,SB  Martindale BV @ Martha's Haven PL NE,ACTIVE,2026-09-29T19:46:12.000Z,2026-09-29T19:46:12.000Z,64112ccb-d541-49e6-a865-c31f0ba8820c,-113.968958,51.1193497
9399,EB 90 AV SE @ 44 ST SE,ACTIVE,2026-09-29T19:46:12.000Z,2026-09-29T19:46:12.000Z,af29fd50-07f8-437d-80ab-e5aba4b567cc,-113.9690391,50.9721836
4764,SB Castleridge BV @ Westwinds CR NE,ACTIVE,2026-09-29T19:46:12.000Z,2026-09-29T19:46:12.000Z,78b1c415-35e1-4c53-80cb-005272c1b875,-113.9690424,51.1069298
7788,NB McKenzie Towne DR @ Elgin PK RD SE,ACTIVE,2026-09-29T19:46:12.000Z,2026-09-29T19:46:12.000Z,b3915927-1564-46e6-a78d-63fd181f9f52,-113.9690525,50.9100632
4902,NB McKenzie Towne DR @ Elgin WY SE,ACTIVE,2026-09-29T19:46:12.000Z,2026-09-29T19:46:12.000Z,1d43371f-1b12-4e4c-a1d7-186e771d0a03,-113.9690573,50.9067495
2297,EB Cityscape BV @ Metis TR NE,ACTIVE,2026-09-29T19:46:12.000Z,2026-09-29T19:46:12.000Z,75f9f820-494f-4f3a-b9fa-8de1e0c0cb9f,-113.969063,51.1470704
4311,WB Castleridge BV @ 54 AV NE,ACTIVE,2026-09-29T19:46:12.000Z,2026-09-29T19:46:12.000Z,aeaa4ab2-096e-44e7-b534-826e237a7e76,-113.9691748,51.1036636
8797,WB 106 AV SE @ 46 ST SE,ACTIVE,2026-09-29T19:46:12.000Z,2026-09-29T19:46:12.000Z,89a95554-4ba3-41e6-8db1-62a39230e726,-113.9691766,50.9580648
8498,EB 50 AV SE @ 43 ST SE,ACTIVE,2026-09-29T19:46:12.000Z,2026-09-29T19:46:12.000Z,d8d8265c-9c8f-4878-ad2d-151528d30c68,-113.969252,51.0087093
4903,SB McKenzie Towne DR @ Elgin GA SE,ACTIVE,2026-09-29T19:46:12.000Z,2026-09-29T19:46:12.000Z,01c48b28-8fa3-43af-8ad5-5d2e19ddbafd,-113.9692949,50.9085224
9809,44th Street SE Station (EB),ACTIVE,2026-09-29T19:46:12.000Z,2026-09-29T19:46:12.000Z,780afe79-14cc-4df6-aea9-cab10926ed21,-113.9693069,51.0377415
9651,EB Westwinds DR @ Castleridge BV NE,ACTIVE,2026-09-29T19:46:12.000Z,2026-09-29T19:46:12.000Z,9da1d68c-500a-4701-8f95-2284dd330110,-113.9693101,51.1088212
7648,SB McKenzie Towne DR @ Inverness PA SE,ACTIVE,2026-09-29T19:46:12.000Z,2026-09-29T19:46:12.000Z,3ae1b02f-9c16-4c3b-ac8e-df01d6ed755c,-113.9693222,50.9111677
6168,EB Memorial DR @ 44 ST SE,ACTIVE,2026-09-29T19:46:12.000Z,2026-09-29T19:46:12.000Z,5da8facd-7de9-488c-b923-738144d89a19,-113.9693315,51.0527243
7793,SB Inverness RD @ Inverness SQ SE,ACTIVE,2026-09-29T19:46:12.000Z,2026-09-29T19:46:12.000Z,bbc79f07-a200-439e-bdaa-2262c577aa53,-113.9693487,50.9129494
5062,EB 17 AV SE @ 44 ST SE,ACTIVE,2026-09-29T19:46:12.000Z,2026-09-29T19:46:12.000Z,6fe037b1-c3ba-4e12-8a16-f4d5733adbc4,-113.9693524,51.0377661
8384,WB Erin Woods DR @ Erin Green WY SE,ACTIVE,2026-09-29T19:46:12.000Z,2026-09-29T19:46:12.000Z,187ccffa-d938-41fb-a5b3-96d0185f4930,-113.9693594,51.0168977
2796,Rundleside Drive Station (EB),ACTIVE,2026-09-29T19:46:12.000Z,2026-09-29T19:46:12.000Z,ef9d7118-32fd-40f5-8115-a1d537f46190,-113.9693783,51.0813846
9736,NB Auburn Bay BV @ Autumn GV SE,ACTIVE,2026-09-29T19:46:12.000Z,2026-09-29T19:46:12.000Z,7cd1764b-53ce-4887-a9b7-8b43fac53830,-113.9693827,50.8950651
4344,EB Rundlehorn DR @ Rundlewood DR NE,ACTIVE,2026-09-29T19:46:12.000Z,2026-09-29T19:46:12.000Z,7d170660-071e-44b8-97cc-0b0532185b76,-113.9694491,51.0705825
5868,EB Whitehorn DR @ Whiteview RD NE,ACTIVE,2026-09-29T19:46:12.000Z,2026-09-29T19:46:12.000Z,34724b5d-d38f-4c24-a923-bac60fb2c2f6,-113.9694551,51.0846869
9653,WB Westwinds DR @ Castleridge BV NE,ACTIVE,2026-09-29T19:46:12.000Z,2026-09-29T19:46:12.000Z,9c21d9c2-512b-4bfb-ad1f-bc0f06723ea5,-113.9694726,51.1090017
4908,WB 130 AV SE @ 46 ST SE,ACTIVE,2026-09-29T19:46:12.000Z,2026-09-29T19:46:12.000Z,8371263c-7f32-4465-8b19-339410038272,-113.9695391,50.9321258
6714,EB 26 AV NE @ Rundlehill DR West leg,ACTIVE,2026-09-29T19:46:12.000Z,2026-09-29T19:46:12.000Z,f01786ec-4698-41a0-b5be-d935c9040a7c,-113.9695742,51.0780607
8386,EB  Erin Woods DR @ Erin Grove CL SE,ACTIVE,2026-09-29T19:46:12.000Z,2026-09-29T19:46:12.000Z,810f4982-69dc-4664-8ac0-0868bcd37695,-113.9696077,51.0216175
2816,EB 61 AV SE @ 44 ST SE,ACTIVE,2026-09-29T19:46:12.000Z,2026-09-29T19:46:12.000Z,d8c97cda-2dd2-4f8d-b9d0-3d013d1fe0d7,-113.969626,50.9988865
9741,SB Auburn Bay BV @ Autumn VW SE,ACTIVE,2026-09-29T19:46:12.000Z,2026-09-29T19:46:12.000Z,cdf9ed4e-4008-47f5-9d73-7265ec7e7449,-113.9696814,50.8920864
9847,NB Castleridge BV @ Westwinds CR NE,ACTIVE,2026-09-29T19:46:12.000Z,2026-09-29T19:46:12.000Z,66ef6a8a-268b-4011-9710-7e45ec767f74,-113.9696835,51.1058671
5899,NB 44 ST SE @ 4 AV SE,ACTIVE,2026-09-29T19:46:12.000Z,2026-09-29T19:46:12.000Z,1b26fd6e-6585-43e2-919e-4b09273138ad,-113.9698783,51.0498151
4460,NB 44 ST SE @ 11 AV SE,ACTIVE,2026-09-29T19:46:12.000Z,2026-09-29T19:46:12.000Z,652d059a-7c7c-46a3-928f-3338eb4697ca,-113.9698852,51.0435907
4462,NB 44 ST SE @ 8 AV SE,ACTIVE,2026-09-29T19:46:12.000Z,2026-09-29T19:46:12.000Z,8f696602-0604-4033-aca7-d67a46c01e0f,-113.9698891,51.0454978
5898,NB 44 ST SE @ 17 AV SE,ACTIVE,2026-09-29T19:46:12.000Z,2026-09-29T19:46:12.000Z,16531213-c98e-4875-8b5c-ef97e40d4cb1,-113.9698905,51.0382658
4461,NB 44 ST SE @ 14 AV SE,ACTIVE,2026-09-29T19:46:12.000Z,2026-09-29T19:46:12.000Z,6d043192-b0ff-478a-8e64-29b11491cb28,-113.9698917,51.0413061
5897,NB 44 ST SE @ 23 AV SE,ACTIVE,2026-09-29T19:46:12.000Z,2026-09-29T19:46:12.000Z,bdfc148e-9879-47bc-a661-3299bbe52123,-113.9698991,51.0335436
4463,NB 44 ST SE @ 19 AV SE,ACTIVE,2026-09-29T19:46:12.000Z,2026-09-29T19:46:12.000Z,d81786ff-b0a4-434f-9283-498928c3e57a,-113.969912,51.0366472
9846,SB Castleridge BV @ Westwinds CR NE,ACTIVE,2026-09-29T19:46:12.000Z,2026-09-29T19:46:12.000Z,1b73b929-d5d6-4c72-b854-b8a87dae4dd7,-113.9699138,51.1054053
4464,NB 44 ST SE @ 26 AV SE,ACTIVE,2026-09-29T19:46:12.000Z,2026-09-29T19:46:12.000Z,431d7d7d-d3cd-456f-b523-dd84fbd94e71,-113.9699142,51.0309084
2601,Rundlehill Dr@ Dr Gordon Higgins School,ACTIVE,2026-09-29T19:46:12.000Z,2026-09-29T19:46:12.000Z,26af7b4a-7e4e-404d-9bb5-a1bb1ad30306,-113.9699618,51.075714
4330,EB Maryvale DR @ 42 ST NE,ACTIVE,2026-09-29T19:46:12.000Z,2026-09-29T19:46:12.000Z,b18345e0-5229-4baf-a810-26f5f67fea45,-113.9699812,51.0561053
8134,EB Marbank DR @ Marlyn WY NE,ACTIVE,2026-09-29T19:46:12.000Z,2026-09-29T19:46:12.000Z,56993017-715f-4951-803b-9813d6015fff,-113.9700166,51.0634282
8182,NB 44 ST SE @ 75 AV SE,ACTIVE,2026-09-29T19:46:12.000Z,2026-09-29T19:46:12.000Z,15dcbfe8-4897-4ade-b6ae-7724766d2cea,-113.9700338,50.987753
8184,NB 44 ST SE @ 72 AV SE,ACTIVE,2026-09-29T19:46:12.000Z,2026-09-29T19:46:12.000Z,91913265-3e0d-4829-ba1a-7a7fbec02a77,-113.9700553,50.9900473
8211,NB 44 ST SE @ 64 AV SE,ACTIVE,2026-09-29T19:46:12.000Z,2026-09-29T19:46:12.000Z,6f0ab5f2-9fbc-4950-ae0d-386283d422dc,-113.9700565,50.9970276
8180,NB 44 ST SE @ 76 AV SE,ACTIVE,2026-09-29T19:46:12.000Z,2026-09-29T19:46:12.000Z,233b64da-dcd8-4e32-a248-a586e48876ae,-113.9700604,50.9855949
8209,NB 44 ST SE @ 68 AV SE,ACTIVE,2026-09-29T19:46:12.000Z,2026-09-29T19:46:12.000Z,7fe0aa99-04d1-486a-b7ba-f63e9b69ec9a,-113.9700615,50.9945451
4492,SB 44 ST SE @ 14 AV SE,ACTIVE,2026-09-29T19:46:12.000Z,2026-09-29T19:46:12.000Z,ae3bccce-ae66-4f95-91cf-db4939db94f0,-113.9701226,51.0406105
5877,SB 44 ST SE @ 11 AV SE,ACTIVE,2026-09-29T19:46:12.000Z,2026-09-29T19:46:12.000Z,46b120a4-8cad-4c60-b053-39ad5f7d7c48,-113.9701263,51.0429583
4491,SB 44 ST SE @ 21 AV SE,ACTIVE,2026-09-29T19:46:12.000Z,2026-09-29T19:46:12.000Z,8fa35f4c-aacc-4c2b-beeb-09f673cf6ab1,-113.9701295,51.0343861
4493,SB 44 ST SE @ 8 AV SE,ACTIVE,2026-09-29T19:46:12.000Z,2026-09-29T19:46:12.000Z,914e5f38-6d37-4b15-a25d-a4aed88f7a7e,-113.9701308,51.0448564
4494,SB 44 ST SE @ 4 AV SE,ACTIVE,2026-09-29T19:46:12.000Z,2026-09-29T19:46:12.000Z,fd95f219-5c75-4526-b8f4-bad521100b95,-113.9701311,51.0490031
4490,SB 44 ST SE @ 23 AV SE,ACTIVE,2026-09-29T19:46:12.000Z,2026-09-29T19:46:12.000Z,0e3b41c8-e070-46af-a4a2-d0b3525d2a7c,-113.9701366,51.0329651
5878,SB 44 ST SE @ 17 AV SE,ACTIVE,2026-09-29T19:46:12.000Z,2026-09-29T19:46:12.000Z,7a25e78a-1fbf-4017-b2cc-4b1887f5121a,-113.970145,51.0374268
5876,SB 44 ST E @ Memorial DR,ACTIVE,2026-09-29T19:46:12.000Z,2026-09-29T19:46:12.000Z,9ce10b21-a948-41aa-b6ec-74570b4b7664,-113.9701698,51.0521254
9740,SB Auburn Bay BV @ Autumn GR SE,ACTIVE,2026-09-29T19:46:12.000Z,2026-09-29T19:46:12.000Z,200c8e69-a260-49d8-b75f-a94e2b517012,-113.9701827,50.8946388
2801,Rundleside Drive Station (WB),ACTIVE,2026-09-29T19:46:12.000Z,2026-09-29T19:46:12.000Z,3c103dae-112d-410d-a5b3-629c680c5b5f,-113.9702185,51.081616
8183,SB 44 ST SE @ 72 AV SE,ACTIVE,2026-09-29T19:46:12.000Z,2026-09-29T19:46:12.000Z,1893a23b-f319-4346-935e-5084f8dce9ce,-113.9702204,50.9890442
8185,SB 44 ST SE @ 68 AV SE,ACTIVE,2026-09-29T19:46:12.000Z,2026-09-29T19:46:12.000Z,1f2a6f55-e2da-4d59-b075-13e341bc2348,-113.9702261,50.9935509
8181,SB 44 ST SE @ 75 AV SE,ACTIVE,2026-09-29T19:46:12.000Z,2026-09-29T19:46:12.000Z,45b6960a-8f41-46da-ac05-def9aa8fdb66,-113.970227,50.9869755
8208,SB 44 ST SE @ 61 AV SE,ACTIVE,2026-09-29T19:46:12.000Z,2026-09-29T19:46:12.000Z,ef098fde-ce05-47b0-9e82-ba6081c8fa57,-113.9702279,50.9985522
8210,SB 44 ST SE @ 64 AV SE,ACTIVE,2026-09-29T19:46:12.000Z,2026-09-29T19:46:12.000Z,1eaba253-ddc9-4a73-b53c-3079ca30881d,-113.9702343,50.9962676
6237,WB Maryvale DR @ E. of 42 ST NE,ACTIVE,2026-09-29T19:46:12.000Z,2026-09-29T19:46:12.000Z,17e76b2b-7a9d-4464-b82a-8ff55a3b49e3,-113.9703868,51.0562328
4338,WB 26 AV NE @ Rundlehill DR,ACTIVE,2026-09-29T19:46:12.000Z,2026-09-29T19:46:12.000Z,0e1ef0ce-97d3-4dfd-8be6-5906d116c475,-113.970394,51.0781899
6055,WB Rundlehorn DR @ Rundlewood DR NE,ACTIVE,2026-09-29T19:46:12.000Z,2026-09-29T19:46:12.000Z,385b739c-94e9-4b14-915d-64dc83ca19a6,-113.9704261,51.0707068
4404,WB Whitehorn DR @ Whitehorn CR NE,ACTIVE,2026-09-29T19:46:12.000Z,2026-09-29T19:46:12.000Z,728862ac-cb05-417a-a2ce-16b6087c751f,-113.9704443,51.0848475
4375,WB 8 AV SE @ 44 ST SE,ACTIVE,2026-09-29T19:46:12.000Z,2026-09-29T19:46:12.000Z,68f7ecd2-f519-4ada-b358-d8fbcc465aed,-113.9705477,51.045245
5900,WB Memorial DR @ 44 ST NE,ACTIVE,2026-09-29T19:46:12.000Z,2026-09-29T19:46:12.000Z,663c7113-3cac-4aa9-a446-fda3df12efd0,-113.9705569,51.052972
2828,WB 76 AV SE @ 44 ST SE,ACTIVE,2026-09-29T19:46:12.000Z,2026-09-29T19:46:12.000Z,2199bf05-1ff0-4cb4-8c1a-7120df4e4c88,-113.9705956,50.9852769
8491,WB 50 AV SE @ 43 ST SE,ACTIVE,2026-09-29T19:46:12.000Z,2026-09-29T19:46:12.000Z,47b52835-87b6-43ed-aa6e-312135bccabd,-113.9705966,51.0088612
3440,NB Cranston AV @ Cranarch CR SE,ACTIVE,2026-09-29T19:46:12.000Z,2026-09-29T19:46:12.000Z,c8e3c91b-aed3-48d9-8198-67f5c5e6bd45,-113.9706039,50.8667465
8275,WB 17 AV SE @ 44 ST SE,ACTIVE,2026-09-29T19:46:12.000Z,2026-09-29T19:46:12.000Z,3af97bfa-eab7-4c1a-8840-14a123baab00,-113.9707014,51.037864
4895,EB 130 AV SE @ W.Entr South Trail Mall,ACTIVE,2026-09-29T19:46:12.000Z,2026-09-29T19:46:12.000Z,7ece9bf6-ee7e-42d9-a418-8f709772f382,-113.970754,50.9318308
3594,EB Cranford DR @ Cranston GA SE,ACTIVE,2026-09-29T19:46:12.000Z,2026-09-29T19:46:12.000Z,7e320c31-6c62-436a-8646-531a17284b31,-113.9707834,50.870334
3598,WB Cranford DR @ Cranford ST SE,ACTIVE,2026-09-29T19:46:12.000Z,2026-09-29T19:46:12.000Z,e0e1af23-f2a3-4cb5-bc56-149b320c3ee1,-113.9708027,50.8774218
9816,44th Street SE Station (WB),ACTIVE,2026-09-29T19:46:12.000Z,2026-09-29T19:46:12.000Z,b3e18bfc-6a29-4097-8c90-f936d8464f93,-113.9708231,51.0378789
6489,WB 90 AV SE @ 44 ST SE,ACTIVE,2026-09-29T19:46:12.000Z,2026-09-29T19:46:12.000Z,d332fb8c-8960-4e70-a6c1-ea3e16d1f2ee,-113.9708918,50.9723936
8128,WB Marbank DR @ Marlyn WY NE,ACTIVE,2026-09-29T19:46:12.000Z,2026-09-29T19:46:12.000Z,4fcb72f8-cacc-4d26-8223-726d158e004d,-113.9711075,51.0635555
7105,WB Westwinds DR @ 44 ST NE,ACTIVE,2026-09-29T19:46:12.000Z,2026-09-29T19:46:12.000Z,abf266b2-b1d4-4956-b6c9-df9ec2be1868,-113.9711382,51.1002289
2412,WB 104 AV NE @ Metis TR,ACTIVE,2026-09-29T19:46:12.000Z,2026-09-29T19:46:12.000Z,e095fab7-5902-4843-a620-720f1eeb66b2,-113.971325,51.1473162
9522,NB Prestwick CI @ Prestwick MR SE,ACTIVE,2026-09-29T19:46:12.000Z,2026-09-29T19:46:12.000Z,63d14926-c211-4eca-846b-700e2201979f,-113.9715198,50.9263996
5788,EB 44 AV NE @ Whitefield DR,ACTIVE,2026-09-29T19:46:12.000Z,2026-09-29T19:46:12.000Z,18e604a1-e526-47f0-8fd8-9911c21eb0fa,-113.9716633,51.0924169
7903,EB 44 AV NE @ Whitefield DR,ACTIVE,2026-09-29T19:46:12.000Z,2026-09-29T19:46:12.000Z,141ce7e7-986f-499a-a1b7-4bea221c9ece,-113.9716633,51.0924169
5879,WB 26 AV SE @ 43 ST SE,ACTIVE,2026-09-29T19:46:12.000Z,2026-09-29T19:46:12.000Z,415bce85-32c0-448a-9529-ac1313104dfa,-113.9718755,51.0305815
3439,EB Cranston AV @ Cranbrook GD SE,ACTIVE,2026-09-29T19:46:12.000Z,2026-09-29T19:46:12.000Z,22053775-c1f9-46d5-bee4-17e41936dd64,-113.9720184,50.8627552
9518,EB Prestwick DR @ Prestwick CI SE,ACTIVE,2026-09-29T19:46:12.000Z,2026-09-29T19:46:12.000Z,2a9cd9c1-c6c7-46d0-a15d-c243840f7478,-113.9721219,50.923267
8266,EB 17 AV SE @ 42 ST SE,ACTIVE,2026-09-29T19:46:12.000Z,2026-09-29T19:46:12.000Z,b7b1f887-89b6-484d-94ea-049bc1933c0c,-113.9723077,51.0377348
9517,SB Prestwick CI @  Prestwick MR SE,ACTIVE,2026-09-29T19:46:12.000Z,2026-09-29T19:46:12.000Z,bc5d6831-6627-49ad-803d-63eff252ef1f,-113.972349,50.9261243
9521,NB Prestwick CI @ Prestwick DR SE,ACTIVE,2026-09-29T19:46:12.000Z,2026-09-29T19:46:12.000Z,f5c76e95-8673-4ff3-af7a-b5c60007c6ed,-113.9724814,50.9234292
5801,WB 44 AV NE @ Whitefield DR,ACTIVE,2026-09-29T19:46:12.000Z,2026-09-29T19:46:12.000Z,015c2b20-1b7c-4694-a154-de476f63099a,-113.973084,51.0925347
6304,NB Erin Woods DR @ Erin Park CL SE,ACTIVE,2026-09-29T19:46:12.000Z,2026-09-29T19:46:12.000Z,0ed8a357-bc11-4d15-a34a-c72a62d27cb5,-113.9731032,51.0205029
8385,NB Erin Woods DR @ Erin Green WY SE,ACTIVE,2026-09-29T19:46:12.000Z,2026-09-29T19:46:12.000Z,cdadcea6-26a5-4077-a0e6-fa3ddfb13e27,-113.9731042,51.0189557
2415,EB 104 AV NE @ Metis TR,ACTIVE,2026-09-29T19:46:12.000Z,2026-09-29T19:46:12.000Z,0b8fcc91-cebe-4506-8040-1e2e8c04c9a3,-113.9731167,51.1471008
4501,EB Whitehorn DR @ Whitlock PL NE,ACTIVE,2026-09-29T19:46:12.000Z,2026-09-29T19:46:12.000Z,eaf9c464-a98c-42c8-82b1-e02c4ae35734,-113.973392,51.0849779
6049,EB 26 AV NE @ Rundlelawn RD,ACTIVE,2026-09-29T19:46:12.000Z,2026-09-29T19:46:12.000Z,aa0f8664-9023-4b8f-aa68-67401de21b71,-113.973544,51.0778398
2656,NB 40 ST SE @ 122 AV SE,ACTIVE,2026-09-29T19:46:12.000Z,2026-09-29T19:46:12.000Z,c17e2a11-5f9d-4d08-8553-8167e629e992,-113.973564,50.9400678
4465,EB 26 AV SE @ 41 ST SE,ACTIVE,2026-09-29T19:46:12.000Z,2026-09-29T19:46:12.000Z,b6e5cd89-5177-40dc-a2f1-4134408472c6,-113.9736104,51.0304466
2657,SB 40 ST SE @ 122 AV SE,ACTIVE,2026-09-29T19:46:12.000Z,2026-09-29T19:46:12.000Z,d1923cf0-f24a-4486-b652-c7130ace8b5a,-113.9737276,50.9395872
8909,NB 42 ST SE @ 110 AV SE,ACTIVE,2026-09-29T19:46:12.000Z,2026-09-29T19:46:12.000Z,7be773ff-3f61-4ad9-89cd-4708ae1db19f,-113.9738676,50.9566484
2858,WB 17 AV SE @ 41 ST SE,ACTIVE,2026-09-29T19:46:12.000Z,2026-09-29T19:46:12.000Z,77ed9125-9da5-4b01-82af-04e946412bb4,-113.9741273,51.0379889
5896,NB 41 ST SE @ 30 AV SE,ACTIVE,2026-09-29T19:46:12.000Z,2026-09-29T19:46:12.000Z,771d5b39-dde3-414c-82e1-f4f9c4ead0ff,-113.9741576,51.0273035
8899,SB 42 ST SE @ 106 AV SE,ACTIVE,2026-09-29T19:46:12.000Z,2026-09-29T19:46:12.000Z,3114155b-d8f4-43a5-9f8a-854b37a12642,-113.9741668,50.9573038
4466,NB 41 ST SE @ Doverville CR,ACTIVE,2026-09-29T19:46:12.000Z,2026-09-29T19:46:12.000Z,bc175b75-da35-4564-9624-0a4896ef41de,-113.9741704,51.0290759
3805,SB 42 ST SE @ 110 AV SE,ACTIVE,2026-09-29T19:46:12.000Z,2026-09-29T19:46:12.000Z,1b68a84c-96cb-446b-84ab-e83666fcb7d6,-113.9741705,50.955888
9775,NB Cranston DR @ Cranberry LN SE,ACTIVE,2026-09-29T19:46:12.000Z,2026-09-29T19:46:12.000Z,40e86d7f-4aa0-40cb-8757-8b9572b5c734,-113.9741713,50.8837763
4345,EB Rundlehorn DR @ 40 ST NE,ACTIVE,2026-09-29T19:46:12.000Z,2026-09-29T19:46:12.000Z,b32cd98a-0c2d-41a3-8a0b-a70138875cb4,-113.974307,51.0707445
4486,SB 41 ST SE @ 26 AV SE,ACTIVE,2026-09-29T19:46:12.000Z,2026-09-29T19:46:12.000Z,89b8dfd8-5c38-462d-b790-99ff4a2df0b2,-113.9743548,51.030187
4489,SB 41 ST SE @ Doverville CR,ACTIVE,2026-09-29T19:46:12.000Z,2026-09-29T19:46:12.000Z,16d46b8d-2877-49d3-85e4-232fc8b5d35e,-113.9743776,51.0285235
6095,WB Whitehorn DR@ Whitlock WY NE,ACTIVE,2026-09-29T19:46:12.000Z,2026-09-29T19:46:12.000Z,2348a42d-4650-4ec5-aa48-84c4820b153e,-113.9744722,51.0852757
9746,WB Cranston DR @ Cranberry LN SE,ACTIVE,2026-09-29T19:46:12.000Z,2026-09-29T19:46:12.000Z,bbe6cbb9-99f1-4eac-9c5a-349771251049,-113.9745577,50.8837602
9771,SB Cranston DR @ Cranston WY SE,ACTIVE,2026-09-29T19:46:12.000Z,2026-09-29T19:46:12.000Z,bcbf18f3-b870-458b-9c6c-5a3d96cab4a8,-113.9745918,50.8870731
6217,WB 26 AV NE @ Rundlelawn RD,ACTIVE,2026-09-29T19:46:12.000Z,2026-09-29T19:46:12.000Z,0dcb8369-a74b-43de-bbcc-ff6a747169d2,-113.97465,51.0779584
9776,NB Cranston DR @ Cranston WY SE,ACTIVE,2026-09-29T19:46:12.000Z,2026-09-29T19:46:12.000Z,a1e77ae2-e59b-49fd-816c-fac111f40b4e,-113.9747445,50.887678
7902,EB 44 AV NE @ Whiteram WY,ACTIVE,2026-09-29T19:46:12.000Z,2026-09-29T19:46:12.000Z,3eec03e6-17c0-4c58-9097-eac41f74cc27,-113.9747516,51.092371
4488,WB 30 AV SE @ 41 ST SE,ACTIVE,2026-09-29T19:46:12.000Z,2026-09-29T19:46:12.000Z,e6c0eb64-03be-47fb-8518-bac92f6fd2bd,-113.9747802,51.0269418
8910,NB 42 ST SE @ 112 AV SE,ACTIVE,2026-09-29T19:46:12.000Z,2026-09-29T19:46:12.000Z,ad688214-cff6-440e-8748-60c13b8a7aeb,-113.9749019,50.9530052
1822,NB Westwinds DR @ 3770 Westwinds DR NE,ACTIVE,2026-09-29T19:46:12.000Z,2026-09-29T19:46:12.000Z,f27c8488-da81-4606-9848-c51e54ccc421,-113.9749384,51.1074667
9772,EB Cranston AV @ Cranarch RD SE,ACTIVE,2026-09-29T19:46:12.000Z,2026-09-29T19:46:12.000Z,bbf3e191-da9a-42bc-8bb4-b13000bc9f13,-113.9749571,50.8789356
7899,WB Rundlehorn DR @ 40 ST NE,ACTIVE,2026-09-29T19:46:12.000Z,2026-09-29T19:46:12.000Z,166b2c31-eeb6-4e6a-8e17-6f231cca290b,-113.9749906,51.0711867
9642,McKnight-Westwinds LRT Station,ACTIVE,2026-09-29T19:46:12.000Z,2026-09-29T19:46:12.000Z,d0519d4d-62a5-482b-abec-0fa6287786b5,-113.9749971,51.1086457
9643,McKnight-Westwinds LRT Station,ACTIVE,2026-09-29T19:46:12.000Z,2026-09-29T19:46:12.000Z,17034710-186d-4262-9ee9-599c4424e1ca,-113.9750059,51.1088168
9644,McKnight-Westwinds LRT Station,ACTIVE,2026-09-29T19:46:12.000Z,2026-09-29T19:46:12.000Z,0952a1d1-24c7-4faa-bdb7-8001eec81615,-113.9750215,51.108972
8265,EB 17 AV SE @ 40 ST SE,ACTIVE,2026-09-29T19:46:12.000Z,2026-09-29T19:46:12.000Z,41a060be-3df2-4098-876a-c3fa2ab1caaa,-113.9750737,51.0377615
8388,EB Erin Woods BV @ Erin Woods PL SE,ACTIVE,2026-09-29T19:46:12.000Z,2026-09-29T19:46:12.000Z,70529bc9-151e-45d0-9952-f481b9e07b73,-113.9751058,51.0190976
6381,EB 8 AV SE @ 40 ST SE,ACTIVE,2026-09-29T19:46:12.000Z,2026-09-29T19:46:12.000Z,d7cf76b4-0c33-4aa8-a1ad-90c0dc1a1f5d,-113.9751243,51.0450848
9896,NB McKnight - Westwinds CTrain Station,ACTIVE,2026-09-29T19:46:12.000Z,2026-09-29T19:46:12.000Z,74a417f7-d1bf-4e51-b372-624fa775dbad,-113.9751746,51.1095372
8924,SB 42 ST SE @ 112 AV SE,ACTIVE,2026-09-29T19:46:12.000Z,2026-09-29T19:46:12.000Z,ee9f1a4c-9865-434c-a50c-01b4b879edea,-113.9752175,50.9516551
5873,SB Marlborough WY @ Marlborough DR NE,ACTIVE,2026-09-29T19:46:12.000Z,2026-09-29T19:46:12.000Z,0a1d1524-ae3b-4368-be76-411c31f08cca,-113.9752307,51.0589939
8681,EB 90 AV SE @ 40 ST SE,ACTIVE,2026-09-29T19:46:12.000Z,2026-09-29T19:46:12.000Z,b505614e-0a0e-4e24-85ec-c265c09e15a4,-113.9752402,50.9722132
9645,McKnight-Westwinds LRT Station,ACTIVE,2026-09-29T19:46:12.000Z,2026-09-29T19:46:12.000Z,f7f3ba29-be37-4833-8964-fbb049a4dfb5,-113.9753435,51.1086583
7262,EB Westwinds DR @ 40 ST NE,ACTIVE,2026-09-29T19:46:12.000Z,2026-09-29T19:46:12.000Z,0dc10920-a63d-4142-bfe5-c387677b1506,-113.97535,51.1000502
9897,SB McKnight - Westwinds CTrain Station,ACTIVE,2026-09-29T19:46:12.000Z,2026-09-29T19:46:12.000Z,63c6f7e4-a3fc-4db3-9f98-5c5c8aa2cdcb,-113.9753838,51.1096164
2834,WB 116 AV SE @ 42 ST SE,ACTIVE,2026-09-29T19:46:12.000Z,2026-09-29T19:46:12.000Z,bdf0c800-1284-4ee2-a383-b2482380305d,-113.9753889,50.9472195
9848,McKnight-Westwinds LRT Station,ACTIVE,2026-09-29T19:46:12.000Z,2026-09-29T19:46:12.000Z,a3ef3d0d-3fa2-4c33-8a44-3155e14b218b,-113.9753938,51.1088512
8497,EB 50 AV SE @ 36 ST SE,ACTIVE,2026-09-29T19:46:12.000Z,2026-09-29T19:46:12.000Z,3a928464-70ec-41fd-8b3c-bc70b862118f,-113.9754418,51.008681
8713,WB 90 AV SE @ 40 ST SE,ACTIVE,2026-09-29T19:46:12.000Z,2026-09-29T19:46:12.000Z,19e37848-8f7f-4e32-9602-8d86c92f6670,-113.9756515,50.9723731
1821,SB Westwinds DR @ 3770 Westwinds DR NE,ACTIVE,2026-09-29T19:46:12.000Z,2026-09-29T19:46:12.000Z,7b5634b6-a171-4241-a692-1114eea3aace,-113.9757374,51.1068722
4356,WB Marlborough DR @ Marlborough WY NE,ACTIVE,2026-09-29T19:46:12.000Z,2026-09-29T19:46:12.000Z,6f407f72-d50b-4ce9-b036-8b8132974537,-113.9757763,51.0596017
9650,NB Westwinds DR @ N.OF 54 AV NE,ACTIVE,2026-09-29T19:46:12.000Z,2026-09-29T19:46:12.000Z,8e7f29fc-d490-4248-a4a3-f0f89a116ec8,-113.9758164,51.1053783
4558,WB 44 AV NE @ 40 ST NE,ACTIVE,2026-09-29T19:46:12.000Z,2026-09-29T19:46:12.000Z,0deaac09-9568-4e84-8103-80c95fdec5d6,-113.9759053,51.092203
5875,EB Memorial DR @ 39 ST SE,ACTIVE,2026-09-29T19:46:12.000Z,2026-09-29T19:46:12.000Z,43a42a1c-1ca6-4420-8e9b-afba0c8f0d1b,-113.9759396,51.0524998
3609,NB Cranarch RD @ Cranford DR SE,ACTIVE,2026-09-29T19:46:12.000Z,2026-09-29T19:46:12.000Z,83c8b262-8d79-4250-a99d-9cbb6271b7dd,-113.9760389,50.8777313
6227,EB Maryvale DR @ Marlborough WY NE,ACTIVE,2026-09-29T19:46:12.000Z,2026-09-29T19:46:12.000Z,46aa621b-0ba7-4f49-a18d-a9ce23812311,-113.9760421,51.0561815
9649,NB Westwinds DR @ 54 AV NE,ACTIVE,2026-09-29T19:46:12.000Z,2026-09-29T19:46:12.000Z,f5b31b2c-77d0-4d88-a142-d6faa80243c2,-113.9760713,51.1025695
9647,SB Westwinds DR @ Prairie Winds Park NE,ACTIVE,2026-09-29T19:46:12.000Z,2026-09-29T19:46:12.000Z,3452acd3-b11a-408a-a32a-38eb29394632,-113.9760853,51.1049805
7104,NB Westwinds DR @ 52 AV NE,ACTIVE,2026-09-29T19:46:12.000Z,2026-09-29T19:46:12.000Z,26ec86b6-c539-4abc-a182-e56d2b3b9028,-113.9760891,51.1005461
3438,EB Cranston AV @ Cranarch CR SE,ACTIVE,2026-09-29T19:46:12.000Z,2026-09-29T19:46:12.000Z,7a74e9e1-1b50-4abe-acd5-5befa3a9eed3,-113.9761712,50.8639666
2829,WB 76 AV SE @ 40 ST SE,ACTIVE,2026-09-29T19:46:12.000Z,2026-09-29T19:46:12.000Z,c5ce70f0-110f-4e41-86cb-db6773f6a699,-113.976192,50.9853185
6306,WB Erin Woods BV @ Erin Dale CR SE,ACTIVE,2026-09-29T19:46:12.000Z,2026-09-29T19:46:12.000Z,992a3a91-8a83-4660-9991-5dbf4ff8da81,-113.9762011,51.0193598
2859,WB 17 AV SE @ 40 St SE,ACTIVE,2026-09-29T19:46:12.000Z,2026-09-29T19:46:12.000Z,dd04c6f7-f643-4533-9fb2-48796a3122a0,-113.9762734,51.0379833
6150,WB 8 AV SE @ 40 ST SE,ACTIVE,2026-09-29T19:46:12.000Z,2026-09-29T19:46:12.000Z,b2f77da9-5c9a-4333-a1f3-b5f6bbaf3280,-113.9762848,51.0452318
6142,EB Marbank DR @ Marlyn WY NE,ACTIVE,2026-09-29T19:46:12.000Z,2026-09-29T19:46:12.000Z,e128bac0-23a9-40b3-a5b2-6b424b82a668,-113.9763531,51.0632326
7265,SB Westwinds DR @ 54 AV NE,ACTIVE,2026-09-29T19:46:12.000Z,2026-09-29T19:46:12.000Z,0ea7b99e-53d5-470a-973e-b4ec8f45830a,-113.9764013,51.1021103
4468,EB 30 AV SE @ 39 ST SE,ACTIVE,2026-09-29T19:46:12.000Z,2026-09-29T19:46:12.000Z,5bbc5981-050e-44f3-9851-35e01eed2c51,-113.976471,51.0268237
4467,NB 39 ST SE @ Dovercliffe WY,ACTIVE,2026-09-29T19:46:12.000Z,2026-09-29T19:46:12.000Z,eefccd55-d803-4186-97e4-fb69634f9742,-113.9765963,51.0238046
5880,SB Dover Ridge DR @ Dovercliffe WY SE,ACTIVE,2026-09-29T19:46:12.000Z,2026-09-29T19:46:12.000Z,45cbcc70-0538-438a-8350-59dacc10d57e,-113.9767726,51.0232875
6181,NB Marlborough WY@ Maryvale DR NE,ACTIVE,2026-09-29T19:46:12.000Z,2026-09-29T19:46:12.000Z,b3e2b0c8-ccc1-41ff-aab7-0dc5a80b4ef6,-113.9768,51.0565969
4788,SB Cranston DR @ Cranberry SQ SE,ACTIVE,2026-09-29T19:46:12.000Z,2026-09-29T19:46:12.000Z,d0b3a8b4-e363-4525-b51d-f24d462fd9ac,-113.9768943,50.8904953
9778,NB Cranston DR @ Cranberry SQ SE,ACTIVE,2026-09-29T19:46:12.000Z,2026-09-29T19:46:12.000Z,8221bfb8-0b3f-4ee6-816e-ccee71be1df6,-113.9769695,50.8910675
5874,SB Marlborough WY @ N.of Maryvale DR NE,ACTIVE,2026-09-29T19:46:12.000Z,2026-09-29T19:46:12.000Z,2831984a-dce4-403e-a955-ce7b763e39d6,-113.9770524,51.0566664
9773,WB Cranston AV @ Cranberry RD SE,ACTIVE,2026-09-29T19:46:12.000Z,2026-09-29T19:46:12.000Z,7f4c0cbe-c63d-4c0c-b478-b98e86fffb35,-113.9770668,50.8795552
4487,SB 39 ST SE @ 30 AV SE,ACTIVE,2026-09-29T19:46:12.000Z,2026-09-29T19:46:12.000Z,5236b995-9558-4c18-ac61-879a7826cb5f,-113.9770901,51.0265159
2815,EB 76 AV SE @ 40 ST SE,ACTIVE,2026-09-29T19:46:12.000Z,2026-09-29T19:46:12.000Z,f50cebd0-bd69-45cd-a3b1-9b1c11bef8df,-113.9770916,50.9850054
9480,SB Marlborough WY @ S.of Maryvale DR NE,ACTIVE,2026-09-29T19:46:12.000Z,2026-09-29T19:46:12.000Z,75af489f-cc26-4ef7-bc3a-85b1a4297d46,-113.9770923,51.0549584
2085,WB Cranston AV @ Cranberry Rd SE,ACTIVE,2026-09-29T19:46:12.000Z,2026-09-29T19:46:12.000Z,b5914c4e-af76-4347-bed2-f205f1ffd698,-113.9771007,50.8795579
6226,WB Marbank DR @ Marlyn WY NE,ACTIVE,2026-09-29T19:46:12.000Z,2026-09-29T19:46:12.000Z,d9160d3e-4d11-4684-9827-8e0deeeca4ea,-113.9771832,51.0632002
2503,WB 50 AV SE @ 36 ST SE,ACTIVE,2026-09-29T19:46:12.000Z,2026-09-29T19:46:12.000Z,23301c75-41df-4ba8-a733-df7e5829b1a9,-113.9772482,51.0089014
9490,EB 116 AV SE @ 40 ST SE,ACTIVE,2026-09-29T19:46:12.000Z,2026-09-29T19:46:12.000Z,4c2c15fa-a9b3-4d1b-8001-022cb31b7cfd,-113.9773563,50.9469619
6617,EB 26 AV NE @ 38 ST NE,ACTIVE,2026-09-29T19:46:12.000Z,2026-09-29T19:46:12.000Z,5ecc5904-d619-4b22-b445-9324f53bd208,-113.977473,51.0778066
7046,NB McKenzie Lake WY @ McKenzie Lake MR SE,ACTIVE,2026-09-29T19:46:12.000Z,2026-09-29T19:46:12.000Z,3cc1e899-193a-4d83-aea8-86cbdeb398d3,-113.9777041,50.9093882
7047,NB McKenzie Lake WY @ 1000McKenzie Lake BA SE,ACTIVE,2026-09-29T19:46:12.000Z,2026-09-29T19:46:12.000Z,b5ff3095-e34e-4dea-ba23-d4365a0da1b1,-113.9777766,50.9135369
9493,NB 40 ST SE @ 116 AV SE,ACTIVE,2026-09-29T19:46:12.000Z,2026-09-29T19:46:12.000Z,2f4e3f07-2398-4adf-a4a4-21819cfdfec9,-113.9778746,50.9475771
7901,EB 44 AV NE @ 38 ST NE,ACTIVE,2026-09-29T19:46:12.000Z,2026-09-29T19:46:12.000Z,c1a9e280-c996-4ff2-994a-8ff6ea6f2d69,-113.9779137,51.0911936
3652,EB 90 AV SE @ 38 ST SE,ACTIVE,2026-09-29T19:46:12.000Z,2026-09-29T19:46:12.000Z,9cdf0566-d6d0-40ea-8962-5771b7ed25b4,-113.978082,50.9722202
5901,WB Memorial DR @ Marlborough WY NE,ACTIVE,2026-09-29T19:46:12.000Z,2026-09-29T19:46:12.000Z,4cc7835e-c0a4-4a5f-be56-3340c7b2aae5,-113.9780917,51.0527624
4502,EB Whitehorn DR @ 38 ST NE,ACTIVE,2026-09-29T19:46:12.000Z,2026-09-29T19:46:12.000Z,2006c1c6-65be-4d26-8cc3-857e458c0689,-113.9781057,51.084965
4403,WB Whitehorn DR @ 39 ST NE,ACTIVE,2026-09-29T19:46:12.000Z,2026-09-29T19:46:12.000Z,5fce99e4-fab5-4f6c-b69f-da413622e274,-113.9781403,51.0850918
8264,EB 17 AV SE @ 38 ST SE,ACTIVE,2026-09-29T19:46:12.000Z,2026-09-29T19:46:12.000Z,8ff77a26-3655-46a9-842a-10321fe6899c,-113.9781561,51.0377514
9489,SB 40 ST SE @ 114 AV SE,ACTIVE,2026-09-29T19:46:12.000Z,2026-09-29T19:46:12.000Z,b86191c6-99c2-4449-a19b-3c5765f5f80b,-113.9784356,50.9499034
2814,WB 90 AV SE @ 38 ST SE,ACTIVE,2026-09-29T19:46:12.000Z,2026-09-29T19:46:12.000Z,2631f0e6-35a7-4d31-bbc6-dc469e47d9c3,-113.9784365,50.9723994
6303,EB Erin Woods BV @ 36 ST SE,ACTIVE,2026-09-29T19:46:12.000Z,2026-09-29T19:46:12.000Z,ed490911-2b13-422f-88c3-3688b12754c4,-113.9785762,51.018144
9774,EB Cranston DR @ Cranston RD SE,ACTIVE,2026-09-29T19:46:12.000Z,2026-09-29T19:46:12.000Z,b375f651-2b20-4e0d-9cb0-de8124b98c24,-113.9786317,50.8821117
4337,WB 26 AV NE @ Rundleson RD,ACTIVE,2026-09-29T19:46:12.000Z,2026-09-29T19:46:12.000Z,0a3f6efc-2ae3-4d85-ae9a-c4d7e2a95c13,-113.9786485,51.0779539
2413,WB 104 AV NE @ 36 ST NE,ACTIVE,2026-09-29T19:46:12.000Z,2026-09-29T19:46:12.000Z,030cc3bd-a6e2-4112-92c4-038e3dab8a36,-113.9787741,51.1472095
9747,EB Cranston AV @ Cranston RD SE,ACTIVE,2026-09-29T19:46:12.000Z,2026-09-29T19:46:12.000Z,b7669ce0-ad1b-4d13-bd16-cb01b57c317b,-113.978897,50.8795955
6305,WB Erin Woods BV @ Erin Dale CR SE,ACTIVE,2026-09-29T19:46:12.000Z,2026-09-29T19:46:12.000Z,e5e25ab1-09c9-40aa-bad7-89dd221a3912,-113.9789039,51.0183684
8257,SB Cranston DR @ Cranfield PA SE,ACTIVE,2026-09-29T19:46:12.000Z,2026-09-29T19:46:12.000Z,95da513b-cf36-4ac3-8afd-2ea4fda3994e,-113.9789376,50.8921044
4557,WB 44 AV NE @ 38 ST NE,ACTIVE,2026-09-29T19:46:12.000Z,2026-09-29T19:46:12.000Z,902519ff-7bfb-4feb-9375-c8dc30fb4559,-113.9789398,51.0912291
4485,WB Dover Ridge DR @ Dover Meadow CL SE,ACTIVE,2026-09-29T19:46:12.000Z,2026-09-29T19:46:12.000Z,af6a86f7-757c-486d-9837-08bf51d2f5d9,-113.9790343,51.0211872
7900,WB Rundlehorn DR @ 38 ST NE,ACTIVE,2026-09-29T19:46:12.000Z,2026-09-29T19:46:12.000Z,af7f2f3b-d139-43a5-8eb5-5c42fd603691,-113.979108,51.0715614
5074,WB 17 AV SE @ 38 ST SE,ACTIVE,2026-09-29T19:46:12.000Z,2026-09-29T19:46:12.000Z,aafabd1f-2c28-4589-9cd5-3d5408803581,-113.9791876,51.037904
3437,SB Cranston AV @ Cranbrook CV SE,ACTIVE,2026-09-29T19:46:12.000Z,2026-09-29T19:46:12.000Z,3d38369f-b924-4c48-91ae-a840686bdd4b,-113.9792385,50.8662536
3434,WB Cranston AV @ Cranston RD SE,ACTIVE,2026-09-29T19:46:12.000Z,2026-09-29T19:46:12.000Z,3a212dc8-0c08-433c-9ebb-a634215bba44,-113.9794949,50.8799573
5895,EB Dover Ridge DR @ Dover Meadow CL SE,ACTIVE,2026-09-29T19:46:12.000Z,2026-09-29T19:46:12.000Z,fc39cb35-ba0e-4c9b-85c6-43469f74ff5a,-113.9795977,51.0210759
5872,Marlborough LRT Station (EB Marlborough DR),ACTIVE,2026-09-29T19:46:12.000Z,2026-09-29T19:46:12.000Z,d14e1086-45ef-4759-8bd9-5f4a7d24759e,-113.9796822,51.0594599
8109,NB 36 ST SE @ Erin Woods BV,ACTIVE,2026-09-29T19:46:12.000Z,2026-09-29T19:46:12.000Z,1fc561f0-efe3-4dfe-ad72-c37488df2bca,-113.9799535,51.0180177
9779,NB Cranston DR @ Cramond DR SE,ACTIVE,2026-09-29T19:46:12.000Z,2026-09-29T19:46:12.000Z,e487d4e8-e17a-46b8-b09e-a864b2de251c,-113.9800623,50.892415
7371,NB Mount McKenzie DR @ Mount Apex GR SE,ACTIVE,2026-09-29T19:46:12.000Z,2026-09-29T19:46:12.000Z,6842e51d-f755-4c19-8146-6b1ddc6a8f30,-113.9802675,50.9253851
2414,EB 104 AV NE @ 36 ST NE,ACTIVE,2026-09-29T19:46:12.000Z,2026-09-29T19:46:12.000Z,94422e00-654b-4451-884b-452cc45d103e,-113.9803911,51.1469094
7048,WB McKenzie LakeWY @ 500 McKenzie Lake BA SE,ACTIVE,2026-09-29T19:46:12.000Z,2026-09-29T19:46:12.000Z,1b4f88da-8341-4a74-9ab9-64027d8c9f74,-113.9804337,50.9153291
6211,EB Rundlehorn DR @ 36 ST NE,ACTIVE,2026-09-29T19:46:12.000Z,2026-09-29T19:46:12.000Z,695c6156-822f-43af-aa51-86a2b05ca3fc,-113.9804613,51.0713895
8138,EB Marbank DR @ 36 ST NE,ACTIVE,2026-09-29T19:46:12.000Z,2026-09-29T19:46:12.000Z,9c420c0f-1ddd-4e92-a039-eb2ff7db9e7e,-113.9805361,51.0625673
7452,EB Mount McKenzie DR @ Mount Apex GR SE,ACTIVE,2026-09-29T19:46:12.000Z,2026-09-29T19:46:12.000Z,927dbc1c-61f8-4bc4-872a-22c846cd2083,-113.9806467,50.9245853
1901,EB 88 AV @ 36 ST NE,ACTIVE,2026-09-29T19:46:12.000Z,2026-09-29T19:46:12.000Z,de632b17-779b-4016-a6f7-5ec4e5e1dec9,-113.9806783,51.1318674
7394,EB 26 AV NE @ 36 ST NE,ACTIVE,2026-09-29T19:46:12.000Z,2026-09-29T19:46:12.000Z,22d7ceb3-7f72-46cf-8e01-7ca55682c91e,-113.9807177,51.0777556
5786,EB 44 AV NE @ 36 ST NE,ACTIVE,2026-09-29T19:46:12.000Z,2026-09-29T19:46:12.000Z,49783640-71e5-4951-9adb-4a82aa66da06,-113.9807351,51.0910776
9808,36th Street SE Station (EB),ACTIVE,2026-09-29T19:46:12.000Z,2026-09-29T19:46:12.000Z,f2725034-aa16-44d3-8ad8-e33e6e19e3e3,-113.9807488,51.0377888
9868,WB Cranston DR SE @ Cranston RD SE,ACTIVE,2026-09-29T19:46:12.000Z,2026-09-29T19:46:12.000Z,b998062f-faeb-4dbe-970f-3b4d727b1519,-113.9807671,50.882293
5061,EB 17 AV SE @ 36 ST SE,ACTIVE,2026-09-29T19:46:12.000Z,2026-09-29T19:46:12.000Z,cef285b0-e2b6-42b7-8681-5675e9ccfbd7,-113.9807713,51.0376841
5615,EB McKenzie Lake BV @ Mount McKenzie DR SE,ACTIVE,2026-09-29T19:46:12.000Z,2026-09-29T19:46:12.000Z,f6fa4309-7bf4-4096-90c3-6c6a15c9df10,-113.9807983,50.9163137
5867,EB Whitehorn DR @ 36 ST NE,ACTIVE,2026-09-29T19:46:12.000Z,2026-09-29T19:46:12.000Z,c9d32034-c0e6-4256-85d9-b421c73ec4fd,-113.9808013,51.0848008
6185,EB 8 AV SE @ 36 ST SE,ACTIVE,2026-09-29T19:46:12.000Z,2026-09-29T19:46:12.000Z,465f3e39-a001-4aa9-be3d-4c499f176d67,-113.9809463,51.0450826
2398,EB 50 AV @ 35 ST SE,ACTIVE,2026-09-29T19:46:12.000Z,2026-09-29T19:46:12.000Z,d62d1ba3-54ee-44e4-8c4d-e7e270dcad84,-113.9812589,51.0086606
2127,EB Cranston DR @ Cranridge TC SE,ACTIVE,2026-09-29T19:46:12.000Z,2026-09-29T19:46:12.000Z,6359f84a-1fde-4427-b493-0f1d3437fe4d,-113.981279,50.8819851
7565,NB 36 ST NE @ 26 AV NE,ACTIVE,2026-09-29T19:46:12.000Z,2026-09-29T19:46:12.000Z,14e6825b-447e-435d-bc17-48ca1e21882c,-113.9813063,51.0783645
5902,NB 36 ST E @ Memorial DR E,ACTIVE,2026-09-29T19:46:12.000Z,2026-09-29T19:46:12.000Z,81abd3ef-be10-44ba-8569-551528e77d24,-113.9813145,51.0538982
6151,NB 36 ST SE @ 8 AV SE,ACTIVE,2026-09-29T19:46:12.000Z,2026-09-29T19:46:12.000Z,3eb87bf6-a860-439a-84b8-3406ab3e0d4d,-113.9813593,51.045534
7770,NB 36 ST E @ Memorial DR E,ACTIVE,2026-09-29T19:46:12.000Z,2026-09-29T19:46:12.000Z,dc80dc02-7987-4efe-9efc-270c157a2f15,-113.9813715,51.0538997
8141,NB 36 ST NE @ S. of 5 AV NE,ACTIVE,2026-09-29T19:46:12.000Z,2026-09-29T19:46:12.000Z,b5fbd446-74b3-4ea4-825a-013cb38965f2,-113.9813738,51.0560586
7363,NB Mount McKenzie DR @ Mount Allan CI SE,ACTIVE,2026-09-29T19:46:12.000Z,2026-09-29T19:46:12.000Z,0b800d5e-c246-475f-84af-563bc857d8a5,-113.9813755,50.9225623
6780,NB 36 ST NE @ Whitefield DR,ACTIVE,2026-09-29T19:46:12.000Z,2026-09-29T19:46:12.000Z,0d4322e2-c735-4392-ba01-e94ba3eb04b2,-113.9813769,51.0888994
7374,NB Mount McKenzie DR @ Mount Aberdeen CI SE,ACTIVE,2026-09-29T19:46:12.000Z,2026-09-29T19:46:12.000Z,4f847c99-e346-4415-9011-fac47ea0006f,-113.9813944,50.9282027
6056,NB 36 ST NE @ Rundlehorn DR,ACTIVE,2026-09-29T19:46:12.000Z,2026-09-29T19:46:12.000Z,1e357f99-e82c-407f-b899-c75ff46e6bc2,-113.9813954,51.0719533
6048,Rundle LRT Station (NB 36 ST NE @ 25 AV NE),ACTIVE,2026-09-29T19:46:12.000Z,2026-09-29T19:46:12.000Z,7a7f9a85-edba-4d46-a9e6-3f25ad505cd1,-113.9813959,51.0743352
8108,NB 36 ST SE @ 30 AV SE,ACTIVE,2026-09-29T19:46:12.000Z,2026-09-29T19:46:12.000Z,a0aa73ac-6b9d-4117-a016-6246682b8ac7,-113.9813984,51.027383
7682,NB Mount McKenzie DR @ McKenzie Lake BV SE,ACTIVE,2026-09-29T19:46:12.000Z,2026-09-29T19:46:12.000Z,9fd84a71-6fe4-4f91-8e69-9c12b9c99357,-113.981402,50.9173188
7769,NB 36 ST NE @ S. of 5 AV NE,ACTIVE,2026-09-29T19:46:12.000Z,2026-09-29T19:46:12.000Z,d850f30c-bf1d-4443-87c2-0a9b41ab26db,-113.9814028,51.0560503
2392,NB 36 ST NE @ 88 AV NE,ACTIVE,2026-09-29T19:46:12.000Z,2026-09-29T19:46:12.000Z,57083d60-b6b0-4d72-a54e-31342692f57e,-113.981406,51.1326112
7564,NB 36 ST NE @ Marbank DR,ACTIVE,2026-09-29T19:46:12.000Z,2026-09-29T19:46:12.000Z,15bfcb54-cb77-40d8-b7fb-0cb0d46d7985,-113.9814076,51.0629946
8114,NB 36 ST SE @ 19 AV SE,ACTIVE,2026-09-29T19:46:12.000Z,2026-09-29T19:46:12.000Z,336597ff-d939-4228-be3d-3cfc29867d1e,-113.9814183,51.0367294
8140,Marlborough LRT Station (NB 36 St NE),ACTIVE,2026-09-29T19:46:12.000Z,2026-09-29T19:46:12.000Z,07df0665-80f0-4a82-8546-c2db5e4072b8,-113.9814193,51.0588905
9476,NB 36 ST SE @ 26 AV SE,ACTIVE,2026-09-29T19:46:12.000Z,2026-09-29T19:46:12.000Z,ea4784ee-43be-44dd-b2ca-7134c0d41cc7,-113.9814231,51.0311705
7685,NB Mount McKenzie DR @ Mount Lorette CL SE,ACTIVE,2026-09-29T19:46:12.000Z,2026-09-29T19:46:12.000Z,041f7e78-0cc6-4aa5-a217-3a5bbdf68275,-113.9814283,50.9206477
7579,NB 36 ST NE @ 32 AV NE,ACTIVE,2026-09-29T19:46:12.000Z,2026-09-29T19:46:12.000Z,ba6f7362-3c7d-42a8-be91-0f94732d8160,-113.9814342,51.0821007
6096,Whitehorn LRT Station (NB 36 ST @ Whitehorn DR NE),ACTIVE,2026-09-29T19:46:12.000Z,2026-09-29T19:46:12.000Z,06154b24-4ba1-4ebf-ad63-38996c636488,-113.9814429,51.0865714
6152,NB 36 ST SE @ 8 AV SE,ACTIVE,2026-09-29T19:46:12.000Z,2026-09-29T19:46:12.000Z,e29dc499-0c10-41bc-8313-90782f3d7000,-113.9814448,51.0455362
7580,Whitehorn LRT Station (NB 36 ST @ Whitehorn DR NE),ACTIVE,2026-09-29T19:46:12.000Z,2026-09-29T19:46:12.000Z,0b3a0237-2f09-4abc-a598-ea9b0833b113,-113.9814493,51.0864726
6307,NB 36 ST SE @ Dover Ridge DR,ACTIVE,2026-09-29T19:46:12.000Z,2026-09-29T19:46:12.000Z,d05a344d-8541-40a6-b62f-53abecd4fa6a,-113.9814674,51.021493
8118,NB 36 ST SE @ 17 AV SE,ACTIVE,2026-09-29T19:46:12.000Z,2026-09-29T19:46:12.000Z,10c09c52-f1e5-40b9-9d8c-77ef1534b440,-113.9814689,51.0385837
7687,NB 36 ST NE @ 44 AV NE,ACTIVE,2026-09-29T19:46:12.000Z,2026-09-29T19:46:12.000Z,63b92c7e-2754-495a-8084-b4935e89461c,-113.9814706,51.0916273
8117,NB 36 ST SE @ Radcliffe DR,ACTIVE,2026-09-29T19:46:12.000Z,2026-09-29T19:46:12.000Z,144d5661-6e6e-4321-bc80-0ae99c828228,-113.9814738,51.0485332
2472,NB 36 ST @ 104 AV NE,ACTIVE,2026-09-29T19:46:12.000Z,2026-09-29T19:46:12.000Z,d7e7697f-e195-479a-af8d-1be6d0ca7012,-113.9814881,51.1476511
3422,NB 36 ST @ Whitehorn DR NE,ACTIVE,2026-09-29T19:46:12.000Z,2026-09-29T19:46:12.000Z,2acf0e5f-7113-4811-9ca4-4e5783e4e3c8,-113.9815046,51.0853839
6231,NB 36 ST SE @ 12 AV SE,ACTIVE,2026-09-29T19:46:12.000Z,2026-09-29T19:46:12.000Z,adc0b651-84c0-41b2-a52f-b615af33ded8,-113.9815054,51.0428276
8115,NB 36 ST SE @ 23 AV SE,ACTIVE,2026-09-29T19:46:12.000Z,2026-09-29T19:46:12.000Z,d098c41e-1b33-4cf0-a067-da90b880ede1,-113.9815105,51.0335565
7681,NB Douglasdale BV @ Douglas Ridge GR SE,ACTIVE,2026-09-29T19:46:12.000Z,2026-09-29T19:46:12.000Z,3fdcac75-264c-4357-a98f-57d6fbe6ba22,-113.9815368,50.9372106
8168,NB Barlow TR @ 76 AV SE,ACTIVE,2026-09-29T19:46:12.000Z,2026-09-29T19:46:12.000Z,5394fb5a-6c91-4fac-95c1-1210a919fca9,-113.9815444,50.9862882
2521,NB 36 ST NE @ 108 AV NE,ACTIVE,2026-09-29T19:46:12.000Z,2026-09-29T19:46:12.000Z,0e2e7e90-b6ef-4780-ba46-5694b0406aca,-113.9815499,51.1515016
6377,NB Barlow TR @ N. of Glenmore TR SE,ACTIVE,2026-09-29T19:46:12.000Z,2026-09-29T19:46:12.000Z,4380fa42-40b0-4ecf-a41b-31752f5e8f84,-113.9815567,50.9811802
8169,NB Barlow TR @ 72 AV SE,ACTIVE,2026-09-29T19:46:12.000Z,2026-09-29T19:46:12.000Z,76f8bfcc-5287-4d48-81bf-bed403e1899e,-113.981569,50.9898599
7045,NB McKenzie Lake WY @ McKenzie DR SE,ACTIVE,2026-09-29T19:46:12.000Z,2026-09-29T19:46:12.000Z,001f3d3c-5fc5-408a-8ce8-06a9275dbae2,-113.9815949,50.9070872
6810,NB Marlborough CTrain Station,ACTIVE,2026-09-29T19:46:12.000Z,2026-09-29T19:46:12.000Z,d8e37cba-7b0c-4478-b93e-ddf3b0b7dad4,-113.9815965,51.0589967
9385,NB Whitehorn CTrain Station,ACTIVE,2026-09-29T19:46:12.000Z,2026-09-29T19:46:12.000Z,8515702f-1a5d-4a52-bbba-bfbacb8732b6,-113.9816002,51.0870073
6809,NB Rundle CTrain Station,ACTIVE,2026-09-29T19:46:12.000Z,2026-09-29T19:46:12.000Z,390d80ba-3a4e-475f-9076-fded734782c7,-113.9816125,51.0751971
7042,NB  McKenzie DR @ McKerrell WY SE,ACTIVE,2026-09-29T19:46:12.000Z,2026-09-29T19:46:12.000Z,5ab30168-dd03-4c48-815f-ec44468589f4,-113.981681,50.9048766
7372,SB Mount McKenzie DR @ Mount Aberdeen CI SE,ACTIVE,2026-09-29T19:46:12.000Z,2026-09-29T19:46:12.000Z,8148d41b-e9aa-4baf-88cc-eaf0f4a9afee,-113.9816877,50.9274097
6378,NB Barlow TR @ 66 AV SE,ACTIVE,2026-09-29T19:46:12.000Z,2026-09-29T19:46:12.000Z,8006f6aa-a9bc-4708-9542-19356e0e0ed2,-113.9817027,50.9944086
6232,SB 36 ST SE @ 8 AV SE,ACTIVE,2026-09-29T19:46:12.000Z,2026-09-29T19:46:12.000Z,bf9dff5f-7409-4a9d-9c47-60300ea67d83,-113.9817354,51.0447971
7768,SB 36 ST SE @ 12 AV SE,ACTIVE,2026-09-29T19:46:12.000Z,2026-09-29T19:46:12.000Z,8473186e-6e04-4c16-9334-d18823f49792,-113.9817362,51.0421526
7856,SB Douglasdale BV @ Douglas Ridge GR SE,ACTIVE,2026-09-29T19:46:12.000Z,2026-09-29T19:46:12.000Z,18afa527-49ad-4769-a9ab-f2e9f4862257,-113.9817408,50.9364782
7313,EB Mount McKenzie DR @ Mount Douglas MR SE,ACTIVE,2026-09-29T19:46:12.000Z,2026-09-29T19:46:12.000Z,32d78744-58f9-4d25-9119-eb3400cc9812,-113.9817552,50.9217535
8113,SB 36 ST SE @ 23 AV SE,ACTIVE,2026-09-29T19:46:12.000Z,2026-09-29T19:46:12.000Z,4d189f5b-8aaa-427f-81bd-0888844b24bf,-113.9817732,51.0328077
6184,SB 36 ST SE @ Radcliffe DR,ACTIVE,2026-09-29T19:46:12.000Z,2026-09-29T19:46:12.000Z,121bdba0-987d-4986-8a54-2ffebcd58732,-113.9817758,51.0476856
8120,SB 36 ST SE @ Radcliffe DR,ACTIVE,2026-09-29T19:46:12.000Z,2026-09-29T19:46:12.000Z,5ba8a04b-492b-4a82-9d15-ec2faf1c4475,-113.9817758,51.0476856
8112,SB 36 ST SE @ 30 AV SE,ACTIVE,2026-09-29T19:46:12.000Z,2026-09-29T19:46:12.000Z,e8e34a32-20fc-4ffb-bab0-f7c2ce9ba0c4,-113.9817895,51.0264126
8111,SB 36 ST SE @ Dover Ridge DR,ACTIVE,2026-09-29T19:46:12.000Z,2026-09-29T19:46:12.000Z,c544c9b0-a9b6-4aac-a551-148c8e550714,-113.9817995,51.020773
8571,SB Marlborough CTrain Station,ACTIVE,2026-09-29T19:46:12.000Z,2026-09-29T19:46:12.000Z,93f4dd95-6bc2-4cf3-b00d-e1e951c95608,-113.9818387,51.059003
6302,SB 36 ST SE @ 26 AV SE,ACTIVE,2026-09-29T19:46:12.000Z,2026-09-29T19:46:12.000Z,716bb7c0-4af6-43ce-ad91-44478e849aa9,-113.9818423,51.0297692
8572,SB Rundle CTrain Station,ACTIVE,2026-09-29T19:46:12.000Z,2026-09-29T19:46:12.000Z,276e389b-a21d-4f7b-935f-eb34d54fa889,-113.9818424,51.0751761
6808,SB Whitehorn CTrain Station,ACTIVE,2026-09-29T19:46:12.000Z,2026-09-29T19:46:12.000Z,f37aa8b8-0f8b-46b3-a779-4d929154a886,-113.9818426,51.0870135
9462,SB 36 ST SE @ 17 AV SE,ACTIVE,2026-09-29T19:46:12.000Z,2026-09-29T19:46:12.000Z,b441e374-8d38-4998-923f-8a197dd5d43f,-113.9818443,51.0371991
2522,SB 36 ST NE @ 108 AV NE,ACTIVE,2026-09-29T19:46:12.000Z,2026-09-29T19:46:12.000Z,39ae6ca8-7352-4b25-ac69-285bf90c6589,-113.9818528,51.1507835
2473,SB 36 ST NE @ Country Hills BV,ACTIVE,2026-09-29T19:46:12.000Z,2026-09-29T19:46:12.000Z,91c00e73-2c82-486a-b52e-663b0184a3d6,-113.9818618,51.1540192
7683,SB Mount McKenzie DR @ Mount Brewster CI SE,ACTIVE,2026-09-29T19:46:12.000Z,2026-09-29T19:46:12.000Z,3d81d874-5fce-4dd4-9205-83a0f8980109,-113.9819594,50.9196989
6761,SB 36 ST E @ Memorial DR,ACTIVE,2026-09-29T19:46:12.000Z,2026-09-29T19:46:12.000Z,ba045bed-678b-44ff-b624-c2b2351d68ee,-113.9819761,51.0507491
6970,WB McKenzie Lake BV @ Mount McKenzie DR SE,ACTIVE,2026-09-29T19:46:12.000Z,2026-09-29T19:46:12.000Z,0f9bbcc7-8c29-4a01-9306-a70655f8d5d2,-113.9819776,50.9165601
5719,SB 36 ST NE @ N. of 20 AV NE,ACTIVE,2026-09-29T19:46:12.000Z,2026-09-29T19:46:12.000Z,1b5cd8e6-0997-4277-b1ae-73348cfeb150,-113.9819975,51.072201
7639,SB 36 ST NE @ N. of 20 AV NE,ACTIVE,2026-09-29T19:46:12.000Z,2026-09-29T19:46:12.000Z,70c2e434-cc09-4596-882b-da7f764c2009,-113.9819997,51.0722109
8187,SB Barlow TR @ N. of Glenmore TR SE,ACTIVE,2026-09-29T19:46:12.000Z,2026-09-29T19:46:12.000Z,be05bc80-5f71-49c9-bb66-8d99e64a1f47,-113.9820032,50.9812826
6777,SB 36 ST NE @ 26 AV NE,ACTIVE,2026-09-29T19:46:12.000Z,2026-09-29T19:46:12.000Z,e4dc565f-e87a-4381-8c22-97f53b7d3d29,-113.9820058,51.0770306
7570,Rundle LRT Station (SB 36 ST NE @ 25 AV NE),ACTIVE,2026-09-29T19:46:12.000Z,2026-09-29T19:46:12.000Z,88fd04f3-0ad7-4f8f-9c4c-ea1038fe2c3e,-113.9820065,51.0745417
7569,SB 36 ST NE @ 26 AV NE,ACTIVE,2026-09-29T19:46:12.000Z,2026-09-29T19:46:12.000Z,ef9c5113-680c-49f2-a76a-4d9388d86b35,-113.9820092,51.0770217
7852,NB Douglasdale BV @ Douglas Ridge CI SE,ACTIVE,2026-09-29T19:46:12.000Z,2026-09-29T19:46:12.000Z,e532a94c-4be9-42a9-ada5-b797ae8768c6,-113.9820094,50.9347491
7577,SB 36 ST NE @ 32 AV NE,ACTIVE,2026-09-29T19:46:12.000Z,2026-09-29T19:46:12.000Z,ee23cfcc-5e50-4a9b-89a2-46bbfd6106ea,-113.9820172,51.0806046
7686,SB 36 ST NE @ 44 AV NE,ACTIVE,2026-09-29T19:46:12.000Z,2026-09-29T19:46:12.000Z,adec2469-16cd-4817-a8f7-b837c1f63883,-113.9820223,51.090832
6365,SB Barlow TR @ 72 AV SE,ACTIVE,2026-09-29T19:46:12.000Z,2026-09-29T19:46:12.000Z,bd4af2ca-c143-4c19-9c1f-6595fac86ccb,-113.982033,50.9890803
7578,SB 36 ST NE @ Whitehorn DR,ACTIVE,2026-09-29T19:46:12.000Z,2026-09-29T19:46:12.000Z,66f709d7-01f4-4b18-8dc0-3fe71d733bf3,-113.9820448,51.0843472
5718,Rundle LRT Station (SB 36 ST NE @ 25 AV NE),ACTIVE,2026-09-29T19:46:12.000Z,2026-09-29T19:46:12.000Z,ff051a10-de95-41d2-bd67-27fa082ae580,-113.9820502,51.0747245
8186,SB Barlow TR @ 76 AV SE,ACTIVE,2026-09-29T19:46:12.000Z,2026-09-29T19:46:12.000Z,af79360d-b50b-475c-acef-5fea6eedfa98,-113.9820726,50.9846936
4283,SB Barlow TR @ 66 AV SE,ACTIVE,2026-09-29T19:46:12.000Z,2026-09-29T19:46:12.000Z,45b5c24e-86fa-4fbb-affc-38e4ad5429c8,-113.9820826,50.9938041
8123,SB 36 ST NE @ 5 AV NE,ACTIVE,2026-09-29T19:46:12.000Z,2026-09-29T19:46:12.000Z,8bc0bfdc-23bd-4c23-8140-13655d0167e4,-113.9820839,51.0558053
2504,WB 50 AV SE @ 35 ST SE,ACTIVE,2026-09-29T19:46:12.000Z,2026-09-29T19:46:12.000Z,b5501140-44a2-4a1c-a66f-b16126557a15,-113.9820941,51.008908
6592,Whitehorn LRT Station (SB 36 ST NE @ 37 AV NE),ACTIVE,2026-09-29T19:46:12.000Z,2026-09-29T19:46:12.000Z,de0e46d8-90f4-4645-801b-ac7aa1b707d6,-113.9821136,51.0865798
6765,Marlborough LRT Station (SB 36 ST NE @ 8 AV NE),ACTIVE,2026-09-29T19:46:12.000Z,2026-09-29T19:46:12.000Z,327200c0-c96e-4c6c-bc2d-2056ef0a0e86,-113.982117,51.0588932
6026,SB 36 ST NE @ 12 AV NE,ACTIVE,2026-09-29T19:46:12.000Z,2026-09-29T19:46:12.000Z,3e22c299-c762-4d30-8ed4-38a739a6fe15,-113.9821171,51.0617446
9869,WB Cranston DR SE @ Cranwell SQ SE,ACTIVE,2026-09-29T19:46:12.000Z,2026-09-29T19:46:12.000Z,c7e20e3f-d802-4a78-a5a2-d5af3676502b,-113.9821803,50.8822072
7041,EB McKenzie DR @ McKerrell CL SE,ACTIVE,2026-09-29T19:46:12.000Z,2026-09-29T19:46:12.000Z,c87f0385-4a6a-4a27-a1ef-2db5915a552f,-113.9821808,50.9026498
6686,WB 26 AV SE @ 36 ST SE,ACTIVE,2026-09-29T19:46:12.000Z,2026-09-29T19:46:12.000Z,2f35ba9b-3447-405b-888d-2e80505a7ca3,-113.9822734,51.0305989
5881,WB Dover Ridge DR @ 36 ST SE,ACTIVE,2026-09-29T19:46:12.000Z,2026-09-29T19:46:12.000Z,686ebd45-190d-4770-9342-4fb183af9c80,-113.9823,51.0211907
5825,WB 17 AV SE @ 36 ST SE,ACTIVE,2026-09-29T19:46:12.000Z,2026-09-29T19:46:12.000Z,ede213ec-3de9-4a3c-806f-7a43c3f913e1,-113.9823749,51.0378596
6290,Whitehorn LRT Station,ACTIVE,2026-09-29T19:46:12.000Z,2026-09-29T19:46:12.000Z,109b241b-cdc2-4d10-8197-b5be94150a27,-113.9824072,51.08694
9817,36th Street SE Station (WB),ACTIVE,2026-09-29T19:46:12.000Z,2026-09-29T19:46:12.000Z,7a8d9b4b-e2a0-4ce5-8081-cf01dd2a25f5,-113.9824151,51.0378768
3436,SB Cranston AV @ Cranbrook LN SE,ACTIVE,2026-09-29T19:46:12.000Z,2026-09-29T19:46:12.000Z,932adb80-8551-48c9-bbb4-74464202d8c2,-113.9824774,50.8678675
6027,Marlborough LRT Station (WB 8 AV NE @ 36 ST NE),ACTIVE,2026-09-29T19:46:12.000Z,2026-09-29T19:46:12.000Z,5e16211e-4494-4b6a-8d84-5ae945000a4f,-113.9826266,51.059617
2837,WB Radcliffe DR @ 36 ST SE,ACTIVE,2026-09-29T19:46:12.000Z,2026-09-29T19:46:12.000Z,117ea93e-f4cc-4674-8568-7efb2e9b22ab,-113.9826504,51.0482371
7375,SB Mount McKenzie DR @ Mount McKenzie BA SE,ACTIVE,2026-09-29T19:46:12.000Z,2026-09-29T19:46:12.000Z,57adc7fa-5925-4ab3-881d-d9c949fbe24f,-113.9826666,50.9296569
6253,Whitehorn LRT Station,ACTIVE,2026-09-29T19:46:12.000Z,2026-09-29T19:46:12.000Z,83156f38-f017-409a-8e32-bf1eed05890f,-113.9826832,51.0870011
7680,SB Douglasdale BV @ Douglasview RD SE,ACTIVE,2026-09-29T19:46:12.000Z,2026-09-29T19:46:12.000Z,7a05105a-f8c4-4bdb-95ac-50e2491d6f3f,-113.9827556,50.9383935
4896,EB 130 AV @ Mount McKenzie DR SE,ACTIVE,2026-09-29T19:46:12.000Z,2026-09-29T19:46:12.000Z,80c6e54f-0cef-410f-94ac-8a2d1bfb7e67,-113.9828693,50.931803
8319,SB Douglasdale BV @  Douglas Park BV SE,ACTIVE,2026-09-29T19:46:12.000Z,2026-09-29T19:46:12.000Z,7e12a781-bc3d-46c7-8c77-12ee977c5c14,-113.982917,50.9341429
7853,WB  Douglas Park BV @ Douglasdale BV SE,ACTIVE,2026-09-29T19:46:12.000Z,2026-09-29T19:46:12.000Z,f6e357d1-252e-4228-bf79-b5daf59d9985,-113.983006,50.9347479
7376,NB Mount McKenzie DR @ Mount Aberdeen MR SE,ACTIVE,2026-09-29T19:46:12.000Z,2026-09-29T19:46:12.000Z,116c9222-888d-45f2-b168-24e6e2e8c11f,-113.9830146,50.9302622
2451,Whitehorn Stn Parking,ACTIVE,2026-09-29T19:46:12.000Z,2026-09-29T19:46:12.000Z,93dc7277-53f0-4f91-b3a6-609ffc8735bb,-113.9830172,51.0870259
6387,WB 32 AV NE @ 36 ST NE,ACTIVE,2026-09-29T19:46:12.000Z,2026-09-29T19:46:12.000Z,fa9902e5-b07f-4b07-b15d-ed57aca7452c,-113.9830518,51.0816028
3435,SB Cranston AV @ Cranbrook HT SE,ACTIVE,2026-09-29T19:46:12.000Z,2026-09-29T19:46:12.000Z,e4ca86ca-7b48-4642-a63f-2c25cc899416,-113.9832717,50.8702043
8318,NB Douglasdale BV @ 130 AV SE,ACTIVE,2026-09-29T19:46:12.000Z,2026-09-29T19:46:12.000Z,5638f383-a216-4000-b040-94e0a735902a,-113.9834898,50.9327725
7453,NB Douglasdale BV @ Douglas Woods RD SE,ACTIVE,2026-09-29T19:46:12.000Z,2026-09-29T19:46:12.000Z,53987b22-0d72-4124-9072-6f9ee75cde7e,-113.9835198,50.9391239
6585,EB McKenzie Lake BV @ McKenzie Lake WY SE,ACTIVE,2026-09-29T19:46:12.000Z,2026-09-29T19:46:12.000Z,41462bdf-a36d-4e40-88a1-a855a95b755f,-113.9837309,50.9157653
7377,SB Mount McKenzie DR @ 130 AV SE,ACTIVE,2026-09-29T19:46:12.000Z,2026-09-29T19:46:12.000Z,1a97f5bb-fca1-45de-ac18-882906499a7e,-113.9838949,50.9311764
2836,EB Radcliffe DR @ Radcliffe CR (E.Leg) SE,ACTIVE,2026-09-29T19:46:12.000Z,2026-09-29T19:46:12.000Z,855e2e4e-a948-4571-aeeb-f227da528569,-113.9839633,51.048038
4276,EB Barlow TR @ 61 AV SE,ACTIVE,2026-09-29T19:46:12.000Z,2026-09-29T19:46:12.000Z,00467e7e-93bc-4bf9-a76a-4e476eeba5dc,-113.9843174,50.9991239
2838,WB Radcliffe DR @ Radcliffe CR (E.Leg) SE,ACTIVE,2026-09-29T19:46:12.000Z,2026-09-29T19:46:12.000Z,524ab07f-686f-49ca-8c1f-b80d8f76bd2c,-113.9843832,51.0482747
8447,EB Cranston DR @ Cranston BV SE,ACTIVE,2026-09-29T19:46:12.000Z,2026-09-29T19:46:12.000Z,4dc01e2b-f8d7-4684-a223-c31ce94d2f1c,-113.9844852,50.8918701
4469,EB Dover Ridge DR @ Doverview DR SE,ACTIVE,2026-09-29T19:46:12.000Z,2026-09-29T19:46:12.000Z,46123562-efe1-4aab-90dc-8bd53e151a8a,-113.9846069,51.0210254
7679,EB Douglasdale BV @ Douglas Woods HL SE,ACTIVE,2026-09-29T19:46:12.000Z,2026-09-29T19:46:12.000Z,14b090ef-86ee-46f2-a8ef-6eaa26939335,-113.9846133,50.939386
4912,EB 26 AV NE @ W. of 36 ST NE,ACTIVE,2026-09-29T19:46:12.000Z,2026-09-29T19:46:12.000Z,ee3621e9-8d22-4a1b-9f8d-155b5d51d96a,-113.9846877,51.0777502
7393,EB 26 AV NE @ W. of 36 ST NE,ACTIVE,2026-09-29T19:46:12.000Z,2026-09-29T19:46:12.000Z,5d3624d2-eea0-4d87-af2e-46d07b36b0b0,-113.9846877,51.0777502
9486,EB 39 AV NE @ 34 ST NE,ACTIVE,2026-09-29T19:46:12.000Z,2026-09-29T19:46:12.000Z,299c43b3-f075-432f-8148-7677d2ca785d,-113.984848,51.0886742
6364,SB Barlow TR @ 61 AV SE,ACTIVE,2026-09-29T19:46:12.000Z,2026-09-29T19:46:12.000Z,b3174b7c-fdca-4059-beaa-0fa0d97f485e,-113.9848527,50.9990028
6582,WB McKenzie Lake BV @ Mount McKenzie WY SE,ACTIVE,2026-09-29T19:46:12.000Z,2026-09-29T19:46:12.000Z,ae054ff5-db69-4cb0-b3b0-a7dbcbeb6a76,-113.9849958,50.9154148
9469,EB 26 AV @ Southwood DR SE,ACTIVE,2026-09-29T19:46:12.000Z,2026-09-29T19:46:12.000Z,2967f109-5ef1-4745-84c2-69e18992bc27,-113.9851492,51.0304663
8443,NB Cranston BV @ Cranston DR SE,ACTIVE,2026-09-29T19:46:12.000Z,2026-09-29T19:46:12.000Z,101d7fe9-8d21-4b2b-a1fe-64e2f5e3e451,-113.9852808,50.8923225
9934,EB 114 AV SE @ 35 ST SE,ACTIVE,2026-09-29T19:46:12.000Z,2026-09-29T19:46:12.000Z,3a895c69-48f9-4c4d-a4c0-e2d4872e8ac9,-113.9853191,50.9498827
7454,WB Douglasdale BV @ Douglas Woods HL SE,ACTIVE,2026-09-29T19:46:12.000Z,2026-09-29T19:46:12.000Z,a52d0796-293d-4dbd-9ea8-6aab5befed14,-113.9853543,50.9400348
2519,EB 8 AV NE @ 33 ST NE,ACTIVE,2026-09-29T19:46:12.000Z,2026-09-29T19:46:12.000Z,c9c200dd-3ee8-4ace-8dc2-8aa3d20aa842,-113.9855072,51.0594827
4484,WB Dover Ridge DR @ 33 ST SE,ACTIVE,2026-09-29T19:46:12.000Z,2026-09-29T19:46:12.000Z,038861c7-1ddb-489b-be1a-dc2f5dd09a43,-113.9857457,51.020839
9807,33rd Street SE Station (EB),ACTIVE,2026-09-29T19:46:12.000Z,2026-09-29T19:46:12.000Z,f35326f5-9804-4c33-99da-5e81fe16c04a,-113.9857993,51.0377888
2123,WB Cranston DR @ Cranston BV SE,ACTIVE,2026-09-29T19:46:12.000Z,2026-09-29T19:46:12.000Z,e3b4cf72-29f6-4371-b8b0-2c75266c3b7a,-113.9858794,50.8918855
7550,NB 33 ST NE @ 12 AV NE,ACTIVE,2026-09-29T19:46:12.000Z,2026-09-29T19:46:12.000Z,748328db-2f7e-4a88-9017-7c65cb8c8821,-113.9859097,51.0631289
7551,NB 33 ST NE @ 14 AV NE,ACTIVE,2026-09-29T19:46:12.000Z,2026-09-29T19:46:12.000Z,c96ed810-6a5e-4344-ae74-b2eb9dab4020,-113.9859116,51.064856
7549,NB 33 ST NE @ 8 AV NE,ACTIVE,2026-09-29T19:46:12.000Z,2026-09-29T19:46:12.000Z,35242278-9580-4c2f-9ef9-e79669042035,-113.9859299,51.0599631
7765,EB 17 AV SE @ 33 ST SE,ACTIVE,2026-09-29T19:46:12.000Z,2026-09-29T19:46:12.000Z,63af74d6-693f-457f-a5a9-d63d62592b68,-113.986006,51.0377024
2126,EB Cranston DR @ W. Leg Cranridge HT SE,ACTIVE,2026-09-29T19:46:12.000Z,2026-09-29T19:46:12.000Z,3291e6ca-a0bf-43a5-83e1-151c951f30e9,-113.9860287,50.8828806
7571,WB 20 AV NE @ 34 ST NE,ACTIVE,2026-09-29T19:46:12.000Z,2026-09-29T19:46:12.000Z,d8fe25f6-c9e6-4280-a054-f0d5dcaf4487,-113.9860466,51.0713448
9485,WB 39 AV NE @ 34 ST NE,ACTIVE,2026-09-29T19:46:12.000Z,2026-09-29T19:46:12.000Z,00c96518-94a2-4e69-944f-1bd328ce9ef8,-113.9860504,51.0889401
7562,SB 33 ST NE @ 14 AV NE,ACTIVE,2026-09-29T19:46:12.000Z,2026-09-29T19:46:12.000Z,e373f80c-8308-4fe6-a905-24cc2073fee2,-113.9861412,51.064619
2518,SB 33 ST NE @ 12 AV NE,ACTIVE,2026-09-29T19:46:12.000Z,2026-09-29T19:46:12.000Z,d6de5c79-82d8-4835-9a4d-79a9eeeac034,-113.9861681,51.0624258
9870,WB Cranston DR SE @ W. of Cranwell SQ SE,ACTIVE,2026-09-29T19:46:12.000Z,2026-09-29T19:46:12.000Z,04b1bf99-f3f4-44c9-93d0-e887b2dc1e2a,-113.9862219,50.8834775
9470,WB 26 AV SE @ Southwood DR,ACTIVE,2026-09-29T19:46:12.000Z,2026-09-29T19:46:12.000Z,4f8e2c2b-c59e-432e-a736-275b567856f2,-113.9862957,51.0306038
9933,WB 114 AV SE @ 35 ST SE,ACTIVE,2026-09-29T19:46:12.000Z,2026-09-29T19:46:12.000Z,20938ddd-6ed2-485d-b750-e96bd5daeefd,-113.9863624,50.9496047
4916,WB 114 AV SE @ 35 ST SE,ACTIVE,2026-09-29T19:46:12.000Z,2026-09-29T19:46:12.000Z,e573b673-15eb-409a-a5fd-16c882c9ce04,-113.9863647,50.9496119
5885,NB Radisson DR @ 17 AV SE,ACTIVE,2026-09-29T19:46:12.000Z,2026-09-29T19:46:12.000Z,85bf59f4-6d87-4c70-baa9-2a6bd1c6a02a,-113.9865135,51.0382372
7736,NB McKenzie Lake BV @ McKenzie Lake GA SE,ACTIVE,2026-09-29T19:46:12.000Z,2026-09-29T19:46:12.000Z,e30c0a20-e7e4-4ab8-ac49-743aa5cc56e5,-113.9865607,50.911876
4794,SB Cranston BV @ Cranleigh DR SE,ACTIVE,2026-09-29T19:46:12.000Z,2026-09-29T19:46:12.000Z,65afa78d-d0ae-4d19-ad20-4d5fa5861cf3,-113.9866076,50.8931393
7709,SB McKenzie Lake BV @ Mountain Park CI SE,ACTIVE,2026-09-29T19:46:12.000Z,2026-09-29T19:46:12.000Z,070098f3-5449-4691-b148-607051d4f1fc,-113.9866874,50.9110598
8361,NB McKenzie Lake BV @ McKenzie Lake WY SE,ACTIVE,2026-09-29T19:46:12.000Z,2026-09-29T19:46:12.000Z,9ef8ac72-fa56-4521-8884-1e24f9d266ec,-113.9868143,50.9079957
6688,SB Radisson DR @ 17 AV SE,ACTIVE,2026-09-29T19:46:12.000Z,2026-09-29T19:46:12.000Z,639e8b53-1697-4adb-9f1a-028edf1ef197,-113.9868448,51.0384077
7043,SB McKenzie Lake BV @ McKenzie Lake GD SE,ACTIVE,2026-09-29T19:46:12.000Z,2026-09-29T19:46:12.000Z,3f13a42b-fba5-4583-9983-9541882feaca,-113.9869321,50.9118748
7040,EB McKenzie DR @ McKenna CR SE,ACTIVE,2026-09-29T19:46:12.000Z,2026-09-29T19:46:12.000Z,c6473ad7-be39-4450-bdd5-72adde7e9e48,-113.9870071,50.9014882
9768,WB 17 AV SE @ Radisson DR,ACTIVE,2026-09-29T19:46:12.000Z,2026-09-29T19:46:12.000Z,6dd10a79-ab4c-40ae-b36b-88f4e6d3d37d,-113.987214,51.0379944
4793,WB Cranston BV @ Cranfield LI SE,ACTIVE,2026-09-29T19:46:12.000Z,2026-09-29T19:46:12.000Z,46537a05-f4f4-4153-b985-fa0dd06035a1,-113.9874511,50.8939527
9818,33rd Street SE Station (WB),ACTIVE,2026-09-29T19:46:12.000Z,2026-09-29T19:46:12.000Z,62c6caf7-218e-43ef-9442-a3da55386d3f,-113.9874746,51.0378707
4470,NB Dover Ridge DR @ Dovercroft RD SE,ACTIVE,2026-09-29T19:46:12.000Z,2026-09-29T19:46:12.000Z,75de3b18-3c53-4759-beaa-8df906328e00,-113.9875108,51.0195712
5716,EB 32 AV NE @ 32 ST NE,ACTIVE,2026-09-29T19:46:12.000Z,2026-09-29T19:46:12.000Z,7511fe9c-04f8-4886-a171-f5cdf8e14c64,-113.9876401,51.0813164
9291,NB Cranston DR @ Cranleigh GA SE,ACTIVE,2026-09-29T19:46:12.000Z,2026-09-29T19:46:12.000Z,1e1b4dcf-efc1-470b-9b31-fb8ce5c88494,-113.9877567,50.8887794
8013,SB McKenzie Lake BV @ McKenzie Lake WY SE,ACTIVE,2026-09-29T19:46:12.000Z,2026-09-29T19:46:12.000Z,9a144e9b-b368-4b35-971e-56ecf9b9cca3,-113.9878497,50.9073838
4483,SB Dover Ridge DR @ Doverthorn WY SE,ACTIVE,2026-09-29T19:46:12.000Z,2026-09-29T19:46:12.000Z,7f3c3ab4-8789-4bd7-9c08-37759360caf7,-113.9878691,51.0195445
4785,NB Cranston DR @ Cranston WY SE,ACTIVE,2026-09-29T19:46:12.000Z,2026-09-29T19:46:12.000Z,cc0d8bdf-9461-4ac7-bd81-4527abfdef22,-113.9878897,50.886498
7392,EB 26 AV NE @ 32 ST NE,ACTIVE,2026-09-29T19:46:12.000Z,2026-09-29T19:46:12.000Z,c44b92f7-1a69-4033-a4d5-df20a3a9e0dd,-113.9879259,51.0777978
2124,SB Cranston DR @ Cranston GA SE,ACTIVE,2026-09-29T19:46:12.000Z,2026-09-29T19:46:12.000Z,5094daef-0fbb-405d-bf5a-166fcaa64e6b,-113.9881825,50.8882857
2125,SB Cranston DR @ Cranston WY SE,ACTIVE,2026-09-29T19:46:12.000Z,2026-09-29T19:46:12.000Z,acbbb132-a351-46f8-ad22-edf6616d4710,-113.988244,50.8858559
9468,EB 26 AV SE @ Fir DR,ACTIVE,2026-09-29T19:46:12.000Z,2026-09-29T19:46:12.000Z,9e5eb08f-a801-436c-8821-751e550eaf39,-113.9883729,51.0304685
8383,NB McKenzie Lake BV @ McKinley WY SE,ACTIVE,2026-09-29T19:46:12.000Z,2026-09-29T19:46:12.000Z,88f6937d-3fcd-4695-b7f9-dfddc4ef5a12,-113.9884483,50.9062659
7623,NB 32 ST NE @ 23 AV NE,ACTIVE,2026-09-29T19:46:12.000Z,2026-09-29T19:46:12.000Z,65f8d2dc-4ee5-49f1-8954-0d429f414632,-113.9885491,51.0743598
7568,NB 32 ST NE @ Sunridge BV NE,ACTIVE,2026-09-29T19:46:12.000Z,2026-09-29T19:46:12.000Z,7b56ddf3-415f-4e86-bd6c-06951fa348d8,-113.988554,51.0764827
7348,NB 32 ST NE @ 37 AV NE,ACTIVE,2026-09-29T19:46:12.000Z,2026-09-29T19:46:12.000Z,fddb679c-1bfe-49a5-ad2b-11da7ff4e307,-113.9885628,51.087115
6104,NB 32 ST NE @ 26 AV NE,ACTIVE,2026-09-29T19:46:12.000Z,2026-09-29T19:46:12.000Z,c429e681-6dd3-4022-b35d-c8ab03a10023,-113.9885685,51.0782371
7572,NB 32 ST NE @ 20 AV NE,ACTIVE,2026-09-29T19:46:12.000Z,2026-09-29T19:46:12.000Z,91e1af97-ed6d-4adc-ae5b-0284fb89ad76,-113.9885698,51.0711851
7678,EB Douglasdale BV @ Douglasview PA SE,ACTIVE,2026-09-29T19:46:12.000Z,2026-09-29T19:46:12.000Z,644c87d7-8c91-4ee3-b7c0-aa7412d928cd,-113.9886381,50.9405514
2476,50 AV SE / PATHWAY,ACTIVE,2026-09-29T19:46:12.000Z,2026-09-29T19:46:12.000Z,b81069d8-be4a-4e57-b600-624308136e0f,-113.9886926,51.0086457
4275,WB 56 AV SE @ 58 AV SE,ACTIVE,2026-09-29T19:46:12.000Z,2026-09-29T19:46:12.000Z,20cb05ce-3358-4b09-a382-8ddfff0f9d9b,-113.9887128,51.0023497
7455,WB Douglasdale BV @ Douglas Woods DR SE,ACTIVE,2026-09-29T19:46:12.000Z,2026-09-29T19:46:12.000Z,4b759cd7-40ff-43f1-a1af-ca21dc6b4eb2,-113.9887533,50.9407522
5696,SB 32 ST NE @ S. of 32 AV NE,ACTIVE,2026-09-29T19:46:12.000Z,2026-09-29T19:46:12.000Z,63bd4fc4-8684-413b-9d9a-a8258e090ed9,-113.9887818,51.0797897
8833,EB 17 AV SE @ 31 ST SE,ACTIVE,2026-09-29T19:46:12.000Z,2026-09-29T19:46:12.000Z,5c4312ef-fac4-4452-ba5e-f6de5b0550bf,-113.9888872,51.0377138
6028,WB 14 AV NE @ 33 ST NE,ACTIVE,2026-09-29T19:46:12.000Z,2026-09-29T19:46:12.000Z,c424b9dc-705b-4b98-b6e5-ff466c099de9,-113.9889719,51.0652137
2839,WB Radcliffe DR @ 28 ST SE,ACTIVE,2026-09-29T19:46:12.000Z,2026-09-29T19:46:12.000Z,dd12bbdc-ddb5-4b9b-bae3-6097eacbc08d,-113.9890939,51.0469525
2835,EB Radcliffe DR @ 28 ST SE,ACTIVE,2026-09-29T19:46:12.000Z,2026-09-29T19:46:12.000Z,48ba084f-5de4-42dc-835c-3272e3fa4758,-113.9891281,51.0467555
4284,EB 57 AV SE @ 58 AV SE,ACTIVE,2026-09-29T19:46:12.000Z,2026-09-29T19:46:12.000Z,0c85c843-0613-468a-aa58-1d1b03268678,-113.989152,51.0017314
7851,EB  Douglas Park BV @ Douglas Park VW SE,ACTIVE,2026-09-29T19:46:12.000Z,2026-09-29T19:46:12.000Z,4f5a04a7-7e2c-467f-818f-7cc0e2400886,-113.9891552,50.9351946
7033,SB Douglas Woods DR @ Douglas Woods GV SE,ACTIVE,2026-09-29T19:46:12.000Z,2026-09-29T19:46:12.000Z,6b58970f-012c-454e-984d-72b4e4598658,-113.9893467,50.941703
2598,WB 50 AV SE @ 30 St SE.,ACTIVE,2026-09-29T19:46:12.000Z,2026-09-29T19:46:12.000Z,9cb2cee0-81fa-4c67-b27c-90c3eb08a455,-113.9893976,51.0089653
7574,WB Sunridge BV @ 32 ST NE,ACTIVE,2026-09-29T19:46:12.000Z,2026-09-29T19:46:12.000Z,ebe0db00-ca8b-4538-9ee7-0094735466b3,-113.9894062,51.075893
7674,NB Douglas Woods DR @ Douglas Woods GV SE,ACTIVE,2026-09-29T19:46:12.000Z,2026-09-29T19:46:12.000Z,4a546add-8926-4f41-8fa1-6d10a350b736,-113.9894491,50.9425422
5721,WB 32 AV NE @ 32 ST NE,ACTIVE,2026-09-29T19:46:12.000Z,2026-09-29T19:46:12.000Z,d9e3dec7-6d66-41db-bd5c-46053337e842,-113.9894617,51.0816332
9441,WB 23 AV NE @ 32 ST NE,ACTIVE,2026-09-29T19:46:12.000Z,2026-09-29T19:46:12.000Z,e36fb1ae-2022-437b-8254-7790ef5d0a1a,-113.9895053,51.0728283
6291,WB 37 AV NE @ 32 ST NE,ACTIVE,2026-09-29T19:46:12.000Z,2026-09-29T19:46:12.000Z,794e9504-1be7-430b-b04e-05f33b1cce43,-113.9895164,51.0867258
9471,WB 26 AV SE @ Fir DR SE,ACTIVE,2026-09-29T19:46:12.000Z,2026-09-29T19:46:12.000Z,a9e67e0c-c2d6-4fa3-9a19-8a8fd82add05,-113.9895211,51.0305791
8428,SB McKenzie Lake BV @ Mount Sparrowhawk LD SE,ACTIVE,2026-09-29T19:46:12.000Z,2026-09-29T19:46:12.000Z,b10acf07-b896-40af-903b-14e26e50bae3,-113.9895695,50.9056472
5890,EB 16 AV SE @ Rouleau CR,ACTIVE,2026-09-29T19:46:12.000Z,2026-09-29T19:46:12.000Z,0b04f5ef-990f-4e9f-8cbc-24c90bbd05db,-113.9895835,51.0392969
7561,EB 14 AV NE @ E. of 28 ST NE,ACTIVE,2026-09-29T19:46:12.000Z,2026-09-29T19:46:12.000Z,bb8b8816-9332-4375-81a4-eeb329c2513b,-113.9897098,51.0650619
7854,NB  Douglas Park BV @ Douglasview RD SE,ACTIVE,2026-09-29T19:46:12.000Z,2026-09-29T19:46:12.000Z,468704f8-4315-44e4-bf3e-a8850712fa2c,-113.9900096,50.9356304
6642,SB  Douglas Woods DR @ Douglas Woods HL SE,ACTIVE,2026-09-29T19:46:12.000Z,2026-09-29T19:46:12.000Z,41b9bc8d-5929-4561-b2dc-ff87964b53a8,-113.9901757,50.9438563
8276,WB 17 AV SE @ W. of 31 ST SE,ACTIVE,2026-09-29T19:46:12.000Z,2026-09-29T19:46:12.000Z,c7b417ad-435a-43fd-a1f5-4a7c962376da,-113.9902103,51.0379908
7039,EB McKenzie DR @ McKenzie Lake BV SE,ACTIVE,2026-09-29T19:46:12.000Z,2026-09-29T19:46:12.000Z,4c79e4db-5e1c-4ea7-adb9-7133846994d3,-113.990481,50.9018837
8430,NB McKenzie Lake BV @ McKenzie DR SE,ACTIVE,2026-09-29T19:46:12.000Z,2026-09-29T19:46:12.000Z,284bf337-4bfe-461b-a22b-4c50a6b078fc,-113.9904827,50.9027383
9488,EB 114 AV SE @ W. of 35 ST SE,ACTIVE,2026-09-29T19:46:12.000Z,2026-09-29T19:46:12.000Z,bac792ee-cd8f-4283-a667-99808da9183b,-113.9905881,50.9493719
9450,EB 23 AV NE @ 29 ST NE,ACTIVE,2026-09-29T19:46:12.000Z,2026-09-29T19:46:12.000Z,2b97a82b-5c9d-4061-b3a1-2a579d7abc0e,-113.9907713,51.072681
9487,WB 114 AV SE @ W. of 35 ST SE,ACTIVE,2026-09-29T19:46:12.000Z,2026-09-29T19:46:12.000Z,5c461283-656a-463e-8a9d-856a8740247e,-113.9908034,50.9495664
7567,EB Sunridge BV @ 29 ST NE,ACTIVE,2026-09-29T19:46:12.000Z,2026-09-29T19:46:12.000Z,f1eb27f9-a4ac-4400-9622-ec4d9fcef528,-113.9908707,51.0757688
7675,WB Douglas Woods DR @ Douglas Woods HL SE,ACTIVE,2026-09-29T19:46:12.000Z,2026-09-29T19:46:12.000Z,12ca15d6-5a3c-4287-ac1b-e7696994900f,-113.9908809,50.9450618
5894,EB Dover Ridge DR @ 28 ST SE,ACTIVE,2026-09-29T19:46:12.000Z,2026-09-29T19:46:12.000Z,1e9e7953-77f7-4409-a13c-ebf9f09075bd,-113.9909627,51.0186798
7044,WB Mountain Park DR @ 100 Mount Victoria PL SE,ACTIVE,2026-09-29T19:46:12.000Z,2026-09-29T19:46:12.000Z,a6b7017d-b10d-4cf6-bf58-359f551d9079,-113.9911407,50.912605
6300,EB 37 AV NE @ 29 ST NE,ACTIVE,2026-09-29T19:46:12.000Z,2026-09-29T19:46:12.000Z,637c57f5-7f9d-4102-a8aa-5576c8fafc4f,-113.991166,51.0866154
6685,EB 26 AV SE @ 28 ST SE,ACTIVE,2026-09-29T19:46:12.000Z,2026-09-29T19:46:12.000Z,d7fc4ef3-2a5e-4a58-9745-dc8d54ceae89,-113.9912975,51.0304629
4481,WB 16 AV SE @ Robson CR,ACTIVE,2026-09-29T19:46:12.000Z,2026-09-29T19:46:12.000Z,68f3619d-5a16-4334-943d-d873fd9682fc,-113.9913005,51.0394401
5882,NB 28 ST SE @ 32 AV SE,ACTIVE,2026-09-29T19:46:12.000Z,2026-09-29T19:46:12.000Z,babf81e1-0eaf-4c12-9740-52b00b448ee8,-113.9913231,51.0254444
7849,SB Douglasview BV @ Douglasdale BV SE,ACTIVE,2026-09-29T19:46:12.000Z,2026-09-29T19:46:12.000Z,61b2071d-6324-4247-a614-2c71b7c8f9aa,-113.9913566,50.9403426
8436,SB McKenzie Lake BV @ Mountain Park DR SE,ACTIVE,2026-09-29T19:46:12.000Z,2026-09-29T19:46:12.000Z,7fbd282a-163b-47be-9bd8-a98e8b281500,-113.9915406,50.9017761
4471,SB 28 ST SE @ 32 AV SE,ACTIVE,2026-09-29T19:46:12.000Z,2026-09-29T19:46:12.000Z,fc702c3c-2eb2-476e-b000-3098375bb857,-113.9915673,51.0251988
2372,WB Douglasdale BV @ Douglasview BV SE,ACTIVE,2026-09-29T19:46:12.000Z,2026-09-29T19:46:12.000Z,aaeb11b9-4c71-4cde-a8d9-86dd0f0fe315,-113.9915969,50.9408769
2841,SB 28 ST SE @ Doverthorn RD,ACTIVE,2026-09-29T19:46:12.000Z,2026-09-29T19:46:12.000Z,40713553-9760-4f3b-bc62-1327739c8bd4,-113.9916452,51.0202301
2840,SB 28 ST SE @ 34 AV SE,ACTIVE,2026-09-29T19:46:12.000Z,2026-09-29T19:46:12.000Z,5aa3a222-3f8e-43f4-b659-b721688cc303,-113.9916778,51.0229196
6948,WB Douglasdale BV @ Douglasview BV SE,ACTIVE,2026-09-29T19:46:12.000Z,2026-09-29T19:46:12.000Z,73a09af6-a1f9-4e37-9d63-0d4a8ff4699e,-113.9917494,50.9408745
2084,NB 29 ST NE @ 23 AV NE,ACTIVE,2026-09-29T19:46:12.000Z,2026-09-29T19:46:12.000Z,e1ba9170-d4df-4471-a1b0-b63a189ca7f6,-113.9917565,51.0730761
9449,NB 29 ST NE @ Sunridge WY,ACTIVE,2026-09-29T19:46:12.000Z,2026-09-29T19:46:12.000Z,c4faf17e-8d35-46e2-b006-e773d89774ed,-113.9917612,51.0697471
4158,NB McKenzie Lake BV @ McKenzie Meadows DR SE,ACTIVE,2026-09-29T19:46:12.000Z,2026-09-29T19:46:12.000Z,92ecaf7d-9f63-49d1-a0d5-8e885a2f817a,-113.9917727,50.9006037
4472,SB 30 AV SE @ 28 ST SE,ACTIVE,2026-09-29T19:46:12.000Z,2026-09-29T19:46:12.000Z,044791ea-8402-4466-98db-4300ef5ed02b,-113.9918857,51.0264483
5883,NB 28 ST SE @ 30 AV SE,ACTIVE,2026-09-29T19:46:12.000Z,2026-09-29T19:46:12.000Z,fcc18f1f-62cb-443b-af8c-66916ec2cc30,-113.9919278,51.0273399
9442,SB 29 ST NE @ 23 AV NE,ACTIVE,2026-09-29T19:46:12.000Z,2026-09-29T19:46:12.000Z,25023209-8397-4d46-bcec-9294e8e5a8d3,-113.9919445,51.0724234
6361,WB Dover Ridge DR @ 28 ST SE,ACTIVE,2026-09-29T19:46:12.000Z,2026-09-29T19:46:12.000Z,5712d583-4ad6-4937-be81-b689923974d7,-113.9920668,51.0188072
5892,SB 28 ST SE @ 26 AV SE,ACTIVE,2026-09-29T19:46:12.000Z,2026-09-29T19:46:12.000Z,b186a0ef-fec2-42c9-8268-edc91c76c235,-113.9921194,51.0301063
4482,NB 28 ST @ 28 AV SE,ACTIVE,2026-09-29T19:46:12.000Z,2026-09-29T19:46:12.000Z,f55d3520-5285-48a5-971c-ff098083fc23,-113.9921244,51.0293689
8795,SB 28 ST SE @ 28 AV SE,ACTIVE,2026-09-29T19:46:12.000Z,2026-09-29T19:46:12.000Z,5b053f92-b15d-4269-9d35-6a9a797c88ea,-113.9923665,51.0284936
7349,WB 37 AV NE @ 29 ST NE,ACTIVE,2026-09-29T19:46:12.000Z,2026-09-29T19:46:12.000Z,0cb89c2c-3a80-48d5-a42d-144f733010a1,-113.9925016,51.0867218
4163,SB McKenzie Lake BV @ McKenzie Meadows DR SE,ACTIVE,2026-09-29T19:46:12.000Z,2026-09-29T19:46:12.000Z,ba09a124-4760-4fda-baf3-b6303d3968b2,-113.992538,50.8999848
7850,SB Douglas Park BV @ Douglas Park VW SE,ACTIVE,2026-09-29T19:46:12.000Z,2026-09-29T19:46:12.000Z,3f2e456c-cc1c-47cb-849e-2f0fdf3568f9,-113.9925661,50.9370456
7560,EB 14 AV NE @ 28 ST NE,ACTIVE,2026-09-29T19:46:12.000Z,2026-09-29T19:46:12.000Z,70e02b03-b420-45e6-a9d1-de4631329079,-113.9926086,51.0650466
9443,WB Sunridge WY @ 29 ST NE,ACTIVE,2026-09-29T19:46:12.000Z,2026-09-29T19:46:12.000Z,8fa24e7e-e149-47dc-80f6-787f8d1d0c36,-113.9926746,51.0693119
7855,NB  Douglasdale BV @ Douglaspark BV SE,ACTIVE,2026-09-29T19:46:12.000Z,2026-09-29T19:46:12.000Z,996e6c84-7ee2-491a-ac93-422e035c6d70,-113.99269,50.9379933
4477,NB Radcliffe DR @ 12 AV SE,ACTIVE,2026-09-29T19:46:12.000Z,2026-09-29T19:46:12.000Z,91ac9f49-654b-44d3-95f3-9554eaaa8c0f,-113.9929574,51.0453565
4480,NB 28 ST SE @ 16 AV SE,ACTIVE,2026-09-29T19:46:12.000Z,2026-09-29T19:46:12.000Z,3908d8d0-f0fa-4799-ac22-67388c89d618,-113.9929943,51.0399424
4475,SB 28 ST SE @ 14 AV SE,ACTIVE,2026-09-29T19:46:12.000Z,2026-09-29T19:46:12.000Z,0f33751e-ea4b-4dfb-87d5-227229ecb5e6,-113.9931815,51.0401362
6024,NB 28 ST NE @ 10 AV NE,ACTIVE,2026-09-29T19:46:12.000Z,2026-09-29T19:46:12.000Z,9ac642f3-8d34-482a-a278-beb6792fe52e,-113.9931864,51.0623
7879,NB 28 ST NE @ 10 AV NE,ACTIVE,2026-09-29T19:46:12.000Z,2026-09-29T19:46:12.000Z,45a7d0ac-a1d0-4ac8-a6da-a15a08548a04,-113.9931993,51.0607802
5888,SB 28 ST SE @ 9 AV SE,ACTIVE,2026-09-29T19:46:12.000Z,2026-09-29T19:46:12.000Z,96fc35ca-f4b5-47dd-8001-5c0a809ebd7a,-113.9932,51.0442564
7558,NB 28 ST NE @ 5 AV NE,ACTIVE,2026-09-29T19:46:12.000Z,2026-09-29T19:46:12.000Z,d3a0f4d3-901a-4d3c-9f81-376dc3e54a95,-113.9932059,51.0571554
7556,NB 28 ST NE @ 3 AV NE,ACTIVE,2026-09-29T19:46:12.000Z,2026-09-29T19:46:12.000Z,2ec9f932-b970-4994-b277-3c70c17e22b9,-113.9932084,51.0549157
7559,NB 28 ST NE @ 7 AV NE,ACTIVE,2026-09-29T19:46:12.000Z,2026-09-29T19:46:12.000Z,93254c9e-6083-4305-8a30-16a8bafa23f2,-113.9932137,51.0590175
6023,NB 28 ST E @ Centre AV,ACTIVE,2026-09-29T19:46:12.000Z,2026-09-29T19:46:12.000Z,9e783a5e-2091-4e0a-a9d0-a0cfce84097b,-113.9932187,51.0527751
4135,EB 34 AV SE @ 28 ST SE,ACTIVE,2026-09-29T19:46:12.000Z,2026-09-29T19:46:12.000Z,1b644fec-80b4-461e-9e69-17c616e8f905,-113.993315,51.023076
7553,SB 28 ST NE @ 10 AV NE,ACTIVE,2026-09-29T19:46:12.000Z,2026-09-29T19:46:12.000Z,5744f0e2-846e-4a5d-9147-f4e37deb6364,-113.9933828,51.0612526
7554,SB 28 ST NE @ 5 AV NE,ACTIVE,2026-09-29T19:46:12.000Z,2026-09-29T19:46:12.000Z,ae8c2df9-f86d-4a42-b198-41ef07bb3dd4,-113.9933944,51.0560089
7555,SB 28 ST NE @ 3 AV NE,ACTIVE,2026-09-29T19:46:12.000Z,2026-09-29T19:46:12.000Z,c4da2a2b-40ca-4417-9eb8-3d1c2d3c83bb,-113.9933966,51.053994
6029,SB 28 ST NE @ 7 AV NE,ACTIVE,2026-09-29T19:46:12.000Z,2026-09-29T19:46:12.000Z,e46efebf-07d3-4c79-8f3b-976a969b21d1,-113.9934053,51.0589235
7552,SB 28 ST NE @ Moraine RD,ACTIVE,2026-09-29T19:46:12.000Z,2026-09-29T19:46:12.000Z,b0164c5e-f2be-44d3-8bea-f5fddcf10bcf,-113.9934251,51.0645639
5887,EB 11 AV SE @ 28 ST SE,ACTIVE,2026-09-29T19:46:12.000Z,2026-09-29T19:46:12.000Z,01392d85-7b87-4ce3-9e4f-e5cb12eff89b,-113.9934503,51.0428146
4476,WB 11 AV SE @ 28 ST SE,ACTIVE,2026-09-29T19:46:12.000Z,2026-09-29T19:46:12.000Z,edec568d-0c19-4a8b-90c3-64df56c3a733,-113.9935573,51.0429253
6379,NB 56 AV SE @ 54 AV SE,ACTIVE,2026-09-29T19:46:12.000Z,2026-09-29T19:46:12.000Z,c8167836-c081-4173-a66c-01296433a6c8,-113.9939261,51.0048408
7051,EB Mountain Park DR @ Mount Kidd RD SE,ACTIVE,2026-09-29T19:46:12.000Z,2026-09-29T19:46:12.000Z,5fc21f1f-54b8-4142-9bde-d42c7cb4bbf0,-113.9939651,50.9027831
3387,26th Street SE Station (EB),ACTIVE,2026-09-29T19:46:12.000Z,2026-09-29T19:46:12.000Z,db0fd46a-9cb1-4017-9ee2-e015d59897af,-113.9940125,51.0374393
3390,26th Street SE Station (WB),ACTIVE,2026-09-29T19:46:12.000Z,2026-09-29T19:46:12.000Z,111bfbed-bf4a-423b-837b-2ebbb93d435d,-113.9940481,51.0375508
6749,EB Sunridge BV @ 27 ST NE,ACTIVE,2026-09-29T19:46:12.000Z,2026-09-29T19:46:12.000Z,a6fee49c-50b9-4367-bff7-b1c608ed86aa,-113.994087,51.0768141
7049,SB Mountain Park DR @ Mount Belcher PL SE,ACTIVE,2026-09-29T19:46:12.000Z,2026-09-29T19:46:12.000Z,f84ebf99-60aa-41e1-8a9f-ae07d04e7fb5,-113.9941171,50.9101361
7347,EB 37 AV NE @ 27 ST NE,ACTIVE,2026-09-29T19:46:12.000Z,2026-09-29T19:46:12.000Z,eb3cc3a4-f797-4357-9097-17bc4da2c5ce,-113.9941364,51.0866199
6105,EB 32 AV NE @ 27 ST NE,ACTIVE,2026-09-29T19:46:12.000Z,2026-09-29T19:46:12.000Z,c7ba8385-183f-4b26-a1c6-bb5fb7107981,-113.9941612,51.0813945
9448,EB Sunridge WY @ W. of 29 ST NE,ACTIVE,2026-09-29T19:46:12.000Z,2026-09-29T19:46:12.000Z,a15260ab-ca3b-48ea-9719-ad5c7ca26bf8,-113.9942706,51.0691371
6030,WB Centre AV @ 28 ST E,ACTIVE,2026-09-29T19:46:12.000Z,2026-09-29T19:46:12.000Z,1f6a206e-2c37-4d3e-9856-84541fbf6a29,-113.9943236,51.0524618
6709,Franklin LRT Station S Lot (WB Radcliffe DR SE),ACTIVE,2026-09-29T19:46:12.000Z,2026-09-29T19:46:12.000Z,fc065216-7410-44e0-a37b-1ff939a9f100,-113.9944111,51.0466838
6811,NB Franklin CTrain Station,ACTIVE,2026-09-29T19:46:12.000Z,2026-09-29T19:46:12.000Z,96b402b5-8690-41d6-a036-d66bc5140dec,-113.994618,51.0470363
2291,WB Country Hills BV @ E of Barlow TR NE,ACTIVE,2026-09-29T19:46:12.000Z,2026-09-29T19:46:12.000Z,f888b503-e59e-41e4-8061-e09d1efd3444,-113.994635,51.1545121
2842,Franklin LRT Station S Lot (EB Radcliffe Dr SE),ACTIVE,2026-09-29T19:46:12.000Z,2026-09-29T19:46:12.000Z,8683d479-ac11-4459-8df8-f6459b7a0d25,-113.9947065,51.0465079
8570,SB Franklin CTrain Station,ACTIVE,2026-09-29T19:46:12.000Z,2026-09-29T19:46:12.000Z,f19ccc12-8cbb-4029-9a30-b06feec5105f,-113.9948111,51.0471403
6363,EB 57 AV SE @ 26 ST SE,ACTIVE,2026-09-29T19:46:12.000Z,2026-09-29T19:46:12.000Z,d0b73f1b-fd17-4957-ba0d-151168aee072,-113.9948646,51.0042173
4473,EB 14 AV SE @ 27 ST SE,ACTIVE,2026-09-29T19:46:12.000Z,2026-09-29T19:46:12.000Z,47d95861-5871-438c-8820-188d1aadf824,-113.9949452,51.0404424
7032,EB Douglas Woods DR @ Douglas Woods MR SE,ACTIVE,2026-09-29T19:46:12.000Z,2026-09-29T19:46:12.000Z,030d497e-a75a-4049-bcea-48270966689d,-113.9950061,50.9455639
4136,EB 34 AV SE @ 26A ST SE,ACTIVE,2026-09-29T19:46:12.000Z,2026-09-29T19:46:12.000Z,ba9dd54b-9698-4e5c-9fbc-fb9c35bb0e3e,-113.9950946,51.0231038
7575,WB Sunridge BV @ 29 ST NE,ACTIVE,2026-09-29T19:46:12.000Z,2026-09-29T19:46:12.000Z,691934b8-71b9-463b-9352-d7138920bd30,-113.9953161,51.0770167
8674,NB 29 ST SE @ 114 AV SE,ACTIVE,2026-09-29T19:46:12.000Z,2026-09-29T19:46:12.000Z,4f331d3a-c1c5-4909-8962-eb30cdacdae1,-113.9953359,50.9512663
7350,WB 37 AV NE @ 27 ST NE,ACTIVE,2026-09-29T19:46:12.000Z,2026-09-29T19:46:12.000Z,84968e32-27b5-4d39-bb3f-62d381f6897a,-113.9954304,51.0867072
7396,WB 32 AV NE @ 27 ST NE,ACTIVE,2026-09-29T19:46:12.000Z,2026-09-29T19:46:12.000Z,4d5fee2e-9d8a-4f18-8426-9eb98bc571a1,-113.9955461,51.081619
4979,SB 114 AV SE @ 29 ST SE,ACTIVE,2026-09-29T19:46:12.000Z,2026-09-29T19:46:12.000Z,384c394d-72ba-4566-bc7e-326754d6c561,-113.9957333,50.9508448
9444,WB Sunridge WY @ W. of 29 ST NE,ACTIVE,2026-09-29T19:46:12.000Z,2026-09-29T19:46:12.000Z,81185eaf-44ae-4a9d-b188-6d1bd1be2c98,-113.9957692,51.0693646
8320,EB Douglasdale BV @ Douglas Woods RI SE,ACTIVE,2026-09-29T19:46:12.000Z,2026-09-29T19:46:12.000Z,a9aad7b4-7e32-4b35-a6b8-51027436d65f,-113.9957974,50.9419053
5886,WB 14 AV SE @ 27 ST SE,ACTIVE,2026-09-29T19:46:12.000Z,2026-09-29T19:46:12.000Z,b0076fb9-5a6f-4219-b02e-a86702a22841,-113.9961364,51.040554
7492,EB Centre AV @ Monument PL E,ACTIVE,2026-09-29T19:46:12.000Z,2026-09-29T19:46:12.000Z,98b2d609-0429-47b0-9241-ff658ff4ec51,-113.9962154,51.0523395
6949,WB Douglasdale BV @ Douglas Woods RI SE,ACTIVE,2026-09-29T19:46:12.000Z,2026-09-29T19:46:12.000Z,cb702355-d33a-4a4b-96e3-ed647504def3,-113.9967652,50.942353
9379,EB 114 AV SE/ 29 ST SE,ACTIVE,2026-09-29T19:46:12.000Z,2026-09-29T19:46:12.000Z,e9340e28-2a1e-42b5-867e-a1eba28bdb10,-113.9967977,50.951608
4285,WB Dover Ridge Dr @ 26A St SE,ACTIVE,2026-09-29T19:46:12.000Z,2026-09-29T19:46:12.000Z,e0f365fe-07fe-40cd-9356-544e0a1b453e,-113.9969162,51.0187971
7676,WB Douglas Woods DR @ Douglas Woods TC SE,ACTIVE,2026-09-29T19:46:12.000Z,2026-09-29T19:46:12.000Z,422202ed-4367-4ab6-8a9a-50689130a488,-113.9970502,50.9461023
3870,Douglas Glen Terminal,ACTIVE,2026-09-29T19:46:12.000Z,2026-09-29T19:46:12.000Z,25635551-e179-4bea-8686-b00db7eef5d2,-113.9971002,50.9521942
2430,NB Douglas Glen Term north bay,ACTIVE,2026-09-29T19:46:12.000Z,2026-09-29T19:46:12.000Z,7e3bf780-45f8-4ffb-a923-e3980e7212d9,-113.9971011,50.9534391
7346,EB 37 AV NE @ 26 ST NE,ACTIVE,2026-09-29T19:46:12.000Z,2026-09-29T19:46:12.000Z,835b088a-05e9-4ef1-b296-2c96d290112e,-113.9971364,51.0866071
3902,WB 114 AV SE (WBay) @ 29 ST SE,ACTIVE,2026-09-29T19:46:12.000Z,2026-09-29T19:46:12.000Z,564ff21e-39d9-4371-9a50-a190ed935b0e,-113.9972254,50.9522406
7566,EB Sunridge BV @ 26 ST NE,ACTIVE,2026-09-29T19:46:12.000Z,2026-09-29T19:46:12.000Z,ea7d0b86-4aeb-4276-a644-37c1982372e3,-113.9973328,51.0767447
7050,SB Mountain Park DR @ Mount Norquay GA SE,ACTIVE,2026-09-29T19:46:12.000Z,2026-09-29T19:46:12.000Z,7fdec787-d652-4dce-96b8-63c34a66d3e5,-113.9973857,50.9062174
2437,SB Douglas Glen Term north bay,ACTIVE,2026-09-29T19:46:12.000Z,2026-09-29T19:46:12.000Z,8b6dea66-9946-4c18-9d6c-4600036e9792,-113.9974722,50.9534487
2431,SB Douglas Glen Term north bay,ACTIVE,2026-09-29T19:46:12.000Z,2026-09-29T19:46:12.000Z,b1096424-a157-44b3-9dee-a1f513eb6177,-113.9974971,50.9535033
4981,SB 27 ST SE @ 107 AV SE,ACTIVE,2026-09-29T19:46:12.000Z,2026-09-29T19:46:12.000Z,6630ec58-92a7-4c70-88c2-3034f6253f49,-113.9975746,50.9563864
7391,EB 32 AV NE @ 26 ST NE,ACTIVE,2026-09-29T19:46:12.000Z,2026-09-29T19:46:12.000Z,7acb94b8-a2e9-49ef-a054-0e3cbfada82b,-113.997645,51.0814031
2432,NB Douglas Glen Term south bay,ACTIVE,2026-09-29T19:46:12.000Z,2026-09-29T19:46:12.000Z,8ec7c042-fdfd-4d2c-9736-a6b1355276cd,-113.997687,50.9530755
2436,NB Douglas Glen Term south bay,ACTIVE,2026-09-29T19:46:12.000Z,2026-09-29T19:46:12.000Z,ceeb3beb-3e2d-4672-ae1d-a81c05cdd24f,-113.9977001,50.9530722
7509,WB Centre AV @ Monument PL E,ACTIVE,2026-09-29T19:46:12.000Z,2026-09-29T19:46:12.000Z,13c67d2c-2a9a-417c-81a2-4f5e0609a20d,-113.9977643,51.0524423
4137,EB 34 AV SE @ 26 ST SE,ACTIVE,2026-09-29T19:46:12.000Z,2026-09-29T19:46:12.000Z,b4f14f47-9aa5-405a-acef-9eacac1916b9,-113.997973,51.0230987
2433,SB Douglas Glen Term south bay,ACTIVE,2026-09-29T19:46:12.000Z,2026-09-29T19:46:12.000Z,c1ddeee3-3b13-46b3-add4-1f3fc4ef480d,-113.9981407,50.9531294
8676,WB 107 AV SE @ 27 ST SE,ACTIVE,2026-09-29T19:46:12.000Z,2026-09-29T19:46:12.000Z,b9a0b44c-48ac-4053-8640-eaaff35131ff,-113.9981791,50.9568625
7031,EB Douglas Woods DR @ Douglas Woods PL SE,ACTIVE,2026-09-29T19:46:12.000Z,2026-09-29T19:46:12.000Z,5fa73f67-bb04-4cdc-8132-734d35c1d339,-113.9982026,50.9463388
6380,EB Dover Ridge DR @ 26 ST SE,ACTIVE,2026-09-29T19:46:12.000Z,2026-09-29T19:46:12.000Z,6aa3f3b7-b0c4-4f76-a109-058c34ed390d,-113.9982217,51.0186778
9445,NB Sunridge WY @ 23 AV NE,ACTIVE,2026-09-29T19:46:12.000Z,2026-09-29T19:46:12.000Z,46e08328-8b86-4486-99ae-7e2f4b414f34,-113.9983055,51.0723082
7351,WB 37 AV NE @ 26 ST NE,ACTIVE,2026-09-29T19:46:12.000Z,2026-09-29T19:46:12.000Z,238d7ddb-2ab2-4c36-a867-1f4336f20bc1,-113.998456,51.08674
9447,SB Sunridge WY @ 23 AV NE,ACTIVE,2026-09-29T19:46:12.000Z,2026-09-29T19:46:12.000Z,29830cf4-f9a8-4325-880c-53f08ac764a8,-113.9986219,51.0713898
5853,NB Ogden RD @ Glenmore TR SE,ACTIVE,2026-09-29T19:46:12.000Z,2026-09-29T19:46:12.000Z,50138411-1e48-498a-b599-7d401bcbf753,-113.9986551,50.9815483
2181,NB Ogden RD @ 78 AV SE,ACTIVE,2026-09-29T19:46:12.000Z,2026-09-29T19:46:12.000Z,eb0b967c-0e0c-498a-b617-236fc17294bd,-113.9986794,50.9829827
9937,NB Ogden RD @ 78 AV SE,ACTIVE,2026-09-29T19:46:12.000Z,2026-09-29T19:46:12.000Z,a3744c4e-8761-4c81-93a0-eb6f9a959ae9,-113.9987012,50.982888
2434,NB 24 ST SE @ 86 AV SE,ACTIVE,2026-09-29T19:46:12.000Z,2026-09-29T19:46:12.000Z,029639ec-7d1a-4d68-a203-7bbf7aafd032,-113.9987333,50.9774225
2019,NB 24 ST SE @ 86 AV SE,ACTIVE,2026-09-29T19:46:12.000Z,2026-09-29T19:46:12.000Z,2be545b5-6ee6-4881-afd6-40827d5c85a2,-113.9987741,50.9773857
4138,NB 26 ST SE @ Doverglen CR,ACTIVE,2026-09-29T19:46:12.000Z,2026-09-29T19:46:12.000Z,f6892833-6303-42e6-be5d-aac5bb3c8f94,-113.9989042,51.0213578
5847,SB Ogden RD @ 76 AV SE,ACTIVE,2026-09-29T19:46:12.000Z,2026-09-29T19:46:12.000Z,801932f3-80d1-4cd2-9117-59b2dc6ff9c9,-113.9989059,50.984685
9939,SB Ogden RD @ 78 AV SE,ACTIVE,2026-09-29T19:46:12.000Z,2026-09-29T19:46:12.000Z,419837ce-fba5-4af4-8531-a89c256b013b,-113.9989181,50.9829493
6644,NB 26 ST SE @ Dover Ridge DR,ACTIVE,2026-09-29T19:46:12.000Z,2026-09-29T19:46:12.000Z,77bb3759-d2a1-478f-b62b-37a52aa6eff7,-113.9989194,51.0191365
7693,NB 26 ST SE @ Peigan TR,ACTIVE,2026-09-29T19:46:12.000Z,2026-09-29T19:46:12.000Z,af68cfb1-c6f8-471d-b9d2-7b7d0f94d309,-113.998947,51.0165016
5722,WB 32 AV NE @ 26 ST NE,ACTIVE,2026-09-29T19:46:12.000Z,2026-09-29T19:46:12.000Z,ced1527b-004d-473f-a3c9-5fd2d7018360,-113.9989717,51.0816441
7576,WB Sunridge BV @ 26 ST NE,ACTIVE,2026-09-29T19:46:12.000Z,2026-09-29T19:46:12.000Z,c303cf41-ae23-4299-88a4-bc3bac4e1351,-113.9989736,51.0769848
5848,SB Ogden RD @ 78 AV SE,ACTIVE,2026-09-29T19:46:12.000Z,2026-09-29T19:46:12.000Z,cec9983c-5e19-4a79-a878-40aaf356fd6c,-113.9989962,50.9828434
8503,NB 25 ST SE @ 45 AV SE,ACTIVE,2026-09-29T19:46:12.000Z,2026-09-29T19:46:12.000Z,340f9211-8810-4b3e-a315-59ac5945b2fb,-113.9990141,51.0136969
7586,SB Ogden RD @ 80 AV SE,ACTIVE,2026-09-29T19:46:12.000Z,2026-09-29T19:46:12.000Z,df7587b3-143a-4a6e-9792-3f340cdfd324,-113.9990193,50.9805871
8502,NB 25 ST SE @ 48 AV SE,ACTIVE,2026-09-29T19:46:12.000Z,2026-09-29T19:46:12.000Z,b03819fb-fae8-4a91-95d8-ea32d4fff0af,-113.9992059,51.0109493
8505,SB 25 ST SE @ 48 AV SE,ACTIVE,2026-09-29T19:46:12.000Z,2026-09-29T19:46:12.000Z,1e4e7233-ce3a-4c95-b704-08ccfddf592a,-113.9992563,51.0101681
2505,WB 50 AV SE @ 25 ST SE,ACTIVE,2026-09-29T19:46:12.000Z,2026-09-29T19:46:12.000Z,e44ce75e-344f-4f38-9ede-00405a8cd9b8,-113.9992649,51.0089315
6362,SB 26 ST SE @ Doverglen CR,ACTIVE,2026-09-29T19:46:12.000Z,2026-09-29T19:46:12.000Z,236a6c99-0214-4608-a904-8d04301bb31d,-113.9993127,51.018346
8504,SB 25 ST SE @ 46 AV SE,ACTIVE,2026-09-29T19:46:12.000Z,2026-09-29T19:46:12.000Z,18e236c7-398d-4f90-9258-fdc99e657e8b,-113.9993728,51.0127796
6272,NB Deer Run DR @ Deercroft WY SE,ACTIVE,2026-09-29T19:46:12.000Z,2026-09-29T19:46:12.000Z,e80a8b34-d854-4b7b-b478-6f847b36037a,-113.9993805,50.9203192
5855,WB 76 AV SE @ Ogden RD,ACTIVE,2026-09-29T19:46:12.000Z,2026-09-29T19:46:12.000Z,d3d1c189-ddef-435c-b73e-11546b6b8a65,-113.9994619,50.9851221
9582,EB Douglasdale BV @ Douglas Park BV SE,ACTIVE,2026-09-29T19:46:12.000Z,2026-09-29T19:46:12.000Z,9aa7864a-7e3f-4ce4-955c-d4fb8ac6ba72,-113.9995316,50.9420643
4474,EB 14 AV SE @ 25 ST SE,ACTIVE,2026-09-29T19:46:12.000Z,2026-09-29T19:46:12.000Z,ededecff-d60c-45fd-a8cf-d9e04b200f10,-113.9996681,51.0404379
4478,EB 11 AV SE @ 25 ST SE,ACTIVE,2026-09-29T19:46:12.000Z,2026-09-29T19:46:12.000Z,b09fc372-3d97-4962-ae34-d45ae676cfb0,-113.9996851,51.0428221
2292,EB Country Hills BV @ Barlow TR NE,ACTIVE,2026-09-29T19:46:12.000Z,2026-09-29T19:46:12.000Z,74a04472-fd28-467f-94a1-4606f8045fb1,-113.999946,51.1541323
4479,NB 25 ST SE @ 14 AV SE,ACTIVE,2026-09-29T19:46:12.000Z,2026-09-29T19:46:12.000Z,3e46be27-e3da-4122-85bb-19fcaaf15ddf,-114.0002009,51.0408024
3974,NB Barlow TR @ Airport RD NE,ACTIVE,2026-09-29T19:46:12.000Z,2026-09-29T19:46:12.000Z,38483853-cd9a-4a83-ba23-9fe45aa50959,-114.0002917,51.1353598
9915,NB Barlow TR @ Airport RD NE,ACTIVE,2026-09-29T19:46:12.000Z,2026-09-29T19:46:12.000Z,881cf765-a666-43bd-bdbc-04ccff6d01d2,-114.0002917,51.1353598
5889,SB 25 ST SE @ 11 AV SE,ACTIVE,2026-09-29T19:46:12.000Z,2026-09-29T19:46:12.000Z,323d3ac2-ce60-45cb-8b73-9a52ce4bfb26,-114.000347,51.0425152
9500,EB 107 AV SE @ 24 ST SE,ACTIVE,2026-09-29T19:46:12.000Z,2026-09-29T19:46:12.000Z,2dd55018-d4a3-4586-a964-0e207f4c977b,-114.0004541,50.9565666
8671,NB 24 ST SE @ 114 AV SE (Far Side),ACTIVE,2026-09-29T19:46:12.000Z,2026-09-29T19:46:12.000Z,5cd9a6fa-586a-43d5-ae8f-423dde8bbc91,-114.0004702,50.9540844
7635,NB 24 ST SE @ 114 AV SE ( Far Side),ACTIVE,2026-09-29T19:46:12.000Z,2026-09-29T19:46:12.000Z,0dcac5f6-4731-47f0-8a81-75e97c04e561,-114.0004776,50.9541241
8324,EB Deer Run DR @ Deer Side DR SE,ACTIVE,2026-09-29T19:46:12.000Z,2026-09-29T19:46:12.000Z,fa8439e3-a6a5-4f8a-9c5d-cce430ce6216,-114.0005131,50.9181985
8506,SB Barlow TR @ 50 AV SE,ACTIVE,2026-09-29T19:46:12.000Z,2026-09-29T19:46:12.000Z,c0d7aef5-5240-406a-9edf-627d807be132,-114.0006015,51.0070004
9446,EB Sunridge WY @ Barlow TR NE,ACTIVE,2026-09-29T19:46:12.000Z,2026-09-29T19:46:12.000Z,be63c575-4730-464e-85a3-61e0fe5b7a47,-114.0006402,51.0732946
7677,SB Douglas Woods DR @ Douglas Woods PL SE,ACTIVE,2026-09-29T19:46:12.000Z,2026-09-29T19:46:12.000Z,e29b6c96-48e4-4c98-859e-79a109223956,-114.0007282,50.946035
8501,EB 50 AV SE @ Barlow TR SE,ACTIVE,2026-09-29T19:46:12.000Z,2026-09-29T19:46:12.000Z,ec367225-978b-4b26-88a5-961b6a85dcf8,-114.0007313,51.0085239
6512,WB Douglasdale BV @ Douglas Woods WY SE,ACTIVE,2026-09-29T19:46:12.000Z,2026-09-29T19:46:12.000Z,4f1e70ed-b83c-4cb8-a0f2-cf72cb59a838,-114.0008037,50.9424299
7633,SB 24 ST SE @ 85 AV SE,ACTIVE,2026-09-29T19:46:12.000Z,2026-09-29T19:46:12.000Z,43e9e4fb-aa6c-4f88-92e8-f9608712b5fc,-114.0008862,50.9753667
4526,EB 76 AV SE @ 24 ST SE,ACTIVE,2026-09-29T19:46:12.000Z,2026-09-29T19:46:12.000Z,9529f672-a979-4561-b340-91ba5306eb72,-114.0010533,50.9849741
3393,NB 24 ST @ 107 AV SE,ACTIVE,2026-09-29T19:46:12.000Z,2026-09-29T19:46:12.000Z,9c13ba29-9314-4f3e-a772-421460d791f7,-114.0010791,50.9568795
3565,NB 24 ST SE @ 114 AV SE,ACTIVE,2026-09-29T19:46:12.000Z,2026-09-29T19:46:12.000Z,3f3226ff-cd57-4e3b-9a17-fe6336bf321c,-114.0013049,50.9527116
8355,SB 24 ST @ Douglas Glen GA SE,ACTIVE,2026-09-29T19:46:12.000Z,2026-09-29T19:46:12.000Z,ae7912a5-d03e-4ef7-bd65-f1e43179b300,-114.0013183,50.9532102
9138,SB 24 ST @ Douglas Glen GA SE,ACTIVE,2026-09-29T19:46:12.000Z,2026-09-29T19:46:12.000Z,0433fc1b-1dba-4518-8a82-cfd127c71eae,-114.0013505,50.9531976
9674,NB Barlow TR @ 100 AV NE,ACTIVE,2026-09-29T19:46:12.000Z,2026-09-29T19:46:12.000Z,5a5aa786-8b49-4100-be17-a1b95219b90c,-114.0014071,51.1441764
3552,NB 24 ST SE @ Quarry Park BV,ACTIVE,2026-09-29T19:46:12.000Z,2026-09-29T19:46:12.000Z,1fa7c8b4-a1be-471d-a625-dbd2755c17fd,-114.0014076,50.9640067
9675,NB Barlow TR @ Freeport BV NE,ACTIVE,2026-09-29T19:46:12.000Z,2026-09-29T19:46:12.000Z,785269df-6158-4818-982d-019ca5d38d3f,-114.0014487,51.1514724
5776,NB Ogden RD @ 69th AVE SE,ACTIVE,2026-09-29T19:46:12.000Z,2026-09-29T19:46:12.000Z,a1e72943-9321-4687-aefc-f2f31379af9c,-114.0014927,50.9908007
9963,NB 24 ST SE @ Quarry Park BV,ACTIVE,2026-09-29T19:46:12.000Z,2026-09-29T19:46:12.000Z,ab023627-bcf0-473b-94dc-d0532457d418,-114.0015025,50.9637932
2438,NB 24 ST SE @ Quarry Park BV,ACTIVE,2026-09-29T19:46:12.000Z,2026-09-29T19:46:12.000Z,e7d0c747-7943-46c5-884c-a97f695fe103,-114.001555,50.9638854
3874,NB Ogden RD @ 69 AV SE,ACTIVE,2026-09-29T19:46:12.000Z,2026-09-29T19:46:12.000Z,db883b28-988e-4b8b-9fe8-99670168ebe3,-114.0015568,50.9907574
5775,NB Ogden RD @ 69th AVE SE,ACTIVE,2026-09-29T19:46:12.000Z,2026-09-29T19:46:12.000Z,eb6f2a84-0fab-4230-8b95-7cc47264af89,-114.0015601,50.9908609
4937,WB Douglas Glen GA @ 24 ST SE,ACTIVE,2026-09-29T19:46:12.000Z,2026-09-29T19:46:12.000Z,9afccf5f-07cb-4f60-9e16-02f518e38019,-114.0016669,50.9540108
9137,NB 24 ST SE @ S. of 114 AV SE,ACTIVE,2026-09-29T19:46:12.000Z,2026-09-29T19:46:12.000Z,10d5d55f-3d60-4d2a-a758-55f3ef9c6e6f,-114.0018139,50.9521705
3909,SB Ogden RD @ 69 AV SE,ACTIVE,2026-09-29T19:46:12.000Z,2026-09-29T19:46:12.000Z,e38af282-32ab-4920-a11e-fb40664ec118,-114.0018343,50.9906539
3891,SB Ogden RD @ 69 AV SE,ACTIVE,2026-09-29T19:46:12.000Z,2026-09-29T19:46:12.000Z,56c36eea-be39-40b8-b3d4-0c7cfdb1300c,-114.0018359,50.9906296
8321,NB 24 ST SE @ S. of 114 AV SE,ACTIVE,2026-09-29T19:46:12.000Z,2026-09-29T19:46:12.000Z,f8839b45-eba2-422a-8df9-7e345fc3330b,-114.0018466,50.9521939
3553,SB 24 ST SE @ Quarry PK BV,ACTIVE,2026-09-29T19:46:12.000Z,2026-09-29T19:46:12.000Z,75b7188a-f90b-4bf3-be1e-314b4fc57108,-114.0018567,50.9626518
9922,SB 24 ST SE @ Quarry Park BV,ACTIVE,2026-09-29T19:46:12.000Z,2026-09-29T19:46:12.000Z,e1c98dc3-6482-45e7-b3e5-9c2f5fc6604a,-114.0018585,50.9631097
5471,SB Ogden RD @ 69th AVE SE,ACTIVE,2026-09-29T19:46:12.000Z,2026-09-29T19:46:12.000Z,f2546ab5-573a-4dce-913c-555e50eb8a99,-114.001865,50.9907743
2664,NB Legacy Glen WY @ Legacy Glen GR SE,ACTIVE,2026-09-29T19:46:12.000Z,2026-09-29T19:46:12.000Z,7c5406ac-6dd2-4367-a2fa-cd810b4d00ea,-114.0019404,50.8555774
4668,SB Barlow TR @ Country Hills BV NE,ACTIVE,2026-09-29T19:46:12.000Z,2026-09-29T19:46:12.000Z,480e01d9-26eb-4dcc-8bc2-27de128b1347,-114.001957,51.1533384
4676,SB Barlow TR @ Freeport BV NE,ACTIVE,2026-09-29T19:46:12.000Z,2026-09-29T19:46:12.000Z,a2fbf07f-0fbc-48f1-87c4-0d5ed136faa4,-114.001988,51.149993
4677,SB Barlow TR @ 100 AV NE,ACTIVE,2026-09-29T19:46:12.000Z,2026-09-29T19:46:12.000Z,6a567ed4-2bae-49bf-bca6-9a03df6a04e1,-114.0021185,51.1424677
4522,WB 76 AV SE @ 24 ST SE,ACTIVE,2026-09-29T19:46:12.000Z,2026-09-29T19:46:12.000Z,e2b05867-0574-4835-bd7b-329c49b8b105,-114.0023274,50.9851058
8460,WB 18 ST SE @ 24 ST SE,ACTIVE,2026-09-29T19:46:12.000Z,2026-09-29T19:46:12.000Z,0175dfce-a0e3-4dc1-b43e-e8a6bf1f0d71,-114.0023571,50.9564077
6641,NB Douglas Woods DR @ Douglasdale BV SE,ACTIVE,2026-09-29T19:46:12.000Z,2026-09-29T19:46:12.000Z,09dc3e77-f726-4be1-ab0c-23c0b1c97224,-114.0023771,50.9434238
2663,NB Legacy Glen WY @ Legacy Glen PL SE,ACTIVE,2026-09-29T19:46:12.000Z,2026-09-29T19:46:12.000Z,7c99fad1-347d-4f21-a696-2d745512f7be,-114.0024076,50.8538102
6971,EB Douglasdale BV @ Douglasbank GD SE,ACTIVE,2026-09-29T19:46:12.000Z,2026-09-29T19:46:12.000Z,1bda7b9d-104a-40ff-b9c3-851ceeeb874b,-114.0024108,50.942678
3923,EB 18 ST SE @ 24 ST SE,ACTIVE,2026-09-29T19:46:12.000Z,2026-09-29T19:46:12.000Z,d588d101-3e5c-4709-b13d-df28cd750315,-114.002576,50.9561929
5564,WB 37 AV NE @ Barlow TR,ACTIVE,2026-09-29T19:46:12.000Z,2026-09-29T19:46:12.000Z,537e531e-9ed3-41d6-aea1-4c1f8e13e46b,-114.0026657,51.0867941
2190,WB Freeport BV @ Barlow TR NE,ACTIVE,2026-09-29T19:46:12.000Z,2026-09-29T19:46:12.000Z,42ce889d-75f3-49b6-9ece-8be5bbd90a84,-114.0029069,51.150953
7543,WB 78 AV NE @ McCall WY,ACTIVE,2026-09-29T19:46:12.000Z,2026-09-29T19:46:12.000Z,dc9ea2bf-190c-4978-9b44-8467b84ee235,-114.002911,51.1227352
8296,NB Deer Run DR @ Deerbrook RD SE,ACTIVE,2026-09-29T19:46:12.000Z,2026-09-29T19:46:12.000Z,7513ee40-f6a1-4efd-954b-2100806ebb40,-114.0029728,50.9219947
2293,WB Country Hills BV @ Barlow TR NE,ACTIVE,2026-09-29T19:46:12.000Z,2026-09-29T19:46:12.000Z,8b332011-cc81-40a0-ba60-27146aa2fd85,-114.0029899,51.1545261
2742,"NB Wolf Willow BV SE @ 194 AV SE, nearside",ACTIVE,2026-09-29T19:46:12.000Z,2026-09-29T19:46:12.000Z,452c2747-3126-428c-81c3-f11be19efd7b,-114.0032356,50.8772541
9423,EB 23 AV NE @ 23 ST NE,ACTIVE,2026-09-29T19:46:12.000Z,2026-09-29T19:46:12.000Z,f150eedd-bd2b-4263-96b2-465c51801486,-114.0032813,51.0732995
7491,EB Centre AV @  E. of 23 ST E,ACTIVE,2026-09-29T19:46:12.000Z,2026-09-29T19:46:12.000Z,abf70a7b-766d-40e6-8a1b-aa42fdee6c56,-114.0033764,51.0523886
8461,EB Douglas Glen GA @ Douglas Glen BV SE,ACTIVE,2026-09-29T19:46:12.000Z,2026-09-29T19:46:12.000Z,fddbc82d-1c26-42bc-a302-0e501716afca,-114.0034285,50.9542989
4900,NB Douglasdale BV @ Douglas Woods Dr SE,ACTIVE,2026-09-29T19:46:12.000Z,2026-09-29T19:46:12.000Z,0aa268f6-406d-4d06-b201-4d87ce222581,-114.003484,50.9434792
7034,NB Douglasdale BV@ Douglas Woods DR SE,ACTIVE,2026-09-29T19:46:12.000Z,2026-09-29T19:46:12.000Z,dfcaeffd-5ff0-417c-b422-7ed63d0a47f8,-114.003484,50.9434792
2741,"NB Wolf Willow BV SE @ Wolf Hollow CR SE, farside",ACTIVE,2026-09-29T19:46:12.000Z,2026-09-29T19:46:12.000Z,f804c1c7-81dd-41cb-809d-64d5ce67c473,-114.003562,50.8755363
2665,WB Legacy CI @ @ Legacy Reach CM SE,ACTIVE,2026-09-29T19:46:12.000Z,2026-09-29T19:46:12.000Z,4d82626b-e603-403b-963b-8e2f7570547f,-114.0038911,50.860171
5846,EB 76 AV SE @ 22A ST SE,ACTIVE,2026-09-29T19:46:12.000Z,2026-09-29T19:46:12.000Z,ba733a16-07f2-430e-a342-c88b343fe591,-114.0039176,50.9849757
2740,"SB Wolf Willow BV SE @ Wolf Creek AV SE, farside",ACTIVE,2026-09-29T19:46:12.000Z,2026-09-29T19:46:12.000Z,ecc116f8-b6b0-42f4-bcc6-0d80f9da5517,-114.0039623,50.8746596
2713,SB Wolf Willow  Blvd SE @ 194 AV SE,ACTIVE,2026-09-29T19:46:12.000Z,2026-09-29T19:46:12.000Z,dedec3fa-da5e-4e47-a012-4b84744f0bc4,-114.0040045,50.8771254
7517,EB 27 AV NE @ 23 ST NE,ACTIVE,2026-09-29T19:46:12.000Z,2026-09-29T19:46:12.000Z,2fb49978-ffea-474e-b578-8d993233db3a,-114.0040129,51.0767813
9481,NB McCall WY @ McCall LD NE,ACTIVE,2026-09-29T19:46:12.000Z,2026-09-29T19:46:12.000Z,854df418-b7e7-4939-9e17-aace076c0312,-114.0041324,51.0986331
9454,SB Douglas Glen BV @ Douglas Glen GA SE,ACTIVE,2026-09-29T19:46:12.000Z,2026-09-29T19:46:12.000Z,0959b954-1293-4411-be65-cefa67b682f5,-114.0041339,50.9541821
7390,EB 32 AV NE @ 23 ST NE,ACTIVE,2026-09-29T19:46:12.000Z,2026-09-29T19:46:12.000Z,ae05e46d-99a5-408a-822b-2e10a895d72c,-114.0043857,51.0813963
6299,EB 37 AV NE @ 23 ST NE,ACTIVE,2026-09-29T19:46:12.000Z,2026-09-29T19:46:12.000Z,25e4dba4-d65e-4bfd-b851-5a2a3ed3b6ce,-114.0044232,51.0865604
2397,EB 50 AV SE @ 23 ST SE Near-side,ACTIVE,2026-09-29T19:46:12.000Z,2026-09-29T19:46:12.000Z,373ee20d-48c2-4f98-bda8-0c4b06454676,-114.0044767,51.0086578
6502,NB Douglasdale BV @ Douglasbank DR SE,ACTIVE,2026-09-29T19:46:12.000Z,2026-09-29T19:46:12.000Z,83b20582-a80f-44d7-8ef1-002389e25130,-114.0047313,50.9448965
7945,NB Douglas Glen BV @ Douglas Glen ME SE,ACTIVE,2026-09-29T19:46:12.000Z,2026-09-29T19:46:12.000Z,90f8345a-a75a-415d-86be-fa634cd19a27,-114.0047325,50.9521825
7498,NB McKinnon DR @ Millward RD NE,ACTIVE,2026-09-29T19:46:12.000Z,2026-09-29T19:46:12.000Z,b46085b9-5879-4e50-9224-2efd1d86280d,-114.0047455,51.0621293
6510,SB Douglasdale BV @ Douglasbank DR SE,ACTIVE,2026-09-29T19:46:12.000Z,2026-09-29T19:46:12.000Z,38732d6f-6df8-433a-99d0-e9c540f0b019,-114.0047888,50.9442233
7508,WB Centre AV @ 23 ST E,ACTIVE,2026-09-29T19:46:12.000Z,2026-09-29T19:46:12.000Z,f058493d-0c28-4200-b8b1-4f5560a62205,-114.0048376,51.052525
9420,WB 24 AV NE @ 23 ST NE,ACTIVE,2026-09-29T19:46:12.000Z,2026-09-29T19:46:12.000Z,41b526cd-a461-4a6f-9d02-e6b06030d5a3,-114.0048425,51.074329
4899,NB Douglasdale BV @ Douglasbank DR SE,ACTIVE,2026-09-29T19:46:12.000Z,2026-09-29T19:46:12.000Z,97458d18-8375-43d9-a360-b4e9ed985670,-114.0048732,50.945125
2506,WB 50 AV SE @ 23 ST SE far-side,ACTIVE,2026-09-29T19:46:12.000Z,2026-09-29T19:46:12.000Z,34a1586d-0b6d-4526-8467-074e6a4fcf8d,-114.0048748,51.00883
2158,NB 23 ST NE @ 32 AV NE,ACTIVE,2026-09-29T19:46:12.000Z,2026-09-29T19:46:12.000Z,88b17bc9-e8c4-4276-8f40-b1604378cd3c,-114.0049405,51.0822255
8323,EB Deer Run DR @ Deer Side RD SE,ACTIVE,2026-09-29T19:46:12.000Z,2026-09-29T19:46:12.000Z,e25b077d-b5f5-4821-9903-a3c5e2f22957,-114.0049993,50.9174772
6314,NB Riverglen DR @ Riverstone CR SE,ACTIVE,2026-09-29T19:46:12.000Z,2026-09-29T19:46:12.000Z,ba4c5c6e-4cf8-480e-9692-36e795368d2f,-114.0050023,50.974992
2157,NB 23 ST NE @ 35 AV NE,ACTIVE,2026-09-29T19:46:12.000Z,2026-09-29T19:46:12.000Z,ceac4bc0-1e35-403a-87ae-79ec53edaa27,-114.0050042,51.0840018
6292,NB 23 ST NE @ 37 AV NE,ACTIVE,2026-09-29T19:46:12.000Z,2026-09-29T19:46:12.000Z,0bc3345f-81cd-427b-b351-65c4557ed850,-114.005014,51.0871422
4525,WB 76 AV SE @ 22A ST SE,ACTIVE,2026-09-29T19:46:12.000Z,2026-09-29T19:46:12.000Z,3ef5313d-2aee-452b-85a5-eb0d2385baa7,-114.0051342,50.9851149
2155,SB 23 ST NE @ 37 AV NE,ACTIVE,2026-09-29T19:46:12.000Z,2026-09-29T19:46:12.000Z,f26baa03-d0b2-4b25-ab7e-b4404db5c4b4,-114.0051942,51.0864533
7345,SB 23 ST NE @ 39 AV NE,ACTIVE,2026-09-29T19:46:12.000Z,2026-09-29T19:46:12.000Z,27dd5777-f46f-4093-ac65-936ac2f75c02,-114.0051951,51.0878754
2156,SB 23 ST NE @ 35 AV NE,ACTIVE,2026-09-29T19:46:12.000Z,2026-09-29T19:46:12.000Z,ddebb137-e6b4-4af2-b1a5-9e6bd9b1bc90,-114.0052452,51.0837192
9482,SB McCall WY @ McCall LD NE,ACTIVE,2026-09-29T19:46:12.000Z,2026-09-29T19:46:12.000Z,4df1e22d-d3d6-43f0-aec6-5e640a88cf6f,-114.0052891,51.0981321
9676,EB Country Hills BV @ Freeport DR NE,ACTIVE,2026-09-29T19:46:12.000Z,2026-09-29T19:46:12.000Z,12bc0ac6-bc3e-4645-9d20-6968b3588e47,-114.00543,51.154039
6047,WB 8 AV NE @ McKinnon DR,ACTIVE,2026-09-29T19:46:12.000Z,2026-09-29T19:46:12.000Z,03e69311-bd53-49bc-8d69-a0510c3bfb5b,-114.0055004,51.0603856
9455,SB Douglas Glen BV @ Douglas Glen ME SE,ACTIVE,2026-09-29T19:46:12.000Z,2026-09-29T19:46:12.000Z,ba24d622-d605-4555-83e4-aab0928482e7,-114.0055328,50.9514745
7501,SB McKinnon DR @ McHugh RD NE,ACTIVE,2026-09-29T19:46:12.000Z,2026-09-29T19:46:12.000Z,e0e48e86-7166-4c3e-b2e0-4f58264ffc8c,-114.005577,51.0638417
8297,NB Deer Run BV @ Deer Lane CL SE,ACTIVE,2026-09-29T19:46:12.000Z,2026-09-29T19:46:12.000Z,e032fb42-39db-4faf-adf2-d34278e7efbd,-114.0057042,50.9248893
6021,Barlow LRT Station (EB Century RI @ 19 ST NE),ACTIVE,2026-09-29T19:46:12.000Z,2026-09-29T19:46:12.000Z,ca8b802c-92d2-4948-bf90-bbd3b862a3b9,-114.0057312,51.0461975
6570,WB Douglasbank DR @ Douglasdale BV SE,ACTIVE,2026-09-29T19:46:12.000Z,2026-09-29T19:46:12.000Z,dad1a8c1-4e08-472a-ab9a-1bde92fd0b03,-114.0058654,50.9445298
7397,WB 32 AV NE @ 23 ST NE,ACTIVE,2026-09-29T19:46:12.000Z,2026-09-29T19:46:12.000Z,e5084ae4-6bb4-4352-89ad-6f1aa343f6db,-114.0059299,51.0815888
8302,SB Deer Run  BV @ Deercross RD SE,ACTIVE,2026-09-29T19:46:12.000Z,2026-09-29T19:46:12.000Z,09e18f1d-747f-4f7b-bd0e-ed3187283906,-114.0060087,50.925023
2662,EB Legacy CI @ Legacy Woods LI SE,ACTIVE,2026-09-29T19:46:12.000Z,2026-09-29T19:46:12.000Z,83fc3ef2-5837-4e5b-9f6d-e92fd61c8104,-114.0060286,50.8530765
7518,WB 27 AV NE @ 23 ST NE,ACTIVE,2026-09-29T19:46:12.000Z,2026-09-29T19:46:12.000Z,b7dcd7e9-96db-49ae-9a94-50f45128d4e4,-114.0060398,51.0770132
8001,SB 22 ST NE @ Aerial PL,ACTIVE,2026-09-29T19:46:12.000Z,2026-09-29T19:46:12.000Z,ff353015-f7f1-4225-a831-51886eebc967,-114.0061083,51.1208365
7497,EB 8 AV NE @ Mayland DR,ACTIVE,2026-09-29T19:46:12.000Z,2026-09-29T19:46:12.000Z,866ff393-81cf-4e27-9868-ee3d6e0f2f43,-114.0064804,51.0602399
2091,YYC Airport International Terminal,ACTIVE,2026-09-29T19:46:12.000Z,2026-09-29T19:46:12.000Z,1634c905-8017-4e9d-97ba-b056a34462a6,-114.006533,51.1308641
2420,YYC Airport International Terminal,ACTIVE,2026-09-29T19:46:12.000Z,2026-09-29T19:46:12.000Z,40799a1e-1114-4f85-b19a-ae846e9c089c,-114.0065389,51.1308615
4891,NB McCall WY @ Palmer RD NE,ACTIVE,2026-09-29T19:46:12.000Z,2026-09-29T19:46:12.000Z,f4fe6e19-eb2a-444d-9c60-c8db06d53acd,-114.0065751,51.0970227
8569,WB Barlow - Max Bell CTrain Station,ACTIVE,2026-09-29T19:46:12.000Z,2026-09-29T19:46:12.000Z,0d645bda-ac53-4128-9041-3b586a0afb5b,-114.0066035,51.0455704
7352,WB 39 AV NE @ 23 ST NE,ACTIVE,2026-09-29T19:46:12.000Z,2026-09-29T19:46:12.000Z,3af8a172-cf8a-4999-9487-3e9753bb3d2f,-114.0066513,51.0883265
6041,NB McKinnon DR @ McHugh RD NE,ACTIVE,2026-09-29T19:46:12.000Z,2026-09-29T19:46:12.000Z,98305ebc-733a-4141-9616-80f192d42d3e,-114.006662,51.064724
6812,EB Barlow - Max Bell CTrain Station,ACTIVE,2026-09-29T19:46:12.000Z,2026-09-29T19:46:12.000Z,d9311488-fac1-4785-9099-6d1a79c283a3,-114.0066791,51.0454158
4527,EB 76 AV SE @ 21A ST SE,ACTIVE,2026-09-29T19:46:12.000Z,2026-09-29T19:46:12.000Z,d3c99fd2-1219-44ea-847b-1ea839b96355,-114.006738,50.9849941
9453,Douglas Glen Boulevard Station (SB),ACTIVE,2026-09-29T19:46:12.000Z,2026-09-29T19:46:12.000Z,d3939d72-ceb4-4edb-bd8e-a0a94a952353,-114.007,50.9568714
7344,EB 39 AV NE @ 21 ST NE,ACTIVE,2026-09-29T19:46:12.000Z,2026-09-29T19:46:12.000Z,398ecac3-a7ed-4ed9-bb48-843011094174,-114.0072447,51.0882068
9421,WB 24 AV NE @ 22 ST NE,ACTIVE,2026-09-29T19:46:12.000Z,2026-09-29T19:46:12.000Z,98fdc69a-5791-43fd-9bd9-c4c7e5b2a640,-114.0072983,51.074329
2485,SB Quarry Park RD @ N. of Quarry Park RD SE,ACTIVE,2026-09-29T19:46:12.000Z,2026-09-29T19:46:12.000Z,e4668fe5-cf85-4905-8c89-cd96476f0123,-114.0073967,50.9616229
6022,EB Centre AV @ 19 ST E,ACTIVE,2026-09-29T19:46:12.000Z,2026-09-29T19:46:12.000Z,2120504c-37d7-4966-974c-139840a41245,-114.0075591,51.0523699
6297,SB McCall WY @ Palmer RD NE,ACTIVE,2026-09-29T19:46:12.000Z,2026-09-29T19:46:12.000Z,c81b9272-cd9f-4a35-9157-84153a17c67f,-114.0077092,51.096494
9935,Douglas Glen Boulevard Station (NB),ACTIVE,2026-09-29T19:46:12.000Z,2026-09-29T19:46:12.000Z,28a0bcbe-c826-49bb-a7fb-e8e409c074ce,-114.0077908,50.9575087
8322,EB Deer Run DR @ Deer Park DR SE,ACTIVE,2026-09-29T19:46:12.000Z,2026-09-29T19:46:12.000Z,b119503a-5c97-444a-9d59-393847295858,-114.0078004,50.9179539
7947,EB Douglas Glen BV @ Douglas Glen PL SE,ACTIVE,2026-09-29T19:46:12.000Z,2026-09-29T19:46:12.000Z,517f48dd-ac98-4482-a4ae-7a017498c9c9,-114.0078719,50.9507519
7035,NB Douglasbank DR @ N. of Douglasbank CR SE,ACTIVE,2026-09-29T19:46:12.000Z,2026-09-29T19:46:12.000Z,370ccd0b-a603-4c31-8c27-382c3953ab15,-114.0079286,50.9454372
2294,WB Country Hills BV @ Stonehill DR NE,ACTIVE,2026-09-29T19:46:12.000Z,2026-09-29T19:46:12.000Z,b0abd676-7339-4ad8-aa49-59a343115507,-114.007956,51.1545238
4524,WB 76 AV SE @ 21A ST SE,ACTIVE,2026-09-29T19:46:12.000Z,2026-09-29T19:46:12.000Z,30791c1e-9273-41d1-a1ab-b58bee53e398,-114.0079837,50.985125
7500,EB McKinnon DR @ McKinnon RD NE,ACTIVE,2026-09-29T19:46:12.000Z,2026-09-29T19:46:12.000Z,e339c041-2439-4053-9ef5-5290508af629,-114.0080187,51.0653794
8682,WB Douglas Glen BV @ 18 ST SE,ACTIVE,2026-09-29T19:46:12.000Z,2026-09-29T19:46:12.000Z,fc88e192-54a9-43e2-9f16-7638e63ba554,-114.0081619,50.956876
3362,EB 194 AV SE @ Wolf Creek Dr. SE,ACTIVE,2026-09-29T19:46:12.000Z,2026-09-29T19:46:12.000Z,7f5159d4-c371-4b0a-b8f4-f4a69b3b062f,-114.008245,50.8776022
7490,NB 19 ST SE @ 2 AV SE,ACTIVE,2026-09-29T19:46:12.000Z,2026-09-29T19:46:12.000Z,b8051419-c0e8-4009-bb57-8d2aae9a3323,-114.00827,51.0510838
7489,NB 19 ST SE @ Century PL,ACTIVE,2026-09-29T19:46:12.000Z,2026-09-29T19:46:12.000Z,72523129-0530-4049-a5c2-6eb70d0a817f,-114.0082886,51.0479181
6031,NB 19 ST E @ CENTRE AV,ACTIVE,2026-09-29T19:46:12.000Z,2026-09-29T19:46:12.000Z,b045017c-1fa1-418f-a74a-55053451d7ee,-114.0083024,51.0527937
7523,EB 27 AV NE @ 21 ST NE,ACTIVE,2026-09-29T19:46:12.000Z,2026-09-29T19:46:12.000Z,1a3b5645-4ee2-4d7a-9c35-f28181e700f4,-114.0083375,51.0768112
9422,EB 24 AV NE @ 21 ST NE,ACTIVE,2026-09-29T19:46:12.000Z,2026-09-29T19:46:12.000Z,7d8d1a4e-1141-45db-a9c8-92b202e4065f,-114.008363,51.0742033
6020,SB 19 ST E @ CENTRE AV E,ACTIVE,2026-09-29T19:46:12.000Z,2026-09-29T19:46:12.000Z,f5c01670-091d-4775-a789-4c922aa22a75,-114.0084354,51.0520595
7493,SB 19 ST SE @ 2 AV SE,ACTIVE,2026-09-29T19:46:12.000Z,2026-09-29T19:46:12.000Z,1dfb67c1-eee7-4324-8a81-2c0c32e97387,-114.0085042,51.0505726
2423,SB 19 ST SE @ Century RI,ACTIVE,2026-09-29T19:46:12.000Z,2026-09-29T19:46:12.000Z,b6e5e9c6-4d8a-4a23-a7a3-35c13221b37a,-114.0085066,51.0484993
7499,WB McKinnon DR @ McKinnon Terrace NE,ACTIVE,2026-09-29T19:46:12.000Z,2026-09-29T19:46:12.000Z,a2728f9c-7f53-4243-b706-ee0b3e414e45,-114.0085985,51.065907
6270,NB 146 AV SE @ Deer Lake RD Terminal,ACTIVE,2026-09-29T19:46:12.000Z,2026-09-29T19:46:12.000Z,9b600183-eead-4220-951a-d7f752903ba4,-114.0086012,50.922328
6865,EB Riverglen DR @ 21 ST SE,ACTIVE,2026-09-29T19:46:12.000Z,2026-09-29T19:46:12.000Z,4e9ba8e0-4e55-49b8-a030-ea9424586b5d,-114.0087537,50.973595
8062,WB Riverglen DR @ Rivercroft CL SE,ACTIVE,2026-09-29T19:46:12.000Z,2026-09-29T19:46:12.000Z,5466ca36-bffb-4d08-b6b9-a2b8aa8963a1,-114.0088078,50.9771855
9456,WB Douglas Glen BV @ Douglas Glen PL SE,ACTIVE,2026-09-29T19:46:12.000Z,2026-09-29T19:46:12.000Z,e4367db4-f7d0-4679-8383-f428188e1da3,-114.0088565,50.9511639
6912,NB 21 ST @ River Rock CI SE,ACTIVE,2026-09-29T19:46:12.000Z,2026-09-29T19:46:12.000Z,c36ccbaf-102c-4936-b2e9-c97d87fc04ae,-114.0089094,50.9713952
5713,NB 21 ST NE @ 24 AV NE,ACTIVE,2026-09-29T19:46:12.000Z,2026-09-29T19:46:12.000Z,9566c192-92fb-47ba-9e31-7cdd7311e599,-114.0089732,51.0747047
7502,WB 8 AV NE @ Middleton DR,ACTIVE,2026-09-29T19:46:12.000Z,2026-09-29T19:46:12.000Z,95fabb59-261e-4d13-bc58-5fe64b668699,-114.0090544,51.059946
7515,SB 21 ST NE @ 27 AV NE,ACTIVE,2026-09-29T19:46:12.000Z,2026-09-29T19:46:12.000Z,d854d99f-5e3e-4b36-a91d-f058204cddab,-114.0091642,51.0763916
7516,SB 21 ST NE @ 25 AV NE,ACTIVE,2026-09-29T19:46:12.000Z,2026-09-29T19:46:12.000Z,75a17289-86b7-4d84-a042-492b07e3646a,-114.0091785,51.07462
2192,EB Freeport BV @ Freeport WY NE,ACTIVE,2026-09-29T19:46:12.000Z,2026-09-29T19:46:12.000Z,08e6c2f8-f7b7-45fc-9b6c-d2d3f6d0dd32,-114.0093086,51.1505953
6273,WB Deer Run BV @ Deerwood RD SE,ACTIVE,2026-09-29T19:46:12.000Z,2026-09-29T19:46:12.000Z,daedb4dc-328d-46c3-a422-0b4a4e7fa0aa,-114.0093155,50.9269429
8301,EB Deer Run BV @ Deercross RD SE,ACTIVE,2026-09-29T19:46:12.000Z,2026-09-29T19:46:12.000Z,148aa189-69fa-4baa-92a2-c3baaf7b6abc,-114.0093241,50.9268082
5247,WB Centre AV @ 19 ST E,ACTIVE,2026-09-29T19:46:12.000Z,2026-09-29T19:46:12.000Z,de24da93-e27c-4bb1-b142-4da6b36f7afa,-114.0094471,51.0525262
4799,NB McCall WY @ George Craig BV NE,ACTIVE,2026-09-29T19:46:12.000Z,2026-09-29T19:46:12.000Z,50d0c697-b2ad-4792-a8e4-4452827751fe,-114.0094968,51.0955774
2715,WB 194 AV SE @ Wolf Creek Dr. SE,ACTIVE,2026-09-29T19:46:12.000Z,2026-09-29T19:46:12.000Z,c9997431-d067-417a-aa68-540123067358,-114.0096296,50.8778707
4528,EB 76 AV SE @ 20A ST SE,ACTIVE,2026-09-29T19:46:12.000Z,2026-09-29T19:46:12.000Z,f8c76059-728e-46fc-ba88-a44df9c56802,-114.0096313,50.9849873
7495,NB 19 ST NE @ 3 AV NE,ACTIVE,2026-09-29T19:46:12.000Z,2026-09-29T19:46:12.000Z,9cce644a-54f7-43e8-ab44-c32eda14b551,-114.0096892,51.05497
7519,WB 27 AV NE @ 21 ST NE,ACTIVE,2026-09-29T19:46:12.000Z,2026-09-29T19:46:12.000Z,0e196d52-bcf1-4a93-9697-cf72dd64cdda,-114.0096979,51.076972
9459,EB Douglas Glen BV @ Douglas Glen HE SE,ACTIVE,2026-09-29T19:46:12.000Z,2026-09-29T19:46:12.000Z,88508eaa-290c-4b6e-b665-1c6a85f2ae32,-114.0097834,50.9562429
7037,EB Douglasbank DR @ Douglasbank CR SE,ACTIVE,2026-09-29T19:46:12.000Z,2026-09-29T19:46:12.000Z,9a5fde97-49ac-4e16-a19d-4feea82c432d,-114.0098125,50.9460342
2211,WB Legacy CI @ Legacy VW SE,ACTIVE,2026-09-29T19:46:12.000Z,2026-09-29T19:46:12.000Z,ef3aa788-dc85-4352-aaa0-6c17b5888aa3,-114.0099294,50.8609575
6911,NB 21 ST @ River Rock RD SE,ACTIVE,2026-09-29T19:46:12.000Z,2026-09-29T19:46:12.000Z,db4d1714-c5ed-42d2-bf56-3bf39b483111,-114.0099473,50.9687683
9457,NB Douglas Glen BV @ Douglas Glen HE SE,ACTIVE,2026-09-29T19:46:12.000Z,2026-09-29T19:46:12.000Z,2217bc92-e3c8-4fd8-ab68-47a8bdb3a10b,-114.0100018,50.9537299
5857,NB 20A ST SE @ Lynndale RD,ACTIVE,2026-09-29T19:46:12.000Z,2026-09-29T19:46:12.000Z,2ccee61d-239b-43d7-ad93-2fcfaba43774,-114.0100778,50.9926715
4523,NB 20A ST SE @ 76 AV SE,ACTIVE,2026-09-29T19:46:12.000Z,2026-09-29T19:46:12.000Z,705dc4c4-efcb-4eee-aed6-d3e1fec02385,-114.0100879,50.9854218
5856,NB 20A ST SE @ 74 AV SE,ACTIVE,2026-09-29T19:46:12.000Z,2026-09-29T19:46:12.000Z,9d22e204-fb8f-4976-be3a-475b36b75795,-114.0100942,50.9866542
5858,NB 20A ST SE @ Lynnwood DR,ACTIVE,2026-09-29T19:46:12.000Z,2026-09-29T19:46:12.000Z,aa8a0fff-681d-4699-a8c0-3c0c43d710c2,-114.0100999,50.9934367
4521,NB 20A ST SE @ Lynndale RD,ACTIVE,2026-09-29T19:46:12.000Z,2026-09-29T19:46:12.000Z,f453fd76-ab7c-4d97-b920-56bad031721d,-114.0101053,50.9900277
3525,WB Quarry Park BV @ Quarry DR SE,ACTIVE,2026-09-29T19:46:12.000Z,2026-09-29T19:46:12.000Z,38df962d-a281-4186-9a23-2c0092086af2,-114.0101502,50.9595796
8306,SB Deer Run BV @ Canyon Meadows DR SE,ACTIVE,2026-09-29T19:46:12.000Z,2026-09-29T19:46:12.000Z,59e16167-cbda-4514-a559-098036e4bc2b,-114.0101755,50.9328387
5844,SB 20A ST SE @ 66 AV SE,ACTIVE,2026-09-29T19:46:12.000Z,2026-09-29T19:46:12.000Z,d0b0e206-9d00-42d8-934c-710299cd8736,-114.0102829,50.9936932
4529,SB 20A ST SE @ 74 AV SE,ACTIVE,2026-09-29T19:46:12.000Z,2026-09-29T19:46:12.000Z,257defd0-2339-4c61-9223-ec79f361f74a,-114.0102878,50.9865243
5845,SB 20A ST SE @ Lynndale RD,ACTIVE,2026-09-29T19:46:12.000Z,2026-09-29T19:46:12.000Z,1e0bee4e-81fa-48a6-b2e4-b6977144e128,-114.010288,50.9894027
7949,SB Douglas Glen BV @ Douglas Glen GV SE,ACTIVE,2026-09-29T19:46:12.000Z,2026-09-29T19:46:12.000Z,f1f9ef1c-394d-48da-94ba-87c1c5d0ae79,-114.0102887,50.9534764
8202,SB 20A ST SE @ Lynndale RD,ACTIVE,2026-09-29T19:46:12.000Z,2026-09-29T19:46:12.000Z,3ab02286-7608-46ab-b3ba-7f0151de42da,-114.0102924,50.9919934
4513,NB Ogden RD @ Millican RD SE,ACTIVE,2026-09-29T19:46:12.000Z,2026-09-29T19:46:12.000Z,958fbe74-5b7e-4d29-86d2-0857a4e2b858,-114.010362,51.0004415
7507,SB 19 ST NE @ Matheson DR,ACTIVE,2026-09-29T19:46:12.000Z,2026-09-29T19:46:12.000Z,3da65887-7700-4ef4-a751-31a2fb4833f3,-114.0103768,51.0553744
7951,SB Douglas Glen BV @ Douglas Glen CL SE,ACTIVE,2026-09-29T19:46:12.000Z,2026-09-29T19:46:12.000Z,d0b66e1e-431a-4922-8e3c-d7de239033df,-114.010422,50.9545052
3904,EB Quarry Park BV @ 18 ST SE,ACTIVE,2026-09-29T19:46:12.000Z,2026-09-29T19:46:12.000Z,d7cc51a8-5a4a-4d5e-bec6-e7aab43b2950,-114.0105009,50.9633225
5715,EB 32 AV NE @ 19 ST NE,ACTIVE,2026-09-29T19:46:12.000Z,2026-09-29T19:46:12.000Z,9b5ac752-f137-4764-9a87-3515a3e12b4f,-114.0107416,51.0813792
7036,WB Douglasbank DR @ Douglasbank CR SE,ACTIVE,2026-09-29T19:46:12.000Z,2026-09-29T19:46:12.000Z,ff39b059-fb75-4368-bd7f-6ba2c4c9a2ef,-114.0107509,50.946499
9458,NB Douglas Glen BV @ Douglas Glen CL SE,ACTIVE,2026-09-29T19:46:12.000Z,2026-09-29T19:46:12.000Z,1376e0c3-a3cd-42ab-8309-f3494e52de53,-114.0107536,50.9551074
6915,SB Ogden RD @ Millican RD SE,ACTIVE,2026-09-29T19:46:12.000Z,2026-09-29T19:46:12.000Z,a37946b7-4cd6-494d-99b2-a58b3a918f64,-114.0108242,51.0005703
6341,WB 76 AV SE @ 20A ST SE,ACTIVE,2026-09-29T19:46:12.000Z,2026-09-29T19:46:12.000Z,8923fa31-129e-4d47-9c10-0d30c5866561,-114.0108337,50.985126
8303,NB Deer Run  BV @ Deermoss  CR SE,ACTIVE,2026-09-29T19:46:12.000Z,2026-09-29T19:46:12.000Z,d9e5fa37-dc4d-42a7-915a-672c335604d3,-114.0108668,50.9293843
8304,WB Canyon Meadows DR @ Deer River GA SE,ACTIVE,2026-09-29T19:46:12.000Z,2026-09-29T19:46:12.000Z,374cbbf9-e87d-4d99-8053-def787ec0785,-114.0108929,50.9334148
6266,SB Deer Run BV @ Deermoss CR SE,ACTIVE,2026-09-29T19:46:12.000Z,2026-09-29T19:46:12.000Z,fe6d6719-4d01-444e-aa7c-860d326595f3,-114.0109027,50.9286027
5724,EB 27 AV NE @ 19 ST NE,ACTIVE,2026-09-29T19:46:12.000Z,2026-09-29T19:46:12.000Z,ee7eccef-068e-46b4-97d3-5166fffa4c00,-114.0109206,51.0768324
5841,WB Millican RD @ Lynnview RD SE,ACTIVE,2026-09-29T19:46:12.000Z,2026-09-29T19:46:12.000Z,73033a79-2ede-4dee-a96e-82ab95dc5d77,-114.0109363,50.99916
6043,EB 39 AV NE @ 19 ST NE,ACTIVE,2026-09-29T19:46:12.000Z,2026-09-29T19:46:12.000Z,ecaa6336-23ca-426a-bcb2-e79485fcd30a,-114.0109441,51.0882026
3900,YYC Airport Domestic Terminal,ACTIVE,2026-09-29T19:46:12.000Z,2026-09-29T19:46:12.000Z,3d58077d-82e3-46c0-9d13-6a6f13ebc66e,-114.0109904,51.1326557
7557,YYC Airport Domestic Terminal,ACTIVE,2026-09-29T19:46:12.000Z,2026-09-29T19:46:12.000Z,cf9615c7-3d15-4ed0-95e3-ba610a4a0729,-114.0109904,51.1326557
7953,SB Douglas Glen BV @ Douglas Glen HT SE,ACTIVE,2026-09-29T19:46:12.000Z,2026-09-29T19:46:12.000Z,a334a340-279a-4420-8b97-b8a4928c5cc4,-114.0110396,50.9557534
2661,EB Legacy CI @ Legacy Woods CR SE,ACTIVE,2026-09-29T19:46:12.000Z,2026-09-29T19:46:12.000Z,0ca71cf0-10de-4cdf-8f67-4623fd967439,-114.0111869,50.8538547
7530,SB McCall WY @ George Craig BV NE,ACTIVE,2026-09-29T19:46:12.000Z,2026-09-29T19:46:12.000Z,ea1770db-dfe0-41c8-867b-a7b08c424afa,-114.0112128,51.0951508
9622,EB Millican RD @ Lynnview RD SE,ACTIVE,2026-09-29T19:46:12.000Z,2026-09-29T19:46:12.000Z,561cad76-8f42-43b0-94b7-152b52799b89,-114.0113169,50.9988046
5840,SB Ogden RD @ 50 AV SE,ACTIVE,2026-09-29T19:46:12.000Z,2026-09-29T19:46:12.000Z,b5ca9391-487b-4558-996e-9f767837aa42,-114.0113767,51.0083831
6293,NB McCall WY @ Pegasus RD NE,ACTIVE,2026-09-29T19:46:12.000Z,2026-09-29T19:46:12.000Z,3edf1938-d1fc-4342-8414-ac1c5d5f578b,-114.0114232,51.0945023
7353,NB 19 ST NE @ 39 AV NE,ACTIVE,2026-09-29T19:46:12.000Z,2026-09-29T19:46:12.000Z,1542f563-7471-47be-852e-5e814d152e18,-114.011428,51.0886719
7354,NB 19 ST NE @ 41 AV NE,ACTIVE,2026-09-29T19:46:12.000Z,2026-09-29T19:46:12.000Z,61783865-fb4e-4354-b5cb-1c773f13a398,-114.0114369,51.0916333
7524,NB 19 ST NE @ 30 AV NE,ACTIVE,2026-09-29T19:46:12.000Z,2026-09-29T19:46:12.000Z,bacf69aa-05a4-4105-b3da-4bd9049dd89f,-114.0114528,51.0800932
3508,SB Ogden RD @ 50 AV SE,ACTIVE,2026-09-29T19:46:12.000Z,2026-09-29T19:46:12.000Z,26cacb98-3be8-48f4-9a8c-efa03f8bdc64,-114.0114607,51.0082297
6042,NB 19 ST NE @ 32 AV NE,ACTIVE,2026-09-29T19:46:12.000Z,2026-09-29T19:46:12.000Z,b764fe39-48c3-4901-9acc-1f803fccce6b,-114.0114674,51.0820814
3509,NB Ogden RD @ 50 AV SE,ACTIVE,2026-09-29T19:46:12.000Z,2026-09-29T19:46:12.000Z,776917af-df22-48e5-bc01-9e31bb32ea06,-114.0114874,51.0067948
8004,NB Ogden RD @ 50 AV SE,ACTIVE,2026-09-29T19:46:12.000Z,2026-09-29T19:46:12.000Z,3e401b17-7783-4de4-82aa-e69dee915b2f,-114.011496,51.0067491
7528,NB 19 ST NE @ 35 AV NE,ACTIVE,2026-09-29T19:46:12.000Z,2026-09-29T19:46:12.000Z,c230adc8-6ec1-4927-9655-b4528d71ad5a,-114.0115074,51.0843402
6271,EB Deer Run DR @ Deerfield DR SE,ACTIVE,2026-09-29T19:46:12.000Z,2026-09-29T19:46:12.000Z,3d22d5e4-1ac9-4ed7-9bef-79ec6ad7b609,-114.0115103,50.9177971
5714,NB 19 ST NE @ 27 AV NE,ACTIVE,2026-09-29T19:46:12.000Z,2026-09-29T19:46:12.000Z,1a82b236-a98d-4ce5-b718-1c334fb41ebf,-114.0115433,51.077361
7506,SB 19 ST NE @ Matador CR,ACTIVE,2026-09-29T19:46:12.000Z,2026-09-29T19:46:12.000Z,cd963e52-db62-42f2-bdb7-beed6c11d47f,-114.0116061,51.0566742
6298,SB 19 ST NE @ McKnight BV,ACTIVE,2026-09-29T19:46:12.000Z,2026-09-29T19:46:12.000Z,cba476e4-9393-4e71-b161-2145e77fbfb3,-114.0116911,51.091235
7529,SB 19 ST NE @ 39 AV NE,ACTIVE,2026-09-29T19:46:12.000Z,2026-09-29T19:46:12.000Z,e04d0e85-2cd7-48c0-b2af-9ce6e9563030,-114.0117206,51.0878986
6045,SB 19 ST NE @ 35 AV NE,ACTIVE,2026-09-29T19:46:12.000Z,2026-09-29T19:46:12.000Z,d4a99eb4-1a84-407f-8f1a-41858ba08276,-114.0117368,51.0836624
7525,SB 19 ST NE @ 30 AV NE,ACTIVE,2026-09-29T19:46:12.000Z,2026-09-29T19:46:12.000Z,a3f66837-1b8a-481b-bd1e-287e58930a12,-114.0117691,51.0791748
5723,SB 19 ST NE @ 32 AV NE,ACTIVE,2026-09-29T19:46:12.000Z,2026-09-29T19:46:12.000Z,86446ac3-7fb0-4f92-8a2a-a662ea0a899e,-114.0118113,51.0809568
7496,NB 19 ST NE @ Matador CR,ACTIVE,2026-09-29T19:46:12.000Z,2026-09-29T19:46:12.000Z,7b0e1e4f-830c-4611-8bd6-0e7b0684d811,-114.0118575,51.0572023
3531,Quarry Park Station (SB),ACTIVE,2026-09-29T19:46:12.000Z,2026-09-29T19:46:12.000Z,b96485d0-8322-4646-b710-1bc8037c5d22,-114.0120628,50.9628668
2469,Quarry Park Station (NB),ACTIVE,2026-09-29T19:46:12.000Z,2026-09-29T19:46:12.000Z,9c77fa66-4137-454a-a058-f4d3228da2da,-114.0121803,50.9640086
4512,NB Ogden RD @ S. of 50 AV SE,ACTIVE,2026-09-29T19:46:12.000Z,2026-09-29T19:46:12.000Z,094b0736-14ff-45d1-90ce-364924b3e4de,-114.0122846,51.0042417
2795,19th Street NE Station (EB),ACTIVE,2026-09-29T19:46:12.000Z,2026-09-29T19:46:12.000Z,9b9a8a86-32a0-4f73-b94f-147b2c2d78b1,-114.0124635,51.0668056
6032,WB 27 AV NE @ 19 ST NE,ACTIVE,2026-09-29T19:46:12.000Z,2026-09-29T19:46:12.000Z,c056bb14-8961-4355-b8b4-e4d31010e918,-114.0124675,51.0769799
2212,WB Legacy CI @ Legacy CM SE,ACTIVE,2026-09-29T19:46:12.000Z,2026-09-29T19:46:12.000Z,bd864c6f-103f-44a2-b85d-9f8931ddb10d,-114.0124682,50.8609515
6910,EB 21 ST @ River Rock CR SE,ACTIVE,2026-09-29T19:46:12.000Z,2026-09-29T19:46:12.000Z,fdc27c54-0a01-4f2c-b23c-3aee3136673f,-114.0125338,50.9664238
5843,EB 66 AV SE @ 19 ST SE,ACTIVE,2026-09-29T19:46:12.000Z,2026-09-29T19:46:12.000Z,2d2a85aa-3407-4990-80b2-001a83186e79,-114.0126254,50.994059
6040,EB 8 AV NE @ 19 ST NE,ACTIVE,2026-09-29T19:46:12.000Z,2026-09-29T19:46:12.000Z,f35f0d4d-a28d-4bfd-87a1-fa0cc13547b3,-114.0126465,51.0595342
6388,WB 32 AV NE @ 19 ST NE,ACTIVE,2026-09-29T19:46:12.000Z,2026-09-29T19:46:12.000Z,96461569-c179-4762-86a7-ac75c9133cdb,-114.0127123,51.0816005
6046,EB McKinnon DR @ 19 ST NE,ACTIVE,2026-09-29T19:46:12.000Z,2026-09-29T19:46:12.000Z,c32bb3be-be9d-4078-b722-7c6b7c689432,-114.0127316,51.0653472
5725,Vista Heights Terminal (NB 19 ST NE @ 24 AV NE),ACTIVE,2026-09-29T19:46:12.000Z,2026-09-29T19:46:12.000Z,a7b78ccb-7e25-466c-9501-eb8123dcc9a4,-114.0128996,51.0740406
7319,EB Centre AV @ 17 ST E,ACTIVE,2026-09-29T19:46:12.000Z,2026-09-29T19:46:12.000Z,51f4c4ba-b574-4a13-9d2b-c93bd92e2fe5,-114.0129683,51.0523645
2183,NB 19 ST NE @ Aero DR,ACTIVE,2026-09-29T19:46:12.000Z,2026-09-29T19:46:12.000Z,3f49d78c-a241-4b2e-86a8-1c1b085df9c5,-114.0130223,51.1377637
8293,WB 146 AV SE @ Deer Lane RD,ACTIVE,2026-09-29T19:46:12.000Z,2026-09-29T19:46:12.000Z,e8f7894d-aeec-49ce-9a89-0351b680a414,-114.0130773,50.9211024
8063,WB Riverglen DR @ Rivercrest DR SE,ACTIVE,2026-09-29T19:46:12.000Z,2026-09-29T19:46:12.000Z,59bcb629-623e-4a76-b7ca-55858c1339c0,-114.0131314,50.9761988
5712,Vista Heights Terminal (SB 19 ST NE @ 24 AV NE),ACTIVE,2026-09-29T19:46:12.000Z,2026-09-29T19:46:12.000Z,9245d563-6841-40bf-bccb-6e3a14e359a6,-114.0131518,51.0741163
5711,NB 19 ST NE @ McKinnon DR,ACTIVE,2026-09-29T19:46:12.000Z,2026-09-29T19:46:12.000Z,55b76aa0-3848-47c3-bf82-cf6ae617f910,-114.0131628,51.065745
6018,Vista Heights Terminal (SB 19 ST NE @ 24 AV NE),ACTIVE,2026-09-29T19:46:12.000Z,2026-09-29T19:46:12.000Z,c0227b2b-cc0e-4a69-841f-8065f9efb71b,-114.0132155,51.0740127
6330,NB 18 ST SE @ 21 ST SE,ACTIVE,2026-09-29T19:46:12.000Z,2026-09-29T19:46:12.000Z,f47bee8a-5abb-4745-9414-395010f260f5,-114.0132268,50.9669453
5710,NB 19 ST NE @ Milne DR,ACTIVE,2026-09-29T19:46:12.000Z,2026-09-29T19:46:12.000Z,0584e1c3-19e5-4a6c-b979-08f7ce57ff16,-114.0132421,51.0607458
7511,NB 19 ST NE @ 10 AV NE,ACTIVE,2026-09-29T19:46:12.000Z,2026-09-29T19:46:12.000Z,b457f61e-a7a9-46df-bd56-c5b72b8e8610,-114.0132644,51.0626173
7503,NB 19 ST NE @ N. of 16 AV NE,ACTIVE,2026-09-29T19:46:12.000Z,2026-09-29T19:46:12.000Z,430c27b6-b796-47d8-b328-3ff66dd5ba96,-114.0132791,51.0679292
5465,NB 17 ST SE@ 3 AV SE,ACTIVE,2026-09-29T19:46:12.000Z,2026-09-29T19:46:12.000Z,c657ac29-96b4-44e4-b8be-b13644ab848f,-114.0132942,51.0506278
7505,NB 19 ST NE @ Valleyview RD,ACTIVE,2026-09-29T19:46:12.000Z,2026-09-29T19:46:12.000Z,089f105b-a645-4919-ae07-f19290955763,-114.0132995,51.0713793
7504,NB 19 ST NE @ 18 AV NE,ACTIVE,2026-09-29T19:46:12.000Z,2026-09-29T19:46:12.000Z,1f40da2b-3b2b-4b5d-9842-9ccca0103901,-114.013339,51.0693259
6019,SB 19 ST NE @ 8 AV NE,ACTIVE,2026-09-29T19:46:12.000Z,2026-09-29T19:46:12.000Z,893ee7a3-9b69-447b-9d04-ade6b23e4ac7,-114.0133543,51.0590036
9090,SB Deer Ridge DR @ Deercrest PL SE,ACTIVE,2026-09-29T19:46:12.000Z,2026-09-29T19:46:12.000Z,129adb17-0c8b-452e-8fab-3053e9e77602,-114.0133651,50.9250497
2480,SB 18 ST @ Riverview CI SE,ACTIVE,2026-09-29T19:46:12.000Z,2026-09-29T19:46:12.000Z,caa00b36-d44d-4b89-aa77-206a9dc13a3c,-114.0134146,50.9659058
9998,NB 19 ST SE @ 62 AV SE,ACTIVE,2026-09-29T19:46:12.000Z,2026-09-29T19:46:12.000Z,308ad131-8295-4404-a097-9be43b21653f,-114.0134296,50.9975157
4520,NB 19 ST SE @ 66 AV SE,ACTIVE,2026-09-29T19:46:12.000Z,2026-09-29T19:46:12.000Z,fde7b680-936a-4834-8099-9c2b19a20490,-114.0134379,50.9945026
4519,NB 19 ST SE @ Crestwood RD,ACTIVE,2026-09-29T19:46:12.000Z,2026-09-29T19:46:12.000Z,b26d2796-a0f2-4da0-933a-8b82cf058dde,-114.0134471,50.9956902
7510,SB 19 ST NE @ 10 AV NE,ACTIVE,2026-09-29T19:46:12.000Z,2026-09-29T19:46:12.000Z,5f17b802-e87a-49f7-959b-085edc932b85,-114.013468,51.0618939
3569,SB Chaparral Valley DR @ Chaparral Valley GD SE,ACTIVE,2026-09-29T19:46:12.000Z,2026-09-29T19:46:12.000Z,65bcd45c-1959-4900-8ded-a694e0685d56,-114.0134833,50.8793061
2187,SB 19 ST NE @ 100 AV NE,ACTIVE,2026-09-29T19:46:12.000Z,2026-09-29T19:46:12.000Z,b1b06615-ac83-4a3b-9f18-dff64eaad784,-114.0135077,51.1428232
7316,SB 17 ST E @ Centre AV E,ACTIVE,2026-09-29T19:46:12.000Z,2026-09-29T19:46:12.000Z,e3563900-c9bb-4fe3-9bec-88e4bc249aaf,-114.0135436,51.0520734
6060,SB 17 ST SE @ 3 AV SE,ACTIVE,2026-09-29T19:46:12.000Z,2026-09-29T19:46:12.000Z,0a39f5eb-e874-4f66-ad33-69125db6e000,-114.0135537,51.0503646
3575,NB Chaparral Valley DR @ Chaparral Valley GD SE,ACTIVE,2026-09-29T19:46:12.000Z,2026-09-29T19:46:12.000Z,174a20b4-54ef-4648-a0ea-662ee7e0998d,-114.0135599,50.8803083
5726,SB 19 ST NE @ Valleyview RD,ACTIVE,2026-09-29T19:46:12.000Z,2026-09-29T19:46:12.000Z,eab87869-168a-420e-b018-8a3cfe4265bb,-114.0135733,51.0706757
5727,SB 19 ST NE @ 14 AV NE,ACTIVE,2026-09-29T19:46:12.000Z,2026-09-29T19:46:12.000Z,2459f388-cd13-40d9-aea2-692024d5cfd7,-114.0135944,51.065693
8142,SB 19 ST SE @ 64 AV SE,ACTIVE,2026-09-29T19:46:12.000Z,2026-09-29T19:46:12.000Z,d3df4a60-f8fb-4c4e-9d63-98a92d24d4fd,-114.013639,50.9955871
8287,NB Deer Ridge DR @ Deercrest PL SE,ACTIVE,2026-09-29T19:46:12.000Z,2026-09-29T19:46:12.000Z,da5f0abd-5b3f-41b6-80d6-b7832081d53b,-114.013647,50.9257585
8170,SB 19 ST SE @ 62 AV SE,ACTIVE,2026-09-29T19:46:12.000Z,2026-09-29T19:46:12.000Z,b45a4e93-b978-437d-a514-9ca33e3c4c1e,-114.0136494,50.9974224
7526,SB 19 ST NE @ 18 AV NE,ACTIVE,2026-09-29T19:46:12.000Z,2026-09-29T19:46:12.000Z,4b8be3b5-e45c-4b80-928b-e4e6d27a7f6d,-114.013683,51.0685287
6596,Douglasbank WY Terminal SE,ACTIVE,2026-09-29T19:46:12.000Z,2026-09-29T19:46:12.000Z,88d9c17c-219b-4df1-8afd-7b64f57912d7,-114.0136893,50.9485496
3526,WB Quarry Park BV @ Quarry LI SE,ACTIVE,2026-09-29T19:46:12.000Z,2026-09-29T19:46:12.000Z,ace071b8-f71a-4bdc-8725-77232c469e92,-114.0136964,50.9595382
5709,EB 8 AV NE @ 19 ST NE,ACTIVE,2026-09-29T19:46:12.000Z,2026-09-29T19:46:12.000Z,291e0e46-be9f-4f9b-baab-31f06501cdde,-114.013762,51.0595448
6017,EB 27 AV NE @ 18 ST NE,ACTIVE,2026-09-29T19:46:12.000Z,2026-09-29T19:46:12.000Z,17397c0a-55ff-4b2f-8f33-83081ac6f3f5,-114.0138185,51.0768435
9610,WB 66 AV SE @ 19 ST SE,ACTIVE,2026-09-29T19:46:12.000Z,2026-09-29T19:46:12.000Z,429241d6-0580-484b-9861-cc91a37f6371,-114.0138986,50.9942085
5728,WB 8 AV NE @ 19 ST NE,ACTIVE,2026-09-29T19:46:12.000Z,2026-09-29T19:46:12.000Z,4da303cc-8621-41f4-a506-fcb025b70b7b,-114.0139807,51.0596943
2188,WB Freeport BV @ 19 St NE,ACTIVE,2026-09-29T19:46:12.000Z,2026-09-29T19:46:12.000Z,af143d2c-d17e-4b86-b969-4dfe21bfb804,-114.0140055,51.1509241
8286,NB Deer Ridge DR @ Deermont RD SE,ACTIVE,2026-09-29T19:46:12.000Z,2026-09-29T19:46:12.000Z,00a4ac68-7f23-4820-9d3f-9724689058bb,-114.0140937,50.9236741
2184,WB 100 AV NE @ 19 ST NE,ACTIVE,2026-09-29T19:46:12.000Z,2026-09-29T19:46:12.000Z,aa9906bb-128c-48ac-b7e1-a8f91eda8862,-114.0141802,51.1434574
2368,WB Aero DR @ 19 ST NE,ACTIVE,2026-09-29T19:46:12.000Z,2026-09-29T19:46:12.000Z,220b8111-5e98-4e96-a04f-49ba2964b26f,-114.0142574,51.1376343
8294,SB Deerfield DR @ 146 AV SE,ACTIVE,2026-09-29T19:46:12.000Z,2026-09-29T19:46:12.000Z,87d04f4d-b44e-4f47-b4f7-d99b72ce706c,-114.0142804,50.919649
2802,19th Street NE Station (WB),ACTIVE,2026-09-29T19:46:12.000Z,2026-09-29T19:46:12.000Z,6254d97e-fcba-4100-9e27-cffafd7160bc,-114.014464,51.0671086
9609,EB 62 AV SE @ 18A ST SE,ACTIVE,2026-09-29T19:46:12.000Z,2026-09-29T19:46:12.000Z,0ac0ef00-3538-45fb-98b3-6085ec258fa9,-114.0146364,50.9975915
4548,WB 62 AV SE @ 19 ST SE,ACTIVE,2026-09-29T19:46:12.000Z,2026-09-29T19:46:12.000Z,6c78cb90-f3fd-406e-8566-c1433c35b632,-114.0146533,50.9977719
7317,NB 16 ST SE @ 3 AV SE,ACTIVE,2026-09-29T19:46:12.000Z,2026-09-29T19:46:12.000Z,0d79d5cc-0cf5-462d-a451-8738e86e0df8,-114.0147197,51.0504304
9089,SB Deer Ridge DR @ Deermont RD SE,ACTIVE,2026-09-29T19:46:12.000Z,2026-09-29T19:46:12.000Z,3524b73c-bf69-4a54-b74e-bfe6a451d20e,-114.01491,50.9271491
7318,SB 16 ST SE @ 3 AV SE,ACTIVE,2026-09-29T19:46:12.000Z,2026-09-29T19:46:12.000Z,3e08fb1f-c95d-416b-bed6-036c737682b9,-114.0149486,51.0506431
2208,EB Legacy CI SE @ Legacy HT SE,ACTIVE,2026-09-29T19:46:12.000Z,2026-09-29T19:46:12.000Z,bc1d00af-3363-4fe8-8b14-12d222996fbf,-114.0150225,50.8552753
6375,EB 76 AV SE @ 18 ST SE,ACTIVE,2026-09-29T19:46:12.000Z,2026-09-29T19:46:12.000Z,c4a6b5d8-71e1-4811-b65f-e2e31ea3a7a2,-114.0150327,50.9849816
6163,WB Deer Ridge DR @ Deermont RD SE,ACTIVE,2026-09-29T19:46:12.000Z,2026-09-29T19:46:12.000Z,2746eead-edb4-4fa9-8bb0-1663fbc2a9a2,-114.0151038,50.9234571
3576,NB Chaparral Valley DR @ Chaparral Valley GV SE,ACTIVE,2026-09-29T19:46:12.000Z,2026-09-29T19:46:12.000Z,6542910f-ee0f-49d7-a23a-1148d5e5078d,-114.0151617,50.8841875
8288,NB Deer Ridge DR @ Deermont RD SE,ACTIVE,2026-09-29T19:46:12.000Z,2026-09-29T19:46:12.000Z,9898e1c1-61ac-4bb2-a7d7-41ee2e5ff22e,-114.0151676,50.9277943
3566,EB Chaparral Valley SQ @ Chaparral Valley LI SE,ACTIVE,2026-09-29T19:46:12.000Z,2026-09-29T19:46:12.000Z,94c53ff3-7a52-40a4-9324-acb05ed3a755,-114.0151712,50.8868396
4534,SB Ogden RD @ 42 AV SE,ACTIVE,2026-09-29T19:46:12.000Z,2026-09-29T19:46:12.000Z,0d716115-bd15-4260-ab8d-c42c57d271e3,-114.0153107,51.0150591
4792,EB Centre AV @ 16 ST E,ACTIVE,2026-09-29T19:46:12.000Z,2026-09-29T19:46:12.000Z,162a7c75-c47e-4035-9e32-c973ecdc26c9,-114.0153227,51.0523707
8119,NB 18 ST SE @ Lytton CR (N. Leg),ACTIVE,2026-09-29T19:46:12.000Z,2026-09-29T19:46:12.000Z,a5a38489-9b21-4732-a6ca-66783c3282f7,-114.0153385,50.9888753
6909,SB 18 ST SE @ Riverview CL,ACTIVE,2026-09-29T19:46:12.000Z,2026-09-29T19:46:12.000Z,b0b8fb10-9988-422d-a5e5-9bd5bcea4835,-114.0153397,50.9697609
6557,NB 18 ST SE @ Riverwood CI,ACTIVE,2026-09-29T19:46:12.000Z,2026-09-29T19:46:12.000Z,ca3434cd-0749-4bf1-bc64-8337e385c627,-114.0153816,50.9706614
8198,NB 18 ST SE @ 69 AV SE,ACTIVE,2026-09-29T19:46:12.000Z,2026-09-29T19:46:12.000Z,a4481c01-1a5a-4da5-9df1-e926a8bf9fe7,-114.0153958,50.9913144
8199,NB 18 ST SE @ LYTTON CR,ACTIVE,2026-09-29T19:46:12.000Z,2026-09-29T19:46:12.000Z,65d42eb3-7f62-49ce-aa1a-bf48c38d298e,-114.0153972,50.9888498
7520,WB 27 AV NE @ 18 ST NE,ACTIVE,2026-09-29T19:46:12.000Z,2026-09-29T19:46:12.000Z,e647cebb-27d2-438a-acbc-89dafa1a9c1f,-114.0154259,51.0769386
3567,SB Chaparral Valley DR @ Chaparral Valley VW SE,ACTIVE,2026-09-29T19:46:12.000Z,2026-09-29T19:46:12.000Z,e3d8dbda-a304-4aae-92dc-ff9d9dcd7f55,-114.0154452,50.885357
2482,NB 18 ST @ Riverglen DR (S. Leg) SE,ACTIVE,2026-09-29T19:46:12.000Z,2026-09-29T19:46:12.000Z,272f6218-2d35-4fd9-81cd-a50cde11a64b,-114.0154535,50.9731828
3568,SB Chaparral Valley DR @ Chaparral Valley TC SE,ACTIVE,2026-09-29T19:46:12.000Z,2026-09-29T19:46:12.000Z,d78fb62a-e644-4e5b-b820-708a5281be97,-114.0155505,50.8835777
2498,Riverbend Station (NB),ACTIVE,2026-09-29T19:46:12.000Z,2026-09-29T19:46:12.000Z,9cee2b36-abc8-4f16-b34d-aafd5f47d94f,-114.0156036,50.9761739
5862,NB Ogden RD @ 42 AV SE,ACTIVE,2026-09-29T19:46:12.000Z,2026-09-29T19:46:12.000Z,f344ca29-63aa-4662-a381-47c59f626ebf,-114.0156083,51.0159752
8672,SB 18 ST SE @ Lynnover RD,ACTIVE,2026-09-29T19:46:12.000Z,2026-09-29T19:46:12.000Z,84b3365a-7949-4dfc-af02-e88334c06181,-114.0156224,50.9904477
8064,Riverbend Station (NB),ACTIVE,2026-09-29T19:46:12.000Z,2026-09-29T19:46:12.000Z,959a3aae-7947-4c19-9b2a-2571419a2da6,-114.0156395,50.976191
6136,NB 18 ST SE @ S. of 76 AV SE,ACTIVE,2026-09-29T19:46:12.000Z,2026-09-29T19:46:12.000Z,ebfa8a7f-d9da-4c96-b185-5964a92a34c0,-114.0156644,50.9842422
8673,SB 18 ST SE @ Lysander DR,ACTIVE,2026-09-29T19:46:12.000Z,2026-09-29T19:46:12.000Z,b82bc361-dd6d-4125-9584-faf3f88935fd,-114.0158176,50.9876283
2483,EB Quarry Park BV @ Quarry WY SE,ACTIVE,2026-09-29T19:46:12.000Z,2026-09-29T19:46:12.000Z,ca0d064d-96b7-4c0b-a8ca-02235772a851,-114.0158215,50.9635369
2481,SB 18 ST @ 66 AV SE,ACTIVE,2026-09-29T19:46:12.000Z,2026-09-29T19:46:12.000Z,0c364d4f-3885-439b-aeae-84bd7e0ead8d,-114.0158826,50.9937223
2470,SB 18 ST @ Rivervalley DR SE,ACTIVE,2026-09-29T19:46:12.000Z,2026-09-29T19:46:12.000Z,9704de14-aa66-48fd-8376-0783d3fc9d51,-114.0159424,50.9724028
8058,Riverbend Station (SB),ACTIVE,2026-09-29T19:46:12.000Z,2026-09-29T19:46:12.000Z,6d69bfeb-669f-4568-84db-e98a974f8d6e,-114.0159869,50.9765507
5965,NB Deer Ridge DR @ Deercrest CL SE,ACTIVE,2026-09-29T19:46:12.000Z,2026-09-29T19:46:12.000Z,fae0760e-0d0a-43b5-9b34-17df2e5419bd,-114.0160311,50.9292017
2486,Riverbend Station (SB),ACTIVE,2026-09-29T19:46:12.000Z,2026-09-29T19:46:12.000Z,35c93516-c264-4c08-8a21-51d88f0830c3,-114.0160367,50.9767732
6132,SB 18 ST SE @ 76 AV SE,ACTIVE,2026-09-29T19:46:12.000Z,2026-09-29T19:46:12.000Z,e15b9b7d-54ba-41a6-8ba0-bd3066da2bb4,-114.0160368,50.9846565
8175,SB 18 ST SE @ S. of 76 AV SE,ACTIVE,2026-09-29T19:46:12.000Z,2026-09-29T19:46:12.000Z,43e47546-d0b7-4ddc-aab6-80ec3b43873a,-114.0160594,50.9834158
9088,SB Deer Ridge DR @ Deermont WY SE,ACTIVE,2026-09-29T19:46:12.000Z,2026-09-29T19:46:12.000Z,a4954f00-1daa-40fb-aa5b-2fad5b909660,-114.0161914,50.9291428
8305,EB Canyon Meadows DR @ Deer Ridge DR SE,ACTIVE,2026-09-29T19:46:12.000Z,2026-09-29T19:46:12.000Z,73663307-a4c3-40d4-b0c0-555ad800ff27,-114.0162261,50.9321571
6318,EB Rivervalley DR @ 18 ST SE,ACTIVE,2026-09-29T19:46:12.000Z,2026-09-29T19:46:12.000Z,f5cd3e2d-0ec9-4d00-a65e-6c14327945b0,-114.0163028,50.9727359
1805,NB 18 ST NE @ 120 AV NE,ACTIVE,2026-09-29T19:46:12.000Z,2026-09-29T19:46:12.000Z,61d16ab4-c3c8-4943-87b0-47fb8192ce3c,-114.0164361,51.1622351
5708,EB 8 AV NE @ McNeill RD,ACTIVE,2026-09-29T19:46:12.000Z,2026-09-29T19:46:12.000Z,140d80c3-a933-43a9-a5a6-966cf2418d34,-114.01697,51.0595998
8289,NB Deer Ridge DR @ 136 AV SE,ACTIVE,2026-09-29T19:46:12.000Z,2026-09-29T19:46:12.000Z,20327ed6-c517-42a4-8ba8-da33e8d134b3,-114.0170311,50.9313681
2711,NB Legacy GA SE @ Legacy Main ST SE,ACTIVE,2026-09-29T19:46:12.000Z,2026-09-29T19:46:12.000Z,56131c00-eca6-405b-ad46-f1e4c5b72924,-114.0171303,50.8613245
4535,SB Ogden RD @ 17A ST SE,ACTIVE,2026-09-29T19:46:12.000Z,2026-09-29T19:46:12.000Z,09891067-5910-467b-a8db-d7f59f743c88,-114.0171394,51.0170038
6162,SB Deer Ridge DR @ Canyon Meadows DR SE,ACTIVE,2026-09-29T19:46:12.000Z,2026-09-29T19:46:12.000Z,97bd76d1-b0ac-4357-92f7-84b8a0ad48d3,-114.0172488,50.9313017
7250,SB Manning RD @ Centre AV NE,ACTIVE,2026-09-29T19:46:12.000Z,2026-09-29T19:46:12.000Z,028fa6b5-b9fe-43b5-a466-3fba2870bef4,-114.0172596,51.0526541
4511,NB Ogden RD @ 17A ST SE,ACTIVE,2026-09-29T19:46:12.000Z,2026-09-29T19:46:12.000Z,149eae46-4d6a-4b95-818d-39b36d190126,-114.0173376,51.0176925
8291,NB Queensland DR @ Queen Anne WY SE,ACTIVE,2026-09-29T19:46:12.000Z,2026-09-29T19:46:12.000Z,20cf5ca0-b2cf-4bf4-b547-67d2e95b560a,-114.0173508,50.9372681
8171,EB 62 AV SE @ 17A ST SE,ACTIVE,2026-09-29T19:46:12.000Z,2026-09-29T19:46:12.000Z,0780f11e-208c-46cf-be15-a3da21b82548,-114.0173545,50.997661
2207,SB Legacy CI SE @ Legacy Village WY,ACTIVE,2026-09-29T19:46:12.000Z,2026-09-29T19:46:12.000Z,f45973b9-c621-40df-98d1-6dedc75d38ed,-114.0173642,50.8573492
1806,WB Stoney BV NE @ 18 ST NE,ACTIVE,2026-09-29T19:46:12.000Z,2026-09-29T19:46:12.000Z,f2c34d62-be2b-496d-8f3d-626e412e824d,-114.0174287,51.1653628
2484,NB Quarry Park BV @ Quarry GA SE,ACTIVE,2026-09-29T19:46:12.000Z,2026-09-29T19:46:12.000Z,b3eca7f2-f668-40bb-a5ff-7efdd7094340,-114.0174394,50.9616956
8663,NB Manning RD @ N. of Centre AV E,ACTIVE,2026-09-29T19:46:12.000Z,2026-09-29T19:46:12.000Z,c9e29f78-dae1-435b-a6aa-612af1272411,-114.0175662,51.0541011
5966,NB Queensland DR @ Canyon Meadows DR SE,ACTIVE,2026-09-29T19:46:12.000Z,2026-09-29T19:46:12.000Z,30adb65f-7ce0-4231-bbe6-b358413bfb25,-114.0176594,50.9326704
9087,SB Queensland DR @ 400 Queensland PL SE,ACTIVE,2026-09-29T19:46:12.000Z,2026-09-29T19:46:12.000Z,ee249c33-e3f3-4072-8676-c45401de663c,-114.0176752,50.9353154
8290,NB Queensland DR @ 600 Queensland PL SE,ACTIVE,2026-09-29T19:46:12.000Z,2026-09-29T19:46:12.000Z,bdd70490-db29-4317-844f-86d711457735,-114.0178753,50.934412
9171,SB Queensland DR @ 300 Queensland PL SE,ACTIVE,2026-09-29T19:46:12.000Z,2026-09-29T19:46:12.000Z,16e60d0f-1942-4a26-bec2-475ba12dd5df,-114.0179477,50.9381738
2712,WB  210 AV SE @ Legacy GA SE,ACTIVE,2026-09-29T19:46:12.000Z,2026-09-29T19:46:12.000Z,81608c5a-1714-40a6-96db-32ed6eb1c21f,-114.0179906,50.8633218
9451,EB 66 AV SE @ Lynnbrook GA,ACTIVE,2026-09-29T19:46:12.000Z,2026-09-29T19:46:12.000Z,c1f5d31d-a3d3-4845-b82f-e47b53a2b97b,-114.0180278,50.9940532
7514,EB 27 AV NE @ 16 ST NE,ACTIVE,2026-09-29T19:46:12.000Z,2026-09-29T19:46:12.000Z,23a868ed-f6bb-442e-97f7-6da97e7235ae,-114.0180444,51.0768525
6713,WB 66 AV @ Lynnbrook GA SE,ACTIVE,2026-09-29T19:46:12.000Z,2026-09-29T19:46:12.000Z,5a536dfd-a9a2-4e7e-b9f7-7757d83df7e2,-114.0180904,50.9941898
2213,WB Legacy Main ST SE @ Legacy GA SE,ACTIVE,2026-09-29T19:46:12.000Z,2026-09-29T19:46:12.000Z,a1038add-0734-45e2-9f00-b3c93aa22e27,-114.0181192,50.8609513
8307,WB Canyon Meadows DR @ Queensland DR SE (E. leg),ACTIVE,2026-09-29T19:46:12.000Z,2026-09-29T19:46:12.000Z,1ffd0fc5-7b37-4a69-9f0b-dfd773b9aa15,-114.0181715,50.9320089
9418,WB 8 AV NE @ 17A ST NE,ACTIVE,2026-09-29T19:46:12.000Z,2026-09-29T19:46:12.000Z,5cc49528-d11e-462e-ac93-d849d851c417,-114.0181918,51.0599098
6161,SB Queensland Dr @ 500 Queensland PL SE,ACTIVE,2026-09-29T19:46:12.000Z,2026-09-29T19:46:12.000Z,b7fc9e6f-1bf6-4479-8795-a0f95fa8f2b5,-114.0182743,50.9337386
4672,WB 28 AV SE @ Inglewood Terminal,ACTIVE,2026-09-29T19:46:12.000Z,2026-09-29T19:46:12.000Z,1440c023-2f41-4fe1-9d48-f031aad02026,-114.0183376,51.0289726
4517,WB 62 AV SE @ 17A ST SE,ACTIVE,2026-09-29T19:46:12.000Z,2026-09-29T19:46:12.000Z,a93fa277-8b61-414f-a380-1a2486c07a13,-114.0183586,50.9977856
4669,WB 9 AV SE @ 20 ST SE,ACTIVE,2026-09-29T19:46:12.000Z,2026-09-29T19:46:12.000Z,50dc2407-b43f-4e62-8161-cfa37876249e,-114.0183801,51.0347737
6338,NB Riverbend DR @ Riverbend GA SE,ACTIVE,2026-09-29T19:46:12.000Z,2026-09-29T19:46:12.000Z,ef448331-b5a8-40cf-b8cb-a4999c9cb301,-114.0184652,50.9761193
8059,NB Riverbend DR @ Riverbirch CR SE,ACTIVE,2026-09-29T19:46:12.000Z,2026-09-29T19:46:12.000Z,59f2550d-5d25-486a-9e05-afb96634ac8c,-114.0186475,50.9781658
5964,EB Deer Ridge DR @ Deerview DR SE,ACTIVE,2026-09-29T19:46:12.000Z,2026-09-29T19:46:12.000Z,7798388f-2350-4c3c-97cd-b50c7a5ca8a4,-114.0186504,50.924969
4670,NB 17 ST SE @ 24 AV SE,ACTIVE,2026-09-29T19:46:12.000Z,2026-09-29T19:46:12.000Z,5b7b2e67-62b3-4212-bd57-bb8f048543bf,-114.0190543,51.0322723
8057,EB Rivervalley DR @ Riverview PA SE,ACTIVE,2026-09-29T19:46:12.000Z,2026-09-29T19:46:12.000Z,dbe7a3dd-1326-45fd-b56c-8906506cc56f,-114.0191794,50.9727554
4675,SB 17 ST SE @ 24 AV SE,ACTIVE,2026-09-29T19:46:12.000Z,2026-09-29T19:46:12.000Z,ecd1dea8-93e0-4e2d-ae2c-a080e6ad48ea,-114.0192257,51.031602
9170,EB Queensland DR @ Queen Anne WY SE,ACTIVE,2026-09-29T19:46:12.000Z,2026-09-29T19:46:12.000Z,3c80b670-2a1a-407b-8a55-59c685e09085,-114.0193708,50.9397394
2367,EB 100 AV NE @ 16 ST NE,ACTIVE,2026-09-29T19:46:12.000Z,2026-09-29T19:46:12.000Z,2f3f9945-c6d1-48dd-953c-3b1fcd275342,-114.01946,51.1432962
5611,EB 9 AV SE @ 19 ST SE,ACTIVE,2026-09-29T19:46:12.000Z,2026-09-29T19:46:12.000Z,1cacc304-bc40-4569-8e4e-26501dd1725e,-114.0195546,51.0351455
7521,WB 27 AV NE @ 16 ST NE,ACTIVE,2026-09-29T19:46:12.000Z,2026-09-29T19:46:12.000Z,e1f8383c-1e35-432e-b4c0-2aa200f3cfd4,-114.0196227,51.0769558
9091,WB Deer Ridge DR @ Deerview DR SE,ACTIVE,2026-09-29T19:46:12.000Z,2026-09-29T19:46:12.000Z,732392a7-d16f-4167-bc06-bb08e6a67c07,-114.0197926,50.925358
2185,NB Freeport BV @ 104 AV NE,ACTIVE,2026-09-29T19:46:12.000Z,2026-09-29T19:46:12.000Z,31f7293c-ff73-4418-a822-511df072a826,-114.0199981,51.1474818
2366,NB 16 ST NE @ 100 AV NE,ACTIVE,2026-09-29T19:46:12.000Z,2026-09-29T19:46:12.000Z,2f9aa092-6854-44db-9b71-2bd5dd9f6e58,-114.0200137,51.1439562
9942,EB Ogden RD @ 16A ST SE,ACTIVE,2026-09-29T19:46:12.000Z,2026-09-29T19:46:12.000Z,818d45ec-4c52-4953-86dc-268e353fb454,-114.0200501,51.0185354
7096,EB 32 AV NE @ 15A ST NE,ACTIVE,2026-09-29T19:46:12.000Z,2026-09-29T19:46:12.000Z,41950188-7560-4354-ba1f-40baf648a5ad,-114.0200526,51.0813743
4536,EB Ogden RD @ 16A ST SE,ACTIVE,2026-09-29T19:46:12.000Z,2026-09-29T19:46:12.000Z,5b8f051a-7739-4cc5-a692-da68fc8f61e9,-114.0201361,51.0185286
5842,EB 62 AV @ Lynnview RD SE,ACTIVE,2026-09-29T19:46:12.000Z,2026-09-29T19:46:12.000Z,98b2e1a0-50a2-4223-b85a-0606bdfffe9b,-114.0201467,50.9976874
5248,NB @ Willow Glen Business PK,ACTIVE,2026-09-29T19:46:12.000Z,2026-09-29T19:46:12.000Z,b9c2ebe0-df1b-4377-883a-eb092e844aed,-114.0201995,51.0574757
2186,SB 16 ST NE @ 104 AV NE,ACTIVE,2026-09-29T19:46:12.000Z,2026-09-29T19:46:12.000Z,0fa504e1-c75f-4c31-9e1b-dc3b148ebc8f,-114.0202139,51.146398
4510,WB Ogden RD @ 16A ST SE,ACTIVE,2026-09-29T19:46:12.000Z,2026-09-29T19:46:12.000Z,d28b5014-bfb3-46e0-8cda-22e719d9df6f,-114.0203826,51.0186878
9943,WB Ogden RD @ 16A ST SE,ACTIVE,2026-09-29T19:46:12.000Z,2026-09-29T19:46:12.000Z,eac5b68d-82a2-413b-b50d-ff2c83828192,-114.0203843,51.0186608
9417,EB 8 AV NE @ 16A ST NE,ACTIVE,2026-09-29T19:46:12.000Z,2026-09-29T19:46:12.000Z,9cca8eed-ea74-41d2-9b09-5dd1d8ab30a7,-114.0205333,51.0591888
8292,WB Queensland DR @ Queen Anne WY SE,ACTIVE,2026-09-29T19:46:12.000Z,2026-09-29T19:46:12.000Z,3ba4ae6d-6986-47ea-b6f2-e77f8afc4a1b,-114.0206174,50.940059
2206,EB Legacy Village WY @ Legacy BV SE,ACTIVE,2026-09-29T19:46:12.000Z,2026-09-29T19:46:12.000Z,e7a370f3-249c-41f6-902f-9e4ac69bbc45,-114.02077,50.8572051
9419,WB 8 AV NE @ 16A ST NE,ACTIVE,2026-09-29T19:46:12.000Z,2026-09-29T19:46:12.000Z,54132283-db54-4c89-a6c5-a59c1ec4f0db,-114.020803,51.0592569
2428,WB 194 AV & Chaparral BV SE,ACTIVE,2026-09-29T19:46:12.000Z,2026-09-29T19:46:12.000Z,2a6168fa-7c93-4259-abed-d3bbcb91a52b,-114.0208515,50.8783207
1807,WB Stoney BV NE @ CT Stoney Garage,ACTIVE,2026-09-29T19:46:12.000Z,2026-09-29T19:46:12.000Z,00605a1c-f774-424e-ac3d-7b6d5a8bdceb,-114.0210446,51.1653515
5077,WB 9 AV SE @ 19 ST SE,ACTIVE,2026-09-29T19:46:12.000Z,2026-09-29T19:46:12.000Z,5b26ff72-8981-4091-9dd3-aa62d85ca3fc,-114.0210644,51.0359836
9608,SB Lynnview RD @ 62 AV SE,ACTIVE,2026-09-29T19:46:12.000Z,2026-09-29T19:46:12.000Z,753c67d5-c2aa-46c1-8526-8cde780b8212,-114.0211111,50.9975411
3391,9th Avenue SE Station (EB),ACTIVE,2026-09-29T19:46:12.000Z,2026-09-29T19:46:12.000Z,0eae3331-d9cd-4359-9a42-899828db0859,-114.021232,51.0366167
3388,9th Avenue SE Station (WB),ACTIVE,2026-09-29T19:46:12.000Z,2026-09-29T19:46:12.000Z,180eb3a3-efd5-43e4-adee-370a480cc374,-114.0213163,51.0367043
8172,NB Lynnview RD @ Lynnview WY SE,ACTIVE,2026-09-29T19:46:12.000Z,2026-09-29T19:46:12.000Z,021b3fcb-43a7-4489-9777-16b492c309aa,-114.0213502,50.9951455
2214,NB Legacy BV SE @ Legacy Main ST SE,ACTIVE,2026-09-29T19:46:12.000Z,2026-09-29T19:46:12.000Z,b0d68a1d-a009-4643-bae3-0d5375b52d0d,-114.0214519,50.8612883
2215,NB Walgrove DR SE @ 210 AV SE,ACTIVE,2026-09-29T19:46:12.000Z,2026-09-29T19:46:12.000Z,54e3efb3-b381-481a-9d6b-a07331377931,-114.0214554,50.8637288
9373,SB Lynnview RD @ S. Leg Lynnview WY SE,ACTIVE,2026-09-29T19:46:12.000Z,2026-09-29T19:46:12.000Z,1f36293f-df04-4610-9cb7-f86225a1768c,-114.021491,50.9947263
8826,EB 9 AV SE @ 16 ST SE,ACTIVE,2026-09-29T19:46:12.000Z,2026-09-29T19:46:12.000Z,f65e2399-e8b5-43da-9ba9-f7a5ef997a52,-114.0215385,51.0361091
7406,WB 32 AV NE @ 15A ST NE,ACTIVE,2026-09-29T19:46:12.000Z,2026-09-29T19:46:12.000Z,c25f369a-c423-4e16-9727-d24e451f6135,-114.0215802,51.0816021
7513,EB 27 AV NE @ 15 ST NE,ACTIVE,2026-09-29T19:46:12.000Z,2026-09-29T19:46:12.000Z,30075f10-a488-4bc6-aab1-6e65e290fed3,-114.0215992,51.0768623
7071,EB Deer Ridge DR @ Deer Ridge WY SE,ACTIVE,2026-09-29T19:46:12.000Z,2026-09-29T19:46:12.000Z,87998e6f-bbe6-407e-8e5f-49d3e6f1de56,-114.0218654,50.9254379
6265,EB Canyon Meadows DR @ Deerview DR SE,ACTIVE,2026-09-29T19:46:12.000Z,2026-09-29T19:46:12.000Z,66478e0f-f8fe-4b12-9107-f2ceff6d30ef,-114.0222924,50.9316734
8060,WB Riverbend DR @ Riverbirch RD SE,ACTIVE,2026-09-29T19:46:12.000Z,2026-09-29T19:46:12.000Z,ac022987-3893-49fd-8c48-df37ed3de71b,-114.0223555,50.9812288
1804,EB 120 AV NE @ 16 ST NE,ACTIVE,2026-09-29T19:46:12.000Z,2026-09-29T19:46:12.000Z,5d8c53d3-7423-453b-ae4e-01330552d9dc,-114.0223973,51.1615443
2714,WB  210 AV SE @  Walgrove DR SE,ACTIVE,2026-09-29T19:46:12.000Z,2026-09-29T19:46:12.000Z,18c7a7a0-f4ae-463e-a727-dee77fc467e0,-114.0226405,50.8634209
9092,WB Deer Ridge DR @ Deer Ridge WY SE,ACTIVE,2026-09-29T19:46:12.000Z,2026-09-29T19:46:12.000Z,39ec37a8-46ee-49e5-927f-14f78db79d20,-114.0229173,50.9256806
7522,WB 27 AV NE @ 15 ST NE,ACTIVE,2026-09-29T19:46:12.000Z,2026-09-29T19:46:12.000Z,09403b8c-748a-43aa-8a40-4efd263170b3,-114.0229922,51.0769608
5839,EB Ogden RD @ 15A ST SE,ACTIVE,2026-09-29T19:46:12.000Z,2026-09-29T19:46:12.000Z,aefc3aeb-b504-48bd-b3c2-20d064daec9d,-114.0230292,51.0185574
2223,EB Walden DR @ Walgrove DR SE,ACTIVE,2026-09-29T19:46:12.000Z,2026-09-29T19:46:12.000Z,5216f6bf-a8de-4d93-bdcf-3b4a8a7e6b26,-114.0233855,50.8654917
8056,EB Riverbend DR @ Riverview DR SE,ACTIVE,2026-09-29T19:46:12.000Z,2026-09-29T19:46:12.000Z,53523bd2-50d7-4eeb-bd1a-e5318f038669,-114.0234452,50.9748882
6468,SB Parkvalley DR @ W. of Parkridge DR SE,ACTIVE,2026-09-29T19:46:12.000Z,2026-09-29T19:46:12.000Z,2fe8afa2-eaae-44a9-b317-c7c42853c343,-114.0236331,50.9133576
2429,EB 194 AV SE & Walden BV,ACTIVE,2026-09-29T19:46:12.000Z,2026-09-29T19:46:12.000Z,f00ffdaa-ad17-409f-9a91-1eef505f260f,-114.0236525,50.8776276
8308,WB Canyon Meadows DR @ Queen Charlotte DR SE,ACTIVE,2026-09-29T19:46:12.000Z,2026-09-29T19:46:12.000Z,54e4a4d7-3462-4525-930a-44afa35cadec,-114.0237157,50.9318986
2216,WB Walden DR SE @ Walgrove CL SE,ACTIVE,2026-09-29T19:46:12.000Z,2026-09-29T19:46:12.000Z,0f1832c4-a3b9-4164-a4d6-b35b5cd411f7,-114.023824,50.8657709
6160,EB Queensland DR @ Queensland CI SE,ACTIVE,2026-09-29T19:46:12.000Z,2026-09-29T19:46:12.000Z,ef4968bc-af9d-4964-85e7-ea2ced5b1a0b,-114.0239925,50.9398213
6065,NB Sun Valley BV @ Sun Harbour RD SE,ACTIVE,2026-09-29T19:46:12.000Z,2026-09-29T19:46:12.000Z,955617a2-7b7f-4014-8b1b-e64a8a848ca8,-114.024101,50.9015679
6770,SB Deer Ridge DR @ Deerpoint RD SE,ACTIVE,2026-09-29T19:46:12.000Z,2026-09-29T19:46:12.000Z,be5988f3-bfad-4232-b1a8-027b313fc7f6,-114.0243124,50.926121
4509,WB Ogden RD @ 15A ST SE,ACTIVE,2026-09-29T19:46:12.000Z,2026-09-29T19:46:12.000Z,12cecd1b-8ca1-4481-b2df-fd0cd4b55222,-114.0243481,51.018672
4196,NB Parkland BV @ 146 AV SE,ACTIVE,2026-09-29T19:46:12.000Z,2026-09-29T19:46:12.000Z,04df2b06-bcc4-4afe-addc-31fa08fd9b03,-114.0243523,50.9169821
5784,NB Chaparral BV @ Chaparral Ridge PA SE,ACTIVE,2026-09-29T19:46:12.000Z,2026-09-29T19:46:12.000Z,8894771f-38ff-4a9a-b00a-d5e63926d6ff,-114.0243528,50.8842407
5809,NB Chaparral BV @ Chaparral Ravine WY SE,ACTIVE,2026-09-29T19:46:12.000Z,2026-09-29T19:46:12.000Z,203c24cd-5754-4d45-9461-1353e555aee7,-114.0243859,50.8811121
8847,EB 9 AV SE @ 15 ST SE,ACTIVE,2026-09-29T19:46:12.000Z,2026-09-29T19:46:12.000Z,6f58029e-6455-4fb2-bb79-6a0bbbc48e8f,-114.0244499,51.0373392
7512,EB 27 AV NE @ 12 ST NE,ACTIVE,2026-09-29T19:46:12.000Z,2026-09-29T19:46:12.000Z,91a38aba-728d-4c5b-a8a6-f30cde34805e,-114.0245262,51.0768649
8867,WB 9 AV SE @ 15 ST SE,ACTIVE,2026-09-29T19:46:12.000Z,2026-09-29T19:46:12.000Z,c0dd52d3-925d-4aa0-a7f7-a04488e886cf,-114.024539,51.0375285
3654,SB Sun Valley BV @ Sun Harbour RD SE,ACTIVE,2026-09-29T19:46:12.000Z,2026-09-29T19:46:12.000Z,6f8f0a7f-0186-44ef-9b1c-5ec9197384f9,-114.0245589,50.9005002
9235,SB Parkland BV @ 146 AV SE,ACTIVE,2026-09-29T19:46:12.000Z,2026-09-29T19:46:12.000Z,ea8ab2fa-857e-445a-8f75-bbfa1176c4e8,-114.0246201,50.916621
7983,NB Chaparral BV @ Chaparral Ridge DR SE,ACTIVE,2026-09-29T19:46:12.000Z,2026-09-29T19:46:12.000Z,477daa06-30e5-43db-b9a6-b3334965401e,-114.0246413,50.8864069
9093,NB Deer Ridge DR @ Deer Point RD SE,ACTIVE,2026-09-29T19:46:12.000Z,2026-09-29T19:46:12.000Z,8be6faa8-bc4b-4de2-81ed-d6bbe4f6461a,-114.0246446,50.9267141
4778,SB Chaparral BV @ S.OF Chaparral DR SE,ACTIVE,2026-09-29T19:46:12.000Z,2026-09-29T19:46:12.000Z,f51a23b5-9173-45ba-9eb3-ed61b701be54,-114.024791,50.8833883
4777,SB Chaparral BV @ Chapala WY SE,ACTIVE,2026-09-29T19:46:12.000Z,2026-09-29T19:46:12.000Z,c125f338-1070-498c-9eb2-be78c11bce6f,-114.0248437,50.8814467
4779,SB Chaparral BV @ Chaparral DR SE,ACTIVE,2026-09-29T19:46:12.000Z,2026-09-29T19:46:12.000Z,e0b27e76-243e-4afb-a1b0-a2c93856158d,-114.0249087,50.8853343
2205,SB Legacy Village WY/ Legacy Vil RD SE,ACTIVE,2026-09-29T19:46:12.000Z,2026-09-29T19:46:12.000Z,95e09daf-dcc0-4aa7-ae9d-26915e9b213b,-114.0249163,50.8591118
8061,SB Riverbend DR @ Riverside WY SE,ACTIVE,2026-09-29T19:46:12.000Z,2026-09-29T19:46:12.000Z,1cbd2f4f-ae9f-4da8-84aa-b7e67320a8b1,-114.0249287,50.9804309
8055,SB Riverbend DR @ Riverside CL SE,ACTIVE,2026-09-29T19:46:12.000Z,2026-09-29T19:46:12.000Z,1b8e0a3d-27a7-4c82-b6c3-a041e6fcdcec,-114.0251278,50.9766491
6033,NB 12 ST NE @ 27 AV NE,ACTIVE,2026-09-29T19:46:12.000Z,2026-09-29T19:46:12.000Z,574bcb89-871f-42d5-9de8-b55642da67c6,-114.0252518,51.0773511
6560,WB Sun Harbour RD @ Sun Valley BV SE,ACTIVE,2026-09-29T19:46:12.000Z,2026-09-29T19:46:12.000Z,6ee058c7-c06e-44fb-8e05-d6d3b7179f08,-114.0253171,50.9007894
2222,EB Walden DR @ Walgrove CV SE,ACTIVE,2026-09-29T19:46:12.000Z,2026-09-29T19:46:12.000Z,8294daea-3d68-4ad6-b821-73960b4cf48c,-114.0253363,50.8661073
6469,NB Parkland BV @ Parkvalley RD SE,ACTIVE,2026-09-29T19:46:12.000Z,2026-09-29T19:46:12.000Z,d55936fa-9135-4ddd-9655-a78543fd30fc,-114.0253889,50.9188444
2500,All Saints High School,ACTIVE,2026-09-29T19:46:12.000Z,2026-09-29T19:46:12.000Z,f3ce378e-ef26-4b52-bb91-ebfefb15aba1,-114.0254636,50.8596223
6813,EB Zoo CTrain Station,ACTIVE,2026-09-29T19:46:12.000Z,2026-09-29T19:46:12.000Z,624607fd-b566-4c97-97a6-68058f98df3e,-114.0255112,51.0472697
8568,WB Zoo CTrain Station,ACTIVE,2026-09-29T19:46:12.000Z,2026-09-29T19:46:12.000Z,da022c50-f376-4ad4-af53-544f3fda59cd,-114.0255447,51.0474144
6324,WB Chaparral DR @ Chaparral BV SE,ACTIVE,2026-09-29T19:46:12.000Z,2026-09-29T19:46:12.000Z,30771c13-f85d-43b0-b8cf-06e0bf997bda,-114.0256149,50.885856
9234,SB Parkland BV @ Parkvalley RD SE,ACTIVE,2026-09-29T19:46:12.000Z,2026-09-29T19:46:12.000Z,4e816aa8-59d9-4a54-95f8-70bb5d0582fb,-114.0256325,50.918149
8316,WB Queensland PL @ Queensland DR SE,ACTIVE,2026-09-29T19:46:12.000Z,2026-09-29T19:46:12.000Z,a40b072f-934e-4fe1-b948-b4a5f1ff819d,-114.0258421,50.9396166
8315,EB Queensland PL @ Queensland DR SE,ACTIVE,2026-09-29T19:46:12.000Z,2026-09-29T19:46:12.000Z,51d88507-73af-430b-9ddd-fb261637d7c7,-114.025882,50.9394378
2217,WB Walden DR SE @ Walgrove ST SE,ACTIVE,2026-09-29T19:46:12.000Z,2026-09-29T19:46:12.000Z,dbc0b6d2-6abb-4a55-b203-63290979d034,-114.0259084,50.8667884
9233,SB Parkland BV @ 200 Parkglen PL SE,ACTIVE,2026-09-29T19:46:12.000Z,2026-09-29T19:46:12.000Z,b4e70871-44d3-437f-be23-baefe0846bcc,-114.0259106,50.9209266
8285,SB Deer Ridge DR @ 137 AV SE,ACTIVE,2026-09-29T19:46:12.000Z,2026-09-29T19:46:12.000Z,2f969464-885d-436e-90d6-bf61710ea6b7,-114.0260389,50.9278381
6333,SB Riverbend DR @ Riverside CI SE,ACTIVE,2026-09-29T19:46:12.000Z,2026-09-29T19:46:12.000Z,e0cdeafb-3a5c-44e3-bd19-d17e85453d33,-114.0260395,50.9784354
6016,SB 12 ST NE @ 30 AV NE,ACTIVE,2026-09-29T19:46:12.000Z,2026-09-29T19:46:12.000Z,3947bad4-2027-49bd-8617-44ceff1eafb3,-114.0260543,51.0788647
3574,NB Walden BV @ nleg Walden Dr SE midblk,ACTIVE,2026-09-29T19:46:12.000Z,2026-09-29T19:46:12.000Z,2846626d-91b1-4754-bedc-79b9a9b12e4a,-114.02609,50.8751423
4195,NB Parkland BV @ 200 Parkglen PL SE,ACTIVE,2026-09-29T19:46:12.000Z,2026-09-29T19:46:12.000Z,a793d975-9467-47f5-a5a8-319e44986477,-114.0260921,50.9216508
2252,NB Legacy Village LI @ 210 AV SE,ACTIVE,2026-09-29T19:46:12.000Z,2026-09-29T19:46:12.000Z,ea6b75f2-2914-407f-91a9-7aed67205de7,-114.0261043,50.8634661
4537,EB Ogden RD @ 14A ST SE,ACTIVE,2026-09-29T19:46:12.000Z,2026-09-29T19:46:12.000Z,72d574fb-6e0d-45b9-a553-4361e9425b0e,-114.0261661,51.0185654
2274,EB Country Hills BV @ 14 ST NE,ACTIVE,2026-09-29T19:46:12.000Z,2026-09-29T19:46:12.000Z,be7a088e-1b66-420b-8628-14087828d034,-114.0262139,51.1541191
8312,EB Canyon Meadows DR @ Deer Ridge DR SE,ACTIVE,2026-09-29T19:46:12.000Z,2026-09-29T19:46:12.000Z,6c1a70b5-952a-4461-956b-ececcfeeb8d5,-114.0262454,50.9317382
2246,SB Legacy Village Li @ 210 Av SE,ACTIVE,2026-09-29T19:46:12.000Z,2026-09-29T19:46:12.000Z,a81224fa-1356-4557-b346-c44db8972c05,-114.026271,50.8638166
2384,NB 14 ST NE @ 115 AV NE,ACTIVE,2026-09-29T19:46:12.000Z,2026-09-29T19:46:12.000Z,2631a7e4-4883-4111-962f-fd7d135b7ac5,-114.0263649,51.1581301
7527,NB 12 ST NE @ 30 AV NE,ACTIVE,2026-09-29T19:46:12.000Z,2026-09-29T19:46:12.000Z,48da2a1c-add4-4a37-990c-1df89b5691ae,-114.0264763,51.0796311
6164,NB Deer Ridge DR @ 137 AV SE,ACTIVE,2026-09-29T19:46:12.000Z,2026-09-29T19:46:12.000Z,e93371d7-eb84-48bb-b72d-79aa7bfbcf29,-114.0265069,50.9285336
8311,NB Queensland DR @ Queen Alexandra WY SE,ACTIVE,2026-09-29T19:46:12.000Z,2026-09-29T19:46:12.000Z,66cd6dd0-54f3-4479-acc4-74cb52cb89b3,-114.0265627,50.9381418
7993,EB Sun Valley BV @ Sun Valley DR SE,ACTIVE,2026-09-29T19:46:12.000Z,2026-09-29T19:46:12.000Z,d6172209-05a1-4361-921f-7c60081a49f8,-114.0266297,50.9036293
6647,EB Chapala WY @ Chapman LI SE,ACTIVE,2026-09-29T19:46:12.000Z,2026-09-29T19:46:12.000Z,85be1b3f-d807-4def-95cb-7a1ffa1e9fc7,-114.0266861,50.8806482
2191,WB Aero DR @ Aero CR E legNE,ACTIVE,2026-09-29T19:46:12.000Z,2026-09-29T19:46:12.000Z,8e5d6ff3-db68-4b02-b0f1-f051d33b524a,-114.0267787,51.1367077
4373,NB Deer Ridge DR @ S. of Canyon Meadows DR SE,ACTIVE,2026-09-29T19:46:12.000Z,2026-09-29T19:46:12.000Z,d21e711f-3610-4e37-a45c-244902f897c6,-114.0269447,50.9303708
6165,NB Queensland Dr @ Canyon Meadows DR SE,ACTIVE,2026-09-29T19:46:12.000Z,2026-09-29T19:46:12.000Z,b351775a-ff52-43c0-9aa1-df10c33f5c13,-114.0270135,50.9326393
2239,NB Legacy Village LI @ Legacy Main ST SE,ACTIVE,2026-09-29T19:46:12.000Z,2026-09-29T19:46:12.000Z,54892291-44ef-497f-addf-bb79a44d4b1d,-114.0271234,50.8620816
5863,WB Ogden RD @ 14A ST SE,ACTIVE,2026-09-29T19:46:12.000Z,2026-09-29T19:46:12.000Z,9021c1de-23d4-47e9-949d-ab223de5bcf5,-114.0271712,51.0186809
5962,SB Queensland DR @ Queen Alexandra WY SE,ACTIVE,2026-09-29T19:46:12.000Z,2026-09-29T19:46:12.000Z,f40259cd-4012-4d5e-8da3-eee795fa3024,-114.0273492,50.9376401
5963,SB Deer Ridge DR @ S. of Canyon Meadows DR SE,ACTIVE,2026-09-29T19:46:12.000Z,2026-09-29T19:46:12.000Z,77be40db-cfe0-4231-bd71-475c6f77226b,-114.027355,50.9306331
2296,EB Aero DR @ Aero WY NE,ACTIVE,2026-09-29T19:46:12.000Z,2026-09-29T19:46:12.000Z,d14b6451-3022-48c4-a3b3-022077a05dd4,-114.0274619,51.1364004
2389,SB 14 ST NE @ 115 AV NE,ACTIVE,2026-09-29T19:46:12.000Z,2026-09-29T19:46:12.000Z,998037e1-a67d-4699-99b0-635df944fc14,-114.0275616,51.1575597
4776,WB Chapala WY @ Chapman LI SE,ACTIVE,2026-09-29T19:46:12.000Z,2026-09-29T19:46:12.000Z,e9bfcba7-48b0-4320-98e7-8874036c2e0a,-114.0277126,50.8810521
7995,WB Sun Valley BV @ Sun Valley DR SE,ACTIVE,2026-09-29T19:46:12.000Z,2026-09-29T19:46:12.000Z,c2504bff-fd03-4705-96b2-6142b0c887e2,-114.0277668,50.9040901
6274,WB Canyon Meadows Dr @ Queensland DR SE (W. leg),ACTIVE,2026-09-29T19:46:12.000Z,2026-09-29T19:46:12.000Z,95aaa611-d798-44d1-8252-fc3b0b8f411c,-114.0277699,50.931939
8246,NB Sunmills DR @ Sun Harbour CR SE,ACTIVE,2026-09-29T19:46:12.000Z,2026-09-29T19:46:12.000Z,04c0db5b-9dba-40f9-88a2-8c58dc7cb5a8,-114.0277976,50.8989186
3570,SB Walden BV @ N. leg Walden DR SE midblk,ACTIVE,2026-09-29T19:46:12.000Z,2026-09-29T19:46:12.000Z,df9f2572-9212-4ee2-a63f-64516294b16f,-114.0278277,50.8747998
6034,WB 32 AV NE @ 12 ST NE,ACTIVE,2026-09-29T19:46:12.000Z,2026-09-29T19:46:12.000Z,8dc4d56f-d3c5-4e2c-a17d-44bcdbb80861,-114.0278483,51.0816179
2860,NB 14 ST NE @ COUNTRY HILLS BV,ACTIVE,2026-09-29T19:46:12.000Z,2026-09-29T19:46:12.000Z,f1131d20-17ee-499a-941a-7e69a5c2b308,-114.0278524,51.1550405
8253,NB Sunmills DR @ Sun Harbour RD,ACTIVE,2026-09-29T19:46:12.000Z,2026-09-29T19:46:12.000Z,c8dc0d46-288c-4391-890c-4e9331706c94,-114.0278986,50.900705
1958,NB 14 ST @ 110 AV NE,ACTIVE,2026-09-29T19:46:12.000Z,2026-09-29T19:46:12.000Z,d0003a0f-d4aa-4e8c-8679-e63d627ca0ab,-114.027911,51.1519927
6467,SB Parkland BV @ Parkside DR SE,ACTIVE,2026-09-29T19:46:12.000Z,2026-09-29T19:46:12.000Z,43e777b8-46fa-4bfc-8abf-f471f0833d46,-114.0279736,50.9233898
8248,SB Sunmills DR @ Sun Harbour CR SE,ACTIVE,2026-09-29T19:46:12.000Z,2026-09-29T19:46:12.000Z,58f1c2ce-5615-4423-94b3-8387a86ca9bb,-114.0280237,50.8989424
8317,WB Queensland PL @ Diamond DR SE,ACTIVE,2026-09-29T19:46:12.000Z,2026-09-29T19:46:12.000Z,95c2a91a-7326-4c6a-bd6d-db4078c9e770,-114.0282414,50.9408381
9099,NB Parkland BV @ Parkside DR SE,ACTIVE,2026-09-29T19:46:12.000Z,2026-09-29T19:46:12.000Z,3dc443fd-a4d5-404d-b685-8183a07f7393,-114.0282501,50.9239636
1959,SB 14 ST @ 110 AV NE,ACTIVE,2026-09-29T19:46:12.000Z,2026-09-29T19:46:12.000Z,a26da918-c1dd-45a4-b504-c9dece78bdeb,-114.0282965,51.152204
2240,NB Walden CM @ 210 AV SE,ACTIVE,2026-09-29T19:46:12.000Z,2026-09-29T19:46:12.000Z,a75c4212-1099-436e-a29a-568aa0c2eb1d,-114.0284515,50.866094
8309,NB Queensland DR @ Queensland GA SE,ACTIVE,2026-09-29T19:46:12.000Z,2026-09-29T19:46:12.000Z,5555777d-0634-4f1f-8db5-0a15726b941e,-114.0284576,50.9345471
8310,NB Queensland DR @ Queen Alexandra CL SE,ACTIVE,2026-09-29T19:46:12.000Z,2026-09-29T19:46:12.000Z,e59a337f-f8d4-4c06-bc72-d12860efafb3,-114.028467,50.9364093
5058,EB 9 AV SE @ 14 ST SE,ACTIVE,2026-09-29T19:46:12.000Z,2026-09-29T19:46:12.000Z,73e8d835-f157-4dd3-8533-37211977632f,-114.0285426,51.0389275
9163,EB Queensland PL @ Diamond DR SE,ACTIVE,2026-09-29T19:46:12.000Z,2026-09-29T19:46:12.000Z,0f38f16b-92ed-45f6-88df-ea7b1a7d87b0,-114.0285502,50.9406841
4034,EB Chapala WY @ Chapala DR SE,ACTIVE,2026-09-29T19:46:12.000Z,2026-09-29T19:46:12.000Z,57c547d8-4d84-4f3a-bb61-96ca5552fb4e,-114.0285876,50.8811554
8314,SB Queensland DR @ Queen Isabella CL SE,ACTIVE,2026-09-29T19:46:12.000Z,2026-09-29T19:46:12.000Z,79fd1c40-b7cf-4d9f-8731-b3bfd01431c0,-114.0285924,50.9344426
6995,NB Glendeer CI @ Heritage DR SE,ACTIVE,2026-09-29T19:46:12.000Z,2026-09-29T19:46:12.000Z,7ae38c23-52f8-4091-b265-c1e29a6b3b95,-114.0289288,50.9876299
8313,SB Queensland DR @ Queen Alexandra CL SE,ACTIVE,2026-09-29T19:46:12.000Z,2026-09-29T19:46:12.000Z,d102abfb-5f01-457f-8ec4-d4c2235e4a0a,-114.0289607,50.9358102
5968,NB Lake Sylvan DR @ N. of Lake Michigan CR SE,ACTIVE,2026-09-29T19:46:12.000Z,2026-09-29T19:46:12.000Z,245cbc5d-29fa-4cd9-b6d6-900cc0e7f36e,-114.0289877,50.944761
2254,EB 8 AV NE @ 13A ST NE,ACTIVE,2026-09-29T19:46:12.000Z,2026-09-29T19:46:12.000Z,2941ac4a-6c20-4ed7-8ac4-67e9441764c5,-114.0289982,51.0590887
6015,EB 32 AV NE @ 12 ST NE,ACTIVE,2026-09-29T19:46:12.000Z,2026-09-29T19:46:12.000Z,df67ac67-e481-4840-ad52-b0c94666b402,-114.0290181,51.0813463
2168,WB 8 AV NE @ 13A ST NE,ACTIVE,2026-09-29T19:46:12.000Z,2026-09-29T19:46:12.000Z,531acae7-372c-4b28-ad6a-fbc20bef01d8,-114.0290813,51.0592177
2275,WB Country Hills BV @ 14 ST NE,ACTIVE,2026-09-29T19:46:12.000Z,2026-09-29T19:46:12.000Z,432c976b-0783-4104-97c1-cd34dd56f7ee,-114.0291576,51.1544485
2295,WB Aero WY @ Aero CO NE,ACTIVE,2026-09-29T19:46:12.000Z,2026-09-29T19:46:12.000Z,509b080d-3804-4f15-a75f-6ee69a1ba8c8,-114.0292471,51.1310885
7982,EB Chaparral DR @ Chapala DR SE,ACTIVE,2026-09-29T19:46:12.000Z,2026-09-29T19:46:12.000Z,bb1d25c3-0186-49a9-87dc-782974471a55,-114.0293162,50.8851228
8849,WB 9 AV SE @ 14 ST SE,ACTIVE,2026-09-29T19:46:12.000Z,2026-09-29T19:46:12.000Z,5a292151-8743-45de-b316-4d9d3d5ffdc3,-114.0293679,51.0394073
4775,SB Chapala DR @ Chapala WY SE,ACTIVE,2026-09-29T19:46:12.000Z,2026-09-29T19:46:12.000Z,5288465c-d994-44c2-9843-d7c48b44216a,-114.0294803,50.8809802
7992,EB Sun Valley BV @ Sunmills DR SE,ACTIVE,2026-09-29T19:46:12.000Z,2026-09-29T19:46:12.000Z,09f28ea8-f5a6-4148-8f30-cbd1f58c1138,-114.0295189,50.9040537
6035,NB 12 ST NE @ 34 AV NE,ACTIVE,2026-09-29T19:46:12.000Z,2026-09-29T19:46:12.000Z,210233f8-4995-42e7-98b2-d050133f2b7e,-114.0295208,51.0838192
2218,NB Walden BV SE @ Walden GV SE,ACTIVE,2026-09-29T19:46:12.000Z,2026-09-29T19:46:12.000Z,71d680b0-6dcf-40e8-a4e1-7ba7693459c4,-114.0296594,50.8700089
8245,EB Sunmills DR @ Sunwood GA SE,ACTIVE,2026-09-29T19:46:12.000Z,2026-09-29T19:46:12.000Z,9ea71a8b-2b72-4ea2-95b1-da042f13e653,-114.0297204,50.8977623
9161,SB Lake Sylvan DR @ N. of Lake Michigan CR SE,ACTIVE,2026-09-29T19:46:12.000Z,2026-09-29T19:46:12.000Z,a0a4b73e-7838-43fb-9177-9692a82c9630,-114.0297324,50.9440244
2219,NB Walden BV SE @ Walden RI SE,ACTIVE,2026-09-29T19:46:12.000Z,2026-09-29T19:46:12.000Z,456552db-cdaa-4f7e-8155-57d486b64115,-114.0297615,50.8727622
6014,SB 12 ST NE @ 34 AV NE,ACTIVE,2026-09-29T19:46:12.000Z,2026-09-29T19:46:12.000Z,12dfceb8-1f95-4a4f-8015-151e4aafac3f,-114.0297733,51.0829981
2282,SB Aero DR NE @ Bldg 21,ACTIVE,2026-09-29T19:46:12.000Z,2026-09-29T19:46:12.000Z,ef9ccad0-5e6d-4bf7-b95d-4f21ede46fae,-114.0299087,51.1161504
3875,NB Ogden RD @ 38 AV SE,ACTIVE,2026-09-29T19:46:12.000Z,2026-09-29T19:46:12.000Z,26df40fc-0fc5-497c-a34c-72fb9c698365,-114.0299353,51.0205053
2277,NB Aero DR @ S of Aero GT NE,ACTIVE,2026-09-29T19:46:12.000Z,2026-09-29T19:46:12.000Z,ca0adf65-9fe8-4c52-999f-0cdd9f4aad26,-114.029937,51.1166216
4538,SB Ogden RD @ Highfield BV SE,ACTIVE,2026-09-29T19:46:12.000Z,2026-09-29T19:46:12.000Z,77cc6bb8-a349-474a-9307-d1854e187536,-114.0299773,51.0196248
9098,SB Parkland BV @ Parkland WY SE,ACTIVE,2026-09-29T19:46:12.000Z,2026-09-29T19:46:12.000Z,7dfabf43-e15d-444b-bc10-a1134dc01e83,-114.0299801,50.9254019
5264,SB Heritage Meadows RD @ Heritage DR SE,ACTIVE,2026-09-29T19:46:12.000Z,2026-09-29T19:46:12.000Z,087d5c15-558d-4688-97c5-86ef525233d1,-114.0300956,50.9863193
4508,NB Ogden RD @ 38 AV SE,ACTIVE,2026-09-29T19:46:12.000Z,2026-09-29T19:46:12.000Z,8e5e27cf-311a-422e-adec-e3619c8bd4a1,-114.0301169,51.0205639
7389,SB 12 ST NE @ 36 AV NE,ACTIVE,2026-09-29T19:46:12.000Z,2026-09-29T19:46:12.000Z,a96f857d-aa22-4c29-8879-74f636cfa822,-114.030176,51.0849602
9160,EB Lake Sylvan DR @ Lake Huron CR SE,ACTIVE,2026-09-29T19:46:12.000Z,2026-09-29T19:46:12.000Z,6da7cd0e-6503-46c5-a8f3-0945012fa887,-114.0302109,50.9458985
7398,NB 12 ST NE @ 36 AV NE,ACTIVE,2026-09-29T19:46:12.000Z,2026-09-29T19:46:12.000Z,be57bf07-ac26-4c0d-bb48-fea356a1bfa5,-114.030285,51.0857096
3890,SB Ogden RD @ Highfield BV SE,ACTIVE,2026-09-29T19:46:12.000Z,2026-09-29T19:46:12.000Z,2c7b17b3-6949-4af1-a432-7464df1eaeb3,-114.0304007,51.0204308
9100,NB Parkland BV @ Parkland WY SE,ACTIVE,2026-09-29T19:46:12.000Z,2026-09-29T19:46:12.000Z,59c9a41d-6bd9-4e02-9e77-d9c85f5abb08,-114.0304038,50.9261233
6261,WB Chaparral DR @ Chapala DR SE,ACTIVE,2026-09-29T19:46:12.000Z,2026-09-29T19:46:12.000Z,3040b656-ac6c-452f-93c0-d0e2f5baa7c7,-114.0305415,50.8855318
6264,EB Canyon Meadows DR @ Bow Bottom TR SE,ACTIVE,2026-09-29T19:46:12.000Z,2026-09-29T19:46:12.000Z,f2fd3473-bfc6-451d-b329-1c452caf8577,-114.0307261,50.9312281
9941,NB Ogden RD @ 34 AV SE,ACTIVE,2026-09-29T19:46:12.000Z,2026-09-29T19:46:12.000Z,cac8818a-3895-4a21-a36a-b26dc271ad05,-114.0307418,51.023728
4506,NB Ogden RD @ Bonnybrook RD SE,ACTIVE,2026-09-29T19:46:12.000Z,2026-09-29T19:46:12.000Z,463d4164-6769-4ec9-bd8e-4be21bf1db8f,-114.0307583,51.028154
4507,NB Ogden RD @ N. of 34 AV SE,ACTIVE,2026-09-29T19:46:12.000Z,2026-09-29T19:46:12.000Z,2f4e295c-6576-4693-9018-1b80940e447a,-114.0307655,51.0253657
5864,NB Ogden RD @ 34 AV SE,ACTIVE,2026-09-29T19:46:12.000Z,2026-09-29T19:46:12.000Z,82a576b6-eb2d-4cb0-8747-5e657561524c,-114.0307691,51.0237467
3573,EB Walden DR @ Walden SQ SE,ACTIVE,2026-09-29T19:46:12.000Z,2026-09-29T19:46:12.000Z,27054d10-560a-4cee-b2f6-f657925cc362,-114.0307777,50.8741967
7994,WB Sun Valley BV @ Sunmills DR SE,ACTIVE,2026-09-29T19:46:12.000Z,2026-09-29T19:46:12.000Z,2a11c6db-67b0-4b09-ae2f-779933734da7,-114.030872,50.904475
5967,EB Lake Sylvan DR @ Lake Michigan DR SE,ACTIVE,2026-09-29T19:46:12.000Z,2026-09-29T19:46:12.000Z,21dbe9dc-2798-4ccb-ac90-a66e87653012,-114.0308957,50.9427497
9944,SB Ogden RD @ 34 AV SE,ACTIVE,2026-09-29T19:46:12.000Z,2026-09-29T19:46:12.000Z,334d71e7-60b9-42e5-95d4-3553fc583675,-114.0310164,51.0225567
4539,SB Ogden RD @ N. of 34 AV SE,ACTIVE,2026-09-29T19:46:12.000Z,2026-09-29T19:46:12.000Z,59b24006-476a-4375-8da7-969eb2892e4e,-114.0310174,51.0249943
5838,EB Ogden RD @ 34 AV SE,ACTIVE,2026-09-29T19:46:12.000Z,2026-09-29T19:46:12.000Z,6ed991c1-24dc-432e-81b4-6e54ae3a86fa,-114.0310232,51.0224489
4044,NB Chapala DR @ Chapman Circle SE,ACTIVE,2026-09-29T19:46:12.000Z,2026-09-29T19:46:12.000Z,e96bd86c-f9b0-4559-bddb-0008da0fa0a3,-114.0311066,50.8793306
8249,WB Sunmills DR @ Sunwood GA SE,ACTIVE,2026-09-29T19:46:12.000Z,2026-09-29T19:46:12.000Z,b9df3586-447c-44fb-9921-91d445f991fb,-114.0311291,50.8977532
4540,SB Ogden RD @ Blackfoot TR SE,ACTIVE,2026-09-29T19:46:12.000Z,2026-09-29T19:46:12.000Z,03a68aea-501f-48eb-84c9-6283a196b3b1,-114.0313081,51.0291484
9162,SB Lake Michigan DR @ Lake Sylvan DR SE,ACTIVE,2026-09-29T19:46:12.000Z,2026-09-29T19:46:12.000Z,48fa21aa-c85d-4c09-8b91-cad52c2f9c7d,-114.0313331,50.942365
4774,SB Chapala DR @ Chapala RD SE,ACTIVE,2026-09-29T19:46:12.000Z,2026-09-29T19:46:12.000Z,ee6ce57d-da99-44d8-98b0-3208691c8259,-114.0313817,50.878582
3571,WB Walden DR @ Walden SQ SE,ACTIVE,2026-09-29T19:46:12.000Z,2026-09-29T19:46:12.000Z,f037e5f5-bef6-4274-b264-9b00f0805d2b,-114.0317174,50.8746003
7981,SB Chaparral DR@ Chaparral WY SE,ACTIVE,2026-09-29T19:46:12.000Z,2026-09-29T19:46:12.000Z,befea7ab-e4c1-42ff-88fa-5781277ce271,-114.0318491,50.8862127
7388,SB 12 ST NE @ 40 AV NE,ACTIVE,2026-09-29T19:46:12.000Z,2026-09-29T19:46:12.000Z,15a21c8c-9af2-4cec-8c66-af80e342a7ed,-114.0318549,51.088403
7399,NB 12 ST NE @ 40 AV NE,ACTIVE,2026-09-29T19:46:12.000Z,2026-09-29T19:46:12.000Z,ee882ab4-ba16-4837-8215-1dfad0897406,-114.0320528,51.0893255
1960,NB 11 ST @ Country Hills BV NE,ACTIVE,2026-09-29T19:46:12.000Z,2026-09-29T19:46:12.000Z,b9e81bba-42e5-477c-a3a8-a12e941052c5,-114.0321368,51.1529132
1957,SB 11 ST @ Country Hills BV NE,ACTIVE,2026-09-29T19:46:12.000Z,2026-09-29T19:46:12.000Z,ef7d91ce-885d-4ded-9466-437b4f1fbc12,-114.0323189,51.1534638
6248,WB Chaparral DR @ Chaparral WY SE,ACTIVE,2026-09-29T19:46:12.000Z,2026-09-29T19:46:12.000Z,19d26380-f4a9-4667-9a35-e09242c11c1c,-114.0323753,50.8871077
9164,SB Lake Sylvan DR @ Lake Huron CR SE,ACTIVE,2026-09-29T19:46:12.000Z,2026-09-29T19:46:12.000Z,5ade2dac-bbad-47d6-9b45-778bd9e194fd,-114.0324229,50.9458199
2204,EB Walden DR @ Walden HT SE,ACTIVE,2026-09-29T19:46:12.000Z,2026-09-29T19:46:12.000Z,59352abc-ac2c-467c-801e-4b252ddf7154,-114.0324763,50.868072
1975,EB 110 AV @ 11 ST NE,ACTIVE,2026-09-29T19:46:12.000Z,2026-09-29T19:46:12.000Z,ff7c65e3-7794-4a1d-a574-4e135d88cb26,-114.0324867,51.1518077
8244,EB Sunmills DR @ Sunvista CL SE,ACTIVE,2026-09-29T19:46:12.000Z,2026-09-29T19:46:12.000Z,ff7018db-7672-4972-98c9-b0b84e27ca54,-114.0324885,50.8976258
2278,NB Aero DR @ S of Aero GT NE,ACTIVE,2026-09-29T19:46:12.000Z,2026-09-29T19:46:12.000Z,e02df28f-575d-4ab2-a422-40ccf50dc02b,-114.032901,51.1192307
2241,WB Walden DR @ Walden HT SE,ACTIVE,2026-09-29T19:46:12.000Z,2026-09-29T19:46:12.000Z,79dd9f3f-023f-4815-b013-fe39a19d571d,-114.0330505,50.8682081
5707,EB Danloe ST @ Child AV NE,ACTIVE,2026-09-29T19:46:12.000Z,2026-09-29T19:46:12.000Z,297a09f0-d792-419c-9e6f-6f0a80a2354f,-114.0332126,51.0584934
8442,EB 12 ST NE @ McDougall RD,ACTIVE,2026-09-29T19:46:12.000Z,2026-09-29T19:46:12.000Z,276e18e9-3038-4e66-b93e-9b812e89c4a1,-114.033241,51.0504616
6013,SB 12 ST NE @ 44 AV NE,ACTIVE,2026-09-29T19:46:12.000Z,2026-09-29T19:46:12.000Z,3fcd8522-fdfb-48e2-abd4-f8b53aa53f57,-114.0333066,51.0913812
6036,NB 12 ST NE @ 44 AVE NE,ACTIVE,2026-09-29T19:46:12.000Z,2026-09-29T19:46:12.000Z,9f21270a-0908-4af4-b357-bce2882778f6,-114.0333085,51.0922447
7355,NB 12 ST NE @ N. of 45 AV NE,ACTIVE,2026-09-29T19:46:12.000Z,2026-09-29T19:46:12.000Z,b90eaa7d-a211-475c-821a-77f3fe87b351,-114.0333233,51.0944669
5678,WB Child AV @ 12A ST NE,ACTIVE,2026-09-29T19:46:12.000Z,2026-09-29T19:46:12.000Z,31fa93b7-1904-464e-b903-dbc159f9d26b,-114.033328,51.0580286
8250,WB Sunmills DR @ Sunvista CL SE,ACTIVE,2026-09-29T19:46:12.000Z,2026-09-29T19:46:12.000Z,62c86c66-cad6-41c4-8b2a-d87b67978e84,-114.0334381,50.8981267
4541,EB 26 AV SE @ Portland ST,ACTIVE,2026-09-29T19:46:12.000Z,2026-09-29T19:46:12.000Z,eb658ace-958d-4448-9329-7884d3bf66f5,-114.0334453,51.030525
2281,SB Aero DR NE @ Bldg 25,ACTIVE,2026-09-29T19:46:12.000Z,2026-09-29T19:46:12.000Z,f69a3dc9-301c-4f22-8992-13ee0877fa05,-114.0334569,51.1194086
7342,SB Aviation BV @ 49 AV NE,ACTIVE,2026-09-29T19:46:12.000Z,2026-09-29T19:46:12.000Z,35e20d9f-d0cb-4a27-88fd-92948c164e52,-114.0335176,51.0970083
7343,SB 12 ST NE @ McKnight BV,ACTIVE,2026-09-29T19:46:12.000Z,2026-09-29T19:46:12.000Z,fe72bd12-fb9c-43ed-b2b4-9a43d00b923c,-114.03362,51.0954099
5756,NB 12 ST NE @ Centre AV NE,ACTIVE,2026-09-29T19:46:12.000Z,2026-09-29T19:46:12.000Z,0654dfd4-1b07-4da8-a9d4-dc19617b79ff,-114.0336323,51.0521536
7356,WB 49 AV NE @ Aviation BV,ACTIVE,2026-09-29T19:46:12.000Z,2026-09-29T19:46:12.000Z,5bb9fc7e-3eec-4c5e-846e-6b18556a5980,-114.0336718,51.0977229
5960,NB Lake Sylvan DR @ Lake Ontario DR SE,ACTIVE,2026-09-29T19:46:12.000Z,2026-09-29T19:46:12.000Z,cfa436e7-31df-4350-a836-f24e98b716bd,-114.0336903,50.9429107
5865,WB 26 AV @ Portland ST SE,ACTIVE,2026-09-29T19:46:12.000Z,2026-09-29T19:46:12.000Z,abaf381e-34ea-4d0a-979e-edb08d161619,-114.0337352,51.0306763
5832,SB 12 ST NE @ Centre AV NE,ACTIVE,2026-09-29T19:46:12.000Z,2026-09-29T19:46:12.000Z,ef1ce6c5-bccc-4c77-a023-ab699e013c16,-114.033825,51.0520416
5810,SB 12 ST NE @ 1 AV NE,ACTIVE,2026-09-29T19:46:12.000Z,2026-09-29T19:46:12.000Z,96355f6f-cf23-497b-96f8-9cabd1d846d0,-114.0338332,51.0528063
9165,SB Lake Sylvan DR @ Lake Sylvan CL SE,ACTIVE,2026-09-29T19:46:12.000Z,2026-09-29T19:46:12.000Z,67b44cc5-35d1-4b1d-8aea-7f389f45b708,-114.0339752,50.942909
9805,EB 9 AV SE @ 12 ST SE,ACTIVE,2026-09-29T19:46:12.000Z,2026-09-29T19:46:12.000Z,63cc0000-3b84-4c41-91f5-611c8ed624bc,-114.0339968,51.0410271
4613,SB Renfrew DR @ 15 AV NE,ACTIVE,2026-09-29T19:46:12.000Z,2026-09-29T19:46:12.000Z,fcd587f4-a7f0-4169-b32f-e2ae41feed8a,-114.0341107,51.0649835
5676,WB Radford RD @ Renfrew DR NE,ACTIVE,2026-09-29T19:46:12.000Z,2026-09-29T19:46:12.000Z,11b928b5-7a74-4ada-88e9-0644cc6444a8,-114.0341536,51.0623041
7320,SB 12 ST SE @ 42 AV SE,ACTIVE,2026-09-29T19:46:12.000Z,2026-09-29T19:46:12.000Z,63fe19bc-fa49-4f34-9ffa-883e40e9eac9,-114.034156,51.0156024
5601,EB McDougall RD @ 11A ST NE,ACTIVE,2026-09-29T19:46:12.000Z,2026-09-29T19:46:12.000Z,ddf9f6ae-44ef-47d5-a3fd-66dea84b9d79,-114.0342736,51.0508296
2370,EB Aero DR @ Aero CR W  leg,ACTIVE,2026-09-29T19:46:12.000Z,2026-09-29T19:46:12.000Z,2a44bcd7-2ffe-4eb7-9e7a-b10848f8440a,-114.0342878,51.136393
4197,EB Parkland BV @ Parkland PL SE,ACTIVE,2026-09-29T19:46:12.000Z,2026-09-29T19:46:12.000Z,9f9387aa-6cb7-42f8-8fb7-2e7a947ffede,-114.0343205,50.927869
4763,WB 1 AV NE @ 12 ST NE,ACTIVE,2026-09-29T19:46:12.000Z,2026-09-29T19:46:12.000Z,2e1f3482-9f33-4950-90a8-d3aed4333966,-114.0343294,51.0533047
5589,NB 11A ST @ Colonel Baker PL NE,ACTIVE,2026-09-29T19:46:12.000Z,2026-09-29T19:46:12.000Z,fbe10f6a-979e-4993-b6ae-3cd8e98859bd,-114.0345991,51.0493088
9820,WB 9 AV @ 12 ST SE,ACTIVE,2026-09-29T19:46:12.000Z,2026-09-29T19:46:12.000Z,4b31925f-2e92-44ae-aa5d-8e55e2d15a6a,-114.0348208,51.0415302
5078,WB 9 AV SE @ 12 ST SE,ACTIVE,2026-09-29T19:46:12.000Z,2026-09-29T19:46:12.000Z,4c6e946c-e5eb-4add-b499-36ef215e9a6c,-114.0349091,51.041554
7321,SB 12 ST SE @ Hastings CR,ACTIVE,2026-09-29T19:46:12.000Z,2026-09-29T19:46:12.000Z,3d162309-21fc-4ae3-9d25-6ce914f4f08e,-114.0349293,51.0142098
2276,EB 64 AV NE @ 11 ST NE,ACTIVE,2026-09-29T19:46:12.000Z,2026-09-29T19:46:12.000Z,b945a7ee-98f2-4629-a9bf-9cef81b17b22,-114.0349925,51.1104311
8236,EB Sun Valley BV @ E. of Suncrest WY SE,ACTIVE,2026-09-29T19:46:12.000Z,2026-09-29T19:46:12.000Z,b0245ca6-4f7d-498b-bd05-35c83d107bae,-114.0351099,50.9053923
6127,NB Lake Bonavista DR @ Lake Twintree DR SE,ACTIVE,2026-09-29T19:46:12.000Z,2026-09-29T19:46:12.000Z,0945ba32-7d82-4032-bd42-41a73e63d59f,-114.0351405,50.9369029
9154,NBLake Bonavista DR @ E. of Lake Crimson DR SE,ACTIVE,2026-09-29T19:46:12.000Z,2026-09-29T19:46:12.000Z,0186e0aa-805a-4429-92df-28045f92d266,-114.0353496,50.9340658
6762,SB 12A ST SE @ Highfield CR,ACTIVE,2026-09-29T19:46:12.000Z,2026-09-29T19:46:12.000Z,46d439c8-b952-493b-a26a-afde1e1563bf,-114.0353874,51.0094901
9168,NB Lake Bonavista DR @ Lake Sundance CR SE,ACTIVE,2026-09-29T19:46:12.000Z,2026-09-29T19:46:12.000Z,32a4c458-ed8d-480d-a57e-8be905770120,-114.0354103,50.9393744
9159,EB Lake Sylvan DR @ Lake Wapta RI SE,ACTIVE,2026-09-29T19:46:12.000Z,2026-09-29T19:46:12.000Z,0f5447af-fcbf-42bd-b983-0268e7ab55ec,-114.0354422,50.9426764
8457,EB Chaparral DR @ Chaparral ST SE,ACTIVE,2026-09-29T19:46:12.000Z,2026-09-29T19:46:12.000Z,bc66cfe0-a727-4be1-87b7-5f3b31c2d558,-114.0355226,50.8872597
4887,SB Highfield CR @ 11 ST SE,ACTIVE,2026-09-29T19:46:12.000Z,2026-09-29T19:46:12.000Z,3623c936-c959-4275-95c6-15d1f510c247,-114.0355593,51.0110416
9412,WB Child AV @ Bantry ST NE,ACTIVE,2026-09-29T19:46:12.000Z,2026-09-29T19:46:12.000Z,cd6c9066-df0a-4e4e-9587-b18ac3038de8,-114.0356441,51.0588609
5837,EB 26 AV SE @ 11 ST SE,ACTIVE,2026-09-29T19:46:12.000Z,2026-09-29T19:46:12.000Z,a683b6d8-bd92-4d68-a38a-cbd3acd5e24f,-114.0357137,51.0305196
7341,EB 49 AV NE @ 11 ST NE,ACTIVE,2026-09-29T19:46:12.000Z,2026-09-29T19:46:12.000Z,7598c9cf-365a-41a2-98cf-a235b7bdb0ee,-114.0357874,51.0972549
3889,EB 26 AV SE @ 11 ST SE,ACTIVE,2026-09-29T19:46:12.000Z,2026-09-29T19:46:12.000Z,2980dc7d-af79-4541-a811-dd6f30469f4c,-114.0358134,51.0305222
2890,WB Heritage DR @ Glendeer CI SE,ACTIVE,2026-09-29T19:46:12.000Z,2026-09-29T19:46:12.000Z,8c08883a-29de-4364-8d80-0ad13573b7c3,-114.0358407,50.9872057
3670,EB 194 AV SE @ Walden GA SE,ACTIVE,2026-09-29T19:46:12.000Z,2026-09-29T19:46:12.000Z,9d154c47-d4e5-42e4-ba53-5df62ea8e570,-114.0358998,50.877111
6066,WB Sun Valley BV @ W. of Sunmills DR SE,ACTIVE,2026-09-29T19:46:12.000Z,2026-09-29T19:46:12.000Z,27b9eced-56b4-48c3-b4e7-28d7c5e5d909,-114.036034,50.9060724
2280,SB Aero DR @ Aero GA NE,ACTIVE,2026-09-29T19:46:12.000Z,2026-09-29T19:46:12.000Z,c4c95564-2b36-43a4-b0b6-edbaa8917423,-114.0362016,51.121118
5441,EB Bow Valley LN @ 11 ST NE,ACTIVE,2026-09-29T19:46:12.000Z,2026-09-29T19:46:12.000Z,2fdc99dc-8897-48be-9814-62fa91b76fbc,-114.0362502,51.0489279
6470,WB Parkland BV@ Parkland GR SE,ACTIVE,2026-09-29T19:46:12.000Z,2026-09-29T19:46:12.000Z,8bd35a63-8c0b-4fbb-bc60-651db9f30700,-114.0362728,50.9285033
5677,EB Child AV @ 10 ST NE,ACTIVE,2026-09-29T19:46:12.000Z,2026-09-29T19:46:12.000Z,1671776b-cb7f-4d22-99cc-c76f70006622,-114.0362877,51.0588413
6037,NB 11 ST @ Aviation PA NE,ACTIVE,2026-09-29T19:46:12.000Z,2026-09-29T19:46:12.000Z,6fcc4550-f36b-4c50-b554-193457912c41,-114.036296,51.1004699
7357,NB 11 ST NE @ 55 AV NE,ACTIVE,2026-09-29T19:46:12.000Z,2026-09-29T19:46:12.000Z,354706e1-16f5-4eff-86e8-54369954e2dc,-114.0363041,51.1025749
7723,NB 11 ST @ Aero RD NE,ACTIVE,2026-09-29T19:46:12.000Z,2026-09-29T19:46:12.000Z,16e3bc54-6bcf-48fc-83ad-6596c2e40126,-114.0363048,51.1072523
2369,NB Aero DR @ Aero WY E leg,ACTIVE,2026-09-29T19:46:12.000Z,2026-09-29T19:46:12.000Z,a68298fc-5567-479e-91f1-48183e7873a7,-114.0363143,51.1339529
6070,NB 11 ST NE @ 49 AV NE,ACTIVE,2026-09-29T19:46:12.000Z,2026-09-29T19:46:12.000Z,56314af9-d1f6-4ddf-a720-69ea90df4c89,-114.0363345,51.098528
3572,SB Walden GA @ 194 AV SE,ACTIVE,2026-09-29T19:46:12.000Z,2026-09-29T19:46:12.000Z,9253ac77-dd1c-42a5-b133-e92dcbfc7023,-114.0363764,50.8761202
5969,WB Lake Sylvan DR @ Lake Wapta RI SE,ACTIVE,2026-09-29T19:46:12.000Z,2026-09-29T19:46:12.000Z,ff2694be-dc1f-4fb0-959d-02a37326c0b4,-114.0364161,50.9428091
6694,WB 46 AV SE @ 12 ST SE,ACTIVE,2026-09-29T19:46:12.000Z,2026-09-29T19:46:12.000Z,bdafde09-c546-4496-9aa1-01027847c5dd,-114.0364455,51.0121255
6011,SB 11 ST NE@ 55 AV NE,ACTIVE,2026-09-29T19:46:12.000Z,2026-09-29T19:46:12.000Z,3204b33c-12e6-46be-9be6-a19b8274cae4,-114.0365835,51.1017815
2201,SB Walden DR SE @ acr. Walden TC SE,ACTIVE,2026-09-29T19:46:12.000Z,2026-09-29T19:46:12.000Z,fc51fbd4-9efd-4afa-bbf9-c017fc76b55a,-114.0365851,50.8740863
7747,SB 11 ST SE @ 46 AV SE,ACTIVE,2026-09-29T19:46:12.000Z,2026-09-29T19:46:12.000Z,cc4479f9-998c-451e-9cdc-a3df1d965570,-114.0365904,51.0115085
8255,SB 11 ST NE @ 57 AV NE,ACTIVE,2026-09-29T19:46:12.000Z,2026-09-29T19:46:12.000Z,79333428-90fb-40a6-a19e-944e9242596a,-114.0365943,51.1056316
4505,NB 11 ST SE @ 26 AV SE,ACTIVE,2026-09-29T19:46:12.000Z,2026-09-29T19:46:12.000Z,292a6828-868e-43e6-bd66-49b383bd6d98,-114.0365987,51.0311807
7724,SB 11 ST NE @ N. of Aero RD,ACTIVE,2026-09-29T19:46:12.000Z,2026-09-29T19:46:12.000Z,8aa5282b-e5b5-4424-ba1c-7d69ff5817d7,-114.036599,51.1077905
6012,SB 11 ST NE @ 53 AV NE,ACTIVE,2026-09-29T19:46:12.000Z,2026-09-29T19:46:12.000Z,d426899a-b851-462b-a577-83f970a1f336,-114.0366038,51.0996772
3876,NB 11 ST SE @ 26 AV SE,ACTIVE,2026-09-29T19:46:12.000Z,2026-09-29T19:46:12.000Z,43dfc9a0-6fdb-49dd-9090-f26f52b527d7,-114.0366255,51.0312084
3613,NB 11 ST SE @ 21 AV SE,ACTIVE,2026-09-29T19:46:12.000Z,2026-09-29T19:46:12.000Z,efd1acf9-34f7-44df-96f6-72422bd7c269,-114.0366441,51.0348275
5866,NB 11 ST SE @ 21 AV SE,ACTIVE,2026-09-29T19:46:12.000Z,2026-09-29T19:46:12.000Z,e0bc8e01-2282-4333-8919-b26030a669a9,-114.0366765,51.0348796
5983,EB 42 AV SE @ 11 ST SE,ACTIVE,2026-09-29T19:46:12.000Z,2026-09-29T19:46:12.000Z,07b4c667-e8e6-4233-b499-292761c29f46,-114.036714,51.0159642
3625,NB Chaparral DR @ 194 AV SE,ACTIVE,2026-09-29T19:46:12.000Z,2026-09-29T19:46:12.000Z,702e811e-d77e-4aa6-95ba-9d940bfef949,-114.0367846,50.8775518
5571,SB 11 ST NE @ Bow Valley LN,ACTIVE,2026-09-29T19:46:12.000Z,2026-09-29T19:46:12.000Z,781f5571-b2e1-4c0b-a059-9a66eae617ee,-114.0368041,51.0491938
6247,WB Chaparral DR @ Chaparral ST SE,ACTIVE,2026-09-29T19:46:12.000Z,2026-09-29T19:46:12.000Z,bd7a6559-3adb-4748-b116-37965e0ce25d,-114.0368106,50.8871305
7746,NB 11 ST SE @ 58 AV SE,ACTIVE,2026-09-29T19:46:12.000Z,2026-09-29T19:46:12.000Z,927c8136-b79f-46a1-9a4b-7d2944f0f1c1,-114.0368113,51.0021413
2203,SB Walden DR SE @ Walden PA SE,ACTIVE,2026-09-29T19:46:12.000Z,2026-09-29T19:46:12.000Z,d187b0e5-3228-4bfc-8f44-d6281ca65f04,-114.0368408,50.8690492
5440,SB 11 ST NE@ McDougall RD,ACTIVE,2026-09-29T19:46:12.000Z,2026-09-29T19:46:12.000Z,3429e517-5f68-45b5-8d47-ee796e30bb12,-114.0368628,51.0505086
6488,SB 11 ST SE @ 23 AV SE,ACTIVE,2026-09-29T19:46:12.000Z,2026-09-29T19:46:12.000Z,ab10e556-e391-434f-b163-99a3c2a4a5ef,-114.0368961,51.0325555
3804,SB 11 ST SE @ 21 AV SE,ACTIVE,2026-09-29T19:46:12.000Z,2026-09-29T19:46:12.000Z,b6d25da4-ba71-4431-b1de-f86b62d95456,-114.0369069,51.0343314
2279,WB Aero GT @ W of Aero DR NE,ACTIVE,2026-09-29T19:46:12.000Z,2026-09-29T19:46:12.000Z,11ce7ca5-0f2b-4cd2-8dc2-bb3540547a9f,-114.0371619,51.1212323
7858,NB 11 ST SE @ Highfield CR,ACTIVE,2026-09-29T19:46:12.000Z,2026-09-29T19:46:12.000Z,d88c67cb-4e22-44e9-8a4c-b675a7056480,-114.0371785,51.0071159
7745,NB 11 ST SE @ N. of 58 AV SE,ACTIVE,2026-09-29T19:46:12.000Z,2026-09-29T19:46:12.000Z,c3322e70-74f0-4199-a808-8cb2348c8bc0,-114.037205,51.0043515
7748,NB 11 ST SE @ S. of Highfield CR,ACTIVE,2026-09-29T19:46:12.000Z,2026-09-29T19:46:12.000Z,da8ae32e-18ad-478f-8a8c-f034fa569925,-114.0372158,51.0094375
4612,SB Regal CR @ Radford RD NE,ACTIVE,2026-09-29T19:46:12.000Z,2026-09-29T19:46:12.000Z,b872140e-2b63-4bd0-8508-1d2fca1fcc57,-114.0372536,51.0609256
4428,NB 11 ST SE @ 60 AV SE,ACTIVE,2026-09-29T19:46:12.000Z,2026-09-29T19:46:12.000Z,ba5f9559-2559-4065-9317-14a098519141,-114.0372766,50.9984202
5985,SB 11 ST SE @ 59 AV SE,ACTIVE,2026-09-29T19:46:12.000Z,2026-09-29T19:46:12.000Z,59eddb59-c7a1-4d57-975b-1d4c841e8dc5,-114.0373885,50.9991247
7743,SB 11 ST SE @ 58 AV SE,ACTIVE,2026-09-29T19:46:12.000Z,2026-09-29T19:46:12.000Z,8fdad81e-1855-436b-9872-bb0b664e861b,-114.037406,51.001086
7744,SB 11 ST SE @ N. of 58 AV SE,ACTIVE,2026-09-29T19:46:12.000Z,2026-09-29T19:46:12.000Z,d940d441-209c-4f82-a15d-5994f8a754d6,-114.0374107,51.0039196
9413,WB 8 AV NE @ Regal CR,ACTIVE,2026-09-29T19:46:12.000Z,2026-09-29T19:46:12.000Z,9e285a57-ca38-4f69-92a0-c497659ad45f,-114.0374177,51.0596975
4120,SB Chaparral DR @ Chapalina TC SE,ACTIVE,2026-09-29T19:46:12.000Z,2026-09-29T19:46:12.000Z,956bb1e8-347e-4795-a585-762941ab2240,-114.0374543,50.8792311
7749,SB 11 ST SE @ S of 46 AV SE,ACTIVE,2026-09-29T19:46:12.000Z,2026-09-29T19:46:12.000Z,39d6691a-d3d0-4470-bf92-b240b3b052e1,-114.0374817,51.0080402
2243,NB Walden DR @ acr nleg of Walden CR SE,ACTIVE,2026-09-29T19:46:12.000Z,2026-09-29T19:46:12.000Z,a3c7aa74-afad-421c-8f30-7b83d4d1b12c,-114.037534,50.8733143
4614,EB 15 AV NE @ Remington RD,ACTIVE,2026-09-29T19:46:12.000Z,2026-09-29T19:46:12.000Z,3d73ee18-24f6-4e6c-8911-5be6a3c88ad9,-114.0375452,51.0657453
6942,WB Sunmills DR @ Sunset WY SE,ACTIVE,2026-09-29T19:46:12.000Z,2026-09-29T19:46:12.000Z,b11a8f73-803d-47c9-a157-55d253ee5c30,-114.0375581,50.8982045
5830,WB 194 AV @ Chaparral DR SE,ACTIVE,2026-09-29T19:46:12.000Z,2026-09-29T19:46:12.000Z,c0afc452-1a6d-496a-b471-a5f4d2fd3c78,-114.0375741,50.8768954
9068,WB 68 AV NE @ 11ST NE,ACTIVE,2026-09-29T19:46:12.000Z,2026-09-29T19:46:12.000Z,24aaec08-c272-4bdb-bbb6-8b3fcd929215,-114.0376111,51.1158665
4772,NB Chaparral DR @ Chapala GA SE,ACTIVE,2026-09-29T19:46:12.000Z,2026-09-29T19:46:12.000Z,c2bad145-ed02-4749-b816-4d6dcc2ff0fd,-114.0376426,50.8800724
7753,WB 42 AV SE @ 11 ST SE,ACTIVE,2026-09-29T19:46:12.000Z,2026-09-29T19:46:12.000Z,29860825-3dbb-44cb-a483-f1ac02d9d3eb,-114.0376473,51.0160868
6559,EB Sunmills DR @ Sunlake RD SE,ACTIVE,2026-09-29T19:46:12.000Z,2026-09-29T19:46:12.000Z,01c3f395-6358-42f0-a80f-77ca080e1e7c,-114.037774,50.8979401
2242,NB Walden DR @ acr sleg of Walden CR SE,ACTIVE,2026-09-29T19:46:12.000Z,2026-09-29T19:46:12.000Z,11b9959c-4909-402e-be75-21823e1357ab,-114.0378053,50.8706065
6239,EB Canyon Meadows DR @ Parkland BV SE,ACTIVE,2026-09-29T19:46:12.000Z,2026-09-29T19:46:12.000Z,21c5bc99-bd2a-4344-b071-5e7bd9cd2b2f,-114.0378652,50.9300981
9095,EB Lake Bonavista DR @ Lake Crimson DR SE,ACTIVE,2026-09-29T19:46:12.000Z,2026-09-29T19:46:12.000Z,37d67c44-10b6-4b13-9f58-191c04f1ac1b,-114.037962,50.9332776
5836,EB 21 AV @ Hurst RD SE,ACTIVE,2026-09-29T19:46:12.000Z,2026-09-29T19:46:12.000Z,edcc4a00-1a5c-40fa-9610-e42c74558eef,-114.0380411,51.0345095
5439,EB 1 AV NE@ 10 ST NE,ACTIVE,2026-09-29T19:46:12.000Z,2026-09-29T19:46:12.000Z,965686fc-b41f-4033-81a4-328603ff6c99,-114.0380672,51.0532133
2202,SB Walden DR SE @ Walden CR SE (n.leg),ACTIVE,2026-09-29T19:46:12.000Z,2026-09-29T19:46:12.000Z,f6bbc1e3-b82c-49ef-95b5-f2a557ab58a3,-114.0381944,50.8729893
6466,SB Parkland BV @ Parkwood WY SE,ACTIVE,2026-09-29T19:46:12.000Z,2026-09-29T19:46:12.000Z,5d3e3a58-8e8f-4a41-9646-dc7b852b1a55,-114.0382121,50.9289843
5986,NB 11 ST SE @ 64 AV SE,ACTIVE,2026-09-29T19:46:12.000Z,2026-09-29T19:46:12.000Z,4cb1b244-8370-49f5-a7ed-f7d648123ac9,-114.0382559,50.9962503
2863,EB Heritage DR @ 11 ST SE,ACTIVE,2026-09-29T19:46:12.000Z,2026-09-29T19:46:12.000Z,b86189a2-bf2e-49c4-b8da-7e47e91b6af3,-114.0385194,50.9869445
5987,WB 58 AV SE @ 11 ST SE,ACTIVE,2026-09-29T19:46:12.000Z,2026-09-29T19:46:12.000Z,3fbb0aa9-01b2-457f-b5ca-c9cd9a28f0b5,-114.0387539,51.0018578
9074,EB 68 AV NE @ 10 ST NE,ACTIVE,2026-09-29T19:46:12.000Z,2026-09-29T19:46:12.000Z,590341d9-1d7d-4bb4-9c83-d2de036d7d2e,-114.0388222,51.1156994
5442,WB 1 AV NE@ 10 ST NE,ACTIVE,2026-09-29T19:46:12.000Z,2026-09-29T19:46:12.000Z,9bef5f98-77fa-4989-b52b-d57d94779e8f,-114.0388618,51.0532857
4121,SB Chaparral DR @ Chapalina GA SE,ACTIVE,2026-09-29T19:46:12.000Z,2026-09-29T19:46:12.000Z,8448be0b-2977-4bd5-9387-0f6f9205c702,-114.0391664,50.8813794
6275,WB Canyon Meadows Dr @ Lake Crimson DR  SE,ACTIVE,2026-09-29T19:46:12.000Z,2026-09-29T19:46:12.000Z,c932e4bf-d4fc-413a-a06d-f405138123cf,-114.0392327,50.9303055
4429,SB 11 ST SE @ 64 AV SE,ACTIVE,2026-09-29T19:46:12.000Z,2026-09-29T19:46:12.000Z,9e2f7847-0679-4cfd-a2bd-ca1c9a6318ed,-114.0392354,50.9949709
7986,EB Chaparral DR @ Chaparral MR SE,ACTIVE,2026-09-29T19:46:12.000Z,2026-09-29T19:46:12.000Z,fb1aa47a-ebf6-4a74-afe4-41098738363d,-114.0392948,50.8867528
9069,NB 10 ST NE @ 68 AV NE,ACTIVE,2026-09-29T19:46:12.000Z,2026-09-29T19:46:12.000Z,0fd4ac55-4736-4b32-9f9a-7e88ed680051,-114.0393328,51.116207
4615,NB Remington RD @ Regal CR NE,ACTIVE,2026-09-29T19:46:12.000Z,2026-09-29T19:46:12.000Z,45f109f3-9dfc-4c5e-bc7d-d116556ac806,-114.0393927,51.0631926
4503,WB 19 AV SE @ 9 ST SE,ACTIVE,2026-09-29T19:46:12.000Z,2026-09-29T19:46:12.000Z,e0070e3e-fd21-4416-bde6-1cd6eaf88ad4,-114.039512,51.0362738
6698,NB 11 ST @ Heritage DR SE,ACTIVE,2026-09-29T19:46:12.000Z,2026-09-29T19:46:12.000Z,103c117e-50bc-4846-bbc5-27d3d06daf10,-114.039587,50.9876579
6064,EB Sun Valley BV @ Suncrest WY SE,ACTIVE,2026-09-29T19:46:12.000Z,2026-09-29T19:46:12.000Z,fcad2320-7abb-484b-b398-0f68c3e3ec34,-114.0396519,50.9064522
8337,NB Coverntry Hills WY @ Coville CR NE,ACTIVE,2026-09-29T19:46:12.000Z,2026-09-29T19:46:12.000Z,96cd0681-f503-4483-aa39-bf76d6e76df9,-114.0397188,51.1691424
4141,WB Chaparral DR @ Chapala MT SE,ACTIVE,2026-09-29T19:46:12.000Z,2026-09-29T19:46:12.000Z,7407bdd2-45c1-4999-9cb7-967e989419e1,-114.0397591,50.8821231
7673,SB 11 ST SE @ 73 AV SE,ACTIVE,2026-09-29T19:46:12.000Z,2026-09-29T19:46:12.000Z,8d13bb48-177a-435b-bd62-ab8973bd5b6e,-114.0397991,50.9883558
8567,WB Bridgeland - Memorial CTrain Station,ACTIVE,2026-09-29T19:46:12.000Z,2026-09-29T19:46:12.000Z,613da6a6-9b3e-49a4-8c33-e908b6c6b8a4,-114.0398696,51.0490098
6814,EB Bridgeland - Memorial CTrain Station,ACTIVE,2026-09-29T19:46:12.000Z,2026-09-29T19:46:12.000Z,4c6bb80f-ed5d-4eaf-ad84-3303d00bc0a9,-114.0399091,51.0489065
6243,WB Chaparral DR @ Chaparral MR SE,ACTIVE,2026-09-29T19:46:12.000Z,2026-09-29T19:46:12.000Z,3d921b82-b1f8-4d10-90c8-7678e5dc1607,-114.039912,50.8873352
3040,SB Coventry Hills WY @ Coverton HT NE,ACTIVE,2026-09-29T19:46:12.000Z,2026-09-29T19:46:12.000Z,213e0b68-0c1c-46d9-aba5-5559e2754fb2,-114.0399558,51.1681014
4130,NB 11 ST SE @ 70 AV SE,ACTIVE,2026-09-29T19:46:12.000Z,2026-09-29T19:46:12.000Z,d549c7c2-591d-4923-8298-bcfbc877b0f3,-114.0399582,50.9914542
6695,SB 11 ST SE @ 70 AV SE,ACTIVE,2026-09-29T19:46:12.000Z,2026-09-29T19:46:12.000Z,e40c35d4-a6aa-492b-93e1-a341f5553813,-114.0399783,50.9906901
9073,SB 10 ST NE @ 72AV NE,ACTIVE,2026-09-29T19:46:12.000Z,2026-09-29T19:46:12.000Z,b711504c-b3a1-41ee-971c-d55120843b8c,-114.0400274,51.1174119
8336,NB Coverntry Hills WY @ Coverton GR NE,ACTIVE,2026-09-29T19:46:12.000Z,2026-09-29T19:46:12.000Z,272d92f2-9e4c-434e-82aa-83211e0b8260,-114.0401534,51.1670486
8832,WB 9 AV @ 9 ST SE,ACTIVE,2026-09-29T19:46:12.000Z,2026-09-29T19:46:12.000Z,0c212876-333c-49f7-bb6f-3f9236cb2bac,-114.0401591,51.0431075
5706,EB 8 AV NE @ 9 ST NE,ACTIVE,2026-09-29T19:46:12.000Z,2026-09-29T19:46:12.000Z,ab86220a-421c-451c-9d19-91856917276f,-114.0401669,51.0595603
4430,EB 42 AV SE @ 9 ST SE,ACTIVE,2026-09-29T19:46:12.000Z,2026-09-29T19:46:12.000Z,b3c9d8a8-5206-4747-a5b8-cc7fd2dfc027,-114.0401787,51.0159711
4419,EB 58 AV SE @ 9 ST SE,ACTIVE,2026-09-29T19:46:12.000Z,2026-09-29T19:46:12.000Z,72894f07-e994-45da-ab97-042d687a7477,-114.0401903,51.0016874
4271,NB 9 ST NE @ McDougall RD,ACTIVE,2026-09-29T19:46:12.000Z,2026-09-29T19:46:12.000Z,653cab68-330b-4568-8b24-4d4724caf03b,-114.0403061,51.0506679
4157,EB 1 AV NE @ 8A ST NE,ACTIVE,2026-09-29T19:46:12.000Z,2026-09-29T19:46:12.000Z,6eb02cc3-2837-470d-9e99-faed6d9e802a,-114.0406334,51.0532118
3039,SB Coventry Hills WY @ Covewood GR NE,ACTIVE,2026-09-29T19:46:12.000Z,2026-09-29T19:46:12.000Z,e1ae40a0-c868-4aaf-842b-2554ed6defe8,-114.0406424,51.1707156
9169,WB Lake Bonavista DR @ Lake Christina WY SE,ACTIVE,2026-09-29T19:46:12.000Z,2026-09-29T19:46:12.000Z,01359bc5-261e-4487-aad5-57b40a17c76c,-114.0406627,50.9404639
5729,NB Russet RD @ 8 AV NE,ACTIVE,2026-09-29T19:46:12.000Z,2026-09-29T19:46:12.000Z,4a5ef062-0509-4e9f-b110-90c87949b37c,-114.040665,51.0600317
2489,Deerfoot Meadows Station (WB),ACTIVE,2026-09-29T19:46:12.000Z,2026-09-29T19:46:12.000Z,7f73ae22-4519-4616-a44e-314d3f1b990b,-114.0406805,50.98736
4213,NB Acadia DR @ Mapleburn DR SE,ACTIVE,2026-09-29T19:46:12.000Z,2026-09-29T19:46:12.000Z,1f317783-0bb7-40a4-ac58-b3eafb50f450,-114.0406919,50.9552858
2416,WB 72 AV NE @ 10 ST NE,ACTIVE,2026-09-29T19:46:12.000Z,2026-09-29T19:46:12.000Z,504ec153-1589-4f40-bcfb-67c54c20f802,-114.040747,51.1178934
5982,SB 9 ST SE @ 34 AV SE,ACTIVE,2026-09-29T19:46:12.000Z,2026-09-29T19:46:12.000Z,b5e645b5-21aa-414c-9a89-e28f5aad5b54,-114.0407587,51.022759
4432,SB 9 ST SE @ S. of 34 AV SE,ACTIVE,2026-09-29T19:46:12.000Z,2026-09-29T19:46:12.000Z,e4763c22-44fe-426b-a496-eea2f9e740b6,-114.0407677,51.0212751
4431,SB 9 ST SE @ N. of 42 AV SE,ACTIVE,2026-09-29T19:46:12.000Z,2026-09-29T19:46:12.000Z,1ea61704-afe0-4283-9d98-089383cb7560,-114.0407892,51.0180284
2027,WB Radnor Ave @ Remington Road,ACTIVE,2026-09-29T19:46:12.000Z,2026-09-29T19:46:12.000Z,358dae5b-12b5-40e8-975c-4d89103e8356,-114.0408383,51.0640712
7408,EB 32 AV NE @ S. Gate of Spring Gardens,ACTIVE,2026-09-29T19:46:12.000Z,2026-09-29T19:46:12.000Z,c7e41cf9-9735-4571-93fb-83ed1dab0950,-114.0408875,51.0813732
5057,EB 9 AV @ 8 ST SE,ACTIVE,2026-09-29T19:46:12.000Z,2026-09-29T19:46:12.000Z,14bc3cc0-db49-4e8a-bc72-c36608db7263,-114.0409391,51.0431156
3041,SB Coventry Hills WY @ Coverton GR NE,ACTIVE,2026-09-29T19:46:12.000Z,2026-09-29T19:46:12.000Z,75163a94-2fd3-4b19-bdd7-51d46e761a78,-114.0409457,51.1666504
7825,NB 8 ST SE @ 23 AV SE,ACTIVE,2026-09-29T19:46:12.000Z,2026-09-29T19:46:12.000Z,15465021-feb3-4c71-81af-85da21454cf3,-114.0409936,51.0336219
3887,EB 9 AV SE @ 8 ST SE,ACTIVE,2026-09-29T19:46:12.000Z,2026-09-29T19:46:12.000Z,7fbb4855-0372-4550-9af2-e4e587d03488,-114.0410283,51.0431484
6417,SB Acadia DR @ Willowfern DR SE,ACTIVE,2026-09-29T19:46:12.000Z,2026-09-29T19:46:12.000Z,d1344e1e-64a2-4a1c-b033-873bba759a90,-114.0410367,50.9547908
6444,NB Acadia DR @ Mapleglade DR SE,ACTIVE,2026-09-29T19:46:12.000Z,2026-09-29T19:46:12.000Z,aab9627c-f42f-42e7-ae55-da3a71f7bb90,-114.0411237,50.9520765
3649,WB Sun Valley BV @ Suncrest WY SE,ACTIVE,2026-09-29T19:46:12.000Z,2026-09-29T19:46:12.000Z,36128950-5ab5-47e2-810a-2df2801d9072,-114.0411341,50.9067236
8596,WB Coventry Hills WY @ Coville CR NE,ACTIVE,2026-09-29T19:46:12.000Z,2026-09-29T19:46:12.000Z,4324571c-bd1b-4ba7-b57f-a0a2207bee38,-114.0411726,51.171239
6680,NB 9 ST NE @ 64 AV NE,ACTIVE,2026-09-29T19:46:12.000Z,2026-09-29T19:46:12.000Z,26fa9343-0a9e-4126-b5a8-77f64e47d0f0,-114.0411819,51.1116485
5316,EB Heritage Meadows WY @ 11 ST SE,ACTIVE,2026-09-29T19:46:12.000Z,2026-09-29T19:46:12.000Z,a2b4ddcf-64ee-4017-804a-c4aab2eaf0d4,-114.0412032,50.983759
4132,WB 46 AV SE @ 11 ST SE,ACTIVE,2026-09-29T19:46:12.000Z,2026-09-29T19:46:12.000Z,ee86e573-315b-4685-88fe-d0a1718305ba,-114.0412336,51.0121264
5395,NB 8 ST SE@ 17 AV SE,ACTIVE,2026-09-29T19:46:12.000Z,2026-09-29T19:46:12.000Z,8f9a6f09-1d96-489c-b468-4a6ecd9fa7e9,-114.0413324,51.0381549
4426,WB 58 AV SE @ 9 ST SE,ACTIVE,2026-09-29T19:46:12.000Z,2026-09-29T19:46:12.000Z,f0cf4578-02eb-43bb-ae09-77fd9d2e042f,-114.0413358,51.0018333
4611,WB 8 AV NE @ Russet RD,ACTIVE,2026-09-29T19:46:12.000Z,2026-09-29T19:46:12.000Z,9b944deb-55bc-4e69-b71e-b23e1b4d6349,-114.0413719,51.0596898
9094,EB Lake Bonavista DR @ Lake Arrow RD SE,ACTIVE,2026-09-29T19:46:12.000Z,2026-09-29T19:46:12.000Z,9b3295d2-0403-405e-a310-a3157f6d32e5,-114.0413909,50.9345366
4543,SB 8 ST SE @ 17 AV SE,ACTIVE,2026-09-29T19:46:12.000Z,2026-09-29T19:46:12.000Z,5de6b83e-e6a9-487f-97e6-b9a36bba8808,-114.0414271,51.0375637
5390,WB 23 AV SE@ 8 ST SE,ACTIVE,2026-09-29T19:46:12.000Z,2026-09-29T19:46:12.000Z,d0e9e9c1-ce67-4906-8fe5-856fc408c71f,-114.0414313,51.0330213
4761,WB 1 AV NE @ 9 ST NE,ACTIVE,2026-09-29T19:46:12.000Z,2026-09-29T19:46:12.000Z,e8e39b61-576b-4a63-a233-631d8860c35c,-114.0414316,51.0532941
4122,EB Chaparral DR @ Chaparral GV SE,ACTIVE,2026-09-29T19:46:12.000Z,2026-09-29T19:46:12.000Z,41aaced9-692e-4114-ba64-3445e1950b66,-114.041433,50.8826333
4455,EB Country Hills BV @ Coventry BV NE,ACTIVE,2026-09-29T19:46:12.000Z,2026-09-29T19:46:12.000Z,c455e6fd-8020-4183-8e1b-9ccf7ca5a584,-114.0414545,51.154102
5970,WB Lake Sylvan DR @ Lake Christina WY SE,ACTIVE,2026-09-29T19:46:12.000Z,2026-09-29T19:46:12.000Z,dcf1de5a-1b3d-4491-a8b1-2c7db9d1719d,-114.0414657,50.943333
7542,SB 9 ST NE @ 65 AV NE,ACTIVE,2026-09-29T19:46:12.000Z,2026-09-29T19:46:12.000Z,efee3de3-9743-4a8a-854b-fc565dbc0e56,-114.0415579,51.1116895
9411,SB Russet RD @ Remington RD NE,ACTIVE,2026-09-29T19:46:12.000Z,2026-09-29T19:46:12.000Z,805cac7c-52e7-409d-b056-0d7afa1fb12e,-114.0415794,51.061584
4544,SB Spiller RD @ 20 AV SE,ACTIVE,2026-09-29T19:46:12.000Z,2026-09-29T19:46:12.000Z,4df8d893-1455-4e9c-86fd-6b995039e606,-114.0416219,51.0358506
5568,NB Midvalley DR @ Midvalley CR SE,ACTIVE,2026-09-29T19:46:12.000Z,2026-09-29T19:46:12.000Z,75ba6ca7-3171-4ab0-a2f8-6938e8e05b6b,-114.0416276,50.9111887
2862,EB Southland DR @ Maplecreek DR SE,ACTIVE,2026-09-29T19:46:12.000Z,2026-09-29T19:46:12.000Z,e8dabfba-7362-4224-8042-6590d9a53acc,-114.04166,50.964613
4790,NB 8 ST SE @ 11 AV SE,ACTIVE,2026-09-29T19:46:12.000Z,2026-09-29T19:46:12.000Z,a799d1ec-709f-4fba-b4f6-481b9b227e5c,-114.0417003,51.04044
4542,SB 8 ST SE @ 11 AV SE,ACTIVE,2026-09-29T19:46:12.000Z,2026-09-29T19:46:12.000Z,579625e1-f141-4c42-9624-0b4dac47a717,-114.0418236,51.0398494
4261,SB Acadia DR @ Maplecroft RD SE,ACTIVE,2026-09-29T19:46:12.000Z,2026-09-29T19:46:12.000Z,5b60594a-7ad1-4752-9985-08e9af4c852c,-114.0419534,50.9578454
4258,WB Willingdon BV @ Acadia DR SE,ACTIVE,2026-09-29T19:46:12.000Z,2026-09-29T19:46:12.000Z,74815166-4ddb-43d7-b269-99fa1cab8f55,-114.0420235,50.9518115
5675,EB Regal CR @ Russet RD NE,ACTIVE,2026-09-29T19:46:12.000Z,2026-09-29T19:46:12.000Z,6b176400-ecb0-4858-9f6e-710c5509be2c,-114.0420606,51.0632153
5835,EB 21 AV @ Spiller RD SE,ACTIVE,2026-09-29T19:46:12.000Z,2026-09-29T19:46:12.000Z,a1c2f322-5526-4ff5-a4fc-ad7f1b051b6d,-114.0420781,51.0345129
9414,NB Russet RD @ Remington RD NE,ACTIVE,2026-09-29T19:46:12.000Z,2026-09-29T19:46:12.000Z,76399c36-f774-4693-99d6-3fdd2718d7ab,-114.0420865,51.0621365
6389,WB 32 AV NE @ S. Gate Spring Gardens,ACTIVE,2026-09-29T19:46:12.000Z,2026-09-29T19:46:12.000Z,fee12e84-18a9-4f38-861e-b9a66ebc4a9e,-114.042101,51.0816019
4212,NB Acadia DR @ Maplecroft RD SE,ACTIVE,2026-09-29T19:46:12.000Z,2026-09-29T19:46:12.000Z,9a28eea6-8683-4e0c-a1ed-27979815cea1,-114.0421928,50.9583372
5393,WB 21 AV @ Spiller RD SE,ACTIVE,2026-09-29T19:46:12.000Z,2026-09-29T19:46:12.000Z,c1fcbf83-d3c0-4735-a4b6-3c331ae6babc,-114.0421977,51.0346508
9239,SB Midvalley DR @ Midvalley CR SE,ACTIVE,2026-09-29T19:46:12.000Z,2026-09-29T19:46:12.000Z,6450b627-5dcb-4e18-abb9-448a92e00347,-114.042238,50.9107634
3045,NB Coventry BV @ Country Hills BV NE,ACTIVE,2026-09-29T19:46:12.000Z,2026-09-29T19:46:12.000Z,69bb7f74-f034-4df1-84a9-142477a40d4c,-114.0422443,51.1551025
6682,WB 64 AV NE @ 9 ST NE,ACTIVE,2026-09-29T19:46:12.000Z,2026-09-29T19:46:12.000Z,59a67828-caca-4251-b00a-a7f81639820f,-114.0422978,51.1107323
5959,EB Lake Sylvan DR @ Acadia DR SE,ACTIVE,2026-09-29T19:46:12.000Z,2026-09-29T19:46:12.000Z,6a9f4bf6-33b1-4d2a-8b0f-21322505e19e,-114.0423032,50.9433722
7985,EB Chaparral DR @ Chaparral CI SE,ACTIVE,2026-09-29T19:46:12.000Z,2026-09-29T19:46:12.000Z,e9664d7d-4ec5-4e80-bc97-39f2df999521,-114.0423312,50.8875315
9416,NB Russet RD @ 15 AV NE,ACTIVE,2026-09-29T19:46:12.000Z,2026-09-29T19:46:12.000Z,86837902-3e7a-4f8e-b7cc-cd1e7afe8b0d,-114.0423897,51.0663358
7539,WB 65 AV NE @ 9 ST NE,ACTIVE,2026-09-29T19:46:12.000Z,2026-09-29T19:46:12.000Z,171a55e5-3294-425e-b8d5-92546daecdab,-114.042415,51.1121861
9238,EB Midvalley DR @ Midvalley RD SE,ACTIVE,2026-09-29T19:46:12.000Z,2026-09-29T19:46:12.000Z,e95b1844-b3a6-4ad6-8bcc-9d41e31fcbcd,-114.0424473,50.9130715
5834,EB MacDonald AV @ Maggie ST SE,ACTIVE,2026-09-29T19:46:12.000Z,2026-09-29T19:46:12.000Z,cb16ea8f-0209-448d-8026-5d16b9d029ab,-114.0424847,51.0411165
9415,NB Russet RD @ Regal CR NE,ACTIVE,2026-09-29T19:46:12.000Z,2026-09-29T19:46:12.000Z,51616722-7c99-4d5f-82bc-a0817358f209,-114.0425296,51.0636949
4789,WB MacDonald AV @ 8 ST SE,ACTIVE,2026-09-29T19:46:12.000Z,2026-09-29T19:46:12.000Z,4ddf466a-0dc9-4a5f-b1f9-f82b872ba5e6,-114.042589,51.041272
8335,EB Coverntry Hills WY @ Coventry DR NE,ACTIVE,2026-09-29T19:46:12.000Z,2026-09-29T19:46:12.000Z,d0685192-350b-4f3f-b181-190189a6e9a9,-114.0426187,51.1656358
4771,WB Chaparral DR @ Chaparral GR SE,ACTIVE,2026-09-29T19:46:12.000Z,2026-09-29T19:46:12.000Z,1c04a68b-abf1-4d14-b2bb-7b1533d065f6,-114.042638,50.8829157
7758,EB 34 AV SE @ 8 ST SE,ACTIVE,2026-09-29T19:46:12.000Z,2026-09-29T19:46:12.000Z,ff43d33a-e226-4f8e-befb-c47e8789cf13,-114.0426519,51.0230408
9410,SB Russet RD @ 13 AV NE,ACTIVE,2026-09-29T19:46:12.000Z,2026-09-29T19:46:12.000Z,191b5da5-96eb-4eed-a716-64f727c32811,-114.0426946,51.0646885
9201,SB Acadia DR @ 120 AV SE,ACTIVE,2026-09-29T19:46:12.000Z,2026-09-29T19:46:12.000Z,3fc71821-a939-43c6-89b1-fb7ab6270cf1,-114.0426948,50.9446055
5705,SB Russet RD @ Regal CR NE,ACTIVE,2026-09-29T19:46:12.000Z,2026-09-29T19:46:12.000Z,78a70cc2-7950-43b6-9203-0681a98c22ed,-114.0427042,51.0629707
4892,NB Coventry DR @ Covington CL NE,ACTIVE,2026-09-29T19:46:12.000Z,2026-09-29T19:46:12.000Z,6b903731-6c7c-4fcd-8154-79a858ab1752,-114.0427955,51.1619794
4848,NB Coventry DR @ Coverton GA NE,ACTIVE,2026-09-29T19:46:12.000Z,2026-09-29T19:46:12.000Z,f28f2b36-619e-4504-9589-4ac02ca89d13,-114.0428106,51.1644264
6871,SB Coventry DR @ Coverton GA NE,ACTIVE,2026-09-29T19:46:12.000Z,2026-09-29T19:46:12.000Z,d25a8abb-2172-41fa-a811-e9c8e7cd7590,-114.0428658,51.1635643
2517,WB Heritage Meadows WY @ 11 ST SE,ACTIVE,2026-09-29T19:46:12.000Z,2026-09-29T19:46:12.000Z,f1d2e89b-6d2a-4a5e-98c6-92b8eeb997f6,-114.0429176,50.9846102
2866,WB Southland DR @ Maplecreek DR SE,ACTIVE,2026-09-29T19:46:12.000Z,2026-09-29T19:46:12.000Z,bf82a1ae-1946-445f-b929-1fab0d6a8239,-114.0429214,50.9645559
9409,Russet Road Station (EB),ACTIVE,2026-09-29T19:46:12.000Z,2026-09-29T19:46:12.000Z,44a41010-c505-4556-a8ff-99018c440d70,-114.0429936,51.0668045
9236,WB Midvalley DR @ Midvalley RD SE,ACTIVE,2026-09-29T19:46:12.000Z,2026-09-29T19:46:12.000Z,a4a3a9e0-150d-4c14-82da-bf8e3254f29c,-114.0430103,50.9133916
7827,EB 23 AV SE @ 7 ST SE,ACTIVE,2026-09-29T19:46:12.000Z,2026-09-29T19:46:12.000Z,39ad449c-084d-432b-8314-e523e85e3fd1,-114.0431222,51.0329022
2487,Deerfoot Meadows Station (EB),ACTIVE,2026-09-29T19:46:12.000Z,2026-09-29T19:46:12.000Z,2cc42bcc-d10d-4095-9dee-06313b1f8e0b,-114.043125,50.9870846
5730,Russet Road Station (WB),ACTIVE,2026-09-29T19:46:12.000Z,2026-09-29T19:46:12.000Z,57754e85-3601-45b0-a07c-cfb89e4f5745,-114.0431612,51.0671325
4713,WB Country Hills BV @ Coventry BV NE,ACTIVE,2026-09-29T19:46:12.000Z,2026-09-29T19:46:12.000Z,b7eebf67-34cc-4f17-b6dc-d5a5f3561ec2,-114.0432353,51.1544349
6513,SB Coventry DR @ Coventry Hills WY NE,ACTIVE,2026-09-29T19:46:12.000Z,2026-09-29T19:46:12.000Z,b4e9abda-0898-4e46-8e45-1d29a2694607,-114.0432811,51.1651219
3038,EB Coventry Hills WY @ Coville GA NE,ACTIVE,2026-09-29T19:46:12.000Z,2026-09-29T19:46:12.000Z,4cb888be-4028-4a4c-a1f6-7a639575a463,-114.0432964,51.1715896
5389,SB Bellevue AV @ MacDonald AV SE,ACTIVE,2026-09-29T19:46:12.000Z,2026-09-29T19:46:12.000Z,666e1f9c-9095-4b7e-a6a4-a2397f323578,-114.0433606,51.0408058
4610,WB 8 AV NE @ Remington RD,ACTIVE,2026-09-29T19:46:12.000Z,2026-09-29T19:46:12.000Z,4d50676c-fa80-4705-ac3b-62207068fc62,-114.0434987,51.0596897
4893,NB Coventry DR @ Covington RD NE,ACTIVE,2026-09-29T19:46:12.000Z,2026-09-29T19:46:12.000Z,172d6eca-4f07-48fa-b3dd-01eb7d14e02a,-114.0435257,51.160181
6908,SB Coventry DR @ Coverdale RD NE,ACTIVE,2026-09-29T19:46:12.000Z,2026-09-29T19:46:12.000Z,4dbad0c4-5e69-4c58-8c2d-5f9b0f304c2d,-114.0435315,51.1614314
6107,WB Chaparral DR @ Chaparral CI SE,ACTIVE,2026-09-29T19:46:12.000Z,2026-09-29T19:46:12.000Z,bea4fb07-43b8-45d8-bf38-b3d0263e39d4,-114.0435863,50.8876982
4760,WB 1 AV NE @ 8 ST NE,ACTIVE,2026-09-29T19:46:12.000Z,2026-09-29T19:46:12.000Z,6c8d11b3-ff7b-4916-ac80-1e4cc59edd27,-114.0436189,51.0533243
3809,WB Coventry Hills WY @ Coventry DR NE,ACTIVE,2026-09-29T19:46:12.000Z,2026-09-29T19:46:12.000Z,e070e917-4fe0-4e8f-95d4-64e08d87f8a3,-114.043642,51.1655178
2507,WB 42 AV SE @ 8 ST SE,ACTIVE,2026-09-29T19:46:12.000Z,2026-09-29T19:46:12.000Z,3946ce67-06ad-45c4-abd7-2480d5706237,-114.0436431,51.0161848
6933,SB Coventry DR @ Coverdale RD NE,ACTIVE,2026-09-29T19:46:12.000Z,2026-09-29T19:46:12.000Z,7ca5cedf-0271-40d2-beda-ef366107c4e0,-114.0436705,51.159483
6059,EB Lake Bonavista DR @ Lake Arrow WY SE,ACTIVE,2026-09-29T19:46:12.000Z,2026-09-29T19:46:12.000Z,0f783ac4-8f26-4f51-a03b-c61b8da20bdb,-114.043677,50.9358602
5388,EB 7 ST @ MacDonald AV SE,ACTIVE,2026-09-29T19:46:12.000Z,2026-09-29T19:46:12.000Z,f441be3c-ffd6-407d-be79-816f2db41ee6,-114.0437947,51.0410246
4905,NB Coventry DR @ Coventry BV NE,ACTIVE,2026-09-29T19:46:12.000Z,2026-09-29T19:46:12.000Z,a4f3562a-9988-4de7-99f4-03498519bd15,-114.0438189,51.1582815
4259,SB Acadia DR @ Williow Park DR SE,ACTIVE,2026-09-29T19:46:12.000Z,2026-09-29T19:46:12.000Z,a28b63b4-2742-4651-b062-962e358006d3,-114.0438227,50.9595838
5992,EB 58 AV SE @ Burbank RD,ACTIVE,2026-09-29T19:46:12.000Z,2026-09-29T19:46:12.000Z,8623467a-f05e-4002-9eb0-881a234058cc,-114.043941,51.0014406
9158,NB Acadia DR @  Lake Bonavista DR SE,ACTIVE,2026-09-29T19:46:12.000Z,2026-09-29T19:46:12.000Z,af353e34-3128-4d3e-ae61-b8421ac2741e,-114.04402,50.9423453
3044,EB Coventry BV @ Coventry DR NE,ACTIVE,2026-09-29T19:46:12.000Z,2026-09-29T19:46:12.000Z,8693e0bf-6faa-485c-9267-a0878e5c5027,-114.0441033,51.1575475
1803,EB 46 AV SE @ Highfield CI SE,ACTIVE,2026-09-29T19:46:12.000Z,2026-09-29T19:46:12.000Z,c001c513-a85f-4743-8ea0-839054a3f41a,-114.0442034,51.0115477
9096,EB Canyon Meadows DR @ Park Estates DR SE,ACTIVE,2026-09-29T19:46:12.000Z,2026-09-29T19:46:12.000Z,07376f70-8021-4b8a-a605-58fed520c693,-114.0442788,50.9292911
4935,NB Acadia DR @ Willow Park DR SE,ACTIVE,2026-09-29T19:46:12.000Z,2026-09-29T19:46:12.000Z,a067b3b4-78e2-4ec0-a35e-beabdc238a00,-114.0443168,50.9603249
2513,SB Heritage Meadows WY @ S. of Heritage DR SW,ACTIVE,2026-09-29T19:46:12.000Z,2026-09-29T19:46:12.000Z,dedaa234-37db-4b63-a3b0-68630727b7f1,-114.0443436,50.9865902
8234,EB Chaparral DR @ Chaparral CI SE,ACTIVE,2026-09-29T19:46:12.000Z,2026-09-29T19:46:12.000Z,5f4c9302-29cb-4101-9d0c-968faa350bfd,-114.0443672,50.8874931
2864,WB Heritage DR @ Heritage GA SE,ACTIVE,2026-09-29T19:46:12.000Z,2026-09-29T19:46:12.000Z,bcb6a248-251c-4a48-b55b-aab577d61585,-114.0443732,50.9872907
2417,EB 72 AV NE @ 8 ST NE,ACTIVE,2026-09-29T19:46:12.000Z,2026-09-29T19:46:12.000Z,4dcbfa6c-fc2e-4e10-8964-a5d6cfcfe02a,-114.0443953,51.1177177
4216,NB Willingdon BV @ Willacy DR (E. Leg) SE,ACTIVE,2026-09-29T19:46:12.000Z,2026-09-29T19:46:12.000Z,4e91212b-b8dc-4dad-a930-f8a41df35149,-114.044415,50.9507027
7335,NB 8 ST NE @ 65 AV NE,ACTIVE,2026-09-29T19:46:12.000Z,2026-09-29T19:46:12.000Z,85d663fd-c0e6-45be-8c3c-14cc2bac7d67,-114.0445004,51.1131627
4946,WB Coventry Hills WY @ Coville GA NE,ACTIVE,2026-09-29T19:46:12.000Z,2026-09-29T19:46:12.000Z,33a51da2-18c2-4962-b5d9-dd3e84c8bf67,-114.0445306,51.1717557
9266,NB 8 ST NE @ 68 AV NE,ACTIVE,2026-09-29T19:46:12.000Z,2026-09-29T19:46:12.000Z,bfabc3db-0093-45d9-8b43-8a94e2123a1e,-114.0445377,51.1163838
7362,SB 8 ST NE @ N. of 65 AV NE,ACTIVE,2026-09-29T19:46:12.000Z,2026-09-29T19:46:12.000Z,66532c32-f85e-405e-8bb3-54d175d1f600,-114.044691,51.1130865
7361,SB 8 ST NE @ 68 AV NE,ACTIVE,2026-09-29T19:46:12.000Z,2026-09-29T19:46:12.000Z,ef980b78-e449-4447-9c81-f45123ddf5dd,-114.0447269,51.1152102
9071,SB 8 ST NE @ 72 AV NE,ACTIVE,2026-09-29T19:46:12.000Z,2026-09-29T19:46:12.000Z,c9bf8577-abe9-4528-8882-a8398706c1a9,-114.0447269,51.1174499
9382,EB Coventry Hills WY @ Covette BA NE,ACTIVE,2026-09-29T19:46:12.000Z,2026-09-29T19:46:12.000Z,b85407b4-c1b2-42a2-be3f-edfced93ad2f,-114.04473,51.1650596
7826,EB 23 AV SE @ Spiller RD,ACTIVE,2026-09-29T19:46:12.000Z,2026-09-29T19:46:12.000Z,7a5dd864-e5b5-49e8-a77e-1c6a44026a1b,-114.0447623,51.0329078
7822,SB Bellevue AV @ 17 AV SE,ACTIVE,2026-09-29T19:46:12.000Z,2026-09-29T19:46:12.000Z,74e0efca-b6f7-4e66-aa37-38233e230aeb,-114.0447743,51.0380982
9424,WB 16 AV @ Moncton RD NE,ACTIVE,2026-09-29T19:46:12.000Z,2026-09-29T19:46:12.000Z,2e5d99de-e158-4f33-8083-12bec8dfed7d,-114.0448392,51.0673243
5567,SB Midvalley DR @ Midvalley WY SE,ACTIVE,2026-09-29T19:46:12.000Z,2026-09-29T19:46:12.000Z,735d7f33-c570-497f-903c-d867ea0a0779,-114.0448854,50.9143386
6061,WB Lake Bonavista DR @ Acadia DR SE,ACTIVE,2026-09-29T19:46:12.000Z,2026-09-29T19:46:12.000Z,f2cfd5ce-1994-46a1-839e-bdb159a28b70,-114.0449627,50.9422972
6058,SB Acadia DR @ Lake Bonavista DR SE,ACTIVE,2026-09-29T19:46:12.000Z,2026-09-29T19:46:12.000Z,bc719ee1-dabb-40cf-a83f-c7a753c2e230,-114.0450208,50.941831
7862,SB Coventry DR @ Coventry BV NE,ACTIVE,2026-09-29T19:46:12.000Z,2026-09-29T19:46:12.000Z,5086f205-7137-4829-80d0-049330732f08,-114.0451015,51.1576843
5590,EB 1 AV NE @ 7 ST NE,ACTIVE,2026-09-29T19:46:12.000Z,2026-09-29T19:46:12.000Z,deb75814-a5d5-4f79-b3b7-dcd7d64034ad,-114.0451247,51.0532095
8242,EB Sunmills DR @ Sunlake CL SE,ACTIVE,2026-09-29T19:46:12.000Z,2026-09-29T19:46:12.000Z,87a9f57e-7b86-40d6-afe3-1dd76c846383,-114.0451813,50.8984428
9240,WB Midvalley DR @ Midvalley WY SE,ACTIVE,2026-09-29T19:46:12.000Z,2026-09-29T19:46:12.000Z,e71e1316-fc6b-42d0-9f5e-0f78b686b63d,-114.0451921,50.9103975
9821,WB 9 AV SE @ The Confluence,ACTIVE,2026-09-29T19:46:12.000Z,2026-09-29T19:46:12.000Z,672809fb-5133-4f32-b6bf-e3c8b2247476,-114.045308,51.0440573
5569,NB Midvalley DR @ Midvalley WY SE,ACTIVE,2026-09-29T19:46:12.000Z,2026-09-29T19:46:12.000Z,aeeef323-2c80-44ea-9d22-cf63cd8eef26,-114.0453257,50.9147995
4131,WB 46 AV SE @ Highfield CI,ACTIVE,2026-09-29T19:46:12.000Z,2026-09-29T19:46:12.000Z,2f3729b1-b1de-423d-9258-33bb86d1a6d4,-114.0453528,51.0115237
4616,EB Regal CR @ 7 ST NE,ACTIVE,2026-09-29T19:46:12.000Z,2026-09-29T19:46:12.000Z,e8d1bcfc-05e5-4fde-bf83-a65f5f109def,-114.0454718,51.0632207
7821,EB Burns AV @ Ramsay ST SE,ACTIVE,2026-09-29T19:46:12.000Z,2026-09-29T19:46:12.000Z,7c934d6c-6499-4d7e-bb97-d3ef5f5ecc39,-114.045475,51.0358312
3037,EB Coventry Hills WY @ Covewood GA NE,ACTIVE,2026-09-29T19:46:12.000Z,2026-09-29T19:46:12.000Z,b3727d68-2de7-4920-b544-8c142ec7fb93,-114.0454763,51.1715322
5079,WB 9 AV SE @ The Confluence,ACTIVE,2026-09-29T19:46:12.000Z,2026-09-29T19:46:12.000Z,2a91ab9d-5f17-4c62-ae12-265320d739d5,-114.0454989,51.0439722
3026,NB Harvest Hills DR @ Harvest Hills WY NE,ACTIVE,2026-09-29T19:46:12.000Z,2026-09-29T19:46:12.000Z,5e3abfb0-79a9-4ac3-a6bf-af822c846ebd,-114.0455176,51.1503469
8334,SB Harvest Hills DR @ Harvest Hills WY NE NearSide,ACTIVE,2026-09-29T19:46:12.000Z,2026-09-29T19:46:12.000Z,61a1624d-acfc-4554-8fc7-644fb6b26318,-114.0455583,51.1502238
3025,NB Harvest Hills DR @ Harvest Grove CM NE,ACTIVE,2026-09-29T19:46:12.000Z,2026-09-29T19:46:12.000Z,b3153e98-c781-4552-9951-68999dfbe57d,-114.045595,51.1483071
9243,EB Midvalley DR @ Midlake BV SE,ACTIVE,2026-09-29T19:46:12.000Z,2026-09-29T19:46:12.000Z,68feac29-407e-4dcc-8d59-fc0b52c23b6b,-114.0456387,50.9103099
4123,SB Chaparral DR @ Chapalina Park CR SE,ACTIVE,2026-09-29T19:46:12.000Z,2026-09-29T19:46:12.000Z,53d30639-1d36-48c5-b3dd-130dc666e069,-114.0456686,50.8837841
3043,SB Harvest Hills DR @ N. of Harvest Hills WY NE,ACTIVE,2026-09-29T19:46:12.000Z,2026-09-29T19:46:12.000Z,da960be1-e2c4-4745-886f-779f46b9a225,-114.0456746,51.1502628
7972,NB 7 ST SE @ N. of 42 AV SE,ACTIVE,2026-09-29T19:46:12.000Z,2026-09-29T19:46:12.000Z,ca95f729-d1bc-439b-b346-7614431b902f,-114.0456827,51.0193397
7971,NB 7 ST SE @ 42 AV SE,ACTIVE,2026-09-29T19:46:12.000Z,2026-09-29T19:46:12.000Z,8360e71e-4502-4a71-9ea6-d70b202d82c3,-114.045755,51.0164092
5981,NB 7 ST SE @ 34 AV SE,ACTIVE,2026-09-29T19:46:12.000Z,2026-09-29T19:46:12.000Z,410d7ad1-59a6-409b-bf6a-c66428dd92a2,-114.0457607,51.0228227
6561,WB Sunmills DR @ Sunset CR SE,ACTIVE,2026-09-29T19:46:12.000Z,2026-09-29T19:46:12.000Z,0664e28b-b80b-4277-9042-283831f9816c,-114.0458504,50.8991074
7824,SB Spiller RD @ 23 AV SE,ACTIVE,2026-09-29T19:46:12.000Z,2026-09-29T19:46:12.000Z,48f31722-70dc-4359-ab0e-74968c83f22e,-114.0459189,51.0326672
3810,WB Coventry Hills WY @ Covewood LI NE,ACTIVE,2026-09-29T19:46:12.000Z,2026-09-29T19:46:12.000Z,eaa3ae9d-159d-4dff-8ce8-6d7ce2bcd377,-114.045931,51.1650261
6294,WB 7 ST @ MacDonald AV SE,ACTIVE,2026-09-29T19:46:12.000Z,2026-09-29T19:46:12.000Z,8c144b70-a93d-4d53-a3c3-7b18e365dcb6,-114.0459354,51.0411498
9097,WB Canyon Meadows DR @ Lake Lucerne RD SE,ACTIVE,2026-09-29T19:46:12.000Z,2026-09-29T19:46:12.000Z,903d8dc2-07c1-4b8f-aa19-aac5dc3b7f33,-114.0461461,50.9294733
6390,NB 32 AV NE @ 36 AV NE,ACTIVE,2026-09-29T19:46:12.000Z,2026-09-29T19:46:12.000Z,cd2fef95-6e08-4632-b1a0-7309733a2985,-114.0461628,51.0855365
8459,NB Chaparral DR @ Chaparral VI SE,ACTIVE,2026-09-29T19:46:12.000Z,2026-09-29T19:46:12.000Z,dd4171eb-f56d-4f88-8898-69d85f85ac51,-114.0461796,50.8853712
5612,Harvest Hills DR @ 300 Harvest Grove PL NE,ACTIVE,2026-09-29T19:46:12.000Z,2026-09-29T19:46:12.000Z,371a7f85-6cfa-4444-9f2d-3196ba522992,-114.0461863,51.1478723
6106,SB Chaparral DR @ Chapalina WY SE,ACTIVE,2026-09-29T19:46:12.000Z,2026-09-29T19:46:12.000Z,7b5907c9-2fb3-4928-9b96-a7b4c897650a,-114.0462096,50.8866942
4427,WB 58 AV SE @ Burbank RD,ACTIVE,2026-09-29T19:46:12.000Z,2026-09-29T19:46:12.000Z,738519a0-2012-4031-a068-ae282eaf1a75,-114.0462723,51.0015446
6067,WB Suncrest WY @ Sunhurst RD SE,ACTIVE,2026-09-29T19:46:12.000Z,2026-09-29T19:46:12.000Z,8eb52bef-282e-40e6-8b41-9e499c752cf6,-114.0463892,50.9038524
4260,EB Acadia DR @ Mapleton DR SE,ACTIVE,2026-09-29T19:46:12.000Z,2026-09-29T19:46:12.000Z,08e82882-8b1f-4a29-b355-ff3e2b1ed62e,-114.0464043,50.9608725
6353,SB 32 AV NE @ 36 AV NE,ACTIVE,2026-09-29T19:46:12.000Z,2026-09-29T19:46:12.000Z,0f52fd90-d57f-4fef-a1e3-419e78bb3e0a,-114.0464283,51.0842839
4257,WB Willingdon BV @ Wilton PL SE,ACTIVE,2026-09-29T19:46:12.000Z,2026-09-29T19:46:12.000Z,055ddc00-2447-4314-af54-64e1622b9691,-114.0465749,50.9505505
4906,EB Coventry DR @ Coventry CL NE,ACTIVE,2026-09-29T19:46:12.000Z,2026-09-29T19:46:12.000Z,64ec88eb-4d8d-42ff-874c-ac1768ee42f5,-114.046712,51.1568795
4215,EB Willingdon BV @ Wilton PL SE,ACTIVE,2026-09-29T19:46:12.000Z,2026-09-29T19:46:12.000Z,eb817288-cb08-43f8-aa60-55ea40f1feb8,-114.0467137,50.9503831
4759,WB 1 AV NE @ 7 ST NE,ACTIVE,2026-09-29T19:46:12.000Z,2026-09-29T19:46:12.000Z,ac294756-120e-4d62-95ef-d6eb863c1630,-114.0468139,51.053308
4945,WB Coventry Hills WY @ Covewood GA NE,ACTIVE,2026-09-29T19:46:12.000Z,2026-09-29T19:46:12.000Z,8de15358-e61f-4d5b-967e-1d7f8b9c91cc,-114.0468528,51.1714636
4420,EB 58 AV SE @ Blackfoot TR,ACTIVE,2026-09-29T19:46:12.000Z,2026-09-29T19:46:12.000Z,3b1a9266-6e79-4b6d-a08c-b2b2e04f48c8,-114.0472157,51.0012806
6445,NB Acadia DR @ Mapleton DR SE,ACTIVE,2026-09-29T19:46:12.000Z,2026-09-29T19:46:12.000Z,a64f2bf7-b261-42b2-8110-c5254fadc6ad,-114.047225,50.961406
9381,EB Coventry Hills WY @ W. of Covewood LI NE,ACTIVE,2026-09-29T19:46:12.000Z,2026-09-29T19:46:12.000Z,91d948e7-9ae5-4909-9477-daf4064fdbc2,-114.0472256,51.1647359
8241,SB Sunmills DR @ Sunvale DR SE,ACTIVE,2026-09-29T19:46:12.000Z,2026-09-29T19:46:12.000Z,43b39ad7-71bc-4da1-9044-c98626cc069c,-114.047229,50.8995741
9242,NB Midlake BV @ Sun Valley BV SE,ACTIVE,2026-09-29T19:46:12.000Z,2026-09-29T19:46:12.000Z,65e8300c-342c-4e4e-a78c-ef5960972a53,-114.0472383,50.9072921
9256,EB Midvalley DR @ Midridge DR SE,ACTIVE,2026-09-29T19:46:12.000Z,2026-09-29T19:46:12.000Z,b0d12b57-0ed8-4f1c-a32e-bc17039829a5,-114.0472896,50.915245
4454,EB Country Hills BV @ Harvest Hills GA NE,ACTIVE,2026-09-29T19:46:12.000Z,2026-09-29T19:46:12.000Z,5fefa39a-2d7b-48f2-a03a-f660ca0c156f,-114.047304,51.154106
9167,EB  Lake Bonavista DR @ Acadia DR SE,ACTIVE,2026-09-29T19:46:12.000Z,2026-09-29T19:46:12.000Z,ebbab148-e0fb-4a4a-8aa6-5c4ea8885135,-114.0474944,50.9373961
8005,SB Midlake BV @ Midland CR SE,ACTIVE,2026-09-29T19:46:12.000Z,2026-09-29T19:46:12.000Z,14af3579-83f6-4ecf-ac31-24f2642de107,-114.0475144,50.9089991
3042,EB Harvest Hills DR @ Harvest Hills GA NE,ACTIVE,2026-09-29T19:46:12.000Z,2026-09-29T19:46:12.000Z,fa8c2dd1-602f-443c-ac91-09b758b1d211,-114.0475189,51.1511216
9237,NB Midridge DR @ Midvalley DR SE,ACTIVE,2026-09-29T19:46:12.000Z,2026-09-29T19:46:12.000Z,3d7d2c6d-747b-42fc-9284-31e80a4d3e08,-114.0475419,50.9157551
5704,EB 16 AV NE @ 6 ST NE,ACTIVE,2026-09-29T19:46:12.000Z,2026-09-29T19:46:12.000Z,2f7a18ba-106d-443d-8f63-6e43b76f2480,-114.0475565,51.0667994
5980,EB 42 AV SE @ Blackfoot TR,ACTIVE,2026-09-29T19:46:12.000Z,2026-09-29T19:46:12.000Z,bb5e7c56-2958-45f1-8be2-ce8f94e54b91,-114.04759,51.0158079
5438,EB 1 AV NE@ 6 ST NE,ACTIVE,2026-09-29T19:46:12.000Z,2026-09-29T19:46:12.000Z,a18ca550-297c-48c7-9ae2-3f6d172a787d,-114.0477077,51.0532119
4617,EB Regal CR @ 6 ST NE,ACTIVE,2026-09-29T19:46:12.000Z,2026-09-29T19:46:12.000Z,a1e82fa3-f77c-4b58-a692-dd80f28d6587,-114.0477128,51.0632234
6263,EB Canyon Meadows DR @ Acadia DR SE,ACTIVE,2026-09-29T19:46:12.000Z,2026-09-29T19:46:12.000Z,2819bfb7-b550-4d68-a1d1-9303c7da967f,-114.0477963,50.929488
7864,WB Coventry DR @ Coventry CL NE,ACTIVE,2026-09-29T19:46:12.000Z,2026-09-29T19:46:12.000Z,3a71a504-9909-4f79-b468-39f61d304000,-114.047883,51.1571339
9166,SB Lake Bonavista DR @ Lake Louise WY SE,ACTIVE,2026-09-29T19:46:12.000Z,2026-09-29T19:46:12.000Z,77b16594-3bb2-4c68-a974-73d6798c9810,-114.0478897,50.9435137
3028,NB Harvest Hills GA @ Harvest Hills MR NE,ACTIVE,2026-09-29T19:46:12.000Z,2026-09-29T19:46:12.000Z,9f5a8f53-4c15-4b5c-9ab8-d5a2afc5e19a,-114.0478998,51.1531748
3027,NB Harvest Hills GA @ Harvest Hills DR NE,ACTIVE,2026-09-29T19:46:12.000Z,2026-09-29T19:46:12.000Z,5e8ca153-ec78-4eb0-8154-2393bd6260cf,-114.0479101,51.1515803
5392,NB Spiller RD@ 6 ST SE,ACTIVE,2026-09-29T19:46:12.000Z,2026-09-29T19:46:12.000Z,4570eb1d-c89b-4afd-96e1-5023d5f2be5a,-114.0479478,51.0310454
9227,SB Midridge DR @ Midglen DR SE,ACTIVE,2026-09-29T19:46:12.000Z,2026-09-29T19:46:12.000Z,2f449ce5-48d8-4b1e-98d9-1082ef3dbc13,-114.047985,50.9177453
9257,NB Midridge DR @ Midglen DR SE,ACTIVE,2026-09-29T19:46:12.000Z,2026-09-29T19:46:12.000Z,ab3bf32f-3ce7-4890-9272-b623c4e2907e,-114.0480503,50.9185115
9214,NB Acadia DR @ Lake Placid HL SE,ACTIVE,2026-09-29T19:46:12.000Z,2026-09-29T19:46:12.000Z,409c7e1a-ca5f-471f-aeb7-253071ea0b87,-114.0481011,50.9320009
7998,WB Sun Valley BV @ Midlake BV SE,ACTIVE,2026-09-29T19:46:12.000Z,2026-09-29T19:46:12.000Z,a79f36ba-ba68-4c75-b5dd-8de1b397d7d5,-114.0481849,50.9067224
5679,NB 6 ST NE @ 8 AV NE,ACTIVE,2026-09-29T19:46:12.000Z,2026-09-29T19:46:12.000Z,29855f98-380d-49ac-a29f-59334b87e83c,-114.0482532,51.0601158
4609,NB 6 ST NE @ Radford RD,ACTIVE,2026-09-29T19:46:12.000Z,2026-09-29T19:46:12.000Z,ffc838d2-aadb-44d6-9caf-7a572ef3ada9,-114.0482591,51.061816
1710,SB Harvest Hills GA @ Harvest Hills MR NE,ACTIVE,2026-09-29T19:46:12.000Z,2026-09-29T19:46:12.000Z,476c4854-083a-4380-b1ff-b0e41df124a0,-114.0482617,51.1525471
7251,NB 6 ST SE @ 8 AV SE,ACTIVE,2026-09-29T19:46:12.000Z,2026-09-29T19:46:12.000Z,73ed9ed2-fac7-41d9-8129-303260cb74be,-114.0482686,51.0455174
6116,NB Acadia DR @ Southland DR SE,ACTIVE,2026-09-29T19:46:12.000Z,2026-09-29T19:46:12.000Z,038c5ca3-256e-470e-9041-8f42b8305810,-114.0482839,50.9644731
2861,EB Southland DR @ Acadia DR SE,ACTIVE,2026-09-29T19:46:12.000Z,2026-09-29T19:46:12.000Z,437a01a0-94e4-4cce-90d9-a5d0582acc47,-114.048288,50.9639155
3811,WB Coventry Hills WY @ W. of Covewood LI NE,ACTIVE,2026-09-29T19:46:12.000Z,2026-09-29T19:46:12.000Z,1a53f94f-e2f2-4718-99c2-35d9d3881c85,-114.0483185,51.1648715
4938,NB Heritage DR @ 79th AV SE,ACTIVE,2026-09-29T19:46:12.000Z,2026-09-29T19:46:12.000Z,83f1c0d3-5290-4b66-a2bb-bb6939ef9f92,-114.0483278,50.9833187
1902,NB Heritage DR @ 77 AV SE,ACTIVE,2026-09-29T19:46:12.000Z,2026-09-29T19:46:12.000Z,d42c252a-27d4-4fb4-ab10-116841f8d68a,-114.0483366,50.9847735
4398,NB Acadia DR @ Allden PL SE,ACTIVE,2026-09-29T19:46:12.000Z,2026-09-29T19:46:12.000Z,39a3ee38-142d-4d37-b80f-a4495784e484,-114.0483405,50.9680725
4399,NB Acadia DR @ Athens RD SE,ACTIVE,2026-09-29T19:46:12.000Z,2026-09-29T19:46:12.000Z,53000a27-f926-4abd-ad6e-2e6d9c1e4272,-114.0483429,50.9664625
9157,SB Acadia DR @ N. of Lake Bonavista DR SE,ACTIVE,2026-09-29T19:46:12.000Z,2026-09-29T19:46:12.000Z,9f95417a-c518-492f-baf6-58e66aa10c1b,-114.0483455,50.9383441
5056,SB 6 ST SE @ 8 AV SE,ACTIVE,2026-09-29T19:46:12.000Z,2026-09-29T19:46:12.000Z,7cfc62d9-274c-4c3a-8279-f8c2d6840802,-114.0484904,51.0447225
4386,SB Acadia DR @ 97 AV SE,ACTIVE,2026-09-29T19:46:12.000Z,2026-09-29T19:46:12.000Z,916dc0e2-13f5-4dae-a25e-687668853733,-114.0485279,50.9657925
6416,SB Acadia DR @ Southland DR SE,ACTIVE,2026-09-29T19:46:12.000Z,2026-09-29T19:46:12.000Z,4a52a54a-0016-40fa-8e6b-df415390bccd,-114.0485536,50.9635894
6295,EB 12 AV SE @ 6 ST SE,ACTIVE,2026-09-29T19:46:12.000Z,2026-09-29T19:46:12.000Z,1fb8be62-6efc-4e89-84c6-9a03dcc8a831,-114.0485742,51.0409377
3917,EB 9 AV SE @ 6 ST SE,ACTIVE,2026-09-29T19:46:12.000Z,2026-09-29T19:46:12.000Z,ead48983-46a5-4192-a611-28b5735da8af,-114.0486293,51.0439749
2865,SB Heritage DR @ 77 AV SE,ACTIVE,2026-09-29T19:46:12.000Z,2026-09-29T19:46:12.000Z,7c1f0734-9fa1-4812-a82b-7453b55f617e,-114.0486431,50.9842559
3886,EB 9 AV SE @ 6 ST SE,ACTIVE,2026-09-29T19:46:12.000Z,2026-09-29T19:46:12.000Z,4717db1b-61e9-4b2f-af4f-33c6cdec8bb7,-114.0486797,51.0439906
9036,SB 32 AV NE @ 6 ST NE,ACTIVE,2026-09-29T19:46:12.000Z,2026-09-29T19:46:12.000Z,455bd3eb-88d3-4e14-afa4-390964aeef54,-114.0487529,51.0881475
7823,SB Spiller RD @ 6 ST SE,ACTIVE,2026-09-29T19:46:12.000Z,2026-09-29T19:46:12.000Z,20554c03-dc7e-4872-8844-172f1f72ed94,-114.0487682,51.0307064
6485,WB Lake Bonavista DR @ Acadia DR SE,ACTIVE,2026-09-29T19:46:12.000Z,2026-09-29T19:46:12.000Z,0b1eeda4-0b54-4a87-a3a1-41a345e4271b,-114.0487799,50.9375545
5396,WB 12 AV SE@ 6 ST SE,ACTIVE,2026-09-29T19:46:12.000Z,2026-09-29T19:46:12.000Z,0f9f856a-afc9-4258-923a-52ebc4f6776b,-114.048793,51.0410872
3389,WB 9 AV @ 6 ST SE,ACTIVE,2026-09-29T19:46:12.000Z,2026-09-29T19:46:12.000Z,a845a778-8999-476d-9f6a-09e0781f074f,-114.0487999,51.0442311
6415,SB Acadia DR @ 6 ST SE,ACTIVE,2026-09-29T19:46:12.000Z,2026-09-29T19:46:12.000Z,58778d6a-eb8f-43b8-a40c-f0daf785b69a,-114.0488001,50.9695863
4721,WB Country Hills BV @ Harvest Hills GA NE,ACTIVE,2026-09-29T19:46:12.000Z,2026-09-29T19:46:12.000Z,37404edb-8b28-405e-8134-e2ce42661851,-114.0488164,51.1543871
6418,WB Willingdon BV @ Wilcox ST SE,ACTIVE,2026-09-29T19:46:12.000Z,2026-09-29T19:46:12.000Z,a63a319e-1d4e-4519-ab0a-7104c4ba6876,-114.0488417,50.9505089
4409,NB Lake Bonavista DR @ 120 AV SE,ACTIVE,2026-09-29T19:46:12.000Z,2026-09-29T19:46:12.000Z,5f6dadb9-7347-42a8-8f9d-f5f471a104e2,-114.048875,50.9457154
7608,EB Harvest Hills DR @ Harvest Lake WY NE,ACTIVE,2026-09-29T19:46:12.000Z,2026-09-29T19:46:12.000Z,14bccad1-3283-4ee7-98e3-baed968a3346,-114.04888,51.1511506
5680,WB 12 AV NE @ 6 ST NE,ACTIVE,2026-09-29T19:46:12.000Z,2026-09-29T19:46:12.000Z,18e8668e-9855-458a-8b90-865f95f84d47,-114.0489327,51.0633441
3024,NB Harvest Hills DR @ Harvest Lake DR NE,ACTIVE,2026-09-29T19:46:12.000Z,2026-09-29T19:46:12.000Z,00693a01-f43d-463d-9e67-def2e142de9b,-114.0489337,51.1464791
6126,WB Southland DR @ Acadia DR SE,ACTIVE,2026-09-29T19:46:12.000Z,2026-09-29T19:46:12.000Z,16d626cd-a6dd-482e-930b-76d3faf05e6a,-114.0490161,50.9641588
9425,WB 16 AV NE @ 6 ST NE,ACTIVE,2026-09-29T19:46:12.000Z,2026-09-29T19:46:12.000Z,015f6b99-c17f-48f9-bd7e-35219c2696e2,-114.0490792,51.0670987
6276,WB Canyon Meadows Dr @ Acadia DR SE,ACTIVE,2026-09-29T19:46:12.000Z,2026-09-29T19:46:12.000Z,8acc426b-420c-4d06-a6bf-6d75635d992c,-114.0492548,50.9300557
6446,WB Acadia DR @ 6 ST SE,ACTIVE,2026-09-29T19:46:12.000Z,2026-09-29T19:46:12.000Z,d2c6d4a9-19a0-47da-a2ac-93bccc9a78be,-114.0493234,50.9700943
9195,NB 32 AV NE @ 6 ST NE,ACTIVE,2026-09-29T19:46:12.000Z,2026-09-29T19:46:12.000Z,f875fcef-717e-44e1-8dfe-d9e73ad6af28,-114.0494594,51.0889389
7729,NB 5 ST SE @ 77 AV SE,ACTIVE,2026-09-29T19:46:12.000Z,2026-09-29T19:46:12.000Z,b9c3df10-fd5e-4528-b9c9-79eb47b81dad,-114.0494738,50.9847959
4933,EB Coventry DR @ Coventry GR NE,ACTIVE,2026-09-29T19:46:12.000Z,2026-09-29T19:46:12.000Z,258ff6d1-b3cd-45e0-8cba-3c688aa385f4,-114.0496384,51.1569714
4762,WB 1 AV NE @ Edmonton TR,ACTIVE,2026-09-29T19:46:12.000Z,2026-09-29T19:46:12.000Z,80405808-f36d-416d-b6cd-1e25cc09246d,-114.0496689,51.0533424
5997,WB Manhattan RD @ Blackfoot TR SE,ACTIVE,2026-09-29T19:46:12.000Z,2026-09-29T19:46:12.000Z,27de5b2e-28f7-47c0-945d-00e5ab0baae8,-114.0497256,51.0113483
8240,EB Sunvale DR @ Sundown RD SE,ACTIVE,2026-09-29T19:46:12.000Z,2026-09-29T19:46:12.000Z,a89dd923-f89b-4ad6-9933-0fdfac293aaa,-114.0497467,50.8995748
8528,EB 1 AV NE @ Edmonton TR,ACTIVE,2026-09-29T19:46:12.000Z,2026-09-29T19:46:12.000Z,7fd71b99-53df-4209-90b5-b37914481c70,-114.049849,51.053203
7611,WB  Harvest Hills DR @ Harvest Lake DR NE,ACTIVE,2026-09-29T19:46:12.000Z,2026-09-29T19:46:12.000Z,c92db42e-ea7f-4f2a-a608-d426d9edfda5,-114.0498726,51.1461295
4618,EB 12 AV NE @ 5 ST NE,ACTIVE,2026-09-29T19:46:12.000Z,2026-09-29T19:46:12.000Z,7ed6bd76-04b0-4487-8d99-809695b94b51,-114.0500529,51.0632375
5254,NB Edmonton TR @ Meredith RD NE,ACTIVE,2026-09-29T19:46:12.000Z,2026-09-29T19:46:12.000Z,7e346537-778c-4a0d-a450-c8472c2c6176,-114.0501033,51.0523459
5941,NB Edmonton TR @ 1 AV NE,ACTIVE,2026-09-29T19:46:12.000Z,2026-09-29T19:46:12.000Z,14c4ed5e-85e9-4e45-8b4b-9319ad651b14,-114.0501687,51.0535619
3656,EB Sun Valley BV @ W. of Sunmills DR SE,ACTIVE,2026-09-29T19:46:12.000Z,2026-09-29T19:46:12.000Z,4102459d-e251-46a8-868c-3855b6100a90,-114.0502473,50.9065047
8217,EB 16 AV NE @ 5 ST NE,ACTIVE,2026-09-29T19:46:12.000Z,2026-09-29T19:46:12.000Z,7c935d3a-dc55-41a9-8ffd-6a86edea75e3,-114.050313,51.0667791
2903,EB 6 AV SE @ 5 ST SE,ACTIVE,2026-09-29T19:46:12.000Z,2026-09-29T19:46:12.000Z,1e6f0321-3330-4562-b77c-b6d2b771864c,-114.0503236,51.0469285
3036,EB Coventry Hills WY @ Covepark GA NE,ACTIVE,2026-09-29T19:46:12.000Z,2026-09-29T19:46:12.000Z,6b79f9eb-d325-41cc-8de6-f713dd1383cc,-114.0504906,51.1708035
7837,EB 12 AV SE @ 5 ST SE,ACTIVE,2026-09-29T19:46:12.000Z,2026-09-29T19:46:12.000Z,51bca5f7-af37-4568-8e2f-16c092014b06,-114.0505827,51.0409885
3023,NB Harvest Hills DR @ Harvest Glen WY NE,ACTIVE,2026-09-29T19:46:12.000Z,2026-09-29T19:46:12.000Z,59cb00d4-e8c2-46b5-a09a-d44d247a0463,-114.0506388,51.1454176
8243,WB Sunvale DR@ Sundown RD SE,ACTIVE,2026-09-29T19:46:12.000Z,2026-09-29T19:46:12.000Z,80f0dff7-0338-4b26-8603-b757e2c9f811,-114.0507624,50.8997084
7705,WB 25 AV SE @ Spiller RD,ACTIVE,2026-09-29T19:46:12.000Z,2026-09-29T19:46:12.000Z,07c244c5-5853-4ae6-a703-f0516beb3fdb,-114.0507803,51.0297948
4214,EB Willingdon BV @ Wilkes RD SE,ACTIVE,2026-09-29T19:46:12.000Z,2026-09-29T19:46:12.000Z,8dae43ff-1afb-4ec8-80b3-3ecb732fa696,-114.0507986,50.9504145
7866,WB Coventry DR @ Coventry CI NE,ACTIVE,2026-09-29T19:46:12.000Z,2026-09-29T19:46:12.000Z,f30025db-d5bc-44c2-b00c-79124d4b0c28,-114.0509144,51.1573724
4433,EB Manhattan RD @ Manitou RD SE,ACTIVE,2026-09-29T19:46:12.000Z,2026-09-29T19:46:12.000Z,2eac8f82-8479-4229-ac6c-b3044e7d2d98,-114.0509635,51.0111646
5610,WB 6 AV SE @ 5 ST SE,ACTIVE,2026-09-29T19:46:12.000Z,2026-09-29T19:46:12.000Z,8ef3d38b-6594-42a9-9b39-266a1e38f755,-114.0510157,51.0471969
7612,SB Harvest Hills DR @ Harvest Glen CO NE,ACTIVE,2026-09-29T19:46:12.000Z,2026-09-29T19:46:12.000Z,85a2e7cf-c0b3-4f88-a0fa-f9109a0b9323,-114.0511019,51.1447934
9426,WB 16 AV NE @ 5 ST NE,ACTIVE,2026-09-29T19:46:12.000Z,2026-09-29T19:46:12.000Z,72a68bf6-5f59-4bc1-ac71-bd0f79da26d4,-114.0511533,51.0670342
7820,EB 25 AV SE @ Spiller RD,ACTIVE,2026-09-29T19:46:12.000Z,2026-09-29T19:46:12.000Z,6d5277e0-f6d0-47ad-a44b-accab5daea88,-114.0512395,51.0295275
5255,NB Edmonton TR @ 2 AV NE,ACTIVE,2026-09-29T19:46:12.000Z,2026-09-29T19:46:12.000Z,a7ccd943-4bd5-4fdb-8982-eb6766034101,-114.0512669,51.0549209
9378,EB Coventry Hills WY @ Coventry GD NE,ACTIVE,2026-09-29T19:46:12.000Z,2026-09-29T19:46:12.000Z,92156bbe-3596-46b4-9ae7-28a6dc5c1208,-114.0512963,51.1646138
4608,WB 12 AV NE @ 5 ST NE,ACTIVE,2026-09-29T19:46:12.000Z,2026-09-29T19:46:12.000Z,38d0d77d-ef2d-41ca-ae74-327e4e3df118,-114.0513162,51.0633504
7726,WB 71 AV SE @ 5 ST SE,ACTIVE,2026-09-29T19:46:12.000Z,2026-09-29T19:46:12.000Z,7d448fcf-70b9-401b-ac82-bf05dd4fff0a,-114.0514234,50.9886591
9105,EB Canyon Meadows DR @ Lake Placid RI SE,ACTIVE,2026-09-29T19:46:12.000Z,2026-09-29T19:46:12.000Z,9522d81e-5cda-4d6c-8e85-059c51f43532,-114.0515485,50.9302486
7836,WB 12 AV SE @ 5 ST SE,ACTIVE,2026-09-29T19:46:12.000Z,2026-09-29T19:46:12.000Z,4d85d1ce-a48a-43ef-ab22-1c0f1127c915,-114.0515547,51.0411839
6989,WB Coventry Hills WY @ Covecreek GA NE,ACTIVE,2026-09-29T19:46:12.000Z,2026-09-29T19:46:12.000Z,de10883b-3d20-42c5-92b6-2266481de59f,-114.0515568,51.170395
7295,NB Edmonton TR @ 38 AV NE,ACTIVE,2026-09-29T19:46:12.000Z,2026-09-29T19:46:12.000Z,7de80cd1-1784-4582-becc-83d434ddda61,-114.051582,51.0876792
7297,NB Edmonton TR @ 40 AV NE,ACTIVE,2026-09-29T19:46:12.000Z,2026-09-29T19:46:12.000Z,98ac8ce6-b4e2-4644-90ee-13eab3f4dde1,-114.0516115,51.0890112
5988,WB 58 AV SE @ 5 ST SE,ACTIVE,2026-09-29T19:46:12.000Z,2026-09-29T19:46:12.000Z,b6154674-6b12-4dfb-b73d-eba58fda2dfb,-114.051621,51.0014999
4256,WB Willingdon BV @ Wilkes RD SE,ACTIVE,2026-09-29T19:46:12.000Z,2026-09-29T19:46:12.000Z,d93f4ae3-2fe1-4893-b5f8-1ca9e6012bac,-114.0516636,50.9509221
9153,WBLake Bonavista DR @ Lake Linnet CR SE,ACTIVE,2026-09-29T19:46:12.000Z,2026-09-29T19:46:12.000Z,fd250198-a37b-4aa9-be2a-ffa2fbad3653,-114.0518023,50.9462572
6115,EB Southland DR @ 5 ST SE,ACTIVE,2026-09-29T19:46:12.000Z,2026-09-29T19:46:12.000Z,2ce7ec74-9ac5-45d8-86ec-f41996aa6eda,-114.0518069,50.9639505
5279,SB 4 ST NE @ Meredith RD,ACTIVE,2026-09-29T19:46:12.000Z,2026-09-29T19:46:12.000Z,acec29c7-23ff-491e-bf95-a39b8db16450,-114.0518274,51.0521646
5938,SB 4 ST NE @ 1 AV NE,ACTIVE,2026-09-29T19:46:12.000Z,2026-09-29T19:46:12.000Z,c168c520-67a7-43cd-bf77-13e75289be38,-114.0518352,51.053613
5274,SB Edmonton TR @ 37 AV NE,ACTIVE,2026-09-29T19:46:12.000Z,2026-09-29T19:46:12.000Z,d707f371-e7db-465c-aa89-ac707b6bf33f,-114.0518747,51.0864453
4413,EB Country Hills BV @ Coventry Hills BV NE,ACTIVE,2026-09-29T19:46:12.000Z,2026-09-29T19:46:12.000Z,670e7e1b-3d9e-4243-8e8e-3c1d9f000cce,-114.0518975,51.1540691
5259,NB Edmonton TR @  36 AV NE,ACTIVE,2026-09-29T19:46:12.000Z,2026-09-29T19:46:12.000Z,b3075c1e-0582-4928-a8aa-06d0fe650654,-114.0520118,51.0847398
7298,SB Edmonton TR @ 41 AV NE,ACTIVE,2026-09-29T19:46:12.000Z,2026-09-29T19:46:12.000Z,9a80a5b3-b077-4f09-886c-558cde4e6abe,-114.0520866,51.0891761
5566,NB Midridge DR @ Midglen WY SE,ACTIVE,2026-09-29T19:46:12.000Z,2026-09-29T19:46:12.000Z,fe972cd0-9394-4e9b-a271-15f756233bd1,-114.0521523,50.9189031
6558,EB Sunvale DR @ Sundown WY SE,ACTIVE,2026-09-29T19:46:12.000Z,2026-09-29T19:46:12.000Z,a6c6d3ae-7a5e-42d1-a96e-9262b3c6f75d,-114.0522596,50.899561
6691,NB Edmonton TR @ Greenview DR NE,ACTIVE,2026-09-29T19:46:12.000Z,2026-09-29T19:46:12.000Z,a5ee37ae-6a52-487b-b44f-4de10bcf88e9,-114.052266,51.0917442
3812,WB Coventry Hills WY @ Covepark DR NE,ACTIVE,2026-09-29T19:46:12.000Z,2026-09-29T19:46:12.000Z,ff37f194-7c86-47af-9c6c-8fb4dbc65978,-114.0522955,51.164648
9146,EB Lake Bonavista DR @ Lake Moraine WY SE,ACTIVE,2026-09-29T19:46:12.000Z,2026-09-29T19:46:12.000Z,bfc337f5-6681-4e47-a010-0015faba3406,-114.0523724,50.9372495
5275,SB Edmonton TR @ 35 AV NE,ACTIVE,2026-09-29T19:46:12.000Z,2026-09-29T19:46:12.000Z,e1d388b2-494e-4b6e-b45e-351e812ec79d,-114.0523837,51.0842814
7867,NB Coventry Hills BV @ Country Hills BV NE,ACTIVE,2026-09-29T19:46:12.000Z,2026-09-29T19:46:12.000Z,fbdfdfb1-4e02-41c6-a5be-72923985c1a9,-114.0524104,51.1548403
9152,EB Lake Bonavista DR @ Lake Linnet CL SE,ACTIVE,2026-09-29T19:46:12.000Z,2026-09-29T19:46:12.000Z,2a5a0852-70bb-4d81-8a87-60cf66339b63,-114.0524221,50.945913
9018,NB 4 ST NE @ Hunterhorn GA,ACTIVE,2026-09-29T19:46:12.000Z,2026-09-29T19:46:12.000Z,2c6f66e6-32b6-48bf-b63e-9e445e310edb,-114.0524336,51.1164933
7870,EB Harvest Hills DR @ Harvest Wood RD NE,ACTIVE,2026-09-29T19:46:12.000Z,2026-09-29T19:46:12.000Z,64efa5db-3900-4113-9a93-b8367aa27625,-114.0525263,51.1511616
9101,WB Canyon Meadows DR @ Lake Placid RI SE,ACTIVE,2026-09-29T19:46:12.000Z,2026-09-29T19:46:12.000Z,10eab0a5-6de9-444b-93d2-c4e09ff1baca,-114.0525455,50.9306875
9037,EB 41 AV NE @ Edmonton TR,ACTIVE,2026-09-29T19:46:12.000Z,2026-09-29T19:46:12.000Z,1a724ded-cb6d-41fc-9619-0f3c241d76a6,-114.0525628,51.0895479
4619,EB 12 AV NE @ 4 ST NE,ACTIVE,2026-09-29T19:46:12.000Z,2026-09-29T19:46:12.000Z,9ba53ea4-3a55-4f74-a910-f60e29ba5b60,-114.0525652,51.063238
5270,SB 4 ST NE @ 72 AV NE,ACTIVE,2026-09-29T19:46:12.000Z,2026-09-29T19:46:12.000Z,aeb77f1c-300b-42f1-b631-1288e7bce43d,-114.0526441,51.1176769
8983,SB Edmonton TR @ Greenview DR NE,ACTIVE,2026-09-29T19:46:12.000Z,2026-09-29T19:46:12.000Z,2ab80a2e-790f-4ae8-aead-a58e591ccd1c,-114.0527138,51.0909909
5751,SB Coventry Hills BV @ Country Village LD NE,ACTIVE,2026-09-29T19:46:12.000Z,2026-09-29T19:46:12.000Z,2b746fc0-736b-4043-961f-f84355285efc,-114.0527675,51.1570233
9228,WB Midridge DR @ Midglen WY SE,ACTIVE,2026-09-29T19:46:12.000Z,2026-09-29T19:46:12.000Z,ddf637ea-d2bd-4453-a987-918fdc2ae4e2,-114.0527922,50.9186854
4385,WB Southland DR @ 5 ST SE,ACTIVE,2026-09-29T19:46:12.000Z,2026-09-29T19:46:12.000Z,eb027e29-4deb-4b53-91e2-527f687beec5,-114.0528621,50.964157
8982,SB Edmonton TR @ N. of Greenview DR NE,ACTIVE,2026-09-29T19:46:12.000Z,2026-09-29T19:46:12.000Z,7f53f04e-ae28-41a3-a584-1a3878826d20,-114.052984,51.0928057
4263,EB Acadia DR @ Ancourt  RD SE,ACTIVE,2026-09-29T19:46:12.000Z,2026-09-29T19:46:12.000Z,9071065b-5912-4a3b-9fe6-6aa97ea0126f,-114.053005,50.9720223
6337,EB 12 AV @ Olympic WY SE,ACTIVE,2026-09-29T19:46:12.000Z,2026-09-29T19:46:12.000Z,d6ca5ba1-0340-4efb-8fce-587044fccc43,-114.0530317,51.0410683
6443,EB Willingdon BV @  Willacy DR (W. Leg) SE,ACTIVE,2026-09-29T19:46:12.000Z,2026-09-29T19:46:12.000Z,6e04640d-a61c-4ed3-9294-b4f5e6b0877b,-114.0531484,50.9515353
6879,EB 64 AV NE @ Hunterhorn RD,ACTIVE,2026-09-29T19:46:12.000Z,2026-09-29T19:46:12.000Z,ec6a1bad-6e9e-48ef-a7ef-5b73e35c9457,-114.0531591,51.110485
3035,EB Coventry Hills WY @ Covepark DR NE,ACTIVE,2026-09-29T19:46:12.000Z,2026-09-29T19:46:12.000Z,3063ff3c-7205-4972-bcc9-86eaab18a100,-114.0531896,51.1694495
4422,EB 58 AV SE @ 4 ST SE,ACTIVE,2026-09-29T19:46:12.000Z,2026-09-29T19:46:12.000Z,c0fbdd4b-5ede-4163-8057-3c7ac8519752,-114.0532293,51.0013156
5460,EB 96 AV NE@ Harvest Hills LI,ACTIVE,2026-09-29T19:46:12.000Z,2026-09-29T19:46:12.000Z,5168a47d-3a95-470c-9c9b-ddcd662fe3e1,-114.0532341,51.141224
5998,NB Manhattan RD @ Manilla RD SE,ACTIVE,2026-09-29T19:46:12.000Z,2026-09-29T19:46:12.000Z,a2b3e52c-b459-452e-ae8b-e2b6a0b2dc25,-114.0532428,51.0141428
9964,SB Blackfoot TR @ 71 AV SE,ACTIVE,2026-09-29T19:46:12.000Z,2026-09-29T19:46:12.000Z,151b40e4-6abf-4680-91b7-1bef465d4ef1,-114.0532515,50.987248
9241,WB 41 AV NE @ Edmonton TR,ACTIVE,2026-09-29T19:46:12.000Z,2026-09-29T19:46:12.000Z,662b35e2-db6f-4cd0-9c76-ddab4f44d5b5,-114.0532769,51.0897728
5397,NB Olympic WY@ 12 AV SE,ACTIVE,2026-09-29T19:46:12.000Z,2026-09-29T19:46:12.000Z,a4b565ee-b700-4d17-a344-e2141c36e312,-114.0533701,51.0415805
9584,SB 4 ST NE @ Hunterhorn GA,ACTIVE,2026-09-29T19:46:12.000Z,2026-09-29T19:46:12.000Z,cff9b35b-9273-4a76-8b7a-f67ec37b3aa9,-114.0533782,51.1157975
7451,WB Country Hills BV @ Coventry Hills BV NE,ACTIVE,2026-09-29T19:46:12.000Z,2026-09-29T19:46:12.000Z,0ecde9f0-bf7b-4c14-bef7-4e0ac65f778f,-114.0534077,51.154386
6472,WB Lake Bonavista DR @ Lake Moraine WY SE,ACTIVE,2026-09-29T19:46:12.000Z,2026-09-29T19:46:12.000Z,f235c1a8-2bc4-45da-ad54-1b54162f0dbc,-114.0534253,50.937483
4434,SB Manhattan RD @ Manitoba RD SE,ACTIVE,2026-09-29T19:46:12.000Z,2026-09-29T19:46:12.000Z,af24ec82-9b63-427d-8e15-353a8774069b,-114.0535099,51.013304
4435,SB Manhattan RD @ 42 AV SE,ACTIVE,2026-09-29T19:46:12.000Z,2026-09-29T19:46:12.000Z,446cac1f-f3d8-45a1-8974-9e2736d320e9,-114.0535338,51.0154004
8992,NB 4 ST NE @ Beaver Dam RD,ACTIVE,2026-09-29T19:46:12.000Z,2026-09-29T19:46:12.000Z,85f9209d-992d-41e1-8811-377f68dfb8ba,-114.0535605,51.1023818
9019,NB Huntington ST @ 72 AV NE,ACTIVE,2026-09-29T19:46:12.000Z,2026-09-29T19:46:12.000Z,49668154-a130-4ce2-a997-cd70f5ab9755,-114.053584,51.1184022
8989,SB 4 ST NE @ Grier PL,ACTIVE,2026-09-29T19:46:12.000Z,2026-09-29T19:46:12.000Z,cfaa960d-51a0-44ba-afbd-b60cace9418c,-114.0536223,51.1016566
8984,NB Edmonton TR @ Greenview DR NE,ACTIVE,2026-09-29T19:46:12.000Z,2026-09-29T19:46:12.000Z,7653ae54-3450-4c2c-b69a-c533a110976b,-114.0536468,51.0942886
8991,NB 4 ST NE @ Grier AV,ACTIVE,2026-09-29T19:46:12.000Z,2026-09-29T19:46:12.000Z,ddd3cff6-8ca8-4d11-a22e-123cc143ba85,-114.0536544,51.0987502
5260,NB 4 ST NE @ McKnight BV,ACTIVE,2026-09-29T19:46:12.000Z,2026-09-29T19:46:12.000Z,7364f1ef-92e3-4f89-a9f6-7080a43989ff,-114.0537692,51.0966304
3022,EB Harvest Hills DR @ Harvest Hills LI NE,ACTIVE,2026-09-29T19:46:12.000Z,2026-09-29T19:46:12.000Z,e52fedc0-b892-423f-9d64-c3a6de9e7dcb,-114.0538479,51.1434846
4607,WB 12 AV NE @ 4 ST NE,ACTIVE,2026-09-29T19:46:12.000Z,2026-09-29T19:46:12.000Z,c5440c73-0f64-4c00-8852-1e47deac66ff,-114.0538558,51.0633695
8990,SB 4 ST NE @ Grier AV,ACTIVE,2026-09-29T19:46:12.000Z,2026-09-29T19:46:12.000Z,0d36724b-3a8c-458f-bba1-22bdf7d6c605,-114.0539083,51.0980371
6880,WB 64 AV NE @ Hunterhorn RD,ACTIVE,2026-09-29T19:46:12.000Z,2026-09-29T19:46:12.000Z,e19ed892-7429-4326-b929-a2afb900577a,-114.0539454,51.1107027
4211,WB Acadia DR @ Ancourt RD SE,ACTIVE,2026-09-29T19:46:12.000Z,2026-09-29T19:46:12.000Z,2b4b3ec1-2f20-4422-8e1c-8066b374fb5a,-114.0539557,50.9723071
2888,EB Heritage DR @ Ashworth RD SE,ACTIVE,2026-09-29T19:46:12.000Z,2026-09-29T19:46:12.000Z,efe450b2-4590-4f91-bd72-cb6732d60bc8,-114.0539658,50.9796392
7613,WB Harvest Hills DR @ Harvest Glen RI NE,ACTIVE,2026-09-29T19:46:12.000Z,2026-09-29T19:46:12.000Z,7a452cf6-5cce-4386-8e12-c37cb9f3087f,-114.0539916,51.1436519
4416,WB 42 AV SE @ Cleveland CR SE,ACTIVE,2026-09-29T19:46:12.000Z,2026-09-29T19:46:12.000Z,ed464ce1-506a-40fe-8990-13c58ac7dde0,-114.0540081,51.016015
2961,WB 144 AV NE @ Livingston HL NE,ACTIVE,2026-09-29T19:46:12.000Z,2026-09-29T19:46:12.000Z,cb415347-7ea2-4a07-b25e-2df0c79e9f25,-114.0540173,51.1835489
2889,WB Heritage DR @ Fraser RD SE,ACTIVE,2026-09-29T19:46:12.000Z,2026-09-29T19:46:12.000Z,a887700b-966a-43b0-a73f-d93c5be8c614,-114.0540318,50.9798352
5485,WB 6 AV SE @ 4 ST SE,ACTIVE,2026-09-29T19:46:12.000Z,2026-09-29T19:46:12.000Z,c38ca2d7-9b9d-49a8-a7c8-6237419865a8,-114.054036,51.0472731
2902,EB 6 AV SE @ 3 ST SE,ACTIVE,2026-09-29T19:46:12.000Z,2026-09-29T19:46:12.000Z,5a6df7f4-414b-4880-9e90-a63c477de910,-114.0540432,51.0470476
5737,WB 72 AV NE @ Huntington ST NE,ACTIVE,2026-09-29T19:46:12.000Z,2026-09-29T19:46:12.000Z,3a0399ab-0205-4008-9fa4-03fea2a32fd8,-114.0540806,51.11801
5269,SB Huntington ST @ 78 AV NE,ACTIVE,2026-09-29T19:46:12.000Z,2026-09-29T19:46:12.000Z,c7ab78a8-c349-4b23-8844-3e35654f3c68,-114.0541523,51.1207012
5273,SB Edmonton TR @ McKnight BV NE,ACTIVE,2026-09-29T19:46:12.000Z,2026-09-29T19:46:12.000Z,84c3bd46-e21b-4779-b8e0-6d072a7888ec,-114.0541875,51.0954446
6071,NB Edmonton TR @ 6 AV NE,ACTIVE,2026-09-29T19:46:12.000Z,2026-09-29T19:46:12.000Z,36e76d0f-4633-4acb-9f70-1b036fd5aab4,-114.0541918,51.05808
6138,WB Sunvale DR @ E. of Sunpark DR SE,ACTIVE,2026-09-29T19:46:12.000Z,2026-09-29T19:46:12.000Z,1a4c8fc3-3d83-4830-969a-db61b09202aa,-114.0542327,50.8997152
9017,NB 4 ST NE @ Huntbourne WY,ACTIVE,2026-09-29T19:46:12.000Z,2026-09-29T19:46:12.000Z,4d3c9a53-560e-4dc5-8a6e-507349c6205d,-114.0543999,51.114564
2024,SB Edmonton TR @ 6 AV NE,ACTIVE,2026-09-29T19:46:12.000Z,2026-09-29T19:46:12.000Z,8683c695-212c-4564-ad71-bd80bfcb9c22,-114.0544405,51.0577372
6242,NB Edmonton TR @ 8 AV NE,ACTIVE,2026-09-29T19:46:12.000Z,2026-09-29T19:46:12.000Z,f2750ce9-1699-4e56-91e0-90e538b15506,-114.0544614,51.0601286
4156,WB Coventry Hills WY @ Coverbrook GR NE,ACTIVE,2026-09-29T19:46:12.000Z,2026-09-29T19:46:12.000Z,4f7614b3-d733-4f90-83a7-d5438bdff439,-114.0544757,51.1692723
4255,WB  Willingdon BV @ Wilmer RD SE,ACTIVE,2026-09-29T19:46:12.000Z,2026-09-29T19:46:12.000Z,a9fe21d0-f906-4ce3-8de9-aac83f576538,-114.0545151,50.9524423
6841,NB Edmonton TR @ 32 AV NE,ACTIVE,2026-09-29T19:46:12.000Z,2026-09-29T19:46:12.000Z,479005e8-2a2c-4fe2-9ce2-c23534bec711,-114.054542,51.0813316
7997,EB Sun Valley BV @ Sunpark DR SE,ACTIVE,2026-09-29T19:46:12.000Z,2026-09-29T19:46:12.000Z,cea139ad-7f23-40a3-aa8f-357f0be9c444,-114.0545868,50.9064974
5918,SB Edmonton TR @ 8 AV NE,ACTIVE,2026-09-29T19:46:12.000Z,2026-09-29T19:46:12.000Z,d72a726d-f4fa-4fd0-bce0-c2717736874b,-114.0546067,51.0598624
4425,WB 58 AV SE @ 4 ST SE,ACTIVE,2026-09-29T19:46:12.000Z,2026-09-29T19:46:12.000Z,c0a56927-2e38-464f-876d-8c4eebc3a1bf,-114.0546588,51.0014776
9012,WB 78 AV NE @ Huntington  ST,ACTIVE,2026-09-29T19:46:12.000Z,2026-09-29T19:46:12.000Z,403a8569-ef18-4b22-8a5e-24dc049ca3c6,-114.0546722,51.1210651
6583,SB Edmonton TR @ 32 AV NE,ACTIVE,2026-09-29T19:46:12.000Z,2026-09-29T19:46:12.000Z,be57c1d2-0615-4e91-930f-0fcddd18eb22,-114.0548385,51.0811592
3046,SB Livingston HL NE @ Howse Heights NE,ACTIVE,2026-09-29T19:46:12.000Z,2026-09-29T19:46:12.000Z,60df2ca5-be24-48da-bf72-ee9b0a5b2035,-114.0548849,51.1859454
5261,NB 4 ST NE @ Bus Trap,ACTIVE,2026-09-29T19:46:12.000Z,2026-09-29T19:46:12.000Z,c3a5e0d8-7e4d-4fdf-ad6e-9e6f154b8f51,-114.0549035,51.1037289
6069,NB Sunpark DR @ Sunbank WY SE,ACTIVE,2026-09-29T19:46:12.000Z,2026-09-29T19:46:12.000Z,36d759df-1ccc-4774-b9c6-bd4baeb4ef8b,-114.0550139,50.9046912
6089,NB Sunpark Dr @ Sunpark PZ SE,ACTIVE,2026-09-29T19:46:12.000Z,2026-09-29T19:46:12.000Z,c74e6633-9d7f-4e4f-bc1b-5f6b709b1592,-114.0550163,50.9012731
6773,NB Edmonton TR @ 29 AV NE,ACTIVE,2026-09-29T19:46:12.000Z,2026-09-29T19:46:12.000Z,609535d9-5320-4c3b-a788-921f67fca9d5,-114.0550234,51.079149
7450,EB Country Hills BV @ W. of Coventry Hills BV NE,ACTIVE,2026-09-29T19:46:12.000Z,2026-09-29T19:46:12.000Z,370ab54b-a1dc-4b2c-b81a-0f5d9ce2264f,-114.0550727,51.1540682
6584,SB Edmonton TR @ 30 AV NE,ACTIVE,2026-09-29T19:46:12.000Z,2026-09-29T19:46:12.000Z,408cef3c-1bb2-4def-b69f-e41a7c6f78d3,-114.0551985,51.0793153
9145,EB Lake Bonavista DR @ Lake Mead DR SE,ACTIVE,2026-09-29T19:46:12.000Z,2026-09-29T19:46:12.000Z,444e8f01-b802-4e90-8c58-d2ad26125760,-114.0552219,50.9381131
7267,NB Midpark BV @ Sun Valley BV SW,ACTIVE,2026-09-29T19:46:12.000Z,2026-09-29T19:46:12.000Z,ba792ac1-0d74-4b40-a68b-1e188acb8a17,-114.0552601,50.9070991
9147,WB Lake Bonavista DR @ Lake Mead  DR SE,ACTIVE,2026-09-29T19:46:12.000Z,2026-09-29T19:46:12.000Z,64963e9c-7c60-402f-baee-fcc9989c938a,-114.0552651,50.93833
9151,EB Lake Bonavista DR @ Lake Erie RD SE,ACTIVE,2026-09-29T19:46:12.000Z,2026-09-29T19:46:12.000Z,d0a9819b-c2b4-48f7-8fef-aab1d148525e,-114.0552817,50.9454995
5272,SB 4 ST NE @ S. of 60 AV NE,ACTIVE,2026-09-29T19:46:12.000Z,2026-09-29T19:46:12.000Z,04a28bfc-40ea-4978-b027-474a201f820d,-114.0552852,51.1042422
8254,SB Sunpark DR @ Sunpark PZ SE Sleg,ACTIVE,2026-09-29T19:46:12.000Z,2026-09-29T19:46:12.000Z,6d463db1-8596-4a93-a82d-2ab2a8aacf43,-114.0553465,50.9008191
6166,SB Sunpark DR @ Sunpark PZ SE Nleg,ACTIVE,2026-09-29T19:46:12.000Z,2026-09-29T19:46:12.000Z,7cae0c7c-159c-4b91-895c-476ca2402c81,-114.0553632,50.9038904
5674,EB 12 AV NE @ Edmonton TR,ACTIVE,2026-09-29T19:46:12.000Z,2026-09-29T19:46:12.000Z,b5ef43e3-da99-47b1-bacc-035f29b658d3,-114.0553905,51.0632553
5468,WB 96 AV NE @ Harvest Hills LI,ACTIVE,2026-09-29T19:46:12.000Z,2026-09-29T19:46:12.000Z,82921ea6-4072-4c10-8363-76fe6fe56458,-114.0553917,51.1411795
6837,NB Edmonton TR @ 27 AV NE,ACTIVE,2026-09-29T19:46:12.000Z,2026-09-29T19:46:12.000Z,bf7b4d8b-eb1a-4a63-b127-283c37cf9478,-114.055393,51.0773773
6854,SB Sunpark DR @ Sun Valley BV SE,ACTIVE,2026-09-29T19:46:12.000Z,2026-09-29T19:46:12.000Z,6e097e91-4088-4b8b-a8ce-fb09d9c431a7,-114.0553999,50.905765
5777,SB Edmonton TR @ 10 AV NE,ACTIVE,2026-09-29T19:46:12.000Z,2026-09-29T19:46:12.000Z,34f2d51c-18e8-4d31-8ae2-2edd7f4d0773,-114.0554355,51.0611966
6486,NB Edmonton TR @ 10 AV NE,ACTIVE,2026-09-29T19:46:12.000Z,2026-09-29T19:46:12.000Z,0c12dbd7-0057-471d-81f6-d687d09e9fe4,-114.0554355,51.0618712
8215,Edmonton Trail Station (EB),ACTIVE,2026-09-29T19:46:12.000Z,2026-09-29T19:46:12.000Z,8eb23653-2e20-4f0f-a93f-f15e48c1131e,-114.0554952,51.0667758
2653,NB 3 ST @ 7 AV SE,ACTIVE,2026-09-29T19:46:12.000Z,2026-09-29T19:46:12.000Z,ae3d60be-d751-4649-8573-fc46b763e47f,-114.0555084,51.0454555
7839,EB 12 AV SE @ 3 ST SE,ACTIVE,2026-09-29T19:46:12.000Z,2026-09-29T19:46:12.000Z,cbc03b76-3685-46f8-aa75-b506be6164cd,-114.0555382,51.0411405
8653,NB 3 ST @ 7 AV SE,ACTIVE,2026-09-29T19:46:12.000Z,2026-09-29T19:46:12.000Z,ffb954de-2fb5-434a-b8e7-4756f3656647,-114.0555671,51.0455209
9226,EB Midridge DR @ Midridge CR SE,ACTIVE,2026-09-29T19:46:12.000Z,2026-09-29T19:46:12.000Z,68fa8c8b-e95d-4a0a-be1e-ee91a43e8845,-114.0555905,50.9185401
9377,EB Coventry Hills WY @ Coventry Hills BV NE,ACTIVE,2026-09-29T19:46:12.000Z,2026-09-29T19:46:12.000Z,9463980b-5c27-4ffc-ad86-b3d0283add35,-114.0556082,51.1634003
5256,NB Edmonton TR @ 11 AV NE,ACTIVE,2026-09-29T19:46:12.000Z,2026-09-29T19:46:12.000Z,42f0b957-10ed-4607-9f58-6fa14765b63b,-114.0557063,51.0627775
5258,NB Edmonton TR @ 25 AV NE,ACTIVE,2026-09-29T19:46:12.000Z,2026-09-29T19:46:12.000Z,6556f173-e47f-4836-9a96-0e2c0ad099c6,-114.0557939,51.0755614
5276,SB Edmonton TR @ 27 AV NE,ACTIVE,2026-09-29T19:46:12.000Z,2026-09-29T19:46:12.000Z,f0992004-7be5-4b67-9e75-09d6b4e742b0,-114.0558309,51.0765518
9016,SB 4 ST NE @ Huntbourne WY,ACTIVE,2026-09-29T19:46:12.000Z,2026-09-29T19:46:12.000Z,3422878f-38eb-4236-988a-9ed142604b31,-114.0558935,51.113999
3979,WB Sunpark  PZ @ Sunpark  DR SE,ACTIVE,2026-09-29T19:46:12.000Z,2026-09-29T19:46:12.000Z,056ae421-45e9-484b-b268-d5b0140328f8,-114.0559502,50.9011258
7294,NB Edmonton TR @ 18 AV NE,ACTIVE,2026-09-29T19:46:12.000Z,2026-09-29T19:46:12.000Z,8cbca581-1878-47d4-ac1c-3007fdb40d2b,-114.0559958,51.0692341
5253,NB Edmonton TR @ 17 AV NE,ACTIVE,2026-09-29T19:46:12.000Z,2026-09-29T19:46:12.000Z,fb61c097-ebd1-45b4-9fda-e22bfd6a60db,-114.0560118,51.0678583
7531,EB 64 AV NE @ 4 ST NE,ACTIVE,2026-09-29T19:46:12.000Z,2026-09-29T19:46:12.000Z,f25c389c-8d29-452a-a979-1e6eec5aa533,-114.0560592,51.1104952
4735,WB Sun Valley BV @ Midpark BV SW,ACTIVE,2026-09-29T19:46:12.000Z,2026-09-29T19:46:12.000Z,cad9beed-15c9-4ceb-a334-6f77105c4feb,-114.0560714,50.9066428
7256,WB Sun Valley BV @ Midpark BV SW,ACTIVE,2026-09-29T19:46:12.000Z,2026-09-29T19:46:12.000Z,0f778b32-7378-4d83-b96c-bc60137048bf,-114.0560714,50.9066428
6200,SB Beddington BV @ Bedford DR NE,ACTIVE,2026-09-29T19:46:12.000Z,2026-09-29T19:46:12.000Z,24e31bc5-704c-48e7-8a84-5008d364af10,-114.0560732,51.1260026
5277,SB Edmonton TR @ 12 AV NE,ACTIVE,2026-09-29T19:46:12.000Z,2026-09-29T19:46:12.000Z,43c868ad-124c-4e68-a7ec-d7b053decc86,-114.0561053,51.0630124
6564,NB Edmonton TR @ 14 AV NE,ACTIVE,2026-09-29T19:46:12.000Z,2026-09-29T19:46:12.000Z,1a0a7fed-811a-487d-8c95-b96f9af0cc1a,-114.0561173,51.0655223
5257,NB Edmonton TR @  21 AV NE,ACTIVE,2026-09-29T19:46:12.000Z,2026-09-29T19:46:12.000Z,f8e6113b-2fc1-4270-9a16-f3bbe614084b,-114.0561412,51.0718913
6768,SB Edmonton TR @ 19 AV NE,ACTIVE,2026-09-29T19:46:12.000Z,2026-09-29T19:46:12.000Z,4ca1deff-f124-40d6-8ba2-90ecfa612ca8,-114.0561908,51.069311
7407,NB Edmonton TR @ 23 AV NE,ACTIVE,2026-09-29T19:46:12.000Z,2026-09-29T19:46:12.000Z,09c31a6f-b860-4253-8eea-35449445071a,-114.0561976,51.0737007
6708,SB Edmonton TR @ 25 AV NE,ACTIVE,2026-09-29T19:46:12.000Z,2026-09-29T19:46:12.000Z,f3c6d5f8-ced7-4994-b8fe-3db2a8c3cef9,-114.0562261,51.0748258
6062,WB Lake Bonavista DR @ Lake Erie RD SE,ACTIVE,2026-09-29T19:46:12.000Z,2026-09-29T19:46:12.000Z,5b1dad28-dc3f-4e7b-84cb-62819ba409e0,-114.0562279,50.9456223
8000,EB 53 AV SE @ 3 ST SE,ACTIVE,2026-09-29T19:46:12.000Z,2026-09-29T19:46:12.000Z,e3ce89f5-b3af-4b33-aeb1-900076bfa6a4,-114.0562766,51.0058927
6755,SB Edmonton TR @ 21 AV NE,ACTIVE,2026-09-29T19:46:12.000Z,2026-09-29T19:46:12.000Z,784d6ef1-68f5-4d10-afdb-80cca34b3997,-114.0563311,51.0711495
5510,SB Edmonton TR @ 14 AV NE,ACTIVE,2026-09-29T19:46:12.000Z,2026-09-29T19:46:12.000Z,6a326d99-5bf1-439c-9166-7ba129747ad3,-114.0563847,51.0646835
6690,SB Edmonton TR @ 16 AV NE,ACTIVE,2026-09-29T19:46:12.000Z,2026-09-29T19:46:12.000Z,70d95d9f-50dc-4e5a-b06b-f78b748814dc,-114.0563875,51.0661678
6735,SB Edmonton TR @ 23 AV NE,ACTIVE,2026-09-29T19:46:12.000Z,2026-09-29T19:46:12.000Z,f1188e0f-9bd0-4c3e-b4ab-2c542c784650,-114.0565112,51.073034
5991,EB 58 AV SE @ 3 ST SE,ACTIVE,2026-09-29T19:46:12.000Z,2026-09-29T19:46:12.000Z,9e4de50a-81cc-490c-9f82-d661fc24542f,-114.0565222,51.0013177
8988,SB 4 ST NE @ 60 AV NE,ACTIVE,2026-09-29T19:46:12.000Z,2026-09-29T19:46:12.000Z,52e8a79b-a01c-4ea6-8129-95d70ad421a8,-114.056586,51.1053544
5804,WB 12 AV NE @ Edmonton TR,ACTIVE,2026-09-29T19:46:12.000Z,2026-09-29T19:46:12.000Z,b41ddd31-bdba-482d-acc9-4d9f0c9a4504,-114.0566104,51.063376
5263,NB 4 ST NE @ 64 AV NE,ACTIVE,2026-09-29T19:46:12.000Z,2026-09-29T19:46:12.000Z,4a2b6de7-fcc3-4559-8a05-3434d10de5a8,-114.0567005,51.1118696
3034,EB Coventry Hills WY @ Covepark GR NE,ACTIVE,2026-09-29T19:46:12.000Z,2026-09-29T19:46:12.000Z,e131b274-3ee5-45ad-8c40-d6cf28b11dee,-114.0567214,51.1689205
6822,WB City Hall/Bow Valley College (Free Fare Zone),ACTIVE,2026-09-29T19:46:12.000Z,2026-09-29T19:46:12.000Z,fc73a125-9ed6-47d9-aa1c-6772f361ebbb,-114.0567338,51.0463607
6831,EB City Hall/Bow Valley College (Free Fare Zone),ACTIVE,2026-09-29T19:46:12.000Z,2026-09-29T19:46:12.000Z,a26012f1-a4b3-4238-b869-d7655305896b,-114.0567401,51.0462619
5262,NB 4 ST NE @ 60 AV NE,ACTIVE,2026-09-29T19:46:12.000Z,2026-09-29T19:46:12.000Z,7496043c-d456-43f4-b74d-ca93fe8f9826,-114.0567498,51.1061501
7599,WB Country Hills BV @ E. of Country Village WY NE,ACTIVE,2026-09-29T19:46:12.000Z,2026-09-29T19:46:12.000Z,d8e2d5cc-7665-4f13-89ac-41131d8ae439,-114.0567732,51.1543179
5252,EB 5 AV SE @ Macleod TR,ACTIVE,2026-09-29T19:46:12.000Z,2026-09-29T19:46:12.000Z,03faeede-73b1-44cf-b034-188d6e1fe13b,-114.0567954,51.0480893
3021,EB Harvest Hills DR @ Harvest Rose CI NE,ACTIVE,2026-09-29T19:46:12.000Z,2026-09-29T19:46:12.000Z,66eb5281-6e28-49af-88fc-0a376a1c1f75,-114.0568036,51.1432146
8993,NB 4 ST NE @ Blackthorn RD NW,ACTIVE,2026-09-29T19:46:12.000Z,2026-09-29T19:46:12.000Z,0e21921d-ffcb-4370-9a4a-4cc0da361564,-114.0568136,51.1091919
9668,NB Sunpark GT @ Sunpark PZ SE,ACTIVE,2026-09-29T19:46:12.000Z,2026-09-29T19:46:12.000Z,0808b643-776b-4733-926f-1337f53a8396,-114.0568375,50.9044224
5731,Edmonton Trail Station (WB),ACTIVE,2026-09-29T19:46:12.000Z,2026-09-29T19:46:12.000Z,5a9e7225-998e-479f-9892-f4c1d85b8084,-114.0568997,51.0670721
3029,NB Coventry Hills WY @ Country Village RD NE,ACTIVE,2026-09-29T19:46:12.000Z,2026-09-29T19:46:12.000Z,722f82f6-2488-4c37-9a02-afcf687dd2e7,-114.0569723,51.1637701
7718,NB 3 ST SE @ 58 AV SE,ACTIVE,2026-09-29T19:46:12.000Z,2026-09-29T19:46:12.000Z,af3d45b7-de36-42c6-9800-a16be9887caf,-114.0569789,51.0026605
9667,SB Sunpark PZ @ Sunpark GA SE,ACTIVE,2026-09-29T19:46:12.000Z,2026-09-29T19:46:12.000Z,bccff8de-5cd9-40dd-805b-32cf998fefe6,-114.0570573,50.9040951
8987,SB 4 ST NE @ Blackthorn RD,ACTIVE,2026-09-29T19:46:12.000Z,2026-09-29T19:46:12.000Z,112a5603-5fe3-47e3-b85b-d61f776e07f3,-114.0570858,51.1085062
5271,SB 4 ST NE @ 64 AV NE,ACTIVE,2026-09-29T19:46:12.000Z,2026-09-29T19:46:12.000Z,37f8282d-18a8-443f-a598-381d53fd49a1,-114.0570863,51.1100713
5570,WB Midridge DR @ Midridge CL SE,ACTIVE,2026-09-29T19:46:12.000Z,2026-09-29T19:46:12.000Z,59ef7982-ea69-43ef-a4bc-0daa52247605,-114.0571785,50.9195337
3813,WB Country Village RD @ Coventry Hills WY NE,ACTIVE,2026-09-29T19:46:12.000Z,2026-09-29T19:46:12.000Z,3b04f783-fd70-4a8b-9fae-adc5c9e49f09,-114.0572638,51.1628987
9802,EB 9 AV @ Macleod TR SE,ACTIVE,2026-09-29T19:46:12.000Z,2026-09-29T19:46:12.000Z,6f69a459-3297-4aff-9735-ffe595ffbe09,-114.0573457,51.0443613
6352,EB 41 AV NE @ 1 ST NE,ACTIVE,2026-09-29T19:46:12.000Z,2026-09-29T19:46:12.000Z,0f3901f7-e4c8-4380-a688-5fc5c26d14c2,-114.0573655,51.0899389
7585,EB 9 AV SE @ Macleod TR,ACTIVE,2026-09-29T19:46:12.000Z,2026-09-29T19:46:12.000Z,90a06842-3da5-4724-827b-9afce7131d35,-114.0574175,51.0443541
5005,WB 6 AV SE @ Macleod TR,ACTIVE,2026-09-29T19:46:12.000Z,2026-09-29T19:46:12.000Z,85522c9f-30c0-482c-94e0-e4636cfc24f0,-114.0574809,51.047405
5999,WB 6 AV SE @ Macleod TR,ACTIVE,2026-09-29T19:46:12.000Z,2026-09-29T19:46:12.000Z,d28ff585-081f-40ca-8611-bdb48468c21c,-114.0574809,51.047405
9977,WB 6 AV SE @ Macleod TR,ACTIVE,2026-09-29T19:46:12.000Z,2026-09-29T19:46:12.000Z,b446d128-4d0f-41a3-b06d-1b1590bfc51a,-114.0575511,51.047378
4423,WB 58 AV SE @ 3 ST SE,ACTIVE,2026-09-29T19:46:12.000Z,2026-09-29T19:46:12.000Z,0fc080f4-967c-437e-af06-80af1a440d86,-114.057625,51.0014625
5979,SB 39 AV SE @ 42 AV SE,ACTIVE,2026-09-29T19:46:12.000Z,2026-09-29T19:46:12.000Z,597957c8-3ac4-44c3-a63a-b0d45d9ee678,-114.0576924,51.0165856
6464,EB Lake Bonavista DR @ Lake Erie RD SE,ACTIVE,2026-09-29T19:46:12.000Z,2026-09-29T19:46:12.000Z,0591fdfc-d821-4f9f-95d5-ca5149558ae2,-114.0577311,50.9394087
4747,EB Midpark BV @ Midpark WY SE,ACTIVE,2026-09-29T19:46:12.000Z,2026-09-29T19:46:12.000Z,adeba700-1ee8-496f-9124-60025826de4c,-114.0577687,50.9081518
3980,NB Sunpark  PZ @ Sundance Place PARK SE,ACTIVE,2026-09-29T19:46:12.000Z,2026-09-29T19:46:12.000Z,3fcfd5c8-e1e7-4bc1-bcca-3f4eaecba966,-114.0578218,50.9028011
3978,EB Sunpark PZ @ W. of Sunpark DR SE,ACTIVE,2026-09-29T19:46:12.000Z,2026-09-29T19:46:12.000Z,dce38f27-1965-4cd1-a067-29c029c34c38,-114.0578273,50.9018118
4254,WB Willingdon BV @ Wilderness DR SE,ACTIVE,2026-09-29T19:46:12.000Z,2026-09-29T19:46:12.000Z,3d219948-24f5-490f-a0d7-b187de761b33,-114.057887,50.9529411
5743,EB Harvest Hills DR @ Harvest Oak WY NE,ACTIVE,2026-09-29T19:46:12.000Z,2026-09-29T19:46:12.000Z,f0a8a59b-5d5d-4ae9-a5ad-72cde101c13a,-114.0579019,51.1518638
6039,WB 64 AV NE @ 4 ST NE,ACTIVE,2026-09-29T19:46:12.000Z,2026-09-29T19:46:12.000Z,de96d701-9400-45fa-b385-751804ed2c43,-114.0579178,51.1107039
7838,EB 12 AV SE @ Macleod TR,ACTIVE,2026-09-29T19:46:12.000Z,2026-09-29T19:46:12.000Z,94af7c4f-46e9-4e8a-817d-7436ff758385,-114.0579336,51.0411649
5251,City Hall LRT Station (NB Macleod TR @ 7 AV SE),ACTIVE,2026-09-29T19:46:12.000Z,2026-09-29T19:46:12.000Z,90de8836-e417-4123-949b-f45206824ba4,-114.0579635,51.0464781
3905,NB Macleod TR @ 7 AVE SE,ACTIVE,2026-09-29T19:46:12.000Z,2026-09-29T19:46:12.000Z,81bd0a5a-d776-42f7-a1e5-f743293dd718,-114.057965,51.0464988
4840,EB Coventry Hills WY @ Covehaven VW NE,ACTIVE,2026-09-29T19:46:12.000Z,2026-09-29T19:46:12.000Z,af955975-8773-4696-978b-9319c9f1bbb0,-114.0580385,51.1641001
7614,WB Harvest Hills DR @ Harvest Park GA NE,ACTIVE,2026-09-29T19:46:12.000Z,2026-09-29T19:46:12.000Z,a4915311-c190-4191-a3fb-b0eb8fe6c431,-114.058069,51.1433949
6921,WB Coventry Hills WY @ Covebrook GA NE,ACTIVE,2026-09-29T19:46:12.000Z,2026-09-29T19:46:12.000Z,25c18083-bdf3-434a-8e1a-b5ca8173bbb8,-114.0580805,51.1690573
4400,EB Southland DR @ Fairmount DR SE,ACTIVE,2026-09-29T19:46:12.000Z,2026-09-29T19:46:12.000Z,f9d8ff6f-2698-4775-843f-4e11744ca7b6,-114.0581331,50.9639212
6807,NB Victoria Park / Stampede CTrain Station,ACTIVE,2026-09-29T19:46:12.000Z,2026-09-29T19:46:12.000Z,6240b79a-6e10-4209-b5ab-8ba6a6e166d2,-114.0582229,51.0384018
6442,EB Willingdon BV @ Wilderness DR SE,ACTIVE,2026-09-29T19:46:12.000Z,2026-09-29T19:46:12.000Z,9ca4afcc-863f-4533-9da5-31db0a217d8d,-114.0582646,50.9528247
5560,NB Macleod TR @ 12 AV SE,ACTIVE,2026-09-29T19:46:12.000Z,2026-09-29T19:46:12.000Z,7337b1aa-1336-43bd-909d-dc1897a02323,-114.0582875,51.0414347
6262,EB Canyon Meadows DR @ Lake Placid DR SE,ACTIVE,2026-09-29T19:46:12.000Z,2026-09-29T19:46:12.000Z,1246ee7a-d8fd-439c-8f3f-7dd4db04b83d,-114.0583191,50.9303673
5391,SB 2A ST SE @ N. of 25 AV SE,ACTIVE,2026-09-29T19:46:12.000Z,2026-09-29T19:46:12.000Z,5a39c015-2506-4437-b360-13489fe4c0f4,-114.0583741,51.0326398
9148,WB Lake Bonavista DR @ Lake Erie RD SE,ACTIVE,2026-09-29T19:46:12.000Z,2026-09-29T19:46:12.000Z,a60f582e-5507-491f-944f-f7c6cd493e2b,-114.0584236,50.939714
2306,SB 2A ST SE @ N. of 25 AV SE,ACTIVE,2026-09-29T19:46:12.000Z,2026-09-29T19:46:12.000Z,30d95961-8c14-4676-b919-6b0231eccbb2,-114.0584458,51.0325661
8556,SB Victoria Park / Stampede CTrain Station,ACTIVE,2026-09-29T19:46:12.000Z,2026-09-29T19:46:12.000Z,c1562276-ac77-4ccb-9571-1f2f3e3805d7,-114.0584793,51.0384082
5559,NB Macleod TR @ 17 AV SE,ACTIVE,2026-09-29T19:46:12.000Z,2026-09-29T19:46:12.000Z,94539215-13d1-47b3-8fe0-82cc71f20f6a,-114.0585255,51.0383554
5547,NB Fairmount DR @ Southland DR SE,ACTIVE,2026-09-29T19:46:12.000Z,2026-09-29T19:46:12.000Z,011ba42b-a11c-4e4e-a936-00a1d1608c89,-114.0585257,50.9644708
4262,EB Acadia DR @ Fairmount DR SE,ACTIVE,2026-09-29T19:46:12.000Z,2026-09-29T19:46:12.000Z,dbac9202-e618-4bc1-a1bf-9bf9f915985c,-114.0585506,50.9721892
4835,NB Fairmount DR @ @ 99 AV SE,ACTIVE,2026-09-29T19:46:12.000Z,2026-09-29T19:46:12.000Z,a099b2f7-de5f-4575-bf2d-5a5a345b0b1e,-114.0585975,50.9617561
3030,WB Coventry Hills WY @ Covepark CL NE,ACTIVE,2026-09-29T19:46:12.000Z,2026-09-29T19:46:12.000Z,63ef8043-9ef6-438a-b5bb-a5c5037f545a,-114.0586846,51.1646695
4728,WB 83 AV SE @ Arlington DR,ACTIVE,2026-09-29T19:46:12.000Z,2026-09-29T19:46:12.000Z,746d29a6-0722-4647-8ebe-e37e1e22039e,-114.0587621,50.9782184
5534,SB Fairmount DR @ Southland DR SE,ACTIVE,2026-09-29T19:46:12.000Z,2026-09-29T19:46:12.000Z,c6c8d1eb-4cb3-4df1-b630-f6b42cd971c0,-114.0587912,50.96365
3962,SB Fairmount DR @ 99 AV SE,ACTIVE,2026-09-29T19:46:12.000Z,2026-09-29T19:46:12.000Z,746c0d99-8496-4dc2-8af5-71f30e70be78,-114.0588045,50.9611857
7834,WB 11 AV @ Macleod TR SE,ACTIVE,2026-09-29T19:46:12.000Z,2026-09-29T19:46:12.000Z,656e436a-7d3c-466f-af5c-db042d97b970,-114.0588158,51.0423295
9011,EB 78 AV NE @ Huntington RD NE,ACTIVE,2026-09-29T19:46:12.000Z,2026-09-29T19:46:12.000Z,b4bb1d3f-95d1-4d72-85f8-8d66bf70d1b3,-114.0588195,51.1210257
4834,NB Fairmount DR @ 96 AV SE,ACTIVE,2026-09-29T19:46:12.000Z,2026-09-29T19:46:12.000Z,1d1c2ab3-6a90-4754-90b7-f96b62e374a6,-114.0588201,50.9670238
6806,NB Erlton / Stampede CTrain Staion,ACTIVE,2026-09-29T19:46:12.000Z,2026-09-29T19:46:12.000Z,12cc7cf8-08ad-4948-bef5-720f7ee55661,-114.0588469,51.0319321
5558,NB Macleod TR @ 31 AV SE,ACTIVE,2026-09-29T19:46:12.000Z,2026-09-29T19:46:12.000Z,c0368f7d-9b85-473c-a788-993cc89cd2b7,-114.058901,51.0258979
3802,EB  Country Village  RD@ W.of Coventry Hills BV NE,ACTIVE,2026-09-29T19:46:12.000Z,2026-09-29T19:46:12.000Z,eacaa087-888b-41f9-9001-cf2a73ba16a6,-114.0589042,51.1617814
4817,SB Fairmount DR @ 96 AV SE,ACTIVE,2026-09-29T19:46:12.000Z,2026-09-29T19:46:12.000Z,b928a7be-e6ff-4933-afd7-58a7377b5d4e,-114.0589162,50.9664056
5546,NB Fairmount DR @ Willow Park DR SE,ACTIVE,2026-09-29T19:46:12.000Z,2026-09-29T19:46:12.000Z,260ef1f5-a2a4-47f7-b6a5-dd93b9891402,-114.0589179,50.9587149
6391,WB 41 AV NE @ 1 ST NE,ACTIVE,2026-09-29T19:46:12.000Z,2026-09-29T19:46:12.000Z,978044b4-21d2-4324-9b69-4200ad90b7c7,-114.0589575,51.0900599
8557,SB Erlton / Stampede Station,ACTIVE,2026-09-29T19:46:12.000Z,2026-09-29T19:46:12.000Z,7882ceb5-32cd-42d4-9fe2-b68a1064de6c,-114.0590611,51.0319285
4833,NB Fairmount DR @ Arbour CR SE,ACTIVE,2026-09-29T19:46:12.000Z,2026-09-29T19:46:12.000Z,c575c6a1-daa9-4674-83f1-cffca9a62fc4,-114.0590822,50.9694141
4832,NB Fairmount DR @ Armstrong CR SE,ACTIVE,2026-09-29T19:46:12.000Z,2026-09-29T19:46:12.000Z,190bb1d4-ff7e-40eb-9d0c-9c8c87a2befb,-114.059083,50.9709793
4746,WB  Midpark BV @ Midlake WY SE,ACTIVE,2026-09-29T19:46:12.000Z,2026-09-29T19:46:12.000Z,254bf55d-e58e-4b2f-a220-ca6957ccf7b6,-114.0591523,50.9083216
5548,NB Fairmount DR @ Acadia DR SE,ACTIVE,2026-09-29T19:46:12.000Z,2026-09-29T19:46:12.000Z,a0b46566-8413-444b-b3da-34fe7c89247f,-114.0591651,50.9726094
5545,NB Fairmount DR @  Willow Ridge PL SE,ACTIVE,2026-09-29T19:46:12.000Z,2026-09-29T19:46:12.000Z,8c2e78b1-8dc3-4fd8-a98c-3dccabdf163b,-114.0592406,50.9567621
5521,SB Macleod TR @ 31 AV SW,ACTIVE,2026-09-29T19:46:12.000Z,2026-09-29T19:46:12.000Z,3954c325-66c9-4bc1-aaeb-252de7f860bb,-114.0592513,51.0255469
4818,SB Fairmount DR @ 94 AV SE,ACTIVE,2026-09-29T19:46:12.000Z,2026-09-29T19:46:12.000Z,8ac4fc52-3507-488a-8035-5b95c60484a4,-114.0592532,50.9682851
4825,SB Fairmount DR @ 90 AV SE,ACTIVE,2026-09-29T19:46:12.000Z,2026-09-29T19:46:12.000Z,290a2152-b201-482d-8197-344bd5493121,-114.0592708,50.9718385
3961,SB Fairmount DR @ Willow PK DR SE,ACTIVE,2026-09-29T19:46:12.000Z,2026-09-29T19:46:12.000Z,a6226d52-0247-4d74-8baf-e18a7db8b448,-114.0592886,50.9580316
5533,SB Fairmount DR @ 92 AV SE,ACTIVE,2026-09-29T19:46:12.000Z,2026-09-29T19:46:12.000Z,19732eb5-e5ea-43bc-94dc-a4925a23a804,-114.0592996,50.9702561
4391,EB Heritage DR @ Fairmount DR SE,ACTIVE,2026-09-29T19:46:12.000Z,2026-09-29T19:46:12.000Z,2e04347a-37e8-4a4a-bbee-5931565d5a4b,-114.0593453,50.9794502
4384,WB Southland DR @ Fairmount DR SE,ACTIVE,2026-09-29T19:46:12.000Z,2026-09-29T19:46:12.000Z,c20f8097-0c81-4218-a372-7aa15ca4d309,-114.0593692,50.9641953
8098,EB Bedford DR @ Bedwood RD NE,ACTIVE,2026-09-29T19:46:12.000Z,2026-09-29T19:46:12.000Z,1b75a862-9342-45a5-84c8-494267d69a34,-114.0593801,51.1279478
6797,NB Macleod TR @ 25 AV SE,ACTIVE,2026-09-29T19:46:12.000Z,2026-09-29T19:46:12.000Z,2816c067-05e8-4ca6-9141-6af6bd1e79f7,-114.0594261,51.0311192
4826,SB Fairmount DR @ 88 AV SE,ACTIVE,2026-09-29T19:46:12.000Z,2026-09-29T19:46:12.000Z,ff3a5e86-9c13-4b65-83d8-d818b2497443,-114.0594548,50.9728722
8214,EB 16 AV NE @ 1 ST NE,ACTIVE,2026-09-29T19:46:12.000Z,2026-09-29T19:46:12.000Z,7743d69f-39d4-4ae2-8335-777d92447e25,-114.0594616,51.0668119
9150,EB Lake Bonavista DR @ Bonaventure DR SE,ACTIVE,2026-09-29T19:46:12.000Z,2026-09-29T19:46:12.000Z,cb461c80-7f4f-4eaf-b4ee-86f3450ba470,-114.0595073,50.9460018
4831,NB Fairmount DR @ 88 AV SE,ACTIVE,2026-09-29T19:46:12.000Z,2026-09-29T19:46:12.000Z,653b639f-54f5-44aa-9d1e-59f504a9ff5e,-114.0595546,50.9743373
5535,SB Fairmount DR @ Willow Ridge PL SE,ACTIVE,2026-09-29T19:46:12.000Z,2026-09-29T19:46:12.000Z,b6fa8ac1-893c-4185-9d69-1b2d495395c7,-114.0597297,50.9562348
9102,WB Canyon Meadows DR @ Lake Simcoe RI SE,ACTIVE,2026-09-29T19:46:12.000Z,2026-09-29T19:46:12.000Z,822fa758-ed4c-4db1-99e6-4cfcecdef4e1,-114.0597658,50.9304937
4210,WB 90 AV SE @ Fairmount DR SE,ACTIVE,2026-09-29T19:46:12.000Z,2026-09-29T19:46:12.000Z,cb628250-1c33-470b-851b-a0175ef20886,-114.0597782,50.9723316
6063,NB Bonaventure DR @ Lake Bonavista DR SE,ACTIVE,2026-09-29T19:46:12.000Z,2026-09-29T19:46:12.000Z,cc8bc2f0-9c9c-4eab-89fd-f9f0893b5323,-114.0597866,50.9465396
9225,EB Midridge DR @ Midcrest CR SE,ACTIVE,2026-09-29T19:46:12.000Z,2026-09-29T19:46:12.000Z,2400e8e7-2e24-4afa-9eea-4e9f898a4359,-114.0597881,50.9194466
5376,WB Beddington BV @ Huntington RD NE,ACTIVE,2026-09-29T19:46:12.000Z,2026-09-29T19:46:12.000Z,dd8ce4c1-09e7-4ebc-87ba-c23ea94ea850,-114.0597945,51.1252508
5544,NB Fairmount DR @ Willingdon BV SE,ACTIVE,2026-09-29T19:46:12.000Z,2026-09-29T19:46:12.000Z,bfc37b7a-565f-4ed1-882a-fa1f528e83b0,-114.0597999,50.9544465
5550,NB Fairmount DR @ Fyffe RD SE,ACTIVE,2026-09-29T19:46:12.000Z,2026-09-29T19:46:12.000Z,3aba60ab-cd3a-4d19-b02c-c46739e475cb,-114.0598055,50.9854704
7293,WB 4 AV SE @ 1 ST SE,ACTIVE,2026-09-29T19:46:12.000Z,2026-09-29T19:46:12.000Z,9ac1dc56-3171-4768-9a6f-ecdb1baa4b2b,-114.0598102,51.0493796
4829,NB Fairmount DR @ 83 AV SE,ACTIVE,2026-09-29T19:46:12.000Z,2026-09-29T19:46:12.000Z,02a140f6-55d6-4f69-817e-2cc6039fb7b8,-114.0598181,50.9785086
4253,NB Willingdon BV @ Fairmount DR SE,ACTIVE,2026-09-29T19:46:12.000Z,2026-09-29T19:46:12.000Z,7901ae1e-57d1-4871-a5af-828089f7eda6,-114.0598248,50.9536016
4837,SB Coventry Hills WY @ Coventry Hills DR NE,ACTIVE,2026-09-29T19:46:12.000Z,2026-09-29T19:46:12.000Z,4833b8ec-d33d-4e0a-8192-92943ef214a3,-114.0598295,51.1651796
9013,EB 78 AV NE @ Huntington RD,ACTIVE,2026-09-29T19:46:12.000Z,2026-09-29T19:46:12.000Z,b9d334e1-0442-4860-9e68-3840a7129005,-114.0598452,51.1213033
5549,NB Fairmount DR @ Heritage DR SE,ACTIVE,2026-09-29T19:46:12.000Z,2026-09-29T19:46:12.000Z,392fb4b1-9533-442f-ba12-dac5a7840fb9,-114.0598541,50.9799667
4830,NB Fairmount DR @ 86 AV SE,ACTIVE,2026-09-29T19:46:12.000Z,2026-09-29T19:46:12.000Z,a415b589-52a9-4887-9bd4-0e59866835de,-114.059861,50.9762519
4816,NB Fairmount DR @ Fredson DR SE,ACTIVE,2026-09-29T19:46:12.000Z,2026-09-29T19:46:12.000Z,5490955a-961a-40ba-8dfc-34bc7eacc6eb,-114.0598801,50.9824859
7929,SB Macleod TR @ 25 AV SW,ACTIVE,2026-09-29T19:46:12.000Z,2026-09-29T19:46:12.000Z,7a52a504-5525-4b46-bcbb-5971210e0ee8,-114.0599296,51.0301514
7466,WB 6 AV SE @ 1 ST SE,ACTIVE,2026-09-29T19:46:12.000Z,2026-09-29T19:46:12.000Z,815da7f6-e74d-4d83-a50f-a674c6b89abe,-114.059973,51.0474857
5536,SB Fairmount DR @ N. of Bonaventure DR SE,ACTIVE,2026-09-29T19:46:12.000Z,2026-09-29T19:46:12.000Z,b3917cfe-f884-4714-86b4-5d7e1248ee4d,-114.0599934,50.9549911
5532,SB Fairmount DR @ 86 AV SE,ACTIVE,2026-09-29T19:46:12.000Z,2026-09-29T19:46:12.000Z,fb2a4e3c-2ef5-416a-9f9e-31f44f2756ca,-114.0599951,50.9754817
7448,EB Country Hills BV @ Country Village WY NE,ACTIVE,2026-09-29T19:46:12.000Z,2026-09-29T19:46:12.000Z,1d62020b-0081-4f40-8ca8-faaf92120873,-114.0600073,51.1540665
9984,WB 6 AV SE @ 1 ST SE,ACTIVE,2026-09-29T19:46:12.000Z,2026-09-29T19:46:12.000Z,882159ac-1ecb-4f3c-910b-026d5083b2c2,-114.0600289,51.0475051
6929,NB Harvest Hills DR @ Harvest Park RD NE,ACTIVE,2026-09-29T19:46:12.000Z,2026-09-29T19:46:12.000Z,6a5ce3ef-9541-46ac-9de1-503a7d6c93af,-114.0600375,51.1497677
3880,WB 4 AV SE @ 1 ST SE,ACTIVE,2026-09-29T19:46:12.000Z,2026-09-29T19:46:12.000Z,16f5686e-266a-4dab-9ef6-a40a0e554a66,-114.0600524,51.0493857
4827,SB  Fairmount DR @ 84 AV SE,ACTIVE,2026-09-29T19:46:12.000Z,2026-09-29T19:46:12.000Z,b07a57d1-2ada-4c88-97f0-feffb31e8b72,-114.0600586,50.9774083
4809,SB Fairmount DR @ Farrell RD SE,ACTIVE,2026-09-29T19:46:12.000Z,2026-09-29T19:46:12.000Z,890d8b9c-9ecf-44da-ba7c-f91b2ba7c917,-114.0600707,50.985558
4808,SB Fairmount DR @ Fredson DR SE,ACTIVE,2026-09-29T19:46:12.000Z,2026-09-29T19:46:12.000Z,b25c3b94-26d5-4461-9cc0-acff694f7c62,-114.0600713,50.9819421
3814,WB Country Village RD @ W.of Coventry Hills WY NE,ACTIVE,2026-09-29T19:46:12.000Z,2026-09-29T19:46:12.000Z,126fe251-2e8d-484d-b367-2a45ea3cd20d,-114.0600936,51.1616585
4828,SB Fairmount DR @ Heritage DR SE,ACTIVE,2026-09-29T19:46:12.000Z,2026-09-29T19:46:12.000Z,73178c41-8869-428d-9210-b5edac838e4e,-114.0600982,50.9792847
4802,NB Macleod TR @ 36 AV SE,ACTIVE,2026-09-29T19:46:12.000Z,2026-09-29T19:46:12.000Z,3c2e3763-9b12-45bf-b7a2-ebe555211e36,-114.0601246,51.02189
5542,NB Bonaventure DR @ S. of Fairmount DR SE,ACTIVE,2026-09-29T19:46:12.000Z,2026-09-29T19:46:12.000Z,02a046d0-a686-4715-a82d-2e0e16eacfe8,-114.0601489,50.952686
5971,NB Bonaventure DR @ S. of Fairmount DR SE,ACTIVE,2026-09-29T19:46:12.000Z,2026-09-29T19:46:12.000Z,7fcca49f-a8c5-4d89-bb74-1422485bd9cb,-114.0601755,50.9527829
9106,NB Bonaventure DR @ S. of Fairmount DR SE,ACTIVE,2026-09-29T19:46:12.000Z,2026-09-29T19:46:12.000Z,fa77611d-f1fb-42f2-839a-c18a540986c7,-114.0602169,50.9528262
8331,NB Harvest Hills DR @ Harvest Oak GA NE,ACTIVE,2026-09-29T19:46:12.000Z,2026-09-29T19:46:12.000Z,eda2ede9-e0b9-482e-929a-4c5b7bab19c5,-114.0602534,51.1472726
3031,NB Coventry Hills WY @ Coventry Hills DR NE,ACTIVE,2026-09-29T19:46:12.000Z,2026-09-29T19:46:12.000Z,b6c65e05-ad3e-41b4-82f6-e31b86701281,-114.060358,51.16589
9027,WB 72 AV NE @ Huntbourne GA,ACTIVE,2026-09-29T19:46:12.000Z,2026-09-29T19:46:12.000Z,5c600b31-ecb8-4f8d-b44d-1d24c2363c3c,-114.0603748,51.1179166
5537,SB Bonaventure DR @ Fairmount DR SE,ACTIVE,2026-09-29T19:46:12.000Z,2026-09-29T19:46:12.000Z,10092e0a-9196-44f2-a32c-e48640ca3748,-114.0603795,50.9515827
4815,NB Fairmount DR @ 78 AV SE,ACTIVE,2026-09-29T19:46:12.000Z,2026-09-29T19:46:12.000Z,a957e118-d8aa-4580-8120-c62519a36365,-114.0604057,50.9843162
2962,WB 144 AV NE @ Howse RI NE,ACTIVE,2026-09-29T19:46:12.000Z,2026-09-29T19:46:12.000Z,5a751019-88cf-4c87-9dbf-ff7a7cd2feb7,-114.060411,51.183539
6579,SB Bonaventure DR @ Fairmount DR SE,ACTIVE,2026-09-29T19:46:12.000Z,2026-09-29T19:46:12.000Z,8a368d6e-1365-4203-adf6-21150a3fcb29,-114.0604329,50.951638
9327,NB Bonaventure DR @ Lake Moraine RD SE,ACTIVE,2026-09-29T19:46:12.000Z,2026-09-29T19:46:12.000Z,b99bb9d8-e992-4950-bb96-b2929010f145,-114.0604588,50.9440109
5387,EB 12 AV SE@ 1 ST SE,ACTIVE,2026-09-29T19:46:12.000Z,2026-09-29T19:46:12.000Z,e5cd9ea4-3b46-45cb-8fae-9bffb4ee70c0,-114.0604977,51.0412295
5575,WB 42 AV SE @ E. of 1 ST SE,ACTIVE,2026-09-29T19:46:12.000Z,2026-09-29T19:46:12.000Z,242297b5-5957-430e-8e5e-0b60a87ef019,-114.0605077,51.0160619
5531,SB Fairmount DR @ 78 AV SE,ACTIVE,2026-09-29T19:46:12.000Z,2026-09-29T19:46:12.000Z,43f7777e-23d6-4b80-a68a-5779d8a75efc,-114.0605234,50.9835815
2488,Fairmount Drive Station (EB),ACTIVE,2026-09-29T19:46:12.000Z,2026-09-29T19:46:12.000Z,ca6d3a82-30a0-4914-8591-d1c5bd2c5e62,-114.0605415,50.9794614
5574,EB 39 AV SE @ Burnsland RD,ACTIVE,2026-09-29T19:46:12.000Z,2026-09-29T19:46:12.000Z,2c8f7334-2fc3-41d7-8400-7f53acdc88c4,-114.0605484,51.0178979
7830,SB 1 ST SE @ 7 AV SE,ACTIVE,2026-09-29T19:46:12.000Z,2026-09-29T19:46:12.000Z,d44510e2-1a6e-4468-a23f-a38ec789e00a,-114.0605901,51.0467547
3019,SB Harvest Hills DR @ Harvest Oak GA NE,ACTIVE,2026-09-29T19:46:12.000Z,2026-09-29T19:46:12.000Z,2da6152d-c6fe-44f3-8dae-f8d103561aed,-114.0606267,51.1465957
9428,WB 16 AV NE @ 1 ST NE,ACTIVE,2026-09-29T19:46:12.000Z,2026-09-29T19:46:12.000Z,c4d42cb3-ce28-4dfc-9681-c973284e92b0,-114.0606583,51.0670759
3020,EB Harvest Hills DR @ Harvest Rose GD NE,ACTIVE,2026-09-29T19:46:12.000Z,2026-09-29T19:46:12.000Z,4acb5e7d-ebaa-4533-aa78-ea7bfc2ebe4a,-114.0606949,51.1438144
8449,SB 1 ST SE @ 8 AV SE,ACTIVE,2026-09-29T19:46:12.000Z,2026-09-29T19:46:12.000Z,004a4ee6-85b5-465e-956c-589e9a2e416a,-114.0607159,51.0456245
4424,WB 58 AV SE @ 2 ST SE,ACTIVE,2026-09-29T19:46:12.000Z,2026-09-29T19:46:12.000Z,748dc8ef-5a2a-4e19-90cb-7ebea1569899,-114.0607186,51.0014595
6462,WB Lake Bonavista DR @ Bonaventure DR SE,ACTIVE,2026-09-29T19:46:12.000Z,2026-09-29T19:46:12.000Z,cba553e0-bdc2-4298-a28e-d652d7f2f532,-114.0607225,50.9461494
4731,NB Country Village WY @ Country Hills BV NE,ACTIVE,2026-09-29T19:46:12.000Z,2026-09-29T19:46:12.000Z,c6c394d3-d956-44f2-987a-fe765cfa5305,-114.0607858,51.1548686
7615,NB Harvest Hills DR @ Harvest Gold CI NE,ACTIVE,2026-09-29T19:46:12.000Z,2026-09-29T19:46:12.000Z,ae630e84-5ccf-4ca3-aaa4-d53a05f7dffa,-114.0607953,51.1443719
6119,Fairmount Drive Station (WB),ACTIVE,2026-09-29T19:46:12.000Z,2026-09-29T19:46:12.000Z,834fc2e9-76d0-4f46-8c99-fb4f4fc37f54,-114.0608653,50.9796809
7260,NB Midpark BV @ Midpark DR SE,ACTIVE,2026-09-29T19:46:12.000Z,2026-09-29T19:46:12.000Z,803f11ab-4e38-40cd-a333-cf9d02f080ef,-114.0608687,50.9129164
2363,NB Belmont ST SW @ Belmont BV SW,ACTIVE,2026-09-29T19:46:12.000Z,2026-09-29T19:46:12.000Z,c0ea65a6-0667-4256-89dc-ae06e5755d60,-114.060874,50.8710858
2960,SB Livingston HL NE @ Livingston VW NE,ACTIVE,2026-09-29T19:46:12.000Z,2026-09-29T19:46:12.000Z,78411bbe-e860-4c1c-bc0c-781ada66fe9f,-114.0609374,51.1902659
5284,SB 1 ST SE@ 10 AV SE,ACTIVE,2026-09-29T19:46:12.000Z,2026-09-29T19:46:12.000Z,1b07daae-f569-43c2-af0e-3cc51dd3eaa6,-114.0609447,51.0427339
5285,SB 1 ST SE@ 12 AV SE,ACTIVE,2026-09-29T19:46:12.000Z,2026-09-29T19:46:12.000Z,e9d99d9c-c2fd-436c-b1f0-b81aceb8d527,-114.0610231,51.0410448
8555,WB Bonaventure DR @ Fairmount DR SE,ACTIVE,2026-09-29T19:46:12.000Z,2026-09-29T19:46:12.000Z,365a7f62-7feb-48d8-a4fd-13ad557e69bd,-114.0611117,50.9538571
7616,WB Harvest Oak GA @ Harvest Hills DR NE,ACTIVE,2026-09-29T19:46:12.000Z,2026-09-29T19:46:12.000Z,4bef78dc-918b-4b9b-b887-b9ea039a4d90,-114.0611152,51.1469885
7930,SB 1 ST SE @ 14 AV SE,ACTIVE,2026-09-29T19:46:12.000Z,2026-09-29T19:46:12.000Z,55196cc0-a36c-4a7f-a67d-77a6d78d9c5b,-114.0611414,51.0391769
5522,SB Macleod TR @ Mission RD SW,ACTIVE,2026-09-29T19:46:12.000Z,2026-09-29T19:46:12.000Z,0a623b54-db7f-4cae-8f10-6f6af13c95b5,-114.0611514,51.0212143
9334,WB Bonaventure DR @ Fairmount DR SE,ACTIVE,2026-09-29T19:46:12.000Z,2026-09-29T19:46:12.000Z,ff0fa2f1-0137-4b85-af57-9462e87b6b0e,-114.0611518,50.9538752
1998,SB Country Village WY @ Country Hills BV NE,ACTIVE,2026-09-29T19:46:12.000Z,2026-09-29T19:46:12.000Z,095f3720-1aaa-4ac2-b3bf-a4fa5f1374f7,-114.0611841,51.1553302
6805,NB 39 Avenue CTrain Station,ACTIVE,2026-09-29T19:46:12.000Z,2026-09-29T19:46:12.000Z,ea3f9ae3-9cd3-49a6-a0fc-bef3c3d15783,-114.0612518,51.0178257
6830,EB Centre Street Station (Free Fare Zone),ACTIVE,2026-09-29T19:46:12.000Z,2026-09-29T19:46:12.000Z,b7bd9276-d97d-4c76-a3f9-d60be1b3dc10,-114.0612557,51.0463847
5520,SB 1 ST SE @ 17 AV SE,ACTIVE,2026-09-29T19:46:12.000Z,2026-09-29T19:46:12.000Z,ac161790-07ae-4a42-9d4e-2b616095e451,-114.0612904,51.0374986
9144,EB Lake Bonavista DR @ Lake Moraine PL SE,ACTIVE,2026-09-29T19:46:12.000Z,2026-09-29T19:46:12.000Z,775bd7dc-69bc-42df-9f14-79c9dc7a0ec5,-114.0613122,50.941091
4736,WB Country Village WY @ Country Village CV NE,ACTIVE,2026-09-29T19:46:12.000Z,2026-09-29T19:46:12.000Z,58a468a7-3791-4d3b-9aa6-66c06793d258,-114.0613342,51.1559168
3033,EB Coventry Hills WY @ Covemeadow RD NE,ACTIVE,2026-09-29T19:46:12.000Z,2026-09-29T19:46:12.000Z,39795c24-ef13-4139-a1f0-fcf6ee3d141e,-114.0614032,51.1688692
7259,SB Midpark BV @ Midlake BV SE,ACTIVE,2026-09-29T19:46:12.000Z,2026-09-29T19:46:12.000Z,34a8dec0-44ba-475c-b38e-cdb9fea4c8ce,-114.0614066,50.9143152
8558,SB 39 Avenue CTrain Station,ACTIVE,2026-09-29T19:46:12.000Z,2026-09-29T19:46:12.000Z,cfbad563-331e-4c58-b0cb-5ba4d8db835a,-114.0614215,51.0178479
7340,SB 1 ST SE @ S. of 18 AV SE,ACTIVE,2026-09-29T19:46:12.000Z,2026-09-29T19:46:12.000Z,3078800f-5d58-4910-9455-d000939d5b61,-114.0614616,51.03547
4803,NB Macleod TR @ 38A AV SE,ACTIVE,2026-09-29T19:46:12.000Z,2026-09-29T19:46:12.000Z,9b1bc2d9-e602-4026-8a14-d3f87a07b968,-114.0614816,51.0200532
2234,WB 6 AV @ 1 ST SE,ACTIVE,2026-09-29T19:46:12.000Z,2026-09-29T19:46:12.000Z,ceb56dbd-b473-49b3-a01c-002b103f58c5,-114.0614823,51.0475372
5703,Centre Street N Station (EB),ACTIVE,2026-09-29T19:46:12.000Z,2026-09-29T19:46:12.000Z,4139280b-7b2c-4c8e-9601-3bdcbfbe255c,-114.061583,51.0667438
6009,EB 64 AV N @ Centre ST N,ACTIVE,2026-09-29T19:46:12.000Z,2026-09-29T19:46:12.000Z,544934ec-5e41-404d-bbe4-ba189277370c,-114.061603,51.1104998
9380,WB Country Hills BV @ Country Village WY NE,ACTIVE,2026-09-29T19:46:12.000Z,2026-09-29T19:46:12.000Z,2b3076f2-af0a-4e42-b981-04d3cb875f0b,-114.0616654,51.1543061
5462,EB 96 AV NE@ Harvest Rose PA,ACTIVE,2026-09-29T19:46:12.000Z,2026-09-29T19:46:12.000Z,60c8f4b3-90e5-48f0-82ca-cfe0d7dc140c,-114.061697,51.1413661
3474,WB Mission Rd @ Macleod TR SW,ACTIVE,2026-09-29T19:46:12.000Z,2026-09-29T19:46:12.000Z,7050c669-a25d-42a5-9491-6d469b764ac0,-114.0617246,51.0218934
5565,NB Midridge DR @ Midlake BV SE,ACTIVE,2026-09-29T19:46:12.000Z,2026-09-29T19:46:12.000Z,0a4ed0e8-dd95-4bbc-bdf4-fdeb04cc551b,-114.0617353,50.9154209
7819,WB 25 AV SW @ Erlton RD,ACTIVE,2026-09-29T19:46:12.000Z,2026-09-29T19:46:12.000Z,e3499b52-15d2-403a-8438-74b463f025c8,-114.0617709,51.0305846
7717,EB 58 AV SE @ 1 ST SE,ACTIVE,2026-09-29T19:46:12.000Z,2026-09-29T19:46:12.000Z,ad0e2865-8835-4d75-81ea-54fd9ba763de,-114.0618116,51.0013071
5673,EB 12 AV N @ Centre ST N,ACTIVE,2026-09-29T19:46:12.000Z,2026-09-29T19:46:12.000Z,723c6457-83a4-4aa7-b469-91b59094eb94,-114.0618134,51.0632641
4749,SB Midpark BV @ Midpark WY SE,ACTIVE,2026-09-29T19:46:12.000Z,2026-09-29T19:46:12.000Z,25acbf81-b1a7-4a3b-9e96-e12a525d5a08,-114.0618265,50.9121669
9010,EB 78 AV NE @ Huntridge HL NE,ACTIVE,2026-09-29T19:46:12.000Z,2026-09-29T19:46:12.000Z,8419db32-31db-4820-94f7-26da0a42fead,-114.0618275,51.1211463
7818,EB 25 AV SW @ Erlton ST SW,ACTIVE,2026-09-29T19:46:12.000Z,2026-09-29T19:46:12.000Z,6c76c2ba-fb40-45e3-a60a-bb9f450f6cb0,-114.0618358,51.0304603
2490,EB 5 AV & Centre St S fs,ACTIVE,2026-09-29T19:46:12.000Z,2026-09-29T19:46:12.000Z,8d19659c-0ca9-4c47-b6be-1c736696f400,-114.0618773,51.0482631
4783,SB Coventry Hills WY @ N. of Covepark SQ NE,ACTIVE,2026-09-29T19:46:12.000Z,2026-09-29T19:46:12.000Z,45b99662-e666-4496-99fa-0a4281338934,-114.0618966,51.1668686
9229,WB Midridge DR @ Midcrest CR SE,ACTIVE,2026-09-29T19:46:12.000Z,2026-09-29T19:46:12.000Z,b1fab08c-22aa-4050-b285-faebf8aa1164,-114.0619181,50.9192933
6537,EB 5 AV & Centre St S fs,ACTIVE,2026-09-29T19:46:12.000Z,2026-09-29T19:46:12.000Z,fa25a435-0960-4053-a9a0-6ab7a520e1c9,-114.0619413,51.0482666
4745,NB Midpark BV @ Midpark GA SE,ACTIVE,2026-09-29T19:46:12.000Z,2026-09-29T19:46:12.000Z,07377345-1e7c-4a0c-8b8e-24aa15c7c6d7,-114.0619864,50.9107587
4748,SB Midpark BV @ Midpark GA SE,ACTIVE,2026-09-29T19:46:12.000Z,2026-09-29T19:46:12.000Z,8296d9a6-9478-4609-97e7-3a94caeaf7e4,-114.062039,50.9099235
9104,EB Canyon Meadows DR @ Bonaventure DR SE,ACTIVE,2026-09-29T19:46:12.000Z,2026-09-29T19:46:12.000Z,0b6713a7-0963-4c58-8dbd-30fd9df16329,-114.0620597,50.9301413
9326,NB Bonaventure DR @ Lake Bonavista DR SE,ACTIVE,2026-09-29T19:46:12.000Z,2026-09-29T19:46:12.000Z,c868b357-8769-46b5-bcea-c87b7a1f12bf,-114.0620827,50.9417401
6662,NB Centre ST N @ McKnight BV,ACTIVE,2026-09-29T19:46:12.000Z,2026-09-29T19:46:12.000Z,30e43155-2403-4095-9728-b12dc75fb209,-114.0622437,51.0967988
5156,64th Avenue N Station (NB),ACTIVE,2026-09-29T19:46:12.000Z,2026-09-29T19:46:12.000Z,9e3416b9-b87b-420f-9bfd-f3acdaa2ac46,-114.06227,51.1112038
4530,NB Centre ST N @ 64 AV N,ACTIVE,2026-09-29T19:46:12.000Z,2026-09-29T19:46:12.000Z,44dc15cc-1072-4fe4-b35e-063ba418267d,-114.0622719,51.1112182
8419,NB Centre ST N @ 40 AV N,ACTIVE,2026-09-29T19:46:12.000Z,2026-09-29T19:46:12.000Z,d987baff-28c7-46f7-ace6-6027c9f18bbd,-114.0622886,51.0891093
5153,NB Centre ST N @ Laycock DR,ACTIVE,2026-09-29T19:46:12.000Z,2026-09-29T19:46:12.000Z,1406d10d-ae8f-401e-97d5-54424185305b,-114.0622937,51.0948842
2696,WB Belmont BV @ Belmont ST SW,ACTIVE,2026-09-29T19:46:12.000Z,2026-09-29T19:46:12.000Z,b78540e5-4beb-49ec-94c5-de4b5708f228,-114.0622968,50.8705235
3032,NB Coventry Hills WY @ N. of Covepark SQ NE,ACTIVE,2026-09-29T19:46:12.000Z,2026-09-29T19:46:12.000Z,a140c920-0015-4681-a06b-04aab13d08ea,-114.0623089,51.1674951
5557,NB Macleod TR @ 39 AV SE,ACTIVE,2026-09-29T19:46:12.000Z,2026-09-29T19:46:12.000Z,581da6e5-fd46-4ff6-80cc-11171b18f553,-114.0623135,51.0188508
5155,NB Centre ST N @ 60 AV N,ACTIVE,2026-09-29T19:46:12.000Z,2026-09-29T19:46:12.000Z,4eaee033-29b8-473e-acc9-2208a02289e3,-114.0623154,51.1058044
4552,40th Avenue N Station (NB),ACTIVE,2026-09-29T19:46:12.000Z,2026-09-29T19:46:12.000Z,4fca0cf7-16ca-4fe6-b752-fd0dd0ab5e49,-114.0623313,51.0891104
4545,NB Centre ST N @ 56 AV N,ACTIVE,2026-09-29T19:46:12.000Z,2026-09-29T19:46:12.000Z,db7233d1-b6a7-4e13-8540-14a50fb6d4e6,-114.0623316,51.1030704
8746,56th Avenue N Station (NB),ACTIVE,2026-09-29T19:46:12.000Z,2026-09-29T19:46:12.000Z,c6f35e73-8f77-48d1-8ed5-1c6c8dbb3eac,-114.0623316,51.1030704
6656,NB Centre ST N @ Samis RD N,ACTIVE,2026-09-29T19:46:12.000Z,2026-09-29T19:46:12.000Z,6296c879-cb0f-47b9-af4f-205134459e72,-114.0623317,51.0555326
8792,NB Centre ST N @ 43 AV N,ACTIVE,2026-09-29T19:46:12.000Z,2026-09-29T19:46:12.000Z,e2c2555c-1fe0-4848-875e-87e6b4ab09a9,-114.0623345,51.091764
5154,NB Centre ST N @ 54 AV N,ACTIVE,2026-09-29T19:46:12.000Z,2026-09-29T19:46:12.000Z,e05c6c5e-af27-4466-98da-d83e3c5050c2,-114.062337,51.1000573
8747,NB Centre ST N @ Tache AV N,ACTIVE,2026-09-29T19:46:12.000Z,2026-09-29T19:46:12.000Z,69feb1ff-da47-4ceb-937b-faa7bc23f9ba,-114.0623418,51.1083147
4555,NB Centre ST N @ 17 AV N,ACTIVE,2026-09-29T19:46:12.000Z,2026-09-29T19:46:12.000Z,14f647a0-2369-427e-b6b3-c845fc0bc996,-114.0623562,51.0677662
7380,EB 9 AV S @ Centre ST S,ACTIVE,2026-09-29T19:46:12.000Z,2026-09-29T19:46:12.000Z,0eb23408-d19f-4bad-91fc-623444c29403,-114.0623582,51.0444758
3884,EB 9 AV S @ Centre ST S,ACTIVE,2026-09-29T19:46:12.000Z,2026-09-29T19:46:12.000Z,acbf720d-b87b-46c3-b1bc-b7539ef7baa1,-114.0623586,51.0445145
6660,NB Centre ST N @ 38 AV N,ACTIVE,2026-09-29T19:46:12.000Z,2026-09-29T19:46:12.000Z,636500ef-cc19-431b-9b8f-283d53fc317e,-114.0623614,51.0875101
6659,NB Centre ST N @ 36 AV N,ACTIVE,2026-09-29T19:46:12.000Z,2026-09-29T19:46:12.000Z,0abe363d-a932-4f87-be20-43352ab20426,-114.0623703,51.0853425
8782,NB Centre ST N @ 32 AV N,ACTIVE,2026-09-29T19:46:12.000Z,2026-09-29T19:46:12.000Z,51c55b2e-80bc-4935-9b80-16f9aa4063ea,-114.062375,51.0818886
6658,NB Centre ST N @ 16 AV N,ACTIVE,2026-09-29T19:46:12.000Z,2026-09-29T19:46:12.000Z,66c220f3-6ef8-442b-8dc0-b5b26b388c78,-114.0623943,51.0673894
7442,NB Centre ST N @ 16 AV N,ACTIVE,2026-09-29T19:46:12.000Z,2026-09-29T19:46:12.000Z,a4ea5670-b080-4f12-95c8-0e9fcab1705a,-114.0623943,51.0673894
9329,EB Lake Bonavista DR @ Lake Rosen CR SE,ACTIVE,2026-09-29T19:46:12.000Z,2026-09-29T19:46:12.000Z,159ab0dd-fad6-4d6d-b21b-92964a0fdcd3,-114.0623944,50.9467312
5150,NB Centre ST N @ 14 AV N,ACTIVE,2026-09-29T19:46:12.000Z,2026-09-29T19:46:12.000Z,20889327-91b9-4f06-a6a4-9adff094455b,-114.0623953,51.0657973
6666,NB Centre ST N @ 8 AV N,ACTIVE,2026-09-29T19:46:12.000Z,2026-09-29T19:46:12.000Z,2d5fd72e-49e2-4c9e-8d98-10472c7dced2,-114.0624099,51.0601579
5151,NB Centre ST N @ 19 AV N,ACTIVE,2026-09-29T19:46:12.000Z,2026-09-29T19:46:12.000Z,7958c342-dfad-448e-9d82-62aad759aa55,-114.0624106,51.0700613
8791,NB Centre ST N @ 12 AV N,ACTIVE,2026-09-29T19:46:12.000Z,2026-09-29T19:46:12.000Z,4eeffc2e-a329-49e7-ab32-f1e1384844dd,-114.0624138,51.063702
6657,NB Centre ST N @ 10 AV N,ACTIVE,2026-09-29T19:46:12.000Z,2026-09-29T19:46:12.000Z,4d11a82a-90ad-479d-a9eb-93770b9ee6d9,-114.0624158,51.0618671
3396,28th Avenue N Station (NB),ACTIVE,2026-09-29T19:46:12.000Z,2026-09-29T19:46:12.000Z,33f45660-fa69-4375-9f38-12cfb1bfc25e,-114.0624256,51.0782074
3397,NB Centre ST N @ 28 AV N,ACTIVE,2026-09-29T19:46:12.000Z,2026-09-29T19:46:12.000Z,2d126440-4d62-4622-baf9-6f3152cf07e6,-114.0624318,51.0781545
8739,NB Centre ST N @ 25 AV N,ACTIVE,2026-09-29T19:46:12.000Z,2026-09-29T19:46:12.000Z,17495ed8-3418-4312-9528-bf6545ebff85,-114.0624358,51.0755218
4810,SB Fairmount DR @  Fairview DR SE,ACTIVE,2026-09-29T19:46:12.000Z,2026-09-29T19:46:12.000Z,10eb0f04-3c1f-4848-b10a-8f5f27028050,-114.0624471,50.9874169
8738,NB Centre ST N @ 22 AV N,ACTIVE,2026-09-29T19:46:12.000Z,2026-09-29T19:46:12.000Z,42a43074-26ae-41cc-9364-d21e4c3604c3,-114.0624503,51.0728147
7258,WB Midlake BV @ Midridge DR SE,ACTIVE,2026-09-29T19:46:12.000Z,2026-09-29T19:46:12.000Z,d7586a52-a622-4487-8e4a-613c683be026,-114.0624847,50.9148191
5170,SB Centre ST N @ Tache AV N,ACTIVE,2026-09-29T19:46:12.000Z,2026-09-29T19:46:12.000Z,3181460c-9cd6-480c-90b8-a93698e2238b,-114.0625462,51.1075255
5172,SB Centre ST N @ 43 AV N,ACTIVE,2026-09-29T19:46:12.000Z,2026-09-29T19:46:12.000Z,e6f42b45-aa64-4a32-ac08-2ec416c375b7,-114.06255,51.0910678
6652,SB Centre ST N @ 38 AV N,ACTIVE,2026-09-29T19:46:12.000Z,2026-09-29T19:46:12.000Z,e3cbb53f-7a6a-49be-b5a9-ee9574603efd,-114.0625524,51.0867503
5700,NB Centre ST S @ 4 AV S,ACTIVE,2026-09-29T19:46:12.000Z,2026-09-29T19:46:12.000Z,664f58d4-79b5-4096-9e32-984f213d2994,-114.0625599,51.0492239
8749,SB Centre ST N @ Centre CR N,ACTIVE,2026-09-29T19:46:12.000Z,2026-09-29T19:46:12.000Z,f5188bcc-81a2-4a51-85fc-874b6f172426,-114.0625629,51.0991994
4587,SB Centre ST N @ Northmount DR N,ACTIVE,2026-09-29T19:46:12.000Z,2026-09-29T19:46:12.000Z,3fc372b0-8269-4c22-81ad-9256701a19d9,-114.0625666,51.1022938
5171,56th Avenue N Station (SB),ACTIVE,2026-09-29T19:46:12.000Z,2026-09-29T19:46:12.000Z,feb7dbcc-fbe4-4953-a36d-8c1bbac8577a,-114.0625666,51.1022938
6653,SB Centre ST N @ 36 AV N,ACTIVE,2026-09-29T19:46:12.000Z,2026-09-29T19:46:12.000Z,c5e9400f-5ee4-42f9-9606-c14f2b2c9bf0,-114.0625835,51.0846823
6650,SB Centre ST N @ Laycock DR,ACTIVE,2026-09-29T19:46:12.000Z,2026-09-29T19:46:12.000Z,154b6bd1-16c1-4b10-b9d8-aa4c96596a9d,-114.0625836,51.094323
8748,SB Centre ST N @ 60 AV N,ACTIVE,2026-09-29T19:46:12.000Z,2026-09-29T19:46:12.000Z,04839b8a-be83-40c9-9eb2-3e50e5ba5a09,-114.0625852,51.1051546
3911,NB Centre ST S @ 4 AV S,ACTIVE,2026-09-29T19:46:12.000Z,2026-09-29T19:46:12.000Z,ac57cb21-5671-4875-9004-90c27f28dfb2,-114.0626016,51.0496927
4556,NB Centre ST S @ 4 AV S,ACTIVE,2026-09-29T19:46:12.000Z,2026-09-29T19:46:12.000Z,aeb30171-bfb8-4c66-907d-2a4aca536a1c,-114.0626072,51.0491531
5086,NB Centre ST S @ 4 AV S,ACTIVE,2026-09-29T19:46:12.000Z,2026-09-29T19:46:12.000Z,8686a0ab-703d-4c88-a55f-7d69d6b5bbab,-114.0626136,51.0497289
4586,40th Avenue N Station (SB),ACTIVE,2026-09-29T19:46:12.000Z,2026-09-29T19:46:12.000Z,a71b8605-c8cf-4e61-8d96-e23eb0af8275,-114.0626261,51.0882903
8418,SB Centre ST N @ 40 AV N,ACTIVE,2026-09-29T19:46:12.000Z,2026-09-29T19:46:12.000Z,97797fcc-cf2c-4458-829b-e766ea40c8bd,-114.0626261,51.0882903
4588,SB Centre ST N @ 64 AV N,ACTIVE,2026-09-29T19:46:12.000Z,2026-09-29T19:46:12.000Z,f0c84812-024e-4d72-9730-686e34b8bc14,-114.0626313,51.1098331
8793,64th Avenue N Station (SB),ACTIVE,2026-09-29T19:46:12.000Z,2026-09-29T19:46:12.000Z,3d586e77-bb28-4b98-83a3-d1bedffdfdd0,-114.0626313,51.1098331
5148,NB Centre ST S @ 4 AV S,ACTIVE,2026-09-29T19:46:12.000Z,2026-09-29T19:46:12.000Z,6ca94395-c5be-4643-bce0-5b4964e93989,-114.0626323,51.0492077
8744,SB Centre ST N @ 22 AV N,ACTIVE,2026-09-29T19:46:12.000Z,2026-09-29T19:46:12.000Z,ef76a587-07e5-4d6f-85b3-b0804bd42fa2,-114.0626384,51.0720998
4348,SB Coventry Hills WY @ Covemeadow RD NE,ACTIVE,2026-09-29T19:46:12.000Z,2026-09-29T19:46:12.000Z,b7bce7f6-25d9-4ccd-95fa-063dc54d4173,-114.0626389,51.1684703
5113,SB Centre ST N @ Across from Samis RD NE,ACTIVE,2026-09-29T19:46:12.000Z,2026-09-29T19:46:12.000Z,130e9413-9f28-4db9-b994-c0e49055b665,-114.0626445,51.0558669
8741,SB Centre ST N @ 32 AV N,ACTIVE,2026-09-29T19:46:12.000Z,2026-09-29T19:46:12.000Z,2fa4d968-101d-4914-9122-6b7d3a5dc132,-114.0626527,51.0811131
5176,SB Centre ST N @ 14 AV N,ACTIVE,2026-09-29T19:46:12.000Z,2026-09-29T19:46:12.000Z,0576396e-1859-4f70-894f-5296354a6513,-114.0626585,51.0650214
4585,SB Centre ST N @ 16 AV N,ACTIVE,2026-09-29T19:46:12.000Z,2026-09-29T19:46:12.000Z,993fc254-2854-4f16-852d-0ee58e5c50da,-114.0626593,51.0663616
7441,SB Centre ST N @ 16 AV N,ACTIVE,2026-09-29T19:46:12.000Z,2026-09-29T19:46:12.000Z,d8980c16-2574-47af-b645-6291f81e1748,-114.0626593,51.0663616
3398,28th Avenue N Station (SB),ACTIVE,2026-09-29T19:46:12.000Z,2026-09-29T19:46:12.000Z,1f0e3be0-4429-44b3-a10a-996939575d17,-114.0626627,51.0775522
5175,SB Centre ST N @ 19 AV N,ACTIVE,2026-09-29T19:46:12.000Z,2026-09-29T19:46:12.000Z,df696754-63cf-4bc8-9533-7fef87834157,-114.0626637,51.069447
8743,SB Centre ST N @ 25 AV N,ACTIVE,2026-09-29T19:46:12.000Z,2026-09-29T19:46:12.000Z,27ad75b1-21ce-4084-91e4-06a8178d0650,-114.062665,51.074835
3399,SB Centre ST N @ 28 AV N,ACTIVE,2026-09-29T19:46:12.000Z,2026-09-29T19:46:12.000Z,ca331aa5-b032-4443-8b32-aaa04c5fd877,-114.0626721,51.077494
6655,SB Centre ST N @ 12 AV N,ACTIVE,2026-09-29T19:46:12.000Z,2026-09-29T19:46:12.000Z,15b4b524-88f8-4ef3-9a4c-11992bd0384d,-114.0626742,51.0629709
5111,SB Centre ST N @ 10 AV N,ACTIVE,2026-09-29T19:46:12.000Z,2026-09-29T19:46:12.000Z,d73ca4c9-6ede-4ae9-baa1-213e753f8a55,-114.0626774,51.0611181
9038,EB 40 AV N @ Centre ST N,ACTIVE,2026-09-29T19:46:12.000Z,2026-09-29T19:46:12.000Z,65459748-ef50-445d-a2fd-10e3451b242c,-114.0626866,51.0886876
5087,SB Centre ST N @ 7 AV N,ACTIVE,2026-09-29T19:46:12.000Z,2026-09-29T19:46:12.000Z,3a80d773-bf4c-425c-9093-4b6b17396378,-114.062709,51.0590411
6654,SB Centre ST N @ 16 AV N,ACTIVE,2026-09-29T19:46:12.000Z,2026-09-29T19:46:12.000Z,7a0f315c-f252-4be5-8675-898cc2aca1f9,-114.0627197,51.0663092
7600,EB Harvest Oak GA @ Harvest Hills BV NE,ACTIVE,2026-09-29T19:46:12.000Z,2026-09-29T19:46:12.000Z,d22c8ee5-033e-4b29-808f-915f0a69692b,-114.0627542,51.1468498
5454,EB Country Hills BV @ Harvest Hills BV N,ACTIVE,2026-09-29T19:46:12.000Z,2026-09-29T19:46:12.000Z,35bf5c75-5d73-4079-afac-d0a63080cd39,-114.0628678,51.1540665
2371,SB Centre St S @ 4 Ave SW,ACTIVE,2026-09-29T19:46:12.000Z,2026-09-29T19:46:12.000Z,0b5c6c08-485e-47f1-9341-40dfa71a0b8d,-114.0628691,51.0495024
4119,NB Midrige DR @ Midcrest CR SE,ACTIVE,2026-09-29T19:46:12.000Z,2026-09-29T19:46:12.000Z,58229c49-fa53-4432-8d43-8c325e7c5bda,-114.0628769,50.9171767
9971,SB Centre ST S @ 4 AV S,ACTIVE,2026-09-29T19:46:12.000Z,2026-09-29T19:46:12.000Z,1e29b9d8-35e9-4484-b264-3f3bae248510,-114.0629366,51.0489095
8100,EB Bedford DR @ Beddington DR NE,ACTIVE,2026-09-29T19:46:12.000Z,2026-09-29T19:46:12.000Z,e1e2a5f7-57c1-4a7c-b1ee-c14aaba0d62a,-114.0629474,51.1278217
9970,SB Centre ST S @ 5 AV S,ACTIVE,2026-09-29T19:46:12.000Z,2026-09-29T19:46:12.000Z,3b192d64-845c-4e55-9aee-b1495174e2c3,-114.0629746,51.0478581
6669,SB Centre ST S @ 4 AV S,ACTIVE,2026-09-29T19:46:12.000Z,2026-09-29T19:46:12.000Z,31ade065-9292-4a36-8fb0-5a90efe1f0a3,-114.0629919,51.0489379
4584,SB Centre ST S @ 5 AV S,ACTIVE,2026-09-29T19:46:12.000Z,2026-09-29T19:46:12.000Z,50997c9a-0170-4fcb-8bf5-7285cf0bbe5b,-114.0630179,51.0478502
4814,NB Fairmount DR @ Fairview DR SE,ACTIVE,2026-09-29T19:46:12.000Z,2026-09-29T19:46:12.000Z,ab6af961-da9f-4307-9cd4-4fa5b966a8da,-114.0630408,50.9879445
5732,Centre Street N Station (WB),ACTIVE,2026-09-29T19:46:12.000Z,2026-09-29T19:46:12.000Z,1e8b38f5-254f-4e3a-b6f2-96d2a383a723,-114.0630893,51.0671001
5523,SB Macleod TR @ 39 AV SW,ACTIVE,2026-09-29T19:46:12.000Z,2026-09-29T19:46:12.000Z,647728ad-9c99-42e9-85a9-021cbaf843eb,-114.0631706,51.0183777
9230,SB Midridge DR @ Midlawn PL SE,ACTIVE,2026-09-29T19:46:12.000Z,2026-09-29T19:46:12.000Z,eeefaa2c-18ac-45f7-a864-47418b6ea43f,-114.0631747,50.917418
4392,EB Heritage DR @ Fairview DR SE,ACTIVE,2026-09-29T19:46:12.000Z,2026-09-29T19:46:12.000Z,ffb8ef54-19c4-45f9-8f54-1356124de67a,-114.0631756,50.9794926
9065,WB 40 AV N @ Centre ST N,ACTIVE,2026-09-29T19:46:12.000Z,2026-09-29T19:46:12.000Z,180d37b9-3bec-46af-95b8-e3068947df92,-114.0631932,51.0888083
9149,WB Lake Bonavista DR @ Bonaventure DR SE,ACTIVE,2026-09-29T19:46:12.000Z,2026-09-29T19:46:12.000Z,6f9cf62a-1431-4ded-96b4-ebce5401f060,-114.0632068,50.9417504
5463,WB 96 AV NE@ Harvest Rose PA,ACTIVE,2026-09-29T19:46:12.000Z,2026-09-29T19:46:12.000Z,1683b52e-0a95-452d-91b6-c8de8e0b9949,-114.0632499,51.1417253
3965,WB Lake Bonavista DR @ Lake Rosen CR SE,ACTIVE,2026-09-29T19:46:12.000Z,2026-09-29T19:46:12.000Z,fa9a18d5-dcf8-4b10-846e-809a7307b0eb,-114.0632953,50.9473475
5089,WB 12 AV N @ Centre ST N,ACTIVE,2026-09-29T19:46:12.000Z,2026-09-29T19:46:12.000Z,ea3df16e-efd4-401d-bbb2-f46c4b1e7c6b,-114.063343,51.0634555
9317,NB Bonaventure DR @ 135 AV SE,ACTIVE,2026-09-29T19:46:12.000Z,2026-09-29T19:46:12.000Z,8c2cfaf9-06e4-45b8-aa7c-b200cd27c389,-114.0633652,50.9322376
9333,NB Bonaventure DR @ Lake Fraser WY SE,ACTIVE,2026-09-29T19:46:12.000Z,2026-09-29T19:46:12.000Z,b82e7a67-2726-4c90-9b51-7d25d99bb7d4,-114.0633803,50.9396769
2250,NB Shawville BV @ Shawville GA SE,ACTIVE,2026-09-29T19:46:12.000Z,2026-09-29T19:46:12.000Z,2324525c-52b5-4978-9461-af1fdcef1c16,-114.0633926,50.8998607
4737,NB Shawville BV @ Shawville GA SE,ACTIVE,2026-09-29T19:46:12.000Z,2026-09-29T19:46:12.000Z,e8269dcb-23e2-49cb-ba8d-928125320d4e,-114.0634071,50.8999465
8511,NB Shawville BV @ Shawville GA SE,ACTIVE,2026-09-29T19:46:12.000Z,2026-09-29T19:46:12.000Z,1f9e944e-dd8b-4335-bb55-f37b74ec005c,-114.0634071,50.8999465
6882,WB Beddington BV @ Beddington DR NE,ACTIVE,2026-09-29T19:46:12.000Z,2026-09-29T19:46:12.000Z,527c712f-0efb-47cb-9285-c12b14cdb116,-114.0634524,51.1252708
5563,EB Midlake BV @ Bannister RD SE,ACTIVE,2026-09-29T19:46:12.000Z,2026-09-29T19:46:12.000Z,033d1b1d-6f00-49af-8367-436184f30112,-114.0634801,50.9142864
4098,EB Country Village WY @ W.of Country Village CV NE,ACTIVE,2026-09-29T19:46:12.000Z,2026-09-29T19:46:12.000Z,4fe282aa-e35e-4431-bc27-33ca9b7eed4a,-114.0635299,51.1561393
4813,NB Fairmount DR @ Franklin DR SE,ACTIVE,2026-09-29T19:46:12.000Z,2026-09-29T19:46:12.000Z,9a43d9c6-8d2a-490e-8f12-29438049f387,-114.063653,50.9893092
4812,NB Fairmount DR @ Farrell RD SE,ACTIVE,2026-09-29T19:46:12.000Z,2026-09-29T19:46:12.000Z,c8a9df9e-d1f3-4fe9-bc46-cb1e6ccf72f0,-114.0636565,50.9924125
7742,NB Centre ST S @ 58 AV S,ACTIVE,2026-09-29T19:46:12.000Z,2026-09-29T19:46:12.000Z,0706a11b-2fa2-4456-954d-d8d2bc067f43,-114.0637136,51.0007613
7741,NB Centre ST S @ 61 AV S,ACTIVE,2026-09-29T19:46:12.000Z,2026-09-29T19:46:12.000Z,396f6493-f010-4239-9634-453dc5a9dd62,-114.0637142,50.9982697
5551,NB Centre ST S @ Glenmore TR,ACTIVE,2026-09-29T19:46:12.000Z,2026-09-29T19:46:12.000Z,cbaa7048-62a4-48fe-b61d-ff05c92f72a3,-114.0637174,50.9948337
3801,EB  Country Village RD@ E.of Country Village LI NE,ACTIVE,2026-09-29T19:46:12.000Z,2026-09-29T19:46:12.000Z,8cc2460b-2623-4b77-b26f-fb2a34dcd618,-114.0637943,51.1604877
9028,WB 72 AV NE @ Huntridge HL,ACTIVE,2026-09-29T19:46:12.000Z,2026-09-29T19:46:12.000Z,4195c654-8de1-410a-8196-4eb7f9f41c47,-114.0638301,51.1181924
9014,WB 78 AV NE @ Huntwick WY,ACTIVE,2026-09-29T19:46:12.000Z,2026-09-29T19:46:12.000Z,2918e615-612f-4ec9-aabb-0f8dcb9a837d,-114.063847,51.121305
5529,SB Centre ST S @ 61 AV S,ACTIVE,2026-09-29T19:46:12.000Z,2026-09-29T19:46:12.000Z,dd86cff0-9286-4649-9266-e5d2215b18c2,-114.0639197,50.997566
5371,NB Harvest Hills BV @ Harvest Oak GA NE,ACTIVE,2026-09-29T19:46:12.000Z,2026-09-29T19:46:12.000Z,dbf0fc81-5014-4716-a733-65631db36da0,-114.0639232,51.1462315
8510,WB Shawville GA @ Shawville BV SE,ACTIVE,2026-09-29T19:46:12.000Z,2026-09-29T19:46:12.000Z,9971bd21-b1cd-451a-abc2-70cbb1f446e1,-114.0639398,50.8994391
8680,WB Shawville GA @ Shawville BV SE,ACTIVE,2026-09-29T19:46:12.000Z,2026-09-29T19:46:12.000Z,3cc5a3ba-fed7-4845-826a-bea7e0e365b3,-114.0639428,50.8993915
5989,SB Centre ST S @ 60 AV S,ACTIVE,2026-09-29T19:46:12.000Z,2026-09-29T19:46:12.000Z,9aa2d88f-877f-4e7c-b755-fb53955071a5,-114.0639431,50.9987072
7734,SB Centre ST S @ 58 AV S,ACTIVE,2026-09-29T19:46:12.000Z,2026-09-29T19:46:12.000Z,71df9bfa-8340-4031-bd99-f418e78b24c6,-114.0639436,51.0009559
4811,SB Fairmount DR @  Franklin DR SE,ACTIVE,2026-09-29T19:46:12.000Z,2026-09-29T19:46:12.000Z,453600d3-88ea-43a5-8a4b-189551a2f9fd,-114.063958,50.9892179
6712,SB Centre ST S @ 61 AV S,ACTIVE,2026-09-29T19:46:12.000Z,2026-09-29T19:46:12.000Z,c7627b38-22dc-4142-8cd5-c5517da4d596,-114.0639593,50.9973224
2989,WB 64 AV NW @ Centre ST N,ACTIVE,2026-09-29T19:46:12.000Z,2026-09-29T19:46:12.000Z,221128e6-7782-445a-b787-01fc6f029e52,-114.0639613,51.110784
7276,SB Centre ST S @ Glenmore TR S,ACTIVE,2026-09-29T19:46:12.000Z,2026-09-29T19:46:12.000Z,773d83c1-7f65-4293-97a5-da24ca63257d,-114.0639638,50.994543
7277,SB Centre ST S @ Glenmore TR S,ACTIVE,2026-09-29T19:46:12.000Z,2026-09-29T19:46:12.000Z,f62fc119-abf2-4f1e-917a-499672d2e02c,-114.0639638,50.994543
5556,NB Macleod TR @ 42 AV SE,ACTIVE,2026-09-29T19:46:12.000Z,2026-09-29T19:46:12.000Z,bb7a14fc-9adb-4eae-9a13-dfac6cc93a62,-114.063974,51.0164964
5530,SB Fairmount DR @ Farrell RD SE,ACTIVE,2026-09-29T19:46:12.000Z,2026-09-29T19:46:12.000Z,e7817b73-798c-43a6-9dc5-98eb4863cea1,-114.0639814,50.991782
4286,NB Harvest Hills BV @ Harvest Oak GA NE,ACTIVE,2026-09-29T19:46:12.000Z,2026-09-29T19:46:12.000Z,40e97fcc-0cf5-4d7c-ba56-c708f9218235,-114.0640171,51.1462159
5329,WB 11 AV S @ Centre ST,ACTIVE,2026-09-29T19:46:12.000Z,2026-09-29T19:46:12.000Z,dc2aa0e0-49a5-4c12-85d7-521819f0fefe,-114.064086,51.0424711
8509,SB Shawville BV @ Shawville LI SE,ACTIVE,2026-09-29T19:46:12.000Z,2026-09-29T19:46:12.000Z,e5cbc68b-94f8-4f06-972a-ab2f8ccc91af,-114.0642016,50.9007706
6334,WB 6 AV SW @ E. of 1 ST SW,ACTIVE,2026-09-29T19:46:12.000Z,2026-09-29T19:46:12.000Z,38c1df8b-573b-4e70-90db-49f46cc9ea9c,-114.0642274,51.0475883
5859,SB Shawville BV @ Shawville Link SE,ACTIVE,2026-09-29T19:46:12.000Z,2026-09-29T19:46:12.000Z,2fc3c4c1-25c5-4ce9-a2c3-a37c7755e1be,-114.0642647,50.9007857
5552,WB 61 AV S @ Centre ST S,ACTIVE,2026-09-29T19:46:12.000Z,2026-09-29T19:46:12.000Z,2a04bc07-94e7-48f3-b8a6-ae89603cd486,-114.0642851,50.9978073
7534,SB Centre ST N @ 68 AV N,ACTIVE,2026-09-29T19:46:12.000Z,2026-09-29T19:46:12.000Z,0c480061-fa99-4036-9d7c-75444e2f82e4,-114.0643819,51.1130972
4287,SB Harvest Hills BV @ Harvest Oak GA NE,ACTIVE,2026-09-29T19:46:12.000Z,2026-09-29T19:46:12.000Z,5b9c22a5-93c7-45d2-8e05-d616417abdf6,-114.0643904,51.1465311
4393,WB Heritage DR @ Fairview DR SE,ACTIVE,2026-09-29T19:46:12.000Z,2026-09-29T19:46:12.000Z,2a9d66e2-da1f-4e2a-959e-ec01e8238a7e,-114.0643905,50.9796581
6823,WB 1 Street SW Station (Free Fare Zone),ACTIVE,2026-09-29T19:46:12.000Z,2026-09-29T19:46:12.000Z,2913f222-7752-4dbb-8de4-5f6eb4768260,-114.0643968,51.0465806
9983,WB 6 AV SW @ E. of 1 ST SW,ACTIVE,2026-09-29T19:46:12.000Z,2026-09-29T19:46:12.000Z,67ee831d-d168-4160-ae10-51543277f943,-114.06443,51.0476338
8332,SB Harvest Hills BV @ Harvest Oak GA NE,ACTIVE,2026-09-29T19:46:12.000Z,2026-09-29T19:46:12.000Z,2429343b-90c5-458f-bb2e-e1b0d6800af5,-114.0644623,51.1465239
9332,NB Bonaventure DR @ 129 AV SE,ACTIVE,2026-09-29T19:46:12.000Z,2026-09-29T19:46:12.000Z,d3ac022e-1a55-4a56-9ed9-4d00f47c06e0,-114.06447,50.9370688
7738,WB 58 AV S @ Centre ST S,ACTIVE,2026-09-29T19:46:12.000Z,2026-09-29T19:46:12.000Z,1999fe27-a84a-45fd-9565-f9ebfd0ef86f,-114.0644806,51.0014822
5372,NB Harvest Hills BV @ Harvest Oak DR NE,ACTIVE,2026-09-29T19:46:12.000Z,2026-09-29T19:46:12.000Z,dbc0fe6f-58ad-484d-ac59-cab51134ebd2,-114.0646908,51.1521604
4267,Country Hills Boulevard Station (NB),ACTIVE,2026-09-29T19:46:12.000Z,2026-09-29T19:46:12.000Z,a4b89845-9df5-4d28-bbc3-31a939563af5,-114.0647342,51.1521525
9318,NB Bonaventure DR @ Lake Simcoe CR SE,ACTIVE,2026-09-29T19:46:12.000Z,2026-09-29T19:46:12.000Z,40a51960-d909-4f69-9ee5-517f6d99c048,-114.0647383,50.9348448
7535,NB Centre ST N @ 68 AV N,ACTIVE,2026-09-29T19:46:12.000Z,2026-09-29T19:46:12.000Z,6baedf45-ef57-47f7-9cfe-6298b466f94d,-114.064782,51.1137729
4801,SB Macleod TR @ 42 AV SW,ACTIVE,2026-09-29T19:46:12.000Z,2026-09-29T19:46:12.000Z,d58b750d-252a-4c7d-b5c1-637d6f4b75c9,-114.064834,51.0155231
2175,EB Belmont BV @ Belmont DR,ACTIVE,2026-09-29T19:46:12.000Z,2026-09-29T19:46:12.000Z,ff830449-9706-4988-a70a-9757e7b273d8,-114.0648607,50.8703281
8512,NB Shawville BV @ Shawville RD SE,ACTIVE,2026-09-29T19:46:12.000Z,2026-09-29T19:46:12.000Z,80e3004b-0af7-4c48-86a0-f57aaeb70f97,-114.0648747,50.9023941
9393,NB Shawville BV @ Shawville RD SE,ACTIVE,2026-09-29T19:46:12.000Z,2026-09-29T19:46:12.000Z,1b535bf0-c80b-46a2-b8a1-d12b87db2557,-114.0648758,50.9023761
2164,EB Shawville GA @ Shawville LI SE,ACTIVE,2026-09-29T19:46:12.000Z,2026-09-29T19:46:12.000Z,22c52a7d-1e4b-4236-9374-167be9e3788c,-114.0649827,50.8989373
2701,NB Shawville BV @ Shawville RD SE,ACTIVE,2026-09-29T19:46:12.000Z,2026-09-29T19:46:12.000Z,00755f16-67e1-4e6f-989d-239d7f630822,-114.0649983,50.9025771
7961,EB Bonaventure DR @ E. Fairmont DR SE,ACTIVE,2026-09-29T19:46:12.000Z,2026-09-29T19:46:12.000Z,dcdd1e08-9158-40fe-a320-4faa30d0b310,-114.0650344,50.9538677
6473,NB  Lake Bonavista DR @ Lake Willow RD SE,ACTIVE,2026-09-29T19:46:12.000Z,2026-09-29T19:46:12.000Z,f0c1afc3-aa2d-4111-915d-9641b1bb04fa,-114.0650384,50.9440902
7038,EB Bonaventure DR @ W. of Fairmount DR SE,ACTIVE,2026-09-29T19:46:12.000Z,2026-09-29T19:46:12.000Z,8596694d-2af0-431a-993c-a7d73b6d1c52,-114.0650469,50.953895
7960,EB Bonaventure DR @ Southcentre Mall (EB),ACTIVE,2026-09-29T19:46:12.000Z,2026-09-29T19:46:12.000Z,0a3c097f-2c20-4e4f-85af-32bf9d32952f,-114.0650469,50.953895
5115,WB 6 AV SW @ 1 ST SW,ACTIVE,2026-09-29T19:46:12.000Z,2026-09-29T19:46:12.000Z,57a95e98-f55c-4501-afa7-434707cc7433,-114.0651067,51.0475852
9143,SB Lake Bonavista DR @ Lake Willow RD SE,ACTIVE,2026-09-29T19:46:12.000Z,2026-09-29T19:46:12.000Z,307b1ec7-299d-4448-900f-481ec5109eff,-114.065107,50.9434533
3475,WB Mission Rd @ 34 AV SW,ACTIVE,2026-09-29T19:46:12.000Z,2026-09-29T19:46:12.000Z,9bdfb054-1029-454c-826c-58f4e5f78c8d,-114.0651362,51.0229057
2025,Crescent Heights High School,ACTIVE,2026-09-29T19:46:12.000Z,2026-09-29T19:46:12.000Z,7913caa3-2d24-4385-af3d-19903fdfe069,-114.0651529,51.0609977
112112,Crescent Heights High School,ACTIVE,2026-09-29T19:46:12.000Z,2026-09-29T19:46:12.000Z,d21e0dee-3a0f-414e-82f2-51f894c721d6,-114.0651724,51.0609379
5300,NB 1 ST SW @ 6 AV SW,ACTIVE,2026-09-29T19:46:12.000Z,2026-09-29T19:46:12.000Z,f08c0e14-70a7-45a5-b516-5898e0f1de42,-114.065176,51.0477965
6414,EB 90 AV SE @ Bonaventure DR SE,ACTIVE,2026-09-29T19:46:12.000Z,2026-09-29T19:46:12.000Z,1b8dba0d-df43-4663-b34d-d423a5007e75,-114.0652176,50.9721951
3815,WB Coventry Hills RD @ E. of Country Village LI NE,ACTIVE,2026-09-29T19:46:12.000Z,2026-09-29T19:46:12.000Z,7ead4542-22e2-4312-adba-6622bd4e6a37,-114.0652544,51.1606296
9316,SB Lake Fraser DR @ Canyon Meadows DR SE,ACTIVE,2026-09-29T19:46:12.000Z,2026-09-29T19:46:12.000Z,a3c2d45f-ce48-4c12-abda-caef82725fbd,-114.0652835,50.9325162
6916,NB Lake Fraser DR @ N. of Canyon Meadows DR SE,ACTIVE,2026-09-29T19:46:12.000Z,2026-09-29T19:46:12.000Z,7ab9d446-28d7-4c4e-893d-f620cd513433,-114.0653156,50.9312379
5303,NB 1 ST SW @ 7 AV SW,ACTIVE,2026-09-29T19:46:12.000Z,2026-09-29T19:46:12.000Z,ef0ed556-83e4-4606-9a8b-3439e85dde1a,-114.0653496,51.0464067
5833,NB 1 ST SW @ 8 AV SW farside,ACTIVE,2026-09-29T19:46:12.000Z,2026-09-29T19:46:12.000Z,7326a1aa-f17a-4fd5-b16c-7a84a2b7d6c7,-114.0653586,51.0460381
8074,SB 1 ST SW @ 4 AV SW,ACTIVE,2026-09-29T19:46:12.000Z,2026-09-29T19:46:12.000Z,810664f1-12b6-4146-9aeb-4917d91eb9e1,-114.0653769,51.0491328
9328,NB Lake Bonavista DR @ Lake Wasa GR SE,ACTIVE,2026-09-29T19:46:12.000Z,2026-09-29T19:46:12.000Z,76687a6c-017a-4091-8a24-a71595deb86c,-114.0654074,50.9461414
4804,NB Macleod TR @ 45 AV SW,ACTIVE,2026-09-29T19:46:12.000Z,2026-09-29T19:46:12.000Z,7d4441ad-c853-4755-a209-7b205bfe6af3,-114.0654167,51.0132981
5299,NB 1 ST SW @ 8 AV SW,ACTIVE,2026-09-29T19:46:12.000Z,2026-09-29T19:46:12.000Z,5f5ed7be-35ac-435a-8515-3c00d9e04ae0,-114.0654217,51.0452661
3392,1st Street SW,ACTIVE,2026-09-29T19:46:12.000Z,2026-09-29T19:46:12.000Z,03878dd3-24e5-435c-a056-fc0a91602778,-114.0654743,51.0466688
7315,NB 1 ST SW @ 10 AV SW,ACTIVE,2026-09-29T19:46:12.000Z,2026-09-29T19:46:12.000Z,5be0e648-13d3-4608-ad4c-95f73f452920,-114.0655409,51.0431553
2491,SB 1 ST @ 6 AV SW,ACTIVE,2026-09-29T19:46:12.000Z,2026-09-29T19:46:12.000Z,03cba4fb-4777-4484-a647-2601d91519a5,-114.0655646,51.0472936
7337,SB 1 ST SW @ 8 AV SW,ACTIVE,2026-09-29T19:46:12.000Z,2026-09-29T19:46:12.000Z,8a01c859-2d47-4786-b5e5-fdeb7cc2c578,-114.0655733,51.0457565
6804,NB Chinook CTrain Station,ACTIVE,2026-09-29T19:46:12.000Z,2026-09-29T19:46:12.000Z,60d0f63e-0e2b-4a37-8e53-cfc28afe9dda,-114.0655892,50.9974713
7845,SB 1 ST SW @ 6 AV SW,ACTIVE,2026-09-29T19:46:12.000Z,2026-09-29T19:46:12.000Z,05f433aa-2ca8-4704-9485-5cc06d073e8c,-114.065592,51.0473122
5580,SB 1 ST SW @ 8 AV SW,ACTIVE,2026-09-29T19:46:12.000Z,2026-09-29T19:46:12.000Z,292f4368-8047-48c6-a562-54ca87a20232,-114.0656082,51.045815
6463,SB Lake Bonavista DR @ Lake Aspen RD SE,ACTIVE,2026-09-29T19:46:12.000Z,2026-09-29T19:46:12.000Z,7b5baee9-d6d3-4277-a96d-ebe101375794,-114.0656246,50.9460839
4266,Country Hills Boulevard Station (SB),ACTIVE,2026-09-29T19:46:12.000Z,2026-09-29T19:46:12.000Z,e55496e6-1130-4f1c-870d-74f09527268c,-114.065684,51.1522861
5831,SB Shawville BV @ 162 AV SE,ACTIVE,2026-09-29T19:46:12.000Z,2026-09-29T19:46:12.000Z,43cd6509-013f-41d3-a43d-720e2a8f227c,-114.0656946,50.9031091
7007,SB Harvest Hills BV @ Country Hills BV NW,ACTIVE,2026-09-29T19:46:12.000Z,2026-09-29T19:46:12.000Z,42f059cd-ee4f-4a38-920d-d1af30a3bc7f,-114.0657115,51.152303
8508,SB Shawville BV @ 162 AV SE,ACTIVE,2026-09-29T19:46:12.000Z,2026-09-29T19:46:12.000Z,43495f9a-5997-40bd-bb9e-1e7db331b199,-114.0657158,50.9031349
9589,NB Country Hills DR @ Country Hills  PL NW,ACTIVE,2026-09-29T19:46:12.000Z,2026-09-29T19:46:12.000Z,e946087f-aea7-4aba-9518-be222f1c8745,-114.065727,51.1480038
5327,NB 1 ST SW @ 13 AV SW ns,ACTIVE,2026-09-29T19:46:12.000Z,2026-09-29T19:46:12.000Z,8ef1d3e1-4ff1-4b9a-a46b-c6cbcffac142,-114.0657285,51.0403914
7008,EB 5 AV SW @ 1 ST SW,ACTIVE,2026-09-29T19:46:12.000Z,2026-09-29T19:46:12.000Z,9d90e5b2-dab0-4c23-8cf7-bce6d4a8ae9b,-114.0657409,51.0483414
7840,SB 1 ST SW @ 10 AV SW,ACTIVE,2026-09-29T19:46:12.000Z,2026-09-29T19:46:12.000Z,6a5876c8-1825-4466-b063-6c36367344ad,-114.0657905,51.0430446
8559,SB Chinook CTrain Station,ACTIVE,2026-09-29T19:46:12.000Z,2026-09-29T19:46:12.000Z,cc241df2-82ef-46a0-8971-2b8f9ca794f1,-114.0658465,50.9974598
5385,EB 5 AV SW @ 1 ST SW,ACTIVE,2026-09-29T19:46:12.000Z,2026-09-29T19:46:12.000Z,0aac760b-4972-4bf3-b380-f185cf50f4f1,-114.0659085,51.0483996
5325,NB 1 ST SW @ 17 AV SW,ACTIVE,2026-09-29T19:46:12.000Z,2026-09-29T19:46:12.000Z,e5d75cb3-882a-4a4a-8047-2757f2aa08ab,-114.0659113,51.0381994
6917,NB Lake Fraser DR @ S. of Canyon Meadows  LRT Stn,ACTIVE,2026-09-29T19:46:12.000Z,2026-09-29T19:46:12.000Z,f05d8b1e-e71d-4db8-958b-7716d2fe97a6,-114.065915,50.9345586
8076,SB 1 ST SW @ 13 AV SW ns,ACTIVE,2026-09-29T19:46:12.000Z,2026-09-29T19:46:12.000Z,af48360c-ac20-4b4c-984c-e9f71fb5e1b5,-114.0659578,51.0406913
5573,EB Mission RD @ 34 AV SW,ACTIVE,2026-09-29T19:46:12.000Z,2026-09-29T19:46:12.000Z,8d6601d5-2980-47f5-b82f-5d079e4057f2,-114.0660045,51.0229554
2959,EB Livingston VW NE @ Livingston WY NE,ACTIVE,2026-09-29T19:46:12.000Z,2026-09-29T19:46:12.000Z,e729e53e-a982-4003-a85f-33eac8904eda,-114.0660289,51.1897696
4097,EB Country Village WY @ E.of Country Village LI NE,ACTIVE,2026-09-29T19:46:12.000Z,2026-09-29T19:46:12.000Z,878cd4bd-9578-4a07-8446-e967860463c4,-114.0660359,51.1562058
7817,EB 25 AV SW @ 1 ST SW,ACTIVE,2026-09-29T19:46:12.000Z,2026-09-29T19:46:12.000Z,2d67fa03-01e2-42f9-95d4-a34ebb02d402,-114.0660769,51.030387
6447,WB 90 AV SE @ Bonaventure DR SE,ACTIVE,2026-09-29T19:46:12.000Z,2026-09-29T19:46:12.000Z,e9dfeb50-3028-45ab-8263-79c0acc503ca,-114.0660921,50.972334
7957,WB Bonaventure DR @  Southcentre Mall (WB),ACTIVE,2026-09-29T19:46:12.000Z,2026-09-29T19:46:12.000Z,c8e52b2a-4ec3-419e-ac07-3c74fa91fced,-114.0660986,50.9543802
4805,NB Macleod TR @ 46 AV SW,ACTIVE,2026-09-29T19:46:12.000Z,2026-09-29T19:46:12.000Z,231eac9e-7fb0-47c0-a705-5a9e57112cd3,-114.0661617,51.0116617
5268,EB 78 AV NE @ Huntham RD NE,ACTIVE,2026-09-29T19:46:12.000Z,2026-09-29T19:46:12.000Z,725c1912-aff0-49a3-91dc-3c9a6ab0468f,-114.0662089,51.121833
8670,WB 25 AV SW @ 1 ST SW,ACTIVE,2026-09-29T19:46:12.000Z,2026-09-29T19:46:12.000Z,e528bb6e-785a-4498-aa39-9f099307d427,-114.066212,51.0305073
4800,SB Macleod TR @ 45 AV SW,ACTIVE,2026-09-29T19:46:12.000Z,2026-09-29T19:46:12.000Z,e21f194a-51c1-4a62-af71-daf2e4927b3b,-114.0662387,51.0124732
2963,WB 144 AV NE @ Livingston GA NE,ACTIVE,2026-09-29T19:46:12.000Z,2026-09-29T19:46:12.000Z,e1d3256d-fd7b-4a32-a731-4ece3b312b3e,-114.0662509,51.1835499
4118,NB Shawville BV @ 162 AV SE,ACTIVE,2026-09-29T19:46:12.000Z,2026-09-29T19:46:12.000Z,6fbf5acf-c3a4-46d8-9afc-b976b9f3ef40,-114.0662515,50.9047045
9103,SB Lake Fraser DR @ N. of Canyon Meadows DR SE,ACTIVE,2026-09-29T19:46:12.000Z,2026-09-29T19:46:12.000Z,118c02ef-28ee-4cad-bc09-5790c173a7d6,-114.0662837,50.9338132
2697,WB Belmont BV @ Belmont DR,ACTIVE,2026-09-29T19:46:12.000Z,2026-09-29T19:46:12.000Z,91fcd845-8e5f-43ae-9617-2009a673fef4,-114.0662982,50.8706404
8099,EB Beddington DR @ Beddington RI NE,ACTIVE,2026-09-29T19:46:12.000Z,2026-09-29T19:46:12.000Z,fae0efbb-8eca-43d6-aaae-cdd5c88719cb,-114.0663134,51.1288417
7255,SB Bannister RD @ 153 AV SE,ACTIVE,2026-09-29T19:46:12.000Z,2026-09-29T19:46:12.000Z,4c784c46-6f08-414c-b851-65c72f815ac7,-114.0663221,50.9148886
5553,Chinook LRT Station SB,ACTIVE,2026-09-29T19:46:12.000Z,2026-09-29T19:46:12.000Z,2a345855-f7db-405e-9a97-d5da9554ddf5,-114.0663606,50.9971282
5972,WB Bonaventure DR@ W. of Fairmount DR SE,ACTIVE,2026-09-29T19:46:12.000Z,2026-09-29T19:46:12.000Z,3b07e99b-b4fd-4934-908b-49d2bdfc0bfc,-114.06642,50.9544782
9330,WB Bonaventure Dr @ W. of Fairmount DR SE,ACTIVE,2026-09-29T19:46:12.000Z,2026-09-29T19:46:12.000Z,6bd36ebf-8952-4175-95df-43e49065caa0,-114.06642,50.9544782
6602,SB Shawville LI @ Shawville WY SE,ACTIVE,2026-09-29T19:46:12.000Z,2026-09-29T19:46:12.000Z,700afbcd-7f3d-45d5-a368-97f8c303d85c,-114.0665336,50.8993145
2249,SB Shawville LI @ Shawville WY SE,ACTIVE,2026-09-29T19:46:12.000Z,2026-09-29T19:46:12.000Z,fdaa2665-6328-49e4-996b-e2e76e4bad82,-114.0665505,50.8993168
8452,SB Country Hills DR @ Country Hills GV NW,ACTIVE,2026-09-29T19:46:12.000Z,2026-09-29T19:46:12.000Z,150064bb-17ff-4759-9a54-7625d56e3922,-114.0665727,51.1475214
5287,WB 17 AV SW@ 1 ST SW,ACTIVE,2026-09-29T19:46:12.000Z,2026-09-29T19:46:12.000Z,758b8473-c126-4a43-ac2e-2ad6065728e1,-114.0666001,51.0379109
5265,WB 78 AV NE @ Huntham RD NE,ACTIVE,2026-09-29T19:46:12.000Z,2026-09-29T19:46:12.000Z,f2ec5025-8065-47d8-9911-4039425497ed,-114.0666469,51.1222299
7024,Chinook LRT Station WB,ACTIVE,2026-09-29T19:46:12.000Z,2026-09-29T19:46:12.000Z,b8e5f590-cf2d-4717-a5a3-b0423f191dce,-114.0666537,50.997543
6374,Chinook LRT Station EB,ACTIVE,2026-09-29T19:46:12.000Z,2026-09-29T19:46:12.000Z,2841d64b-b6f0-4245-a4f4-3459cd1976d8,-114.0667105,50.9970947
5084,EB 5 AV SW @ 2 ST SW,ACTIVE,2026-09-29T19:46:12.000Z,2026-09-29T19:46:12.000Z,b059e70e-2973-4f2a-ae63-f524a1a092eb,-114.0667194,51.0484379
9408,EB 16 AV NW @ 2 ST NW,ACTIVE,2026-09-29T19:46:12.000Z,2026-09-29T19:46:12.000Z,6d867c6f-609d-403b-a89d-9b5d1ec24b5a,-114.0667693,51.0668337
4564,EB 5 AV SW @ 2 ST SW,ACTIVE,2026-09-29T19:46:12.000Z,2026-09-29T19:46:12.000Z,0842e268-e8ef-42b6-baca-be9f25900d2a,-114.066777,51.0484304
9302,NB Bannister RD @ 153 AV SE,ACTIVE,2026-09-29T19:46:12.000Z,2026-09-29T19:46:12.000Z,e11df6e4-e917-40b5-8f3b-53a6a601991d,-114.0667993,50.9158991
5990,Chinook LRT Station WB,ACTIVE,2026-09-29T19:46:12.000Z,2026-09-29T19:46:12.000Z,9cf8e372-c623-412b-ad72-0d6033d8e1f6,-114.0668427,50.9974848
3800,EB Country Village RD @ Country Village  LI NE,ACTIVE,2026-09-29T19:46:12.000Z,2026-09-29T19:46:12.000Z,f56ea2f7-349b-434b-894c-b3dbc926dcdc,-114.066907,51.1602843
8507,EB Shawville BV @ Shawville RI SE,ACTIVE,2026-09-29T19:46:12.000Z,2026-09-29T19:46:12.000Z,9b75c546-1c03-456d-a263-c77db6aa182b,-114.0669585,50.9054509
8362,EB Country Hills DR @ Country Hills WY NW,ACTIVE,2026-09-29T19:46:12.000Z,2026-09-29T19:46:12.000Z,b79d8c72-ed41-457a-baf0-d954384c80eb,-114.0669718,51.1502478
4854,EB 12 AV NW @ 2 ST NW,ACTIVE,2026-09-29T19:46:12.000Z,2026-09-29T19:46:12.000Z,4423e967-b5dd-46dd-b2bf-05a66afe65f8,-114.0669783,51.063304
6451,Chinook LRT Station EB,ACTIVE,2026-09-29T19:46:12.000Z,2026-09-29T19:46:12.000Z,50b7e991-e965-4c40-bf4c-b69cc3fe64c4,-114.0669957,50.9970929
4085,WB Country Village WY @ Country Village LINK NE,ACTIVE,2026-09-29T19:46:12.000Z,2026-09-29T19:46:12.000Z,941504d3-1f5e-462f-8e1b-f0d7964396ed,-114.0670251,51.1566435
8072,EB 3 AV SW @ 2 ST SW,ACTIVE,2026-09-29T19:46:12.000Z,2026-09-29T19:46:12.000Z,1a6f360c-fea2-425e-96fd-5fceb90eeaed,-114.0670693,51.0503536
6342,Chinook LRT Station WB,ACTIVE,2026-09-29T19:46:12.000Z,2026-09-29T19:46:12.000Z,8ede0eb1-91a5-446f-b3e3-5b4c9966cfdd,-114.0670772,50.9973828
9274,WB 72 AV NE @ Huntridge GA,ACTIVE,2026-09-29T19:46:12.000Z,2026-09-29T19:46:12.000Z,de05873a-d0db-44af-980f-f806fc1e66b5,-114.0670874,51.1184361
8526,SB Shawville BV @ Shalom WY SE,ACTIVE,2026-09-29T19:46:12.000Z,2026-09-29T19:46:12.000Z,fa86264d-7fa7-44e7-afec-84f35d870615,-114.0671939,50.9073637
6159,WB Beddington BV @ Bedridge WY NE,ACTIVE,2026-09-29T19:46:12.000Z,2026-09-29T19:46:12.000Z,ded00182-63ec-44a3-a661-b82b4f8b88a0,-114.0672108,51.1252843
6122,EB Heritage DR @ Bonaventure DR SE,ACTIVE,2026-09-29T19:46:12.000Z,2026-09-29T19:46:12.000Z,3da72f46-14fd-47c2-b65f-53aaf089bef2,-114.0672368,50.9794868
5528,Chinook LRT Station NB,ACTIVE,2026-09-29T19:46:12.000Z,2026-09-29T19:46:12.000Z,e1da8c6b-c6a2-4589-9b07-a52114aa09fd,-114.0673419,50.9972545
4102,NB Harvest Hills BV @ Country Hill BV NE,ACTIVE,2026-09-29T19:46:12.000Z,2026-09-29T19:46:12.000Z,61b5f3ee-32c2-466f-bd40-f1f359adc331,-114.0673774,51.1542247
7533,SB Centre ST N @ 68 AV N,ACTIVE,2026-09-29T19:46:12.000Z,2026-09-29T19:46:12.000Z,4ea3adac-0d68-45ae-a3c9-e597150b3b8e,-114.0674036,51.1154758
6681,SB Lake Fraser DR @ S. of Lake Fraser GA SE,ACTIVE,2026-09-29T19:46:12.000Z,2026-09-29T19:46:12.000Z,04a9b5de-4e93-4d18-85b8-5f1ffe77367c,-114.0674098,50.9385369
9299,EB Shawville GA @ W. of Shawville LI SE,ACTIVE,2026-09-29T19:46:12.000Z,2026-09-29T19:46:12.000Z,ae35c48e-232d-4027-b94a-f08d640042ce,-114.067441,50.8984558
2891,Canyon Meadows LRT Station NB,ACTIVE,2026-09-29T19:46:12.000Z,2026-09-29T19:46:12.000Z,c15f5d86-1212-4a6a-9171-c201a93cbc46,-114.0674654,50.9368617
5118,WB 6 AV SW @ 2 ST SW,ACTIVE,2026-09-29T19:46:12.000Z,2026-09-29T19:46:12.000Z,f40c16a4-2ba8-4d2f-9c79-1f77d12382ff,-114.0674664,51.0476831
9155,Canyon Meadows LRT Station EB,ACTIVE,2026-09-29T19:46:12.000Z,2026-09-29T19:46:12.000Z,2e5d85c9-7e0f-4118-b6e4-120a6f5954a7,-114.0674916,50.936785
6114,EB Southland DR @ Bonaventure DR SE,ACTIVE,2026-09-29T19:46:12.000Z,2026-09-29T19:46:12.000Z,6ea88284-b388-4534-852c-cb5bed79ec7e,-114.0675161,50.964886
7715,NB 1A ST SW @ 60 AV SW,ACTIVE,2026-09-29T19:46:12.000Z,2026-09-29T19:46:12.000Z,a050ae85-05b1-4718-9d70-0109cd06fa3d,-114.0675395,50.9993193
3881,WB 4 AV SW @ 2 ST SW,ACTIVE,2026-09-29T19:46:12.000Z,2026-09-29T19:46:12.000Z,4b01887f-e9fb-4547-bf3b-996809b13ebc,-114.0675466,51.0495741
7716,NB 1A ST SW @ 58 AV SW,ACTIVE,2026-09-29T19:46:12.000Z,2026-09-29T19:46:12.000Z,70278d66-5df6-426a-b985-ce426ed45de4,-114.0675644,51.000957
4117,NB Shawville BV @ N. of Shalom WY SE,ACTIVE,2026-09-29T19:46:12.000Z,2026-09-29T19:46:12.000Z,fd4d8904-88f4-40d4-9938-c12b0242c884,-114.0676282,50.9079233
8577,SB Country Hills BV @ Harvest Hills BV N,ACTIVE,2026-09-29T19:46:12.000Z,2026-09-29T19:46:12.000Z,0fe7c8b4-405d-46e8-96d2-888293fdd85d,-114.0676609,51.1527539
7254,SB Bannister RD @ 151 AV SE,ACTIVE,2026-09-29T19:46:12.000Z,2026-09-29T19:46:12.000Z,9df0e3a7-ba48-47d9-b377-99e57fd9ea63,-114.0676617,50.9168922
9590,WB Country Hills DR @ Country Hills RI NW,ACTIVE,2026-09-29T19:46:12.000Z,2026-09-29T19:46:12.000Z,b32504f7-17ec-44c9-977a-0f0101e86a3c,-114.0676881,51.1509044
5555,NB Macleod TR @ 50 AV SW,ACTIVE,2026-09-29T19:46:12.000Z,2026-09-29T19:46:12.000Z,ee1805b4-b2f9-401f-ac3c-2be19234a601,-114.0676891,51.0084709
4457,96th Avenue N Station (NB),ACTIVE,2026-09-29T19:46:12.000Z,2026-09-29T19:46:12.000Z,3a7605dc-5396-451d-91ce-12691d3477bb,-114.0677274,51.1432274
9588,EB Country Hills DR @ Country Hills CI NW,ACTIVE,2026-09-29T19:46:12.000Z,2026-09-29T19:46:12.000Z,18ed32d9-6824-4dd8-8ec2-323ca46bf358,-114.0677428,51.1468851
7536,NB Centre ST N @ 68 AV N,ACTIVE,2026-09-29T19:46:12.000Z,2026-09-29T19:46:12.000Z,cb341967-724f-4966-a042-025969296cfd,-114.067785,51.1162229
9325,SB Lake Fraser DR @ N. of Lake Fraser GA SE,ACTIVE,2026-09-29T19:46:12.000Z,2026-09-29T19:46:12.000Z,00dfb540-65af-4fcb-a9f7-255afa9bcbe9,-114.067825,50.9405353
5524,SB Macleod TR @ 50 AV SW,ACTIVE,2026-09-29T19:46:12.000Z,2026-09-29T19:46:12.000Z,be9be1d1-66af-45a3-a6f8-550a7aa94081,-114.0678476,51.0091225
8333,NB Harvest Hills BV @ 96 AV NE,ACTIVE,2026-09-29T19:46:12.000Z,2026-09-29T19:46:12.000Z,47c638f5-fd5c-48d1-9fde-5abd4cafb7a6,-114.0678552,51.1430831
4593,North Pointe Terminal A,ACTIVE,2026-09-29T19:46:12.000Z,2026-09-29T19:46:12.000Z,a5fd3bae-41a2-4824-aa1a-eb22994b6de7,-114.0678634,51.157385
3462,NB Harvest Hills BV @ Panatella GA NW,ACTIVE,2026-09-29T19:46:12.000Z,2026-09-29T19:46:12.000Z,9e5cf9dc-0b76-4744-a602-c38d83054aee,-114.067875,51.1670097
4100,North Pointe Terminal A,ACTIVE,2026-09-29T19:46:12.000Z,2026-09-29T19:46:12.000Z,20f15426-f360-4576-a39f-7948b6feaef4,-114.0678829,51.1575294
4853,WB 12 AV NW @ 2 ST NW,ACTIVE,2026-09-29T19:46:12.000Z,2026-09-29T19:46:12.000Z,65bfa41a-f7d2-4900-9335-f334989100c6,-114.067883,51.0634436
9303,NB Bannister RD @ 151 AV SE,ACTIVE,2026-09-29T19:46:12.000Z,2026-09-29T19:46:12.000Z,d676ac41-fc5f-42fb-b58f-b2abdfdd0302,-114.0678864,50.9176175
4953,NB Lake Fraser Dr @ N. of Lake Fraser GA SE,ACTIVE,2026-09-29T19:46:12.000Z,2026-09-29T19:46:12.000Z,f064e518-ccd3-486c-bd80-e50cf15014e0,-114.0679302,50.942256
4950,NB Lake Fraser Dr @ Lake Fraser CM SE,ACTIVE,2026-09-29T19:46:12.000Z,2026-09-29T19:46:12.000Z,92a30508-4b43-4d56-8cbe-afc5d6f6202a,-114.0680328,50.9476376
5324,EB 17 AV SW@ 2 ST SW,ACTIVE,2026-09-29T19:46:12.000Z,2026-09-29T19:46:12.000Z,5b83c768-3451-456c-9e1e-f504216dcf24,-114.0680398,51.0377042
7698,SB Shawville BV @ N. of Shalom WY SE,ACTIVE,2026-09-29T19:46:12.000Z,2026-09-29T19:46:12.000Z,e91ed7b3-1663-4a46-a9be-8066a594da35,-114.0680503,50.9079969
4264,EB 90 AV SE @ Bonaventure DR SE,ACTIVE,2026-09-29T19:46:12.000Z,2026-09-29T19:46:12.000Z,d940ed6d-c1e4-42df-9a44-a3ea7acf902e,-114.0680954,50.9721955
7739,WB 58 AV SW @ 2 ST SW,ACTIVE,2026-09-29T19:46:12.000Z,2026-09-29T19:46:12.000Z,faa9d8c2-0c57-45c6-bf8e-8760c7570949,-114.0681755,51.0014401
9199,WB Shawville GA @ W. of Shawville LI SE,ACTIVE,2026-09-29T19:46:12.000Z,2026-09-29T19:46:12.000Z,92c4ec1e-972b-49c1-aa94-b30f55a4b40f,-114.0681761,50.8985283
9429,WB 16 AV NW @ 2 ST NW,ACTIVE,2026-09-29T19:46:12.000Z,2026-09-29T19:46:12.000Z,f4385b3e-0b79-4ce3-9f7b-314e9e4c7a58,-114.0681799,51.067103
9957,EB 5 AV @ 2 ST SW,ACTIVE,2026-09-29T19:46:12.000Z,2026-09-29T19:46:12.000Z,7e59b620-c923-439a-9dde-9e24e3110e74,-114.0682386,51.0484923
9324,SB Lake Fraser DR @ N. End of Avenida PL SE,ACTIVE,2026-09-29T19:46:12.000Z,2026-09-29T19:46:12.000Z,0b183e62-2ba6-4821-9912-a3ffbc3ee866,-114.0682556,50.9427409
6441,SB Bonaventure DR @ Southland DR SE,ACTIVE,2026-09-29T19:46:12.000Z,2026-09-29T19:46:12.000Z,9053b6cf-3915-4f9f-bf32-1e2870a7cc16,-114.0682737,50.9646172
6413,SB Bonaventure DR @ Heritage DR SE,ACTIVE,2026-09-29T19:46:12.000Z,2026-09-29T19:46:12.000Z,cf6ed77c-f898-4529-917d-44e32fa21806,-114.068282,50.9788645
4952,NB Lake Fraser Dr @ Avenida Mall SE,ACTIVE,2026-09-29T19:46:12.000Z,2026-09-29T19:46:12.000Z,12c7593e-87fa-4451-9d18-f42a46d79ef8,-114.0682917,50.943751
2899,North Pointe Terminal G,ACTIVE,2026-09-29T19:46:12.000Z,2026-09-29T19:46:12.000Z,f7da5b21-f617-4bbe-bf06-c58a2875c2e6,-114.0683034,51.1577766
2914,EB 162 AV SE @ Shawville WY SW,ACTIVE,2026-09-29T19:46:12.000Z,2026-09-29T19:46:12.000Z,3cd9ee6d-b321-4ff0-9834-1c6aba45d81a,-114.0683039,50.9033753
4951,NB Lake Fraser Dr @ Lake Fraser CO SE,ACTIVE,2026-09-29T19:46:12.000Z,2026-09-29T19:46:12.000Z,ed0dc440-4284-49fe-811e-55bc92e8750c,-114.0683057,50.9442083
4591,96th Avenue N Station (SB),ACTIVE,2026-09-29T19:46:12.000Z,2026-09-29T19:46:12.000Z,764abdb8-1eac-443a-9a55-90777f549793,-114.0683442,51.1433086
4949,SB Lake Fraser Dr @ Lake Aspen RD SE,ACTIVE,2026-09-29T19:46:12.000Z,2026-09-29T19:46:12.000Z,9f16c524-c1e1-48ae-83de-0a7d73ded37f,-114.0683543,50.9473029
7447,SB Harvest Hills BV @ Country Hills RD NW,ACTIVE,2026-09-29T19:46:12.000Z,2026-09-29T19:46:12.000Z,b0859f04-be37-4473-b407-f78857cbc70f,-114.0683727,51.1432877
4318,NB Country Hills BV @ Country Hills DR NW,ACTIVE,2026-09-29T19:46:12.000Z,2026-09-29T19:46:12.000Z,f9fed633-9c55-4ea7-880e-437cd1b61a1d,-114.0683953,51.1517047
4944,EB 96 AV NE @ Harvest Hills BV,ACTIVE,2026-09-29T19:46:12.000Z,2026-09-29T19:46:12.000Z,47c3667c-d264-40fa-a131-174dc1cc2d5f,-114.0684036,51.1418754
3963,NB Lake Fraser DR @ S. of Lake Fraser GR SE,ACTIVE,2026-09-29T19:46:12.000Z,2026-09-29T19:46:12.000Z,397179f8-da53-4f19-b3bf-1b1f4c265df7,-114.0684135,50.9452095
3498,North Pointe Terminal B,ACTIVE,2026-09-29T19:46:12.000Z,2026-09-29T19:46:12.000Z,b643c1ac-5629-4dab-b426-f1c12f3249ce,-114.0684488,51.15686
4209,NB Bonaventure DR @ 86 AV SE,ACTIVE,2026-09-29T19:46:12.000Z,2026-09-29T19:46:12.000Z,c46a39f2-be9e-4b21-bf3c-7561e019f831,-114.0684638,50.9762974
2958,EB Livingston VW NE @ 1 ST NE,ACTIVE,2026-09-29T19:46:12.000Z,2026-09-29T19:46:12.000Z,1d640cef-e082-40b2-ae1f-ca2f1b0fb6cc,-114.0685277,51.1897531
7253,SB Bannister RD @ 149 AV SE,ACTIVE,2026-09-29T19:46:12.000Z,2026-09-29T19:46:12.000Z,61013162-1396-4d70-9683-90b6f710480f,-114.0685307,50.9186861
4941,EB Shawville WY @ W. of Shawville LI SE,ACTIVE,2026-09-29T19:46:12.000Z,2026-09-29T19:46:12.000Z,ef8b23f6-dd5e-4556-97f8-d7831abbfed6,-114.0685686,50.8997525
4208,NB Bonaventure DR @ 90 AV SE,ACTIVE,2026-09-29T19:46:12.000Z,2026-09-29T19:46:12.000Z,345a830b-e286-4724-9171-bda2d6cedc41,-114.0685758,50.9727112
5178,WB 6 AV SW@ 2 ST SW,ACTIVE,2026-09-29T19:46:12.000Z,2026-09-29T19:46:12.000Z,3b78e947-2ae4-43ab-8cc2-e7569f5c2f28,-114.0685947,51.0476665
4948,SB Lake Fraser Dr @ N.of Lake Fraser CO SE,ACTIVE,2026-09-29T19:46:12.000Z,2026-09-29T19:46:12.000Z,94b132cf-a031-4b41-958c-eec20d1ac0a7,-114.0685993,50.9447464
9304,NB Bannister RD @ 149 AV SE,ACTIVE,2026-09-29T19:46:12.000Z,2026-09-29T19:46:12.000Z,3136d32c-58c3-4762-af53-352a1f41e4a6,-114.0686231,50.91948
4265,SB Bonaventure DR @ 86 AV SE,ACTIVE,2026-09-29T19:46:12.000Z,2026-09-29T19:46:12.000Z,a07d6f6f-20a4-4a3d-85b0-9c0bb7b009d9,-114.0686809,50.9755653
3497,North Pointe Terminal C,ACTIVE,2026-09-29T19:46:12.000Z,2026-09-29T19:46:12.000Z,f990c18b-7447-4bd6-985c-4c4b2df2b74c,-114.0686852,51.1568309
9390,NB Somerset - Bridlewood CTrain Station,ACTIVE,2026-09-29T19:46:12.000Z,2026-09-29T19:46:12.000Z,9099e552-ddc6-4347-9134-cf0e1975c47f,-114.0687017,50.8987664
4583,WB 6 AV SW @ 2 ST SW,ACTIVE,2026-09-29T19:46:12.000Z,2026-09-29T19:46:12.000Z,067ed100-b21e-419e-9ffe-e7a8e92d6422,-114.0687081,51.0476783
2373,EB Country Village RD @ Harvest Hills BV NE,ACTIVE,2026-09-29T19:46:12.000Z,2026-09-29T19:46:12.000Z,309c4fab-af4e-48cc-8560-59b1133f613d,-114.0687308,51.1602617
3788,EB 12 AV SW @ 2 ST SW,ACTIVE,2026-09-29T19:46:12.000Z,2026-09-29T19:46:12.000Z,388995e7-2ba0-498c-b405-ca829936559b,-114.0687417,51.0414997
5581,WB 11 AV SW @ 2 ST SW,ACTIVE,2026-09-29T19:46:12.000Z,2026-09-29T19:46:12.000Z,7f637e81-b2a5-406f-b201-18fdfd004a9e,-114.0687432,51.0426061
6419,NB Bonaventure DR @ Willow Park DR SE,ACTIVE,2026-09-29T19:46:12.000Z,2026-09-29T19:46:12.000Z,3a1e053e-6ffd-4b16-a9ed-865a2fbdc0aa,-114.0687499,50.9584136
4252,NB Bonaventure DR @ 99 AV SE,ACTIVE,2026-09-29T19:46:12.000Z,2026-09-29T19:46:12.000Z,b0db6262-458e-4fd3-8eea-1997bfc17774,-114.0687504,50.961346
8458,EB Country Village RD @ Harvest Hills BV NE,ACTIVE,2026-09-29T19:46:12.000Z,2026-09-29T19:46:12.000Z,c8698007-8f0a-47ed-bb64-4583f6583dcb,-114.0687565,51.1602633
2898,North Pointe Terminal H,ACTIVE,2026-09-29T19:46:12.000Z,2026-09-29T19:46:12.000Z,3ce4672d-ac5b-40ee-b42b-0904736dd95e,-114.0687812,51.1579342
4303,EB Country Village RD @ Harvest Hills BV NE,ACTIVE,2026-09-29T19:46:12.000Z,2026-09-29T19:46:12.000Z,87ec3098-9199-4092-8ef5-1535bbb07bba,-114.068788,51.1602623
2248,EB Shawville WY @ W. of Shawville LI SE,ACTIVE,2026-09-29T19:46:12.000Z,2026-09-29T19:46:12.000Z,1207718d-57d0-44bc-88f5-da6ccd40e7f1,-114.0688047,50.8999113
6120,WB Heritage DR @ Flint RD SE,ACTIVE,2026-09-29T19:46:12.000Z,2026-09-29T19:46:12.000Z,dd51671e-d87b-433d-82e6-d66db7f84a48,-114.0688923,50.9796723
8652,EB 9 AV SW @ 2 ST SW,ACTIVE,2026-09-29T19:46:12.000Z,2026-09-29T19:46:12.000Z,7dae32ae-b1fe-40b2-bb5b-7ca764ffda7d,-114.0688971,51.0446878
6829,EB 3 Street SW Station (Free Fare Zone),ACTIVE,2026-09-29T19:46:12.000Z,2026-09-29T19:46:12.000Z,c5c6105e-a8b0-43e0-8e0d-475373da2ce0,-114.0689181,51.0466132
6578,SB Bonaventure DR @ Willow Park DR SE,ACTIVE,2026-09-29T19:46:12.000Z,2026-09-29T19:46:12.000Z,8a68af63-342b-4588-b171-44dc38f29c1a,-114.0689281,50.9573926
4738,North Pointe Terminal D,ACTIVE,2026-09-29T19:46:12.000Z,2026-09-29T19:46:12.000Z,4fc0ecac-3605-439b-b449-3d6e8aecea87,-114.0689452,51.1567915
4217,SB Bonaventure DR @ 99 AV SE,ACTIVE,2026-09-29T19:46:12.000Z,2026-09-29T19:46:12.000Z,3c02360d-8226-4813-b0fd-7cc1a4a348cf,-114.068949,50.9602266
3883,EB 9 AV SW @ 2 ST SW,ACTIVE,2026-09-29T19:46:12.000Z,2026-09-29T19:46:12.000Z,fdbefa04-7f26-44c8-b97d-581a0b3ca5cd,-114.068954,51.0446892
5956,SB Bonaventure DR @ Willow Park DR SE,ACTIVE,2026-09-29T19:46:12.000Z,2026-09-29T19:46:12.000Z,e76d060f-b5cd-4041-98cb-4814204caae6,-114.0689577,50.9573754
9386,SB Somerset - Bridlewood CTrain Station,ACTIVE,2026-09-29T19:46:12.000Z,2026-09-29T19:46:12.000Z,33e0ce85-24ce-4253-bdc0-c79fb2a1179e,-114.0689595,50.8987369
3461,SB Harvest Hills BV @ Panatella GA NW,ACTIVE,2026-09-29T19:46:12.000Z,2026-09-29T19:46:12.000Z,0ee0d815-c059-4ed5-8efb-780f123b71d5,-114.0689649,51.1665846
2426,EB 61 AV SW @ 3 ST SW,ACTIVE,2026-09-29T19:46:12.000Z,2026-09-29T19:46:12.000Z,186bff7c-0c5b-40e5-b09c-741818901820,-114.0689957,50.9975875
5957,SB Bonaventure DR @ Willow Park DR SE,ACTIVE,2026-09-29T19:46:12.000Z,2026-09-29T19:46:12.000Z,bac1d939-813a-4217-a334-99ceed496cc0,-114.0689969,50.9574303
5526,EB 61 AV SW @ 3 ST SW,ACTIVE,2026-09-29T19:46:12.000Z,2026-09-29T19:46:12.000Z,083d3880-119e-47e6-944c-4515fb66ddaa,-114.0690703,50.9976028
8453,WB Country Hills DR @ Country Hills CR NW,ACTIVE,2026-09-29T19:46:12.000Z,2026-09-29T19:46:12.000Z,bba19185-8c42-4a7f-b346-00056f81c235,-114.0690768,51.1465948
4114,WB Panatela GA @ Harvest Hills BV NE,ACTIVE,2026-09-29T19:46:12.000Z,2026-09-29T19:46:12.000Z,bc7181bb-c405-4330-9dff-da3abf0ffe00,-114.069082,51.16704
2956,NB 1 ST NE @ 144 AV NE,ACTIVE,2026-09-29T19:46:12.000Z,2026-09-29T19:46:12.000Z,8332b71d-0c19-4463-8a58-ac6ab64b8d4d,-114.069084,51.1840788
2957,NB 1 ST NE @ Livingston AV NE,ACTIVE,2026-09-29T19:46:12.000Z,2026-09-29T19:46:12.000Z,de62727b-15ce-4286-afea-b5317ed1ddb8,-114.0690844,51.1870713
8441,EB 5 AV SW @ 3 ST SW,ACTIVE,2026-09-29T19:46:12.000Z,2026-09-29T19:46:12.000Z,e99d4676-7a19-4f2f-be2f-a31944f92ccb,-114.0691016,51.0484528
5525,EB 61 AV SW @ 3 ST SW,ACTIVE,2026-09-29T19:46:12.000Z,2026-09-29T19:46:12.000Z,103af67d-60db-4f6f-b327-1400c29791a0,-114.0691044,50.9975596
7740,EB 58 AV SW @ 3 ST SW,ACTIVE,2026-09-29T19:46:12.000Z,2026-09-29T19:46:12.000Z,09f335ff-076a-4c2c-a194-2e4648d5175a,-114.0691108,51.0013017
8645,EB 5 AV SW @ 3 ST SW,ACTIVE,2026-09-29T19:46:12.000Z,2026-09-29T19:46:12.000Z,7f71e52f-2aea-47f3-9a46-4c8dd2cbb011,-114.0691723,51.0484635
8440,EB 5 AV SW @ 3 ST SW,ACTIVE,2026-09-29T19:46:12.000Z,2026-09-29T19:46:12.000Z,92d5de64-4855-4ecc-b94f-cc96ccbe8a6e,-114.0691848,51.0484908
6637,SB Shawville WY @ Shawville LI SE,ACTIVE,2026-09-29T19:46:12.000Z,2026-09-29T19:46:12.000Z,00b12a9a-ced7-4a56-b8ae-fb0255cb9806,-114.0691857,50.9003437
7532,SB Centre ST N @ 4 ST N,ACTIVE,2026-09-29T19:46:12.000Z,2026-09-29T19:46:12.000Z,10716cd3-03a0-4923-89b0-93adc1dc7c5d,-114.0691863,51.1171126
3496,North Pointe Terminal E,ACTIVE,2026-09-29T19:46:12.000Z,2026-09-29T19:46:12.000Z,b54cbdad-9a00-477d-9407-e786c02ee807,-114.0692028,51.1567674
2174,EB Belmont BV @ Sheriff King ST,ACTIVE,2026-09-29T19:46:12.000Z,2026-09-29T19:46:12.000Z,8cf2c0ba-9135-489e-acc8-c4faede5ed6a,-114.0693484,50.8703303
2897,North Pointe Terminal  I,ACTIVE,2026-09-29T19:46:12.000Z,2026-09-29T19:46:12.000Z,db2f859b-2560-4fc9-aa18-756696ce5a2d,-114.0693654,51.1579021
5238,NB Macleod TR @ 53 AV SW,ACTIVE,2026-09-29T19:46:12.000Z,2026-09-29T19:46:12.000Z,bcce93a7-cce3-4ea3-be17-2df7ef363c54,-114.0693761,51.0059785
1708,WB 64 AV NW @ Travois CR NW,ACTIVE,2026-09-29T19:46:12.000Z,2026-09-29T19:46:12.000Z,bd0dc537-4653-4266-910c-6eb7ce66561e,-114.0693908,51.1107224
3622,Somerset-Bridlewood Stn,ACTIVE,2026-09-29T19:46:12.000Z,2026-09-29T19:46:12.000Z,f539df9b-9fe4-4e57-ace6-1aa1fa4df01d,-114.0693969,50.8984762
8668,WB Shawville GA @ Somervale CO SW,ACTIVE,2026-09-29T19:46:12.000Z,2026-09-29T19:46:12.000Z,6cb1c41e-e154-4bb8-be9c-7eb5c000e662,-114.0694155,50.8982716
9245,SB Bannister RD @ 146 AV SE,ACTIVE,2026-09-29T19:46:12.000Z,2026-09-29T19:46:12.000Z,76931ac1-f22e-4c70-88d0-76249a9a11b3,-114.0694421,50.9209398
2912,SB 1 St NE @ 144 Av NE,ACTIVE,2026-09-29T19:46:12.000Z,2026-09-29T19:46:12.000Z,155803fc-ccf0-4495-b8ad-79eb804eee96,-114.0694512,51.1828485
9297,SB Shawville WY @ 162 AV SE,ACTIVE,2026-09-29T19:46:12.000Z,2026-09-29T19:46:12.000Z,d49c1339-b4a6-4819-969a-702ae358a915,-114.0694866,50.902573
8071,EB 2 AV SW @ 3 ST SW,ACTIVE,2026-09-29T19:46:12.000Z,2026-09-29T19:46:12.000Z,3a5e68b6-1ed1-4e2f-b841-572b6f4454a4,-114.0695458,51.0513603
9294,NB Bannister RD @ 146 AV SE,ACTIVE,2026-09-29T19:46:12.000Z,2026-09-29T19:46:12.000Z,6835d493-9084-44df-abdb-ea23335be208,-114.0695533,50.921887
4317,SB Country Hills BV @ Panorama Hills WY NW,ACTIVE,2026-09-29T19:46:12.000Z,2026-09-29T19:46:12.000Z,99662d53-f84a-4d79-9455-19fc08a3fdfb,-114.0696358,51.1510882
9331,WB Willowpark DR @ Bonaventure DR SE,ACTIVE,2026-09-29T19:46:12.000Z,2026-09-29T19:46:12.000Z,d25ebde7-57b5-4440-8208-2a8a44c69f19,-114.0696762,50.9579511
4103,NB Harvest Hills BV @ Coventry Hills DR NE,ACTIVE,2026-09-29T19:46:12.000Z,2026-09-29T19:46:12.000Z,0f0b7088-4d15-45c9-b7f6-e21f7b752ced,-114.0696906,51.1646626
6336,WB Southland DR @ Bonaventure DR SE,ACTIVE,2026-09-29T19:46:12.000Z,2026-09-29T19:46:12.000Z,8fe9765a-3cd6-4142-91c7-fbeb4187ea49,-114.0696915,50.9651745
9262,NB Canyon Meadows CTrain Station,ACTIVE,2026-09-29T19:46:12.000Z,2026-09-29T19:46:12.000Z,58fa550d-695e-4953-a1e4-2caade379f7b,-114.0696928,50.9364175
4797,Shawnessy LRT Station,ACTIVE,2026-09-29T19:46:12.000Z,2026-09-29T19:46:12.000Z,ae0b6c62-493c-4da3-a681-f2e36c7d155d,-114.0697021,50.9109168
2913,WB 144 Av NE @ 1 St NE,ACTIVE,2026-09-29T19:46:12.000Z,2026-09-29T19:46:12.000Z,47db70a5-61bc-4771-8e60-c2c15f59aa4f,-114.0697175,51.1834776
8472,SB Harvest Hills BV @ Panamount GA NW,ACTIVE,2026-09-29T19:46:12.000Z,2026-09-29T19:46:12.000Z,2d2002b4-9f65-4e80-9fc3-cf8e6dd7a578,-114.0697293,51.1557048
3405,Somerset Bridlewood Terminal,ACTIVE,2026-09-29T19:46:12.000Z,2026-09-29T19:46:12.000Z,7294080a-f5c1-4439-8cb2-feba7c684da8,-114.0697382,50.8984101
4798,Shawnessy LRT Station,ACTIVE,2026-09-29T19:46:12.000Z,2026-09-29T19:46:12.000Z,91ac9e17-9a00-42c8-b957-4808b6df2989,-114.0697589,50.9106934
3623,Somerset Bridlewood Terminal,ACTIVE,2026-09-29T19:46:12.000Z,2026-09-29T19:46:12.000Z,cfbb50b3-1d3b-4b1c-9f77-c5a32ac36103,-114.0697684,50.8986996
4099,SB Harvest Hills BV @ Panamount GA NW,ACTIVE,2026-09-29T19:46:12.000Z,2026-09-29T19:46:12.000Z,eb3f52b5-7b5b-41e1-9cde-0725bb9906de,-114.0697727,51.1556969
5937,WB Willow Park DR @ Bonaventure DR SE,ACTIVE,2026-09-29T19:46:12.000Z,2026-09-29T19:46:12.000Z,a4f59476-2996-4772-918f-c62b878caa8d,-114.0697906,50.957945
7537,NB Centre ST N @ 72 AV N,ACTIVE,2026-09-29T19:46:12.000Z,2026-09-29T19:46:12.000Z,14f464c6-4ed9-47af-8a43-7ad674761c50,-114.0698162,51.1186755
9982,WB 6 AV SW @ 3 ST SW,ACTIVE,2026-09-29T19:46:12.000Z,2026-09-29T19:46:12.000Z,5d22c554-f667-497b-b42a-b9c276d7a7f8,-114.0698189,51.0477152
9051,NB Centre ST N @ 72 AV N,ACTIVE,2026-09-29T19:46:12.000Z,2026-09-29T19:46:12.000Z,5f52cd07-1554-4344-ad1b-3e4f12bde8ff,-114.0698562,51.1187215
5720,WB Willow Park DR@ Bonaventure DR SE,ACTIVE,2026-09-29T19:46:12.000Z,2026-09-29T19:46:12.000Z,470eabe6-ba76-4580-bc71-ac48e85ff836,-114.0698645,50.9579019
2479,NB Harvest Hills BV @ Country Village WY NE,ACTIVE,2026-09-29T19:46:12.000Z,2026-09-29T19:46:12.000Z,30e6bf93-447a-49e5-bd65-c2b1d05bf0c3,-114.0698823,51.157826
9585,WB Country Hills RD @ Harvest Hills BV NW,ACTIVE,2026-09-29T19:46:12.000Z,2026-09-29T19:46:12.000Z,1be62a63-92f2-4a68-a4ee-a9448beb37f2,-114.0698881,51.1428193
8200,WB 6 AV SW @ 3 ST SW,ACTIVE,2026-09-29T19:46:12.000Z,2026-09-29T19:46:12.000Z,52fdc729-8bf8-4e67-9a3f-09b0107415e4,-114.0698901,51.047717
6408,SB Bannister RD @ 145 AV SE,ACTIVE,2026-09-29T19:46:12.000Z,2026-09-29T19:46:12.000Z,07806205-1eda-4a12-a2e9-4bee47c117bc,-114.069899,50.9222735
9295,NB Bannister RD @ North of 146 AV SE,ACTIVE,2026-09-29T19:46:12.000Z,2026-09-29T19:46:12.000Z,9702eef1-eebe-4a81-93b5-641f44acbf60,-114.0699208,50.922991
9264,SB Canyon Meadows CTrain Station,ACTIVE,2026-09-29T19:46:12.000Z,2026-09-29T19:46:12.000Z,36ad8ac7-09e0-46db-ab83-6fd1f2e6fed4,-114.0699356,50.9364056
4145,EB Panatella GA @ Harvest Hills BV NW,ACTIVE,2026-09-29T19:46:12.000Z,2026-09-29T19:46:12.000Z,65a6626d-eef2-4129-8139-e957e0488e84,-114.0699394,51.1670777
3621,Somerset-Bridlewood Stn,ACTIVE,2026-09-29T19:46:12.000Z,2026-09-29T19:46:12.000Z,189ef89a-95b3-4a45-a450-7aa76445f490,-114.0699698,50.8986633
9389,NB Panorama Hills WY @ Panorama Hills LN NW,ACTIVE,2026-09-29T19:46:12.000Z,2026-09-29T19:46:12.000Z,c918159f-156b-4c3a-bb17-e1f0151bf352,-114.0700001,51.1532381
8454,SB Harvest Hills BV @ Country Hills RD NW,ACTIVE,2026-09-29T19:46:12.000Z,2026-09-29T19:46:12.000Z,6dd052ae-bd8e-411c-ba50-5601c1bde3d4,-114.0700274,51.1420654
3488,Shawnessy Station,ACTIVE,2026-09-29T19:46:12.000Z,2026-09-29T19:46:12.000Z,3d879fcc-3442-4beb-9e76-8892bb0312ec,-114.0700558,50.91061
5443,SB Harvest Hills BV @ 96 AV NE,ACTIVE,2026-09-29T19:46:12.000Z,2026-09-29T19:46:12.000Z,a84360ee-016f-4ba4-963c-b9a53f1a0deb,-114.0700588,51.1420428
9727,SB Panorama Hills WY NW @ Panorama Hills CR NW,ACTIVE,2026-09-29T19:46:12.000Z,2026-09-29T19:46:12.000Z,886e483f-24fd-47c8-8725-6d32c19ca5a0,-114.0700959,51.1526288
6113,EB Southland DR @ Macleod TR SE,ACTIVE,2026-09-29T19:46:12.000Z,2026-09-29T19:46:12.000Z,7693abc9-6c05-4000-b4d1-59b76be30bf4,-114.0701641,50.9649075
4796,Shawnessy LRT Station,ACTIVE,2026-09-29T19:46:12.000Z,2026-09-29T19:46:12.000Z,b8f67fba-e13c-43bd-8771-00f5fdf46061,-114.0701737,50.9108837
7590,WB 61 AV SW @ 3 ST SW,ACTIVE,2026-09-29T19:46:12.000Z,2026-09-29T19:46:12.000Z,f6e735c7-f69a-42fd-aa88-36366505f1c5,-114.0701981,50.9978479
4807,SB Macleod TR @  53 AV SW,ACTIVE,2026-09-29T19:46:12.000Z,2026-09-29T19:46:12.000Z,0bd12fd2-b6a1-4463-a78b-c31530c8b1c6,-114.0702747,51.0052257
5554,NB Macleod TR @ 55 AV SW,ACTIVE,2026-09-29T19:46:12.000Z,2026-09-29T19:46:12.000Z,ec031f57-6cd7-43be-9701-a08520a9bedf,-114.0703695,51.0044005
6351,EB 40 AV NW @ 4 ST NW,ACTIVE,2026-09-29T19:46:12.000Z,2026-09-29T19:46:12.000Z,0f0414dd-269a-4af4-a485-91a8a7b8f90e,-114.0703735,51.0877383
2698,NB Sheriff King ST @ Belmont BV,ACTIVE,2026-09-29T19:46:12.000Z,2026-09-29T19:46:12.000Z,ecb4a5c0-5faf-44c6-9625-8b68f3adbef1,-114.0705094,50.8709477
9391,NB Shawnessy CTrain Station,ACTIVE,2026-09-29T19:46:12.000Z,2026-09-29T19:46:12.000Z,c80b4206-b29e-483f-9555-3892afc43da0,-114.070522,50.9107755
2699,NB Sheriff King ST @ Yorkville AV SW,ACTIVE,2026-09-29T19:46:12.000Z,2026-09-29T19:46:12.000Z,93c61443-5d4e-4428-afce-eb312ffc2fe4,-114.070633,50.8748475
9009,WB 4 ST W @ Centre ST N,ACTIVE,2026-09-29T19:46:12.000Z,2026-09-29T19:46:12.000Z,0dff60b5-f5be-4939-90fb-3013ffa5189a,-114.0706441,51.1177878
9392,SB Shawnessy CTrain Station,ACTIVE,2026-09-29T19:46:12.000Z,2026-09-29T19:46:12.000Z,f949cff8-660e-4c7f-a453-c2fc55091dea,-114.0706663,50.9107432
2700,NB Sheriff King ST @ N of 194 AV SW,ACTIVE,2026-09-29T19:46:12.000Z,2026-09-29T19:46:12.000Z,ffc7808d-35f0-4d95-b7e6-061644a43bec,-114.0706759,50.8781291
3005,EB 64 AV NW @ 4 ST NW,ACTIVE,2026-09-29T19:46:12.000Z,2026-09-29T19:46:12.000Z,f0bda549-7b2e-4aba-b14f-ccb4d482876b,-114.0706842,51.1104472
9966,WB 6 AV SW @ 3 ST SW,ACTIVE,2026-09-29T19:46:12.000Z,2026-09-29T19:46:12.000Z,c33dc375-c9d1-4db7-a712-83dd57af832d,-114.0706845,51.0477909
2965,NB Harvest Hills BV @ Country Village RD NE,ACTIVE,2026-09-29T19:46:12.000Z,2026-09-29T19:46:12.000Z,a4c7d92a-1531-4d02-a64e-d27afad63c4e,-114.0706868,51.1608397
9696,NB Harvest Hills BV @ Country Village RD NE,ACTIVE,2026-09-29T19:46:12.000Z,2026-09-29T19:46:12.000Z,f64fcb8b-bca4-4351-8331-39903979384a,-114.0706868,51.1608397
5120,WB 6 AV SW @ 3 ST SW,ACTIVE,2026-09-29T19:46:12.000Z,2026-09-29T19:46:12.000Z,538e331c-b54f-4be7-a38e-b362e1ae1409,-114.0707075,51.0477429
8070,EB 17 AV SW @ 4 ST SW,ACTIVE,2026-09-29T19:46:12.000Z,2026-09-29T19:46:12.000Z,14400a38-0e76-4279-a021-4fe9b3d87242,-114.0707769,51.0377369
3929,NB Sheriff King ST @ Silverado WY SW,ACTIVE,2026-09-29T19:46:12.000Z,2026-09-29T19:46:12.000Z,21ff9709-a479-41fc-acd2-36618318644f,-114.0708646,50.8816248
6199,EB Beddington DR @ Centre ST N,ACTIVE,2026-09-29T19:46:12.000Z,2026-09-29T19:46:12.000Z,13ea0cdb-9878-40b7-ae5b-4e29540cae9e,-114.0708679,51.1289289
9407,4th Street NW Station (EB),ACTIVE,2026-09-29T19:46:12.000Z,2026-09-29T19:46:12.000Z,e33504e7-2104-4903-a0ab-bdf854c41a58,-114.0709666,51.0667628
2964,SB Harvest Hills BV @ Panatella BV NW,ACTIVE,2026-09-29T19:46:12.000Z,2026-09-29T19:46:12.000Z,a7161696-0773-4691-a9c4-e546eb79b564,-114.0709716,51.1639968
9713,SB Harvest Hills BV @ Panatella BV NW,ACTIVE,2026-09-29T19:46:12.000Z,2026-09-29T19:46:12.000Z,0d5529da-29c7-416a-a441-b6ec7e259b85,-114.0709716,51.1639968
7928,EB 17 AV SW @ 4 ST SW,ACTIVE,2026-09-29T19:46:12.000Z,2026-09-29T19:46:12.000Z,f260c61c-7ed0-4c9a-b651-8a8d7269365f,-114.0709912,51.0377333
6392,WB 40 AV NW @ 4 ST NW,ACTIVE,2026-09-29T19:46:12.000Z,2026-09-29T19:46:12.000Z,4494f626-ac9e-4236-945e-b565fcb43956,-114.0710299,51.0875209
6201,WB @ 78 AV NW Terminal,ACTIVE,2026-09-29T19:46:12.000Z,2026-09-29T19:46:12.000Z,8fdc5ee1-7a16-4f2a-b170-28cf026bd78e,-114.0710395,51.1229454
2173,SB Sheriff King ST @ Yorkville AV SW,ACTIVE,2026-09-29T19:46:12.000Z,2026-09-29T19:46:12.000Z,200446e3-7f96-4894-8335-22958362810e,-114.0710495,50.8738739
2170,SB Sheriff King ST @ N of 194 AV SW,ACTIVE,2026-09-29T19:46:12.000Z,2026-09-29T19:46:12.000Z,ae19bbf6-85b9-434f-bbdd-00eb0cbd4544,-114.071056,50.8785281
2172,SB Sheriff King ST @ 194 AV SW,ACTIVE,2026-09-29T19:46:12.000Z,2026-09-29T19:46:12.000Z,c0ab6588-c0b4-4901-889b-0e9419326a20,-114.0710979,50.8769092
2666,"Sheriff King ST SW nb @ Silverado BV SW, farside",ACTIVE,2026-09-29T19:46:12.000Z,2026-09-29T19:46:12.000Z,cff435fd-a20d-477c-8d46-bdbd8bd3889e,-114.0711067,50.8872384
2176,SB Sheriff King ST @ Silverado WY SW,ACTIVE,2026-09-29T19:46:12.000Z,2026-09-29T19:46:12.000Z,70e5e613-9fa1-4d4d-992e-a363d0eaebdd,-114.0711163,50.8817832
7814,NB 4 ST SW @ 19 AV SW,ACTIVE,2026-09-29T19:46:12.000Z,2026-09-29T19:46:12.000Z,6a43dfa9-a00c-422f-8774-b10849f90387,-114.0711362,51.0365424
5157,NB Centre ST N @ S. of 78 AV N,ACTIVE,2026-09-29T19:46:12.000Z,2026-09-29T19:46:12.000Z,0325b094-6d6c-45e3-a913-051c72a1739d,-114.071152,51.1206698
5594,EB 25 AV SW @ 4 ST SW,ACTIVE,2026-09-29T19:46:12.000Z,2026-09-29T19:46:12.000Z,5e900ba0-4838-4461-ae54-794bb030625a,-114.0711928,51.0305119
4806,SB Macleod TR @ 56 AV SW,ACTIVE,2026-09-29T19:46:12.000Z,2026-09-29T19:46:12.000Z,8289c65c-59dc-4d48-9258-a740b241d920,-114.0712449,51.0036309
5579,78th Avenue N Station (NB),ACTIVE,2026-09-29T19:46:12.000Z,2026-09-29T19:46:12.000Z,dad60725-8890-4ba0-a7d4-3589833c37d2,-114.0712512,51.1231009
4459,NB Centre ST N @ 78 AV N,ACTIVE,2026-09-29T19:46:12.000Z,2026-09-29T19:46:12.000Z,dc8a7594-080c-4238-8b92-7eddbbfe52ff,-114.0712565,51.1233331
4458,Beddington Towne Centre Station (NB),ACTIVE,2026-09-29T19:46:12.000Z,2026-09-29T19:46:12.000Z,4d21d11b-fbba-45c7-8e1a-e0a608629382,-114.0712571,51.1261683
7735,NB Macleod TR @ 61 AV SW,ACTIVE,2026-09-29T19:46:12.000Z,2026-09-29T19:46:12.000Z,ef6f3c81-4e56-40a7-b395-874ce7d7dd1c,-114.0712605,50.9981804
1802,NB Centre ST N @ 78 AV N nearside,ACTIVE,2026-09-29T19:46:12.000Z,2026-09-29T19:46:12.000Z,433140d1-81fb-4757-aae5-cd58b228ffd3,-114.0712648,51.1223439
6701,NB 4 ST NW @ 64 AV NW,ACTIVE,2026-09-29T19:46:12.000Z,2026-09-29T19:46:12.000Z,f81a446a-cdc0-438f-8edf-95ca7c1d6321,-114.0712787,51.1111241
6449,NB Macleod TR @ 90 AV SE,ACTIVE,2026-09-29T19:46:12.000Z,2026-09-29T19:46:12.000Z,65b5ff78-0931-4ccf-8133-306dce68cbd7,-114.0712828,50.9724824
7309,NB 4 ST SW @ 30 AV SW,ACTIVE,2026-09-29T19:46:12.000Z,2026-09-29T19:46:12.000Z,c4072a2e-f058-4410-9c99-73f37ff50ec7,-114.0712858,51.0267309
9008,SB Centre ST N @ S. of 78 AV N,ACTIVE,2026-09-29T19:46:12.000Z,2026-09-29T19:46:12.000Z,bd2c66da-d771-44ea-9614-7f8959be8bcd,-114.0713006,51.1200619
5095,NB 4 ST NW @ Spyhill RD NW,ACTIVE,2026-09-29T19:46:12.000Z,2026-09-29T19:46:12.000Z,f6cb1eed-2da9-4ef6-99b9-3360d8ef00b7,-114.071306,51.1050677
7869,NB 4 ST NW @ 63 AV NW,ACTIVE,2026-09-29T19:46:12.000Z,2026-09-29T19:46:12.000Z,129d628a-4697-42df-8450-b39825ca3c22,-114.0713084,51.1095472
6373,NB Macleod TR @ S. of 61 AV SW,ACTIVE,2026-09-29T19:46:12.000Z,2026-09-29T19:46:12.000Z,b2ba91de-b74e-48eb-8294-45f2f428146c,-114.0713145,50.9966436
5783,NB 4 ST NW @ 68 AV NW (JG Diefenbaker HS),ACTIVE,2026-09-29T19:46:12.000Z,2026-09-29T19:46:12.000Z,7fca34c4-332e-4149-9a7d-9a32beb0482b,-114.0713157,51.1128215
2667,"Sheriff King ST SW sb @ Silverado BV SW, farside",ACTIVE,2026-09-29T19:46:12.000Z,2026-09-29T19:46:12.000Z,8d2eba66-84b6-4730-a2c2-67206a516a51,-114.0713215,50.8864433
6448,NB Macleod TR @ Southland DR SE,ACTIVE,2026-09-29T19:46:12.000Z,2026-09-29T19:46:12.000Z,074add0c-1c75-444b-a9ce-32ca085c1bf1,-114.0713267,50.9656743
9015,NB 4 ST NW @ 68 AV NW (Superstore),ACTIVE,2026-09-29T19:46:12.000Z,2026-09-29T19:46:12.000Z,0bf2ea0d-86ec-43a1-afc2-792022ac48d1,-114.0713284,51.1155562
2425,NB Macleod TR @ S. of 61 AV SW,ACTIVE,2026-09-29T19:46:12.000Z,2026-09-29T19:46:12.000Z,5432378a-afac-4edd-8e94-9bbfd579efcd,-114.0713306,50.9966368
7594,NB Centre ST N @ Harvest Hills BV,ACTIVE,2026-09-29T19:46:12.000Z,2026-09-29T19:46:12.000Z,6cb54bbe-a73f-40fb-9dd4-88abb4f97de9,-114.0713335,51.1319629
4207,NB Macleod TR @ 94 AV SE,ACTIVE,2026-09-29T19:46:12.000Z,2026-09-29T19:46:12.000Z,ead17665-e16c-4356-8136-ce9ee9a2aeaa,-114.0713366,50.9691376
8445,NB Centre ST N @ Harvest Hills BV,ACTIVE,2026-09-29T19:46:12.000Z,2026-09-29T19:46:12.000Z,31542a2e-7c2c-45fd-904f-50b1da17c865,-114.0713416,51.1325117
5094,NB 4 ST NW @ Northmount PL,ACTIVE,2026-09-29T19:46:12.000Z,2026-09-29T19:46:12.000Z,1ab94018-528b-4f81-904e-ce028446d4fe,-114.0713443,51.1033327
5464,NB 4 ST SW@ 7 AV SW,ACTIVE,2026-09-29T19:46:12.000Z,2026-09-29T19:46:12.000Z,7b82096f-8e64-4ba5-9051-86c17815e86b,-114.0713462,51.0463503
4882,NB 4 ST NW @ Blackthorn RD NW,ACTIVE,2026-09-29T19:46:12.000Z,2026-09-29T19:46:12.000Z,056ebc8d-1617-4b42-8cbc-5ecc72fb0c9e,-114.0713581,51.1076325
5093,NB 4 ST NW @ Highland PL,ACTIVE,2026-09-29T19:46:12.000Z,2026-09-29T19:46:12.000Z,4be4ce7c-c21a-425d-a9c4-82631f546ef9,-114.071359,51.0951927
7737,NB Macleod TR @ 58 AV SW,ACTIVE,2026-09-29T19:46:12.000Z,2026-09-29T19:46:12.000Z,e923d885-bfe9-49df-9db1-88057341b24c,-114.0713652,51.0010434
5452,NB 4 ST SW@ 6 AV SW,ACTIVE,2026-09-29T19:46:12.000Z,2026-09-29T19:46:12.000Z,6cc0a7c1-a634-4608-bf39-2b888ac28856,-114.0713679,51.0480419
4884,NB 4 ST NW @ Thornhill PL,ACTIVE,2026-09-29T19:46:12.000Z,2026-09-29T19:46:12.000Z,e061c4d5-a5bc-4d22-af83-422370a7cdaf,-114.0713707,51.0979454
4206,NB Macleod TR @ 86 AV SE,ACTIVE,2026-09-29T19:46:12.000Z,2026-09-29T19:46:12.000Z,78e5216c-ae1b-4a8d-b5bd-1b3f518704e1,-114.0713811,50.9763527
4883,NB 4 ST NW @ 53 AV NW,ACTIVE,2026-09-29T19:46:12.000Z,2026-09-29T19:46:12.000Z,fdb1ae9f-7ef7-4ea8-adc9-00e55db8a3a9,-114.0713818,51.1007071
7846,NB 4 ST SW @ 13 AV SW,ACTIVE,2026-09-29T19:46:12.000Z,2026-09-29T19:46:12.000Z,49cbeb38-26d3-4a5f-8790-ad43c7d0f82e,-114.0713969,51.0410257
4862,NB 4 ST NW @ 26 AV NW,ACTIVE,2026-09-29T19:46:12.000Z,2026-09-29T19:46:12.000Z,f7fc0ee4-fdf6-4708-b9d8-fc1d03dee10c,-114.0714023,51.0764306
8514,EB Shawville GA @ 6 ST SW,ACTIVE,2026-09-29T19:46:12.000Z,2026-09-29T19:46:12.000Z,820d2540-f0b8-4f6a-9514-3f3086184666,-114.0714046,50.8978538
5218,NB 4 ST SW@ 17 AV SW,ACTIVE,2026-09-29T19:46:12.000Z,2026-09-29T19:46:12.000Z,1d385bf8-32d6-4855-9db0-00a899210d5c,-114.0714078,51.0381395
5787,NB 4 ST NW @ 32 AV NW,ACTIVE,2026-09-29T19:46:12.000Z,2026-09-29T19:46:12.000Z,e2039356-be4e-4220-89f3-0bdf077ef70c,-114.0714132,51.0819087
5431,NB 4 ST SW@ 11 AV SW,ACTIVE,2026-09-29T19:46:12.000Z,2026-09-29T19:46:12.000Z,eab552cf-e059-4cf3-aa91-c204cc14e0a2,-114.0714147,51.0428242
7310,NB 4 ST SW @ Roxboro RD SW,ACTIVE,2026-09-29T19:46:12.000Z,2026-09-29T19:46:12.000Z,240b40b1-1cd7-4f24-8bde-a2993dbd3ec8,-114.0714227,51.0286323
5217,NB 4 ST SW@ 25 AV SW fs,ACTIVE,2026-09-29T19:46:12.000Z,2026-09-29T19:46:12.000Z,761ecc9d-79e5-4a9f-aa74-d41a3badcf63,-114.0714284,51.0307129
7733,NB 4 ST SW @ 21 AV SW,ACTIVE,2026-09-29T19:46:12.000Z,2026-09-29T19:46:12.000Z,c2fd2814-80c3-40b4-a415-e72e261207e2,-114.0714296,51.0341086
5088,NB 4 ST NW @ 17 AV NW,ACTIVE,2026-09-29T19:46:12.000Z,2026-09-29T19:46:12.000Z,8cf0504c-b290-453d-963f-0b38532ae740,-114.0714303,51.0676253
4865,NB 4 ST NW @ 20 AV NW,ACTIVE,2026-09-29T19:46:12.000Z,2026-09-29T19:46:12.000Z,b79fcc2f-f2f6-4fa8-b6b3-4c4dbcbe7cf2,-114.0714325,51.0709804
5090,NB 4 ST NW @ 18 AV NW,ACTIVE,2026-09-29T19:46:12.000Z,2026-09-29T19:46:12.000Z,4a1f271b-448b-445d-ad58-2cf4ded37409,-114.0714353,51.0691276
4852,NB 4 ST NW @ 12 AV NW,ACTIVE,2026-09-29T19:46:12.000Z,2026-09-29T19:46:12.000Z,b7b67041-3277-4dca-bc2a-c2de2fbd4701,-114.0714433,51.0638028
4861,NB 4 ST NW @ 28 AV NW,ACTIVE,2026-09-29T19:46:12.000Z,2026-09-29T19:46:12.000Z,7572a9f8-f002-4388-87ac-dd018ae1523f,-114.0714456,51.0782306
4726,NB 4 ST NW @ 40 AV NW,ACTIVE,2026-09-29T19:46:12.000Z,2026-09-29T19:46:12.000Z,c4cf5a0e-6e46-49fb-879f-28832c2d4012,-114.0714485,51.0865473
4851,NB 4 ST NW @ 13 AV NW,ACTIVE,2026-09-29T19:46:12.000Z,2026-09-29T19:46:12.000Z,ab5b75e1-c901-480f-9ef7-d9d507dda4ac,-114.0714494,51.0650622
5092,NB 4 ST NW @ 44 AV NW,ACTIVE,2026-09-29T19:46:12.000Z,2026-09-29T19:46:12.000Z,569d1811-42bf-48e2-8818-6c91d9267229,-114.0714513,51.0928294
4864,NB 4 ST NW @ 22 AV NW,ACTIVE,2026-09-29T19:46:12.000Z,2026-09-29T19:46:12.000Z,83db6635-ca5f-4660-97b0-48f2ddd39ceb,-114.0714519,51.0727079
4863,NB 4 ST NW @ 24 AV NW,ACTIVE,2026-09-29T19:46:12.000Z,2026-09-29T19:46:12.000Z,aa1c2efb-c44a-4ab9-ba25-95a6583b65db,-114.0714531,51.0747228
5091,NB 4 ST NW @ 30 AV NW,ACTIVE,2026-09-29T19:46:12.000Z,2026-09-29T19:46:12.000Z,66c87020-06da-49cf-a5ba-c5316e963486,-114.0714616,51.080012
5785,NB 4 ST NW @ 34 AV NW,ACTIVE,2026-09-29T19:46:12.000Z,2026-09-29T19:46:12.000Z,b73d3897-be2b-4e56-a68c-d184bc334938,-114.0714639,51.083592
5799,NB 4 ST NW @ 36 AV NW,ACTIVE,2026-09-29T19:46:12.000Z,2026-09-29T19:46:12.000Z,a374944d-4210-4145-9e61-ca89d46b03c4,-114.0714804,51.0853644
4866,NB 4 ST NW @ 42 AV NW,ACTIVE,2026-09-29T19:46:12.000Z,2026-09-29T19:46:12.000Z,4eaa09b9-bf7f-469c-bb28-299599441014,-114.0714895,51.0908695
5033,NB 4 ST NW @ 40 AV NW,ACTIVE,2026-09-29T19:46:12.000Z,2026-09-29T19:46:12.000Z,53cf3b84-0804-4582-a8e2-89e4931efeaf,-114.0715097,51.0878387
8080,EB Country Hills RD @ Country Hills LD NW,ACTIVE,2026-09-29T19:46:12.000Z,2026-09-29T19:46:12.000Z,ddc54b6b-b383-4cbc-b335-2ccadeda9018,-114.0715603,51.143284
8446,SB Centre ST N @ Bergen CR N,ACTIVE,2026-09-29T19:46:12.000Z,2026-09-29T19:46:12.000Z,3f03f57a-2579-4255-8771-0949c96d5a55,-114.0715681,51.1318698
9066,SB Centre ST N @ 78 AV N,ACTIVE,2026-09-29T19:46:12.000Z,2026-09-29T19:46:12.000Z,e3fe48f7-fa48-40dd-89e3-a2bdef2ca3bb,-114.0715732,51.1223264
4886,SB 4 ST NW @ Blackthorn RD NW,ACTIVE,2026-09-29T19:46:12.000Z,2026-09-29T19:46:12.000Z,42a72415-d38b-43fb-9a42-ebf180e650ee,-114.0715753,51.1069094
5166,SB Centre ST N @ Bergen RD N,ACTIVE,2026-09-29T19:46:12.000Z,2026-09-29T19:46:12.000Z,a149d8d7-98bc-44c6-aecf-d085fc06f361,-114.0715883,51.1286142
9045,SB 4 ST NW @ 68 AV NW,ACTIVE,2026-09-29T19:46:12.000Z,2026-09-29T19:46:12.000Z,fdeb2245-f53c-4a4e-a121-2879f0765189,-114.0715887,51.1137008
4885,SB 4 ST NW @ Simons CR NW,ACTIVE,2026-09-29T19:46:12.000Z,2026-09-29T19:46:12.000Z,cad56035-6be8-4682-8b1d-dff96827c354,-114.0715964,51.104994
8421,SB Centre ST N @ Bergen RD N,ACTIVE,2026-09-29T19:46:12.000Z,2026-09-29T19:46:12.000Z,8563bc25-391d-4547-881d-ec2cf8a47970,-114.071602,51.1286235
5183,SB 4 ST SW@ 12 AV SW,ACTIVE,2026-09-29T19:46:12.000Z,2026-09-29T19:46:12.000Z,dc22d2a4-89b2-468b-a193-2f472f8d25b4,-114.0716026,51.0409544
4589,78th Avenue N Station (SB),ACTIVE,2026-09-29T19:46:12.000Z,2026-09-29T19:46:12.000Z,65645d1a-2a1d-4924-932f-d3fc6982e118,-114.0716144,51.1223976
5168,SB Centre ST N@ 78 AV N,ACTIVE,2026-09-29T19:46:12.000Z,2026-09-29T19:46:12.000Z,e3c5e52e-2340-453a-ba6c-81260ba50daa,-114.0716147,51.1223707
7595,SB Centre St N @ Bergen CR N,ACTIVE,2026-09-29T19:46:12.000Z,2026-09-29T19:46:12.000Z,161c46a1-45ce-4ec2-aac0-a82ce7443597,-114.0716189,51.13197
5103,SB 4 ST NW @ 64 AV NW,ACTIVE,2026-09-29T19:46:12.000Z,2026-09-29T19:46:12.000Z,46455458-d422-444f-823e-a9910198d918,-114.0716257,51.110156
7308,SB 4 ST SW @ 23 AV SW,ACTIVE,2026-09-29T19:46:12.000Z,2026-09-29T19:46:12.000Z,16d311cc-b633-4e1a-9c95-752f89ad88a8,-114.0716324,51.0320916
7305,SB 4 ST SW @ 17 AV SW,ACTIVE,2026-09-29T19:46:12.000Z,2026-09-29T19:46:12.000Z,8a3d83aa-e27e-481c-8ddf-599031fab086,-114.0716377,51.037119
4590,Beddington Towne Centre Station (SB),ACTIVE,2026-09-29T19:46:12.000Z,2026-09-29T19:46:12.000Z,3c0e2dbc-3bd1-4318-9de7-d9826754ff56,-114.0716436,51.1263849
5020,SB 4 ST NW @ 32 AV NW,ACTIVE,2026-09-29T19:46:12.000Z,2026-09-29T19:46:12.000Z,b26c8d6b-2e10-4ed2-87eb-230694a1f538,-114.071644,51.0816446
7307,SB 4 ST SW @ 14 AV SW,ACTIVE,2026-09-29T19:46:12.000Z,2026-09-29T19:46:12.000Z,bd2a27d5-2aa7-4a83-a56a-eba24adae2a6,-114.071651,51.0394859
4858,SB 4 ST NW @ 21 AV NW,ACTIVE,2026-09-29T19:46:12.000Z,2026-09-29T19:46:12.000Z,e08db3e1-3b2d-4b1a-a326-6051b8a1302f,-114.0716543,51.0710849
5104,SB 4 ST NW @ Northmount DR,ACTIVE,2026-09-29T19:46:12.000Z,2026-09-29T19:46:12.000Z,7f054c8e-543c-4a7c-a3ff-b837e8bafaac,-114.0716543,51.1020452
5738,SB 4 ST NW @ S. of 72 AV NW,ACTIVE,2026-09-29T19:46:12.000Z,2026-09-29T19:46:12.000Z,e68b7132-6eeb-481d-9aa4-e0441079842e,-114.0716545,51.116275
6594,SB 4 ST NW @ S. of Highland PL,ACTIVE,2026-09-29T19:46:12.000Z,2026-09-29T19:46:12.000Z,13a2b850-4614-47b3-86ea-ac91ba5de4e8,-114.0716559,51.0941118
4859,SB 4 ST NW @ 25 AV NW,ACTIVE,2026-09-29T19:46:12.000Z,2026-09-29T19:46:12.000Z,cb337298-d707-4181-876d-4f2168eeaade,-114.0716561,51.0746739
4856,SB 4 ST NW @ 14 AV NW,ACTIVE,2026-09-29T19:46:12.000Z,2026-09-29T19:46:12.000Z,c84ed5fa-948b-4e8a-862e-922b9dcf32f5,-114.0716569,51.0651664
5110,SB 4 ST NW @ 13 AV NW,ACTIVE,2026-09-29T19:46:12.000Z,2026-09-29T19:46:12.000Z,1a8dffa2-9520-427d-b8a6-bc7083527445,-114.071657,51.0635833
5109,SB 4 ST NW @ 16 AV NW,ACTIVE,2026-09-29T19:46:12.000Z,2026-09-29T19:46:12.000Z,76d59da2-89bf-4653-b052-dacf94587959,-114.0716591,51.0664887
4860,SB 4 ST NW @ 29 AV NW,ACTIVE,2026-09-29T19:46:12.000Z,2026-09-29T19:46:12.000Z,760fa8e0-d1fd-47c3-af61-fab1ee71ffcf,-114.0716635,51.078398
5572,SB 4 ST SW @ Rideau RD,ACTIVE,2026-09-29T19:46:12.000Z,2026-09-29T19:46:12.000Z,86f71706-3a0d-4c89-93ff-9c92f4e92e63,-114.0716645,51.0279637
6620,SB 4 ST NW @ 23 AV NW,ACTIVE,2026-09-29T19:46:12.000Z,2026-09-29T19:46:12.000Z,8c904d4b-2f94-4d78-9910-c02cc1310175,-114.0716663,51.0729292
4857,SB 4 ST NW @ 19 AV NW,ACTIVE,2026-09-29T19:46:12.000Z,2026-09-29T19:46:12.000Z,cb5f9c4d-e417-47a7-b0a0-ec41278314f7,-114.071668,51.0692863
5021,SB 4 ST NW @ 34 AV NW,ACTIVE,2026-09-29T19:46:12.000Z,2026-09-29T19:46:12.000Z,ec099520-d58a-41cd-9367-68ef0abd22ba,-114.0716696,51.0830485
5167,SB Centre ST N@ Beddington BV N,ACTIVE,2026-09-29T19:46:12.000Z,2026-09-29T19:46:12.000Z,3e52a3ca-5565-4cf1-8184-a64dae82ea1f,-114.0716734,51.1245597
5106,SB 4 ST NW @ 31 AV NW,ACTIVE,2026-09-29T19:46:12.000Z,2026-09-29T19:46:12.000Z,544b8475-7435-4452-9058-e8e19e1502dc,-114.0716738,51.0800443
5184,SB 4 ST SW@ 21 AV SW,ACTIVE,2026-09-29T19:46:12.000Z,2026-09-29T19:46:12.000Z,e33bf64f-a455-4986-818e-8e1acf956a5e,-114.0716758,51.0338917
5105,SB 4 ST NW @ 44 AV NW,ACTIVE,2026-09-29T19:46:12.000Z,2026-09-29T19:46:12.000Z,f76b9cbc-5785-47b4-b4c7-237de966687c,-114.0716873,51.0922596
7306,SB 4 ST SW @ 19 AV SW,ACTIVE,2026-09-29T19:46:12.000Z,2026-09-29T19:46:12.000Z,c648bb47-91de-4b60-b1c4-769b1f6d7323,-114.0716895,51.035709
8531,SB Centre ST N @ Beddington BV N,ACTIVE,2026-09-29T19:46:12.000Z,2026-09-29T19:46:12.000Z,e3f86149-b66f-41f1-85c5-ae373dfb6408,-114.0716979,51.1243984
5032,SB 4 ST NW @ 36 AV NW,ACTIVE,2026-09-29T19:46:12.000Z,2026-09-29T19:46:12.000Z,cf31a8c3-f8c6-409e-8c4a-4bc2a74082de,-114.0717004,51.0848212
4881,SB 4 ST NW @ Thorneycroft DR,ACTIVE,2026-09-29T19:46:12.000Z,2026-09-29T19:46:12.000Z,f490be5a-0b4a-42ef-85de-234dcfcac7de,-114.0717005,51.0999595
4880,SB 4 ST NW @ Thornhill PL,ACTIVE,2026-09-29T19:46:12.000Z,2026-09-29T19:46:12.000Z,598c1f4e-fdb3-4938-bb35-13fbc9b6de91,-114.0717111,51.0973063
4867,SB 4 ST NW @ 42 AV NW,ACTIVE,2026-09-29T19:46:12.000Z,2026-09-29T19:46:12.000Z,7e97fac2-f38e-4c2e-84ac-641288770604,-114.0717249,51.0903087
5137,SB 4 ST NW @ 40 AV NW,ACTIVE,2026-09-29T19:46:12.000Z,2026-09-29T19:46:12.000Z,97a40bbc-47e6-4196-abe6-9d5e6ffc0d3e,-114.0717301,51.0868368
5107,SB 4 ST NW @ 27 AV NW,ACTIVE,2026-09-29T19:46:12.000Z,2026-09-29T19:46:12.000Z,a4a40464-9c02-47b5-9155-d0649fee5d70,-114.0717764,51.0766108
5782,EB Northmount DR @ 4 ST NW,ACTIVE,2026-09-29T19:46:12.000Z,2026-09-29T19:46:12.000Z,b483eb22-79e4-40bb-8ab2-699fc4844ae3,-114.0717772,51.102588
6208,SB Macleod TR @ S. of 61 AV SW,ACTIVE,2026-09-29T19:46:12.000Z,2026-09-29T19:46:12.000Z,fc3621d6-797b-4b97-93f0-22bb476f130c,-114.0717904,50.9965566
6454,SB Macleod TR @ 90 AV SE,ACTIVE,2026-09-29T19:46:12.000Z,2026-09-29T19:46:12.000Z,8388d5b4-8d0a-45c1-8a71-0082fe6e4168,-114.071817,50.9720082
6905,SB Macleod TR @ 58 AV SW,ACTIVE,2026-09-29T19:46:12.000Z,2026-09-29T19:46:12.000Z,84afacf0-b5d4-4875-bf9a-bc57fcce756a,-114.0718183,51.0008659
4203,SB Macleod TR @ Hull AV SW,ACTIVE,2026-09-29T19:46:12.000Z,2026-09-29T19:46:12.000Z,d72ef681-1d67-4ada-9370-567ef73e8deb,-114.0718231,50.9751935
7009,EB 5 AV SW @ 4 ST SW,ACTIVE,2026-09-29T19:46:12.000Z,2026-09-29T19:46:12.000Z,2b3b2a91-ca43-4131-bd5d-14f7b0248985,-114.0718502,51.0485397
4202,SB Macleod TR @ 96 AV SW,ACTIVE,2026-09-29T19:46:12.000Z,2026-09-29T19:46:12.000Z,bb447eb3-5216-43b7-a629-73ddf2afdd6a,-114.0718625,50.9682513
9714,WB Panamount BV @ Harvest Hills BV N,ACTIVE,2026-09-29T19:46:12.000Z,2026-09-29T19:46:12.000Z,f9b91bb4-9a3e-4806-a079-9f3093eae320,-114.0719753,51.1602135
7932,WB 17 AV SW @ 4 ST SW,ACTIVE,2026-09-29T19:46:12.000Z,2026-09-29T19:46:12.000Z,8591758b-f5a7-4979-8f53-b472e3d50d48,-114.0719929,51.0379113
5496,WB Bergen RD @ Centre ST N,ACTIVE,2026-09-29T19:46:12.000Z,2026-09-29T19:46:12.000Z,11945637-eb6c-4192-9070-392b2631c383,-114.072032,51.1290571
5739,WB Northmount DR @ 4 ST NW,ACTIVE,2026-09-29T19:46:12.000Z,2026-09-29T19:46:12.000Z,c6132d2c-da37-4681-a0a3-a467eb77f445,-114.0720693,51.1027122
3577,SB 6 ST SE @ Shawville GA,ACTIVE,2026-09-29T19:46:12.000Z,2026-09-29T19:46:12.000Z,7d8d2a54-0097-450c-98be-399adaea5f12,-114.0721768,50.8972678
5806,WB Beddington BV@ Centre ST N,ACTIVE,2026-09-29T19:46:12.000Z,2026-09-29T19:46:12.000Z,a29095b8-6d43-4fb5-8c81-ae25fb41d4bf,-114.0721982,51.1253014
4712,WB 11 AV SW @ 4 ST SW,ACTIVE,2026-09-29T19:46:12.000Z,2026-09-29T19:46:12.000Z,009ca11a-0825-49c7-885c-2dcf3ad4af76,-114.0722316,51.0427206
9587,EB Country Hills DR @ Country Hills RD NW,ACTIVE,2026-09-29T19:46:12.000Z,2026-09-29T19:46:12.000Z,f48996d2-0a9c-486e-99f5-441b231d02eb,-114.0722856,51.1456048
9586,NB Country Hills RD @ Country Hills LD NW,ACTIVE,2026-09-29T19:46:12.000Z,2026-09-29T19:46:12.000Z,5a01c491-174f-48d2-b69f-11b07e219f03,-114.0724097,51.1440968
6128,WB Southland DR @ Macleod TR S,ACTIVE,2026-09-29T19:46:12.000Z,2026-09-29T19:46:12.000Z,d5ac56d7-804f-4251-894f-1e286564f7f8,-114.0724113,50.9651888
6824,WB 4 Street SW Station (Free Fare Zone),ACTIVE,2026-09-29T19:46:12.000Z,2026-09-29T19:46:12.000Z,2820c93b-32fa-4172-be5f-442c4d9ede88,-114.0724303,51.0468093
8530,EB 5 AV SW @ 5 ST SW,ACTIVE,2026-09-29T19:46:12.000Z,2026-09-29T19:46:12.000Z,f7cfb359-f77a-4737-b0bd-f87cfaf3dbbf,-114.0724908,51.0485648
7275,EB 5 AV SW @ 5 ST SW,ACTIVE,2026-09-29T19:46:12.000Z,2026-09-29T19:46:12.000Z,a353011e-93c7-4b1d-8475-deca30f4e740,-114.0725478,51.0485662
5645,WB 6 AV SW @ 4 ST SW,ACTIVE,2026-09-29T19:46:12.000Z,2026-09-29T19:46:12.000Z,2ac98769-51a5-4b8c-a7b9-cab0f72e1212,-114.0725532,51.0478018
5186,WB Elbow DR@ 4 ST SW,ACTIVE,2026-09-29T19:46:12.000Z,2026-09-29T19:46:12.000Z,b23bebe3-726f-4026-9035-0152074b61df,-114.072563,51.0297762
5147,EB 5 AV SW @ 5 ST SW,ACTIVE,2026-09-29T19:46:12.000Z,2026-09-29T19:46:12.000Z,5d485b3b-cfc2-4293-bb3f-b34c650d4370,-114.0726167,51.0486039
8515,NB 6 ST SW @ Shawville GA,ACTIVE,2026-09-29T19:46:12.000Z,2026-09-29T19:46:12.000Z,5ea2e9fb-0aaf-465c-a8c6-afbfa7f258a0,-114.072696,50.898354
9156,WB 40 AV NW @ 4 ST NW,ACTIVE,2026-09-29T19:46:12.000Z,2026-09-29T19:46:12.000Z,cc9f7436-7258-4d1f-975b-d92bec4afd48,-114.0727975,51.0875742
9388,EB Country Hills BV @ Country Hills SQ NW,ACTIVE,2026-09-29T19:46:12.000Z,2026-09-29T19:46:12.000Z,d254cd72-3a5c-4faf-b07d-f32ebfb4f295,-114.0728022,51.1487389
9726,EB Panorama Hills WY @ Panorama Hills RD NW,ACTIVE,2026-09-29T19:46:12.000Z,2026-09-29T19:46:12.000Z,f6f309ea-2769-438d-b5e1-c8446604d688,-114.0728235,51.1535966
9430,4th Street NW Station (WB),ACTIVE,2026-09-29T19:46:12.000Z,2026-09-29T19:46:12.000Z,39896412-f49e-4113-9dd4-3bfe24880763,-114.072877,51.0670733
5181,EB 12 AV SW@ 5 ST SW,ACTIVE,2026-09-29T19:46:12.000Z,2026-09-29T19:46:12.000Z,a3eaff98-2a0b-4558-ad5d-45119bb0c70b,-114.0730335,51.0416343
4093,EB Panamount BV @ Panamount DR NW,ACTIVE,2026-09-29T19:46:12.000Z,2026-09-29T19:46:12.000Z,734e2ef4-bfbf-4362-933e-6427aeeec2e2,-114.0730743,51.1598003
2478,EB Silverado WY @ Silverado CM SW nearside,ACTIVE,2026-09-29T19:46:12.000Z,2026-09-29T19:46:12.000Z,f0339605-7cdb-4efd-ab8a-7f76e4379199,-114.0730795,50.8811551
4199,EB Panatella GA @ Panatella DR NW,ACTIVE,2026-09-29T19:46:12.000Z,2026-09-29T19:46:12.000Z,1a5a43a9-ef4c-4b5e-bf1f-0a213705f2eb,-114.0730969,51.1673475
8448,SB Country Hills RD @ Country Hills DR NW,ACTIVE,2026-09-29T19:46:12.000Z,2026-09-29T19:46:12.000Z,1560f408-cd6a-4183-9ede-1d81607bb544,-114.0731346,51.1450684
8086,EB 2 AV SW @ 5 ST SW,ACTIVE,2026-09-29T19:46:12.000Z,2026-09-29T19:46:12.000Z,a9a0aede-d799-450e-9b6d-4d587653f0d5,-114.0731372,51.0514611
9261,NB Fish Creek - Lacombe CTrain Station,ACTIVE,2026-09-29T19:46:12.000Z,2026-09-29T19:46:12.000Z,ea973d1f-ddaf-400b-8a85-6460838f8947,-114.0731677,50.9237048
8233,EB Shawnessy BV @ Shawnessy DR SW,ACTIVE,2026-09-29T19:46:12.000Z,2026-09-29T19:46:12.000Z,98daf17e-8ec2-4348-b3af-dbf634b3f967,-114.0732557,50.9127619
8651,EB 9 AV SW @ 5 ST SW,ACTIVE,2026-09-29T19:46:12.000Z,2026-09-29T19:46:12.000Z,ac2a4dc1-f759-448d-9109-8f017cd0bf88,-114.0733408,51.0448172
8392,EB Southport WY @ Southport RD SW,ACTIVE,2026-09-29T19:46:12.000Z,2026-09-29T19:46:12.000Z,411331fb-2c60-4ba9-b101-c26080eed802,-114.073351,50.9577195
9202,EB Southport WY @ Southport RD SW,ACTIVE,2026-09-29T19:46:12.000Z,2026-09-29T19:46:12.000Z,e528ec67-cb3c-4bb7-98dc-3502386047b5,-114.0733653,50.9577199
9980,WB 6 AV SW @ 5 ST SW,ACTIVE,2026-09-29T19:46:12.000Z,2026-09-29T19:46:12.000Z,59fded16-5971-4c02-833a-40063ae85c67,-114.0733915,51.0478588
9387,SB Fish Creek - Lacombe CTrain Station,ACTIVE,2026-09-29T19:46:12.000Z,2026-09-29T19:46:12.000Z,9fff3a4a-d376-4bc0-aa77-bd3a01c342dc,-114.0734081,50.9237288
2709,NB Millrise BV @ Shawnessy BV SW,ACTIVE,2026-09-29T19:46:12.000Z,2026-09-29T19:46:12.000Z,4456dd8d-60ad-447b-905e-229bb7ffd797,-114.0734598,50.9136575
2871,EB 71 AV SE @ SB 4a ST SW,ACTIVE,2026-09-29T19:46:12.000Z,2026-09-29T19:46:12.000Z,733c6f50-6eda-4ee1-b18c-da9eb1520563,-114.0734936,50.9895851
8227,NB Shawnessy DR @ Shawmeadows GA SW,ACTIVE,2026-09-29T19:46:12.000Z,2026-09-29T19:46:12.000Z,3d0f802a-9d23-4859-b906-f20d50fb47bb,-114.0735298,50.9113637
6622,EB 24 AV NW @ 5 ST NW,ACTIVE,2026-09-29T19:46:12.000Z,2026-09-29T19:46:12.000Z,0106b2eb-4c62-4b3f-8818-67fa482dfc7b,-114.0735542,51.0742358
6803,NB Heritage CTrain Station,ACTIVE,2026-09-29T19:46:12.000Z,2026-09-29T19:46:12.000Z,62640279-f3a2-44fa-ad90-597af123eabc,-114.0736311,50.9793145
3013,WB Country Hills DR @ Country Hills RD NW,ACTIVE,2026-09-29T19:46:12.000Z,2026-09-29T19:46:12.000Z,1bb63a3c-8f83-420c-b7a5-6837b31070fc,-114.0736378,51.1455676
7589,WB Southport WY @ Southport RD SW,ACTIVE,2026-09-29T19:46:12.000Z,2026-09-29T19:46:12.000Z,ec994a26-4938-4de6-a973-ba5eaa9b77e1,-114.0737083,50.9578589
7917,WB Southport WY @ Southport RD SW,ACTIVE,2026-09-29T19:46:12.000Z,2026-09-29T19:46:12.000Z,0a466781-4827-4f12-9855-7168c369fd88,-114.0737128,50.9578545
9072,WB Southport WY @ Southport RD SW,ACTIVE,2026-09-29T19:46:12.000Z,2026-09-29T19:46:12.000Z,0179c0ed-a75d-4353-89ea-3464264d9819,-114.0737128,50.9578545
4146,SB Panatella DR @ Panatella GA NW,ACTIVE,2026-09-29T19:46:12.000Z,2026-09-29T19:46:12.000Z,8c8c39c5-03ac-4ce4-9038-6219f6fd290c,-114.0737134,51.1671686
2877,NB 4A ST @ 69 AV SW,ACTIVE,2026-09-29T19:46:12.000Z,2026-09-29T19:46:12.000Z,8c68030b-122e-4853-88a3-8f18308492b1,-114.0737304,50.9916194
7815,WB Southport WY @ Southport RD SW,ACTIVE,2026-09-29T19:46:12.000Z,2026-09-29T19:46:12.000Z,95e916d8-6050-4301-ac1e-ba91ee4d3dd5,-114.0737544,50.9578736
2710,NB Millrise BV @ Millrise DR SW,ACTIVE,2026-09-29T19:46:12.000Z,2026-09-29T19:46:12.000Z,b621de8e-5174-4751-a7ab-a8cd66f44357,-114.0737608,50.9159579
2878,NB 4A ST @ 67 AV SW,ACTIVE,2026-09-29T19:46:12.000Z,2026-09-29T19:46:12.000Z,f0d69a53-56d5-4bdc-85f0-fa8614c7a559,-114.0737712,50.9934176
5955,Anderson LRT Station,ACTIVE,2026-09-29T19:46:12.000Z,2026-09-29T19:46:12.000Z,c4684bc8-d3e3-4531-bb21-611b7d037738,-114.0737748,50.9541501
6173,EB Southland DR @ Southport RD SW,ACTIVE,2026-09-29T19:46:12.000Z,2026-09-29T19:46:12.000Z,abf2c595-c4ce-4cfb-9b6f-e9f8ed214514,-114.0737989,50.9649141
2165,SB 5 ST SW @ 5 AV SW,ACTIVE,2026-09-29T19:46:12.000Z,2026-09-29T19:46:12.000Z,46fe5ea0-0446-40fa-95b2-24894a3c1649,-114.0738015,51.0484177
7805,Anderson LRT Station,ACTIVE,2026-09-29T19:46:12.000Z,2026-09-29T19:46:12.000Z,7495b503-bf2d-4bbd-9810-0a2b155e2f6c,-114.0738056,50.9543398
2876,NB 4A ST @ 71 AV SW,ACTIVE,2026-09-29T19:46:12.000Z,2026-09-29T19:46:12.000Z,382a7868-822a-4e04-bf39-dd40a6aab32f,-114.0738273,50.9898084
8560,SB Heritage CTrain Station,ACTIVE,2026-09-29T19:46:12.000Z,2026-09-29T19:46:12.000Z,a4d8a516-82d0-4e6a-9bde-82afb6d402a6,-114.073828,50.9793554
5974,Anderson LRT Station,ACTIVE,2026-09-29T19:46:12.000Z,2026-09-29T19:46:12.000Z,3570cf52-256e-4d9e-b09a-c5166f665c4f,-114.0738317,50.9545357
3882,SB 5 ST SW @ 7 AV SW,ACTIVE,2026-09-29T19:46:12.000Z,2026-09-29T19:46:12.000Z,042024a4-ec43-4bd4-b802-d1f31e2f0ed7,-114.0739225,51.046906
9921,SB 5 ST SW @ 7 AVE SW,ACTIVE,2026-09-29T19:46:12.000Z,2026-09-29T19:46:12.000Z,2c4f87bf-50d5-4bc8-bf09-42ec41ff06d7,-114.0739483,51.046429
8435,Anderson LRT Station,ACTIVE,2026-09-29T19:46:12.000Z,2026-09-29T19:46:12.000Z,dbf645bf-9878-4935-a1a4-0c9c6d4338ce,-114.0739688,50.954236
3014,NB Panorama Hills BV @ Country Hills BV NW,ACTIVE,2026-09-29T19:46:12.000Z,2026-09-29T19:46:12.000Z,f9fb674a-c04a-4419-bb93-c78b6727a38a,-114.0740049,51.1490767
7797,Anderson LRT Station,ACTIVE,2026-09-29T19:46:12.000Z,2026-09-29T19:46:12.000Z,1d6cedf0-b7ab-4821-bd66-e81bec12a741,-114.0740269,50.9544443
6461,Anderson LRT Station,ACTIVE,2026-09-29T19:46:12.000Z,2026-09-29T19:46:12.000Z,0d3d9969-0f82-42b4-92dc-97ef898bca70,-114.0740594,50.954607
9383,WB Panorama Hills WY @ Panorama Hills RD NW,ACTIVE,2026-09-29T19:46:12.000Z,2026-09-29T19:46:12.000Z,9808d6b8-5716-41c7-9812-b8b585b39443,-114.0740973,51.1538084
5380,NB @ 5 ST NW Terminal,ACTIVE,2026-09-29T19:46:12.000Z,2026-09-29T19:46:12.000Z,afccddac-88a6-49a4-9c85-5a28992594ec,-114.0741151,51.0590125
8434,Anderson LRT Station,ACTIVE,2026-09-29T19:46:12.000Z,2026-09-29T19:46:12.000Z,6b99a605-14d5-4941-b2e8-c397723d424a,-114.0741678,50.954241
9728,WB Silverado BV @ Silverado Ponds WY SW,ACTIVE,2026-09-29T19:46:12.000Z,2026-09-29T19:46:12.000Z,35ce09f0-98a4-4991-a5ac-492001da6f30,-114.0741945,50.8867304
2870,SB 4A ST @ 69 AV SW,ACTIVE,2026-09-29T19:46:12.000Z,2026-09-29T19:46:12.000Z,596fe3a8-10a6-41fc-b108-86b7d4ce4396,-114.0742053,50.9912751
6412,Heritage LRT Station NB,ACTIVE,2026-09-29T19:46:12.000Z,2026-09-29T19:46:12.000Z,01ae6401-1bc0-4d01-8896-833f8f84c31d,-114.0742172,50.9792842
6259,Anderson LRT Station,ACTIVE,2026-09-29T19:46:12.000Z,2026-09-29T19:46:12.000Z,0a1f3ca5-1641-4d3f-9b61-b6f08a685b93,-114.0742465,50.9545757
4200,NB Panatella DR @ Panatella BV NW,ACTIVE,2026-09-29T19:46:12.000Z,2026-09-29T19:46:12.000Z,4c665713-5029-4ae0-9f5e-5507e167b357,-114.0742484,51.1650691
2869,SB 4A ST @ 67 AV SW,ACTIVE,2026-09-29T19:46:12.000Z,2026-09-29T19:46:12.000Z,ed5e85bb-28de-40d9-8e28-a2aa04e163a1,-114.0742878,50.9930437
9029,NB Northmount DR @ Thorneycroft DR NW,ACTIVE,2026-09-29T19:46:12.000Z,2026-09-29T19:46:12.000Z,5d19f51d-a538-4ebc-9246-492ba8f9403d,-114.0743393,51.1018336
9715,WB Panamount BV @ Panamount DR NW,ACTIVE,2026-09-29T19:46:12.000Z,2026-09-29T19:46:12.000Z,cb9e0575-2a46-45b5-91e6-d56bfab08961,-114.0743506,51.1599762
6801,NB Anderson CTrain Station,ACTIVE,2026-09-29T19:46:12.000Z,2026-09-29T19:46:12.000Z,17356b63-e0a3-4669-9f68-b9d935777258,-114.0744084,50.954265
9191,EB 40 AV NW@  E. of Hudson RD,ACTIVE,2026-09-29T19:46:12.000Z,2026-09-29T19:46:12.000Z,09be977f-a368-4ff5-b3da-efd73383a860,-114.0744226,51.0878487
4582,WB 6 AV SW @ 5 ST SW,ACTIVE,2026-09-29T19:46:12.000Z,2026-09-29T19:46:12.000Z,ee369f57-e37a-490f-ae6c-0d2696ea12c9,-114.0744617,51.0478586
9189,WB @ Fish Creek-Lacombe Station,ACTIVE,2026-09-29T19:46:12.000Z,2026-09-29T19:46:12.000Z,9aa1a664-9e4f-4809-910f-89122a592daf,-114.0744662,50.924331
2873,WB 75 AV @ 4A ST SW,ACTIVE,2026-09-29T19:46:12.000Z,2026-09-29T19:46:12.000Z,0b9f49a5-587b-4df2-b962-00e963b10f5e,-114.0745277,50.9861506
5165,EB Bergen RD @ Bermuda DR NW,ACTIVE,2026-09-29T19:46:12.000Z,2026-09-29T19:46:12.000Z,4050d4c5-9f54-416c-acd7-4c968f207f87,-114.0745394,51.1291918
9187,EB @ Fish Creek-Lacombe Station,ACTIVE,2026-09-29T19:46:12.000Z,2026-09-29T19:46:12.000Z,7bb39d92-fbe0-49c8-8160-cc6232387cd2,-114.0745854,50.9240192
6121,Heritage LRT Station,ACTIVE,2026-09-29T19:46:12.000Z,2026-09-29T19:46:12.000Z,5f5ec212-6065-4a8d-871d-af61d2029bae,-114.0746119,50.9793526
9263,SB Anderson CTrain Station,ACTIVE,2026-09-29T19:46:12.000Z,2026-09-29T19:46:12.000Z,f8d93865-2e2a-4453-8925-4b20dff20bd8,-114.0746507,50.9542621
9035,SB Northmount DR @ Thorneycroft DR NW,ACTIVE,2026-09-29T19:46:12.000Z,2026-09-29T19:46:12.000Z,e39f485a-42f7-476c-8e4d-178acccfd916,-114.0747027,51.1017348
5499,NB Bermuda DR @ Bergen RD NW,ACTIVE,2026-09-29T19:46:12.000Z,2026-09-29T19:46:12.000Z,454d3814-f293-49b4-b9b7-548b374186ea,-114.0747485,51.1297277
6593,WB Shawnessy BV @ Millrise BV SW,ACTIVE,2026-09-29T19:46:12.000Z,2026-09-29T19:46:12.000Z,20bb086c-9557-4507-a309-6635f4b3c7f9,-114.0748018,50.9130867
4383,WB Country Hills BV @ Panorama Hills BV NW,ACTIVE,2026-09-29T19:46:12.000Z,2026-09-29T19:46:12.000Z,fb5a952b-0325-484d-84d7-89d54f77ca89,-114.0748335,51.1482771
7541,NB Shawnee GA @ James McKevitt  RD SW,ACTIVE,2026-09-29T19:46:12.000Z,2026-09-29T19:46:12.000Z,812c22c5-a359-4c3c-ac9c-6ccdb0cf02ae,-114.0748674,50.9219295
6828,EB 6 Street SW Station (Free Fare Zone),ACTIVE,2026-09-29T19:46:12.000Z,2026-09-29T19:46:12.000Z,b7b56866-c7d2-4289-9c68-1800ffb55f3d,-114.0748727,51.0467715
2874,EB 75 AV @ 4A ST SW,ACTIVE,2026-09-29T19:46:12.000Z,2026-09-29T19:46:12.000Z,33f606f6-23fd-4ffe-abc5-360d731bb208,-114.0749052,50.9858579
9698,WB Panatella BV @ Panatella DR NW,ACTIVE,2026-09-29T19:46:12.000Z,2026-09-29T19:46:12.000Z,41b3b713-cfce-463f-9308-1112f1489ae5,-114.0749073,51.1647843
7017,NB Canterbury DR @ Cannell RD SW,ACTIVE,2026-09-29T19:46:12.000Z,2026-09-29T19:46:12.000Z,814a1e7a-9623-4044-88d7-dd66ce210dc9,-114.075088,50.9407266
5762,Heritage LRT Station SB,ACTIVE,2026-09-29T19:46:12.000Z,2026-09-29T19:46:12.000Z,e10f3b7d-11ea-44b4-bf85-a2d6c390ff8f,-114.075119,50.9791053
8513,SB 6 ST SW @ Somerset GA,ACTIVE,2026-09-29T19:46:12.000Z,2026-09-29T19:46:12.000Z,3825400b-4f7e-49a6-9c38-e7a88e6b5913,-114.075165,50.8994485
3756,Heritage LRT Station,ACTIVE,2026-09-29T19:46:12.000Z,2026-09-29T19:46:12.000Z,6b754244-08d8-459a-a9b1-6480a7027834,-114.075174,50.9788422
9050,EB 64 AV NW @ Hunts CR,ACTIVE,2026-09-29T19:46:12.000Z,2026-09-29T19:46:12.000Z,409fce9c-0b2c-4dd2-a15d-270ef250f676,-114.0752449,51.1114717
9724,NB Panorama Hills BV NW @ Panorama Hills DR NW,ACTIVE,2026-09-29T19:46:12.000Z,2026-09-29T19:46:12.000Z,59d08c74-e7e5-43e2-919a-e5a83c4f79f9,-114.075345,51.1510423
2910,EB 144 Av NW @ Carrington Bv east leg,ACTIVE,2026-09-29T19:46:12.000Z,2026-09-29T19:46:12.000Z,a9aacf8b-ad32-4072-b067-89f77729beb5,-114.0753467,51.1833128
9313,EB 162 AV SW @ 6 ST SW,ACTIVE,2026-09-29T19:46:12.000Z,2026-09-29T19:46:12.000Z,1966162c-7ff8-437c-bbc0-b72e84ee4ae7,-114.0754364,50.9025154
8226,EB  Shawnessy DR @ Shawmeadows RD SW,ACTIVE,2026-09-29T19:46:12.000Z,2026-09-29T19:46:12.000Z,12d1d1bf-8b42-4aeb-9070-5750bd773ed6,-114.0754625,50.908791
7799,NB 6 ST SW @ Somervale DR,ACTIVE,2026-09-29T19:46:12.000Z,2026-09-29T19:46:12.000Z,e1fa2a37-ad66-4ff3-bd0b-8ff64b377d3f,-114.0754852,50.9003758
4566,EB 5 AV SW @ 6 ST SW,ACTIVE,2026-09-29T19:46:12.000Z,2026-09-29T19:46:12.000Z,97ecd103-98b3-4a80-87b7-319f8372ca62,-114.0755084,51.0486854
6204,EB 2 AV SW @ 6 ST SW,ACTIVE,2026-09-29T19:46:12.000Z,2026-09-29T19:46:12.000Z,881d3c4f-ca0d-4509-a840-553f20de19ba,-114.0755173,51.0515325
7018,NB Canterbury DR @ 120 AV SW,ACTIVE,2026-09-29T19:46:12.000Z,2026-09-29T19:46:12.000Z,88c0b46d-1334-4eba-abcd-00fd63d9d09c,-114.0755203,50.9454058
5978,NB Canterbury DR @ Cantrell DR SW,ACTIVE,2026-09-29T19:46:12.000Z,2026-09-29T19:46:12.000Z,8d8b016d-a583-4cdc-b9b3-5775d4e5c6df,-114.0755345,50.9431394
9030,EB 5 AV SW @ 6 ST SW,ACTIVE,2026-09-29T19:46:12.000Z,2026-09-29T19:46:12.000Z,a4b039ef-3cb2-45a4-8d2a-3802211b7af9,-114.075538,51.0486681
6523,WB 6 AV SW @ 6 ST SW,ACTIVE,2026-09-29T19:46:12.000Z,2026-09-29T19:46:12.000Z,aa358319-dd0d-4910-9a94-c835fca3dddf,-114.0756157,51.0478884
3018,SB Panorama Hills BV @ Panorama Hills DR NW,ACTIVE,2026-09-29T19:46:12.000Z,2026-09-29T19:46:12.000Z,269bf03d-9895-4ca0-90b2-1453f5dda003,-114.0756201,51.1503566
7015,NB 6 ST SW @ 130 AV SW,ACTIVE,2026-09-29T19:46:12.000Z,2026-09-29T19:46:12.000Z,65892380-1442-4c2a-9a05-99b05b7ce20b,-114.0756288,50.9366474
7016,EB Canterbury DR @ 6 ST SW,ACTIVE,2026-09-29T19:46:12.000Z,2026-09-29T19:46:12.000Z,d1c0ea60-81b7-4323-b2ab-4920810c5756,-114.0756778,50.9379079
5512,WB James McKevitt RD @ Shawnee GA SW,ACTIVE,2026-09-29T19:46:12.000Z,2026-09-29T19:46:12.000Z,65db0e25-b84e-4b23-80e3-28c9bd7061cc,-114.0757002,50.9214476
9711,EB Panatella BV @ Panatella CL NW,ACTIVE,2026-09-29T19:46:12.000Z,2026-09-29T19:46:12.000Z,f1fd23b3-0a97-4f5e-aad0-59859373cd4b,-114.0757099,51.1642647
3414,SB 6 ST SW @ 130 AV SW,ACTIVE,2026-09-29T19:46:12.000Z,2026-09-29T19:46:12.000Z,6a222d8d-02d8-40c6-822f-2d0405d91a06,-114.0758718,50.9359294
5977,NB 6 ST SW @ Cantrell DR SW,ACTIVE,2026-09-29T19:46:12.000Z,2026-09-29T19:46:12.000Z,cb1da6dd-db53-48f1-95a9-bc3d0c8ccea1,-114.0759541,50.9346407
9032,NB Northmount DR @ Thornhill DR NW,ACTIVE,2026-09-29T19:46:12.000Z,2026-09-29T19:46:12.000Z,cf61b71a-d893-437c-838f-32dd3ea7aaf9,-114.0760089,51.0993749
5702,EB 16 AV NW @ 6 ST NW,ACTIVE,2026-09-29T19:46:12.000Z,2026-09-29T19:46:12.000Z,f27af514-885c-433b-abcc-494c13136245,-114.0760229,51.0667869
4567,NB 6 ST SW @ 7 AV SW,ACTIVE,2026-09-29T19:46:12.000Z,2026-09-29T19:46:12.000Z,3c6a9d62-7d7b-4840-b007-1eca9aeab9b9,-114.0761447,51.0467404
9004,WB 64 AV NW @ Hunts CR,ACTIVE,2026-09-29T19:46:12.000Z,2026-09-29T19:46:12.000Z,b353136e-5c80-4d25-91c5-6e7078450a7f,-114.0761632,51.1116386
5477,NB Shawinigan DR @ 162 AV SW,ACTIVE,2026-09-29T19:46:12.000Z,2026-09-29T19:46:12.000Z,e1836be5-4773-4b99-a21a-a2803fe2ee5e,-114.0762305,50.903237
4094,WB Panamount BV @ Panamount HL NW,ACTIVE,2026-09-29T19:46:12.000Z,2026-09-29T19:46:12.000Z,e6937a78-5c58-4c1c-bb99-5a690d209e6a,-114.0762361,51.1593398
3413,SB 6 Street SW @ Canterbury Dr SW,ACTIVE,2026-09-29T19:46:12.000Z,2026-09-29T19:46:12.000Z,f90b8242-1bd7-4ead-94ed-4ea58b9ace8e,-114.0762431,50.9375668
7019,NB Canterbury DR @ 118 AV SW,ACTIVE,2026-09-29T19:46:12.000Z,2026-09-29T19:46:12.000Z,ebfaf783-710e-49e6-a023-7f3ec076ebf2,-114.0762713,50.9472776
8094,EB 12 AV SW @ 6 ST SW,ACTIVE,2026-09-29T19:46:12.000Z,2026-09-29T19:46:12.000Z,cf78df1d-5292-435e-b38b-414d28ee58ce,-114.07629,51.0417159
7800,EB Somerset GA @ Somerset DR SW,ACTIVE,2026-09-29T19:46:12.000Z,2026-09-29T19:46:12.000Z,d99948c5-5415-42cc-8fe5-7f4c97605dcb,-114.0763285,50.8991988
9730,EB Silverado WY @ Silverado DR SW,ACTIVE,2026-09-29T19:46:12.000Z,2026-09-29T19:46:12.000Z,ec524f3f-2d1f-41eb-8e1f-d45cdd29b2a3,-114.0763544,50.8814217
3415,SB 6 ST SW @ Canyon Meadows DR SW,ACTIVE,2026-09-29T19:46:12.000Z,2026-09-29T19:46:12.000Z,fbeb6ed1-3d0f-4ba0-a898-5ba63b08fe8c,-114.0764233,50.9341496
4417,EB Country Hills BV @ Country Hills DR NW,ACTIVE,2026-09-29T19:46:12.000Z,2026-09-29T19:46:12.000Z,6ac0099a-590c-44f0-9fab-45188117e933,-114.0764375,51.1475617
6999,EB 5 AV SW @ 6 ST SW,ACTIVE,2026-09-29T19:46:12.000Z,2026-09-29T19:46:12.000Z,7de57c04-cdad-4140-9ca9-c316fece0979,-114.0764636,51.0487003
7001,EB 5 AV SW @ 6 ST SW,ACTIVE,2026-09-29T19:46:12.000Z,2026-09-29T19:46:12.000Z,a85cbf95-5644-4874-b781-858241c10622,-114.0764636,51.0487003
9265,EB 5 AV SW @ 6 ST SW,ACTIVE,2026-09-29T19:46:12.000Z,2026-09-29T19:46:12.000Z,4c42561b-6485-4b78-83f2-eb5e792a58f1,-114.0764636,51.0487003
7591,EB Shawnee DR @ 6 ST SW,ACTIVE,2026-09-29T19:46:12.000Z,2026-09-29T19:46:12.000Z,2290d0f9-445a-4170-ba75-c0b03009ab62,-114.076473,50.9241025
4315,WB Panorama Hills DR @ Panorama Hills BV SW,ACTIVE,2026-09-29T19:46:12.000Z,2026-09-29T19:46:12.000Z,bfb99b4f-9cf9-4e89-a290-c7b623608a50,-114.0764792,51.1507469
2911,WB 144 Av NW @ Lucas Bv,ACTIVE,2026-09-29T19:46:12.000Z,2026-09-29T19:46:12.000Z,d9d0343e-8756-41e4-a2be-bf29db3a4567,-114.0764831,51.1835148
7000,EB 5 AV SW @ 6 ST SW,ACTIVE,2026-09-29T19:46:12.000Z,2026-09-29T19:46:12.000Z,ef21f794-f174-4da4-88ba-05370384e2b7,-114.0765365,51.0486751
7926,EB 17 AV SW @ 6 ST SW,ACTIVE,2026-09-29T19:46:12.000Z,2026-09-29T19:46:12.000Z,b6542b88-abb3-490e-94f1-80a244887cf8,-114.0765685,51.0377471
9034,SB Northmount DR @ Thornhill DR NW,ACTIVE,2026-09-29T19:46:12.000Z,2026-09-29T19:46:12.000Z,632d089a-8281-498b-b539-944293644a66,-114.0766322,51.0987788
6802,NB Southland CTrain Station,ACTIVE,2026-09-29T19:46:12.000Z,2026-09-29T19:46:12.000Z,601c497e-187f-4312-a411-322665f5d97b,-114.076645,50.9644584
6331,EB Beddington BV @ Berkley DR NW,ACTIVE,2026-09-29T19:46:12.000Z,2026-09-29T19:46:12.000Z,4832a638-7e87-4a51-b0d2-5386662e51d2,-114.0766897,51.1270599
9005,EB 64 AV NW @ Hunterview DR,ACTIVE,2026-09-29T19:46:12.000Z,2026-09-29T19:46:12.000Z,7d35ce9d-ca54-47a8-bee3-016b684524cc,-114.0767263,51.1113199
9725,EB Panorama Hills WY @ Panorama Hills BV NW,ACTIVE,2026-09-29T19:46:12.000Z,2026-09-29T19:46:12.000Z,ec444be6-46e6-4301-ae74-28cea1cd23cf,-114.0767852,51.153372
8221,SB Shawinigan DR @ Shawglen RI SW,ACTIVE,2026-09-29T19:46:12.000Z,2026-09-29T19:46:12.000Z,befdceb5-e37b-4c60-abde-e5e6d88e10e9,-114.0768049,50.9042858
5423,WB 58 AV SW @ Chinook Centre,ACTIVE,2026-09-29T19:46:12.000Z,2026-09-29T19:46:12.000Z,114e712e-7fd5-4606-b349-42ec4d72e7b1,-114.0768273,51.0014592
9203,SB Somerset DR @ Somerset GA SW,ACTIVE,2026-09-29T19:46:12.000Z,2026-09-29T19:46:12.000Z,3ef68f03-1a81-4141-8218-e90e7d4e6dfc,-114.0768414,50.8987098
8561,SB Southland CTrain Station,ACTIVE,2026-09-29T19:46:12.000Z,2026-09-29T19:46:12.000Z,3faa7d21-c1db-46f1-9ee6-f0d2a8a05588,-114.0768595,50.9644457
1712,SB Country Hills DR @ Country Hills VW NW,ACTIVE,2026-09-29T19:46:12.000Z,2026-09-29T19:46:12.000Z,9ce17da7-ab9a-4286-b6cf-a58fa37b2491,-114.07695,51.1463548
9699,WB Panatella BV @ Panatella CL NW,ACTIVE,2026-09-29T19:46:12.000Z,2026-09-29T19:46:12.000Z,972eb264-72b9-4d57-a80d-53285abf8f8c,-114.0770347,51.164127
5733,WB 16 AV NW @ 6 ST NW,ACTIVE,2026-09-29T19:46:12.000Z,2026-09-29T19:46:12.000Z,428f88cb-a5a3-46f3-971d-bd1cd9153f4f,-114.0770475,51.0670644
6974,WB 6 AV SW @ 6 ST SW,ACTIVE,2026-09-29T19:46:12.000Z,2026-09-29T19:46:12.000Z,fa2e552f-f2fb-4272-a077-d305ef4c5665,-114.0770547,51.0479235
7933,WB 17 AV SW @ 6 ST SW,ACTIVE,2026-09-29T19:46:12.000Z,2026-09-29T19:46:12.000Z,4104f57b-114b-425c-85fa-bd8507dd1adb,-114.0772432,51.0379079
8650,EB 9 AV SW @ W. of 6 ST SW,ACTIVE,2026-09-29T19:46:12.000Z,2026-09-29T19:46:12.000Z,fb718759-3898-4f2c-a69c-76060aec3d44,-114.0772509,51.0449457
5781,NB Northmount DR @ Trafford CR NW,ACTIVE,2026-09-29T19:46:12.000Z,2026-09-29T19:46:12.000Z,ae4e7293-ebc5-4175-9d5c-fdef41521bc3,-114.0772842,51.097275
4316,SB Panorama Hills BV @ Panorama Hills MR NW,ACTIVE,2026-09-29T19:46:12.000Z,2026-09-29T19:46:12.000Z,c97af422-acb8-45b9-9f66-40b25c208eb8,-114.0773036,51.1528633
5234,EB Norfolk DR @ 64 AV NW,ACTIVE,2026-09-29T19:46:12.000Z,2026-09-29T19:46:12.000Z,da6dc77a-cde0-4193-9b72-272e94663632,-114.0773569,51.1099325
8219,WB Shawinigan DR @ Shawglen RI SW,ACTIVE,2026-09-29T19:46:12.000Z,2026-09-29T19:46:12.000Z,27317b6f-3fa0-4906-a6f6-978a0687efaa,-114.0773695,50.9050375
9716,WB Panamount BV @ Panamount HL NW,ACTIVE,2026-09-29T19:46:12.000Z,2026-09-29T19:46:12.000Z,bba3b701-611f-42a9-8014-e5b006ca2ae0,-114.0774003,51.1592519
5582,WB 11 AV @ 6 ST SW,ACTIVE,2026-09-29T19:46:12.000Z,2026-09-29T19:46:12.000Z,93b1ff55-e2f2-4286-8303-1b796f4954c7,-114.0774023,51.0428591
5624,Southland LRT Station EB,ACTIVE,2026-09-29T19:46:12.000Z,2026-09-29T19:46:12.000Z,10e8e573-1abd-4eb0-961d-b932ed833dd3,-114.0774151,50.9642168
6097,Southland LRT Station EB,ACTIVE,2026-09-29T19:46:12.000Z,2026-09-29T19:46:12.000Z,4155eeba-df63-42bd-806c-b60ca77d705a,-114.0774589,50.9641999
9204,WB Somerset DR @ Somerglen CL SW,ACTIVE,2026-09-29T19:46:12.000Z,2026-09-29T19:46:12.000Z,c11d79a6-a1ea-4871-9a9c-461d7a23ddd6,-114.0774905,50.8965222
6440,Southland LRT Station EB,ACTIVE,2026-09-29T19:46:12.000Z,2026-09-29T19:46:12.000Z,f366d633-fb80-473c-9449-8de8d8723765,-114.0775317,50.9641747
9033,SB Northmount DR @ Northmount CR NW,ACTIVE,2026-09-29T19:46:12.000Z,2026-09-29T19:46:12.000Z,4f544b3a-ca89-4925-a2cd-131711a544c5,-114.0775905,51.0971747
8735,WB Elbow DR @ 29 AV SW,ACTIVE,2026-09-29T19:46:12.000Z,2026-09-29T19:46:12.000Z,9e4753a2-f0b8-4a62-bfb2-2ca3b7d1e1a9,-114.0776081,51.0278068
8999,NB 64 AV NW @ Norfolk DR NW,ACTIVE,2026-09-29T19:46:12.000Z,2026-09-29T19:46:12.000Z,0bcb1fbe-461f-4b76-b323-5cd84aa884df,-114.0776208,51.1107307
5159,WB Beddington BV @ Bermuda DR NW,ACTIVE,2026-09-29T19:46:12.000Z,2026-09-29T19:46:12.000Z,ffb5e6ea-984a-4a1b-8097-f993805b4161,-114.0776598,51.1277678
8998,EB Norfolk DR @ Thornaby CR NW,ACTIVE,2026-09-29T19:46:12.000Z,2026-09-29T19:46:12.000Z,b7c424ab-1712-4a03-ac8f-15067f6081ef,-114.0776809,51.1084205
5216,NB Elbow DR @ Elbow Park LN SW,ACTIVE,2026-09-29T19:46:12.000Z,2026-09-29T19:46:12.000Z,896218d0-4189-4d4b-8ae4-672c5b2463a5,-114.0777344,51.0219453
8722,NB Elbow DR @ 38 AV SW,ACTIVE,2026-09-29T19:46:12.000Z,2026-09-29T19:46:12.000Z,27c49416-2d28-4fb0-bb89-18d593971549,-114.0777394,51.0205062
8724,SB Elbow DR @ 38 AV SW,ACTIVE,2026-09-29T19:46:12.000Z,2026-09-29T19:46:12.000Z,72fce411-deb5-46d9-a3ad-04a483daf1f5,-114.0779568,51.0202238
8723,SB Elbow DR @ 36 AV SW,ACTIVE,2026-09-29T19:46:12.000Z,2026-09-29T19:46:12.000Z,0f468ac2-0cbb-47e0-9063-3e8ff5be8ee8,-114.0779608,51.0212943
9084,WB 40 AV NW @ Hudson RD,ACTIVE,2026-09-29T19:46:12.000Z,2026-09-29T19:46:12.000Z,f6c5c469-adbf-4ce9-abde-c92aeb2f621c,-114.0779628,51.0887829
6420,Southland LRT Station EB,ACTIVE,2026-09-29T19:46:12.000Z,2026-09-29T19:46:12.000Z,c3d34f05-52f3-4b9d-a0e7-98190f40460f,-114.0779643,50.9645454
6825,WB 7 Street SW Station (Free Fare Zone),ACTIVE,2026-09-29T19:46:12.000Z,2026-09-29T19:46:12.000Z,69ffdfef-43c2-4764-80bf-614c20c8c8cc,-114.0779849,51.0469754
8725,SB Elbow DR @ Sifton BV SW,ACTIVE,2026-09-29T19:46:12.000Z,2026-09-29T19:46:12.000Z,8ea781a9-fae8-420b-aaa8-9b4254ae8b20,-114.0780145,51.0193078
5428,EB 58 AV @ W. of Chinook Centre,ACTIVE,2026-09-29T19:46:12.000Z,2026-09-29T19:46:12.000Z,e96993e3-5b12-49ef-aabb-a877dbccab51,-114.0780632,51.0013012
2727,SB Haddon Rd @ Hogarth Rd,ACTIVE,2026-09-29T19:46:12.000Z,2026-09-29T19:46:12.000Z,da596613-ec12-4c77-bc87-7aec074f5d29,-114.0780825,50.9740506
8721,NB Elbow DR @ Landsdowne AV SW,ACTIVE,2026-09-29T19:46:12.000Z,2026-09-29T19:46:12.000Z,b0c23d82-e44b-48fd-a3eb-6a0c15a3e9fc,-114.0781209,51.0169358
4319,WB Country Hills BV @ Country Hills DR NW,ACTIVE,2026-09-29T19:46:12.000Z,2026-09-29T19:46:12.000Z,5ef2908f-17fa-4b96-918a-4862da4c8313,-114.0781286,51.147505
9063,NB Northmount DR @ Hendon DR NW,ACTIVE,2026-09-29T19:46:12.000Z,2026-09-29T19:46:12.000Z,2aabec50-2c52-4bcf-b8f8-1988430fc202,-114.0781621,51.0958128
8102,EB Bermuda DR @ Bemuda RD NW,ACTIVE,2026-09-29T19:46:12.000Z,2026-09-29T19:46:12.000Z,02071b50-9599-4bf5-825d-d4aa13c9982a,-114.0782115,51.1323869
9979,WB 6 AV SW @ 7 ST SW,ACTIVE,2026-09-29T19:46:12.000Z,2026-09-29T19:46:12.000Z,a7f63011-cf2c-41f5-8128-b93468157f6e,-114.078251,51.0479625
8630,Southland LRT Station WB,ACTIVE,2026-09-29T19:46:12.000Z,2026-09-29T19:46:12.000Z,24da4422-0c73-45f2-913f-dd5da244eef2,-114.0782514,50.9642827
8040,SB 2 AV NW @ 6 ST NW,ACTIVE,2026-09-29T19:46:12.000Z,2026-09-29T19:46:12.000Z,97c71a2b-e885-49fe-95be-aa297f27d735,-114.0782707,51.0580732
6863,WB Shawnessy BV @ W. of Shawnessy DR SW,ACTIVE,2026-09-29T19:46:12.000Z,2026-09-29T19:46:12.000Z,15b22d18-c359-4229-90e7-cc4dbcf5c66a,-114.0783497,50.9136883
4727,EB 86 AV SW @ Haddon RD,ACTIVE,2026-09-29T19:46:12.000Z,2026-09-29T19:46:12.000Z,cb0e092b-366f-4d33-8851-09a8f5db80a9,-114.0784537,50.9759659
5740,SB Northmount DR @ Hendon DR NW,ACTIVE,2026-09-29T19:46:12.000Z,2026-09-29T19:46:12.000Z,ff729d37-c80e-4852-9030-1277c67e9887,-114.078465,51.0957664
6778,EB 24 AV NW @ 7 ST NW,ACTIVE,2026-09-29T19:46:12.000Z,2026-09-29T19:46:12.000Z,13f178f5-1891-4d49-9994-aa998918146d,-114.0784654,51.0742418
8733,NB Elbow DR @ 30 AV SW,ACTIVE,2026-09-29T19:46:12.000Z,2026-09-29T19:46:12.000Z,1de8875a-ee5c-4fbc-b764-17be7176b414,-114.0785035,51.0267229
8093,EB 12 AV SW @ 7 ST SW,ACTIVE,2026-09-29T19:46:12.000Z,2026-09-29T19:46:12.000Z,21ed8522-0e55-4c25-8889-8bf9cb2dae70,-114.078583,51.0417823
8732,NB Elbow DR @ 32 AV SW,ACTIVE,2026-09-29T19:46:12.000Z,2026-09-29T19:46:12.000Z,9641785b-390a-4ed9-8b86-1e943f2810b7,-114.0786206,51.0250887
5096,NB Hunterview DR @ 64 AV NW,ACTIVE,2026-09-29T19:46:12.000Z,2026-09-29T19:46:12.000Z,de77eb93-a74f-4995-a530-4e56cf28e90a,-114.0786491,51.1105135
8994,WB Norfolk DR @ Thornwood PL NW,ACTIVE,2026-09-29T19:46:12.000Z,2026-09-29T19:46:12.000Z,77e27f07-53f1-4ddc-87fe-8a2ded1c2b27,-114.0786571,51.1081211
8737,SB Elbow DR @ 32 AV SW,ACTIVE,2026-09-29T19:46:12.000Z,2026-09-29T19:46:12.000Z,d8c672d5-fb01-4156-9643-a6b80121b3d8,-114.0786961,51.0245689
8720,NB Elbow DR @ Britannia DR SW,ACTIVE,2026-09-29T19:46:12.000Z,2026-09-29T19:46:12.000Z,594c1b65-3014-49d4-bb28-d5b8df942bfb,-114.0787738,51.0151712
8726,SB Elbow DR @ Lansdowne AV SW,ACTIVE,2026-09-29T19:46:12.000Z,2026-09-29T19:46:12.000Z,652181c1-ea16-4315-a1c5-b6c006fe3f39,-114.0788071,51.016908
2030,SB 7 ST SW @ 7 AVE SW,ACTIVE,2026-09-29T19:46:12.000Z,2026-09-29T19:46:12.000Z,ee4d78a2-e356-4aa5-a16b-5efc08e210fe,-114.0788386,51.0470606
9022,NB 7 ST NW @ 22 AV NW,ACTIVE,2026-09-29T19:46:12.000Z,2026-09-29T19:46:12.000Z,4e17feef-2a01-48ee-8857-814a0bdd40b3,-114.0788455,51.0727402
4757,WB Millrise DR @ Millside DR SW,ACTIVE,2026-09-29T19:46:12.000Z,2026-09-29T19:46:12.000Z,4d640967-2389-4efa-8401-b8be92f29823,-114.0788541,50.9169472
6619,NB 7 ST NW @ 20 AV NW,ACTIVE,2026-09-29T19:46:12.000Z,2026-09-29T19:46:12.000Z,e7034c46-891e-4fcc-9844-b7e827fd400e,-114.0788584,51.0709505
6855,EB 5 AV SW @ 7 ST SW,ACTIVE,2026-09-29T19:46:12.000Z,2026-09-29T19:46:12.000Z,cca97212-2196-45d6-afac-fd0633635078,-114.0788708,51.0487695
9729,WB Silverado BV @ Silverado Skies LI SW,ACTIVE,2026-09-29T19:46:12.000Z,2026-09-29T19:46:12.000Z,86d197fd-02df-473d-848b-be397f6837fb,-114.0789997,50.8867285
8043,NB 2 AV NW @ 7 ST NW,ACTIVE,2026-09-29T19:46:12.000Z,2026-09-29T19:46:12.000Z,8323b845-1d2b-4ef6-8eca-f1e9014f9406,-114.0790564,51.0573822
6133,WB 4 AV SW @ 7 ST SW,ACTIVE,2026-09-29T19:46:12.000Z,2026-09-29T19:46:12.000Z,0fbc60ba-5fdf-492f-8b80-651399e5311e,-114.0792572,51.0498855
8727,SB Elbow DR @ Britannia DR SW,ACTIVE,2026-09-29T19:46:12.000Z,2026-09-29T19:46:12.000Z,c9346a75-e738-4198-ba28-1b09d55a5058,-114.0792609,51.0144548
6950,EB Heritage DR @ 5 ST SW,ACTIVE,2026-09-29T19:46:12.000Z,2026-09-29T19:46:12.000Z,beb2f984-af9d-433b-886e-102fbb84095e,-114.0792619,50.9795005
9186,EB 40 AV NW @ 9 ST NW,ACTIVE,2026-09-29T19:46:12.000Z,2026-09-29T19:46:12.000Z,b683d5d4-bfdf-4bd0-87d5-357eb6edfcef,-114.0792666,51.0887165
6951,EB Heritage DR @ 5 ST SW,ACTIVE,2026-09-29T19:46:12.000Z,2026-09-29T19:46:12.000Z,81390fc8-722f-4eac-a255-27b86b582f19,-114.0793194,50.9794929
2909,EB 144 AV @ Carringvue DR NW,ACTIVE,2026-09-29T19:46:12.000Z,2026-09-29T19:46:12.000Z,fd917eb2-cb08-4d04-8df3-10a8ff50e51f,-114.0793313,51.1832865
9828,WB 6 AV SW @ W. of 7 ST SW,ACTIVE,2026-09-29T19:46:12.000Z,2026-09-29T19:46:12.000Z,aeda6de9-467f-49ce-aac5-79ee526ba0d4,-114.0793623,51.0479902
8101,WB Bermuda DR @ Bernard DR NW,ACTIVE,2026-09-29T19:46:12.000Z,2026-09-29T19:46:12.000Z,9b7fd11f-5206-4fc8-b12b-bae79337c017,-114.0794037,51.1325246
8225,SB Shawnessy DR @ Shannon CL SW,ACTIVE,2026-09-29T19:46:12.000Z,2026-09-29T19:46:12.000Z,e9fb4ccf-1b97-4c5d-9ef3-ac06f76d9742,-114.0794044,50.9096391
9710,EB Panatella BV @ Panamount HL NW,ACTIVE,2026-09-29T19:46:12.000Z,2026-09-29T19:46:12.000Z,12c5dbcd-7b20-4e5a-b5a4-dc4049b902ba,-114.0794925,51.1631522
9062,NB Northmount DR @ 44 AV NW,ACTIVE,2026-09-29T19:46:12.000Z,2026-09-29T19:46:12.000Z,b827daab-19fb-4556-9e85-007242888ef9,-114.0795063,51.0937506
6952,WB Heritage DR @ 5 ST SW,ACTIVE,2026-09-29T19:46:12.000Z,2026-09-29T19:46:12.000Z,556f1c68-b6ad-4a8a-9e0b-868a50d09b5f,-114.0795374,50.9796513
6953,WB Heritage DR @ 5 ST SW,ACTIVE,2026-09-29T19:46:12.000Z,2026-09-29T19:46:12.000Z,ba15a6c2-4194-41fe-a067-154f77c29493,-114.0796222,50.9796624
4095,EB Panamount BV @ Panorama Hills BV NW,ACTIVE,2026-09-29T19:46:12.000Z,2026-09-29T19:46:12.000Z,f4e64fe7-00aa-4453-906e-69b6532ee089,-114.0796265,51.1579764
5765,WB 6 AV SW @ W. of 7 ST SW,ACTIVE,2026-09-29T19:46:12.000Z,2026-09-29T19:46:12.000Z,5c2a5b2a-b990-4df7-9cee-74658917453d,-114.0796472,51.0479974
8622,EB Beddington BV @ Berkley RD NW,ACTIVE,2026-09-29T19:46:12.000Z,2026-09-29T19:46:12.000Z,e579c4cc-0a98-42a5-89eb-8b923c22de53,-114.079709,51.1283677
4873,NB Hunterview DR @ Hunterbow CR NW,ACTIVE,2026-09-29T19:46:12.000Z,2026-09-29T19:46:12.000Z,8d4d27fa-ca6e-4bb7-8da1-dd40ebee84bf,-114.0797154,51.1137693
4874,NB Hunterview DR @ Huntsbay RD NW,ACTIVE,2026-09-29T19:46:12.000Z,2026-09-29T19:46:12.000Z,e6c1ccf9-a071-4220-a22a-ade93398e635,-114.0797859,51.1119721
4875,SB Hunterview DR @ Hunterdale PL NW,ACTIVE,2026-09-29T19:46:12.000Z,2026-09-29T19:46:12.000Z,651fc041-5aea-4dd0-9cd4-dfacbf4e9b0a,-114.0798838,51.1138185
3877,WB Silverado Skies DR @ Silverado Skies LI SW,ACTIVE,2026-09-29T19:46:12.000Z,2026-09-29T19:46:12.000Z,ae3b36fe-d6bd-4f05-aa82-b37b4172933b,-114.0798882,50.887983
3925,EB 69 AV SW @ 7 ST SW,ACTIVE,2026-09-29T19:46:12.000Z,2026-09-29T19:46:12.000Z,aab8a79e-dd9d-4f64-baa4-1acde971eb40,-114.0799138,50.991382
6827,EB 8 Street SW Station (Free Fare Zone),ACTIVE,2026-09-29T19:46:12.000Z,2026-09-29T19:46:12.000Z,06f1f174-884e-4147-817e-3efa7891d7e4,-114.0799674,51.0469224
5102,SB Hunterview DR @ Huntsbay RD NW,ACTIVE,2026-09-29T19:46:12.000Z,2026-09-29T19:46:12.000Z,68a07ed3-a0b2-4f12-8fe3-d7d73ed2370c,-114.0799917,51.1114286
4314,WB Panorama Hills DR @ Panorama Hills GR NW,ACTIVE,2026-09-29T19:46:12.000Z,2026-09-29T19:46:12.000Z,e8c8bf40-71a1-4ba5-9136-dd0cd86e17f4,-114.0800483,51.1492161
3411,EB Canterbury DR @ Canyon Meadows DR SW,ACTIVE,2026-09-29T19:46:12.000Z,2026-09-29T19:46:12.000Z,222707d1-b855-4516-9d56-290ccc3430ce,-114.0800508,50.9368688
9184,EB Shawnee DR @ Shawnee CO SW,ACTIVE,2026-09-29T19:46:12.000Z,2026-09-29T19:46:12.000Z,7371b6f2-0369-478c-b4b7-30224c0b6b57,-114.0801015,50.9250209
8552,SB Northmount DR @ Holmwood AV NW,ACTIVE,2026-09-29T19:46:12.000Z,2026-09-29T19:46:12.000Z,36618a94-4f12-4a06-9d5d-78dd8990ef36,-114.0801399,51.0934427
8222,EB Shawinigan DR @ Shawfield DR SW,ACTIVE,2026-09-29T19:46:12.000Z,2026-09-29T19:46:12.000Z,589d97fb-92c5-47fd-a861-5e04a2fcd60f,-114.080162,50.9051974
5146,EB 5 AV SW @ 8 ST SW,ACTIVE,2026-09-29T19:46:12.000Z,2026-09-29T19:46:12.000Z,3f8ff31f-6ce1-47e4-a8f9-16fbc0fc3344,-114.0802255,51.0487854
8658,EB 5 AV SW @ 8 ST SW,ACTIVE,2026-09-29T19:46:12.000Z,2026-09-29T19:46:12.000Z,428237e5-bef3-436e-b8cc-66034a858042,-114.0802392,51.0487947
6998,EB 5 AV SW @ 8 ST SW,ACTIVE,2026-09-29T19:46:12.000Z,2026-09-29T19:46:12.000Z,ef01b3da-0a60-4f6d-b599-cffc4e485ff3,-114.0802414,51.0487588
2919,WB 144 Av @ Lucas Way NW,ACTIVE,2026-09-29T19:46:12.000Z,2026-09-29T19:46:12.000Z,7c61ae0a-eb03-4153-8033-fbdc8e1daf41,-114.0802534,51.1835515
6997,EB 5 AV SW @ 8 ST SW,ACTIVE,2026-09-29T19:46:12.000Z,2026-09-29T19:46:12.000Z,902b1348-04f1-43ea-a415-95e8cef306d0,-114.080254,51.0487861
8529,EB 5 AV SW @ 8 ST SW,ACTIVE,2026-09-29T19:46:12.000Z,2026-09-29T19:46:12.000Z,6320802d-ab09-4d17-abcf-d081363f7e48,-114.080254,51.0487861
4767,WB Shawnee DR @ Shawnee CO SW,ACTIVE,2026-09-29T19:46:12.000Z,2026-09-29T19:46:12.000Z,3e0c66f4-04f1-472f-9782-b469c25eef27,-114.0804245,50.9253168
9723,EB Panorama Hills DR @ Panorama Hills GR NW,ACTIVE,2026-09-29T19:46:12.000Z,2026-09-29T19:46:12.000Z,3c2c3381-73f3-4469-9bea-bbf89263c303,-114.080432,51.1490737
4897,EB James McKevitt RD @ Millrise WY SW,ACTIVE,2026-09-29T19:46:12.000Z,2026-09-29T19:46:12.000Z,48019616-3e62-4d28-a57e-836df90d2c72,-114.0804839,50.9212328
4291,NB Panatella BV @ Panatella CR NW,ACTIVE,2026-09-29T19:46:12.000Z,2026-09-29T19:46:12.000Z,cb00061e-bcef-4074-9c95-1bb3be4017fe,-114.0806116,51.1677423
8619,WB Beddington BV @ Bermuda RD NW,ACTIVE,2026-09-29T19:46:12.000Z,2026-09-29T19:46:12.000Z,126b4e66-bd92-4b7d-ab6a-b30d13586c8b,-114.0806815,51.1290396
4876,SB Hunterview DR @ 72 AV NW,ACTIVE,2026-09-29T19:46:12.000Z,2026-09-29T19:46:12.000Z,819bcdd4-cd4b-4b4c-ba1d-af0de41b010c,-114.0807363,51.1159356
8413,NB Elbow DR @ 47 AV SW,ACTIVE,2026-09-29T19:46:12.000Z,2026-09-29T19:46:12.000Z,aa9f8a48-2e98-44e3-9c27-2f86ccd7d079,-114.0807405,51.0117843
3412,WB Canyon Meadows Dr.@ Canterbury Dr SW,ACTIVE,2026-09-29T19:46:12.000Z,2026-09-29T19:46:12.000Z,577abe0f-d7d7-4960-8a5c-61ddf19d6b45,-114.0807413,50.9371856
9023,EB 20 AV NW @ 8 ST NW,ACTIVE,2026-09-29T19:46:12.000Z,2026-09-29T19:46:12.000Z,ca1a74cd-2176-4717-ae9f-86b346b2b555,-114.0808298,51.0704781
9405,EB 16 AV NW @ 8 ST NW,ACTIVE,2026-09-29T19:46:12.000Z,2026-09-29T19:46:12.000Z,e0f58025-be71-4019-8ce0-176a27cb359b,-114.0808632,51.0667731
3017,SB Panatella BV @ Panatella GR NW,ACTIVE,2026-09-29T19:46:12.000Z,2026-09-29T19:46:12.000Z,60a7d1dc-4c5f-436d-a7a9-af336df617d0,-114.0808661,51.1671334
7020,WB Canterbury DR @ Canfield CR SW,ACTIVE,2026-09-29T19:46:12.000Z,2026-09-29T19:46:12.000Z,2adc4c23-0871-475d-a7a4-c9b0e372048f,-114.0808863,50.9479328
7014,SB Canyon Meadows DR@ Canterbury DR SW,ACTIVE,2026-09-29T19:46:12.000Z,2026-09-29T19:46:12.000Z,47fbe3b9-8ce6-4c61-97d2-7a39cd48e8bf,-114.0809381,50.9364295
9717,WB Panamount BV @ Panamount SQ NW,ACTIVE,2026-09-29T19:46:12.000Z,2026-09-29T19:46:12.000Z,6dd2da42-3936-40a0-9310-7ad50681a0cb,-114.0809568,51.1577488
8771,EB 17 AV SW @ 8 ST SW,ACTIVE,2026-09-29T19:46:12.000Z,2026-09-29T19:46:12.000Z,2e89c0ed-f4cd-49fb-9924-52b79c592869,-114.0810765,51.037752
5144,NB 8 ST SW @ 7 AV SW,ACTIVE,2026-09-29T19:46:12.000Z,2026-09-29T19:46:12.000Z,3c160dd5-0bc4-45c8-ac32-74af553a41b4,-114.0810907,51.0467139
8995,WB Norfolk DR @ Theodore PL NW,ACTIVE,2026-09-29T19:46:12.000Z,2026-09-29T19:46:12.000Z,cf22703e-fe02-4d52-a5b1-8acace338222,-114.0811571,51.1069963
8412,NB Elbow DR @ 50 AV SW,ACTIVE,2026-09-29T19:46:12.000Z,2026-09-29T19:46:12.000Z,f84610c3-059b-459c-b65a-f95f1cc28bee,-114.081198,51.0092682
5097,NB Hunterview DR @ 72 AV NW,ACTIVE,2026-09-29T19:46:12.000Z,2026-09-29T19:46:12.000Z,3de8d20f-3157-4f7c-a926-9fc01d28136d,-114.081248,51.1166589
5214,NB Elbow DR @ 56 AV SW,ACTIVE,2026-09-29T19:46:12.000Z,2026-09-29T19:46:12.000Z,646bf259-3c85-49a6-a1b4-9a309f58fed8,-114.0812591,51.0037558
8715,NB Elbow DR @ 54 AV SW,ACTIVE,2026-09-29T19:46:12.000Z,2026-09-29T19:46:12.000Z,bb14039b-982a-4563-922a-43bb048175eb,-114.0812602,51.0055548
5122,SB 8 ST SW @ 7 AV SW ns,ACTIVE,2026-09-29T19:46:12.000Z,2026-09-29T19:46:12.000Z,3321929a-79c5-4b33-b3a4-48cb85e4b266,-114.081296,51.0471931
6590,EB Shawnessy DR @ Shannon DR SW,ACTIVE,2026-09-29T19:46:12.000Z,2026-09-29T19:46:12.000Z,52079f60-09fe-4147-92e6-466b73333e84,-114.0813008,50.9112553
4744,WB Somerset DR @ Somercrest CI SW,ACTIVE,2026-09-29T19:46:12.000Z,2026-09-29T19:46:12.000Z,dc83c4c1-60e1-445c-ac7f-f9caf366c7a7,-114.0813277,50.900891
5143,NB 8 ST SW @ 11 AV SW,ACTIVE,2026-09-29T19:46:12.000Z,2026-09-29T19:46:12.000Z,f5659938-135a-4a59-89ee-96e088787f2a,-114.0813681,51.0426435
9700,WB Panatella BV NW @ Panamount RI NW,ACTIVE,2026-09-29T19:46:12.000Z,2026-09-29T19:46:12.000Z,cd6471fc-64f8-43c8-99c7-9fcbe0166376,-114.0814221,51.1632921
8220,WB Shawinigan DR @ Shawfield DR SW,ACTIVE,2026-09-29T19:46:12.000Z,2026-09-29T19:46:12.000Z,1862fc7e-ce1c-443b-ab65-5005b48f3fad,-114.0814621,50.9053127
5189,SB Elbow DR @ 54 AV SW,ACTIVE,2026-09-29T19:46:12.000Z,2026-09-29T19:46:12.000Z,2aaec3fc-7292-4aec-9d0c-5870ff36c9b3,-114.081467,51.0047594
8717,SB Elbow DR @ 56 AV SW,ACTIVE,2026-09-29T19:46:12.000Z,2026-09-29T19:46:12.000Z,d5b2d71a-f945-4388-a086-a1ba3f657bcd,-114.0814825,51.0031497
4850,NB 8 ST SW @ 14 AV SW,ACTIVE,2026-09-29T19:46:12.000Z,2026-09-29T19:46:12.000Z,3ca1aa63-dae7-49a5-a69a-f1e406016924,-114.0815093,51.0403983
8729,SB Elbow DR @ 47 AV SW,ACTIVE,2026-09-29T19:46:12.000Z,2026-09-29T19:46:12.000Z,d0eb800d-9839-4b43-b686-c7dc374a94dd,-114.0815151,51.0110301
4750,EB Shawnessy BV @ E. of Shawnessy DR SW,ACTIVE,2026-09-29T19:46:12.000Z,2026-09-29T19:46:12.000Z,38db7d51-4ff6-4c8e-8a8a-583ab92bf107,-114.0815218,50.9139296
8730,SB Elbow DR @ 49 AV SW,ACTIVE,2026-09-29T19:46:12.000Z,2026-09-29T19:46:12.000Z,206bd8fa-e182-4619-80bc-3715d385f2b1,-114.0815727,51.0092056
7238,WB James McKevitt RD @ Millrise WY SW,ACTIVE,2026-09-29T19:46:12.000Z,2026-09-29T19:46:12.000Z,7f527587-4f90-42dd-813c-a89d592def7d,-114.0815763,50.9214688
3016,EB Panatella BV @ Panton HT NW,ACTIVE,2026-09-29T19:46:12.000Z,2026-09-29T19:46:12.000Z,81235c83-29b0-4e60-9a5f-1b8c24117cd1,-114.0816082,51.1701301
7796,EB Somerset DR @ Somercrest CL SW,ACTIVE,2026-09-29T19:46:12.000Z,2026-09-29T19:46:12.000Z,06335ff5-7a5c-4c52-8e84-718c0dd0487c,-114.0816207,50.9007544
5142,NB 8 ST SW @ 15 AV SW,ACTIVE,2026-09-29T19:46:12.000Z,2026-09-29T19:46:12.000Z,ef9fa617-48cd-46c4-a622-110fca35a21a,-114.0816316,51.0389748
5124,SB 8 ST SW @ 11 AV SW,ACTIVE,2026-09-29T19:46:12.000Z,2026-09-29T19:46:12.000Z,0ae8fa5c-b75e-4e20-a473-d5b22f0532b4,-114.0816643,51.042471
4679,NB 8 ST SW @ 19 AV SW,ACTIVE,2026-09-29T19:46:12.000Z,2026-09-29T19:46:12.000Z,95ae8d54-e753-4daf-b1f7-4e3ec8669031,-114.0817145,51.0364547
9433,WB 16 AV NW @ 8 ST NW,ACTIVE,2026-09-29T19:46:12.000Z,2026-09-29T19:46:12.000Z,4914d676-f9e7-4358-b868-74618f98f8ed,-114.0818439,51.0670674
4849,SB 8 ST SW @ 14 AV SW,ACTIVE,2026-09-29T19:46:12.000Z,2026-09-29T19:46:12.000Z,ebd5bd4a-0d28-44d2-9c93-07f09022f575,-114.0818502,51.0397412
7666,WB 4 AV SW @ 8 ST SW,ACTIVE,2026-09-29T19:46:12.000Z,2026-09-29T19:46:12.000Z,476ec4cb-4ee9-46d2-977a-368bbe13fd0e,-114.081921,51.0499611
5292,EB 12 AV SW@ 8 ST SW,ACTIVE,2026-09-29T19:46:12.000Z,2026-09-29T19:46:12.000Z,631f26b8-468b-4e11-b94c-b7a1a63dbdea,-114.0819234,51.041891
5583,SB 8 ST SW @ 17 AV SW,ACTIVE,2026-09-29T19:46:12.000Z,2026-09-29T19:46:12.000Z,c92bb23f-c36e-4475-9af9-039a882b21a0,-114.0819245,51.0371975
4711,SB 8 ST SW @ 19 AV SW,ACTIVE,2026-09-29T19:46:12.000Z,2026-09-29T19:46:12.000Z,c2dbf07a-e833-414b-bb17-b953fdfca5f3,-114.0819431,51.0357678
9061,NB Northmount DR @ Harlow AV NW,ACTIVE,2026-09-29T19:46:12.000Z,2026-09-29T19:46:12.000Z,91c56534-d9a6-4525-aa75-97aeccb977d4,-114.0819787,51.0916896
4304,EB Panamount BV @ Panamount LN NW,ACTIVE,2026-09-29T19:46:12.000Z,2026-09-29T19:46:12.000Z,2f86fc71-5259-4eed-9b09-9d1db7eeb72d,-114.0819979,51.1571181
5304,WB 11 AV SW@ 8 ST SW,ACTIVE,2026-09-29T19:46:12.000Z,2026-09-29T19:46:12.000Z,50cfcd90-835c-43d1-8a9b-48a3e62134cd,-114.0820897,51.0429673
4292,WB Panatella BV @ Panton LD NW,ACTIVE,2026-09-29T19:46:12.000Z,2026-09-29T19:46:12.000Z,fa26654e-40ed-4fa9-94b4-89a1ac6a79f7,-114.0821527,51.1705242
4201,NB Panatella BV @ Panatella CR NW,ACTIVE,2026-09-29T19:46:12.000Z,2026-09-29T19:46:12.000Z,5d3681ad-9a0e-4678-b678-90812184414e,-114.0821563,51.1652353
9205,WB Somerset DR @ Somerset CI SW,ACTIVE,2026-09-29T19:46:12.000Z,2026-09-29T19:46:12.000Z,7a555562-1712-4bf1-8143-3ca8691fea66,-114.0822377,50.896803
4756,WB Millrise DR @ Millrise WY SW,ACTIVE,2026-09-29T19:46:12.000Z,2026-09-29T19:46:12.000Z,8c3b33c5-aee7-44d6-8e79-0de8c9a0510f,-114.0822875,50.9176097
7934,WB 17 AV SW @ 8 ST SW,ACTIVE,2026-09-29T19:46:12.000Z,2026-09-29T19:46:12.000Z,15794123-4470-4c39-9901-9944ab79bad5,-114.0823078,51.0379087
1713,SB Panatella BV @ Panatella GD NW,ACTIVE,2026-09-29T19:46:12.000Z,2026-09-29T19:46:12.000Z,ef521f01-b56d-4d73-aa65-7afa83487a02,-114.0823263,51.1652846
5192,Elbow Drive Station (EB),ACTIVE,2026-09-29T19:46:12.000Z,2026-09-29T19:46:12.000Z,c33f2375-66fb-4ba5-9d74-341fe1a7e2be,-114.0823729,50.9794254
8997,EB Norfolk DR @ Norfolk WY NW,ACTIVE,2026-09-29T19:46:12.000Z,2026-09-29T19:46:12.000Z,3c06b6b7-4a55-4958-aa4c-76a521e9582a,-114.0824804,51.1061748
3755,Elbow Drive Station (EB),ACTIVE,2026-09-29T19:46:12.000Z,2026-09-29T19:46:12.000Z,a7c43b7d-0969-4775-b704-711846141666,-114.0825383,50.9794457
5608,NB 8 ST SW @ Durham AV,ACTIVE,2026-09-29T19:46:12.000Z,2026-09-29T19:46:12.000Z,9ba789c8-63cc-41f5-b3ea-9be3d006bc15,-114.0825826,51.0342186
5193,EB Heritage DR @ Elbow DR SW,ACTIVE,2026-09-29T19:46:12.000Z,2026-09-29T19:46:12.000Z,3e386840-fff5-4767-955a-d7005834c223,-114.0826289,50.9794318
6198,EB Bermuda DR @ Berkshire RD NW,ACTIVE,2026-09-29T19:46:12.000Z,2026-09-29T19:46:12.000Z,d3178933-1bb0-4bd4-aa99-46041b1f2b78,-114.0826579,51.132381
3944,EB 5 AV SW @ 9 ST SW,ACTIVE,2026-09-29T19:46:12.000Z,2026-09-29T19:46:12.000Z,fddd41d1-f351-4d91-b25f-75fac8aafda1,-114.0826886,51.0488739
5048,EB 5 AV SW @ 9 ST SW,ACTIVE,2026-09-29T19:46:12.000Z,2026-09-29T19:46:12.000Z,28b598c6-f37c-477a-9965-e2d6c10318eb,-114.0826886,51.0488739
9709,EB Panatella BV @ Panamount RI NW,ACTIVE,2026-09-29T19:46:12.000Z,2026-09-29T19:46:12.000Z,935eea0e-ebef-42f2-bc04-a37752e05bab,-114.0827203,51.1631447
8553,SB Northmount DR @ Harlow AV NW,ACTIVE,2026-09-29T19:46:12.000Z,2026-09-29T19:46:12.000Z,815487d4-c791-4a72-8ae3-16f4e956c108,-114.0827331,51.0912767
7598,WB 40 AV NW @ Harvard ST,ACTIVE,2026-09-29T19:46:12.000Z,2026-09-29T19:46:12.000Z,60093754-0256-4680-bb28-8a6e631e7c8e,-114.0827427,51.0888574
5378,NB 2 AV NW@ 9 ST NW,ACTIVE,2026-09-29T19:46:12.000Z,2026-09-29T19:46:12.000Z,a04f1ce6-5656-4525-b784-e6a45c3cb92a,-114.0828256,51.0550928
8714,NB Elbow DR @ Mayfair RD SW,ACTIVE,2026-09-29T19:46:12.000Z,2026-09-29T19:46:12.000Z,4e06b82f-89fb-4f4f-96f6-1b8c1a424221,-114.0828437,51.0003144
7464,EB 5 AV SW @ 9 ST SW,ACTIVE,2026-09-29T19:46:12.000Z,2026-09-29T19:46:12.000Z,c946ff0e-5e97-4e9d-acd4-32e25e0b8d7d,-114.0828761,51.0488426
4710,SB 8 ST SW @ Durham AV,ACTIVE,2026-09-29T19:46:12.000Z,2026-09-29T19:46:12.000Z,d1a83bc2-d832-4697-b7b8-9bc989169ad2,-114.0829391,51.0339937
5211,NB Elbow DR @ Heritage DR SW,ACTIVE,2026-09-29T19:46:12.000Z,2026-09-29T19:46:12.000Z,6e26b68d-5090-41b1-b04b-9c627f047782,-114.0829916,50.9800327
8705,NB Elbow DR @ 70 AV SW,ACTIVE,2026-09-29T19:46:12.000Z,2026-09-29T19:46:12.000Z,adec9b64-c4af-4e19-9fd0-4f64c3e15426,-114.0830198,50.9906942
8704,NB Elbow DR @ 75 AV SW,ACTIVE,2026-09-29T19:46:12.000Z,2026-09-29T19:46:12.000Z,fa54575e-94a6-4fdc-ad7f-1a7b7a9737b6,-114.0830297,50.9857652
1711,NB Panatella BV @ Panatella BV NW,ACTIVE,2026-09-29T19:46:12.000Z,2026-09-29T19:46:12.000Z,336089ca-134a-41e2-8011-215131fa3a41,-114.0830322,51.1636202
8706,NB Elbow DR @  68 AV SW,ACTIVE,2026-09-29T19:46:12.000Z,2026-09-29T19:46:12.000Z,e8979ef9-ba18-4cd5-a032-105e2cb493b1,-114.0830336,50.9927454
8703,NB Elbow DR @ 80 AV SW,ACTIVE,2026-09-29T19:46:12.000Z,2026-09-29T19:46:12.000Z,43b81ea6-afc4-4d75-b243-54ea4b0fc7d1,-114.0830412,50.9824923
8712,NB Elbow DR @ Malibou RD SW,ACTIVE,2026-09-29T19:46:12.000Z,2026-09-29T19:46:12.000Z,74d46557-b7a0-456b-ac39-91658c4ca7cc,-114.0830897,50.99594
4877,SB Hunterview DR @ Hunterburn HL NW,ACTIVE,2026-09-29T19:46:12.000Z,2026-09-29T19:46:12.000Z,3bb6e9d4-e80c-449b-8f76-b2da49e75ede,-114.0830971,51.1174787
2377,WB 6 AV SW @ 9 ST SW,ACTIVE,2026-09-29T19:46:12.000Z,2026-09-29T19:46:12.000Z,b0df84ad-3764-400f-8ad1-69ab6ee5fd7f,-114.0830992,51.0480854
5500,NB Berkshire RD @ Bermuda DR NW,ACTIVE,2026-09-29T19:46:12.000Z,2026-09-29T19:46:12.000Z,ab6e1581-74fa-4b9b-9f90-1d6c4433eb9b,-114.0831434,51.1328429
9718,WB Panamount BV @ Panamount LN NW,ACTIVE,2026-09-29T19:46:12.000Z,2026-09-29T19:46:12.000Z,f7401412-4289-4a57-8ee5-ef51b3ae769c,-114.0832078,51.1572113
4872,NB Hunterview DR @ Hunterburn HL NW,ACTIVE,2026-09-29T19:46:12.000Z,2026-09-29T19:46:12.000Z,cd5d5689-d0ad-4481-ba78-8ad693eb470e,-114.0832345,51.1182467
5191,SB Elbow DR @ 75 AV SW,ACTIVE,2026-09-29T19:46:12.000Z,2026-09-29T19:46:12.000Z,422de41c-1886-4fab-86a9-c9c4cd4854a0,-114.0832811,50.9856186
8708,SB Elbow DR @ 70 AV SW,ACTIVE,2026-09-29T19:46:12.000Z,2026-09-29T19:46:12.000Z,d343ce94-db16-47b2-ac2d-653cae0dc5b8,-114.0832881,50.9902782
9272,SB Elbow DR @ 75 AV SW,ACTIVE,2026-09-29T19:46:12.000Z,2026-09-29T19:46:12.000Z,f7c7cd20-bc9d-4a51-89d6-785f432c97e4,-114.0832907,50.9864437
8718,SB Elbow DR @ Bel-Aire DR SW,ACTIVE,2026-09-29T19:46:12.000Z,2026-09-29T19:46:12.000Z,c1a38cea-240a-4328-a280-e3c69f9e6b06,-114.0832958,50.9994712
5163,EB Beddington BV @ Berwick WY NW,ACTIVE,2026-09-29T19:46:12.000Z,2026-09-29T19:46:12.000Z,d186b80e-ff7b-4a06-bf83-aaf07986f50c,-114.0833017,51.1298786
8710,SB Elbow DR @ 78 AV SW,ACTIVE,2026-09-29T19:46:12.000Z,2026-09-29T19:46:12.000Z,50ad95e8-ea37-44ed-bb9c-47af484058e9,-114.0833025,50.9834604
5412,SB Elbow DR@ Malibou RD SW,ACTIVE,2026-09-29T19:46:12.000Z,2026-09-29T19:46:12.000Z,eb61fbe1-2e48-440c-bd65-bef06264b30f,-114.0833076,50.9956486
8711,SB Elbow DR @ 80 AV SW,ACTIVE,2026-09-29T19:46:12.000Z,2026-09-29T19:46:12.000Z,39b4e41a-d93a-413d-9fb7-d1724a26f249,-114.0833203,50.9811311
5190,SB Elbow DR @ Glenmore TR SW,ACTIVE,2026-09-29T19:46:12.000Z,2026-09-29T19:46:12.000Z,9ba9f96c-a5d5-4bba-be76-fe6781262fd9,-114.0833846,50.9932849
5195,SB Elbow DR @ Heritage DR SW,ACTIVE,2026-09-29T19:46:12.000Z,2026-09-29T19:46:12.000Z,cb2197fb-7c1d-47f6-8866-f95c993f66c2,-114.0834057,50.9786327
6589,EB Shawnee DR @ Shawnee CR SW,ACTIVE,2026-09-29T19:46:12.000Z,2026-09-29T19:46:12.000Z,fb520900-2ea9-411e-9d29-be5d69e6c428,-114.0834185,50.9265971
3878,WB Silverado Skies DR @ Silverado Skies MR SW,ACTIVE,2026-09-29T19:46:12.000Z,2026-09-29T19:46:12.000Z,698d20a6-0927-42f0-a314-64ea0490d3f0,-114.0834686,50.8882615
8996,WB Norfolk DR @ Nottingham RD NW,ACTIVE,2026-09-29T19:46:12.000Z,2026-09-29T19:46:12.000Z,291b724f-20c9-4a8e-8ab6-4e12d6028914,-114.0834846,51.1058851
9722,EB Panorama Hills DR @ Panorama Hills CI NW,ACTIVE,2026-09-29T19:46:12.000Z,2026-09-29T19:46:12.000Z,f1b141f8-f98f-4753-86f2-31aa116d4e18,-114.0834929,51.1495189
3015,EB Panatella BV @ Panton VW NW,ACTIVE,2026-09-29T19:46:12.000Z,2026-09-29T19:46:12.000Z,d3598dc4-ae8a-44ec-b245-abe70d3b4059,-114.0835879,51.1703189
3479,WB 2 AV @ 9 ST NW,ACTIVE,2026-09-29T19:46:12.000Z,2026-09-29T19:46:12.000Z,249a3442-5394-4ed9-9062-96df96d10279,-114.0836783,51.0548326
7285,EB 5 AV SW @ 9 ST SW,ACTIVE,2026-09-29T19:46:12.000Z,2026-09-29T19:46:12.000Z,42647a25-0040-4b13-8f21-fd2f9cfb528a,-114.0837276,51.0489179
4751,EB Shawnessy BV @ Shawnessy DR SW,ACTIVE,2026-09-29T19:46:12.000Z,2026-09-29T19:46:12.000Z,3096c876-6cd2-4e4d-a266-63d9bf8506a7,-114.0837544,50.9139045
6139,WB Shawnessy BV @ Shawnessy DR SW,ACTIVE,2026-09-29T19:46:12.000Z,2026-09-29T19:46:12.000Z,a4391f88-d4c8-4a44-8e21-386e523bb776,-114.0837548,50.9141483
7440,EB 5 AV SW @ 9 ST SW,ACTIVE,2026-09-29T19:46:12.000Z,2026-09-29T19:46:12.000Z,dd1c5ce6-9c7e-412c-a774-65e9ee43efb1,-114.0837863,51.0488924
8223,EB Shannon DR @ Shannon CR SW,ACTIVE,2026-09-29T19:46:12.000Z,2026-09-29T19:46:12.000Z,8a674438-5fbe-4e10-ad7e-65c73134fe15,-114.0838189,50.910416
9701,WB Panatella BV @ E. of Panamount MR NW,ACTIVE,2026-09-29T19:46:12.000Z,2026-09-29T19:46:12.000Z,d80b765a-13a1-4d64-bb00-a1471a5bcb40,-114.0838218,51.1633943
5328,EB Prospect AV @ 8 ST SW,ACTIVE,2026-09-29T19:46:12.000Z,2026-09-29T19:46:12.000Z,6932405b-f5e2-4802-b110-a520b3942986,-114.0838268,51.0323518
7402,EB 5 AV SW @ 9 ST SW,ACTIVE,2026-09-29T19:46:12.000Z,2026-09-29T19:46:12.000Z,81bbf10e-b8ba-4689-93f5-47bd20ed50de,-114.0838416,51.0489207
8699,SB Elbow DR @ Hamlet RD SW,ACTIVE,2026-09-29T19:46:12.000Z,2026-09-29T19:46:12.000Z,22b506ed-dc56-4da8-a80c-46d148b9700a,-114.0838526,50.9771866
5210,NB Elbow DR @  Haverhill RD SW,ACTIVE,2026-09-29T19:46:12.000Z,2026-09-29T19:46:12.000Z,2aea6a0d-4ef2-4cf1-8b68-b0d6b5a82793,-114.0838816,50.9762699
8620,WB Beddington BV @ Berwick WY NW,ACTIVE,2026-09-29T19:46:12.000Z,2026-09-29T19:46:12.000Z,29c981e0-0c4e-43b5-88f6-9c49528c2ad7,-114.0839631,51.1304977
9404,EB 16 AV NW @ 10 ST NW,ACTIVE,2026-09-29T19:46:12.000Z,2026-09-29T19:46:12.000Z,d9fc8736-2429-4e54-bd10-55952357d938,-114.083976,51.0667609
4313,NB Panorama Hills DR @ Panorama Hills GA NW,ACTIVE,2026-09-29T19:46:12.000Z,2026-09-29T19:46:12.000Z,2b997f07-883c-4d26-818b-f7b7732e3f5b,-114.0840313,51.1502789
5763,Elbow Drive Station (WB),ACTIVE,2026-09-29T19:46:12.000Z,2026-09-29T19:46:12.000Z,d2eae04d-dc7a-4736-a504-2417a295e987,-114.0840547,50.9797139
8104,EB Berkshire RD @ Berkshire BV NW,ACTIVE,2026-09-29T19:46:12.000Z,2026-09-29T19:46:12.000Z,6d8aa7e3-9100-4dbd-8758-4d60bd4f6e21,-114.0841445,51.1353325
5101,SB Hunterview DR @ Hunterquay HL NW,ACTIVE,2026-09-29T19:46:12.000Z,2026-09-29T19:46:12.000Z,1518f670-d1ef-4dbf-ba5a-9237aba71e7b,-114.0841959,51.1197728
6289,EB Anderson RD @ Elbow DR SW,ACTIVE,2026-09-29T19:46:12.000Z,2026-09-29T19:46:12.000Z,fd051275-fdfb-4a86-baf3-a381f5254682,-114.0842158,50.9502468
4709,WB Prospect AV @ 8 ST SW,ACTIVE,2026-09-29T19:46:12.000Z,2026-09-29T19:46:12.000Z,d71151dc-8b06-4ff7-902f-17f183909908,-114.0842336,51.0324609
8649,EB 9 AV SW @ 9 ST SW,ACTIVE,2026-09-29T19:46:12.000Z,2026-09-29T19:46:12.000Z,26ff8ed5-a9c5-48a8-a474-341156043d5a,-114.0842792,51.0451358
4568,EB 9 AV SW @ 9 ST SW,ACTIVE,2026-09-29T19:46:12.000Z,2026-09-29T19:46:12.000Z,b1cd08ba-9afd-4919-848a-d3e968181001,-114.0842797,51.0451268
5976,EB Canyon Meadows DR @ Elbow DR SW,ACTIVE,2026-09-29T19:46:12.000Z,2026-09-29T19:46:12.000Z,a0045da0-42a8-43f8-89dd-56d9d22cfcdd,-114.0842841,50.9391487
5206,NB Elbow DR @  Canterbury DR SW,ACTIVE,2026-09-29T19:46:12.000Z,2026-09-29T19:46:12.000Z,7add56ba-5ae0-4e0c-90e7-504266d593e9,-114.0842905,50.9481439
5207,NB Elbow DR @ Anderson RD SW,ACTIVE,2026-09-29T19:46:12.000Z,2026-09-29T19:46:12.000Z,6a45c8cb-7aa1-4436-a3a6-836b029a4490,-114.0843224,50.9514998
8700,SB Elbow DR @ Haverhill RD SW,ACTIVE,2026-09-29T19:46:12.000Z,2026-09-29T19:46:12.000Z,c159ce56-797e-4619-a7f5-3740077ef7e6,-114.0843472,50.9756609
6728,EB 20 AV NW @ 10 ST NW,ACTIVE,2026-09-29T19:46:12.000Z,2026-09-29T19:46:12.000Z,8f0d9434-fa15-4a4b-9340-421631dc053a,-114.0843557,51.0704852
8790,NB Elbow DR @ 89 AV SW,ACTIVE,2026-09-29T19:46:12.000Z,2026-09-29T19:46:12.000Z,ca178066-7b94-449b-8333-7b92f3f2fe54,-114.0843562,50.9739251
6820,NB Sunnyside CTrain Station,ACTIVE,2026-09-29T19:46:12.000Z,2026-09-29T19:46:12.000Z,5136acab-82f9-4688-af2e-8dc623de16eb,-114.0843705,51.0563997
5643,EB Southland DR @ Elbow DR SW,ACTIVE,2026-09-29T19:46:12.000Z,2026-09-29T19:46:12.000Z,51bdb9d5-f8dd-4b45-8675-0bc4c89a11a4,-114.0844336,50.9634362
6721,NB 10 ST NW @ 23 AV NW,ACTIVE,2026-09-29T19:46:12.000Z,2026-09-29T19:46:12.000Z,bfec6924-9031-4050-a7d4-5ed6481d2b84,-114.0844349,51.0729716
5911,NB Elbow DR @ Sacramento DR SW,ACTIVE,2026-09-29T19:46:12.000Z,2026-09-29T19:46:12.000Z,672822b3-47a2-49a5-8326-83a4928a1d7a,-114.0844569,50.9534461
7672,NB 10 ST NW @ 13 AV NW,ACTIVE,2026-09-29T19:46:12.000Z,2026-09-29T19:46:12.000Z,8247508a-b0df-41a9-bdbe-bf4053817231,-114.0844808,51.0644078
4871,NB Hunterview DR @ Hunterquay HL NW,ACTIVE,2026-09-29T19:46:12.000Z,2026-09-29T19:46:12.000Z,3698088e-91db-4c62-9432-fc2f407086de,-114.0844895,51.1212373
8562,SB Sunnyside CTrain Station,ACTIVE,2026-09-29T19:46:12.000Z,2026-09-29T19:46:12.000Z,2862be51-39e3-49d3-93fc-63d00179c200,-114.0845021,51.056349
4766,WB Shawnee DR @ Shawnee CR SW,ACTIVE,2026-09-29T19:46:12.000Z,2026-09-29T19:46:12.000Z,faa4db7a-d340-4474-8433-cb9683f9fe1f,-114.084503,50.9265522
8698,NB Elbow DR @ Hays DR SW,ACTIVE,2026-09-29T19:46:12.000Z,2026-09-29T19:46:12.000Z,ca2fa2b8-beb7-4dc1-8a98-1e2aeb17c948,-114.0845071,50.9715182
3924,EB Silverado WY @ Silverado Plains CL SW,ACTIVE,2026-09-29T19:46:12.000Z,2026-09-29T19:46:12.000Z,283a4e06-bab5-4461-8c0d-4203f3cf88ce,-114.0845093,50.8813685
8694,NB Elbow DR @ Sabrina RD SW,ACTIVE,2026-09-29T19:46:12.000Z,2026-09-29T19:46:12.000Z,78441e99-421e-4b8b-a585-368d480522df,-114.0845327,50.9576936
8689,NB Elbow DR @ Cantabrian DR SW,ACTIVE,2026-09-29T19:46:12.000Z,2026-09-29T19:46:12.000Z,94f9d02c-1a8b-48f9-9816-b225b3494eb6,-114.0845354,50.946279
8962,SB 10 ST NW @ 13 AV NW,ACTIVE,2026-09-29T19:46:12.000Z,2026-09-29T19:46:12.000Z,4b6bb97a-5afb-4999-84a1-0ba5fbe49c0c,-114.0845453,51.0636089
8426,WB 6 AV SW @ 9 ST SW farside,ACTIVE,2026-09-29T19:46:12.000Z,2026-09-29T19:46:12.000Z,c800a810-8b08-4973-91bc-e7926246c10d,-114.0845768,51.0481205
5209,NB Elbow DR @ 96 AV SW,ACTIVE,2026-09-29T19:46:12.000Z,2026-09-29T19:46:12.000Z,c2ac1144-42db-473a-91c9-4a0a2d8e650e,-114.0846322,50.9690657
5196,SB Elbow DR @ 89 AV SW,ACTIVE,2026-09-29T19:46:12.000Z,2026-09-29T19:46:12.000Z,c26f6815-5a1a-4a60-93b4-2d086f0dfa90,-114.0846436,50.9732036
4346,WB Panatella BV @ Panton VW NW,ACTIVE,2026-09-29T19:46:12.000Z,2026-09-29T19:46:12.000Z,ddb8c42f-db56-492a-82de-13b54547eb99,-114.0846586,51.1703105
8696,NB Elbow DR @ Southland CR SW,ACTIVE,2026-09-29T19:46:12.000Z,2026-09-29T19:46:12.000Z,55ce2450-74d1-48bb-9d33-eefd360d1600,-114.0846617,50.9640472
5208,NB Elbow DR @ Southampton DR SW,ACTIVE,2026-09-29T19:46:12.000Z,2026-09-29T19:46:12.000Z,64d81370-4612-459d-9f91-d058bc9d9c9e,-114.0846733,50.9611332
8697,NB Elbow DR @ Hagar PL SW,ACTIVE,2026-09-29T19:46:12.000Z,2026-09-29T19:46:12.000Z,94dee39e-750e-4a71-88e9-6240d1a61a37,-114.0846841,50.9659637
8695,NB Elbow DR @ Sylvester CR SW,ACTIVE,2026-09-29T19:46:12.000Z,2026-09-29T19:46:12.000Z,af645be5-9baa-4c62-be2a-095e9b6b036b,-114.0846868,50.9593255
5108,Sunnyside LRT Station (SB 9A ST NW @ 4 AV NW),ACTIVE,2026-09-29T19:46:12.000Z,2026-09-29T19:46:12.000Z,ef9ff16e-534d-4df7-ac5d-5703731b2f36,-114.0846919,51.0562818
5200,SB Elbow DR @ Southampton DR SW,ACTIVE,2026-09-29T19:46:12.000Z,2026-09-29T19:46:12.000Z,bb435f6f-232f-473c-9265-ddf01b912086,-114.0847049,50.9526697
5229,NB 10 ST NW @ 18 AV NW,ACTIVE,2026-09-29T19:46:12.000Z,2026-09-29T19:46:12.000Z,da963dcd-ab4c-44d5-9d5d-d9248cecfb37,-114.0847095,51.0691718
8969,NB 10 ST NW @ 20 AV NW,ACTIVE,2026-09-29T19:46:12.000Z,2026-09-29T19:46:12.000Z,255527f5-7603-4e6c-8af2-53032e609288,-114.0847112,51.0709618
9196,NB Elbow DR @ Southglen DR SW,ACTIVE,2026-09-29T19:46:12.000Z,2026-09-29T19:46:12.000Z,d591c650-de82-4737-bf84-0e24daeeb68b,-114.0847139,50.9550266
8965,SB 10 ST NW @ Confederation PK,ACTIVE,2026-09-29T19:46:12.000Z,2026-09-29T19:46:12.000Z,077158ca-d66e-46c4-b784-3bf26c019ca2,-114.0847468,51.0760718
8966,SB 10 ST NW @ 23 AV NW,ACTIVE,2026-09-29T19:46:12.000Z,2026-09-29T19:46:12.000Z,b6173537-0e37-43fb-b2df-209740ba57d4,-114.0847471,51.0728876
8683,SB Elbow DR @ Canterbury DR SW,ACTIVE,2026-09-29T19:46:12.000Z,2026-09-29T19:46:12.000Z,be89a657-3ed0-4078-a75c-a134de4f98eb,-114.0847558,50.9475348
8968,NB 10 ST NW @ 16 AV NW,ACTIVE,2026-09-29T19:46:12.000Z,2026-09-29T19:46:12.000Z,44ef9678-a257-46f9-8f29-10d8d7bae903,-114.0847623,51.0666753
4305,NB Panorama Hills DR @ Panamount GD NW,ACTIVE,2026-09-29T19:46:12.000Z,2026-09-29T19:46:12.000Z,86e90c9c-302b-42ee-8439-61adeb422981,-114.0847689,51.156045
9003,NB North Haven DR @ Nesbitt RD NW,ACTIVE,2026-09-29T19:46:12.000Z,2026-09-29T19:46:12.000Z,c68c6bcd-1bf3-4449-b898-80c225fa4556,-114.0847732,51.1013029
8701,SB Elbow DR @ Hillary CR SW,ACTIVE,2026-09-29T19:46:12.000Z,2026-09-29T19:46:12.000Z,13c48d5c-943f-4d6e-9289-366bb64b02ab,-114.084778,50.9708323
6587,WB James McKevitt RD @ Millpark RD SW,ACTIVE,2026-09-29T19:46:12.000Z,2026-09-29T19:46:12.000Z,aa9dfb54-4c08-4a61-8156-d55af01c8f0f,-114.0848335,50.9214963
6279,WB Anderson RD @ Elbow DR SW,ACTIVE,2026-09-29T19:46:12.000Z,2026-09-29T19:46:12.000Z,da8978ac-4479-48a3-a069-8b18bf660e57,-114.0848576,50.9506856
6350,EB 40 AV NW @ Northmount DR,ACTIVE,2026-09-29T19:46:12.000Z,2026-09-29T19:46:12.000Z,36bda648-aeab-4205-95bc-097bcccb8482,-114.0848798,51.0887128
8693,SB Elbow DR @ Sabrina RD SW,ACTIVE,2026-09-29T19:46:12.000Z,2026-09-29T19:46:12.000Z,36875f8f-7102-4a76-b620-585ba4839a01,-114.0848823,50.9566589
8702,SB Elbow DR @ 96 AV SW,ACTIVE,2026-09-29T19:46:12.000Z,2026-09-29T19:46:12.000Z,c9f61573-c7bd-4bb7-a8aa-6919590afb82,-114.0849009,50.9684158
8656,SB Elbow DR @ Southglen DR SW,ACTIVE,2026-09-29T19:46:12.000Z,2026-09-29T19:46:12.000Z,630b2675-c34f-4e38-b009-07ca0db1fdae,-114.0849296,50.9543124
8691,SB Elbow DR @ Southampton DR SW,ACTIVE,2026-09-29T19:46:12.000Z,2026-09-29T19:46:12.000Z,384db6e8-cb64-4017-b6fc-55807194aae4,-114.0849373,50.9603302
8692,SB Elbow DR @ Sylvester CR SW,ACTIVE,2026-09-29T19:46:12.000Z,2026-09-29T19:46:12.000Z,3796a130-f6aa-4e2a-ae88-85b568e404e1,-114.0849418,50.9586663
2991,NB Hunterview DR @ 78 AV NW,ACTIVE,2026-09-29T19:46:12.000Z,2026-09-29T19:46:12.000Z,4309502a-c991-4bfc-be53-bc2e532118cf,-114.0849429,51.1234325
8690,SB Elbow DR @ Springwood DR SW,ACTIVE,2026-09-29T19:46:12.000Z,2026-09-29T19:46:12.000Z,300ad469-186a-4a60-be8f-8dbe59de3085,-114.0849706,50.9648015
5198,SB Elbow DR @ N. of Southland DR SW,ACTIVE,2026-09-29T19:46:12.000Z,2026-09-29T19:46:12.000Z,11b509d1-e4a7-490f-9427-13ad6f063ec2,-114.084975,50.9638212
5244,SB 10 ST NW@ 16 AV NW,ACTIVE,2026-09-29T19:46:12.000Z,2026-09-29T19:46:12.000Z,7c548aaf-0580-4f67-951d-d8444116c8cf,-114.0849757,51.0672086
5780,NB Northmount DR @ 40 AV NW,ACTIVE,2026-09-29T19:46:12.000Z,2026-09-29T19:46:12.000Z,60bd7cfa-09da-4048-86eb-a584ac819a93,-114.0849919,51.0892013
5243,SB 10 ST NW@ 20 AV NW,ACTIVE,2026-09-29T19:46:12.000Z,2026-09-29T19:46:12.000Z,43c77058-92cf-41dd-8c56-56015876b47a,-114.0849998,51.0702314
8967,SB 10 ST NW @ 18 AV NW,ACTIVE,2026-09-29T19:46:12.000Z,2026-09-29T19:46:12.000Z,f21a6bee-e136-40b2-b4a8-7b4371a99c3b,-114.0850041,51.0683696
5199,SB Elbow DR @ Southland DR SW,ACTIVE,2026-09-29T19:46:12.000Z,2026-09-29T19:46:12.000Z,6f959b46-def8-4579-b21a-ce7062bb79ff,-114.0850189,50.9631207
9000,SB North Haven DR @ Ninga RD NW,ACTIVE,2026-09-29T19:46:12.000Z,2026-09-29T19:46:12.000Z,326f0805-e0f0-4d95-9c49-b93a2a560efc,-114.0850241,51.1012201
7618,EB Somerset DR@ Somerset WY SW,ACTIVE,2026-09-29T19:46:12.000Z,2026-09-29T19:46:12.000Z,0f785368-db6d-4732-83dd-58108b864c30,-114.0850368,50.9009477
8684,SB Elbow DR @ Cantabrian DR SW,ACTIVE,2026-09-29T19:46:12.000Z,2026-09-29T19:46:12.000Z,12bc9fa3-863f-4561-ba4d-49027b7433ed,-114.0852208,50.9457924
5204,NB Elbow DR @ Canyon Meadows DR SW,ACTIVE,2026-09-29T19:46:12.000Z,2026-09-29T19:46:12.000Z,635322e0-20c2-41c6-836d-4b571268d42f,-114.0852315,50.9401618
5975,WB Canterbury DR @ Elbow DR SW,ACTIVE,2026-09-29T19:46:12.000Z,2026-09-29T19:46:12.000Z,ec7a2cac-a19d-44ee-8dc6-101b622f6da6,-114.0852752,50.9479274
5242,SB 10 ST NW @ Rosehill DR NW,ACTIVE,2026-09-29T19:46:12.000Z,2026-09-29T19:46:12.000Z,a71a79eb-020d-4021-9ff6-8cf22cb4f7c6,-114.085301,51.0779295
9719,SB Panorama Hills DR NW @ Panamount GD NW,ACTIVE,2026-09-29T19:46:12.000Z,2026-09-29T19:46:12.000Z,4db6dcdb-4802-41d5-adaa-33ce78b7fad3,-114.0853313,51.1555193
4878,SB Hunterview DR @ 78 AV NW,ACTIVE,2026-09-29T19:46:12.000Z,2026-09-29T19:46:12.000Z,b2632af4-5452-4269-986c-a65d5ce592a2,-114.0853867,51.1228319
7922,EB 17 AV SW @ 9A ST SW fs,ACTIVE,2026-09-29T19:46:12.000Z,2026-09-29T19:46:12.000Z,adb5dcbd-f7a3-441f-a754-3d935f8efeb6,-114.085411,51.0377694
8688,NB Elbow DR @ Canata CL SW,ACTIVE,2026-09-29T19:46:12.000Z,2026-09-29T19:46:12.000Z,2617bbc4-f1a3-460b-af8f-2e22bb818cbf,-114.0854701,50.9445394
1707,EB Berkley DR @ Bermondsey RI NW,ACTIVE,2026-09-29T19:46:12.000Z,2026-09-29T19:46:12.000Z,ba08cecf-ab8a-412b-8702-c8ad285987c6,-114.0854832,51.1270187
5205,NB Elbow DR @ Canterbury CO SW,ACTIVE,2026-09-29T19:46:12.000Z,2026-09-29T19:46:12.000Z,d4f2ff9e-dd73-4b86-b932-a5341971e343,-114.0854909,50.9419313
7364,WB Berkley DR @ Bermondsey RI NW,ACTIVE,2026-09-29T19:46:12.000Z,2026-09-29T19:46:12.000Z,717b5750-85e5-4e7f-ac91-029ce1125e82,-114.0855592,51.1271735
4312,NB Panorama Hills DR @ Panorama Hills ME NW,ACTIVE,2026-09-29T19:46:12.000Z,2026-09-29T19:46:12.000Z,0771504a-e011-45e3-8434-81a9c35c9551,-114.0855705,51.1521792
4306,NB Panorama Hills @ Panorama Hills RI NW,ACTIVE,2026-09-29T19:46:12.000Z,2026-09-29T19:46:12.000Z,511e18f2-de6e-4110-9adc-f8bfe7d68a77,-114.0855777,51.1538794
3919,SB Silverado Ridge LI @ Silverado BV SW,ACTIVE,2026-09-29T19:46:12.000Z,2026-09-29T19:46:12.000Z,57173b65-0a44-4063-8b5e-65753e5f9298,-114.0856385,50.8865347
9721,SB Panorama Hills DR @ Panorama Hills ME NW,ACTIVE,2026-09-29T19:46:12.000Z,2026-09-29T19:46:12.000Z,7e0fb90e-7ef4-49a8-98ba-6c34eaf5cdc0,-114.0856622,51.1513819
6753,NB North Haven DR @ 56 AV NW,ACTIVE,2026-09-29T19:46:12.000Z,2026-09-29T19:46:12.000Z,4a16dabb-02d0-4088-b709-d3c20058c54e,-114.0856668,51.103448
8103,WB Berkshire BV @ Berkshire RD NW,ACTIVE,2026-09-29T19:46:12.000Z,2026-09-29T19:46:12.000Z,e0e2b459-2768-4b71-8151-48b3d64b1d3c,-114.0856776,51.1355056
5626,WB Southland Dr @ Elbow DR SW,ACTIVE,2026-09-29T19:46:12.000Z,2026-09-29T19:46:12.000Z,4708dd09-4ce4-4541-8f58-6cadaa918aa9,-114.0857052,50.9635336
5420,NB 10 ST @ Prospect AV SW,ACTIVE,2026-09-29T19:46:12.000Z,2026-09-29T19:46:12.000Z,199f25f4-ea50-445d-abe4-58bf74dd3069,-114.0857318,51.0322285
5224,NB 10 ST @ Kensington RD NW,ACTIVE,2026-09-29T19:46:12.000Z,2026-09-29T19:46:12.000Z,5f3457ed-fc5c-4f11-8a69-fa7c781dc6da,-114.085783,51.0529989
8045,NB 10 ST NW @ 3 AV NW,ACTIVE,2026-09-29T19:46:12.000Z,2026-09-29T19:46:12.000Z,2e13c142-24ad-4b41-b0e6-c566fe71e6e3,-114.0857958,51.0559765
5221,SB Elbow DR @ Canterbury DR SW,ACTIVE,2026-09-29T19:46:12.000Z,2026-09-29T19:46:12.000Z,28cbad96-e9f5-428b-b20e-6f475b7ca46e,-114.0858077,50.9411927
8046,NB 10 ST NW @ 5 AV NW,ACTIVE,2026-09-29T19:46:12.000Z,2026-09-29T19:46:12.000Z,65debdc2-8596-49dd-b407-3a0b067877b7,-114.0858155,51.0574791
8970,NB 10 ST @ Rosehill DR NW,ACTIVE,2026-09-29T19:46:12.000Z,2026-09-29T19:46:12.000Z,aac56d8a-8e1d-45c7-a8b6-4648a38ab10f,-114.0858173,51.0788482
9720,SB Panorama Hills DR NW @ Panorama Hills LD NW,ACTIVE,2026-09-29T19:46:12.000Z,2026-09-29T19:46:12.000Z,3eab82b4-0797-44d7-99fa-07bf9ca7f5b7,-114.0859067,51.1538786
9434,WB 16 AV NW @ 10 ST NW,ACTIVE,2026-09-29T19:46:12.000Z,2026-09-29T19:46:12.000Z,bc33a227-8a8c-4ad0-a225-301078250772,-114.0859562,51.0670532
9766,EB Panamount BV @ Panamount ST NW,ACTIVE,2026-09-29T19:46:12.000Z,2026-09-29T19:46:12.000Z,c59031eb-1713-4084-983e-391603f91eb1,-114.085958,51.1566503
5741,SB Northmount DR @ 40 AV NW,ACTIVE,2026-09-29T19:46:12.000Z,2026-09-29T19:46:12.000Z,f09ca622-ed1a-42d2-8651-497244ce5f09,-114.0859726,51.0885962
8051,SB 10 ST NW @ Kensington RD,ACTIVE,2026-09-29T19:46:12.000Z,2026-09-29T19:46:12.000Z,1612fcb1-61a9-46ef-8b6f-80b5d846de40,-114.0859934,51.0530581
5235,SB North Haven DR@ 57 AV NW,ACTIVE,2026-09-29T19:46:12.000Z,2026-09-29T19:46:12.000Z,12425d5f-f023-4b46-b127-9415ee474c1f,-114.0860142,51.1033757
8685,SB Elbow DR @ Canata CL SW,ACTIVE,2026-09-29T19:46:12.000Z,2026-09-29T19:46:12.000Z,3cc28000-cb17-4b93-b671-22c3de3092b8,-114.086048,50.9439511
2309,SB 10 ST NW @ S.of Gladstone RD,ACTIVE,2026-09-29T19:46:12.000Z,2026-09-29T19:46:12.000Z,0d2d359c-a40d-4af5-89b8-dafd23026de6,-114.0860643,51.0562449
8091,EB 12 AV SW @ 10 ST SW,ACTIVE,2026-09-29T19:46:12.000Z,2026-09-29T19:46:12.000Z,55ad4b2d-fb35-4aa5-a4b2-53db028214b5,-114.0860887,51.0419968
5952,NB 10 ST @ Frontenac AV SW,ACTIVE,2026-09-29T19:46:12.000Z,2026-09-29T19:46:12.000Z,63f44cc9-4409-4a1d-8d80-42434801cdc6,-114.086107,51.0294314
5245,SB 10 ST NW@ 5 AV NW,ACTIVE,2026-09-29T19:46:12.000Z,2026-09-29T19:46:12.000Z,355c77cc-26f3-4800-a732-210af7d668e7,-114.086134,51.0580897
5233,NB North Haven DR @ 48 AV NW,ACTIVE,2026-09-29T19:46:12.000Z,2026-09-29T19:46:12.000Z,5ecf3d57-6775-45f0-818b-6acea6c43bfb,-114.0861524,51.0989087
7921,EB 17 AV SW @ 10 ST SW,ACTIVE,2026-09-29T19:46:12.000Z,2026-09-29T19:46:12.000Z,ed1c6740-c186-4639-803e-8d7061bbcedc,-114.0862003,51.037718
4752,EB Shawnessy BV @ W. of Shawinigan DR SW,ACTIVE,2026-09-29T19:46:12.000Z,2026-09-29T19:46:12.000Z,e13390c4-4bc5-4ed3-83a2-7f94adb18452,-114.0862383,50.9139117
9206,WB Somerset DR @ Somerset CR SW,ACTIVE,2026-09-29T19:46:12.000Z,2026-09-29T19:46:12.000Z,4b351d56-9ec5-4b22-8206-9316eb0efcb6,-114.0863165,50.8970848
4708,WB Prospect AV @ 10 ST SW,ACTIVE,2026-09-29T19:46:12.000Z,2026-09-29T19:46:12.000Z,b67fb2ff-8dd6-4155-9ca3-47c97e7f7c24,-114.0863729,51.0324693
3915,SB Silverado Ridg LI @ Silverado Skies DR SW,ACTIVE,2026-09-29T19:46:12.000Z,2026-09-29T19:46:12.000Z,3371f673-d125-4be9-ba06-607f93d24908,-114.0864049,50.8883799
5162,SB Beddington BV @ Berwick DR NW,ACTIVE,2026-09-29T19:46:12.000Z,2026-09-29T19:46:12.000Z,f3eeb3b7-48c6-4858-b7fd-61b3f65dbf7c,-114.0864791,51.131406
7456,WB Kensington RD @ 10 ST NW,ACTIVE,2026-09-29T19:46:12.000Z,2026-09-29T19:46:12.000Z,76ee887c-d741-4773-bfea-b5ecd0a23f89,-114.0865373,51.052577
9678,WB Glenmore TR @ Elbow DR SW,ACTIVE,2026-09-29T19:46:12.000Z,2026-09-29T19:46:12.000Z,c286d224-151f-4825-89ce-84a875cab167,-114.0865505,50.9947132
9078,WB 6 AV SW @ 10 ST SW,ACTIVE,2026-09-29T19:46:12.000Z,2026-09-29T19:46:12.000Z,7f4df7c2-dbc4-44d8-a15f-c725e5d677da,-114.0865549,51.0482059
9677,EB Glenmore TR @ Elbow DR SW,ACTIVE,2026-09-29T19:46:12.000Z,2026-09-29T19:46:12.000Z,b0ce8500-1696-4ad7-9fa4-bbee7127240c,-114.08656,50.9940154
7669,EB Kensington RD @ 10A ST NW,ACTIVE,2026-09-29T19:46:12.000Z,2026-09-29T19:46:12.000Z,cf48913f-8d9a-4739-9a5d-ed56e212f752,-114.0866598,51.0524451
9057,NB Northmount DR @ Coleridge RD NW,ACTIVE,2026-09-29T19:46:12.000Z,2026-09-29T19:46:12.000Z,25871804-89ad-4e5d-8665-cdb9937c04bc,-114.0867096,51.087778
9753,WB Panamount BV @ Panamount ST NW,ACTIVE,2026-09-29T19:46:12.000Z,2026-09-29T19:46:12.000Z,766d9374-34bb-4963-ac34-685c6449096a,-114.0868361,51.1568341
6393,SB Shawinigan DR @ Shawbrooke DR SW,ACTIVE,2026-09-29T19:46:12.000Z,2026-09-29T19:46:12.000Z,be3cdf9f-d1e9-4b2c-bb45-46515573aead,-114.0868456,50.9059222
9001,SB North Haven DR @ 48 AV NW,ACTIVE,2026-09-29T19:46:12.000Z,2026-09-29T19:46:12.000Z,ea85c24b-3b19-4476-ae63-76b0959bd264,-114.0869353,51.0982716
7436,WB 48 AV NW @ North Haven DR,ACTIVE,2026-09-29T19:46:12.000Z,2026-09-29T19:46:12.000Z,8d2667a8-3d94-4c23-b87c-f18077ee3fc3,-114.086971,51.0988392
8621,NB Beddington BV @ Bermuda DR NW,ACTIVE,2026-09-29T19:46:12.000Z,2026-09-29T19:46:12.000Z,a96fff40-6600-41dc-b38c-2ca67d691fe0,-114.0869717,51.1322098
4743,WB Somerset DR @ Somercrest GD SW,ACTIVE,2026-09-29T19:46:12.000Z,2026-09-29T19:46:12.000Z,d8d9da9e-69cb-4b20-961e-c11df8349588,-114.0870134,50.901186
9223,WB Shawnessy BV @ W. of Shawinigan DR SW,ACTIVE,2026-09-29T19:46:12.000Z,2026-09-29T19:46:12.000Z,672690d8-c3fb-4358-90a2-4921e16f0c0f,-114.0870336,50.9141402
7435,NB North Haven DR @ Nipawin CR NW,ACTIVE,2026-09-29T19:46:12.000Z,2026-09-29T19:46:12.000Z,a4dc5b7c-ee61-499e-84c8-e629815d8fe3,-114.0870407,51.0970509
7938,WB 17 AV SW @ 10 ST SW,ACTIVE,2026-09-29T19:46:12.000Z,2026-09-29T19:46:12.000Z,92adcb2f-ea26-4935-bad2-386dc59b96ab,-114.087144,51.0379125
3922,SB Silverado BV @ Silverado Crest LD SW,ACTIVE,2026-09-29T19:46:12.000Z,2026-09-29T19:46:12.000Z,db055ac1-fed9-4fa3-afc7-9ca472afbdd0,-114.087201,50.8828939
3920,SB Silverado BV @ Silverado Ranch WY SW,ACTIVE,2026-09-29T19:46:12.000Z,2026-09-29T19:46:12.000Z,fe6992d2-7387-4d70-a9ad-b28aa4b4db6b,-114.0872627,50.8851181
5236,SB North Haven DR@ Nordegg CR NW,ACTIVE,2026-09-29T19:46:12.000Z,2026-09-29T19:46:12.000Z,f7171d4f-a29e-4b81-9a50-dc72ef103cb0,-114.0873907,51.0958004
8665,WB 11 AV @ 10 ST SW,ACTIVE,2026-09-29T19:46:12.000Z,2026-09-29T19:46:12.000Z,ea557209-6f1a-4ccc-9000-2b9b18aa7d24,-114.0876012,51.0431319
9708,EB Panatella BV @ Panamount ST NW,ACTIVE,2026-09-29T19:46:12.000Z,2026-09-29T19:46:12.000Z,0f9de54b-cc85-48f8-8490-1e157702fe01,-114.087607,51.1632125
5432,EB 9 AV SW @ 11 ST SW,ACTIVE,2026-09-29T19:46:12.000Z,2026-09-29T19:46:12.000Z,0d2b238a-ea8f-4d2f-91f3-cb66c18d6f1c,-114.0876123,51.045228
5479,NB Shawinigan DR @ Shawbrooke DR SW,ACTIVE,2026-09-29T19:46:12.000Z,2026-09-29T19:46:12.000Z,2d076afc-44c3-4ccf-b149-3a745f98eafc,-114.087615,50.9068139
4755,WB Millrise DR @ Millcrest RD SW,ACTIVE,2026-09-29T19:46:12.000Z,2026-09-29T19:46:12.000Z,7d4fe118-d9a1-46b6-bf90-3afa5357b63e,-114.0876166,50.9179498
3639,EB Downtown West-Kerby Station (Free Fare Zone),ACTIVE,2026-09-29T19:46:12.000Z,2026-09-29T19:46:12.000Z,c119ba3b-2ee8-4f0e-94a2-06b94051dda9,-114.0876984,51.0471298
5905,NB 10 ST @ Premier WY SW,ACTIVE,2026-09-29T19:46:12.000Z,2026-09-29T19:46:12.000Z,8687151d-d10d-4c88-8c4b-c07896da5862,-114.0877115,51.0259095
3638,WB Downtown-West Kerby Station (Free Fare Zone),ACTIVE,2026-09-29T19:46:12.000Z,2026-09-29T19:46:12.000Z,534c44d5-661c-438d-ba39-a4e46eb14e00,-114.0877117,51.0472372
9039,SB Northmount DR @ Coleridge RD NW,ACTIVE,2026-09-29T19:46:12.000Z,2026-09-29T19:46:12.000Z,112896f8-6799-4f97-b989-6dc097d5d882,-114.0877633,51.0871477
4579,EB Heritage DR @ 10 ST SW,ACTIVE,2026-09-29T19:46:12.000Z,2026-09-29T19:46:12.000Z,9985b09a-4156-418c-959c-0ceb734a8169,-114.0877829,50.9794975
3012,EB Panatella BV @ Panatella HL NW,ACTIVE,2026-09-29T19:46:12.000Z,2026-09-29T19:46:12.000Z,09cf9665-9654-4e09-a21d-2bf68bb88da1,-114.0879855,51.1687151
8964,SB Cambrian DR @ Rosetree RD NW,ACTIVE,2026-09-29T19:46:12.000Z,2026-09-29T19:46:12.000Z,ef7b5598-2281-429d-afa2-158fe67bc893,-114.0880916,51.0801039
6197,EB Berkshire BV @ Beddington BV NW,ACTIVE,2026-09-29T19:46:12.000Z,2026-09-29T19:46:12.000Z,034e3c24-9fd1-496e-a8aa-31abc37430d5,-114.0881688,51.1338587
8054,EB 5 AV NW @ 11 ST NW,ACTIVE,2026-09-29T19:46:12.000Z,2026-09-29T19:46:12.000Z,9cf1c8f5-66e8-46d8-9ae2-c6fd33cae89f,-114.0882691,51.0570456
4347,WB Panatella BV @ Panatella HL NW,ACTIVE,2026-09-29T19:46:12.000Z,2026-09-29T19:46:12.000Z,81bd7d92-4302-4cfb-9a50-72f85cba0234,-114.0882722,51.1688661
8224,EB Shannon DR @ Shawinigan DR SW,ACTIVE,2026-09-29T19:46:12.000Z,2026-09-29T19:46:12.000Z,2214d514-d8de-4010-9bea-085f0f9fdec9,-114.0883462,50.9087751
8090,EB 12 AV SW @ 11 ST SW,ACTIVE,2026-09-29T19:46:12.000Z,2026-09-29T19:46:12.000Z,e93dd19a-2b13-4fa1-abef-7d33cfa94ca5,-114.0883532,51.0420623
3450,NB 11 ST SW @ 8 AV SW,ACTIVE,2026-09-29T19:46:12.000Z,2026-09-29T19:46:12.000Z,6397d4df-3ff6-4722-a28c-e8dfd37e52b9,-114.0885327,51.0465912
8256,EB James McKevitt RD @ Millrise HL SW,ACTIVE,2026-09-29T19:46:12.000Z,2026-09-29T19:46:12.000Z,8ff1f719-9f58-4ca4-b231-846ba1d09531,-114.0885354,50.9212379
9765,EB Panamount BV @ E. Leg Panamount RD NW,ACTIVE,2026-09-29T19:46:12.000Z,2026-09-29T19:46:12.000Z,a80c9b62-a2d5-44c4-97ac-681fdb1c3a41,-114.0885433,51.1565258
5161,SB Beddington BV @ Berkshire BV NW,ACTIVE,2026-09-29T19:46:12.000Z,2026-09-29T19:46:12.000Z,925482f2-001d-437d-ab53-e7c43cbb78ba,-114.0885503,51.1330227
5734,SAIT Station (WB),ACTIVE,2026-09-29T19:46:12.000Z,2026-09-29T19:46:12.000Z,0047ed33-2dc7-4810-a3fa-5559d648ae1d,-114.0886449,51.0670662
8228,SB Shawinigan DR @ Shannon DR SW,ACTIVE,2026-09-29T19:46:12.000Z,2026-09-29T19:46:12.000Z,bfd2962a-d00e-498f-95c5-274060ec4a8d,-114.0886934,50.9082261
9702,WB Panatella BV @ Panamount ST NW,ACTIVE,2026-09-29T19:46:12.000Z,2026-09-29T19:46:12.000Z,997c4e81-32fd-4da7-bd34-9a94df1f45e6,-114.0887146,51.1633211
4577,WB Heritage DR @ 10 ST SW,ACTIVE,2026-09-29T19:46:12.000Z,2026-09-29T19:46:12.000Z,b655ce64-baa9-49dc-b3b7-ec7f60078e84,-114.0887282,50.979647
9904,WB Canterbury DR @ Canterbury PL SW,ACTIVE,2026-09-29T19:46:12.000Z,2026-09-29T19:46:12.000Z,ca2d7c33-4c0f-494f-9adf-c6e99f9b6686,-114.0887634,50.9480918
5584,WB Prospect AV @ Carleton ST SW,ACTIVE,2026-09-29T19:46:12.000Z,2026-09-29T19:46:12.000Z,60aae626-e795-439d-be0e-027a79f59952,-114.0887833,51.0324755
7935,EB Somerset DR @ Somercrest ST SW,ACTIVE,2026-09-29T19:46:12.000Z,2026-09-29T19:46:12.000Z,55053ec9-5c8c-4604-90d6-844da4a57a21,-114.0888018,50.900565
3375,EB Council WY @ 11 ST SW,ACTIVE,2026-09-29T19:46:12.000Z,2026-09-29T19:46:12.000Z,0f09292f-aa03-4b53-a5e0-49a34045e08a,-114.0888552,51.0243441
7011,SB Canterbury DR @ Canova RD SW,ACTIVE,2026-09-29T19:46:12.000Z,2026-09-29T19:46:12.000Z,6f1c84ec-af70-46d6-9866-899942eb8dfd,-114.0889054,50.9476654
8971,NB Cambrian DR @ 31 AV NW,ACTIVE,2026-09-29T19:46:12.000Z,2026-09-29T19:46:12.000Z,bb34d3b0-a0d1-4411-8eea-6ba4b67473a3,-114.0890104,51.0809364
4706,SB Carleton ST @ Frontenac AV SW,ACTIVE,2026-09-29T19:46:12.000Z,2026-09-29T19:46:12.000Z,3cd6f039-633b-45cb-be7a-fb0c8468675f,-114.0891121,51.0295064
4707,SB Carleton ST @ 12 ST SW,ACTIVE,2026-09-29T19:46:12.000Z,2026-09-29T19:46:12.000Z,f8cb1f65-f211-4f20-b5df-fca68dca6b67,-114.089153,51.0309016
5701,SAIT Station (EB),ACTIVE,2026-09-29T19:46:12.000Z,2026-09-29T19:46:12.000Z,03d33fbe-0b9b-49c5-b209-8920baf9de6f,-114.0891649,51.0667194
7434,NB North Haven DR @ Namaka CR NW,ACTIVE,2026-09-29T19:46:12.000Z,2026-09-29T19:46:12.000Z,95e71125-1170-49c6-a8aa-407b6839cbd8,-114.0891694,51.0940907
5160,NB @ Sandstone Terminal,ACTIVE,2026-09-29T19:46:12.000Z,2026-09-29T19:46:12.000Z,9cdbb2dc-1fc8-48c7-8a5a-74029b38cfe3,-114.0891803,51.1343696
4940,NB Shawinigan DR @ Shannon DR SW,ACTIVE,2026-09-29T19:46:12.000Z,2026-09-29T19:46:12.000Z,a2f6a696-a802-4a51-bf96-3f33c2406c46,-114.089211,50.9088237
7365,WB Berkley DR @ Berwick RI NW,ACTIVE,2026-09-29T19:46:12.000Z,2026-09-29T19:46:12.000Z,1e22abc0-fce7-444a-b284-3e464a9c3a16,-114.0892265,51.1281824
6722,WB 21 AV NW @ 12 ST NW,ACTIVE,2026-09-29T19:46:12.000Z,2026-09-29T19:46:12.000Z,7316a399-c07b-43e9-9ec7-fb6a87894809,-114.089245,51.0715156
9754,WB Panamount BV @ E. Leg Panamount RD NW,ACTIVE,2026-09-29T19:46:12.000Z,2026-09-29T19:46:12.000Z,401c4719-34d8-490b-a967-0825899a081c,-114.0892466,51.1567142
9049,NB Northmount DR @ Cornwallis DR NW,ACTIVE,2026-09-29T19:46:12.000Z,2026-09-29T19:46:12.000Z,8c03b7ae-ae4d-4f05-ab64-a5e9caeaf79c,-114.0892771,51.0855574
9040,SB Northmount DR @ Cornwallis DR NW,ACTIVE,2026-09-29T19:46:12.000Z,2026-09-29T19:46:12.000Z,b1f47d4a-3ca5-4c3e-b156-dc3fbd190374,-114.0893023,51.0858368
7331,EB Berkley DR @ Berwick RD NW,ACTIVE,2026-09-29T19:46:12.000Z,2026-09-29T19:46:12.000Z,45fe2af5-40c9-4d44-90f5-18a5a329fb97,-114.0893069,51.1280405
5907,WB 6 AV SW @ 11 ST SW,ACTIVE,2026-09-29T19:46:12.000Z,2026-09-29T19:46:12.000Z,30c37701-32b2-4e7e-9a36-29e0050962b9,-114.0893178,51.0482928
8048,WB 5 AV NW @ 11 ST NW,ACTIVE,2026-09-29T19:46:12.000Z,2026-09-29T19:46:12.000Z,7a1f424a-afde-4208-89da-55976e5d281e,-114.0893465,51.0571624
3480,EB 20 AV @ 12 ST NW,ACTIVE,2026-09-29T19:46:12.000Z,2026-09-29T19:46:12.000Z,fda7cc48-3665-4267-a3df-d51a20f291cc,-114.0893542,51.0704813
9873,Sandstone Terminal,ACTIVE,2026-09-29T19:46:12.000Z,2026-09-29T19:46:12.000Z,a2e35905-e152-4314-9f48-a801ac8851fe,-114.0894237,51.1345916
4742,NB Somercrest ST @ Somerset DR SW,ACTIVE,2026-09-29T19:46:12.000Z,2026-09-29T19:46:12.000Z,f4ff7fb7-7da1-4737-af67-89a01cbcdb5d,-114.0895547,50.9008087
4770,SB Shawinigan DR @ Shawnessy BV SW,ACTIVE,2026-09-29T19:46:12.000Z,2026-09-29T19:46:12.000Z,8dee3b6d-fa7a-479f-b327-14090db9d5ed,-114.0895615,50.9134648
7012,SB Canterbury DR @ 116 AV SW,ACTIVE,2026-09-29T19:46:12.000Z,2026-09-29T19:46:12.000Z,d72971f9-e0af-451d-8637-1fe2a1f65970,-114.0895843,50.9454606
7013,SB Canterbury DR @ Canova RD SW,ACTIVE,2026-09-29T19:46:12.000Z,2026-09-29T19:46:12.000Z,4da0d50d-c3fe-4a0e-9b69-bbd015ae926e,-114.0895858,50.9431579
4096,WB Berkshire BV @ Sandstone DR NW,ACTIVE,2026-09-29T19:46:12.000Z,2026-09-29T19:46:12.000Z,34abf124-9210-4a19-9b98-837addffb7e2,-114.0897306,51.1333489
7940,WB 17 AV SW @ 11 ST SW fs,ACTIVE,2026-09-29T19:46:12.000Z,2026-09-29T19:46:12.000Z,efbd569a-c820-4449-875d-d7a7bc985a4d,-114.0897396,51.0379043
5382,NB Sandstone DR @ Berkshire BV NW,ACTIVE,2026-09-29T19:46:12.000Z,2026-09-29T19:46:12.000Z,57c96fd0-d2ad-4e49-82fb-efef02237d6e,-114.0897421,51.1343027
7920,EB 17 AV SW @ 11 ST SW fs,ACTIVE,2026-09-29T19:46:12.000Z,2026-09-29T19:46:12.000Z,2197a0f9-9b32-4b9c-91bc-893ce83e8bcf,-114.0897842,51.0377624
8963,SB Cambrian DR @ Rosewood RD NW,ACTIVE,2026-09-29T19:46:12.000Z,2026-09-29T19:46:12.000Z,9c74e437-1808-45ad-9929-d02b70e99113,-114.0898506,51.0812002
8980,SB North Haven DR @ Nelson RD NW,ACTIVE,2026-09-29T19:46:12.000Z,2026-09-29T19:46:12.000Z,85546721-df9e-4050-994b-da1d0d6eb665,-114.0898508,51.093703
5045,EB Kensington RD @ Kensington CR NW,ACTIVE,2026-09-29T19:46:12.000Z,2026-09-29T19:46:12.000Z,2afee81a-3e4d-47a4-a9c3-94c611dc630b,-114.0898566,51.0524438
2908,EB 144 Av NW @ Carrington Bv west leg,ACTIVE,2026-09-29T19:46:12.000Z,2026-09-29T19:46:12.000Z,020cfe65-eadb-4630-bab5-be4da9875108,-114.0898755,51.18409
9181,WB James McKevitt RD @ Shawnee LI SW,ACTIVE,2026-09-29T19:46:12.000Z,2026-09-29T19:46:12.000Z,385b4019-d05a-488d-8f2a-f9e2097ca159,-114.0899292,50.9214796
2916,NB Carrington BV @ 140 AV NW,ACTIVE,2026-09-29T19:46:12.000Z,2026-09-29T19:46:12.000Z,4b43dcad-6141-41ba-b741-ea852ae41597,-114.0899485,51.1820689
4740,SB Somercrest ST @ 162 AV SW,ACTIVE,2026-09-29T19:46:12.000Z,2026-09-29T19:46:12.000Z,f324907a-b928-4e32-b4d0-649154dde8dc,-114.0900149,50.9034647
5620,SB Carleton ST @ Montcalm CR SW,ACTIVE,2026-09-29T19:46:12.000Z,2026-09-29T19:46:12.000Z,57562c04-6ea8-42e8-9960-9d434052fb3e,-114.0900248,51.0274603
7794,WB 162 AV SW @ Shawbrooke DR,ACTIVE,2026-09-29T19:46:12.000Z,2026-09-29T19:46:12.000Z,573edd3e-0a42-438b-a1de-b612d9525b8a,-114.0900639,50.9042755
9207,NB Somerset DR @ Somerside  CL SW,ACTIVE,2026-09-29T19:46:12.000Z,2026-09-29T19:46:12.000Z,cfa28214-91c4-41b7-990d-1b0568059326,-114.0900782,50.8992566
4741,NB Somercrest ST @ Somerside GV SW,ACTIVE,2026-09-29T19:46:12.000Z,2026-09-29T19:46:12.000Z,9484cd22-4703-48fd-a746-712a2a91c834,-114.0901841,50.9020297
4769,SB Shawinigan DR @ Shannon MR SW,ACTIVE,2026-09-29T19:46:12.000Z,2026-09-29T19:46:12.000Z,192f1ba5-7e55-4926-9f0d-cd319206a4e7,-114.0903841,50.910544
2917,SB Carrington BV @ 144 AV NW,ACTIVE,2026-09-29T19:46:12.000Z,2026-09-29T19:46:12.000Z,8fc3e05c-1f4e-4dc9-9672-b9928970ebe9,-114.0903987,51.1838512
5585,SB Carleton ST @ Premier WY SW,ACTIVE,2026-09-29T19:46:12.000Z,2026-09-29T19:46:12.000Z,e7894e0e-0732-49df-a942-fd686d0f78db,-114.0904581,51.0257801
4739,SB Somercrest ST @ Somerside GV SW,ACTIVE,2026-09-29T19:46:12.000Z,2026-09-29T19:46:12.000Z,3f34183d-7712-4615-96b6-803500132ae9,-114.0904603,50.9015689
3377,SB Carleton ST @ Council WY SW,ACTIVE,2026-09-29T19:46:12.000Z,2026-09-29T19:46:12.000Z,c25db843-8fad-48b1-b25c-2f3532ffcf2c,-114.0906287,51.0242867
4765,NB Shawnee DR @ S. of Shawnee GD SW,ACTIVE,2026-09-29T19:46:12.000Z,2026-09-29T19:46:12.000Z,c541378d-adb4-4ba5-8a53-0d7281174ca8,-114.0906885,50.9286945
7919,EB 17 AV SW @ 12 ST SW,ACTIVE,2026-09-29T19:46:12.000Z,2026-09-29T19:46:12.000Z,a2d08e80-b48b-4f6c-b714-64b98283d858,-114.0908348,51.0377526
5497,NB Sandstone DR @ Sanderling RI NW,ACTIVE,2026-09-29T19:46:12.000Z,2026-09-29T19:46:12.000Z,bcb62ae5-0300-4592-9ba9-cc084254412c,-114.0908979,51.1370659
5641,EB Southland DR @ E. of 14 ST SW,ACTIVE,2026-09-29T19:46:12.000Z,2026-09-29T19:46:12.000Z,1f047382-c711-4693-86c4-8365115fa520,-114.0909208,50.9622191
9312,SB Shawnee DR @ S. of Shawnee GD SW,ACTIVE,2026-09-29T19:46:12.000Z,2026-09-29T19:46:12.000Z,7611df43-1fdd-4676-bb0d-7c8f2db926b7,-114.090966,50.9281257
2918,WB 140 AV NW @ Carrington BV,ACTIVE,2026-09-29T19:46:12.000Z,2026-09-29T19:46:12.000Z,4a43ead7-fcf2-4c7f-8ed2-f4204d2b66f8,-114.0909731,51.1817076
8089,EB 12 AV SW @ 12 ST SW,ACTIVE,2026-09-29T19:46:12.000Z,2026-09-29T19:46:12.000Z,14c2b499-9789-442f-8932-078a81b26833,-114.0909738,51.0421366
6819,NB SAIT / AUArts / Jubilee CTrain Stn,ACTIVE,2026-09-29T19:46:12.000Z,2026-09-29T19:46:12.000Z,4da97e40-a2d9-4eb8-83ec-f6b0b19141fc,-114.0910598,51.0630697
8105,SB Sandstone DR @ Sanderling RI NW,ACTIVE,2026-09-29T19:46:12.000Z,2026-09-29T19:46:12.000Z,ee0e0f70-19a5-49cb-8580-f7d26a48d650,-114.091083,51.1363959
7457,WB Kensington RD @ 11A ST NW,ACTIVE,2026-09-29T19:46:12.000Z,2026-09-29T19:46:12.000Z,56cdd7ba-accf-470d-ab47-e2ddaf2a5e3f,-114.091118,51.0525832
5437,EB 5 AV NW@ 12 ST NW,ACTIVE,2026-09-29T19:46:12.000Z,2026-09-29T19:46:12.000Z,a0fa16a2-e4bb-43c9-906b-54e12166b4c6,-114.0911539,51.0570186
8563,SB SAIT / AUArts / Jubilee CTrain Stn,ACTIVE,2026-09-29T19:46:12.000Z,2026-09-29T19:46:12.000Z,340a3f42-32cc-4d87-9183-dff8c2a76b0b,-114.0912792,51.0629853
3011,EB Panatella BV @ N. Leg of Panatella ST NW,ACTIVE,2026-09-29T19:46:12.000Z,2026-09-29T19:46:12.000Z,191dcc0b-6752-4a4d-a36c-95da9cac7d2a,-114.0913262,51.1681479
5761,EB Heritage DR @ Haysboro CR SW,ACTIVE,2026-09-29T19:46:12.000Z,2026-09-29T19:46:12.000Z,a3aab39a-92b4-4b36-b6be-c7abd191b7bd,-114.091332,50.9794781
8347,WB Panatella BV @ Panatella ST NW,ACTIVE,2026-09-29T19:46:12.000Z,2026-09-29T19:46:12.000Z,ca9607f6-9eb7-431b-a033-2190824b8472,-114.0913331,51.1629473
9025,WB 21 AV NW @ 13 ST NW,ACTIVE,2026-09-29T19:46:12.000Z,2026-09-29T19:46:12.000Z,2e6908d4-035f-4aae-a3d3-853e9083c361,-114.0914444,51.0714814
9041,SB Northmount DR @ Connaught DR NW,ACTIVE,2026-09-29T19:46:12.000Z,2026-09-29T19:46:12.000Z,871262ac-b5d7-48b4-bd1a-4f9e8c2cdc41,-114.0914573,51.0840187
9172,WB Southland DR @ E. of 14 ST SW,ACTIVE,2026-09-29T19:46:12.000Z,2026-09-29T19:46:12.000Z,f467bb08-d4b3-4f6e-96c0-7aa505f8621d,-114.0914764,50.9623553
9764,EB Panamount BV @ W. Leg Panamount RD NW,ACTIVE,2026-09-29T19:46:12.000Z,2026-09-29T19:46:12.000Z,241bf118-4d4a-40ba-8e2e-17ef83fa07c6,-114.0918485,51.156734
4753,EB Shawnessy BV @ Millrise DR SW,ACTIVE,2026-09-29T19:46:12.000Z,2026-09-29T19:46:12.000Z,d3f2240c-711e-4a63-8f01-ed6cceb6f8a5,-114.0918536,50.9138998
5230,NB Cambrian DR @ Northmount DR NW,ACTIVE,2026-09-29T19:46:12.000Z,2026-09-29T19:46:12.000Z,ef394f44-c838-43ad-9709-f02b0d7a8822,-114.0919133,51.0827591
7437,SB Niven RD @ Norquay DR NW,ACTIVE,2026-09-29T19:46:12.000Z,2026-09-29T19:46:12.000Z,4e321805-9ddc-439e-9cdf-7cdb79f3035f,-114.0922243,51.097306
8049,WB 5 AV NW @ 12 ST NW,ACTIVE,2026-09-29T19:46:12.000Z,2026-09-29T19:46:12.000Z,8bfe37e6-04dc-4b10-8ca2-519687d01a68,-114.0922586,51.057154
9707,EB Panatella BV @ Panamount BV NW,ACTIVE,2026-09-29T19:46:12.000Z,2026-09-29T19:46:12.000Z,ad427fa2-a4f3-41c3-9f0e-538451870b1c,-114.0922801,51.1628342
4414,WB Panatella BV @ Panatella ST NW,ACTIVE,2026-09-29T19:46:12.000Z,2026-09-29T19:46:12.000Z,c4b96328-a0ff-4e79-97c5-c803102f79bc,-114.0923785,51.1682721
9755,NB Panamount BV @ W. Leg Panamount RD NW,ACTIVE,2026-09-29T19:46:12.000Z,2026-09-29T19:46:12.000Z,2307e316-eda6-4636-8f39-6c36ac9c1261,-114.0924037,51.1573676
4754,SB Millrise DR @ Millview RD SW,ACTIVE,2026-09-29T19:46:12.000Z,2026-09-29T19:46:12.000Z,8291b8ef-4c17-4a6b-9e97-77fdbd3a9c5c,-114.0925429,50.9169933
7366,WB Berkley DR @ Beacham WY NW,ACTIVE,2026-09-29T19:46:12.000Z,2026-09-29T19:46:12.000Z,6f233dff-bbae-44ba-b093-a995671c02ce,-114.0925509,51.1275995
4578,WB Heritage DR @ Churchill DR SW,ACTIVE,2026-09-29T19:46:12.000Z,2026-09-29T19:46:12.000Z,346d27fb-7dbd-4faa-80c2-0e1f01172bf8,-114.0925515,50.9796866
9706,NB Panamount BV @ Hidden Creek WY NW,ACTIVE,2026-09-29T19:46:12.000Z,2026-09-29T19:46:12.000Z,dc7a32e8-5743-4739-8045-7805f943ed09,-114.0926338,51.1597128
9763,SB Panamount BV @ Hidden Creek WY NW,ACTIVE,2026-09-29T19:46:12.000Z,2026-09-29T19:46:12.000Z,4f7c2428-d9cc-4b41-870d-d0d448074b74,-114.0928739,51.1590802
9703,SB Panamount BV @ S. of Panamount PZ NW,ACTIVE,2026-09-29T19:46:12.000Z,2026-09-29T19:46:12.000Z,5be96ca9-6975-4d1f-9232-c030ea72fc85,-114.0929446,51.1612299
3791,WB 10 AV @ E. of 14 ST SW,ACTIVE,2026-09-29T19:46:12.000Z,2026-09-29T19:46:12.000Z,7300a07d-7bdb-4a29-841e-3bc8a6c38e3a,-114.093008,51.0442381
9704,WB Hidden Creek WY @ Panamount BV NW,ACTIVE,2026-09-29T19:46:12.000Z,2026-09-29T19:46:12.000Z,d9d3aba2-3883-453e-a9d4-e65dfd313958,-114.0930355,51.1593756
7438,SB Norquay DR @ Norquay HT NW,ACTIVE,2026-09-29T19:46:12.000Z,2026-09-29T19:46:12.000Z,bf702738-1768-462a-b5d7-88f2306f1dce,-114.0931958,51.0963947
9224,WB Shawnessy BV @ Millrise DR SW,ACTIVE,2026-09-29T19:46:12.000Z,2026-09-29T19:46:12.000Z,74a54bc8-1e38-49d2-a412-9f5d05274041,-114.0932405,50.9141808
5779,EB Northmount DR @ 14 ST NW,ACTIVE,2026-09-29T19:46:12.000Z,2026-09-29T19:46:12.000Z,53edcd80-d3c9-46fd-ad76-0c7b06c08686,-114.0933572,51.0829164
4768,EB Shannon AV @ Shawbrooke RD SW,ACTIVE,2026-09-29T19:46:12.000Z,2026-09-29T19:46:12.000Z,31269d52-1b11-4ebf-b7aa-936aa487d0d6,-114.0934316,50.9095855
3006,WB Panatella BV @ Panamount BV NW,ACTIVE,2026-09-29T19:46:12.000Z,2026-09-29T19:46:12.000Z,4dc77281-da40-4770-aed8-8a259b5fb60d,-114.0934463,51.1630791
5082,SB Sandstone DR @ Sanderling HL NW,ACTIVE,2026-09-29T19:46:12.000Z,2026-09-29T19:46:12.000Z,8bc250d6-dc77-4e46-b7f3-5de102921352,-114.0935197,51.1392539
5383,WB Sandstone DR@ Sanderling HL NW,ACTIVE,2026-09-29T19:46:12.000Z,2026-09-29T19:46:12.000Z,a1894922-b10a-43dd-9e4b-11b8d080d572,-114.0936548,51.139608
5539,EB Berkley DR @ 13 ST NW,ACTIVE,2026-09-29T19:46:12.000Z,2026-09-29T19:46:12.000Z,675ede29-c5aa-4cd1-b65f-c6cb1da3d6f4,-114.0937156,51.1270349
2915,EB 140 AV @ 14 ST NW,ACTIVE,2026-09-29T19:46:12.000Z,2026-09-29T19:46:12.000Z,f05d8978-e9ae-4892-a492-be847ede0798,-114.093763,51.1812868
7918,EB 17 AV SW @ 14 ST SW,ACTIVE,2026-09-29T19:46:12.000Z,2026-09-29T19:46:12.000Z,f499ba26-cac2-49f9-95a7-42c4527f07ad,-114.0939035,51.0377301
5140,EB 17 AV SW @ 14 ST SW,ACTIVE,2026-09-29T19:46:12.000Z,2026-09-29T19:46:12.000Z,17eafb2a-814a-4f64-9295-b1c80538e34b,-114.0939167,51.0377484
5453,NB 14 ST NW @ 14 AV NW,ACTIVE,2026-09-29T19:46:12.000Z,2026-09-29T19:46:12.000Z,4520a46d-1c9d-42cd-9e44-2758e0f55020,-114.0939498,51.0641041
5448,WB 6 AV SW@ 14 ST SW,ACTIVE,2026-09-29T19:46:12.000Z,2026-09-29T19:46:12.000Z,0c3f8a23-5826-44c0-ac2a-c474c83633c2,-114.0939648,51.0463217
5232,EB North Haven DR @ 14 ST NW,ACTIVE,2026-09-29T19:46:12.000Z,2026-09-29T19:46:12.000Z,fcbddaf3-473c-43ce-8cc7-24c81ae8fbb2,-114.0939928,51.092115
5455,NB 14 ST NW @ 14 AV NW,ACTIVE,2026-09-29T19:46:12.000Z,2026-09-29T19:46:12.000Z,e031545a-155e-462c-bbbe-3f5d89f33e3c,-114.0940254,51.0653347
3376,EB Council WY @ 14 St SW,ACTIVE,2026-09-29T19:46:12.000Z,2026-09-29T19:46:12.000Z,5213c514-316b-4f73-913a-6e632cfe69a9,-114.0940464,51.0239607
3010,EB Panatella BV @ Panora GA NW,ACTIVE,2026-09-29T19:46:12.000Z,2026-09-29T19:46:12.000Z,de502c04-b0bc-49fa-9a58-ef8cd1ce55c5,-114.094064,51.1680649
5044,EB Kensington RD @ 14 ST NW,ACTIVE,2026-09-29T19:46:12.000Z,2026-09-29T19:46:12.000Z,fa488ea6-2050-481e-a6c3-d6d2b3ed2035,-114.0940657,51.0524587
7872,WB 162 AV SW @ E. of Shawbrooke RD,ACTIVE,2026-09-29T19:46:12.000Z,2026-09-29T19:46:12.000Z,8759fdd2-95e2-40bd-a020-12b4abf4dc73,-114.0940696,50.9051237
4780,EB James McKevitt RD @ Evergreen ST SW,ACTIVE,2026-09-29T19:46:12.000Z,2026-09-29T19:46:12.000Z,be233131-d364-45d6-b3b3-576a93512074,-114.0941137,50.921242
6621,EB 20 AV NW @ 14 ST NW,ACTIVE,2026-09-29T19:46:12.000Z,2026-09-29T19:46:12.000Z,9186beb7-ea68-41b4-b080-c41f01b3b302,-114.09415,51.0704774
5671,EB 14 ST SW @ Ramp To 9 AV SW,ACTIVE,2026-09-29T19:46:12.000Z,2026-09-29T19:46:12.000Z,c5ca14a2-6e55-42af-8876-b9ca3b77f038,-114.094156,51.0460026
9183,EB Shawnee DR @ Evergreen  ST SW,ACTIVE,2026-09-29T19:46:12.000Z,2026-09-29T19:46:12.000Z,535d34fb-fe5e-4a23-8f22-b78221ec5b87,-114.0941574,50.9296714
5241,EB Northmount DR @ 14 ST NW,ACTIVE,2026-09-29T19:46:12.000Z,2026-09-29T19:46:12.000Z,d4fe6987-55fd-4167-9ad7-b3c1e5304d4e,-114.0941734,51.0829502
8052,EB 5 AV NW @ 14 ST NW,ACTIVE,2026-09-29T19:46:12.000Z,2026-09-29T19:46:12.000Z,f1c33b59-e9ac-4947-b700-c8e48dc4c856,-114.094236,51.0572572
5457,NB 14 ST NW @ 16 AV NW,ACTIVE,2026-09-29T19:46:12.000Z,2026-09-29T19:46:12.000Z,223bcadf-72f3-4c46-8f0e-f75d37d7be9a,-114.0942385,51.0679251
5291,EB 12 AV SW@ 14 ST SW,ACTIVE,2026-09-29T19:46:12.000Z,2026-09-29T19:46:12.000Z,e25a5f05-bcc0-4692-9622-a0a29c9fce7a,-114.0942634,51.0422365
7873,EB 162 AV SW @ Somerside PA,ACTIVE,2026-09-29T19:46:12.000Z,2026-09-29T19:46:12.000Z,a30e8079-68c4-4d3e-8c15-62ed9b4ad216,-114.0942822,50.9048394
5616,NB 14 ST SW @ 12 AV SW,ACTIVE,2026-09-29T19:46:12.000Z,2026-09-29T19:46:12.000Z,4cf55036-ce91-4a6c-a77a-77f5040f9173,-114.0944882,51.0425209
5493,NB 14 ST NW @ Cambrian DR,ACTIVE,2026-09-29T19:46:12.000Z,2026-09-29T19:46:12.000Z,2a7fb2aa-7fe2-4831-8b27-8b45813f27af,-114.0945017,51.0837715
3374,NB 14 ST @ 36 AV SW,ACTIVE,2026-09-29T19:46:12.000Z,2026-09-29T19:46:12.000Z,e5d2d511-269f-4782-b76e-2ce57f986a2b,-114.0945025,51.0220517
5617,NB 14 ST SW @ 6 AV SW,ACTIVE,2026-09-29T19:46:12.000Z,2026-09-29T19:46:12.000Z,e9d5d1a0-ec82-43a7-a9f1-66913e184141,-114.0945289,51.0462008
5663,NB 14 ST NW @ 20 AV NW,ACTIVE,2026-09-29T19:46:12.000Z,2026-09-29T19:46:12.000Z,21b1ae64-3188-4770-b0b1-902a9c164969,-114.0945414,51.070838
5483,NB 14 ST NW @ 5 AV NW,ACTIVE,2026-09-29T19:46:12.000Z,2026-09-29T19:46:12.000Z,cb8dd6c8-b398-4329-95cb-29c3896b5f65,-114.0945541,51.0578767
5481,NB 14 ST NW @ North Haven DR,ACTIVE,2026-09-29T19:46:12.000Z,2026-09-29T19:46:12.000Z,adf73f8b-b998-4dbb-a780-b11792fcffc1,-114.0945715,51.0924532
5369,NB 14 ST SW@ 25 AV SW,ACTIVE,2026-09-29T19:46:12.000Z,2026-09-29T19:46:12.000Z,34a0f0a1-ef40-4074-b6de-c9a527e7aa9c,-114.0945748,51.0317922
5367,NB 14 ST SW@ Premier WY,ACTIVE,2026-09-29T19:46:12.000Z,2026-09-29T19:46:12.000Z,104f7e80-5f40-4007-9de2-8348849216fe,-114.0945786,51.027947
5365,NB 14 ST SW @ Council WY,ACTIVE,2026-09-29T19:46:12.000Z,2026-09-29T19:46:12.000Z,b911a3fb-e68d-456c-924d-d912aa7c0486,-114.0945838,51.0243537
5618,NB 14 ST NW @ 22 AV NW,ACTIVE,2026-09-29T19:46:12.000Z,2026-09-29T19:46:12.000Z,f3932136-5d5f-4e8e-bdfd-4cc1b991a85c,-114.0945896,51.0725752
5451,NB 14 ST NW @ Kensington RD,ACTIVE,2026-09-29T19:46:12.000Z,2026-09-29T19:46:12.000Z,cf1f5d3d-a2e9-47b4-8a6b-b1e1ea6a204f,-114.0945938,51.0529126
5288,NB 14 ST SW@ 17 AV SW,ACTIVE,2026-09-29T19:46:12.000Z,2026-09-29T19:46:12.000Z,b7c8778e-0495-46d1-8c56-3b1100527019,-114.0945963,51.038287
8752,NB 14 ST SW @ 21 AV SW,ACTIVE,2026-09-29T19:46:12.000Z,2026-09-29T19:46:12.000Z,fd84cd21-9abf-4608-81c3-d1f4575a956c,-114.0945972,51.0353097
5368,NB 14 ST SW@ Quebec AV,ACTIVE,2026-09-29T19:46:12.000Z,2026-09-29T19:46:12.000Z,c5b752cc-bce2-48ab-a95d-de73f026d30b,-114.0945987,51.0298139
7422,NB 14 ST NW @ Roselawn CR,ACTIVE,2026-09-29T19:46:12.000Z,2026-09-29T19:46:12.000Z,db2d04ee-cd55-41b7-a2ac-29339e87bc4c,-114.0945991,51.0751569
7419,NB 14 ST NW @ 2 AV NW,ACTIVE,2026-09-29T19:46:12.000Z,2026-09-29T19:46:12.000Z,a37348eb-7f1e-4b42-9433-dec64bf5991a,-114.0946006,51.0548556
5366,NB 14 ST SW@ Joliet AV,ACTIVE,2026-09-29T19:46:12.000Z,2026-09-29T19:46:12.000Z,1f8582a1-d1ec-4e91-8ce6-04597210d63b,-114.094602,51.026342
5619,NB 14 ST NW @ Rosevale DR NW,ACTIVE,2026-09-29T19:46:12.000Z,2026-09-29T19:46:12.000Z,3006bb62-ee60-412e-a035-bc3081210b19,-114.0946026,51.0807968
5290,NB 14 ST SW@ 15 AV SW,ACTIVE,2026-09-29T19:46:12.000Z,2026-09-29T19:46:12.000Z,8977ccd5-1eb8-496d-bbdf-2f058954a571,-114.0946066,51.0397175
5370,NB 14 ST SW@ 23 AV SW,ACTIVE,2026-09-29T19:46:12.000Z,2026-09-29T19:46:12.000Z,f9dbb8ed-9373-473d-bd8a-24d7bce3b59f,-114.0946069,51.0333311
7420,NB 14 ST NW @ Chelsea ST,ACTIVE,2026-09-29T19:46:12.000Z,2026-09-29T19:46:12.000Z,8d5917ae-2616-4036-8d37-6a5b028cee0f,-114.0946098,51.0820472
7421,NB 14 ST NW @ Rosehill DR,ACTIVE,2026-09-29T19:46:12.000Z,2026-09-29T19:46:12.000Z,6055c7c0-646c-4def-9a3f-f64e043543eb,-114.0946141,51.0781076
5231,NB 14 ST NW @ Cromwell AV,ACTIVE,2026-09-29T19:46:12.000Z,2026-09-29T19:46:12.000Z,8cb31c55-0e99-4d7f-a1cb-d1c2295ef5d8,-114.0946161,51.0863442
7418,NB 14 ST NW @ 7 AV NW,ACTIVE,2026-09-29T19:46:12.000Z,2026-09-29T19:46:12.000Z,69bf4d33-f9fe-462b-a936-bef47ef184db,-114.0946446,51.0592111
7433,NB 14 ST NW @ Cornwallis DR,ACTIVE,2026-09-29T19:46:12.000Z,2026-09-29T19:46:12.000Z,d5f9a1ef-2ddd-4589-918e-382f90b0e432,-114.094646,51.0878255
6588,NB Evergreen ST @ 200 Shawnee GD SW,ACTIVE,2026-09-29T19:46:12.000Z,2026-09-29T19:46:12.000Z,6f6f8c65-6abb-4baa-a57c-e14e500a7063,-114.0947139,50.928507
5332,SB 14 ST SW@ 21 AV SW,ACTIVE,2026-09-29T19:46:12.000Z,2026-09-29T19:46:12.000Z,edcb0563-38b8-4cd1-a31c-9c9f716c10de,-114.0947919,51.0351617
5334,SB 14 ST SW@ 28 AV SW,ACTIVE,2026-09-29T19:46:12.000Z,2026-09-29T19:46:12.000Z,543ee108-640a-4729-8da2-f97f10ddc10a,-114.0947979,51.0282268
5335,SB 14 ST SW@ 30 AV SW,ACTIVE,2026-09-29T19:46:12.000Z,2026-09-29T19:46:12.000Z,7a5ca3da-7606-4e5c-b14a-968b48d4161c,-114.0948055,51.026509
8754,SB 14 ST SW @ 24 AV SW,ACTIVE,2026-09-29T19:46:12.000Z,2026-09-29T19:46:12.000Z,75d15548-cf88-4e19-97a2-65afba92550f,-114.09481,51.0316811
8753,SB 14 ST SW @ 23 AV SW,ACTIVE,2026-09-29T19:46:12.000Z,2026-09-29T19:46:12.000Z,836517fb-45a0-4e0b-95cc-19d1a8dfef08,-114.0948179,51.0329226
4705,SB 14 ST SW @ 36 AV SW,ACTIVE,2026-09-29T19:46:12.000Z,2026-09-29T19:46:12.000Z,73433253-2ea2-4e2a-a974-d0d8911df34c,-114.0948187,51.0212833
7417,SB 14 ST NW @ 2 AV NW,ACTIVE,2026-09-29T19:46:12.000Z,2026-09-29T19:46:12.000Z,a7d794d6-64ee-4930-a014-20c441be271a,-114.0948349,51.0543038
5305,SB 14 ST SW@ 12 AV SW,ACTIVE,2026-09-29T19:46:12.000Z,2026-09-29T19:46:12.000Z,92b3d358-7569-4524-a3bf-c4aa7b9de6bc,-114.0948357,51.0419611
5333,SB 14 ST SW@ 26 AV SW,ACTIVE,2026-09-29T19:46:12.000Z,2026-09-29T19:46:12.000Z,435c6672-3853-471c-97e9-867181a97f83,-114.0948371,51.0301077
4236,NB 14 ST SW @ 90 AV SW,ACTIVE,2026-09-29T19:46:12.000Z,2026-09-29T19:46:12.000Z,3e37b96d-13a7-4ea7-9afc-e0d6ef384b0d,-114.0948541,50.9728196
5511,SB 14 ST NW @ 6 AV NW,ACTIVE,2026-09-29T19:46:12.000Z,2026-09-29T19:46:12.000Z,17a1dce4-1105-45ba-9eef-cbecd5b16b3f,-114.0948573,51.0571377
3373,SB 14 ST @ 33 AV SW,ACTIVE,2026-09-29T19:46:12.000Z,2026-09-29T19:46:12.000Z,e0ecc1ae-9254-46be-a596-b7726b80800b,-114.0948582,51.0237515
7416,SB 14 ST NW @ 8 AV NW,ACTIVE,2026-09-29T19:46:12.000Z,2026-09-29T19:46:12.000Z,d331a5e7-3478-445f-9526-e74efe5b0019,-114.0948603,51.0593685
5621,SB 14 ST NW @ Roselawn CR,ACTIVE,2026-09-29T19:46:12.000Z,2026-09-29T19:46:12.000Z,5d7e5a9f-c865-4eac-8849-4844ef30896c,-114.0948636,51.0750376
7415,SB 14 ST SW @ 14 AV SW,ACTIVE,2026-09-29T19:46:12.000Z,2026-09-29T19:46:12.000Z,db495901-c433-46d1-ab45-12b6c7a54a49,-114.094869,51.0400838
7430,SB 14 ST NW @ Rosehill DR,ACTIVE,2026-09-29T19:46:12.000Z,2026-09-29T19:46:12.000Z,8d597b09-7cd7-4859-8541-7c5088794534,-114.0948757,51.0780332
5513,SB 14 ST NW @ Kensington RD,ACTIVE,2026-09-29T19:46:12.000Z,2026-09-29T19:46:12.000Z,0da1d757-38ed-4fbf-ae90-2f3cd2adee56,-114.0948833,51.0521642
7432,SB 14 ST NW @ Cromwell AV,ACTIVE,2026-09-29T19:46:12.000Z,2026-09-29T19:46:12.000Z,bc0c814a-96bb-4aff-b47c-f3f5af01b71b,-114.0948901,51.085778
5331,SB 14 ST SW@ 17 AV SW,ACTIVE,2026-09-29T19:46:12.000Z,2026-09-29T19:46:12.000Z,dc6d302f-0303-4228-94d7-98b2ce499d13,-114.0948907,51.0374578
5487,SB 14 ST NW @ Northmount DR,ACTIVE,2026-09-29T19:46:12.000Z,2026-09-29T19:46:12.000Z,91746302-b783-4323-9cb0-c8e86764e145,-114.094895,51.0834215
5502,SB 14 ST NW @ North Haven DR,ACTIVE,2026-09-29T19:46:12.000Z,2026-09-29T19:46:12.000Z,4b3fb087-61b4-4ecd-98f0-cfc20c7a3346,-114.0948961,51.0918317
5622,SB 14 ST SW @ 6 AV SW,ACTIVE,2026-09-29T19:46:12.000Z,2026-09-29T19:46:12.000Z,3bc2de28-5622-49ef-89c6-6cf088c34612,-114.0948976,51.046237
7429,SB 14 ST NW @ 31 AV NW,ACTIVE,2026-09-29T19:46:12.000Z,2026-09-29T19:46:12.000Z,54d03fac-5d17-43f1-8a1a-fcd0b51f6b26,-114.0949198,51.0802919
7431,SB 14 ST NW @ 22 AV NW,ACTIVE,2026-09-29T19:46:12.000Z,2026-09-29T19:46:12.000Z,67dad1fe-d40f-4e48-9e78-312538d41d8e,-114.0949289,51.071945
6843,SB Evergreen ST @ Shawnee DR SW,ACTIVE,2026-09-29T19:46:12.000Z,2026-09-29T19:46:12.000Z,0df60f1b-8425-412e-a54d-dfc5b65bacc6,-114.094933,50.929331
7857,SB 14 ST SW @ 10 AV SW,ACTIVE,2026-09-29T19:46:12.000Z,2026-09-29T19:46:12.000Z,b1a719ff-95a5-484c-bf45-d3eb453c411f,-114.0949527,51.0439896
5237,SB 14 ST NW@ Cornwallis DR,ACTIVE,2026-09-29T19:46:12.000Z,2026-09-29T19:46:12.000Z,34573826-5821-4e75-90ec-536ed8a686ee,-114.0949885,51.0876244
5505,SB 14 ST NW @ 20 AV NW,ACTIVE,2026-09-29T19:46:12.000Z,2026-09-29T19:46:12.000Z,2bf925bc-7d0f-4ef0-b638-6d7a54c0ee44,-114.0949985,51.0699229
9705,EB Hidden Creek WY @ Hidden Creek PT NW,ACTIVE,2026-09-29T19:46:12.000Z,2026-09-29T19:46:12.000Z,87636f41-3a11-4476-aa5a-5baa6d799f6d,-114.0950956,51.1592343
4781,WB Shannon AV @ Shannon CM SW,ACTIVE,2026-09-29T19:46:12.000Z,2026-09-29T19:46:12.000Z,15c6fa18-7590-4022-a0c3-bdd130fb961a,-114.0951357,50.909637
4514,WB Panatella BV @ Panora GA NW,ACTIVE,2026-09-29T19:46:12.000Z,2026-09-29T19:46:12.000Z,c173ae56-cdf6-4638-8c81-aa5f6ba85c25,-114.095183,51.1682672
7808,EB Berkshire BV @ E. of Berkley DR NW,ACTIVE,2026-09-29T19:46:12.000Z,2026-09-29T19:46:12.000Z,aa3b54e5-bf0f-424e-8e61-31f72db19ee5,-114.0952071,51.1319651
8788,WB 33 AV SW @ 14 ST SW,ACTIVE,2026-09-29T19:46:12.000Z,2026-09-29T19:46:12.000Z,318c2411-8f28-437e-9b5b-75c720ad288b,-114.0952289,51.0240729
5459,WB 20 AV NW@ 14 ST NW,ACTIVE,2026-09-29T19:46:12.000Z,2026-09-29T19:46:12.000Z,5ab7c61c-fc90-4fdf-acb3-27c99e6bf83d,-114.0952699,51.0706042
5509,SB 14 ST NW @ 14 AV NW,ACTIVE,2026-09-29T19:46:12.000Z,2026-09-29T19:46:12.000Z,e3f447b3-52c7-4264-8516-850c95dce2ec,-114.0952852,51.0637506
5508,SB 14 ST NW @ 16 AV NW,ACTIVE,2026-09-29T19:46:12.000Z,2026-09-29T19:46:12.000Z,3dad1cfc-9ec8-4dd1-880f-6bd4cb816aa0,-114.0953456,51.0657489
5606,EB 38 AV SW @ 14A ST SW,ACTIVE,2026-09-29T19:46:12.000Z,2026-09-29T19:46:12.000Z,df0a4148-f232-47f0-977a-59cd662f527f,-114.0954356,51.0200843
5008,WB Kensington RD @ 14 ST NW,ACTIVE,2026-09-29T19:46:12.000Z,2026-09-29T19:46:12.000Z,971ee45b-fa69-4893-af41-2e09cf54b009,-114.0954422,51.0525829
9210,WB Evergreen DR @ Evergreen ST SW,ACTIVE,2026-09-29T19:46:12.000Z,2026-09-29T19:46:12.000Z,976ec929-1695-443a-b267-c7e8bc279209,-114.0954586,50.9279768
3372,Heritage Park (NB),ACTIVE,2026-09-29T19:46:12.000Z,2026-09-29T19:46:12.000Z,7fbe9950-cddb-4562-9ace-c707bf0c6fbb,-114.0954869,50.9800952
7941,WB 17 AV SW @ 14 ST SW,ACTIVE,2026-09-29T19:46:12.000Z,2026-09-29T19:46:12.000Z,49a638ca-827d-4b85-8b63-2483111812b6,-114.0954911,51.0378955
9192,WB James McKevitt RD @ Evergreen ST SW,ACTIVE,2026-09-29T19:46:12.000Z,2026-09-29T19:46:12.000Z,51524b82-8672-4808-a62f-c2d5215513dd,-114.0955365,50.9214754
3381,90 Avenue SW (NB),ACTIVE,2026-09-29T19:46:12.000Z,2026-09-29T19:46:12.000Z,1784cfd8-9c94-47e3-b6b3-172c36c17621,-114.095545,50.9733441
3383,90 Avenue SW (SB),ACTIVE,2026-09-29T19:46:12.000Z,2026-09-29T19:46:12.000Z,feb53837-4b03-4289-ae72-1204584b0f54,-114.0956604,50.9733677
6130,WB 6 AV NW @ 15 ST NW,ACTIVE,2026-09-29T19:46:12.000Z,2026-09-29T19:46:12.000Z,0cd879cc-6fab-4fe2-a32a-44fd4d84a924,-114.0956732,51.0576923
6203,WB Berkley DR @ W. of Bermondsey Cr NW,ACTIVE,2026-09-29T19:46:12.000Z,2026-09-29T19:46:12.000Z,2c1a827a-40b3-4125-b19e-faa2a22f552a,-114.0956789,51.126499
4532,EB Panatella BV @ Pantego LN NW,ACTIVE,2026-09-29T19:46:12.000Z,2026-09-29T19:46:12.000Z,d1e03d29-d48f-4166-94e0-a1426ec70bec,-114.0957267,51.1635315
5648,SB 6 AV SW @ 15 ST SW,ACTIVE,2026-09-29T19:46:12.000Z,2026-09-29T19:46:12.000Z,13a915cd-8a38-4f88-b7e0-ec1906b46fc9,-114.0957371,51.0462758
9344,WB Hidden Creek WY @ Hidden Creek PT NW,ACTIVE,2026-09-29T19:46:12.000Z,2026-09-29T19:46:12.000Z,b1d5c26f-33d7-4ef4-97bd-f49af5812626,-114.0957911,51.1595485
5742,WB Northmount DR @ 14 ST NW,ACTIVE,2026-09-29T19:46:12.000Z,2026-09-29T19:46:12.000Z,ac283c9c-5365-42fe-bb9c-09ba917981ec,-114.0958239,51.0831595
3371,Heritage Park (SB),ACTIVE,2026-09-29T19:46:12.000Z,2026-09-29T19:46:12.000Z,e17cd44e-930e-4d3f-bfc5-f8ec9413b183,-114.0958397,50.9801714
5515,SB 14 ST SW @ 9 AV SW,ACTIVE,2026-09-29T19:46:12.000Z,2026-09-29T19:46:12.000Z,e566b2cc-5faa-4f68-8f7d-4877529116c5,-114.095842,51.0457388
5586,WB 38 AV SW @ 14A ST SW,ACTIVE,2026-09-29T19:46:12.000Z,2026-09-29T19:46:12.000Z,2e76ce8e-9430-4108-aab8-f79d7f554ce0,-114.0959255,51.0202314
3370,Rockyview Hospital (NB),ACTIVE,2026-09-29T19:46:12.000Z,2026-09-29T19:46:12.000Z,dc2181a9-7932-4389-9170-47fee6d7c501,-114.095986,50.9877793
3007,WB Panatella BV @ Pantego CL NW,ACTIVE,2026-09-29T19:46:12.000Z,2026-09-29T19:46:12.000Z,0bfa56c6-ab36-4f6d-a2be-6527bbc837da,-114.0960686,51.1641004
3368,Rockyview Hospital (SB),ACTIVE,2026-09-29T19:46:12.000Z,2026-09-29T19:46:12.000Z,5fbfe537-4bb8-48d3-b3cb-a39425d0dc46,-114.0961157,50.987734
5759,Rockyview Hospital Main Entrance (SB),ACTIVE,2026-09-29T19:46:12.000Z,2026-09-29T19:46:12.000Z,6631e120-1063-4ea0-b6bb-24b6ed80e28d,-114.0961857,50.9896013
2493,WB Symons Valley PY @ 14 St NW,ACTIVE,2026-09-29T19:46:12.000Z,2026-09-29T19:46:12.000Z,776c4b77-aa41-40d9-9dd9-3c7e16c874ab,-114.0961868,51.1816124
9925,Rockyview Hospital Main Entrance (NB),ACTIVE,2026-09-29T19:46:12.000Z,2026-09-29T19:46:12.000Z,93cb8377-c942-49a2-9dce-35c3f6755da4,-114.0962443,50.9895758
4929,EB Shawnessy BV @ Shannon SQ SW,ACTIVE,2026-09-29T19:46:12.000Z,2026-09-29T19:46:12.000Z,3368945e-e2b0-46e6-a16a-13fbf28a61d1,-114.096282,50.9138482
6984,WB Berkshire BV @ E. of Sandarac DR NW,ACTIVE,2026-09-29T19:46:12.000Z,2026-09-29T19:46:12.000Z,de27e4ba-dcfe-46f2-87cf-8eed4533fc74,-114.0964211,51.1322111
7428,EB 20 AV NW @ 15 ST NW,ACTIVE,2026-09-29T19:46:12.000Z,2026-09-29T19:46:12.000Z,fd521e99-5f6e-4b92-8375-cff66ab74464,-114.0965515,51.0704292
8786,EB 33 AV SW @ 15 ST SW,ACTIVE,2026-09-29T19:46:12.000Z,2026-09-29T19:46:12.000Z,82fd0449-2578-46ac-ba9b-6ffeded8a8ad,-114.0965776,51.0239445
6431,WB 90 AV SW @ 14 ST SW,ACTIVE,2026-09-29T19:46:12.000Z,2026-09-29T19:46:12.000Z,707bd17e-df27-48ae-82f0-b4d042142a97,-114.0966328,50.9723512
3009,NB Panatella BV @ 200 Pantego VW NW,ACTIVE,2026-09-29T19:46:12.000Z,2026-09-29T19:46:12.000Z,757639bf-ac9d-43c5-b6fd-4163971fe109,-114.0968315,51.1678063
8037,EB 8 AV NW @ W. of 15 ST NW,ACTIVE,2026-09-29T19:46:12.000Z,2026-09-29T19:46:12.000Z,8ad1397d-e3f1-4bdf-a0fe-1cb048fd074f,-114.0969582,51.0596006
7954,EB @ Holy Cross Care Ctr SW,ACTIVE,2026-09-29T19:46:12.000Z,2026-09-29T19:46:12.000Z,b3f798a6-4b1d-4280-a5b4-62d34e0b31cb,-114.09703,50.9916012
9927,EB @ Holy Cross Care Ctr SW,ACTIVE,2026-09-29T19:46:12.000Z,2026-09-29T19:46:12.000Z,95443fad-4910-42ca-bdab-6bafafdd1ec8,-114.0970437,50.9916105
8053,EB 6 AV NW @ 16 ST NW,ACTIVE,2026-09-29T19:46:12.000Z,2026-09-29T19:46:12.000Z,9f1a5407-7554-4443-9e37-e43aba66f4ca,-114.0971006,51.0575533
5605,EB 38 AV SW @ 15 ST SW,ACTIVE,2026-09-29T19:46:12.000Z,2026-09-29T19:46:12.000Z,af5763a4-5d2d-4e64-9c60-88f201ce1110,-114.0971465,51.0200909
9081,EB 14 AV NW @ 14 ST NW,ACTIVE,2026-09-29T19:46:12.000Z,2026-09-29T19:46:12.000Z,f0308249-d69d-460e-81ec-ec75ee51ecd8,-114.0973608,51.0643419
5043,EB Kensington RD @ 16 ST NW,ACTIVE,2026-09-29T19:46:12.000Z,2026-09-29T19:46:12.000Z,8cab3482-ed49-4ee2-956d-cbeca28824fc,-114.0973918,51.0524425
5336,WB 33 AV SW@ 15 ST SW,ACTIVE,2026-09-29T19:46:12.000Z,2026-09-29T19:46:12.000Z,8c84aac7-776f-4370-9492-b4901e8abd42,-114.0976537,51.0240702
2978,NB Hidden Valley DR NW @ 600 Hidden Vale PL NW,ACTIVE,2026-09-29T19:46:12.000Z,2026-09-29T19:46:12.000Z,37884146-5ee8-4a9a-8110-5680e925df2a,-114.0976667,51.1439388
6580,WB 8 AV NW @ 16 ST NW,ACTIVE,2026-09-29T19:46:12.000Z,2026-09-29T19:46:12.000Z,4eed47e7-45ec-4036-9461-06291bd6ee9a,-114.0976788,51.0597174
7861,SB Hidden Valley DR @ 200 Hidden Valley PL NW,ACTIVE,2026-09-29T19:46:12.000Z,2026-09-29T19:46:12.000Z,efd34b03-d7f3-45c9-8334-6e3ddaca085e,-114.0976848,51.1441965
4782,EB Shannon AV @ Shannon GD SW,ACTIVE,2026-09-29T19:46:12.000Z,2026-09-29T19:46:12.000Z,639a35b7-1366-4c64-ba99-243f9b67a344,-114.0976922,50.9092508
4930,WB Shawnessy BV @ Millrise SQ SW,ACTIVE,2026-09-29T19:46:12.000Z,2026-09-29T19:46:12.000Z,6a1a322c-d30c-4c55-bbba-2289206b2c25,-114.0977551,50.9141601
4516,SB Panatella BV @ Panora HT NW,ACTIVE,2026-09-29T19:46:12.000Z,2026-09-29T19:46:12.000Z,8616fbee-fc20-402c-b6f8-d740dfb2a468,-114.09777,51.1673735
6504,EB 9 AV SW @ 16 ST SW,ACTIVE,2026-09-29T19:46:12.000Z,2026-09-29T19:46:12.000Z,ac7ea4db-6960-4619-bce8-5bb6d4b6c284,-114.0977996,51.0452387
7423,WB 20 AV NW @ 15 ST NW,ACTIVE,2026-09-29T19:46:12.000Z,2026-09-29T19:46:12.000Z,0f43494e-6609-4d65-b6e9-71927e05737e,-114.0978824,51.0706062
7803,EB 162 AV SW @ James McKevitt RD,ACTIVE,2026-09-29T19:46:12.000Z,2026-09-29T19:46:12.000Z,241c3f5f-86a4-4c89-ad60-7fcdaf4c4ec4,-114.0980092,50.9049573
6646,WB 14 AV NW @ 14 ST NW,ACTIVE,2026-09-29T19:46:12.000Z,2026-09-29T19:46:12.000Z,ea51bd76-8e71-47f3-b637-1a92ec3915a1,-114.0980941,51.064486
6729,WB 14 AV NW @ 14 ST NW,ACTIVE,2026-09-29T19:46:12.000Z,2026-09-29T19:46:12.000Z,12399c54-59dd-41e3-b382-8b077f3f0c1c,-114.0980941,51.064486
9179,EB Southland DR @ Bradbury DR SW,ACTIVE,2026-09-29T19:46:12.000Z,2026-09-29T19:46:12.000Z,621d838a-4e75-46a7-b8fd-0478b1554000,-114.0981688,50.9612446
4702,WB 38 AV SW @ 15 ST SW,ACTIVE,2026-09-29T19:46:12.000Z,2026-09-29T19:46:12.000Z,f1e3c18a-8531-4d01-9813-7989e2495903,-114.0982071,51.0202342
5138,EB 17 AV SW @ 16 St SW,ACTIVE,2026-09-29T19:46:12.000Z,2026-09-29T19:46:12.000Z,0a359e3f-6698-4b96-a262-5ec3a5f44a5f,-114.0982384,51.0377659
6400,WB 6 AV NW @ 16 ST NW,ACTIVE,2026-09-29T19:46:12.000Z,2026-09-29T19:46:12.000Z,b7a98727-e496-4b94-8040-7c8d1d261c44,-114.0982678,51.0576947
8975,WB Northmount DR @ Culver RD NW,ACTIVE,2026-09-29T19:46:12.000Z,2026-09-29T19:46:12.000Z,310dce52-0a23-45c5-97b1-cf8227e9bc82,-114.0983532,51.0838403
9926,NB @ Glenmore Auxiliary Hospital,ACTIVE,2026-09-29T19:46:12.000Z,2026-09-29T19:46:12.000Z,c292138a-53c8-4fb0-b7bf-475b50017b64,-114.098458,50.9920144
5760,SB @ Glenmore Auxiliary Hospital,ACTIVE,2026-09-29T19:46:12.000Z,2026-09-29T19:46:12.000Z,f37ff36e-97fa-488f-ac75-6bc3532e1be8,-114.0984847,50.9920421
7330,SB  Berkely DR @ S. of Beaconsfield CR NW,ACTIVE,2026-09-29T19:46:12.000Z,2026-09-29T19:46:12.000Z,638fd730-73ee-42e6-8e4b-a0055fbcb550,-114.0985804,51.1269579
6430,EB 90 AV SW @ 16 ST SW,ACTIVE,2026-09-29T19:46:12.000Z,2026-09-29T19:46:12.000Z,6ce0406c-0987-43b7-95cc-f33fd2d74b06,-114.0985983,50.9721086
5009,WB Kensington RD @ 16 ST NW,ACTIVE,2026-09-29T19:46:12.000Z,2026-09-29T19:46:12.000Z,d88a4a1c-bd24-4b5c-8677-8ca9cfe028dc,-114.0986242,51.05259
4620,EB 12 AV SW @ 16 ST SW,ACTIVE,2026-09-29T19:46:12.000Z,2026-09-29T19:46:12.000Z,d695c25a-9a13-4387-8798-7f2e0137c4d0,-114.0986898,51.0423663
8841,EB Northmount  DR @ Confederation VI NW,ACTIVE,2026-09-29T19:46:12.000Z,2026-09-29T19:46:12.000Z,5e759421-2b71-443c-934e-96de01c68470,-114.0987223,51.0838764
5623,NB 16 ST SW @ 19 AV SW,ACTIVE,2026-09-29T19:46:12.000Z,2026-09-29T19:46:12.000Z,9cb57705-ae77-4177-9924-8f7f060a2332,-114.098781,51.036844
7807,EB Berkshire BV @ Berkley DR NW,ACTIVE,2026-09-29T19:46:12.000Z,2026-09-29T19:46:12.000Z,12c65845-7fef-4d76-a842-f0b89c5877af,-114.0988068,51.1320095
3637,EB Sunalta CTrain Station,ACTIVE,2026-09-29T19:46:12.000Z,2026-09-29T19:46:12.000Z,8dfb6d96-1344-41c9-b6f7-007638f66186,-114.0988326,51.044579
7023,NB Hidden Valley DR @ Hidden Valley GR NW,ACTIVE,2026-09-29T19:46:12.000Z,2026-09-29T19:46:12.000Z,65e0f141-fd78-4cb6-b3b1-59830f4f0537,-114.0988524,51.1462134
3008,NB Panatella BV @ Hidden Creek BV NW,ACTIVE,2026-09-29T19:46:12.000Z,2026-09-29T19:46:12.000Z,f2e8aa05-bf4b-4aaa-b448-40a64782dc8b,-114.0989214,51.1659198
7860,EB Hidden Valley DR @ Hidden Valley CR NW,ACTIVE,2026-09-29T19:46:12.000Z,2026-09-29T19:46:12.000Z,6ee9cc86-1255-4848-b4e2-d76c15a44557,-114.0989262,51.1460623
7367,NB Berkley DR @ Beaconsfield CR NW,ACTIVE,2026-09-29T19:46:12.000Z,2026-09-29T19:46:12.000Z,cdb6c429-249a-49c7-b78d-1cd250d35e61,-114.0989866,51.1273187
7327,EB Sandstone DR @ Sandpiper RD NW,ACTIVE,2026-09-29T19:46:12.000Z,2026-09-29T19:46:12.000Z,a75a6ff3-df48-4edb-9962-087032285d04,-114.0990196,51.1397863
4518,SB Panatella BV @ Hidden Creek BV NW,ACTIVE,2026-09-29T19:46:12.000Z,2026-09-29T19:46:12.000Z,4a9d6560-31b7-485a-9646-a62eb7ca45f9,-114.0990908,51.1652269
5364,EB 33 AV SW@ 16 ST SW,ACTIVE,2026-09-29T19:46:12.000Z,2026-09-29T19:46:12.000Z,e2090fb0-512a-4cf8-8cdf-15a8a26c9b23,-114.0991596,51.0239367
7427,EB 20 AV NW @ 16 ST NW,ACTIVE,2026-09-29T19:46:12.000Z,2026-09-29T19:46:12.000Z,466136ec-d0f6-4a90-a779-052a0b5dfb7b,-114.0991897,51.0704768
3452,NB Evanston WY @ Evansglen LN  NW,ACTIVE,2026-09-29T19:46:12.000Z,2026-09-29T19:46:12.000Z,4693ccf1-d9e7-43ff-827f-ba83dd22513b,-114.0992304,51.1788852
9217,EB Shawnessy BV @ James McKevitt RD SW,ACTIVE,2026-09-29T19:46:12.000Z,2026-09-29T19:46:12.000Z,1ab4f1e8-3271-4df3-a641-5408a571f5c8,-114.0993806,50.9139226
2494,EB Symons Valley PY @ N. Leg of Evanston WY NW,ACTIVE,2026-09-29T19:46:12.000Z,2026-09-29T19:46:12.000Z,d3e0400e-3473-490a-a3d1-2e33b9d9ee9c,-114.0993936,51.1809805
9259,WB Southland DR @ Bradbury DR SW,ACTIVE,2026-09-29T19:46:12.000Z,2026-09-29T19:46:12.000Z,8b5dd5b0-f7fb-4b0b-a537-03a3052ee695,-114.0994408,50.9615398
8520,SB Bridlewood DR @ Bridlewood PL SW,ACTIVE,2026-09-29T19:46:12.000Z,2026-09-29T19:46:12.000Z,96a79eb7-1343-4713-ae1b-250e4fa6e294,-114.099445,50.8991391
9213,NB James McKevitt RD @ Shannon AV SW,ACTIVE,2026-09-29T19:46:12.000Z,2026-09-29T19:46:12.000Z,8c16b268-0f34-4d64-84ce-59e23f2aeefa,-114.0995549,50.9093367
7368,NB Berkley DR @ Berwick DR NW,ACTIVE,2026-09-29T19:46:12.000Z,2026-09-29T19:46:12.000Z,cf775254-b1c1-4b20-ba0b-30a4e94270fd,-114.099589,51.1300231
3792,Sunalta LRT Station WB,ACTIVE,2026-09-29T19:46:12.000Z,2026-09-29T19:46:12.000Z,e9a5af13-16ce-4fc3-91c2-3f08ab337420,-114.0997422,51.0444073
7329,SB Berkely DR @ Beaconsfield WY NW,ACTIVE,2026-09-29T19:46:12.000Z,2026-09-29T19:46:12.000Z,d015e005-a0c2-4ded-858e-da226ca6ef87,-114.0998143,51.1291652
4683,EB 38 AV SW @ 16 ST SW,ACTIVE,2026-09-29T19:46:12.000Z,2026-09-29T19:46:12.000Z,8c093356-0a11-4ca7-b03c-31ce90a760b0,-114.0998405,51.0201128
5540,SB Berkley DR @ Berkshire BV NW,ACTIVE,2026-09-29T19:46:12.000Z,2026-09-29T19:46:12.000Z,fb06c167-d6fc-48e6-98cd-461361f04f02,-114.0998672,51.1315142
9215,NB James McKevitt RD @  Shawnessy BV SW,ACTIVE,2026-09-29T19:46:12.000Z,2026-09-29T19:46:12.000Z,1553829e-9cb9-4131-bc23-658b2271f239,-114.0998753,50.9146392
9216,NB James McKevitt RD @ Millview GA SW,ACTIVE,2026-09-29T19:46:12.000Z,2026-09-29T19:46:12.000Z,1f94a0fa-2a96-4717-84dc-460a90798cbc,-114.0998761,50.9180573
8521,WB Bridlewood AV @ Bridlewood DR SW,ACTIVE,2026-09-29T19:46:12.000Z,2026-09-29T19:46:12.000Z,fd16175f-cb92-4fc5-ae96-42632a234b91,-114.0999101,50.8973786
8519,SB Bridlewood RD @ Bridlewood DR SW,ACTIVE,2026-09-29T19:46:12.000Z,2026-09-29T19:46:12.000Z,0cb13f6f-8c5e-4f8e-93f8-9e9f651c3c41,-114.0999662,50.9019675
8106,SB Sandstone DR @ Sandpiper RD NW,ACTIVE,2026-09-29T19:46:12.000Z,2026-09-29T19:46:12.000Z,10a502e7-6968-4e21-9177-b6bce88ef1ae,-114.0999928,51.1393157
8516,WB 162 AV SW @ James McKevitt RD,ACTIVE,2026-09-29T19:46:12.000Z,2026-09-29T19:46:12.000Z,64357422-26db-4d69-9dd4-955580b87b4d,-114.1000188,50.9054678
3449,NB Evanston WY @ Evansglen  DR  NW,ACTIVE,2026-09-29T19:46:12.000Z,2026-09-29T19:46:12.000Z,67c87974-fb87-4d3f-ad30-ea87a12ca6e6,-114.1000393,51.1769417
9211,WB Evergreen DR @ Evergreen HL SW,ACTIVE,2026-09-29T19:46:12.000Z,2026-09-29T19:46:12.000Z,bc629ff4-374e-4899-97ae-80756a5c2bd0,-114.1001603,50.927671
5337,WB 33 AV SW@ 16 ST SW,ACTIVE,2026-09-29T19:46:12.000Z,2026-09-29T19:46:12.000Z,ebe4af8d-6b64-46df-9c4f-2bab3da38baf,-114.100165,51.0240517
3636,WB Sunalta CTrain Station,ACTIVE,2026-09-29T19:46:12.000Z,2026-09-29T19:46:12.000Z,7262440d-0725-4ee7-bfa3-840e956eda58,-114.1002118,51.0448624
7424,WB 20 AV NW @ 16 ST NW,ACTIVE,2026-09-29T19:46:12.000Z,2026-09-29T19:46:12.000Z,c650f847-2091-49e4-8853-7a6c680c7603,-114.1002383,51.0706018
9342,EB Hidden Creek WY @  Hidden Creek BV NW,ACTIVE,2026-09-29T19:46:12.000Z,2026-09-29T19:46:12.000Z,3d1dec66-b35a-4b93-ac3c-e3f951b2eeef,-114.1002702,51.1599745
9209,SB James McKevitt RD @ Evergreen BV SW,ACTIVE,2026-09-29T19:46:12.000Z,2026-09-29T19:46:12.000Z,69787841-c059-4300-805f-beabec89ac8b,-114.1003029,50.9171666
7326,NB Sandstone DR @ Sandarac DR NW,ACTIVE,2026-09-29T19:46:12.000Z,2026-09-29T19:46:12.000Z,6be6f3f3-ada0-41bb-8f0a-84e82672d891,-114.1003253,51.1388023
7942,WB 17 AV SW @ 16 A ST SW,ACTIVE,2026-09-29T19:46:12.000Z,2026-09-29T19:46:12.000Z,baaebe8c-29be-4f8d-9a21-b8afefa4c0e5,-114.1003842,51.0379002
4684,NB 16 ST SW @ 40 AV SW,ACTIVE,2026-09-29T19:46:12.000Z,2026-09-29T19:46:12.000Z,d72c3ce9-6683-406c-a723-91e648001491,-114.1003976,51.0184986
7943,WB 17 AV SW @ 16A ST SW,ACTIVE,2026-09-29T19:46:12.000Z,2026-09-29T19:46:12.000Z,e1d19400-055b-4ee2-a2fa-d8b8fbe54ae2,-114.100399,51.0378916
4686,NB 16 ST SW @ 44 AV SW,ACTIVE,2026-09-29T19:46:12.000Z,2026-09-29T19:46:12.000Z,872b5db8-9282-4397-9ed5-1d2ea07e79c2,-114.1004069,51.014694
5604,NB 16 ST SW @ Altadore AV,ACTIVE,2026-09-29T19:46:12.000Z,2026-09-29T19:46:12.000Z,600e5425-aed2-46a3-978b-182818641878,-114.1004096,51.0128231
4685,NB 16 ST SW @ 42 AV SW,ACTIVE,2026-09-29T19:46:12.000Z,2026-09-29T19:46:12.000Z,f44a441d-fd42-4fa0-82be-9e80bd9331c6,-114.1004138,51.0164122
4689,NB 16 ST SW @ 48 AV SW,ACTIVE,2026-09-29T19:46:12.000Z,2026-09-29T19:46:12.000Z,eb3440e6-59d5-4179-988b-297c807546b3,-114.1004352,51.0110428
4688,NB 16 ST SW @ 50 AV SW,ACTIVE,2026-09-29T19:46:12.000Z,2026-09-29T19:46:12.000Z,f40e4556-e91a-4a99-8120-ea0c564303d9,-114.1004373,51.0091809
2348,NB Hidden Valley Dr @ Hidden Valley Ga NW,ACTIVE,2026-09-29T19:46:12.000Z,2026-09-29T19:46:12.000Z,a5c6c62d-0cf4-435a-9525-b79ddb13c156,-114.1004554,51.1475367
4931,EB Everstone BV @ James McKevitt RD SW,ACTIVE,2026-09-29T19:46:12.000Z,2026-09-29T19:46:12.000Z,b95ed09e-a0a6-4e25-97c6-c7713e7d2f8b,-114.1004645,50.9106564
5587,SB 16 ST SW @ 44 AV SW,ACTIVE,2026-09-29T19:46:12.000Z,2026-09-29T19:46:12.000Z,6a5185d1-69af-4ff7-9bc8-92c069ab1aed,-114.1005945,51.0137452
4698,SB 16 ST SW @ 46 AV SW,ACTIVE,2026-09-29T19:46:12.000Z,2026-09-29T19:46:12.000Z,1b1cecc9-4c95-4227-9126-169f30797cbd,-114.1006002,51.0120543
4700,SB 16 ST SW @ 40 AV SW,ACTIVE,2026-09-29T19:46:12.000Z,2026-09-29T19:46:12.000Z,7447ec51-348c-485b-8184-ee2476d7aae5,-114.1006008,51.0177571
4701,SB 16 ST SW @ 38 AV SW,ACTIVE,2026-09-29T19:46:12.000Z,2026-09-29T19:46:12.000Z,36f525b2-3d87-4021-8435-95fb977bd0d6,-114.1006022,51.01979
4697,SB 16 ST SW @ 48 AV SW,ACTIVE,2026-09-29T19:46:12.000Z,2026-09-29T19:46:12.000Z,8a441e1d-e995-4e2d-80fb-c53cbfab3915,-114.1006143,51.0102287
4699,SB 16 ST SW @ 42 AV SW,ACTIVE,2026-09-29T19:46:12.000Z,2026-09-29T19:46:12.000Z,47972abb-6310-4595-bbad-74e3920fd04f,-114.1006255,51.0157608
7806,WB Berkshire BV @ Sandarac DR NW,ACTIVE,2026-09-29T19:46:12.000Z,2026-09-29T19:46:12.000Z,131bbe44-9f87-4db4-b20d-4f5c999d32f8,-114.1007802,51.1322294
2803,North Hill Station (WB),ACTIVE,2026-09-29T19:46:12.000Z,2026-09-29T19:46:12.000Z,f807dfee-1636-44e4-820b-e7e31cd1aee5,-114.1008991,51.0670895
9345,SB Hidden Creek BV @ Hidden Creek HT NW,ACTIVE,2026-09-29T19:46:12.000Z,2026-09-29T19:46:12.000Z,e7dfbf93-f032-4eb8-9dae-7dd1e2bd2989,-114.1009799,51.1596053
3940,WB Fish Creek BV @ James McKevitt  RD SW,ACTIVE,2026-09-29T19:46:12.000Z,2026-09-29T19:46:12.000Z,c8e2081d-edb3-43b8-927b-8493bdd31ed2,-114.1010065,50.9177732
9300,EB Evergreen DR @ Evergreen HL SW,ACTIVE,2026-09-29T19:46:12.000Z,2026-09-29T19:46:12.000Z,bdd985ff-54ed-42e8-83f8-9da25647857f,-114.1010286,50.926982
4232,WB 90 AV SW @ 16 ST SW,ACTIVE,2026-09-29T19:46:12.000Z,2026-09-29T19:46:12.000Z,085d647b-7a4a-49cb-a87e-0c1c630004d7,-114.1010803,50.9723313
3967,WB Everstone BV @ James McKevitt RD SW,ACTIVE,2026-09-29T19:46:12.000Z,2026-09-29T19:46:12.000Z,ea229861-dd4d-4c21-ab45-b64a061ba1c6,-114.1011009,50.9109457
8803,EB Northmount DR @ Clarendon RD NW,ACTIVE,2026-09-29T19:46:12.000Z,2026-09-29T19:46:12.000Z,6f3d0c6f-6ea3-4b0b-8213-b33468739739,-114.1011372,51.0852226
9346,SB Hidden Creek BV @ Hidden Creek RD NW,ACTIVE,2026-09-29T19:46:12.000Z,2026-09-29T19:46:12.000Z,91154f59-b3b6-4d10-bb43-6e918fb1f293,-114.1011615,51.1569384
8976,WB Northmount DR @ Clarendon RD NW,ACTIVE,2026-09-29T19:46:12.000Z,2026-09-29T19:46:12.000Z,20f6d3d8-b615-4a69-8e29-69fa600f1e4b,-114.1011824,51.0854127
5136,EB 17 AV SW @ 17 ST SW,ACTIVE,2026-09-29T19:46:12.000Z,2026-09-29T19:46:12.000Z,8fe2542c-d9d6-4550-a99c-289770c2128b,-114.1011873,51.0377654
8840,EB Northmont  DR @ Calandar RD NW,ACTIVE,2026-09-29T19:46:12.000Z,2026-09-29T19:46:12.000Z,085bd983-03af-4ab1-898e-f42312c195cc,-114.1012622,51.0852797
5798,WB Sandarac DR @ Sandstone DR NW,ACTIVE,2026-09-29T19:46:12.000Z,2026-09-29T19:46:12.000Z,a8bf3fbb-c00f-445a-869a-1ba4f954a9f3,-114.1013632,51.1386661
9341,NB Hidden Creek BV @ N. of  Hidden Creek RD NW,ACTIVE,2026-09-29T19:46:12.000Z,2026-09-29T19:46:12.000Z,e4fcc1ce-3d17-4f1c-a259-337f67e95d41,-114.101385,51.1577085
4696,WB 50 AV SW @ 16 ST SW,ACTIVE,2026-09-29T19:46:12.000Z,2026-09-29T19:46:12.000Z,0b6b087d-d9e1-4d51-86cc-36564f8c6943,-114.1013878,51.0087997
5363,EB 33 AV SW@ 17 ST SW,ACTIVE,2026-09-29T19:46:12.000Z,2026-09-29T19:46:12.000Z,b3622486-aeeb-4b15-b26a-cff861c92dce,-114.101512,51.0239502
9777,EB 6 AV NW @ 18 ST NW,ACTIVE,2026-09-29T19:46:12.000Z,2026-09-29T19:46:12.000Z,a65751b2-1c65-4fe4-bbf2-2888692d6b13,-114.1017056,51.057566
5436,EB 6 AV NW@ 18 ST NW,ACTIVE,2026-09-29T19:46:12.000Z,2026-09-29T19:46:12.000Z,e9e1a549-ca6e-424d-bc4f-495a7a6cf6d8,-114.1017541,51.0575429
3453,WB Symons Valley PY @ Evanston LI NW,ACTIVE,2026-09-29T19:46:12.000Z,2026-09-29T19:46:12.000Z,9a6f2a60-da78-4273-a824-ad330730095a,-114.1017548,51.1805489
6628,Lions Park LRT Station (EB 14 AV NW),ACTIVE,2026-09-29T19:46:12.000Z,2026-09-29T19:46:12.000Z,f8027b0f-3eb1-4ab6-8fec-3cfb7d4022df,-114.1019372,51.0651211
6626,Lions Park LRT Station (EB 14 AV NW),ACTIVE,2026-09-29T19:46:12.000Z,2026-09-29T19:46:12.000Z,9caf34fd-a735-4ea4-a54e-de71f8c10247,-114.1019811,51.0651042
9770,WB 6 AV NW @ 18 ST NW,ACTIVE,2026-09-29T19:46:12.000Z,2026-09-29T19:46:12.000Z,33910f5f-6fcb-4d46-981a-0ffea8043b2e,-114.1019886,51.0576504
6487,WB 6 AV NW @ 18 ST NW,ACTIVE,2026-09-29T19:46:12.000Z,2026-09-29T19:46:12.000Z,a917540a-75b9-4099-9663-e9d967055afd,-114.1020318,51.0576668
5640,EB Southland DR @ Braeside DR SW,ACTIVE,2026-09-29T19:46:12.000Z,2026-09-29T19:46:12.000Z,13290189-c7ad-405f-9cba-0d52dab74973,-114.1020819,50.9613059
9218,NB Evergreen DR @ Evergreen PZ SW,ACTIVE,2026-09-29T19:46:12.000Z,2026-09-29T19:46:12.000Z,43f44d62-7541-40e7-91d7-c8ed68f3bf83,-114.1021117,50.9211226
9314,EB Fish Creek BV @ Everwillow PA SW,ACTIVE,2026-09-29T19:46:12.000Z,2026-09-29T19:46:12.000Z,0c3b8c7d-fe22-4f94-b8d7-c38ca757511f,-114.1021436,50.91752
4649,SB Palliser DR @ Pump Hill RI SW,ACTIVE,2026-09-29T19:46:12.000Z,2026-09-29T19:46:12.000Z,31bd6676-3f2d-4da1-9f7f-2f2ec7258f03,-114.1022126,50.9649251
6710,SB Hidden Valley DR @ Hidden Valley GV NW,ACTIVE,2026-09-29T19:46:12.000Z,2026-09-29T19:46:12.000Z,790c00ed-7afe-4ed0-b6c8-c169a7ae95f0,-114.1023101,51.1486558
9306,SB Evergreen DR @ Evergreen RO SW,ACTIVE,2026-09-29T19:46:12.000Z,2026-09-29T19:46:12.000Z,3ebb21ba-9dcf-4d6d-b9d0-90a69e47d140,-114.1023588,50.9204667
1709,EB Hidden Valley DR @ 300 Hidden Vale PL NW,ACTIVE,2026-09-29T19:46:12.000Z,2026-09-29T19:46:12.000Z,0baa0f07-27dd-4427-9739-824d82fefcb0,-114.1023699,51.1435932
4237,EB 90 AV SW @ W. of 16 ST SW,ACTIVE,2026-09-29T19:46:12.000Z,2026-09-29T19:46:12.000Z,a5418f76-27fa-4631-b544-ce6ce1e2a29c,-114.102519,50.9721286
9219,NB Evergreen DR @ Evergreen  LD SW,ACTIVE,2026-09-29T19:46:12.000Z,2026-09-29T19:46:12.000Z,3858c706-8d1a-4402-9bfc-2344d8d3d04e,-114.1025266,50.9250942
7370,EB Kensington RD @ 18 ST NW,ACTIVE,2026-09-29T19:46:12.000Z,2026-09-29T19:46:12.000Z,17a58e31-993f-4f76-8175-8b85dbd517e9,-114.102543,51.0524535
6848,SB 18 ST NW @ 8 AV NW,ACTIVE,2026-09-29T19:46:12.000Z,2026-09-29T19:46:12.000Z,fe4f7e6f-9a67-44dc-800f-7e26aca298f9,-114.1026132,51.0593272
5338,WB 33 AV SW@ 17 ST SW,ACTIVE,2026-09-29T19:46:12.000Z,2026-09-29T19:46:12.000Z,5c2b9ca7-770c-4ee2-a389-4ba7c887e0d8,-114.1026319,51.0240589
3448,NB Evanston WY @ Evansglen  LD NW,ACTIVE,2026-09-29T19:46:12.000Z,2026-09-29T19:46:12.000Z,39d9c4cc-0e59-46ba-bf83-218890aef21d,-114.1027088,51.1753331
8036,EB 8 AV NW @ 18 ST NW,ACTIVE,2026-09-29T19:46:12.000Z,2026-09-29T19:46:12.000Z,bbacc2be-36f6-49e3-8920-1e3d9287d003,-114.1027252,51.0595909
6439,NB Braeside DR @ Braniff RD SW,ACTIVE,2026-09-29T19:46:12.000Z,2026-09-29T19:46:12.000Z,dd8ebb2e-a9ca-407f-b56b-a3f6f4015c61,-114.1027481,50.9547201
8766,NB 17A ST SW @ 21 AV SW,ACTIVE,2026-09-29T19:46:12.000Z,2026-09-29T19:46:12.000Z,cf52c990-a9e6-440b-9e24-967a85112d45,-114.1028133,51.035325
8784,NB 17A ST SW @ 17 AV SW,ACTIVE,2026-09-29T19:46:12.000Z,2026-09-29T19:46:12.000Z,b777daf6-8d75-46bc-883c-b7748cd01a71,-114.1028288,51.0375921
4648,SB Palliser DR @ Pump Hill GA SW,ACTIVE,2026-09-29T19:46:12.000Z,2026-09-29T19:46:12.000Z,57c94bf9-4543-4e6c-ae48-12e7557ecdf3,-114.1028401,50.9628538
6990,NB Hidden Valley DR @ Hidden Vale CR NW,ACTIVE,2026-09-29T19:46:12.000Z,2026-09-29T19:46:12.000Z,ad4c2010-a8a6-44ab-b74e-44f0fcc628be,-114.1028492,51.1443876
9212,SB Evergreen DR @ Evergreen CV SW,ACTIVE,2026-09-29T19:46:12.000Z,2026-09-29T19:46:12.000Z,f02bf33b-370c-4e1c-a676-a99f492cf1d1,-114.1029089,50.9248969
4421,NB Hidden Valley DR @ Hidden Valley GV NW,ACTIVE,2026-09-29T19:46:12.000Z,2026-09-29T19:46:12.000Z,6886dead-ade2-40ef-815e-9e072e0bf721,-114.1029355,51.1492865
5307,SB 17A ST SW@ 17 AV SW,ACTIVE,2026-09-29T19:46:12.000Z,2026-09-29T19:46:12.000Z,f2ec0993-c3c1-44af-8868-2423c6f02331,-114.1030081,51.0374616
4219,NB Braeside DR @ 107 AV SW,ACTIVE,2026-09-29T19:46:12.000Z,2026-09-29T19:46:12.000Z,5230fa42-3592-4a20-b31f-7b2f1088f98b,-114.1030397,50.9575878
4249,SB Braeside DR @ 107 AV SW,ACTIVE,2026-09-29T19:46:12.000Z,2026-09-29T19:46:12.000Z,29050242-7d68-4a9d-babb-c14a6363219d,-114.1030643,50.9567339
5051,WB Kensington RD @ 18 ST NW,ACTIVE,2026-09-29T19:46:12.000Z,2026-09-29T19:46:12.000Z,b3762e7f-8dfb-42fd-82f1-baaf003c54f6,-114.103092,51.052575
8564,SB Lions Park CTrain Station,ACTIVE,2026-09-29T19:46:12.000Z,2026-09-29T19:46:12.000Z,7450d500-96b1-4551-9619-7fce348952d5,-114.1031286,51.0650158
4218,NB Braeside DR @ 104 AV SW,ACTIVE,2026-09-29T19:46:12.000Z,2026-09-29T19:46:12.000Z,9a36fe2c-f338-4808-97d4-4143061497e3,-114.103251,50.9599137
8765,NB 17A ST SW @ 26 AV SW,ACTIVE,2026-09-29T19:46:12.000Z,2026-09-29T19:46:12.000Z,d109390c-9cae-42e2-90fc-10b39e1e9e01,-114.1033385,51.0307956
5322,NB 17A ST SW@ 23 AV SW,ACTIVE,2026-09-29T19:46:12.000Z,2026-09-29T19:46:12.000Z,d9f45e3d-8830-4143-a839-a45a9643da92,-114.1033396,51.0335211
4234,WB 90 AV SW @ Bay Croft RD,ACTIVE,2026-09-29T19:46:12.000Z,2026-09-29T19:46:12.000Z,9e138921-6cb7-4cab-a8f5-8f5c9a49df3f,-114.1033398,50.9724458
6421,SB Braeside DR @ Southland DR SW,ACTIVE,2026-09-29T19:46:12.000Z,2026-09-29T19:46:12.000Z,6c45ca99-4a81-47db-b26b-1d0cf165ce31,-114.1034544,50.9607643
4251,SB Braeside DR @ 104 AV SW,ACTIVE,2026-09-29T19:46:12.000Z,2026-09-29T19:46:12.000Z,8c3897a0-74fa-4974-aaff-66fc8ff6f80a,-114.1034641,50.9592354
8768,SB 17A ST SW @ 23 AV SW,ACTIVE,2026-09-29T19:46:12.000Z,2026-09-29T19:46:12.000Z,79534f8a-3b19-4c16-8247-b33b2e9b79c9,-114.1035224,51.032878
8767,SB 17A ST SW @ 22 AV SW,ACTIVE,2026-09-29T19:46:12.000Z,2026-09-29T19:46:12.000Z,20a79059-e210-4aee-9ffa-bc0faf7b3896,-114.1035226,51.034704
6730,Lions Park LRT Station (WB 14 AV NW),ACTIVE,2026-09-29T19:46:12.000Z,2026-09-29T19:46:12.000Z,ba883011-fd49-4396-9093-12ba4799f1e8,-114.103569,51.0652785
5735,Lions Park LRT Station (WB 14 AV NW),ACTIVE,2026-09-29T19:46:12.000Z,2026-09-29T19:46:12.000Z,81333620-0c89-4d18-b81e-5b3ef51a86e9,-114.1035701,51.0652606
6818,NB Lions Park CTrain Station,ACTIVE,2026-09-29T19:46:12.000Z,2026-09-29T19:46:12.000Z,bc27075a-2de9-41e3-aa38-55107819f000,-114.1036668,51.0650831
9340,EB Hidden Creek DR @ Hidden Creek GR NW,ACTIVE,2026-09-29T19:46:12.000Z,2026-09-29T19:46:12.000Z,2f79cf20-5e04-404f-885d-187fe50a12bb,-114.1037257,51.1550501
7100,EB Hidden Valley DR @ Hidden Vale CL NW,ACTIVE,2026-09-29T19:46:12.000Z,2026-09-29T19:46:12.000Z,89e1a402-cb47-451c-ab2e-7c76743ec1c9,-114.1037856,51.1449622
5670,EB 12 AV SW @ 18 ST SW,ACTIVE,2026-09-29T19:46:12.000Z,2026-09-29T19:46:12.000Z,e4e9cea1-23de-4ef2-b060-38f2c0ce02b9,-114.1037951,51.0424553
8974,EB Northmount DR @ Collingwood DR NW,ACTIVE,2026-09-29T19:46:12.000Z,2026-09-29T19:46:12.000Z,11c72088-01e9-4338-b232-7f42b30a0d0d,-114.1038361,51.086369
8518,EB Bridlewood RD @ Bridlewood ST SW,ACTIVE,2026-09-29T19:46:12.000Z,2026-09-29T19:46:12.000Z,ad981274-540e-4c19-b8d6-e1b7981d74ae,-114.103913,50.9020925
8789,EB 33 AV SW @ 18 ST SW,ACTIVE,2026-09-29T19:46:12.000Z,2026-09-29T19:46:12.000Z,8b951c41-9dee-4a78-b151-07ac695d056c,-114.1039658,51.0239391
7325,EB Sandarac DR @ Sandalwood GA NW,ACTIVE,2026-09-29T19:46:12.000Z,2026-09-29T19:46:12.000Z,bc58546b-e859-4066-95b5-f12fb19149ce,-114.1040034,51.139658
8769,WB 26 AV SW @ 17A ST SW,ACTIVE,2026-09-29T19:46:12.000Z,2026-09-29T19:46:12.000Z,7da042b3-8548-47df-a886-c75d22b840e0,-114.1040132,51.0304975
9173,WB Southland DR @ Palliser DR SW,ACTIVE,2026-09-29T19:46:12.000Z,2026-09-29T19:46:12.000Z,b4692b64-2188-41d6-9d6b-24a9614477dc,-114.1040195,50.9615249
7426,EB 20 AV NW @ 18 ST NW,ACTIVE,2026-09-29T19:46:12.000Z,2026-09-29T19:46:12.000Z,783c0ff4-ce36-4194-92eb-4c8731d5e8f3,-114.1040293,51.0704799
8522,WB Bridlewood AV @ Bridlewood CO SW,ACTIVE,2026-09-29T19:46:12.000Z,2026-09-29T19:46:12.000Z,d1bc9a5b-c067-45e2-9724-74906a045d29,-114.1040612,50.8971849
6991,NB Hidden Valley DR @ 100 Hidden Vale PL NW,ACTIVE,2026-09-29T19:46:12.000Z,2026-09-29T19:46:12.000Z,88d099b6-7e71-420e-8045-dff6d54334d0,-114.1044054,51.1455685
4932,EB Everstone BV @ Everstone DR SW,ACTIVE,2026-09-29T19:46:12.000Z,2026-09-29T19:46:12.000Z,26d9500b-80bc-4c0e-af22-5979db655b20,-114.1047555,50.9107486
8395,EB 162 AV SW @ Bridlewood BV,ACTIVE,2026-09-29T19:46:12.000Z,2026-09-29T19:46:12.000Z,4dd49b65-4e68-4121-8f30-2031dde98824,-114.1047656,50.9064834
8977,WB Northmount DR @ Collingwood PL NW,ACTIVE,2026-09-29T19:46:12.000Z,2026-09-29T19:46:12.000Z,6837bd47-6a10-4e6d-9737-70dd7bdb7312,-114.1048569,51.0867181
7373,WB Sandarac DR@ Sandalwood GA NW,ACTIVE,2026-09-29T19:46:12.000Z,2026-09-29T19:46:12.000Z,c919a483-bf8a-4ad7-a4b9-aca8763371a2,-114.1048982,51.1402109
9347,WB Hidden Creek DR @ Hidden Creek PL NW,ACTIVE,2026-09-29T19:46:12.000Z,2026-09-29T19:46:12.000Z,e31d64d2-5f29-4df0-bb18-64cf2daae1f5,-114.1049125,51.1548277
2944,NB Symons Valley PY @ N Leg of Evanston DR NW,ACTIVE,2026-09-29T19:46:12.000Z,2026-09-29T19:46:12.000Z,ed3de72e-3505-4e8c-858f-e4cdc2965fda,-114.1049879,51.1784208
6329,EB Berkshire BV @ 14 ST NW,ACTIVE,2026-09-29T19:46:12.000Z,2026-09-29T19:46:12.000Z,b4385bc8-297d-49ed-bc78-423495254fd2,-114.1050341,51.1316423
3934,EB Fish Creek BV @ Everstone DR SW,ACTIVE,2026-09-29T19:46:12.000Z,2026-09-29T19:46:12.000Z,52df5c09-1021-42a1-aa3f-16402e6296bb,-114.1051038,50.9175125
6679,WB 33 AV SW @ 18 ST SW,ACTIVE,2026-09-29T19:46:12.000Z,2026-09-29T19:46:12.000Z,0a0bb1f5-daf4-4263-85b9-61dfa0d3ed4a,-114.1051285,51.0240489
3447,NB Evanston WY @ Evansdale WY  NW,ACTIVE,2026-09-29T19:46:12.000Z,2026-09-29T19:46:12.000Z,d2c16143-932c-4143-acaf-f45e5a76ff19,-114.1051342,51.1737337
7425,WB 20 AV NW @ 18 ST NW,ACTIVE,2026-09-29T19:46:12.000Z,2026-09-29T19:46:12.000Z,7dacc122-cd21-45b4-9133-815b62683a03,-114.1051349,51.0706063
4250,WB Braeside DR @ Braxton RD SW,ACTIVE,2026-09-29T19:46:12.000Z,2026-09-29T19:46:12.000Z,7a5b93d9-d52c-42ee-9704-3a1774399551,-114.1051493,50.9541231
9178,Southland Leisure Centre (EB),ACTIVE,2026-09-29T19:46:12.000Z,2026-09-29T19:46:12.000Z,3648f2c7-1b02-4113-8d05-3e920734675e,-114.1051562,50.9609972
4784,NB Everstone DR @ Everstone BV SW,ACTIVE,2026-09-29T19:46:12.000Z,2026-09-29T19:46:12.000Z,ef503dd5-a6be-412a-807d-91470137747e,-114.1053139,50.9111493
6724,North Hill Station (EB),ACTIVE,2026-09-29T19:46:12.000Z,2026-09-29T19:46:12.000Z,7e7d4cab-6659-4179-916d-872d86777838,-114.1053825,51.0667779
8032,NB 19 ST NW @ 6 AV NW,ACTIVE,2026-09-29T19:46:12.000Z,2026-09-29T19:46:12.000Z,8e944e14-287c-48d3-9fab-2aa77913cd95,-114.105463,51.0584894
1700,NB Hidden Creek DR @ Beddington TR NW,ACTIVE,2026-09-29T19:46:12.000Z,2026-09-29T19:46:12.000Z,3bb944bf-af48-4dd0-83eb-b8a0c0931b3b,-114.1054962,51.1541855
2349,NB 19 ST NW @ 2 AV NW,ACTIVE,2026-09-29T19:46:12.000Z,2026-09-29T19:46:12.000Z,698aacaa-7756-462d-a381-ed6ea1a4cc27,-114.1055044,51.0542593
6627,EB 14 AV NW @ 19 ST NW,ACTIVE,2026-09-29T19:46:12.000Z,2026-09-29T19:46:12.000Z,7cc02504-c44a-457b-affa-cdd5be754f31,-114.1056383,51.0650807
7701,EB Hidden Valley DR @ Hidden Valley LI NW,ACTIVE,2026-09-29T19:46:12.000Z,2026-09-29T19:46:12.000Z,1aa8a3c9-a2e5-445b-b5b6-733c2136127b,-114.1057269,51.1507283
5504,EB 20 AV NW @ 19 ST NW,ACTIVE,2026-09-29T19:46:12.000Z,2026-09-29T19:46:12.000Z,ba3872a4-8369-4613-8066-1fdd50491990,-114.1057284,51.0704771
4240,EB 90 AV SW @ 19 ST SW,ACTIVE,2026-09-29T19:46:12.000Z,2026-09-29T19:46:12.000Z,b326a22c-af98-4f66-a7a2-6267e326058c,-114.1057519,50.9721459
5638,EB Palliser DR @ 19 ST SW,ACTIVE,2026-09-29T19:46:12.000Z,2026-09-29T19:46:12.000Z,8a2fa54c-96f9-4af8-a555-657b5168664c,-114.1057809,50.9666417
7916,EB 17 AV SW @ 19 ST SW,ACTIVE,2026-09-29T19:46:12.000Z,2026-09-29T19:46:12.000Z,c9d71398-47f5-40e2-8f45-19a41bc4d35f,-114.1058709,51.0377665
4687,EB 50 AV SW @ 19 ST SW,ACTIVE,2026-09-29T19:46:12.000Z,2026-09-29T19:46:12.000Z,2964ca9e-ecf1-4677-8349-5079d75e24c3,-114.1059469,51.008625
2088,SB Symons Valley PY @ Evanston DR (North Leg) NW,ACTIVE,2026-09-29T19:46:12.000Z,2026-09-29T19:46:12.000Z,638f11c1-39f3-4ac3-8f98-65f7ff597c4c,-114.1059878,51.1778096
4418,NB Hidden Valley LI @ Hidden Valley DR NW,ACTIVE,2026-09-29T19:46:12.000Z,2026-09-29T19:46:12.000Z,989a4605-acf4-4b84-b019-ebadbd7a0fea,-114.1060902,51.1513219
6727,NB 19 ST NW @ 14 AV NW,ACTIVE,2026-09-29T19:46:12.000Z,2026-09-29T19:46:12.000Z,59b2e8df-10bb-4242-a474-0d4a1ac47286,-114.10614,51.065711
5996,NB 19 ST NW @ 16 AV NW,ACTIVE,2026-09-29T19:46:12.000Z,2026-09-29T19:46:12.000Z,4f87fe4d-a832-4e12-bb66-005ca06bb2e3,-114.1061506,51.0676002
5994,NB 19 ST NW @ 27 AV NW,ACTIVE,2026-09-29T19:46:12.000Z,2026-09-29T19:46:12.000Z,1e248a90-c3b8-4a9d-a3a4-d695d1dc7adc,-114.1062029,51.077055
5400,WB 5 AV NW@ 19 ST NW,ACTIVE,2026-09-29T19:46:12.000Z,2026-09-29T19:46:12.000Z,2e8540e4-2ac9-45e3-a02c-f990fb5b7e23,-114.1062062,51.0573295
6618,NB 19 ST NW @ 20 AV NW,ACTIVE,2026-09-29T19:46:12.000Z,2026-09-29T19:46:12.000Z,f18f974c-7a60-4a17-ae95-add19342bad6,-114.1062118,51.0709658
8839,WB Kensington RD @ 19 ST NW,ACTIVE,2026-09-29T19:46:12.000Z,2026-09-29T19:46:12.000Z,1ba3748b-ce09-47ad-ba02-3519042b4cd0,-114.1062157,51.0525796
9042,NB 19 ST NW @ 23 AV NW,ACTIVE,2026-09-29T19:46:12.000Z,2026-09-29T19:46:12.000Z,6dc93f1b-2374-4ff0-8630-a43a9d486dd1,-114.1062175,51.0736194
8973,EB Northmount DR @ Columbia PL NW,ACTIVE,2026-09-29T19:46:12.000Z,2026-09-29T19:46:12.000Z,8066472e-c9b3-4ed5-8f76-1c49f06d10ce,-114.1062185,51.0868687
4824,WB 162 AV SW @ Everstone DR,ACTIVE,2026-09-29T19:46:12.000Z,2026-09-29T19:46:12.000Z,7b6fc767-1529-461d-ad10-971e03d75952,-114.1063004,50.9069461
6985,NB 14 ST NW @ Berkshire BV,ACTIVE,2026-09-29T19:46:12.000Z,2026-09-29T19:46:12.000Z,10362b63-9b73-4df0-93d9-66239a1c7c76,-114.1063155,51.1324116
2990,SB Hidden Valley Link NW @ Beddington TR NW,ACTIVE,2026-09-29T19:46:12.000Z,2026-09-29T19:46:12.000Z,7fc8e4ad-7793-4271-8bd3-69b83b444e10,-114.1063897,51.1532776
5007,SB 19 ST NW @ 22 AV NW,ACTIVE,2026-09-29T19:46:12.000Z,2026-09-29T19:46:12.000Z,5c241aab-8683-42aa-bc2e-9edd251c4c89,-114.1064039,51.072005
6726,SB 19 ST NW @ 20 AV NW,ACTIVE,2026-09-29T19:46:12.000Z,2026-09-29T19:46:12.000Z,39ba2790-6615-41a1-acbb-8e2b8d41aa73,-114.1064065,51.0701341
6129,SB 19 ST NW @ Canmore RD,ACTIVE,2026-09-29T19:46:12.000Z,2026-09-29T19:46:12.000Z,daca849e-de36-46b0-8799-0703d46ff535,-114.1064135,51.0766555
5514,SB 19 ST NW @ 24 AV NW,ACTIVE,2026-09-29T19:46:12.000Z,2026-09-29T19:46:12.000Z,9f1ba6cd-7afc-400d-ac4d-da07b76863d1,-114.1064151,51.0738851
8764,EB 26 AV SW @ 19 ST SW,ACTIVE,2026-09-29T19:46:12.000Z,2026-09-29T19:46:12.000Z,1127862d-27bb-4c19-b0b1-4111b611eb55,-114.1064177,51.0303683
9403,SB 19 ST NW @ 16 AV NW,ACTIVE,2026-09-29T19:46:12.000Z,2026-09-29T19:46:12.000Z,86351583-e26f-490c-a7b4-ede97ff917ba,-114.106435,51.0664739
6725,SB 19 ST NW @ 16 AV NW,ACTIVE,2026-09-29T19:46:12.000Z,2026-09-29T19:46:12.000Z,c6edaac8-d113-45f2-991e-fb6332e1ecba,-114.1064356,51.0664649
5019,EB Sandarac DR @ 14 ST NW,ACTIVE,2026-09-29T19:46:12.000Z,2026-09-29T19:46:12.000Z,8045e793-bbee-48a6-b9f5-503333018ac6,-114.1064772,51.1403399
6567,SB 14 ST NW @ MacEwan Glen DR,ACTIVE,2026-09-29T19:46:12.000Z,2026-09-29T19:46:12.000Z,f7d5488e-c6c9-4b97-acab-7de396c8f197,-114.1064949,51.1313726
6992,WB Hidden Valley DR @ 14 ST NW,ACTIVE,2026-09-29T19:46:12.000Z,2026-09-29T19:46:12.000Z,d9182f39-50b0-4625-9636-95b02d59b774,-114.1065619,51.1467553
3481,SB 19 ST @ Collingwood DR NW,ACTIVE,2026-09-29T19:46:12.000Z,2026-09-29T19:46:12.000Z,7e0753e9-c9ae-4a97-a5eb-7485846a5a9e,-114.106564,51.0799171
2975,WB Beddington TR NW @ Hidden Creek DR NW,ACTIVE,2026-09-29T19:46:12.000Z,2026-09-29T19:46:12.000Z,b017a2a4-cb6a-46f9-8d46-c164007040ef,-114.1066377,51.1539997
3004,EB Hidden Valley DR @ 14 ST NW,ACTIVE,2026-09-29T19:46:12.000Z,2026-09-29T19:46:12.000Z,788ca964-42f0-4f05-9c3d-a35b253bc521,-114.1066616,51.1465572
8677,NB Symons Valley PY @ N. of Evanston WY NW,ACTIVE,2026-09-29T19:46:12.000Z,2026-09-29T19:46:12.000Z,1f681596-a352-48aa-b20d-f921360ca96c,-114.1067621,51.1760479
5461,WB Morley TR @ 19 ST NW,ACTIVE,2026-09-29T19:46:12.000Z,2026-09-29T19:46:12.000Z,63841f78-4fe7-42b2-9623-6ff34fc39631,-114.1067939,51.0751358
9756,SB Hidden Valley LI @ Hidden Valley VW,ACTIVE,2026-09-29T19:46:12.000Z,2026-09-29T19:46:12.000Z,ad8f2f5a-9597-420f-bde0-90cb5e6b536d,-114.1068169,51.1511591
4642,WB 10 AV SW @ 19 ST SW,ACTIVE,2026-09-29T19:46:12.000Z,2026-09-29T19:46:12.000Z,863477f5-b894-4517-933d-b51e6797632e,-114.1068261,51.0446442
5669,SB 19 ST SW @ 11 AV SW,ACTIVE,2026-09-29T19:46:12.000Z,2026-09-29T19:46:12.000Z,45d54aa7-5729-42e0-80e1-43d119702f66,-114.1068274,51.04325
7944,WB 17 AV SW @ 19 ST SW,ACTIVE,2026-09-29T19:46:12.000Z,2026-09-29T19:46:12.000Z,ade5dded-e19c-43af-8bb9-359d3c757f2f,-114.1068761,51.0378903
5588,WB 50 AV SW @ 19 ST SW,ACTIVE,2026-09-29T19:46:12.000Z,2026-09-29T19:46:12.000Z,fd6b5cd1-3fdf-4596-9a32-3283aa525cd5,-114.1069345,51.0087934
4235,WB 90 AV SW @ 19 ST SW,ACTIVE,2026-09-29T19:46:12.000Z,2026-09-29T19:46:12.000Z,66aa30d1-a3f2-438b-a638-6774fb93f4fd,-114.1070078,50.9723389
9174,Southland Leisure Centre (WB),ACTIVE,2026-09-29T19:46:12.000Z,2026-09-29T19:46:12.000Z,eb7e5c00-b586-4b4b-8a26-17b38baddd16,-114.1071106,50.9615206
6987,NB 14 ST NW @ MacEwan DR,ACTIVE,2026-09-29T19:46:12.000Z,2026-09-29T19:46:12.000Z,1b66cd91-2ece-434e-8914-510aad39706c,-114.1071109,51.1352376
8978,WB Northmount DR @ Columbia PL NW,ACTIVE,2026-09-29T19:46:12.000Z,2026-09-29T19:46:12.000Z,bb77d1bb-b639-4379-a5da-a9a542c040f7,-114.1072107,51.0872171
3482,NB 19 ST NW @ Collingwood DR,ACTIVE,2026-09-29T19:46:12.000Z,2026-09-29T19:46:12.000Z,8ec757a5-4ce5-4822-91c1-777f43ed21ae,-114.1072247,51.080725
8218,WB Evanston DR @ Evanscrest GA NW,ACTIVE,2026-09-29T19:46:12.000Z,2026-09-29T19:46:12.000Z,5b83ae93-afef-40bc-9fe9-7432a9f9c53c,-114.1073128,51.1792051
7804,SB 14 ST NW @ MacEwan DR,ACTIVE,2026-09-29T19:46:12.000Z,2026-09-29T19:46:12.000Z,69077e7e-f139-4eaa-b9ca-27d009f42268,-114.1073207,51.1343973
1704,WB MacEwan Glen DR @ 14 ST NW,ACTIVE,2026-09-29T19:46:12.000Z,2026-09-29T19:46:12.000Z,15b12512-6bd0-403d-9093-f263f4d0701e,-114.1073372,51.1316184
8019,EB Kensington RD @ 20 ST NW,ACTIVE,2026-09-29T19:46:12.000Z,2026-09-29T19:46:12.000Z,3f53db81-04e3-4e20-a1d5-35619b7f7fc7,-114.1074531,51.0524402
3446,EB Evanston WY @ Symons Valley PY (South Leg)  NW,ACTIVE,2026-09-29T19:46:12.000Z,2026-09-29T19:46:12.000Z,1b9597c7-fb01-4045-a9a2-57c733a0b2bf,-114.1075251,51.1732559
9400,WB 16th AV NW @ 19th ST NW,ACTIVE,2026-09-29T19:46:12.000Z,2026-09-29T19:46:12.000Z,68354d63-ff2e-40ad-b2c7-92064541a1e8,-114.1075436,51.0671481
6906,WB Sandarac DR @ E. of 14 ST NW,ACTIVE,2026-09-29T19:46:12.000Z,2026-09-29T19:46:12.000Z,c6db7954-7802-4870-b951-0b692d02a2ce,-114.1075658,51.1405378
8031,EB 5 AV NW @ 20 ST NW,ACTIVE,2026-09-29T19:46:12.000Z,2026-09-29T19:46:12.000Z,9450a4a1-cc68-408e-809b-ef9ac59357d9,-114.1075724,51.0571655
8637,NB Symons Valley PY @ Evanston WY NW,ACTIVE,2026-09-29T19:46:12.000Z,2026-09-29T19:46:12.000Z,a353066b-a08f-477a-8adb-a726a532a565,-114.1077968,51.1739201
2495,SB Symons Valley PY@N.of Evanston DR(South Leg) NW,ACTIVE,2026-09-29T19:46:12.000Z,2026-09-29T19:46:12.000Z,3e3d4fd9-d4e7-4ec0-970b-d5cfc28e1eff,-114.1078272,51.1749427
9525,WB Fish Creek BV @ Evergreen GA SW,ACTIVE,2026-09-29T19:46:12.000Z,2026-09-29T19:46:12.000Z,a21681cc-dbbf-44bf-88b2-5589b4473ee8,-114.1083048,50.9177538
6533,WB MacEwan DR @ 14 ST NW,ACTIVE,2026-09-29T19:46:12.000Z,2026-09-29T19:46:12.000Z,ab589403-28b1-4a9b-9eeb-1ae5b8253de5,-114.1083478,51.1348905
8033,WB 5 AV NW @ 20 ST NW,ACTIVE,2026-09-29T19:46:12.000Z,2026-09-29T19:46:12.000Z,38e85f3a-ebc7-4539-a50d-d9e710c42f70,-114.1084623,51.0573134
8787,WB 33 AV SW @ W. of 19 ST SW,ACTIVE,2026-09-29T19:46:12.000Z,2026-09-29T19:46:12.000Z,aaa45346-1db6-4a88-8621-9cb8310457c1,-114.1084826,51.0240547
5603,EB 50 AV SW @ 20 ST SW,ACTIVE,2026-09-29T19:46:12.000Z,2026-09-29T19:46:12.000Z,9d83acb0-8678-4a61-91f6-9daf9408f2d6,-114.1086118,51.0086461
5240,EB Northmount DR @ 19 ST NW,ACTIVE,2026-09-29T19:46:12.000Z,2026-09-29T19:46:12.000Z,5965be26-d0f6-431a-9209-7367ce906ea4,-114.1086146,51.0873778
4030,EB 14 AV NW @ 20A ST NW,ACTIVE,2026-09-29T19:46:12.000Z,2026-09-29T19:46:12.000Z,51d545c0-6af5-44d4-9220-f7d4feb684c6,-114.1086176,51.0651248
4220,EB Braeside DR @ Brookpark DR SW,ACTIVE,2026-09-29T19:46:12.000Z,2026-09-29T19:46:12.000Z,f09a5f68-b5b3-4d98-a571-b42e49f3996a,-114.1086714,50.9540485
4238,EB 90 AV SW @ Bay Ridge DR,ACTIVE,2026-09-29T19:46:12.000Z,2026-09-29T19:46:12.000Z,6a909819-a835-4950-8fbc-172931fb46c3,-114.1086735,50.9721283
6988,NB 14 ST NW @ Sandarac DR,ACTIVE,2026-09-29T19:46:12.000Z,2026-09-29T19:46:12.000Z,ca0ad033-a026-4acf-ada4-f14d3aa0b5e6,-114.1087104,51.140755
9082,SB 19 ST NW @ Chicoutimi DR,ACTIVE,2026-09-29T19:46:12.000Z,2026-09-29T19:46:12.000Z,0a671a35-72ef-40f0-bbb7-743cc55e5641,-114.1087121,51.0816955
5361,EB 33 AV SW@ 20 ST SW,ACTIVE,2026-09-29T19:46:12.000Z,2026-09-29T19:46:12.000Z,b19a97d5-c077-42ef-b44a-2e52a300aed2,-114.1087294,51.0239402
6288,NB Woodpark BV @ Woodview DR SW,ACTIVE,2026-09-29T19:46:12.000Z,2026-09-29T19:46:12.000Z,cf7930a9-8728-47ba-aad4-9d057a491f03,-114.1087674,50.9419527
9130,NB Woodpark BV @ Woodpark RD SW,ACTIVE,2026-09-29T19:46:12.000Z,2026-09-29T19:46:12.000Z,ed66ee84-c823-423a-a048-9cecf90325c0,-114.1087944,50.9454164
9131,NB Woodpark BV @ Anderson RD SW,ACTIVE,2026-09-29T19:46:12.000Z,2026-09-29T19:46:12.000Z,3cf73736-e69f-4304-85d4-39a4ce8f6749,-114.1087966,50.9499679
9177,EB Southland DR @ Brookpark BV SW,ACTIVE,2026-09-29T19:46:12.000Z,2026-09-29T19:46:12.000Z,6c20913f-28f5-4ef6-b664-a745f0de252f,-114.1087968,50.9612026
9132,NB Woodpark BV @ 117 AV SW,ACTIVE,2026-09-29T19:46:12.000Z,2026-09-29T19:46:12.000Z,66462903-4aaf-4f28-8ce2-742f01ce7550,-114.1088098,50.9476925
7002,SB 14 ST NW @ MacEwan DR,ACTIVE,2026-09-29T19:46:12.000Z,2026-09-29T19:46:12.000Z,a16dd7f4-9ba9-43d5-aaf3-9a7718d907ec,-114.1088841,51.1398059
8763,EB 26 AV SW @ 20 ST SW,ACTIVE,2026-09-29T19:46:12.000Z,2026-09-29T19:46:12.000Z,82c8e459-6156-4162-9753-a0389c320690,-114.1089003,51.0303578
9129,NB Woodpark BV @ Woodgreen DR SW,ACTIVE,2026-09-29T19:46:12.000Z,2026-09-29T19:46:12.000Z,9a4bc631-b57f-43b1-91d5-411a89956e8b,-114.1089377,50.9389796
2089,SB Symons Valley PY @ Evanston DR (South Leg) NW,ACTIVE,2026-09-29T19:46:12.000Z,2026-09-29T19:46:12.000Z,2ea1ae66-782c-4cd2-8afa-8e4018393b39,-114.1089403,51.1728646
5308,WB 26 AV SW@ 20 ST SW,ACTIVE,2026-09-29T19:46:12.000Z,2026-09-29T19:46:12.000Z,891d1285-1bb4-44e5-98cc-db3836413aec,-114.1089922,51.030486
9044,NB 19 ST NW @ Cardston CR,ACTIVE,2026-09-29T19:46:12.000Z,2026-09-29T19:46:12.000Z,8ffa1b68-0f19-4451-a172-432d0eeeef7b,-114.1090151,51.0823327
5637,EB Palliser DR @ Palishall RD SW,ACTIVE,2026-09-29T19:46:12.000Z,2026-09-29T19:46:12.000Z,fa9bc066-8735-465f-b650-caa01816f985,-114.1090563,50.9672977
5358,NB 20 ST SW@ 40 AV SW,ACTIVE,2026-09-29T19:46:12.000Z,2026-09-29T19:46:12.000Z,816a3a03-17c5-4b9a-9123-61444e3178ae,-114.1090866,51.0182014
5357,NB 20 ST SW@ 42 AV SW,ACTIVE,2026-09-29T19:46:12.000Z,2026-09-29T19:46:12.000Z,ad4aba54-4903-4fc3-9be9-9edb0824c55d,-114.109097,51.0164296
5352,NB 20 ST SW@ 52 AV SW,ACTIVE,2026-09-29T19:46:12.000Z,2026-09-29T19:46:12.000Z,c5676321-25ef-445c-b34b-5e297d1ca1ca,-114.1090992,51.007228
5351,NB 20 ST SW@ 54 AV SW,ACTIVE,2026-09-29T19:46:12.000Z,2026-09-29T19:46:12.000Z,0f5a4cc0-1204-4cb2-9bfe-028d87f1cddb,-114.1091113,51.0054293
5360,NB 20 ST SW@ 36 AV SW,ACTIVE,2026-09-29T19:46:12.000Z,2026-09-29T19:46:12.000Z,afc1d4da-09d8-416a-bb13-41e8c746ea33,-114.1091422,51.0218906
6101,SB Woodpark BV @ Woodview DR SW,ACTIVE,2026-09-29T19:46:12.000Z,2026-09-29T19:46:12.000Z,ce0d70d4-0df8-4bb6-9418-1b8cd64c6295,-114.1091496,50.9410717
5359,NB 20 ST SW@ 38 AV SW,ACTIVE,2026-09-29T19:46:12.000Z,2026-09-29T19:46:12.000Z,d574033c-38a9-4dc1-9e49-2ffd97b9818c,-114.1091691,51.0200833
9126,SB Woodpark BV @ 117 AV SW,ACTIVE,2026-09-29T19:46:12.000Z,2026-09-29T19:46:12.000Z,7cd02a41-3d5a-4867-95f5-55f6cb9a6028,-114.1091772,50.9468201
5472,EB Everridge DR @ Eversyde BV SW,ACTIVE,2026-09-29T19:46:12.000Z,2026-09-29T19:46:12.000Z,5c73038f-f44f-4a40-af4d-a1acdc12c5f5,-114.109201,50.9111017
9127,SB Woodpark BV @ Woodstock RD SW,ACTIVE,2026-09-29T19:46:12.000Z,2026-09-29T19:46:12.000Z,554d1f00-4ca0-4e70-afe6-7ea8523dbc5c,-114.1092034,50.944563
6281,SB Woodpark BV @ Anderson RD SW,ACTIVE,2026-09-29T19:46:12.000Z,2026-09-29T19:46:12.000Z,4169a203-772e-4d3f-9715-576411cbed20,-114.1092168,50.9498524
5356,NB 20 ST SW@ 44 AV SW,ACTIVE,2026-09-29T19:46:12.000Z,2026-09-29T19:46:12.000Z,6f474051-da6f-42cb-aa90-d543c2a5ffee,-114.1092406,51.0145803
5354,NB 20 ST SW@ 48 AV SW,ACTIVE,2026-09-29T19:46:12.000Z,2026-09-29T19:46:12.000Z,25dcadf7-1492-4f0c-b705-fa82646c9efd,-114.1092467,51.0110454
5355,NB 20 ST SW@ 46 AV SW,ACTIVE,2026-09-29T19:46:12.000Z,2026-09-29T19:46:12.000Z,32bbedb5-46fb-4bb5-9881-abe098618757,-114.1092494,51.0128355
5353,NB 20 ST SW@ 50 AV SW,ACTIVE,2026-09-29T19:46:12.000Z,2026-09-29T19:46:12.000Z,a9dc7e7f-f7e6-4d80-a6a1-edb31fb7b1bf,-114.1092496,51.0091656
5348,SB 20 ST SW@ 50 AV SW,ACTIVE,2026-09-29T19:46:12.000Z,2026-09-29T19:46:12.000Z,f9389e5b-d036-4db5-a116-cff78c5f6b62,-114.109277,51.0082668
5342,SB 20 ST SW @ Cambrai AV,ACTIVE,2026-09-29T19:46:12.000Z,2026-09-29T19:46:12.000Z,004b020c-0294-4877-ac20-4703d41ac9e2,-114.1092907,51.0174419
5341,SB 20 ST SW @ 38 AV SW,ACTIVE,2026-09-29T19:46:12.000Z,2026-09-29T19:46:12.000Z,ae62ac67-6752-496b-bf95-583319df48a0,-114.1092976,51.0193939
5373,SB 20 ST SW@ 52 AV SW,ACTIVE,2026-09-29T19:46:12.000Z,2026-09-29T19:46:12.000Z,cdfe4821-4f4e-4861-aa28-06607d05d873,-114.1093072,51.0064056
5340,SB 20 ST SW @ Somme AV,ACTIVE,2026-09-29T19:46:12.000Z,2026-09-29T19:46:12.000Z,9c1cda26-6b35-4879-a10b-3787ced43a02,-114.109338,51.0208071
3694,NB Symons Valley PY @ Evansford CL NW,ACTIVE,2026-09-29T19:46:12.000Z,2026-09-29T19:46:12.000Z,69fb00a7-db31-4347-b8d6-dd5bb95cca91,-114.1093942,51.1709842
5344,SB 20 ST SW @ Passchendaele AV,ACTIVE,2026-09-29T19:46:12.000Z,2026-09-29T19:46:12.000Z,ab8a7572-434f-4bd2-8a40-77863f067f9a,-114.1094277,51.0138653
5345,SB 20 ST SW @ Quentin AV,ACTIVE,2026-09-29T19:46:12.000Z,2026-09-29T19:46:12.000Z,b6897557-0406-4a5d-9727-fb0b24a4b4eb,-114.1094303,51.0122193
6571,EB MacEwan DR @ MacEwan Glen WY NW,ACTIVE,2026-09-29T19:46:12.000Z,2026-09-29T19:46:12.000Z,ff82be51-b0af-40db-b52e-494de02f5874,-114.1094355,51.1344137
6134,SB 19 ST NW @ Northmount DR,ACTIVE,2026-09-29T19:46:12.000Z,2026-09-29T19:46:12.000Z,42ad4ece-8ce9-4ac8-93be-17b020fabbca,-114.1094425,51.0871554
5346,SB 20 ST SW @ 47 AV SW,ACTIVE,2026-09-29T19:46:12.000Z,2026-09-29T19:46:12.000Z,ea38c439-f99c-4d02-a179-e2af4e86ee07,-114.1094429,51.0108704
5343,SB 20 ST SW @ 42 AV SW,ACTIVE,2026-09-29T19:46:12.000Z,2026-09-29T19:46:12.000Z,64132692-39cb-481b-bc7d-c49b55720228,-114.1094502,51.0155659
3935,WB  Everridge DR @ Eversyde ST SW,ACTIVE,2026-09-29T19:46:12.000Z,2026-09-29T19:46:12.000Z,41bd6b6e-b087-4775-8946-ab66f5e700c0,-114.1094632,50.9112341
5339,SB 20 ST SW@ 33 AV SW,ACTIVE,2026-09-29T19:46:12.000Z,2026-09-29T19:46:12.000Z,8f856b51-0e34-4c73-97e5-04fe453d84c7,-114.1095623,51.0236191
6140,WB Northmount DR @ 19 ST NW,ACTIVE,2026-09-29T19:46:12.000Z,2026-09-29T19:46:12.000Z,abef207d-7986-4234-80fc-53749e89979e,-114.1096069,51.0877262
4821,EB 162 AV SW @ Bridleridge WY,ACTIVE,2026-09-29T19:46:12.000Z,2026-09-29T19:46:12.000Z,dac83259-e8fd-424c-b549-046a5b8f4958,-114.1096794,50.9065981
6422,WB Braeside DR@ Brookpark DR SW,ACTIVE,2026-09-29T19:46:12.000Z,2026-09-29T19:46:12.000Z,0a6aac85-377a-4554-8812-acd4daed066c,-114.1097562,50.9542373
5699,WB 12 AV NW @ 21 ST NW,ACTIVE,2026-09-29T19:46:12.000Z,2026-09-29T19:46:12.000Z,1f162c9d-736b-46d7-85b7-cf96365ca830,-114.1097639,51.0634531
4233,WB 90 AV SW @ Bay Ridge DR,ACTIVE,2026-09-29T19:46:12.000Z,2026-09-29T19:46:12.000Z,518f6604-d253-4690-982c-5811d2964330,-114.1097724,50.9723265
5374,WB 54 AV SW@ 20 ST SW,ACTIVE,2026-09-29T19:46:12.000Z,2026-09-29T19:46:12.000Z,223d095e-1190-4123-a65a-b44756f011ac,-114.1097742,51.0050859
6576,WB MacEwan DR @ 14 ST NW,ACTIVE,2026-09-29T19:46:12.000Z,2026-09-29T19:46:12.000Z,d32abc97-5c81-4b25-8fab-27f5bcda842d,-114.1097977,51.1402872
5347,WB 50 AV SW @ 20 ST SW,ACTIVE,2026-09-29T19:46:12.000Z,2026-09-29T19:46:12.000Z,e70a29df-5d14-49c2-819a-8c4e0c07ccef,-114.1098846,51.0088125
9600,WB Bridlewood AV @ Bridleridge WY SW,ACTIVE,2026-09-29T19:46:12.000Z,2026-09-29T19:46:12.000Z,d9258901-58d2-40b0-91c5-9fb4d01fa91d,-114.1098858,50.8975273
9083,NB 19 ST NW @ Canberra RD,ACTIVE,2026-09-29T19:46:12.000Z,2026-09-29T19:46:12.000Z,d3a7bd0d-9457-48d9-8732-449613122f46,-114.109891,51.0847739
5282,SB Woodpark BV @ Woodside GA SW,ACTIVE,2026-09-29T19:46:12.000Z,2026-09-29T19:46:12.000Z,2fdb921d-1721-4c93-b2ec-88ddfcf1e0b2,-114.109916,50.9374387
9842,WB Fish Creek BV @ N. of Everbrook DR SW,ACTIVE,2026-09-29T19:46:12.000Z,2026-09-29T19:46:12.000Z,50cd90f6-c1b5-4e33-9bf9-058ade1dcec2,-114.1099466,50.9199623
8261,EB Morley TR @ 26 AV NW,ACTIVE,2026-09-29T19:46:12.000Z,2026-09-29T19:46:12.000Z,d262ee43-00fc-4b7e-870c-c99f9739ef72,-114.1100327,51.0765472
3943,SB Fish Creek BV @ Everbrook DR SW,ACTIVE,2026-09-29T19:46:12.000Z,2026-09-29T19:46:12.000Z,94b636da-18fa-4ce0-9705-abba4635e874,-114.1101287,50.9179429
9175,WB Southland DR @ Brookpark BV SW,ACTIVE,2026-09-29T19:46:12.000Z,2026-09-29T19:46:12.000Z,f52d1fb7-961d-42e1-814e-399dcb373149,-114.1101748,50.9614886
9043,SB 19 ST NW @ Canberra RD,ACTIVE,2026-09-29T19:46:12.000Z,2026-09-29T19:46:12.000Z,6e50759d-07e5-46da-b2b2-0e9231a6af12,-114.1102621,51.0840905
4819,SB Bridleridge WY @ Bridleridge HT SW,ACTIVE,2026-09-29T19:46:12.000Z,2026-09-29T19:46:12.000Z,f7c37443-11fc-44e5-85d9-c0dababb679b,-114.1104353,50.9028929
2090,SB Symons Valley PY @ Evanspark Cir,ACTIVE,2026-09-29T19:46:12.000Z,2026-09-29T19:46:12.000Z,9e59a69e-65b9-42a6-875d-15d57f020a48,-114.1104905,51.1702935
9128,NB Woodpark BV @ Woodridge DR SW,ACTIVE,2026-09-29T19:46:12.000Z,2026-09-29T19:46:12.000Z,49d8c52a-4fa9-4c06-883e-1aa0f5466ab5,-114.1105137,50.9362932
4820,SB Bridleridge WY @ Bridleglen MR SW,ACTIVE,2026-09-29T19:46:12.000Z,2026-09-29T19:46:12.000Z,8464a81a-c65c-45f3-a3b6-a077d2bb1b4e,-114.1106243,50.9053532
7937,WB Morley TR @ 26 AV NW,ACTIVE,2026-09-29T19:46:12.000Z,2026-09-29T19:46:12.000Z,6cbf9088-55ac-431f-9ae7-9b38f4d567c8,-114.1107301,51.0770412
8825,WB Kensington RD @ 21 ST NW,ACTIVE,2026-09-29T19:46:12.000Z,2026-09-29T19:46:12.000Z,c047a519-03bd-4a8e-aefc-b015bac2a7b3,-114.1109858,51.0525673
7859,EB Hidden Valley DR @ Hidden Spring GR NW,ACTIVE,2026-09-29T19:46:12.000Z,2026-09-29T19:46:12.000Z,1fc6165b-2403-4269-bcb2-26e68f939ff9,-114.1110057,51.1516198
9251,EB 1 AV NW @ 21 ST NW,ACTIVE,2026-09-29T19:46:12.000Z,2026-09-29T19:46:12.000Z,fed98232-e9be-4322-b5e0-93f402a4a716,-114.1110647,51.0534093
2448,EB Hidden Valley Dr @ Hidden Springs GR NW,ACTIVE,2026-09-29T19:46:12.000Z,2026-09-29T19:46:12.000Z,c16d0c4a-84cd-44c0-8d46-9319e81491e0,-114.1110673,51.151571
4239,EB 90 AV SW @ Bay View DR,ACTIVE,2026-09-29T19:46:12.000Z,2026-09-29T19:46:12.000Z,4ccfc975-393a-4b71-8a04-41bbe3a9e070,-114.1111087,50.9721437
8972,EB Northmount DR @ Cherokee DR NW,ACTIVE,2026-09-29T19:46:12.000Z,2026-09-29T19:46:12.000Z,dc1c977a-8b42-4541-9203-77fa5309bfd0,-114.11111,51.0878983
4221,EB Braeside DR @ Bracewood Dr SW,ACTIVE,2026-09-29T19:46:12.000Z,2026-09-29T19:46:12.000Z,e1e8c99b-3db2-49c8-abc1-1791285c2c83,-114.1112434,50.9541392
8750,EB 54 AV SW @ 21 ST SW,ACTIVE,2026-09-29T19:46:12.000Z,2026-09-29T19:46:12.000Z,46311b14-88e9-4ff1-ae5e-b13a6823a2b7,-114.1113227,51.0049443
4846,EB 17 AV SW @ Richmond RD,ACTIVE,2026-09-29T19:46:12.000Z,2026-09-29T19:46:12.000Z,0d79a451-9814-4b39-b2fc-f6a484a16485,-114.1115515,51.0377272
8259,WB Evanston DR @ Evanston HL NW,ACTIVE,2026-09-29T19:46:12.000Z,2026-09-29T19:46:12.000Z,556eb2f1-37c1-4c26-8e2f-54771ede2087,-114.1117234,51.1798197
9757,WB Hidden Valley DR @ Hidden Spring CI NW,ACTIVE,2026-09-29T19:46:12.000Z,2026-09-29T19:46:12.000Z,3d4902f4-9003-49e7-8d7b-87483aaa2126,-114.1117493,51.1517344
3003,EB Hidden Valley DR @ Hidden CI NW,ACTIVE,2026-09-29T19:46:12.000Z,2026-09-29T19:46:12.000Z,2de1fa47-4533-4b08-8cd9-ead4b7cdff67,-114.1119539,51.1470173
4083,SB 21 ST SW @ 51 AV SW,ACTIVE,2026-09-29T19:46:12.000Z,2026-09-29T19:46:12.000Z,2a11fcd1-7b9f-4825-b725-1025702b92e3,-114.1120249,51.0070431
5744,WB Northmount DR @ Chisholm CR NW,ACTIVE,2026-09-29T19:46:12.000Z,2026-09-29T19:46:12.000Z,624862db-6cff-4eda-b7f0-ca0021c259fd,-114.1120744,51.0882369
7324,EB MacEwan DR @ MacEwan Meadow WY NW,ACTIVE,2026-09-29T19:46:12.000Z,2026-09-29T19:46:12.000Z,d95ad583-3b63-4f40-876b-64ed23513522,-114.1123431,51.1400533
5128,WB 17 AV SW @ Richmond RD,ACTIVE,2026-09-29T19:46:12.000Z,2026-09-29T19:46:12.000Z,6cc99c9d-f81b-4862-8297-dae2458e145b,-114.1124568,51.0379196
5042,EB Kensington RD @ 22 ST NW,ACTIVE,2026-09-29T19:46:12.000Z,2026-09-29T19:46:12.000Z,ae486079-781c-49ab-ad67-6aa3ec3333be,-114.1124624,51.0524383
8030,EB 5 AV NW @ 22 ST NW,ACTIVE,2026-09-29T19:46:12.000Z,2026-09-29T19:46:12.000Z,911f98eb-c525-40ef-bb67-bf945dbb0888,-114.1124961,51.0571704
3692,NB Evanston VW @ Evansford RD NW,ACTIVE,2026-09-29T19:46:12.000Z,2026-09-29T19:46:12.000Z,021aeec1-9d93-49c3-b51f-68a192bfd3d2,-114.1125076,51.1672753
5375,WB 54 AV SW@ 21 ST SW,ACTIVE,2026-09-29T19:46:12.000Z,2026-09-29T19:46:12.000Z,6d76697c-3713-4d5f-a979-aaf81a714dc3,-114.1125123,51.0050727
8260,EB Morley TR @ 22 ST NW,ACTIVE,2026-09-29T19:46:12.000Z,2026-09-29T19:46:12.000Z,e1a082fb-c121-455a-981d-6c48e32bb9e8,-114.1125141,51.0777419
3693,NB Symons Valley PY @ Evanston VW (East Leg)  NW,ACTIVE,2026-09-29T19:46:12.000Z,2026-09-29T19:46:12.000Z,aa972fb2-60a6-4abc-9b74-41d2ad8f4689,-114.1125214,51.1686113
6432,WB 90 AV SW @ Bayview DR,ACTIVE,2026-09-29T19:46:12.000Z,2026-09-29T19:46:12.000Z,41e108ec-9483-4e25-9e80-de39f1167d84,-114.1125222,50.9723226
4650,EB Palliser DR @ 22 ST SW,ACTIVE,2026-09-29T19:46:12.000Z,2026-09-29T19:46:12.000Z,6f0345ac-3c8c-4211-9934-656a3cb16b35,-114.112734,50.9689097
4438,SB Evanston VW @ Evansford RD NW,ACTIVE,2026-09-29T19:46:12.000Z,2026-09-29T19:46:12.000Z,84bd1964-7ed1-44cd-9987-fc1dfcb10e51,-114.1128342,51.1665368
4031,EB 14 AV NW @ 22 ST NW,ACTIVE,2026-09-29T19:46:12.000Z,2026-09-29T19:46:12.000Z,e2ab9bb0-e228-484d-9bd3-26c39d6df6b8,-114.1130291,51.065117
5769,17 Avenue SW Station (NB),ACTIVE,2026-09-29T19:46:12.000Z,2026-09-29T19:46:12.000Z,ca5c4612-b107-4ad0-bbca-edc33ca935d0,-114.1131944,51.0375529
4690,EB 50 AV SW @ 21A ST SW,ACTIVE,2026-09-29T19:46:12.000Z,2026-09-29T19:46:12.000Z,16ce2dfd-fcc6-477c-a02b-1019c155cf88,-114.1132024,51.0086517
6328,EB MacEwan Glen DR @ MacEwan Park VW NW,ACTIVE,2026-09-29T19:46:12.000Z,2026-09-29T19:46:12.000Z,c037e05e-0612-4db8-b8af-43b23297b0a1,-114.1132582,51.1311172
4248,WB Braeside DR @ Brabourne RD SW,ACTIVE,2026-09-29T19:46:12.000Z,2026-09-29T19:46:12.000Z,2b3cd970-7993-4344-a9bd-2e8819a37ca3,-114.1133007,50.954262
6993,WB Hidden Valley DR @ Hidden Valley LD NW,ACTIVE,2026-09-29T19:46:12.000Z,2026-09-29T19:46:12.000Z,c3835696-6bd2-4d10-85dc-e5c632ba7b0b,-114.1133471,51.147103
9604,EB 162 AV SW @ Shoppes of Bridlewood,ACTIVE,2026-09-29T19:46:12.000Z,2026-09-29T19:46:12.000Z,646a74be-1c99-445e-96cb-63796c30bc50,-114.1133809,50.9065548
7378,WB MacEwan DR @ MacEwan Valley GA NW,ACTIVE,2026-09-29T19:46:12.000Z,2026-09-29T19:46:12.000Z,6d346e26-2bc1-48fb-b12b-d0f044730db1,-114.1134129,51.1403226
9402,WB 16 AV NW @ W.of Banff TR,ACTIVE,2026-09-29T19:46:12.000Z,2026-09-29T19:46:12.000Z,c001fe62-99b8-48a3-80da-e939eb92a407,-114.113551,51.0670988
8034,WB 5 AV NW @ 22 ST NW,ACTIVE,2026-09-29T19:46:12.000Z,2026-09-29T19:46:12.000Z,9877a58e-bd12-4a48-9692-bb2517c81fc2,-114.1135707,51.0573319
8038,SB Crowchild TR @ 17 AV SW Overpass,ACTIVE,2026-09-29T19:46:12.000Z,2026-09-29T19:46:12.000Z,2213068d-2656-4c74-ac73-5c678c6d43ec,-114.1136544,51.0376353
7939,WB Morley TR @ 28 AV NW,ACTIVE,2026-09-29T19:46:12.000Z,2026-09-29T19:46:12.000Z,743a4aed-830b-435e-8b9c-c3d6aceae37b,-114.1136659,51.078508
1705,WB MacEwan Glen DR @ MacEwan Park VW NW,ACTIVE,2026-09-29T19:46:12.000Z,2026-09-29T19:46:12.000Z,ac113df4-96af-4f54-8778-99c17878e6a6,-114.1137477,51.1317499
3379,EB 33 AV @ 22 ST SW,ACTIVE,2026-09-29T19:46:12.000Z,2026-09-29T19:46:12.000Z,6c747098-9118-4933-8d32-1030b89bd051,-114.1137633,51.0239272
5321,EB 26 AV SW@ 22 ST SW,ACTIVE,2026-09-29T19:46:12.000Z,2026-09-29T19:46:12.000Z,116d156e-0bf2-44df-88c0-ebeb40174834,-114.1138064,51.0303712
4401,EB Southland DR @ Oakmoor DR SW,ACTIVE,2026-09-29T19:46:12.000Z,2026-09-29T19:46:12.000Z,d1bfca77-f1b3-47f4-bcdc-a6f4d0d53114,-114.1139094,50.9612122
3691,EB Evanston VW @ Evansmeade WY NW,ACTIVE,2026-09-29T19:46:12.000Z,2026-09-29T19:46:12.000Z,f48122f1-78cb-484b-87c7-2dad3b829922,-114.1139787,51.1647508
6339,EB Northmount DR @ Chilcotin RD NW,ACTIVE,2026-09-29T19:46:12.000Z,2026-09-29T19:46:12.000Z,c3095f9c-1545-497d-a7d5-0a7178a1c25a,-114.1140979,51.0885388
9085,EB Woodpark BV @ 22 ST SW,ACTIVE,2026-09-29T19:46:12.000Z,2026-09-29T19:46:12.000Z,e3050a29-e521-4ae8-8941-871492667235,-114.1141521,50.9356996
7384,EB MacEwan DR @ MacEwan Park CI NW,ACTIVE,2026-09-29T19:46:12.000Z,2026-09-29T19:46:12.000Z,bdde70ba-2ddc-4dd7-90b5-69fa237fb11b,-114.1142431,51.1352674
8770,WB 26 AV SW @ 22 ST SW,ACTIVE,2026-09-29T19:46:12.000Z,2026-09-29T19:46:12.000Z,f091dd40-3272-4e21-b9fc-3e6e131971df,-114.1142549,51.0304992
4791,WB 50 AV SW @ 22 ST SW,ACTIVE,2026-09-29T19:46:12.000Z,2026-09-29T19:46:12.000Z,e3e2f27d-dcfb-4dea-8b8c-b9dc2aa6cb58,-114.1142611,51.0088218
5350,EB 54 AV SW @ Lissington DR,ACTIVE,2026-09-29T19:46:12.000Z,2026-09-29T19:46:12.000Z,dcd4e728-9d3b-40ea-af72-03de3367aaa0,-114.1143164,51.0049464
4847,WB 17 AV SW @ Crowchild TR,ACTIVE,2026-09-29T19:46:12.000Z,2026-09-29T19:46:12.000Z,aad94469-39a3-46ec-a0e6-8498c3e96b91,-114.1144364,51.0379065
5642,WB Woodpark BV @ 22 ST SW,ACTIVE,2026-09-29T19:46:12.000Z,2026-09-29T19:46:12.000Z,b7f7fc94-6048-434e-be98-ba0153138039,-114.1146008,50.9358096
3454,WB Symons Valley PY @ Evanston VW (East Leg)  NW,ACTIVE,2026-09-29T19:46:12.000Z,2026-09-29T19:46:12.000Z,7f82eb84-f514-484b-b0ec-b4f041df4025,-114.1146186,51.1683636
4437,WB Evanston VW @ Evansmeade WY NW,ACTIVE,2026-09-29T19:46:12.000Z,2026-09-29T19:46:12.000Z,2b9f1165-7c77-442c-a341-7d5512dd2c3a,-114.1146787,51.1647205
3002,EB Hidden Valley DR @ Hidden PA NW,ACTIVE,2026-09-29T19:46:12.000Z,2026-09-29T19:46:12.000Z,f943b492-eb63-45b8-ba11-2d567beb849d,-114.1147412,51.1468091
8533,EB 17 AV SW @ Suffolk ST,ACTIVE,2026-09-29T19:46:12.000Z,2026-09-29T19:46:12.000Z,9013bd5e-a612-4287-9e95-7845eddca453,-114.1147599,51.0377526
4032,NB 22A ST NW @ N. of 12 AV NW,ACTIVE,2026-09-29T19:46:12.000Z,2026-09-29T19:46:12.000Z,211dede6-42e4-4f7b-a62b-44c9d1cc63dc,-114.1149815,51.0640229
9601,WB Bridlewood AV @ Bridlemeadows CM SW,ACTIVE,2026-09-29T19:46:12.000Z,2026-09-29T19:46:12.000Z,dac963cd-1a98-4c6d-9a6d-cdfc369c419d,-114.1150107,50.8974562
7322,WB MacEwan DR @ MacEwan Park RD NW,ACTIVE,2026-09-29T19:46:12.000Z,2026-09-29T19:46:12.000Z,43954954-b99a-4bba-ac41-75b1d1459fb6,-114.1150115,51.1357837
8262,WB Evanston DR @ Evansfield GA NW,ACTIVE,2026-09-29T19:46:12.000Z,2026-09-29T19:46:12.000Z,754582ba-3109-4c2d-a348-d623e1231e7d,-114.1150945,51.1798723
8411,EB Hidden Valley DR @ Hidden Ridge CL NW,ACTIVE,2026-09-29T19:46:12.000Z,2026-09-29T19:46:12.000Z,897cca1a-78b3-49a0-84c7-ffed59010c56,-114.11516,51.1510514
7964,EB Morley TR @ 23A ST NW,ACTIVE,2026-09-29T19:46:12.000Z,2026-09-29T19:46:12.000Z,68fa920c-d7a1-400b-b40a-4567c20bb8be,-114.1152006,51.0790856
8751,WB 54 AV SW @ Lissington DR,ACTIVE,2026-09-29T19:46:12.000Z,2026-09-29T19:46:12.000Z,8e77cf54-da06-49c8-9cac-d6cde21e91a9,-114.1153067,51.0050698
6098,WB Southland DR @ Oakmoor DR SW,ACTIVE,2026-09-29T19:46:12.000Z,2026-09-29T19:46:12.000Z,1e9635d9-bbb1-45d0-938a-a97162f27676,-114.1153352,50.9614183
2042,WB 33 AV @ 22 ST SW,ACTIVE,2026-09-29T19:46:12.000Z,2026-09-29T19:46:12.000Z,d459e4a3-1e91-43a2-ad22-4b5a63e86cca,-114.115474,51.0240558
5405,SB 23 ST NW@ 2 AV NW,ACTIVE,2026-09-29T19:46:12.000Z,2026-09-29T19:46:12.000Z,10392a77-8ec1-4d95-8f6c-f5409f3f1694,-114.1154869,51.0540601
7323,EB MacEwan DR @ MacEwan Ridge GA NW,ACTIVE,2026-09-29T19:46:12.000Z,2026-09-29T19:46:12.000Z,9e8c3a02-92f8-47e9-be8b-fc8df167f115,-114.1155765,51.1397913
9843,EB Fish Creek BV @  Everbrook DR SW,ACTIVE,2026-09-29T19:46:12.000Z,2026-09-29T19:46:12.000Z,df16d112-15f6-4668-9f92-bd06a8be7c39,-114.1155821,50.9211307
8979,WB Northmount DR @ Chatham DR NW,ACTIVE,2026-09-29T19:46:12.000Z,2026-09-29T19:46:12.000Z,f64e936d-25ad-4dd7-bd61-2448b828d0c3,-114.1155986,51.0889806
6817,NB Banff Trail CTrain Station,ACTIVE,2026-09-29T19:46:12.000Z,2026-09-29T19:46:12.000Z,1e4835d2-00d9-4e3e-b121-629175a3eccd,-114.1156513,51.0711543
8565,SB Banff Trail CTrain Station,ACTIVE,2026-09-29T19:46:12.000Z,2026-09-29T19:46:12.000Z,3575f81c-e4e9-4c81-95c1-2a426b196f9b,-114.1157533,51.0711208
7987,WB Fish Creek BV @ Everbrook DR (West Leg),ACTIVE,2026-09-29T19:46:12.000Z,2026-09-29T19:46:12.000Z,cf62ba8d-e224-4fc0-86e9-d69dd09b1037,-114.1157534,50.9214444
5475,EB Everridge DR @ Everridge WY SW,ACTIVE,2026-09-29T19:46:12.000Z,2026-09-29T19:46:12.000Z,18acb491-e332-46b7-8e3f-92268ff718c8,-114.1157964,50.9107433
7381,SB MacEwan DR @ MacEwan Park RI NW,ACTIVE,2026-09-29T19:46:12.000Z,2026-09-29T19:46:12.000Z,acd0d028-2c18-4b62-8761-c699771b5aa6,-114.1158106,51.1360373
6994,WB Hidden Valley DR @ Hidden PA NW,ACTIVE,2026-09-29T19:46:12.000Z,2026-09-29T19:46:12.000Z,744ea94b-dc9c-41bb-a17a-3cd88f3d8960,-114.1158957,51.1468241
5010,WB Kensington RD @ 23 ST NW,ACTIVE,2026-09-29T19:46:12.000Z,2026-09-29T19:46:12.000Z,53a031f4-73a5-4fe8-8cec-8c8e5f46cb54,-114.1159934,51.0525705
9758,WB Hidden Valley DR @ Hidden Ridge VW NW,ACTIVE,2026-09-29T19:46:12.000Z,2026-09-29T19:46:12.000Z,12ed394c-5da1-4876-8cf0-c61eb1e14fc4,-114.1160653,51.1510522
6538,NB MacEwan DR @ S. of MacEwan Park CL NW,ACTIVE,2026-09-29T19:46:12.000Z,2026-09-29T19:46:12.000Z,fadbbb18-adba-4112-8ac8-b0ed7129a0b7,-114.1163205,51.1374891
6429,EB 90 AV SW @ 24 ST SW,ACTIVE,2026-09-29T19:46:12.000Z,2026-09-29T19:46:12.000Z,ac68ad28-6db2-41b5-8dcf-d5f7713019e1,-114.1164234,50.9721312
6438,EB Braeside DR @ 24 ST SW,ACTIVE,2026-09-29T19:46:12.000Z,2026-09-29T19:46:12.000Z,ae9165dc-ad3c-43b6-8019-fcd17c208c61,-114.1164609,50.9540523
7379,SB MacEwan DR @ MacEwan Ridge GA NW,ACTIVE,2026-09-29T19:46:12.000Z,2026-09-29T19:46:12.000Z,b8e635f4-b591-4e45-a8ef-8d56c00ed7ce,-114.1165153,51.1394097
6577,SB MacEwan DR @ MacEwan Park CL NW,ACTIVE,2026-09-29T19:46:12.000Z,2026-09-29T19:46:12.000Z,37f250d7-a3ef-4476-bdda-f95635062d0f,-114.1165599,51.1375489
5758,EB Glenmore TR @ Crowchild TR SW,ACTIVE,2026-09-29T19:46:12.000Z,2026-09-29T19:46:12.000Z,165f6e34-16aa-4044-a4fc-f1134fa57523,-114.1166213,50.9995075
5239,EB Northmount DR @ Charleswood DR NW,ACTIVE,2026-09-29T19:46:12.000Z,2026-09-29T19:46:12.000Z,16d8ff36-8d7a-47cc-b952-708226fc090c,-114.1167081,51.089053
2286,EB 162 AV SW @ 24 ST SW,ACTIVE,2026-09-29T19:46:12.000Z,2026-09-29T19:46:12.000Z,755a1ee9-554e-403e-a072-f55891a433c6,-114.1167219,50.9065448
9603,NB 24 ST SW @ Bridlecrest DR,ACTIVE,2026-09-29T19:46:12.000Z,2026-09-29T19:46:12.000Z,00b9fc84-acb4-4f84-81db-1a1cfa9c1458,-114.1168823,50.9044556
6111,Oakridge Station (EB),ACTIVE,2026-09-29T19:46:12.000Z,2026-09-29T19:46:12.000Z,df638d28-5139-4017-b148-071c2ffc4917,-114.1169293,50.9612059
9602,NB 24 ST SW @ Bridle Estates RD,ACTIVE,2026-09-29T19:46:12.000Z,2026-09-29T19:46:12.000Z,bbfe7ac2-a831-427b-8165-f7bbe52e5e73,-114.1169698,50.8993576
9950,NB 24 ST SW @ Bridlecrest WY,ACTIVE,2026-09-29T19:46:12.000Z,2026-09-29T19:46:12.000Z,8ca1cf37-b999-41d6-8b43-7756814e18e1,-114.1170501,50.9012117
5435,EB 5 AV NW @ Crowchild TR,ACTIVE,2026-09-29T19:46:12.000Z,2026-09-29T19:46:12.000Z,872b9048-a2d0-4841-b7e8-9f0c6c2e704b,-114.11708,51.0571307
5041,EB Kensington RD @ Crowchild TR NW,ACTIVE,2026-09-29T19:46:12.000Z,2026-09-29T19:46:12.000Z,fa8c5a84-469e-40f6-b7f0-199ffe47354c,-114.1171154,51.0524273
4651,EB Palliser DR @ 24 ST SW,ACTIVE,2026-09-29T19:46:12.000Z,2026-09-29T19:46:12.000Z,1ab3f966-254a-4d8c-bd65-b083dbc3f505,-114.1172343,50.9693898
8532,EB 17 AV SW @ 24 ST SW,ACTIVE,2026-09-29T19:46:12.000Z,2026-09-29T19:46:12.000Z,46f266fa-ed9b-41f6-99cb-278c533d7e95,-114.1172993,51.0377523
7190,EB Symons Valley PY @ Evanspark BV NW,ACTIVE,2026-09-29T19:46:12.000Z,2026-09-29T19:46:12.000Z,da5b8f0e-643f-498c-b174-07ca69f94b59,-114.117325,51.1679339
9086,EB Woodpark BV @ 24 ST SW,ACTIVE,2026-09-29T19:46:12.000Z,2026-09-29T19:46:12.000Z,0f67e45f-fda2-4d97-a3d2-5b789c6ea33d,-114.1174301,50.9356367
3382,Marda Loop Station (NB),ACTIVE,2026-09-29T19:46:12.000Z,2026-09-29T19:46:12.000Z,8da4e50b-cff8-4e21-a12d-71ded7f7b326,-114.1174366,51.0249489
8762,EB 26 AV SW Overpass @ Crowchild TR,ACTIVE,2026-09-29T19:46:12.000Z,2026-09-29T19:46:12.000Z,34b26614-b4d7-4ad3-89f8-f4fd638a2975,-114.1174517,51.0301743
5770,NB Crowchild TR @ Flanders AV SW,ACTIVE,2026-09-29T19:46:12.000Z,2026-09-29T19:46:12.000Z,45ee65f6-19d3-4a25-b7b6-c17f4d7dc5fc,-114.1174686,51.0168282
5349,WB 54 AV SW @ Crowchild TR,ACTIVE,2026-09-29T19:46:12.000Z,2026-09-29T19:46:12.000Z,980025e8-ef74-4744-9a19-0153528bc90e,-114.117473,51.0052888
3380,Woodpark Station (NB),ACTIVE,2026-09-29T19:46:12.000Z,2026-09-29T19:46:12.000Z,a7b265ed-7074-4446-b9e0-3c38fa893d68,-114.1174831,50.9365969
5503,EB Morley TR @ 24 ST NW,ACTIVE,2026-09-29T19:46:12.000Z,2026-09-29T19:46:12.000Z,925f0117-4288-44d2-977d-16fc305fe33d,-114.1174838,51.0802573
2654,EB 16 AV NW @ Crowchild TR NW,ACTIVE,2026-09-29T19:46:12.000Z,2026-09-29T19:46:12.000Z,695a3ad1-7f70-40d8-a7a5-5281a007192a,-114.1174856,51.0668884
5750,SB Crowchild TR @ 24 ST SW,ACTIVE,2026-09-29T19:46:12.000Z,2026-09-29T19:46:12.000Z,4a7c6cf7-b7e6-47f7-9114-260679cb88ec,-114.1175116,51.0354819
2655,WB 16 AV NW @ Crowchild TR NW,ACTIVE,2026-09-29T19:46:12.000Z,2026-09-29T19:46:12.000Z,c3def5ed-9c14-4f26-a7bf-0ea9b5641c5b,-114.1175852,51.0670995
3690,EB Evanston VW @ Evanston RI NW,ACTIVE,2026-09-29T19:46:12.000Z,2026-09-29T19:46:12.000Z,491a8147-2433-4697-9aa6-551f9089dfce,-114.1176093,51.1642711
5684,54 Avenue SW Station (NB),ACTIVE,2026-09-29T19:46:12.000Z,2026-09-29T19:46:12.000Z,0baee22c-8508-4665-8aa6-8cce6b41d0a3,-114.1176709,51.005569
5797,NB Crowchild TR @ N. of Flanders AV SW,ACTIVE,2026-09-29T19:46:12.000Z,2026-09-29T19:46:12.000Z,98437de1-792a-49bc-843a-8862e13b81c7,-114.117674,51.0190793
2884,NB 24 ST @ Palliser DR SW,ACTIVE,2026-09-29T19:46:12.000Z,2026-09-29T19:46:12.000Z,a2a63298-5ad1-4685-8b8f-ea8e90eef3a8,-114.1176817,50.9691121
6480,NB 24 ST SW @ Oakmoor DR,ACTIVE,2026-09-29T19:46:12.000Z,2026-09-29T19:46:12.000Z,f9a49f4e-22a8-4c57-9433-ea4ae9578ac8,-114.1176822,50.9634696
6349,NB Crowchild TR @ Kensington RD NW,ACTIVE,2026-09-29T19:46:12.000Z,2026-09-29T19:46:12.000Z,364c5db5-14c4-42f1-a973-a8bbbb9d74d0,-114.1176865,51.0528821
5767,NB Crowchild TR @ 26 AV SW,ACTIVE,2026-09-29T19:46:12.000Z,2026-09-29T19:46:12.000Z,24bec6fe-ca71-4eef-9d5a-0eca10fd60dd,-114.117694,51.0297872
6206,NB Crowchild TR @ Glenmore TR SW,ACTIVE,2026-09-29T19:46:12.000Z,2026-09-29T19:46:12.000Z,fb64d9ed-8b69-4b05-ade0-dbe5ffdeb73f,-114.1177066,50.9992465
3761,54 Avenue SW Station (NB),ACTIVE,2026-09-29T19:46:12.000Z,2026-09-29T19:46:12.000Z,f0d9a810-764e-4152-88b8-6426f2a9df7f,-114.1177073,51.0053495
6110,Braeside Station (NB),ACTIVE,2026-09-29T19:46:12.000Z,2026-09-29T19:46:12.000Z,55d474d3-c1f2-4c37-bebb-c06b6d0f41bd,-114.1177232,50.9545962
6109,NB 24 ST SW @ Woodpark AV,ACTIVE,2026-09-29T19:46:12.000Z,2026-09-29T19:46:12.000Z,cb10fa4f-7d3f-42d0-98b0-f0bfec48c986,-114.1177402,50.94696
4402,NB 24 ST SW @ Anderson RD,ACTIVE,2026-09-29T19:46:12.000Z,2026-09-29T19:46:12.000Z,477494ce-e1f6-4671-b03d-04e2a2a3f18f,-114.1177428,50.9508278
5764,NB Crowchild TR @ Glenmore TR SW,ACTIVE,2026-09-29T19:46:12.000Z,2026-09-29T19:46:12.000Z,0bc44365-0840-4f2e-8f17-d2f96c38fe79,-114.1177749,51.0009032
9176,NB 24 ST SW @ 106 AV SW,ACTIVE,2026-09-29T19:46:12.000Z,2026-09-29T19:46:12.000Z,b74b2dc2-927a-4e51-bb27-6b134e5fa606,-114.1177793,50.9580607
5993,NB 24 ST NW @ Morley TR,ACTIVE,2026-09-29T19:46:12.000Z,2026-09-29T19:46:12.000Z,c8c83ff1-cb84-43b0-b994-59557f725dda,-114.1177858,51.0809123
5651,WB Bow TR @ 24 ST SW,ACTIVE,2026-09-29T19:46:12.000Z,2026-09-29T19:46:12.000Z,d2778560-1946-4d18-9551-67d6758e4408,-114.1177897,51.0418031
6205,NB Crowchild TR @ 63 AV SW,ACTIVE,2026-09-29T19:46:12.000Z,2026-09-29T19:46:12.000Z,38fc6ca0-524f-4b98-8685-ee7003591f13,-114.11779,50.9974405
9246,NB 24 ST SW @ Southland DR,ACTIVE,2026-09-29T19:46:12.000Z,2026-09-29T19:46:12.000Z,1ccba682-20e6-4061-8410-e6654da3f33a,-114.1177972,50.9619109
4082,NB 24 ST NW @ Cherokee DR,ACTIVE,2026-09-29T19:46:12.000Z,2026-09-29T19:46:12.000Z,ab74b36b-76fa-4c82-aca1-98a39cb6c4ed,-114.1178017,51.0847895
5401,NB Crowchild TR@ 5 AV NW,ACTIVE,2026-09-29T19:46:12.000Z,2026-09-29T19:46:12.000Z,031b804a-77e9-453b-929e-7ec0d5c0da4e,-114.1178166,51.0576796
3926,WB Everridge DR @ 24 St SW,ACTIVE,2026-09-29T19:46:12.000Z,2026-09-29T19:46:12.000Z,9a5cd122-1ef9-46bd-a3fb-845927696d2a,-114.1178184,50.9109461
2883,NB 24 ST @ Palistone RD SW,ACTIVE,2026-09-29T19:46:12.000Z,2026-09-29T19:46:12.000Z,18145f49-f406-4874-9caf-3884ec2916c9,-114.1178321,50.9670515
6586,Woodview Station (NB),ACTIVE,2026-09-29T19:46:12.000Z,2026-09-29T19:46:12.000Z,571bfe5a-7de5-498e-a140-c3018e4a9c2e,-114.117834,50.9417632
2882,NB 24 ST @ 98 AV SW,ACTIVE,2026-09-29T19:46:12.000Z,2026-09-29T19:46:12.000Z,b99a2021-04ce-40d5-af71-75202f774ee2,-114.1178436,50.9653481
3933,EB Fish Creek BV @ 100M W. of 24 ST SW,ACTIVE,2026-09-29T19:46:12.000Z,2026-09-29T19:46:12.000Z,af40efff-bbe3-4fa7-81c7-7591bb47c9ac,-114.1178947,50.9212203
5467,WB Northmount Dr @ Charleswood DR NW,ACTIVE,2026-09-29T19:46:12.000Z,2026-09-29T19:46:12.000Z,689622bc-d0cc-4552-9331-5c47fe86f5b2,-114.1179225,51.0895057
7403,SB Charleswood DR @ Northmount DR NW,ACTIVE,2026-09-29T19:46:12.000Z,2026-09-29T19:46:12.000Z,64ed5652-3ec0-4863-88a4-ecc147a1e7c1,-114.1179913,51.0888598
7414,NB Crowchild TR @ 23 AV SW,ACTIVE,2026-09-29T19:46:12.000Z,2026-09-29T19:46:12.000Z,0b271dd1-a95a-4aa2-a6eb-d5d469c1ad26,-114.1180001,51.0331283
4040,SB 24 ST NW @ Chicoutimi DR,ACTIVE,2026-09-29T19:46:12.000Z,2026-09-29T19:46:12.000Z,7fede13c-2d8a-4c79-9ed3-82372842b7c1,-114.1180111,51.0848666
4041,SB 24 ST NW @ Charlebois DR,ACTIVE,2026-09-29T19:46:12.000Z,2026-09-29T19:46:12.000Z,59cf8e59-ff42-4c93-b639-bf80e0343a43,-114.1180264,51.0825553
3699,SB Evanspark BV @ Evansview GA NW,ACTIVE,2026-09-29T19:46:12.000Z,2026-09-29T19:46:12.000Z,4da98207-5f9b-4621-aee3-95a3d5b0ba8c,-114.1180983,51.1701018
5692,SB Crowchild TR @ Longridge DR SW,ACTIVE,2026-09-29T19:46:12.000Z,2026-09-29T19:46:12.000Z,b38d9ba2-6db6-4998-acab-3a4562bf7943,-114.1181061,50.9951007
6210,SB Crowchild TR @ 63 AV SW,ACTIVE,2026-09-29T19:46:12.000Z,2026-09-29T19:46:12.000Z,026c573e-9013-4bf4-9319-78fabdab90f6,-114.118112,50.9968458
3698,SB Evanspark BV @ Evanston DR NW,ACTIVE,2026-09-29T19:46:12.000Z,2026-09-29T19:46:12.000Z,bc82bfc4-637b-433a-a5e4-7a7cb78b0ea2,-114.1181258,51.1733073
9180,SB 24 ST SW @ 106 AV SW,ACTIVE,2026-09-29T19:46:12.000Z,2026-09-29T19:46:12.000Z,1f9c2e48-a15a-4813-8e0b-08858acac049,-114.1181572,50.9570176
2887,SB 24 ST @ Palistone RD SW,ACTIVE,2026-09-29T19:46:12.000Z,2026-09-29T19:46:12.000Z,404bbe55-6506-4b3a-9222-868283525b97,-114.1181576,50.967225
2886,SB 24 ST @ Palliser DR SW,ACTIVE,2026-09-29T19:46:12.000Z,2026-09-29T19:46:12.000Z,3d40af82-d6ac-488c-b8b7-836fcffd67f6,-114.1181811,50.9697658
5630,Oakridge Station (SB),ACTIVE,2026-09-29T19:46:12.000Z,2026-09-29T19:46:12.000Z,9e1d6765-9f2b-405c-b8eb-9a6987158d5b,-114.1181815,50.9605352
9077,SB Crowchild TR @ S. of 33 AV SW,ACTIVE,2026-09-29T19:46:12.000Z,2026-09-29T19:46:12.000Z,1bb0c88c-9f96-4cd7-8770-2557429f9793,-114.1181852,51.0193438
5629,SB 24 ST SW @ Oakmoor DR,ACTIVE,2026-09-29T19:46:12.000Z,2026-09-29T19:46:12.000Z,e344c09a-a71f-48c2-8966-05d7694c41b4,-114.1181881,50.9627301
9112,SB 24 ST SW @ Anderson RD,ACTIVE,2026-09-29T19:46:12.000Z,2026-09-29T19:46:12.000Z,7871a2ef-2211-4c20-ae5a-9ad02c844608,-114.11819,50.9493547
4664,SB 24 ST SW @ 98 AV SW,ACTIVE,2026-09-29T19:46:12.000Z,2026-09-29T19:46:12.000Z,18d2e148-a432-40d4-a6aa-e4015534e265,-114.118195,50.9647577
2885,SB 24 ST @ 90 AV SW,ACTIVE,2026-09-29T19:46:12.000Z,2026-09-29T19:46:12.000Z,9ba53afd-8047-4cd4-8896-a92cb09e5f3c,-114.1182115,50.9715295
3384,Woodview Station (SB),ACTIVE,2026-09-29T19:46:12.000Z,2026-09-29T19:46:12.000Z,66f0ce7d-2dfe-480f-a28b-a7f888bd72b6,-114.1182151,50.9403892
6099,Cedarbrae Station (SB),ACTIVE,2026-09-29T19:46:12.000Z,2026-09-29T19:46:12.000Z,f47e14eb-f608-478f-95fd-e9bb0dbff583,-114.1182203,50.9534662
6367,SB Crowchild TR @ Kensington RD NW,ACTIVE,2026-09-29T19:46:12.000Z,2026-09-29T19:46:12.000Z,d8569322-83ba-49ef-8874-d30e7850e7bc,-114.1182275,51.0529045
6562,SB 24 ST SW @ Woodglen RI,ACTIVE,2026-09-29T19:46:12.000Z,2026-09-29T19:46:12.000Z,93488877-dc57-4744-be46-1f0371f04610,-114.1182347,50.9456409
3751,54 Avenue SW Station (SB),ACTIVE,2026-09-29T19:46:12.000Z,2026-09-29T19:46:12.000Z,57c9ab54-7eb4-40aa-b440-f01878f0889a,-114.1182503,51.0054438
5757,54 Avenue SW Station (SB),ACTIVE,2026-09-29T19:46:12.000Z,2026-09-29T19:46:12.000Z,c168211e-8c3c-44f3-a3bb-3dd23b67c792,-114.1182508,51.0053449
6366,SB Crowchild TR @ 5 AV NW,ACTIVE,2026-09-29T19:46:12.000Z,2026-09-29T19:46:12.000Z,18d1f854-2993-489e-8577-b5dfc05b2afa,-114.1182904,51.056486
4773,SB University DR @ 12 AV NW,ACTIVE,2026-09-29T19:46:12.000Z,2026-09-29T19:46:12.000Z,07155c45-704a-4a16-868b-1ff9772b7125,-114.1183156,51.0609282
5752,SB Crowchild TR@ 26 AV SW Overpass,ACTIVE,2026-09-29T19:46:12.000Z,2026-09-29T19:46:12.000Z,6a053315-7596-434f-a4d7-dc504e10d7c3,-114.1183598,51.0303218
8534,WB 17 AV SW @ 24 ST SW,ACTIVE,2026-09-29T19:46:12.000Z,2026-09-29T19:46:12.000Z,3dc7f8a9-e5ef-47b7-82d1-e6e1804ba391,-114.118361,51.0378865
6079,WB Fish Creek BV @ E. of Evercreek Bluffs GA SW,ACTIVE,2026-09-29T19:46:12.000Z,2026-09-29T19:46:12.000Z,1594bf77-358b-4ca7-beed-de8abece879b,-114.1183623,50.9214837
9581,WB  Evanston VW @ Evanston RI NW,ACTIVE,2026-09-29T19:46:12.000Z,2026-09-29T19:46:12.000Z,9e64049f-c0b6-4bd7-9053-ec084a2fb4b3,-114.1184527,51.1645347
8338,WB Evanston DR @ 24 ST NW,ACTIVE,2026-09-29T19:46:12.000Z,2026-09-29T19:46:12.000Z,f4a17a2c-7a50-4a24-95b0-c49b3cd014e5,-114.1185245,51.1798067
5667,EB Bow Tr @ 24 ST SW,ACTIVE,2026-09-29T19:46:12.000Z,2026-09-29T19:46:12.000Z,45201b0c-eafc-49cd-966c-b7b6f0a4ba66,-114.1186541,51.0414376
5754,SB Crowchild TR @ 33 AV SW,ACTIVE,2026-09-29T19:46:12.000Z,2026-09-29T19:46:12.000Z,9819f0ea-102a-45f7-bc85-1e7324b7c1c7,-114.118696,51.0242136
5309,WB 26 AV SW @ Crowchild TR,ACTIVE,2026-09-29T19:46:12.000Z,2026-09-29T19:46:12.000Z,ca83c41f-40b7-4acc-97b6-f32f744ab8a6,-114.1187231,51.0302138
6282,WB Woodview DR @ 24 ST SW,ACTIVE,2026-09-29T19:46:12.000Z,2026-09-29T19:46:12.000Z,66cbde72-382e-4d29-ac50-9329b6f11fee,-114.1188267,50.941365
3700,WB Symons Valley PY @ Evanspark BV NW,ACTIVE,2026-09-29T19:46:12.000Z,2026-09-29T19:46:12.000Z,36ac48a0-e8d1-49f5-b12e-c34514f39d70,-114.1188609,51.1682659
5631,WB Oakfield DR @ 24 ST SW,ACTIVE,2026-09-29T19:46:12.000Z,2026-09-29T19:46:12.000Z,adc034cc-1a3a-4b98-a2f9-98a19634eaa2,-114.1188994,50.9542295
6977,EB 50 AV SW @ Crowchild TR,ACTIVE,2026-09-29T19:46:12.000Z,2026-09-29T19:46:12.000Z,0562dac7-5264-408b-9f17-37350725a243,-114.1189313,51.0086026
9792,WB Kensington RD @ Crowchild TR NW,ACTIVE,2026-09-29T19:46:12.000Z,2026-09-29T19:46:12.000Z,e4b6eb37-00d0-48a4-a2c6-fd8ada6ce177,-114.1189634,51.0525449
6102,WB Woodpark BV @ 24 ST SW,ACTIVE,2026-09-29T19:46:12.000Z,2026-09-29T19:46:12.000Z,68ea8447-fcdd-40d7-98f6-849c0ba13c1b,-114.118966,50.9358905
8846,WB Kensington RD @ Crowchild TR NW,ACTIVE,2026-09-29T19:46:12.000Z,2026-09-29T19:46:12.000Z,314345b4-0b58-404c-b51b-60b0c4bbb089,-114.1190494,51.052538
2999,EB Hidden Valley DR @ Hidden CR NW,ACTIVE,2026-09-29T19:46:12.000Z,2026-09-29T19:46:12.000Z,010cefdd-dc4e-4f96-a64a-4d3b6f1d7b3c,-114.1191491,51.1466848
5498,SB Charleswood DR @ Brighton DR NW,ACTIVE,2026-09-29T19:46:12.000Z,2026-09-29T19:46:12.000Z,143673c6-31a1-48a2-a755-27b1d82a489a,-114.1192046,51.0876529
9335,NB University DR @ 13 AV NW,ACTIVE,2026-09-29T19:46:12.000Z,2026-09-29T19:46:12.000Z,5bd859c3-ab03-4352-b84e-8b18ebb75616,-114.1193311,51.0643191
5434,SB University DR @ 13 AV NW,ACTIVE,2026-09-29T19:46:12.000Z,2026-09-29T19:46:12.000Z,870fd993-e627-405b-a796-beedf4162dbb,-114.1193355,51.0637885
6433,WB 90 AV SW @ 24 ST SW,ACTIVE,2026-09-29T19:46:12.000Z,2026-09-29T19:46:12.000Z,2854a938-575b-4690-be56-9441dfc75723,-114.1193464,50.9723203
7695,WB Hidden Valley DR @ Hidden Ranch BV NW,ACTIVE,2026-09-29T19:46:12.000Z,2026-09-29T19:46:12.000Z,076f8ec2-3dbb-419d-aa47-6dbcb136b859,-114.1195131,51.1468323
4601,EB 63 AV SW @ Lacombe WY,ACTIVE,2026-09-29T19:46:12.000Z,2026-09-29T19:46:12.000Z,950cd3c2-8fcc-4e84-8843-64ba39c7d9a4,-114.119535,50.9971148
7328,WB 24 ST NW @ Charleswood DR,ACTIVE,2026-09-29T19:46:12.000Z,2026-09-29T19:46:12.000Z,39947dcf-81e3-414d-888b-712080468d26,-114.1196637,51.0867693
5466,NB Charleswood DR @ 24 ST NW,ACTIVE,2026-09-29T19:46:12.000Z,2026-09-29T19:46:12.000Z,74f0159d-750b-489b-ab7b-791122b21a82,-114.1196864,51.0870937
5040,EB Kensington RD @ 25 ST NW,ACTIVE,2026-09-29T19:46:12.000Z,2026-09-29T19:46:12.000Z,ce4058d8-ad41-48d1-a93d-49aa9a991499,-114.1198865,51.0523877
6423,WB Southland DR @ 24 ST SW,ACTIVE,2026-09-29T19:46:12.000Z,2026-09-29T19:46:12.000Z,a27fcfb6-f2a2-4c18-84e2-b39330df0bc8,-114.1198916,50.9614409
3689,EB Evanston VW @ Evansbrooke LI NW,ACTIVE,2026-09-29T19:46:12.000Z,2026-09-29T19:46:12.000Z,44632f30-13fe-4016-b9f3-da5c99aa93e6,-114.1200058,51.1645415
3445,EB Symons Valley PY @ W. Leg of Evanston VW NW,ACTIVE,2026-09-29T19:46:12.000Z,2026-09-29T19:46:12.000Z,e08a713d-6d60-4271-b787-47886d4ac45f,-114.1201416,51.1679871
4652,EB Palliser DR @ Oakdale PL SW,ACTIVE,2026-09-29T19:46:12.000Z,2026-09-29T19:46:12.000Z,caa477da-1fed-4dc5-8ffc-9119f032ba52,-114.1201541,50.9693989
8543,EB 17 AV SW @ 25 ST SW,ACTIVE,2026-09-29T19:46:12.000Z,2026-09-29T19:46:12.000Z,b75b8792-8ec7-4cc0-a735-8c0b19804b71,-114.1202097,51.0377522
4600,WB 66 AV SW @ Lionel CR,ACTIVE,2026-09-29T19:46:12.000Z,2026-09-29T19:46:12.000Z,6fd69df5-a22b-4edf-bf53-fddf2ece5e63,-114.1203142,50.9946605
8758,EB 26 AV SW @ 25 ST SW,ACTIVE,2026-09-29T19:46:12.000Z,2026-09-29T19:46:12.000Z,504af730-6d69-43ca-976e-27133f6998fc,-114.1203509,51.0299571
5402,NB University DR @ N. of 14 AV NW,ACTIVE,2026-09-29T19:46:12.000Z,2026-09-29T19:46:12.000Z,5da49dcb-8127-4f73-b9e4-0078d777a334,-114.120355,51.0655317
6479,EB Oakfield DR @ 26 ST SW,ACTIVE,2026-09-29T19:46:12.000Z,2026-09-29T19:46:12.000Z,bbd50caf-668b-4982-9325-7835a28d7aea,-114.1204233,50.9539973
8409,EB Hidden Valley DR @ Hidden Ranch CR NW,ACTIVE,2026-09-29T19:46:12.000Z,2026-09-29T19:46:12.000Z,fba2d7b2-25b9-4451-9f7b-36b933e2ed54,-114.1204457,51.1506871
4051,EB Northmount DR @ Brantford DR NW,ACTIVE,2026-09-29T19:46:12.000Z,2026-09-29T19:46:12.000Z,9ba26d65-4147-4be1-ab5a-afba9f45b00b,-114.1205412,51.0898851
5123,NB Charleswood DR @ Chicoutimi DR NW,ACTIVE,2026-09-29T19:46:12.000Z,2026-09-29T19:46:12.000Z,ecae8877-dca6-4ae1-aaaa-c75f440fef9d,-114.1205514,51.0865033
4222,EB Southland DR @  E. of Oakmoor WY SW,ACTIVE,2026-09-29T19:46:12.000Z,2026-09-29T19:46:12.000Z,9a4d4a31-aced-4da4-baba-29d9723436b5,-114.1205715,50.9612022
9580,NB  Evanston VW @ Evansbrooke LI NW,ACTIVE,2026-09-29T19:46:12.000Z,2026-09-29T19:46:12.000Z,f6288f86-45bb-4817-b14e-e199aa5fac05,-114.1205815,51.1650369
4046,WB Northmount DR @ Brantford CR NW,ACTIVE,2026-09-29T19:46:12.000Z,2026-09-29T19:46:12.000Z,cec718e0-b695-44ca-91c9-aadbb14e5bd9,-114.1207445,51.090061
8359,EB Evanston RD @ Evansridge DR NW,ACTIVE,2026-09-29T19:46:12.000Z,2026-09-29T19:46:12.000Z,048609fa-c221-4f7b-a979-4a0213b34324,-114.1207559,51.1735798
4841,SB Richard RD @ Bishop Carroll High,ACTIVE,2026-09-29T19:46:12.000Z,2026-09-29T19:46:12.000Z,93176d7f-009c-446b-b21f-e930d158dbe3,-114.1209856,51.0137371
6287,EB Woodview DR @ Woodfield DR SW,ACTIVE,2026-09-29T19:46:12.000Z,2026-09-29T19:46:12.000Z,779422ec-8854-47dd-a87e-51d51547e255,-114.1212048,50.9411268
6428,EB 90 AV SW @ Oakside GA,ACTIVE,2026-09-29T19:46:12.000Z,2026-09-29T19:46:12.000Z,8fbc5efc-b1eb-4b27-af4f-4dbbf4136c98,-114.1212478,50.9722143
9579,NB Evanston VW @ Evanscreek CO NW,ACTIVE,2026-09-29T19:46:12.000Z,2026-09-29T19:46:12.000Z,36ad02c3-c244-4bee-8fee-197b633150d9,-114.121253,51.1673471
5602,EB Everridge DR @ Evermeadow GA SW,ACTIVE,2026-09-29T19:46:12.000Z,2026-09-29T19:46:12.000Z,0ac4aa0d-5340-4e97-9a97-a71bf0bc2bc6,-114.1212794,50.9108877
5129,WB 17 AV SW @ 25 ST SW,ACTIVE,2026-09-29T19:46:12.000Z,2026-09-29T19:46:12.000Z,2d99335d-c4af-473f-ae12-4e17f3d37dc1,-114.1212856,51.0378866
5768,NB Richard RD @ Richardson WY SW,ACTIVE,2026-09-29T19:46:12.000Z,2026-09-29T19:46:12.000Z,0777a247-d63b-4535-9799-dcb54a97af44,-114.1213927,51.0129196
5745,SB Charleswood DR @ Brooklyn CR NW,ACTIVE,2026-09-29T19:46:12.000Z,2026-09-29T19:46:12.000Z,9d6c97ed-3315-44fc-aef3-31a7612de1bd,-114.1214475,51.0861027
9110,EB Woodpark BV @ Woodacres DR SW,ACTIVE,2026-09-29T19:46:12.000Z,2026-09-29T19:46:12.000Z,c7e632f2-2d98-4339-87ea-9c4fe611e6a5,-114.1214818,50.9359526
8759,WB 26 AV SW @ 25 ST SW,ACTIVE,2026-09-29T19:46:12.000Z,2026-09-29T19:46:12.000Z,2dfee0d0-418e-4ce1-8ebd-07ecb4d234d9,-114.121495,51.0301383
2086,NB Evanston Dr @ Our Lady of Grace School,ACTIVE,2026-09-29T19:46:12.000Z,2026-09-29T19:46:12.000Z,78618a87-44f9-4681-8334-be1d21ac5d51,-114.1215084,51.1792992
4661,WB Oakfield DR @ 26 ST SW,ACTIVE,2026-09-29T19:46:12.000Z,2026-09-29T19:46:12.000Z,771fc965-8398-451f-8084-b20058451913,-114.1215399,50.9541328
3688,SB Evanston VW @ Evansbrooke WY NW,ACTIVE,2026-09-29T19:46:12.000Z,2026-09-29T19:46:12.000Z,50202d4d-796a-46e2-9e6a-ef7b38fa7b8f,-114.1215845,51.1665736
9759,WB Hidden Valley DR @ W. Leg Hidden Ranch CR NW,ACTIVE,2026-09-29T19:46:12.000Z,2026-09-29T19:46:12.000Z,3dfaed3a-11f9-4308-811e-4de464cfa894,-114.1216181,51.1509444
8474,NB University DR @ 16 AV NW,ACTIVE,2026-09-29T19:46:12.000Z,2026-09-29T19:46:12.000Z,c8921139-1dd8-417a-bfaa-14c7116a0227,-114.1217568,51.0670953
8350,SB Evanston DR @ Evansborough GA NW,ACTIVE,2026-09-29T19:46:12.000Z,2026-09-29T19:46:12.000Z,57bc2f0e-03fa-4e32-b570-202c4873b150,-114.1218268,51.1792414
3927,NB  Everridge DR @ Evermeadow GA SW,ACTIVE,2026-09-29T19:46:12.000Z,2026-09-29T19:46:12.000Z,05823e37-cb08-47d6-9f29-430af3bc226d,-114.1220046,50.9113553
4231,WB 90 AV SW @ 24 ST SW,ACTIVE,2026-09-29T19:46:12.000Z,2026-09-29T19:46:12.000Z,140e12ea-1d1f-4798-8051-9d5425e16130,-114.1221234,50.9725687
8354,SB Evanston DR @ Evansridge CI NW,ACTIVE,2026-09-29T19:46:12.000Z,2026-09-29T19:46:12.000Z,d1197708-68f4-4ff2-bd94-bf741eea8896,-114.1221416,51.176441
3455,WB Symons Valley PY @ Evanston VW (West Leg)  NW,ACTIVE,2026-09-29T19:46:12.000Z,2026-09-29T19:46:12.000Z,14d65838-e9d8-40c3-b4b3-b6501838a134,-114.1221943,51.1682445
4624,EB BOW TR @ 26 ST SW,ACTIVE,2026-09-29T19:46:12.000Z,2026-09-29T19:46:12.000Z,76734c53-16e2-4026-a015-8e1dc889e900,-114.1222476,51.0414462
9311,WB Woodpark BV @ Woodacres DR SW,ACTIVE,2026-09-29T19:46:12.000Z,2026-09-29T19:46:12.000Z,d807a68e-274f-45fc-9ada-b24f940bf583,-114.1222998,50.9361922
9113,WB Woodview DR @ Woodglen GA SW,ACTIVE,2026-09-29T19:46:12.000Z,2026-09-29T19:46:12.000Z,bd7f7ed3-25f7-4c92-8d5e-bcc52604e9d1,-114.1223702,50.9413894
6670,WB 33 AV SW @ Crowchild TR,ACTIVE,2026-09-29T19:46:12.000Z,2026-09-29T19:46:12.000Z,f1eedd79-e06b-4465-b778-d7572ff8e016,-114.1224166,51.024935
3932,EB  Fish Creek  BV @ Everridge DR SW,ACTIVE,2026-09-29T19:46:12.000Z,2026-09-29T19:46:12.000Z,9d93db3f-18f7-44d9-bdc6-eeafca6f11e9,-114.1224489,50.9212157
5691,EB 63 AV SW @ Louise RD SW,ACTIVE,2026-09-29T19:46:12.000Z,2026-09-29T19:46:12.000Z,edd36a19-eb2a-4f87-9819-6dd2d5cc91f3,-114.12253,50.9975485
6979,WB 50 AV SW @ Crowchild TR,ACTIVE,2026-09-29T19:46:12.000Z,2026-09-29T19:46:12.000Z,15c0aed3-b513-4ebc-b734-7a21647b047c,-114.1225472,51.0087835
5433,SB University DR @ 16 AV NW,ACTIVE,2026-09-29T19:46:12.000Z,2026-09-29T19:46:12.000Z,59151550-f394-4740-9db8-7fc8201bfa1d,-114.1226012,51.0675209
4047,WB Northmount DR @ 26 ST NW,ACTIVE,2026-09-29T19:46:12.000Z,2026-09-29T19:46:12.000Z,d9ce627d-efc4-46f9-a443-fa29b7c91966,-114.1226611,51.090477
5778,NB Charleswood DR @ Brentwood BV NW,ACTIVE,2026-09-29T19:46:12.000Z,2026-09-29T19:46:12.000Z,98c5c54e-8c78-4f98-a484-2f8ef82d9aa4,-114.1227628,51.0849298
5593,WB Richardson WY @ Richard RD SW,ACTIVE,2026-09-29T19:46:12.000Z,2026-09-29T19:46:12.000Z,fd1f4fc9-e706-4d9c-9eb4-5b8272a3a85f,-114.1228365,51.0126314
1703,EB Hidden Valley DR @ Hidden CL NW,ACTIVE,2026-09-29T19:46:12.000Z,2026-09-29T19:46:12.000Z,557aec2f-36a9-491a-912f-f5a0b839a7ee,-114.1229926,51.14538
6816,NB University CTrain Station,ACTIVE,2026-09-29T19:46:12.000Z,2026-09-29T19:46:12.000Z,0c5fd9bb-32a2-4c65-9fb6-a77ae5761b9c,-114.12301,51.0802586
8542,EB 17 AV SW @ 26 ST SW,ACTIVE,2026-09-29T19:46:12.000Z,2026-09-29T19:46:12.000Z,4f3b2d83-88c7-45c8-973b-899437dd71cb,-114.1230916,51.0377512
6531,EB 33 AV SW @ W. of Crowchild TR,ACTIVE,2026-09-29T19:46:12.000Z,2026-09-29T19:46:12.000Z,3401216a-5787-4e6d-b0c8-5b50df2cb069,-114.1231355,51.0246109
8566,SB University CTrain Station,ACTIVE,2026-09-29T19:46:12.000Z,2026-09-29T19:46:12.000Z,24df58bb-8715-47bc-9403-76c82e6714c4,-114.1232288,51.080183
7696,WB Hidden Valley DR @ Hidden CL NW,ACTIVE,2026-09-29T19:46:12.000Z,2026-09-29T19:46:12.000Z,992716c0-4623-4305-bd53-31b6be1d91e2,-114.1232435,51.1454851
3928,NB  Everridge DR @ Evermeadow AV SW,ACTIVE,2026-09-29T19:46:12.000Z,2026-09-29T19:46:12.000Z,71d6000c-eaf0-4dbb-bfa2-adba8cce0b4e,-114.1233412,50.9143656
4050,EB Northmount DR @ Bowlen ST NW,ACTIVE,2026-09-29T19:46:12.000Z,2026-09-29T19:46:12.000Z,e9a8fc5c-0bea-4a6b-899f-95591145dc70,-114.1233658,51.0906293
6699,WB Richard RD @ Richardson WY SW,ACTIVE,2026-09-29T19:46:12.000Z,2026-09-29T19:46:12.000Z,69f4c51e-315a-4a9c-85ef-4360e300e1c5,-114.1234691,51.0118554
5011,WB Parkdale BV @ 26 ST NW,ACTIVE,2026-09-29T19:46:12.000Z,2026-09-29T19:46:12.000Z,ec5f3835-d50c-4f2b-afd6-5175b88b89dd,-114.1235152,51.0534756
4989,SB Everridge DR @ Fish Creek BV SW,ACTIVE,2026-09-29T19:46:12.000Z,2026-09-29T19:46:12.000Z,2409d5ab-5cce-4815-85ba-8b7c57db5067,-114.1235166,50.9207474
4599,WB 66 AV SW @ Laurel CR,ACTIVE,2026-09-29T19:46:12.000Z,2026-09-29T19:46:12.000Z,f4795791-84d1-4335-b136-e85226c112fa,-114.1235645,50.9946506
5943,SB Everridge DR@ Evermeadow AV SW,ACTIVE,2026-09-29T19:46:12.000Z,2026-09-29T19:46:12.000Z,0d4f15ab-3aa2-4126-bbe8-e550d0dd2cc2,-114.1236822,50.9136814
9672,NB Symons Valley RD @ S. of Kincora BV NW,ACTIVE,2026-09-29T19:46:12.000Z,2026-09-29T19:46:12.000Z,aa52f8cc-5230-4ba3-b345-f413451a0984,-114.1236979,51.1602475
2881,EB Southland DR @ Oakmoor WY SW,ACTIVE,2026-09-29T19:46:12.000Z,2026-09-29T19:46:12.000Z,90db12c9-ad44-4397-acda-d61103b3a044,-114.1237263,50.9612027
5698,EB 16 AV NW @ University DR,ACTIVE,2026-09-29T19:46:12.000Z,2026-09-29T19:46:12.000Z,b32d5fc5-f501-478e-928b-88c946619ca3,-114.1237297,51.0676243
9109,EB Woodpark BV @ Woodfield RD SW,ACTIVE,2026-09-29T19:46:12.000Z,2026-09-29T19:46:12.000Z,99843158-79d7-4283-b14c-9cb5fe1c7989,-114.1237901,50.9359861
5946,SB Everridge DR @ Everwoods GA SW,ACTIVE,2026-09-29T19:46:12.000Z,2026-09-29T19:46:12.000Z,201d7d42-2563-4961-8eae-9dc446711c1c,-114.1238706,50.9170861
6983,EB Richard RD @ Richardson WY SW,ACTIVE,2026-09-29T19:46:12.000Z,2026-09-29T19:46:12.000Z,ef463966-2bc9-4683-87e7-0ef8ff6718ec,-114.1239229,51.0114349
5470,WB Bow TR @ 26 ST SW,ACTIVE,2026-09-29T19:46:12.000Z,2026-09-29T19:46:12.000Z,39e7fdd3-0de5-40cb-a9b5-b984bb67e0d4,-114.1239299,51.0417206
7053,SB Charleswood DR @ Brentwood Mall NW,ACTIVE,2026-09-29T19:46:12.000Z,2026-09-29T19:46:12.000Z,67b7349a-de09-465e-ad60-bdd87f65e419,-114.1239775,51.084456
3930,NB  Everridge DR @ Everhollow RI SW,ACTIVE,2026-09-29T19:46:12.000Z,2026-09-29T19:46:12.000Z,78acbfbc-4034-43d6-9716-f9d552ce254e,-114.1240355,50.9178728
9606,EB Richard RD @ Richardson WY SW,ACTIVE,2026-09-29T19:46:12.000Z,2026-09-29T19:46:12.000Z,ad835ac6-c5a2-408e-b677-992dbdc15f71,-114.1240828,51.0113848
3635,EB Shaganappi Point CTrain Station,ACTIVE,2026-09-29T19:46:12.000Z,2026-09-29T19:46:12.000Z,e65a07b1-5acb-49a6-a5a9-a680065c26e3,-114.1241957,51.0415293
8535,WB 17 AV SW @ 26 ST SW,ACTIVE,2026-09-29T19:46:12.000Z,2026-09-29T19:46:12.000Z,26282a4a-5ef3-4b27-9c51-236530274138,-114.124253,51.0378878
4247,NB Oakmoor WY @ Oakbury PL SW,ACTIVE,2026-09-29T19:46:12.000Z,2026-09-29T19:46:12.000Z,40fddae8-1e36-4265-a6e3-e425fdf04b4f,-114.1242695,50.9622775
3634,WB Shaganappi Point CTrain Station,ACTIVE,2026-09-29T19:46:12.000Z,2026-09-29T19:46:12.000Z,80a2557c-c129-4eb9-8a2b-dcceac1376b8,-114.1242707,51.0416094
4182,EB Oakfield DR @ Cedarbrook BA SW,ACTIVE,2026-09-29T19:46:12.000Z,2026-09-29T19:46:12.000Z,f8a75ab7-90a8-4f10-ae60-ecbe23f7ce41,-114.1244097,50.9537834
6976,EB 50 AV @ Peacekeepers GA SW,ACTIVE,2026-09-29T19:46:12.000Z,2026-09-29T19:46:12.000Z,3f2d071f-0c17-4839-a651-51eca0d3a5c1,-114.1245092,51.0086429
2029,EB Symons Valley PY @ Sage Meadows GR NW,ACTIVE,2026-09-29T19:46:12.000Z,2026-09-29T19:46:12.000Z,f0294568-3d5d-4032-b784-9153d1b33fe0,-114.1245522,51.1679203
8783,EB 26 AV SW @ 26A ST SW,ACTIVE,2026-09-29T19:46:12.000Z,2026-09-29T19:46:12.000Z,47f3153f-0f22-45d4-9481-e6200a79c387,-114.1245563,51.0299978
5774,University LRT Station (NB),ACTIVE,2026-09-29T19:46:12.000Z,2026-09-29T19:46:12.000Z,03acf994-3865-4ce0-8024-13b87266ca9b,-114.1245771,51.0800183
9258,SB Woodfield RD @ Woodpark BV SW,ACTIVE,2026-09-29T19:46:12.000Z,2026-09-29T19:46:12.000Z,16147a72-1d11-436d-8cfa-51d33ea7daf1,-114.1246347,50.9358414
8410,EB Hidden Valley DR @ Hidden Ranch TC NW,ACTIVE,2026-09-29T19:46:12.000Z,2026-09-29T19:46:12.000Z,0bc31ab4-5acc-471d-8dc4-f4a96f966703,-114.1249392,51.1504109
9671,SB Symons Valley RD @ Kincora BV NW,ACTIVE,2026-09-29T19:46:12.000Z,2026-09-29T19:46:12.000Z,69a44371-b638-470a-b65d-590dd784ce2d,-114.1249587,51.1606743
2998,EB Hidden Valley DR @ Hidden WAY NW,ACTIVE,2026-09-29T19:46:12.000Z,2026-09-29T19:46:12.000Z,781dcb5d-7e6e-463e-b72a-32009242a325,-114.1250015,51.144878
9125,EB Woodbine BV @ Woodbine BV SW,ACTIVE,2026-09-29T19:46:12.000Z,2026-09-29T19:46:12.000Z,2fc307c0-5a22-4f8e-9543-a0f4ba52f39d,-114.1250031,50.9411278
2879,WB Southland DR @ Oakmoor WY SW,ACTIVE,2026-09-29T19:46:12.000Z,2026-09-29T19:46:12.000Z,44bf181d-9194-442f-a101-0a8718637c83,-114.1250911,50.9614288
5636,EB Palliser DR @ Oakwood DR SW,ACTIVE,2026-09-29T19:46:12.000Z,2026-09-29T19:46:12.000Z,98a899b9-896a-40dd-b85e-9d1e9de65763,-114.1250964,50.9694128
5039,EB Parkdale BV @ 27 ST NW,ACTIVE,2026-09-29T19:46:12.000Z,2026-09-29T19:46:12.000Z,dca0c04c-9460-44eb-a8a3-89e64072cd11,-114.1251431,51.0539204
8464,University LRT Station (SB),ACTIVE,2026-09-29T19:46:12.000Z,2026-09-29T19:46:12.000Z,3c99368a-233d-45cf-b69b-02f6e08eb0a3,-114.1251908,51.080368
5403,NB University DR @ McMahon Stadium,ACTIVE,2026-09-29T19:46:12.000Z,2026-09-29T19:46:12.000Z,db2e1116-94c9-405a-8d00-f5b233736885,-114.12522,51.0711024
8471,SB University DR @ McMahon Parking Entr,ACTIVE,2026-09-29T19:46:12.000Z,2026-09-29T19:46:12.000Z,59f15de1-c8c0-4289-8155-8e3d1a76496b,-114.125358,51.070719
4241,EB 90 AV SW @ Oakside GA,ACTIVE,2026-09-29T19:46:12.000Z,2026-09-29T19:46:12.000Z,7f537ce3-7feb-4f02-977f-380eabd5c962,-114.125421,50.9736124
3386,WB Hidden Valley DR @ W. Leg Hidden Ranch TC NW,ACTIVE,2026-09-29T19:46:12.000Z,2026-09-29T19:46:12.000Z,9a0d2669-5701-4adc-b7ce-4d16255f5d86,-114.125651,51.1501874
6600,Edgebrook RI NW Terminal,ACTIVE,2026-09-29T19:46:12.000Z,2026-09-29T19:46:12.000Z,c0f4279c-cb68-4514-85ae-73007521b11e,-114.1257114,51.1324675
4659,WB Oakfield DR @ W. of Cedarbrook BA SW,ACTIVE,2026-09-29T19:46:12.000Z,2026-09-29T19:46:12.000Z,00cbb699-ce83-4bc5-a6e3-79a93b52dc7c,-114.1257145,50.9541007
5934,NB Brisebois DR @ Capri AV NW,ACTIVE,2026-09-29T19:46:12.000Z,2026-09-29T19:46:12.000Z,47720eda-5da5-408b-a6d3-4434c5cf7a61,-114.1257738,51.0957886
6958,WB 26 AV SW @ 26A ST SW,ACTIVE,2026-09-29T19:46:12.000Z,2026-09-29T19:46:12.000Z,7a44b388-3fbf-429f-acb5-862d2ea16c7b,-114.1257744,51.0301357
9114,NB Woodbine BV @ Woodview DR SW,ACTIVE,2026-09-29T19:46:12.000Z,2026-09-29T19:46:12.000Z,483b0459-8225-4022-9b59-8715524bdb7e,-114.1257843,50.9418963
9115,NB Woodbine BV @ Woodmark CR SW,ACTIVE,2026-09-29T19:46:12.000Z,2026-09-29T19:46:12.000Z,700fb575-f98e-47eb-a2b9-c5d27761ec2f,-114.1257907,50.9434077
6283,NB Woodbine BV @ Woodmark CR SW,ACTIVE,2026-09-29T19:46:12.000Z,2026-09-29T19:46:12.000Z,f3e6a0e0-110a-41e8-be3f-a232d0cfe7f5,-114.1257961,50.9460883
6980,WB 50 AV SW @ Richard RD,ACTIVE,2026-09-29T19:46:12.000Z,2026-09-29T19:46:12.000Z,46ae90a8-dd85-4641-aa44-eb1e249d6d64,-114.1259677,51.0088048
8852,WB Parkdale BV @ 27 ST NW,ACTIVE,2026-09-29T19:46:12.000Z,2026-09-29T19:46:12.000Z,7bc6a83c-8796-46c5-8dcd-9d98e7e32d04,-114.1259971,51.0544182
7369,SB Woodbine BV @ Woodmark CR SW,ACTIVE,2026-09-29T19:46:12.000Z,2026-09-29T19:46:12.000Z,05c80717-e6dc-446b-922a-0057bffb7677,-114.126014,50.9457878
2028,WB Symons Valley Py @ Sage Meadows Gr NW,ACTIVE,2026-09-29T19:46:12.000Z,2026-09-29T19:46:12.000Z,35b39639-73c5-423b-b7e1-975e5465c068,-114.1260348,51.1682365
6286,SB Woodbine BV @ Woodmont RD SW,ACTIVE,2026-09-29T19:46:12.000Z,2026-09-29T19:46:12.000Z,7f260f85-c788-4013-8e49-fcc9080a8492,-114.1260433,50.9427752
4048,WB Northmount DR @ Bennett CR NW,ACTIVE,2026-09-29T19:46:12.000Z,2026-09-29T19:46:12.000Z,40bae3dd-f60b-4621-a30b-ab3a5fba03a8,-114.1261389,51.0919748
6982,Mount Royal University Station (NB),ACTIVE,2026-09-29T19:46:12.000Z,2026-09-29T19:46:12.000Z,c2ea2a35-88cb-4ae9-8260-a48967d7ce87,-114.1262234,51.0109644
8407,WB Hidden Valley DR @ Hidden WY NW,ACTIVE,2026-09-29T19:46:12.000Z,2026-09-29T19:46:12.000Z,b98dfd87-ad67-4719-bc29-e4d905cde527,-114.1262496,51.1449744
8541,EB 17 AV SW @ 27 ST SW,ACTIVE,2026-09-29T19:46:12.000Z,2026-09-29T19:46:12.000Z,79104bb6-1ca4-4a84-9286-f47aef0aa7b0,-114.1262584,51.0377573
8469,SB University DR @ Unwin RD NW,ACTIVE,2026-09-29T19:46:12.000Z,2026-09-29T19:46:12.000Z,a3000ec9-1987-4cce-8399-88cb28725432,-114.1262781,51.071767
4230,WB 90 AV SW @ Oakside GA,ACTIVE,2026-09-29T19:46:12.000Z,2026-09-29T19:46:12.000Z,9074ab49-a70c-40db-8945-69d5f0855529,-114.1263236,50.9744532
4442,NB Kincora DR @ Kincora LD NW,ACTIVE,2026-09-29T19:46:12.000Z,2026-09-29T19:46:12.000Z,cc11d0cf-7776-42c9-bb48-9dd0f0b5860f,-114.1263237,51.1575867
7478,SB Kincora DR @ Kincora PA NW,ACTIVE,2026-09-29T19:46:12.000Z,2026-09-29T19:46:12.000Z,77a573f2-a0c7-4aa5-8fdd-3c40fdcffe95,-114.1263392,51.1571761
9355,Mount Royal University Station (NB),ACTIVE,2026-09-29T19:46:12.000Z,2026-09-29T19:46:12.000Z,deccd1f5-066a-4a5f-ab5e-7bdc351c3df5,-114.1264179,51.0109314
4450,WB Kincora BV @ Symons Valley RD NW,ACTIVE,2026-09-29T19:46:12.000Z,2026-09-29T19:46:12.000Z,83a45524-6b82-4d6d-a678-585db487243b,-114.1264996,51.1607392
9108,EB Woodfield RD @ Woodhaven CR SW,ACTIVE,2026-09-29T19:46:12.000Z,2026-09-29T19:46:12.000Z,2cf0ba6d-29c0-4576-b059-e93db6d2f03a,-114.1265318,50.9337024
8476,NB University DR @ Unwin RD NW,ACTIVE,2026-09-29T19:46:12.000Z,2026-09-29T19:46:12.000Z,ec14d7cf-6e88-4704-b2bd-0ae572aba07f,-114.1265433,51.0725561
4246,WB Oakmoor DR @ Oakmoor CR SW,ACTIVE,2026-09-29T19:46:12.000Z,2026-09-29T19:46:12.000Z,def06f2f-7c52-414c-81b2-3ae765471ccc,-114.1265475,50.9632151
4049,SB Brisebois DR @ Capri AV NW,ACTIVE,2026-09-29T19:46:12.000Z,2026-09-29T19:46:12.000Z,74c9eca7-d1fc-45f3-9afc-b98a68fa56cd,-114.1265833,51.0954037
4602,SB Lancaster WY @ Lathom CR SW,ACTIVE,2026-09-29T19:46:12.000Z,2026-09-29T19:46:12.000Z,5489cc6a-6cb9-4051-b816-d0de3cb7df9f,-114.1266335,50.9980363
5749,WB Unwin RD @ Usher RD NW,ACTIVE,2026-09-29T19:46:12.000Z,2026-09-29T19:46:12.000Z,6c5b8c4f-56b7-4cb2-8159-8a676f2f461d,-114.1268711,51.0721054
4598,WB 66 AV SW @ Legare DR,ACTIVE,2026-09-29T19:46:12.000Z,2026-09-29T19:46:12.000Z,d7327067-998a-456c-8a2b-31169f7a75df,-114.1269709,50.9946536
4038,EB Unwin RD @ Usher RD NW,ACTIVE,2026-09-29T19:46:12.000Z,2026-09-29T19:46:12.000Z,344487e4-7c22-4e0f-88ba-97a12266b394,-114.126982,51.0719283
9568,NB Brentwood RD @ N. of Charleswood DR NW,ACTIVE,2026-09-29T19:46:12.000Z,2026-09-29T19:46:12.000Z,4f00ccf2-8bfe-4feb-83a3-ba8ec41f35dc,-114.1270204,51.0848996
5697,WB University WY @ Craigie Hall,ACTIVE,2026-09-29T19:46:12.000Z,2026-09-29T19:46:12.000Z,3c024832-eeda-4d00-9b02-36204545b689,-114.1270318,51.0760779
7410,WB University WY @ Craigie Hall,ACTIVE,2026-09-29T19:46:12.000Z,2026-09-29T19:46:12.000Z,00afbbeb-f9db-4ef2-8191-e139b96122eb,-114.1270484,51.0760639
5430,WB University WY @ Craigie Hall,ACTIVE,2026-09-29T19:46:12.000Z,2026-09-29T19:46:12.000Z,3a606557-728d-4d7c-baad-2d66d0bf1f6b,-114.1270637,51.0764843
5408,WB University WY @ Craigie Hall NW,ACTIVE,2026-09-29T19:46:12.000Z,2026-09-29T19:46:12.000Z,0a0cd592-5c3e-4498-bb2b-4224abfd6602,-114.1270798,51.0765018
7061,NB Brisebois DR @ Crawford RD NW,ACTIVE,2026-09-29T19:46:12.000Z,2026-09-29T19:46:12.000Z,13e8113e-6720-459e-aea7-f5fcf1b90afd,-114.1271386,51.0981968
9111,WB Woodfield RD @ WoodhavenCR SW,ACTIVE,2026-09-29T19:46:12.000Z,2026-09-29T19:46:12.000Z,0d377430-4a4a-49b0-b738-92b16bab38ca,-114.1272216,50.9338273
6850,EB Richardson WY @ W. of Richard RD SW,ACTIVE,2026-09-29T19:46:12.000Z,2026-09-29T19:46:12.000Z,5205807d-a5d5-4f58-8040-e292dbad54b9,-114.1272342,51.013918
8536,WB 17 AV SW @ 27 ST SW,ACTIVE,2026-09-29T19:46:12.000Z,2026-09-29T19:46:12.000Z,b1ad4110-a946-4f12-8ba0-f32f5567730a,-114.1272494,51.0378806
6700,Mount Royal University Station (SB),ACTIVE,2026-09-29T19:46:12.000Z,2026-09-29T19:46:12.000Z,acf4c90d-004c-4795-8222-c2593d8a37c6,-114.127586,51.0109944
6675,EB 33 AV SW @ 29 ST SW,ACTIVE,2026-09-29T19:46:12.000Z,2026-09-29T19:46:12.000Z,10d32250-3d28-4d2c-9c4f-111c254648b5,-114.1276012,51.0245859
8368,Mount Royal University Station (SB),ACTIVE,2026-09-29T19:46:12.000Z,2026-09-29T19:46:12.000Z,82dcf447-26a6-4631-846d-9d818ac7525f,-114.1276282,51.010981
4441,NB Kincora BV @ Kincora DR NW,ACTIVE,2026-09-29T19:46:12.000Z,2026-09-29T19:46:12.000Z,adb99d5f-abb5-4078-8d02-6dde21289801,-114.1279029,51.1593345
3378,EB Richardson WY @ Bishop WY SW,ACTIVE,2026-09-29T19:46:12.000Z,2026-09-29T19:46:12.000Z,f868c27c-d427-4186-b943-887d72e3da94,-114.1280239,51.0141983
8345,NB Edgebrook BV @  Edgebrook PA NW,ACTIVE,2026-09-29T19:46:12.000Z,2026-09-29T19:46:12.000Z,56611674-d1c5-4ff0-ab30-9e02e01b5979,-114.1280747,51.1383812
8467,SB University DR @ 24 AV NW,ACTIVE,2026-09-29T19:46:12.000Z,2026-09-29T19:46:12.000Z,c8b1e360-4e6a-49a2-bd18-ef9e766325bb,-114.1281059,51.0738358
2793,Foothills Medical Centre (EB),ACTIVE,2026-09-29T19:46:12.000Z,2026-09-29T19:46:12.000Z,dd8cba62-c746-42bc-85b5-db76aba73972,-114.1281251,51.0683639
7070,SB Brentwood RD @ N. of Charleswood DR NW,ACTIVE,2026-09-29T19:46:12.000Z,2026-09-29T19:46:12.000Z,aa1a1409-89f9-4b4f-9603-275c844e0bda,-114.1281381,51.0855298
8015,SB Kincora DR @ Kincora BV NW,ACTIVE,2026-09-29T19:46:12.000Z,2026-09-29T19:46:12.000Z,e992cae2-34a8-4983-8245-72c458d5d287,-114.1282688,51.1588317
7076,SB Brisebois DR @ Bulyea RD NW,ACTIVE,2026-09-29T19:46:12.000Z,2026-09-29T19:46:12.000Z,cb9ee065-5c1b-4425-b870-6f2f4efaf164,-114.1282736,51.0987824
7573,NB University DR @ 24 AV NW,ACTIVE,2026-09-29T19:46:12.000Z,2026-09-29T19:46:12.000Z,9a613b31-3eb8-4d1c-8b49-55bc0a47aa1b,-114.1283793,51.074724
5407,NB University DR @ 24 AV NW,ACTIVE,2026-09-29T19:46:12.000Z,2026-09-29T19:46:12.000Z,76d8d477-9bdc-4e72-93cb-9f7d3a130bf0,-114.1283798,51.074715
5495,EB Northmount DR @ Brisebois DR NW,ACTIVE,2026-09-29T19:46:12.000Z,2026-09-29T19:46:12.000Z,f98e5e9c-8d84-4511-87b9-182afc9397ac,-114.1284579,51.0928144
5298,NB Brisebois DR @ Northmount DR NW,ACTIVE,2026-09-29T19:46:12.000Z,2026-09-29T19:46:12.000Z,d67fd65d-6ddd-4f00-9e99-6282441f37b2,-114.1284821,51.0933457
6703,EB 50 AV SW @ Richard RD,ACTIVE,2026-09-29T19:46:12.000Z,2026-09-29T19:46:12.000Z,53a46f61-ca9c-441b-90d8-63a6dd649770,-114.128515,51.0086516
5599,EB 50 AV SW @ Richard RD,ACTIVE,2026-09-29T19:46:12.000Z,2026-09-29T19:46:12.000Z,9a55a266-7ea2-4e6a-9f09-bd3ccfa86365,-114.128601,51.0086447
8012,WB Edgebrook DR @ Edgebrook BV NW,ACTIVE,2026-09-29T19:46:12.000Z,2026-09-29T19:46:12.000Z,cebe74f5-134f-4d7e-bab5-5af3612e49be,-114.1286814,51.1378204
8465,WB Campus DR NW @ EEEL,ACTIVE,2026-09-29T19:46:12.000Z,2026-09-29T19:46:12.000Z,0337c477-574a-439a-92ac-e057510696f6,-114.1286815,51.0808398
5037,EB Parkdale BV @ 29 ST NW,ACTIVE,2026-09-29T19:46:12.000Z,2026-09-29T19:46:12.000Z,15357ca9-bad2-42a7-b711-3c09dd76d833,-114.1288674,51.0550824
9845,EB Parkdale BV @ 29 ST NW,ACTIVE,2026-09-29T19:46:12.000Z,2026-09-29T19:46:12.000Z,d11dcdc3-58cb-43c6-bb2b-33f3c2c7fd52,-114.1288699,51.0550888
5320,EB 26 AV SW@ 29 ST SW,ACTIVE,2026-09-29T19:46:12.000Z,2026-09-29T19:46:12.000Z,ab9a09a9-a1ec-4e79-b841-c506564c9496,-114.1288926,51.0299966
4603,EB Lancaster WY @ Leduc CR SW,ACTIVE,2026-09-29T19:46:12.000Z,2026-09-29T19:46:12.000Z,acb006d4-7d20-45c4-84da-4927b35d62ae,-114.1288928,50.9986136
4183,EB Oakfield DR @ 30 ST SW,ACTIVE,2026-09-29T19:46:12.000Z,2026-09-29T19:46:12.000Z,71e06256-a8b3-4107-80ba-68fbdc036929,-114.1288976,50.9539812
8462,EB Hidden Valley DR @ Hidden Hill TC NW,ACTIVE,2026-09-29T19:46:12.000Z,2026-09-29T19:46:12.000Z,cc287780-1cda-42b6-9c71-83f0f132db9c,-114.1289365,51.149142
6613,NB 29 ST NW @ 15 AV NW,ACTIVE,2026-09-29T19:46:12.000Z,2026-09-29T19:46:12.000Z,a5ae777d-eb4b-4642-a0d9-bfe632790e90,-114.1290388,51.0673016
8473,NB 29 ST NW @ 15 AV NW,ACTIVE,2026-09-29T19:46:12.000Z,2026-09-29T19:46:12.000Z,31b0bcba-c584-4445-9148-42c97e70b5e6,-114.1290394,51.0672926
5772,NB Uxbridge DR @ 16 AV NW,ACTIVE,2026-09-29T19:46:12.000Z,2026-09-29T19:46:12.000Z,b158db5a-0ee1-42e8-964e-8916204a4add,-114.129047,51.0692446
5746,EB Campus DR NW @ Earth Sciences,ACTIVE,2026-09-29T19:46:12.000Z,2026-09-29T19:46:12.000Z,d817cc3f-4d5f-4f08-9dd0-6712d626dda8,-114.1291626,51.0806807
6981,NB Richard RD @ 50 AV SW,ACTIVE,2026-09-29T19:46:12.000Z,2026-09-29T19:46:12.000Z,a11347d2-c78d-412e-b1e0-eb13eadb3a34,-114.1292028,51.0092891
5469,WB Northmount DR @ Brisebois DR NW,ACTIVE,2026-09-29T19:46:12.000Z,2026-09-29T19:46:12.000Z,a08d383a-1503-4281-954e-85de93c5b193,-114.1292545,51.0933287
9124,EB Woodbine BV @ Woodglen WY SW,ACTIVE,2026-09-29T19:46:12.000Z,2026-09-29T19:46:12.000Z,61c1ba34-b5af-4a87-a643-3cee8501c387,-114.1292547,50.946803
5394,NB 31 ST NW@ 34 AV NW,ACTIVE,2026-09-29T19:46:12.000Z,2026-09-29T19:46:12.000Z,ee11c876-8419-48c0-955b-97fea3bf8106,-114.1292625,51.0849008
6604,SB Brisebois DR @ Northmount DR NW,ACTIVE,2026-09-29T19:46:12.000Z,2026-09-29T19:46:12.000Z,b0e0c63d-1b86-4ffd-9365-27eab9d88bca,-114.1292856,51.0928257
7067,NB 31 ST NW @ 34 AV NW,ACTIVE,2026-09-29T19:46:12.000Z,2026-09-29T19:46:12.000Z,782b6d74-7c34-46eb-8990-c63dbe7c6cc6,-114.129291,51.0849015
6610,SB 29 ST NW @ 16 AV NW,ACTIVE,2026-09-29T19:46:12.000Z,2026-09-29T19:46:12.000Z,8024538b-5c70-4165-a550-f1de764c2d92,-114.1293076,51.0678029
5293,NB 31 ST NW@ 32 AV NW,ACTIVE,2026-09-29T19:46:12.000Z,2026-09-29T19:46:12.000Z,d2a028e8-b034-4ec4-83fe-2ba64a8fdafd,-114.1293111,51.0821793
8011,EB Edgebrook BV @ Edgeridge VW NW,ACTIVE,2026-09-29T19:46:12.000Z,2026-09-29T19:46:12.000Z,1af53c23-a5d5-46df-9a73-30dbcb274d6a,-114.1293473,51.1386103
8026,NB 29 ST NW @ 7 AV NW,ACTIVE,2026-09-29T19:46:12.000Z,2026-09-29T19:46:12.000Z,f7f7e634-a9f5-4c35-a77b-bd4e3b8f179c,-114.1294022,51.0591252
6549,NB Sarcee RD @ 34 AV SW,ACTIVE,2026-09-29T19:46:12.000Z,2026-09-29T19:46:12.000Z,3b73c3d6-9836-484f-9b71-81c6242450ca,-114.129405,51.0230922
5012,NB 29 ST NW @ Parkdale BV,ACTIVE,2026-09-29T19:46:12.000Z,2026-09-29T19:46:12.000Z,87547868-7ba7-4a1a-b67a-0bd1daec8e5b,-114.12941,51.0557704
8408,NB Hidden Valley DR @ Hidden Hills WY NW,ACTIVE,2026-09-29T19:46:12.000Z,2026-09-29T19:46:12.000Z,ed8e1024-7ca0-493d-9735-a45f68bc197e,-114.129466,51.1472931
5940,SB 31 ST NW @ S. of Brentwood Station,ACTIVE,2026-09-29T19:46:12.000Z,2026-09-29T19:46:12.000Z,12fc0f0e-57be-4020-82a4-36944e83bcce,-114.1294815,51.0839464
9599,SB 31 ST NW @ S. of Brentwood Stn,ACTIVE,2026-09-29T19:46:12.000Z,2026-09-29T19:46:12.000Z,584c5692-e3b3-4b62-8eb0-8b3f9677339f,-114.12952,51.0839717
6897,EB  Edgebrook RI @ Edgebrook CI NW,ACTIVE,2026-09-29T19:46:12.000Z,2026-09-29T19:46:12.000Z,cb8e7b4f-b5c5-4983-966f-d9508b813d95,-114.1295396,51.1325166
2255,WB Richardson WY @ Bishop WY SW,ACTIVE,2026-09-29T19:46:12.000Z,2026-09-29T19:46:12.000Z,f3e9ef2c-43cc-4f5f-90ae-22aab80c9b18,-114.1295545,51.0151354
8021,SB 29 ST NW @ 7 AV NW,ACTIVE,2026-09-29T19:46:12.000Z,2026-09-29T19:46:12.000Z,44fad3e3-c38e-4a87-87af-e2c5f6472e87,-114.1296166,51.0584289
7075,SB Brisebois DR @ 52 AV NW,ACTIVE,2026-09-29T19:46:12.000Z,2026-09-29T19:46:12.000Z,1b468b46-8956-466d-9417-626405d9ff44,-114.1296189,51.1005874
6629,SB 29 ST NW @ Hospital DR,ACTIVE,2026-09-29T19:46:12.000Z,2026-09-29T19:46:12.000Z,a228506c-ef9b-48a5-83f2-ee77faf42d43,-114.1296661,51.0659318
4660,SB 30 ST SW @ Oakfield DR SW,ACTIVE,2026-09-29T19:46:12.000Z,2026-09-29T19:46:12.000Z,3b79d640-99e5-40f4-8915-6a7ba7122bec,-114.1296892,50.9536139
6296,EB 32 AV NW @ Campus DR,ACTIVE,2026-09-29T19:46:12.000Z,2026-09-29T19:46:12.000Z,d0d65463-9149-472d-815c-d1fc5fef9967,-114.1297092,51.0813768
6057,SB Sarcee RD @ 34 AV SW,ACTIVE,2026-09-29T19:46:12.000Z,2026-09-29T19:46:12.000Z,a703d64e-cd4c-41ec-a250-1247dc8daa3d,-114.1297163,51.0229019
2997,SB Hidden Valley DR @ Hidden Hills WY NW,ACTIVE,2026-09-29T19:46:12.000Z,2026-09-29T19:46:12.000Z,aa18f328-e545-4db9-83fe-dd7ec3d30e12,-114.1297185,51.1466121
9249,EB 32 AV NW @ Campus DR,ACTIVE,2026-09-29T19:46:12.000Z,2026-09-29T19:46:12.000Z,7477813d-5e4f-475a-bca2-6fe9aec7fe9b,-114.1297383,51.0813686
6543,SB Sarcee RD @ 32 AV SW,ACTIVE,2026-09-29T19:46:12.000Z,2026-09-29T19:46:12.000Z,a31ac31e-aa03-4576-896a-29028d80c273,-114.1297558,51.0248008
2996,SB Hidden Valley DR @ Hidden Valley DR NW,ACTIVE,2026-09-29T19:46:12.000Z,2026-09-29T19:46:12.000Z,c6b374e6-9003-46b2-9fd5-77129c49a5e8,-114.1297716,51.1490051
4443,EB Kincora DR @ Kincora BA NW,ACTIVE,2026-09-29T19:46:12.000Z,2026-09-29T19:46:12.000Z,f88ce02f-86eb-4c3c-9d2c-6f7749930036,-114.129797,51.1546319
2516,31st Street NW Station (WB),ACTIVE,2026-09-29T19:46:12.000Z,2026-09-29T19:46:12.000Z,bd13c74a-e824-4571-a1c7-482d2a405e0c,-114.1299229,51.0819155
2350,31st Street NW Station (EB),ACTIVE,2026-09-29T19:46:12.000Z,2026-09-29T19:46:12.000Z,323420fe-b945-4726-9120-227d787512f7,-114.1299711,51.0817377
2800,31st Street NW Station (WB),ACTIVE,2026-09-29T19:46:12.000Z,2026-09-29T19:46:12.000Z,a3760fa3-86bd-4582-9a33-687407b669c9,-114.1299987,51.0818904
4039,SB Uxbridge DR @ Unwin RD NW,ACTIVE,2026-09-29T19:46:12.000Z,2026-09-29T19:46:12.000Z,d69e10a6-591d-4c6a-90d9-d56adabcafa1,-114.1300092,51.0705365
3843,NB Symons Valley RD @ Kincora Glen RD NW,ACTIVE,2026-09-29T19:46:12.000Z,2026-09-29T19:46:12.000Z,2bed781e-cf29-4284-8135-c3a03d060dd6,-114.1300265,51.1659078
7062,WB 52 AV NW @ Brisebois DR,ACTIVE,2026-09-29T19:46:12.000Z,2026-09-29T19:46:12.000Z,404ebd1b-90df-4b9a-b940-1c5fc2bd2d08,-114.1300475,51.1010476
8913,WB 17 AV SW @ 29 ST SW,ACTIVE,2026-09-29T19:46:12.000Z,2026-09-29T19:46:12.000Z,b510ed0b-d482-4453-83b1-ba3a732f6dd5,-114.1300607,51.0378688
9116,WB Woodbine BV @ Woodglen WY SW,ACTIVE,2026-09-29T19:46:12.000Z,2026-09-29T19:46:12.000Z,d2eb4235-1d73-42cd-ae6e-b3ade45e7479,-114.1301005,50.9469408
8540,EB 17 AV SW @ 29 ST SW,ACTIVE,2026-09-29T19:46:12.000Z,2026-09-29T19:46:12.000Z,b899a12c-d3e8-4685-98da-0fa1a0938bef,-114.130105,51.037752
6526,WB 32 AV SW @ 29 ST SW,ACTIVE,2026-09-29T19:46:12.000Z,2026-09-29T19:46:12.000Z,192a4583-48a3-4f5c-974c-66e61f8be507,-114.1301063,51.025592
2794,Foothills Medical Centre (WB),ACTIVE,2026-09-29T19:46:12.000Z,2026-09-29T19:46:12.000Z,05d3b68c-8584-4a0d-b6e1-1ea33b89935a,-114.1301648,51.0686218
5310,WB 26 AV SW@ 29 ST SW,ACTIVE,2026-09-29T19:46:12.000Z,2026-09-29T19:46:12.000Z,9d6f6f6b-3e20-41b2-8404-6e2d0772383a,-114.1301672,51.0301448
6424,WB Oakmoor DR @ E. of Oakfield DR SW,ACTIVE,2026-09-29T19:46:12.000Z,2026-09-29T19:46:12.000Z,3a573f33-ca12-4a88-8d10-0bcf424db0af,-114.1302428,50.9628832
8010,WB Edgebrook BV @ Edgeridge VW NW,ACTIVE,2026-09-29T19:46:12.000Z,2026-09-29T19:46:12.000Z,796a9274-5998-41cf-8d5b-f966076a2477,-114.1302709,51.1391637
5016,WB Parkdale BV @ 29 ST NW,ACTIVE,2026-09-29T19:46:12.000Z,2026-09-29T19:46:12.000Z,26706346-09dc-4aeb-b7f6-fb1a97f9954c,-114.1303269,51.0556679
6605,NB Brisebois DR @ Brentwood BV NW,ACTIVE,2026-09-29T19:46:12.000Z,2026-09-29T19:46:12.000Z,8e8bed40-263f-49e2-b729-11e6503bd724,-114.1304365,51.0915408
9761,WB Hidden Valley DR @ Hidden Hills TC NW,ACTIVE,2026-09-29T19:46:12.000Z,2026-09-29T19:46:12.000Z,ff2a4f60-e2be-4668-9534-a027e0102053,-114.1304376,51.1496106
3844,EB Symons Valley PY @ Symons Valley RD NW,ACTIVE,2026-09-29T19:46:12.000Z,2026-09-29T19:46:12.000Z,adee1a0d-181c-4091-b4a3-117e8dd9a0a6,-114.1304973,51.1678415
6955,WB Edgebrook RI @ Edgebrook CI NW,ACTIVE,2026-09-29T19:46:12.000Z,2026-09-29T19:46:12.000Z,1824bfbb-459b-49c8-a963-4e713e2ef97a,-114.1305428,51.132937
6763,SB Brentwood RD @ Brentwood Co-Op NW,ACTIVE,2026-09-29T19:46:12.000Z,2026-09-29T19:46:12.000Z,1b5299a9-18b9-47df-b9d9-47f5df3a6bed,-114.130615,51.0868139
6759,WB Brentwood RD @ Brentwood Co-Op Gas,ACTIVE,2026-09-29T19:46:12.000Z,2026-09-29T19:46:12.000Z,849552cd-a608-43bd-aced-153ff7945fe6,-114.1306729,51.0870312
4654,EB Palliser DR @ Oakfield DR SW,ACTIVE,2026-09-29T19:46:12.000Z,2026-09-29T19:46:12.000Z,564527f8-554e-4b61-847c-dd6bae397b16,-114.1306776,50.9703867
6859,NB Sarcee RD @ Tommy Prince RD SW,ACTIVE,2026-09-29T19:46:12.000Z,2026-09-29T19:46:12.000Z,a76355ec-e8e7-4537-9ed6-203ac3616d4a,-114.1306999,51.0216174
7581,WB Kincora DR @ Kincora BA NW,ACTIVE,2026-09-29T19:46:12.000Z,2026-09-29T19:46:12.000Z,00013fca-2909-4ca9-a906-4805fcabd590,-114.1307362,51.1547548
7060,EB Northmount DR @ Braden CR NW,ACTIVE,2026-09-29T19:46:12.000Z,2026-09-29T19:46:12.000Z,a6b03193-af5f-4461-9b70-6aefe4143908,-114.1307532,51.0938062
9947,WB Kincora Glen RD @ Symons Valley RD NW,ACTIVE,2026-09-29T19:46:12.000Z,2026-09-29T19:46:12.000Z,4bca3747-557e-415c-871d-b654f786628f,-114.1307818,51.1654946
9502,NB Hamptons DR @ Hamstead GD NW,ACTIVE,2026-09-29T19:46:12.000Z,2026-09-29T19:46:12.000Z,bbe45254-e3ca-490d-a9f7-c54411dc8d37,-114.1308794,51.1438738
8544,EB Country Hills BV @ Edgebrook BV NW,ACTIVE,2026-09-29T19:46:12.000Z,2026-09-29T19:46:12.000Z,384f1e43-8b03-442a-a073-14395246fdb9,-114.1309319,51.1404931
5013,SB 29 ST NW @ 13 AV NW,ACTIVE,2026-09-29T19:46:12.000Z,2026-09-29T19:46:12.000Z,c9e212b5-8c8a-44bb-b4f2-9f5e8b1e194a,-114.1310106,51.0642738
4184,EB Cedarille DR @ Cedardale CR SW,ACTIVE,2026-09-29T19:46:12.000Z,2026-09-29T19:46:12.000Z,c8dff2f0-cd92-4439-85e0-9df192261a53,-114.1311404,50.9524802
4934,NB Brentwood CTrain Station,ACTIVE,2026-09-29T19:46:12.000Z,2026-09-29T19:46:12.000Z,3e712984-345b-4b64-b741-f93960ff7300,-114.1312609,51.0868532
3679,SB Hamptons DR @ Hampstead GV NW,ACTIVE,2026-09-29T19:46:12.000Z,2026-09-29T19:46:12.000Z,88e2dcc2-5934-46e6-9dc5-365c1bf7a70e,-114.1312808,51.1429357
8020,EB Edgebrook DR @ Edgebrook LD NW,ACTIVE,2026-09-29T19:46:12.000Z,2026-09-29T19:46:12.000Z,3378e0a6-7aeb-48bc-a086-32e3ef8b1fc5,-114.1312955,51.1367063
8339,Foothills Hospital (North Tower),ACTIVE,2026-09-29T19:46:12.000Z,2026-09-29T19:46:12.000Z,62fd9850-c4ba-4f93-93d7-a2c30c31117d,-114.1313645,51.0648069
7054,WB Northmount DR @ Benson RD NW,ACTIVE,2026-09-29T19:46:12.000Z,2026-09-29T19:46:12.000Z,036b4ba3-8aae-4500-930c-00c7f3576eea,-114.1313826,51.0942534
6815,SB Brentwood CTrain Station,ACTIVE,2026-09-29T19:46:12.000Z,2026-09-29T19:46:12.000Z,0aa5a8db-9696-48c1-8ed2-640c16b914d7,-114.1314076,51.0866985
6758,NB Brentwood RD @ Brentwood Co-Op,ACTIVE,2026-09-29T19:46:12.000Z,2026-09-29T19:46:12.000Z,84345476-73fd-49ed-90c5-523efdf2e6a8,-114.1314153,51.0875208
2976,SB Symons Valley RD NW @ Symons Valley PY NW,ACTIVE,2026-09-29T19:46:12.000Z,2026-09-29T19:46:12.000Z,f9b4e624-0303-430e-bb75-fb401beb3a00,-114.1317172,51.167249
2880,EB Southland DR @ Oakfield DR SW,ACTIVE,2026-09-29T19:46:12.000Z,2026-09-29T19:46:12.000Z,69f240f3-6df8-4876-81b9-ef0924d7b140,-114.131722,50.9611395
9501,NB Hamptons DR @ Hamstead RD NW,ACTIVE,2026-09-29T19:46:12.000Z,2026-09-29T19:46:12.000Z,2bfadfde-f9bd-4c8a-a7e7-2658bfdbfd1e,-114.1317411,51.1419701
8357,SB Edgebrook BV @ Country Hills BV NW,ACTIVE,2026-09-29T19:46:12.000Z,2026-09-29T19:46:12.000Z,bfdc5cfb-e8cc-4a6e-9720-1937097c4195,-114.1318039,51.139804
2933,EB Hospital DR @ Health Science CE NW,ACTIVE,2026-09-29T19:46:12.000Z,2026-09-29T19:46:12.000Z,4a1faba2-3de7-4b3c-a807-b8672fde69e9,-114.1318899,51.0664442
6103,NB Woodfield RD @ Woodhaven RD SW,ACTIVE,2026-09-29T19:46:12.000Z,2026-09-29T19:46:12.000Z,d1870b48-b8b0-48a7-85e1-7e5708e89ea7,-114.1318953,50.9347204
9903,EB Hospital DR @ Health Science CE NW,ACTIVE,2026-09-29T19:46:12.000Z,2026-09-29T19:46:12.000Z,cb3bfbc7-fdc1-4ad0-8813-fdb6989f7436,-114.1319711,51.0664471
7273,Brentwood LRT Station,ACTIVE,2026-09-29T19:46:12.000Z,2026-09-29T19:46:12.000Z,4048f114-6cab-4c63-9b75-2f53ce0553c7,-114.1319849,51.0865777
4036,EB 24 AV NW @ Upper PL,ACTIVE,2026-09-29T19:46:12.000Z,2026-09-29T19:46:12.000Z,bdb06c95-f0f0-4f81-ae96-1fb5eea0b7cd,-114.131997,51.0741743
8757,EB 26 AV SW @ 31 ST SW,ACTIVE,2026-09-29T19:46:12.000Z,2026-09-29T19:46:12.000Z,ae239163-71aa-4553-8a96-a51b7a42fcb1,-114.1320452,51.0299931
5134,EB 17 AV SW @ 31 ST SW,ACTIVE,2026-09-29T19:46:12.000Z,2026-09-29T19:46:12.000Z,4f9cd6a0-ddf1-4530-abb9-9b7b2e91b5dd,-114.1320655,51.0377471
3456,NB Symons Valley RD @ Symons Valley PY NW,ACTIVE,2026-09-29T19:46:12.000Z,2026-09-29T19:46:12.000Z,509b45fe-de72-4f33-90e2-8beba1591318,-114.1320783,51.1685073
6846,Brentwood LRT Station NB,ACTIVE,2026-09-29T19:46:12.000Z,2026-09-29T19:46:12.000Z,5f740b4a-35a9-41fd-a698-eeefdd80be72,-114.1320965,51.0865292
5085,SB Sarcee RD @ Tommy Prince RD SW,ACTIVE,2026-09-29T19:46:12.000Z,2026-09-29T19:46:12.000Z,90e96570-8f78-45ab-9e8d-c23a9fd02bd9,-114.1321055,51.0207029
4045,SB Brisebois DR @ Barr RD NW,ACTIVE,2026-09-29T19:46:12.000Z,2026-09-29T19:46:12.000Z,1c91482c-ff92-409a-b51c-480f8b1fead6,-114.1321657,51.0906028
4655,NB Oakfield DR @ Southland DR SW,ACTIVE,2026-09-29T19:46:12.000Z,2026-09-29T19:46:12.000Z,48d25fc1-76a2-4713-8e2a-e975ba522ce1,-114.1321797,50.9617552
3847,Brentwood LRT Station,ACTIVE,2026-09-29T19:46:12.000Z,2026-09-29T19:46:12.000Z,03b0948a-c5d7-4d46-92e0-e4f1ddcb3dbb,-114.1321812,51.0864296
5632,WB Cedarille DR @ Cedardale CR SW,ACTIVE,2026-09-29T19:46:12.000Z,2026-09-29T19:46:12.000Z,354bdb2c-9200-427b-a369-3de03f148332,-114.1322149,50.9526056
6748,Brentwood LRT Station,ACTIVE,2026-09-29T19:46:12.000Z,2026-09-29T19:46:12.000Z,9ecb23a7-645c-423f-a982-fefbaa77b144,-114.1322417,51.0866749
5634,NB Oakfield DR @  Oakmoor DR SW,ACTIVE,2026-09-29T19:46:12.000Z,2026-09-29T19:46:12.000Z,7a811e58-09d3-4968-b9dc-f3b9dd1230d3,-114.1322578,50.9632386
9107,SB Woodfield RD @ Woodhaven CR SW,ACTIVE,2026-09-29T19:46:12.000Z,2026-09-29T19:46:12.000Z,e4e98749-1b95-4d21-93a7-71d6283e11b7,-114.1322595,50.9347698
5633,NB Oakfield DR @ Cedarille DR SW,ACTIVE,2026-09-29T19:46:12.000Z,2026-09-29T19:46:12.000Z,00c86fcd-92d1-44cd-952b-7691e1b56956,-114.1322599,50.9601984
7668,NB Kincora Glen GR @ Kincora RI NW,ACTIVE,2026-09-29T19:46:12.000Z,2026-09-29T19:46:12.000Z,88cf17ae-254a-4fbc-a411-f5b983c39610,-114.1323743,51.1615482
8344,WB Edgebrook DR @ Edgebrook LD NW,ACTIVE,2026-09-29T19:46:12.000Z,2026-09-29T19:46:12.000Z,18325885-2fc9-44af-bf62-7ee6ac39d39d,-114.1323976,51.1364545
5693,WB 66 AV SW @ Lakeview DR,ACTIVE,2026-09-29T19:46:12.000Z,2026-09-29T19:46:12.000Z,557e68f2-940c-457d-adbb-d2a7361be0b5,-114.1324163,50.9946436
9121,NB Woodbine BV @ Wood Valley DR SW,ACTIVE,2026-09-29T19:46:12.000Z,2026-09-29T19:46:12.000Z,2fb53237-7697-4c5e-afa0-b1bbc256acf1,-114.1324193,50.9386505
5690,EB Lancaster WY @ Lakeview DR SW,ACTIVE,2026-09-29T19:46:12.000Z,2026-09-29T19:46:12.000Z,9dc02d09-d260-47f2-be07-4e131d5663b6,-114.1324314,50.9985567
4225,SB Oakfield DR @ Oakridge GA SW,ACTIVE,2026-09-29T19:46:12.000Z,2026-09-29T19:46:12.000Z,df2df2ed-d100-4d29-96ab-eb8a6743b8ca,-114.1324399,50.963288
6477,SB Oakfield DR @ Southland DR SW,ACTIVE,2026-09-29T19:46:12.000Z,2026-09-29T19:46:12.000Z,167c59d3-f9eb-4be8-9d80-fe9cf3fd1118,-114.1324449,50.9608955
3845,Brentwood LRT Station,ACTIVE,2026-09-29T19:46:12.000Z,2026-09-29T19:46:12.000Z,b92a6e17-7069-4fb1-a195-994e46692361,-114.1324601,51.0867693
6436,SB Oakfield DR @ S. of Oakmoor DR SW,ACTIVE,2026-09-29T19:46:12.000Z,2026-09-29T19:46:12.000Z,36b172f6-c64d-414f-85e8-5ad4fef8ca3b,-114.1324644,50.9649707
6751,Brentwood LRT Station NB,ACTIVE,2026-09-29T19:46:12.000Z,2026-09-29T19:46:12.000Z,55864da2-4252-45ab-b7fb-a74e2fe517ba,-114.1324936,51.0866892
9901,SB Hamptons DR @ Hampstead RD NW,ACTIVE,2026-09-29T19:46:12.000Z,2026-09-29T19:46:12.000Z,eb5c7815-fb15-42fc-9146-61e5ece6a154,-114.13253,51.1413761
9120,SB Woodbine BV @ S. Leg Wood Valley DR SW,ACTIVE,2026-09-29T19:46:12.000Z,2026-09-29T19:46:12.000Z,91afe1ca-03ff-44a0-a4a7-4860a5bfa38d,-114.1325747,50.9384385
5635,NB Oakfield DR @  Oakwood DR SW,ACTIVE,2026-09-29T19:46:12.000Z,2026-09-29T19:46:12.000Z,b4a6afd7-0d46-4185-8732-e0274a9e100f,-114.1326105,50.9665304
5771,Foothills Hospital (Women's Health Centre),ACTIVE,2026-09-29T19:46:12.000Z,2026-09-29T19:46:12.000Z,ba33660e-6313-42c9-8043-0eefd67ac446,-114.1326199,51.0652578
6750,Brentwood LRT Station NB,ACTIVE,2026-09-29T19:46:12.000Z,2026-09-29T19:46:12.000Z,ea7d9b27-21cb-4fbd-a77b-32de1a3e59ff,-114.1327025,51.0867752
8640,WB Country Hills BV @ Hamptons DR NW,ACTIVE,2026-09-29T19:46:12.000Z,2026-09-29T19:46:12.000Z,80ffa1df-0afa-427f-98c5-a3f79a6facd2,-114.1327721,51.1403314
4653,NB Oakfield DR @ Oakfield PL SW,ACTIVE,2026-09-29T19:46:12.000Z,2026-09-29T19:46:12.000Z,17f6cb5b-08c3-4538-ba81-0f7b11504cff,-114.132817,50.9684963
8022,Foothills Hospital (Women's Health Centre),ACTIVE,2026-09-29T19:46:12.000Z,2026-09-29T19:46:12.000Z,0f3b9b9a-5321-40a3-b96a-75bb3cc057ab,-114.1328304,51.0653169
6752,Brentwood LRT Station,ACTIVE,2026-09-29T19:46:12.000Z,2026-09-29T19:46:12.000Z,0df7fca4-17b5-484a-8cb5-492ffe4bdc80,-114.1328482,51.0869587
6833,Brentwood LRT Station NB,ACTIVE,2026-09-29T19:46:12.000Z,2026-09-29T19:46:12.000Z,0dbebe02-96d8-4c66-b8f8-b2a5db7badf8,-114.1328834,51.0868516
6427,EB 90 AV SW @ Palliser DR,ACTIVE,2026-09-29T19:46:12.000Z,2026-09-29T19:46:12.000Z,f3aafcf2-33a5-4a51-a4b5-c003308e2857,-114.1328858,50.9757029
5409,WB 24 AV NW @ Upper PL,ACTIVE,2026-09-29T19:46:12.000Z,2026-09-29T19:46:12.000Z,636da8d3-85b9-4949-9738-3b28141c95bc,-114.1329973,51.074484
4187,WB Cedarille DR @ Oakfield DR SW,ACTIVE,2026-09-29T19:46:12.000Z,2026-09-29T19:46:12.000Z,fdc2c527-5842-410e-a836-1106932e8a33,-114.1330101,50.959812
6968,Brentwood LRT Station SB,ACTIVE,2026-09-29T19:46:12.000Z,2026-09-29T19:46:12.000Z,17262020-707c-4527-87a6-5a6537e81149,-114.1330775,51.0869463
9577,WB Kincora DR @ Kincora Glen GR NW,ACTIVE,2026-09-29T19:46:12.000Z,2026-09-29T19:46:12.000Z,f233b868-9a04-4a3a-80ce-82cd385ccb96,-114.1330869,51.1613147
3797,Mt Royal University W Gate EB,ACTIVE,2026-09-29T19:46:12.000Z,2026-09-29T19:46:12.000Z,11718fd3-1368-4d70-a70a-61ce2319be25,-114.1331072,51.0141083
8538,WB 17 AV SW @ 31 ST SW,ACTIVE,2026-09-29T19:46:12.000Z,2026-09-29T19:46:12.000Z,69f1da96-dac0-49a0-95ca-5f850e908ebe,-114.1331135,51.0378718
6425,WB Oakwood DR @ Oakfield DR SW,ACTIVE,2026-09-29T19:46:12.000Z,2026-09-29T19:46:12.000Z,fcb1730a-5238-469f-8b51-5520c25c6459,-114.1331347,50.9663454
6864,Brentwood LRT Station EB,ACTIVE,2026-09-29T19:46:12.000Z,2026-09-29T19:46:12.000Z,1fc3fa8e-fbb6-4ca2-b640-420526acf3d8,-114.1331393,51.0871008
9119,SB Woodbine BV @ N. Leg Wood Valley DR SW,ACTIVE,2026-09-29T19:46:12.000Z,2026-09-29T19:46:12.000Z,7a2626db-26d5-4fb5-9b63-dd8cce973295,-114.1332935,50.9411006
6285,NB Woodbine BV @ Woodmont DR SW,ACTIVE,2026-09-29T19:46:12.000Z,2026-09-29T19:46:12.000Z,a3c24efb-c930-4bb6-8d99-8a9abbee1313,-114.1332956,50.9419912
2988,SB Symons Valley RD @ Sage Hill DR NW,ACTIVE,2026-09-29T19:46:12.000Z,2026-09-29T19:46:12.000Z,9500c471-0135-4eea-8fc6-f46fe909ed66,-114.1333218,51.169242
3798,Mt Royal University W Gate WB,ACTIVE,2026-09-29T19:46:12.000Z,2026-09-29T19:46:12.000Z,0cc6c7fd-a367-41c6-bc06-bac9863fa8ed,-114.1333576,51.0145327
2868,EB Palliser DR @ Oakwood DR SW,ACTIVE,2026-09-29T19:46:12.000Z,2026-09-29T19:46:12.000Z,161fdfdc-b841-4025-90d8-5d9c1dae0c16,-114.1334214,50.9722818
6895,EB Edgebrook RI @ Edgebrook DR NW,ACTIVE,2026-09-29T19:46:12.000Z,2026-09-29T19:46:12.000Z,92179ee0-da86-4e26-805f-815a7b8c9fdf,-114.1334723,51.1343402
4242,NB Palliser DR @ Oakwood DR SW,ACTIVE,2026-09-29T19:46:12.000Z,2026-09-29T19:46:12.000Z,3784f41a-f801-49bf-9001-ee27231d0b63,-114.1334834,50.9731721
2603,WB Symons Valley PY @ Symons Valley RD NW,ACTIVE,2026-09-29T19:46:12.000Z,2026-09-29T19:46:12.000Z,c4b02b64-cea0-483e-be4d-279f4d3925b2,-114.1334865,51.1682009
6856,EB Richmond RD @ 32 ST SW,ACTIVE,2026-09-29T19:46:12.000Z,2026-09-29T19:46:12.000Z,d339eee8-a0c4-430e-be7e-831d6bac8b6a,-114.1334866,51.0246676
3764,Mt Royal University W Gate WB,ACTIVE,2026-09-29T19:46:12.000Z,2026-09-29T19:46:12.000Z,7d01c3dd-35b5-4723-b3d4-8a1aebcbbee5,-114.133613,51.014091
3680,EB Hamptons DR @ Hampstead TC NW,ACTIVE,2026-09-29T19:46:12.000Z,2026-09-29T19:46:12.000Z,91aa5921-36f0-42ed-a525-3686b870ac30,-114.1336492,51.1447046
8346,NB Edgebrook DR @ Edgebrook  RI NW,ACTIVE,2026-09-29T19:46:12.000Z,2026-09-29T19:46:12.000Z,8a7b7732-6878-4cba-969e-07c8efa546d5,-114.1336864,51.135038
9123,EB Woodbine BV @ Woodbrook WY SW,ACTIVE,2026-09-29T19:46:12.000Z,2026-09-29T19:46:12.000Z,4bcf5881-f45b-4fc3-8a0a-95cc6fd54108,-114.133697,50.9468043
6615,EB 32 AV NW @ 33 ST NW,ACTIVE,2026-09-29T19:46:12.000Z,2026-09-29T19:46:12.000Z,629f699b-83fa-4f67-be4e-35f15cd319f5,-114.1337077,51.0813761
3748,Mt Royal University W Gate EB,ACTIVE,2026-09-29T19:46:12.000Z,2026-09-29T19:46:12.000Z,f55bc1a8-f8a2-429b-a2be-1520546f749c,-114.1337384,51.0144161
7059,EB Northmount DR @ Bulyea RD NW,ACTIVE,2026-09-29T19:46:12.000Z,2026-09-29T19:46:12.000Z,b3abcc3f-2a5d-4534-9307-aa6da640ea70,-114.1337566,51.0951302
3796,Mt Royal University W Gate WB,ACTIVE,2026-09-29T19:46:12.000Z,2026-09-29T19:46:12.000Z,ddb59c72-a5c6-42b9-bd70-5e8313d251c1,-114.1337811,51.0144171
8842,EB Parkdale BV @ 32 ST NW,ACTIVE,2026-09-29T19:46:12.000Z,2026-09-29T19:46:12.000Z,0a494952-c613-4aab-83a4-50b64ac39b09,-114.1337954,51.0563998
3492,WB Sage Hill Dr @ Symons Valley Rd NW,ACTIVE,2026-09-29T19:46:12.000Z,2026-09-29T19:46:12.000Z,eefadbce-3ab2-4a6c-9a79-bd5f6ee3859e,-114.1339372,51.1697923
3795,Mt Royal University W Gate EB,ACTIVE,2026-09-29T19:46:12.000Z,2026-09-29T19:46:12.000Z,b88545cf-b3bf-4734-9d9a-68304be82b39,-114.1339788,51.0147494
6434,SB Palliser DR @ 90 AV SW,ACTIVE,2026-09-29T19:46:12.000Z,2026-09-29T19:46:12.000Z,50adbab5-9ec5-4351-bd60-717165ee22b3,-114.134011,50.9752448
4229,WB Oakwood DR @ Palliser DR SW,ACTIVE,2026-09-29T19:46:12.000Z,2026-09-29T19:46:12.000Z,3d21c052-8f04-4dd1-a674-d5ee7ae06a79,-114.1341135,50.9726568
9695,WB 26 AV SW @ 32 ST SW,ACTIVE,2026-09-29T19:46:12.000Z,2026-09-29T19:46:12.000Z,872139d6-984c-46b0-9344-7fe72bc4fce8,-114.1343179,51.0301478
9948,SB Kincora Glen GR @ Kincora Glen RI NW,ACTIVE,2026-09-29T19:46:12.000Z,2026-09-29T19:46:12.000Z,b5a2b2e8-7110-4995-8606-48397ab10a52,-114.1344729,51.1634606
5935,WB 52 AV NW @ Bannerman DR,ACTIVE,2026-09-29T19:46:12.000Z,2026-09-29T19:46:12.000Z,2db06722-0cd4-4e15-b1c4-4ea6690a80b3,-114.1344909,51.1010398
6896,SB Edgebrook DR @ Edgevalley WY NW,ACTIVE,2026-09-29T19:46:12.000Z,2026-09-29T19:46:12.000Z,419a5c35-691c-4c7e-bf20-5d06310cfef5,-114.1345132,51.1343837
9503,WB Hamptons DR @ Hamstead TC NW,ACTIVE,2026-09-29T19:46:12.000Z,2026-09-29T19:46:12.000Z,0b4ebcef-94d4-4aba-ac3b-87ebf6045656,-114.1345239,51.1448267
9510,EB Country Hills BV @ Edgeridge PA NW,ACTIVE,2026-09-29T19:46:12.000Z,2026-09-29T19:46:12.000Z,06340b74-5cbd-4d6d-93b4-d0feec734056,-114.1345468,51.1396104
5015,WB 3 AV NW @ 32 ST NW,ACTIVE,2026-09-29T19:46:12.000Z,2026-09-29T19:46:12.000Z,3f868c18-26b8-437d-bf86-69331c2e62fc,-114.1345493,51.056904
7055,WB Northmount DR @ Bulyea RD NW,ACTIVE,2026-09-29T19:46:12.000Z,2026-09-29T19:46:12.000Z,44a8933a-f52d-4ed8-a73d-82003ea13e50,-114.1345829,51.0956272
6548,NB Sarcee RD @ Valour CI SW,ACTIVE,2026-09-29T19:46:12.000Z,2026-09-29T19:46:12.000Z,397f1fb6-a2bc-4942-acd9-a575eb7ea1a0,-114.1345945,51.0178057
7081,NB Edgebrook DR @ Edgebrook RD NW,ACTIVE,2026-09-29T19:46:12.000Z,2026-09-29T19:46:12.000Z,330d607e-f501-47c4-8c04-90a28e54f35a,-114.1346187,51.1308334
5592,WB 32 AV NW @ 33 ST NW,ACTIVE,2026-09-29T19:46:12.000Z,2026-09-29T19:46:12.000Z,b78a17b8-f3b9-4968-b774-1749ad465a3a,-114.1347758,51.0816541
2565,WB 66 AV @ Lakeside CR (W. Leg) SW,ACTIVE,2026-09-29T19:46:12.000Z,2026-09-29T19:46:12.000Z,79732d8a-e011-4b04-a905-d62577a7890c,-114.1347971,50.9947038
7979,NB Kincora Glen GR @ Kincora Glen BA NW,ACTIVE,2026-09-29T19:46:12.000Z,2026-09-29T19:46:12.000Z,11aa16eb-9ddd-4160-b15f-683e0dad48f7,-114.1348358,51.1639525
2955,EB Hidden Valley DR @ Shaganappi TR NW,ACTIVE,2026-09-29T19:46:12.000Z,2026-09-29T19:46:12.000Z,3db6fe63-a44b-498c-bcc5-b9c1f848daaf,-114.1348395,51.1484566
9122,NB Woodbine BV @ Woodborough RD SW,ACTIVE,2026-09-29T19:46:12.000Z,2026-09-29T19:46:12.000Z,b1208d3f-3e28-4553-ab4b-265b9810db3a,-114.1348528,50.9437564
8539,EB 17 AV SW @ 33 ST SW,ACTIVE,2026-09-29T19:46:12.000Z,2026-09-29T19:46:12.000Z,2b1e67bb-5979-4750-8dc4-94e4675565ae,-114.1348619,51.0377438
8756,EB 26 AV SW @ 33 ST SW,ACTIVE,2026-09-29T19:46:12.000Z,2026-09-29T19:46:12.000Z,43148c70-7250-4463-8e45-10be4331ab82,-114.1348839,51.0299908
6478,SB Cedarille DR @ Cedardale RD SW,ACTIVE,2026-09-29T19:46:12.000Z,2026-09-29T19:46:12.000Z,076de464-76f8-4191-8532-8e8edda5121f,-114.134957,50.9527089
7087,WB Edgevally WY @ Edgebrook DR NW,ACTIVE,2026-09-29T19:46:12.000Z,2026-09-29T19:46:12.000Z,4da17da0-6b46-47a9-933c-880021f7981d,-114.1349646,51.1349434
4604,SB Lakeview DR @ 58 AV SW,ACTIVE,2026-09-29T19:46:12.000Z,2026-09-29T19:46:12.000Z,d24bfe03-24eb-4f57-b091-3e1025628365,-114.1349885,51.0017047
6665,SB Sarcee RD @ 40 AV SW,ACTIVE,2026-09-29T19:46:12.000Z,2026-09-29T19:46:12.000Z,dccdda17-e334-4baa-b58c-e37a4defd85e,-114.1350038,51.0176439
9117,WB Woodbine BV @ Woodbrook WY SW,ACTIVE,2026-09-29T19:46:12.000Z,2026-09-29T19:46:12.000Z,ede87c5c-1881-4e2a-ade0-146950c9c597,-114.1350416,50.9469363
5429,EB 24 AV NW @ Upton PL,ACTIVE,2026-09-29T19:46:12.000Z,2026-09-29T19:46:12.000Z,8f5499e1-45fd-4aea-bce0-fd2d41226f2e,-114.1350819,51.07416
8915,NB Spruce DR @ Hemlock CR SW,ACTIVE,2026-09-29T19:46:12.000Z,2026-09-29T19:46:12.000Z,84457a70-9bf2-4a21-b048-a276fec405fe,-114.1350852,51.0479943
4444,EB Kincora DR @ Kincora HT NW,ACTIVE,2026-09-29T19:46:12.000Z,2026-09-29T19:46:12.000Z,0788bf8c-01fe-4657-9466-5f057eb7ff3c,-114.1351349,51.1552755
7684,EB Kincora Glen RD @ Kincora Glen GR NW,ACTIVE,2026-09-29T19:46:12.000Z,2026-09-29T19:46:12.000Z,98c08cc1-c9a3-4acf-aea4-8a7a5a5c9cea,-114.1351455,51.1650026
8366,WB Kincora Glen RD @ Kinlea GA NW,ACTIVE,2026-09-29T19:46:12.000Z,2026-09-29T19:46:12.000Z,44fcae09-f0e9-49ba-a32b-02f1c1b7dccf,-114.1351463,51.1651285
9118,SB Woodbine BV @ Woodbriar GA SW,ACTIVE,2026-09-29T19:46:12.000Z,2026-09-29T19:46:12.000Z,d76fd1aa-08f7-4141-854a-8cd7ecbd8a86,-114.1351655,50.9437641
6309,WB Richmond RD @ 33 ST SW,ACTIVE,2026-09-29T19:46:12.000Z,2026-09-29T19:46:12.000Z,f5110871-54a8-43ad-b160-7c68ae10ac0d,-114.135176,51.0243313
4226,EB Oakwood DR @ Oakcliffe DR SW,ACTIVE,2026-09-29T19:46:12.000Z,2026-09-29T19:46:12.000Z,cf827c47-e7db-4973-82e5-ecde45123a5c,-114.1351961,50.9661801
2569,NB Lakeview DR @ Ladbrooke DR SW,ACTIVE,2026-09-29T19:46:12.000Z,2026-09-29T19:46:12.000Z,08bc72df-ebba-40d6-a34b-dc27d3a2bb04,-114.135229,51.0022431
4627,SB Spruce DR @ Cedar CR SW,ACTIVE,2026-09-29T19:46:12.000Z,2026-09-29T19:46:12.000Z,862b6ed9-bbcd-494d-b269-000fb3c27e7c,-114.1352421,51.0477643
2943,SB Shaganappi TR @ Hidden Valley DR NW,ACTIVE,2026-09-29T19:46:12.000Z,2026-09-29T19:46:12.000Z,29922ba9-f231-487e-a3de-77714b0957d8,-114.1352913,51.1471896
9020,NB Spruce DR @ Bow TR SW,ACTIVE,2026-09-29T19:46:12.000Z,2026-09-29T19:46:12.000Z,ba4d1d4f-0bf7-424a-8045-e4db0d1f3ad9,-114.1352981,51.0420963
7074,EB 52 AV NW @ 33 ST NW,ACTIVE,2026-09-29T19:46:12.000Z,2026-09-29T19:46:12.000Z,dbfd8462-2e99-4578-8b5c-c62a6cd394d6,-114.1352992,51.1009067
8914,NB Spruce DR @ 8 AV SW,ACTIVE,2026-09-29T19:46:12.000Z,2026-09-29T19:46:12.000Z,0c04cd4c-467c-47fa-8fce-a73f85f02a29,-114.1353047,51.0453642
4243,EB Oakwood DR @ Oakmount WY SW,ACTIVE,2026-09-29T19:46:12.000Z,2026-09-29T19:46:12.000Z,04aad7ff-4573-4445-801c-f5bb2ba09ae7,-114.1354263,50.9721584
5295,NB Sarcee RD @ S. of 40 AV SW,ACTIVE,2026-09-29T19:46:12.000Z,2026-09-29T19:46:12.000Z,10d27f16-9c9e-4279-840a-9b18fbde4a8a,-114.1354939,51.0168644
4657,NB Cedarille DR @ Cedarwood RI SW,ACTIVE,2026-09-29T19:46:12.000Z,2026-09-29T19:46:12.000Z,b041e8a0-eae3-4773-8165-3358d6129a64,-114.1355094,50.9534511
5664,SB Spruce DR @ Bow TR SW,ACTIVE,2026-09-29T19:46:12.000Z,2026-09-29T19:46:12.000Z,eae3d041-94ea-4f37-b38b-e9a0ef3efec2,-114.1355337,51.0422082
3711,Westbrook LRT Station,ACTIVE,2026-09-29T19:46:12.000Z,2026-09-29T19:46:12.000Z,cae4f242-39c1-434c-8feb-27bb411bc8b9,-114.1356058,51.0403462
4626,SB Spruce DR @ 8 AV SW,ACTIVE,2026-09-29T19:46:12.000Z,2026-09-29T19:46:12.000Z,d2e7c9f0-f6f0-447b-a717-77c58b60c11d,-114.1356181,51.0446793
2942,NB Shaganappi TR @ Hidden Valley DR NW,ACTIVE,2026-09-29T19:46:12.000Z,2026-09-29T19:46:12.000Z,35c4481d-01d2-449a-a9ba-077ffb3530e3,-114.1356218,51.1477859
6552,WB Edgebrook DR @ Edgebrook RD NW,ACTIVE,2026-09-29T19:46:12.000Z,2026-09-29T19:46:12.000Z,ea559633-fdcc-45ac-8fb0-0ae768fbb299,-114.1357319,51.1304019
8641,WB Country Hills BV @ Edgeridge PA NW,ACTIVE,2026-09-29T19:46:12.000Z,2026-09-29T19:46:12.000Z,b19392dc-1142-4b41-a91b-ecd7815950b1,-114.1359218,51.1395721
8916,NB Spruce DR @ 3 AV SW,ACTIVE,2026-09-29T19:46:12.000Z,2026-09-29T19:46:12.000Z,fdedc557-46ba-4030-8781-0fa7096e70eb,-114.135935,51.0506417
4658,NB Cedarille DR @ Cedarwood HL SW,ACTIVE,2026-09-29T19:46:12.000Z,2026-09-29T19:46:12.000Z,d5db2e88-76ac-45e7-aea1-3008004ba878,-114.1359868,50.9561073
7458,WB 17 AV SW @ 33 ST SW,ACTIVE,2026-09-29T19:46:12.000Z,2026-09-29T19:46:12.000Z,e9948ae1-1338-4d6e-857a-8c9e20ef3a33,-114.1359932,51.0379065
4656,NB Cedarille DR @ Cedarille CR SW,ACTIVE,2026-09-29T19:46:12.000Z,2026-09-29T19:46:12.000Z,c3a32428-5a4b-4d1f-b593-f89685965c44,-114.1359991,50.9584552
4033,WB 24 AV NW @ Upton PL,ACTIVE,2026-09-29T19:46:12.000Z,2026-09-29T19:46:12.000Z,fcfc1a7d-072d-41c9-93b1-65d949f42955,-114.1360154,51.0745337
3744,Westbrook LRT Station,ACTIVE,2026-09-29T19:46:12.000Z,2026-09-29T19:46:12.000Z,40ad4f11-374d-4091-a8bb-f9c2b4390db2,-114.1360545,51.0401729
7636,WB Kincora DR @ Kincora HT NW,ACTIVE,2026-09-29T19:46:12.000Z,2026-09-29T19:46:12.000Z,52a84350-4d19-442f-8d78-0fbcd482f2f1,-114.1361264,51.155916
5280,SB Sarcee RD @ S.of 40 AV SW,ACTIVE,2026-09-29T19:46:12.000Z,2026-09-29T19:46:12.000Z,fb8a9a40-3318-4ffe-8e5c-8a222d807c6b,-114.1361574,51.0165119
5694,WB 66 AV SW @ 34 ST SW,ACTIVE,2026-09-29T19:46:12.000Z,2026-09-29T19:46:12.000Z,50405ba1-3037-4be9-a63c-2830ea0fab16,-114.1361937,50.9946373
3681,EB Hamptons DR @ Hampstead RI NW,ACTIVE,2026-09-29T19:46:12.000Z,2026-09-29T19:46:12.000Z,543b1f5e-ffef-46c3-8231-0162aee0b6f9,-114.1362151,51.1446262
5662,SB Spruce DR @ 3 AV SW,ACTIVE,2026-09-29T19:46:12.000Z,2026-09-29T19:46:12.000Z,9857b176-0efc-45f4-a04d-b6bb3c4d8fcc,-114.1362154,51.0500279
4245,WB Oakwood DR @ Oakcliffe DR SW,ACTIVE,2026-09-29T19:46:12.000Z,2026-09-29T19:46:12.000Z,67dbacbf-8e1f-41d6-8946-5e05ac53f1fb,-114.1362244,50.9663673
6348,Westbrook LRT Station (EB Bow TR @ 33 ST SW),ACTIVE,2026-09-29T19:46:12.000Z,2026-09-29T19:46:12.000Z,01c28a19-20ee-4bad-bdd5-167cb03e275a,-114.1362728,51.041469
4185,SB Cedarille DR @ Cedarwood HL SW,ACTIVE,2026-09-29T19:46:12.000Z,2026-09-29T19:46:12.000Z,197fdf23-713e-4a27-b380-5f8c77559558,-114.1363524,50.9553967
6551,NB Woodbine BV @ Woodbrook RD SW,ACTIVE,2026-09-29T19:46:12.000Z,2026-09-29T19:46:12.000Z,2005fb6c-a60e-4856-bff1-c068734297f9,-114.1363582,50.9454395
3633,EB Westbrook CTrain Station,ACTIVE,2026-09-29T19:46:12.000Z,2026-09-29T19:46:12.000Z,4c11228a-4df2-4e28-b61d-aed0a7781cfa,-114.136362,51.0404395
5816,WB Bow TR @ Spruce DR SW,ACTIVE,2026-09-29T19:46:12.000Z,2026-09-29T19:46:12.000Z,c232edf3-2329-434a-91b1-92b5e7dd796d,-114.1363763,51.0419176
6284,SB Woodbine BV @ Woodbrook RD SW,ACTIVE,2026-09-29T19:46:12.000Z,2026-09-29T19:46:12.000Z,7c3c8379-55ad-47da-9758-afff7a9e08f9,-114.1364196,50.9451351
2571,NB Lakeview DR @ 54 AV SW,ACTIVE,2026-09-29T19:46:12.000Z,2026-09-29T19:46:12.000Z,363d1dae-621e-4e84-a2df-e6094b74a1b5,-114.136485,51.0045334
4228,WB Oakwood DR @ Oakmount WY SW,ACTIVE,2026-09-29T19:46:12.000Z,2026-09-29T19:46:12.000Z,66db2074-e2f2-46a4-bd77-bb08370cc56b,-114.1365288,50.9720685
3645,Westbrook LRT Station,ACTIVE,2026-09-29T19:46:12.000Z,2026-09-29T19:46:12.000Z,e9868e19-1b26-47f5-acf9-1497bd332aab,-114.1365312,51.0407719
3632,WB Westbrook CTrain Station,ACTIVE,2026-09-29T19:46:12.000Z,2026-09-29T19:46:12.000Z,d495a724-557a-4a94-9916-839ff6b28d31,-114.1366103,51.0405535
4186,SB Cedarille DR @ Cedarille CR SW,ACTIVE,2026-09-29T19:46:12.000Z,2026-09-29T19:46:12.000Z,efd34f69-b464-43fc-9ca9-bebbb2e89f07,-114.1366151,50.9577715
5002,EB 3 AV NW @ 34 ST NW,ACTIVE,2026-09-29T19:46:12.000Z,2026-09-29T19:46:12.000Z,e62ce668-dfcb-4d14-b176-9d0e176a8dae,-114.1367356,51.0577851
7073,EB 52 AV NW @ Benton DR,ACTIVE,2026-09-29T19:46:12.000Z,2026-09-29T19:46:12.000Z,8a1e72b6-da35-4ada-96dd-546358778752,-114.1368282,51.1008992
5281,WB 40 AV NW @ 33 ST NW,ACTIVE,2026-09-29T19:46:12.000Z,2026-09-29T19:46:12.000Z,95108e76-5694-4ff5-9a24-f981f50dbbf2,-114.1368911,51.0876335
4606,SB Lakeview DR @ La Salle CR SW,ACTIVE,2026-09-29T19:46:12.000Z,2026-09-29T19:46:12.000Z,343d28fe-7990-4631-994c-7b29e93a5d95,-114.136912,51.0056556
4605,SB Lakeview DR @ 54 AV SW,ACTIVE,2026-09-29T19:46:12.000Z,2026-09-29T19:46:12.000Z,b0072fc0-8149-4c20-9dda-4e0d597fdb9d,-114.136957,51.0038596
9504,WB Hamptons DR @ Hamstead RI NW,ACTIVE,2026-09-29T19:46:12.000Z,2026-09-29T19:46:12.000Z,3111e0f0-1047-47ca-879e-361fbea4cc7e,-114.1369951,51.1448693
8633,NB Sarcee RD @ 44 AV SW,ACTIVE,2026-09-29T19:46:12.000Z,2026-09-29T19:46:12.000Z,e74cc2d5-01b6-44ea-b3ba-60ae13b5d0bc,-114.137013,51.0153545
5686,SB Richardson WY @  Richardson RD SW,ACTIVE,2026-09-29T19:46:12.000Z,2026-09-29T19:46:12.000Z,e7708bdc-54eb-4939-87a1-211fe7ba8b99,-114.1370204,51.013151
3560,EB Hospital DR @ Cal Wenzel  PH Bldg NW,ACTIVE,2026-09-29T19:46:12.000Z,2026-09-29T19:46:12.000Z,3ef1a1d6-39c9-45cb-9802-60dd6cbde04d,-114.1370872,51.0658944
7667,EB Kincora DR @ Kincora PT NW,ACTIVE,2026-09-29T19:46:12.000Z,2026-09-29T19:46:12.000Z,4999c210-9a88-456d-81bc-e477bd25b67f,-114.1371479,51.1604608
6544,SB Sarcee RD @ 44 AV SW,ACTIVE,2026-09-29T19:46:12.000Z,2026-09-29T19:46:12.000Z,0b685326-3969-4e12-b8e3-c6b8984902f9,-114.1373092,51.0154068
5014,WB 3 AV NW @ 34 ST NW,ACTIVE,2026-09-29T19:46:12.000Z,2026-09-29T19:46:12.000Z,e8e83602-7518-408e-8c3a-318e8f5bda01,-114.1373322,51.0582945
2198,EB Sage Hill DR @ Sage Hill GD NW,ACTIVE,2026-09-29T19:46:12.000Z,2026-09-29T19:46:12.000Z,6336d349-b804-43d1-bcad-bdb7098da7ad,-114.1374542,51.1710577
7955,EB Richmond RD @ Kerrydale RD SW,ACTIVE,2026-09-29T19:46:12.000Z,2026-09-29T19:46:12.000Z,0b142f53-2dcb-49c5-aec2-8233189120f8,-114.1375549,51.0234541
5682,EB Richardson WY @ Lincoln WY SW,ACTIVE,2026-09-29T19:46:12.000Z,2026-09-29T19:46:12.000Z,f1ac9511-2a81-4081-a8c2-35e58f63985b,-114.137575,51.012481
8755,EB 26 AV SW @ 35 ST SW,ACTIVE,2026-09-29T19:46:12.000Z,2026-09-29T19:46:12.000Z,c64113fd-9a8e-4914-9ac8-a9ec3652b331,-114.1376941,51.0299878
8017,EB 17 AV SW @ 35 ST SW,ACTIVE,2026-09-29T19:46:12.000Z,2026-09-29T19:46:12.000Z,63159e8a-348b-4df9-9dea-c48ec117f279,-114.1377444,51.0377335
7056,WB Northmount DR @ 34 ST NW,ACTIVE,2026-09-29T19:46:12.000Z,2026-09-29T19:46:12.000Z,96f1939e-9b04-4817-aa97-faa85050ae9a,-114.1377534,51.0961007
6398,NB Edenwold DR @ Edenwold CR NW,ACTIVE,2026-09-29T19:46:12.000Z,2026-09-29T19:46:12.000Z,454dbae3-e1e1-4ac7-bc58-a89a35b10705,-114.1378367,51.1236445
4445,EB Kincora DR @ Kincora MR NW,ACTIVE,2026-09-29T19:46:12.000Z,2026-09-29T19:46:12.000Z,3da07715-2eff-4029-8fd2-ee969f745a5f,-114.1378452,51.1565472
9578,WB Kincora DR @ Kincora GV NW,ACTIVE,2026-09-29T19:46:12.000Z,2026-09-29T19:46:12.000Z,773d6e57-da6c-4d6c-bd2f-e3a6b5196840,-114.1379245,51.1605788
2199,WB Sage Hill DR @ Sage Hill GD NW,ACTIVE,2026-09-29T19:46:12.000Z,2026-09-29T19:46:12.000Z,5fcb6a68-12d1-4296-9709-4f0725719268,-114.1379377,51.1718206
2572,WB Lakeview DR @ N. of La Salle CR (N. Leg) SW,ACTIVE,2026-09-29T19:46:12.000Z,2026-09-29T19:46:12.000Z,daac3a20-a0b7-46e3-8f9f-f63d32e29089,-114.13796,51.0068327
7058,EB Northmount DR @ Button RD NW,ACTIVE,2026-09-29T19:46:12.000Z,2026-09-29T19:46:12.000Z,8a14e96e-72f2-4c98-9afc-aaae4030f672,-114.1380766,51.0959557
3966,WB 32 AV NW @ Collegiate BV,ACTIVE,2026-09-29T19:46:12.000Z,2026-09-29T19:46:12.000Z,d5bbacbd-b2cd-4e74-8221-22ce550e8807,-114.1380864,51.0815995
7082,SB  Edenwold DR @ Edcath RI NW,ACTIVE,2026-09-29T19:46:12.000Z,2026-09-29T19:46:12.000Z,5efb2634-23eb-435b-a68a-a1624dd606e5,-114.1381255,51.1235976
4282,NB Bow TR SW @ Westbrook Mall Overpass,ACTIVE,2026-09-29T19:46:12.000Z,2026-09-29T19:46:12.000Z,1ede79e0-f732-4db1-b278-f520d9a67123,-114.138128,51.0435446
3464,SB Sage Hill GD @ Sage Hill DR,ACTIVE,2026-09-29T19:46:12.000Z,2026-09-29T19:46:12.000Z,70f55cc7-16c0-4159-86e4-d9f1bfc97bd3,-114.1382516,51.171142
4043,EB 40 AV NW @ 36 ST NW,ACTIVE,2026-09-29T19:46:12.000Z,2026-09-29T19:46:12.000Z,d66d265d-a4d8-4934-bb31-5c65bee62222,-114.1382665,51.0871006
7072,WB 52 AV NW @ Beaver RD,ACTIVE,2026-09-29T19:46:12.000Z,2026-09-29T19:46:12.000Z,21351eac-9bef-4991-b25d-3fe3d2751d01,-114.1382908,51.101043
7080,NB Edgebrook DR @ Edgemont BV NW,ACTIVE,2026-09-29T19:46:12.000Z,2026-09-29T19:46:12.000Z,87754061-c0bf-4acd-8276-d61d49aa5be4,-114.138336,51.1285139
7638,NB Kincora DR @ Kincora MR NW,ACTIVE,2026-09-29T19:46:12.000Z,2026-09-29T19:46:12.000Z,9836a28b-33f1-4572-aa99-27668c577aea,-114.1383478,51.1570003
8631,NB Edenwold DR @ Edenwold CR NW,ACTIVE,2026-09-29T19:46:12.000Z,2026-09-29T19:46:12.000Z,5cac6634-e9d3-4788-acc2-11253a45699c,-114.1383504,51.1252761
7079,NB Edenwold DR @ Edforth WY NW,ACTIVE,2026-09-29T19:46:12.000Z,2026-09-29T19:46:12.000Z,32ca4a87-29d6-4a26-aa20-6d2030bd3aff,-114.1383961,51.1266175
6893,EB Edgevalley WY @ Edgevalley CL NW,ACTIVE,2026-09-29T19:46:12.000Z,2026-09-29T19:46:12.000Z,f8de937c-6fea-40c7-9e2c-5ed69848bdc4,-114.1384311,51.1343717
6514,SB Bow TR @ Westbrook Mall Overpass,ACTIVE,2026-09-29T19:46:12.000Z,2026-09-29T19:46:12.000Z,87e6e931-eb23-4c25-ab61-f86d3ca5adca,-114.1385205,51.0431944
6684,NB Sarcee RD @ Richardson WY SW,ACTIVE,2026-09-29T19:46:12.000Z,2026-09-29T19:46:12.000Z,36dd6667-dfcd-4d4e-be50-94d79e7bc81e,-114.1385394,51.0132602
6426,NB Oakwood DR @ 93 AV SW,ACTIVE,2026-09-29T19:46:12.000Z,2026-09-29T19:46:12.000Z,d1cff226-a762-4327-918d-807639b1a554,-114.1386228,50.9709145
6312,WB Richmond RD @ Kerrydale RD SW,ACTIVE,2026-09-29T19:46:12.000Z,2026-09-29T19:46:12.000Z,6bb798a5-e251-4d5f-8c53-6af6d770ae97,-114.1386635,51.0232834
7459,WB 17 AV SW @ 35 ST SW,ACTIVE,2026-09-29T19:46:12.000Z,2026-09-29T19:46:12.000Z,d34d818e-dde4-4f73-9cff-3a3e21c65266,-114.1387617,51.0378934
7086,SB Edgebrook DR@ Edgebank CI NW,ACTIVE,2026-09-29T19:46:12.000Z,2026-09-29T19:46:12.000Z,b4719c0e-12d2-47a9-94d4-df743df09f12,-114.1387747,51.1283537
7083,SB  Edenwold DR @ Edgemont BV NW,ACTIVE,2026-09-29T19:46:12.000Z,2026-09-29T19:46:12.000Z,da47b4d3-757a-4614-90f5-4de017731333,-114.1388056,51.1266995
4227,SB Oakwood DR @ 93 AV SW,ACTIVE,2026-09-29T19:46:12.000Z,2026-09-29T19:46:12.000Z,8afdf334-8930-460d-b433-64923f2f618d,-114.1388491,50.9702455
5311,WB 26 AV SW@ 35 ST SW,ACTIVE,2026-09-29T19:46:12.000Z,2026-09-29T19:46:12.000Z,2c7cf98a-a80f-4f45-a1a2-b6140aba2d89,-114.1388691,51.0301335
4244,NB Oakwood DR @ Oakmount DR SW,ACTIVE,2026-09-29T19:46:12.000Z,2026-09-29T19:46:12.000Z,25be4875-4c72-4f50-8b9e-2b204ea1c8ce,-114.138973,50.9678136
6683,SB Sarcee RD @ 45 AV SW,ACTIVE,2026-09-29T19:46:12.000Z,2026-09-29T19:46:12.000Z,cb34810c-0727-4d6b-9fa3-32ed5cff886e,-114.1389989,51.0132085
3954,WB 3 AV NW @ 34A ST NW,ACTIVE,2026-09-29T19:46:12.000Z,2026-09-29T19:46:12.000Z,cee3f44c-1b8a-4dc6-8a5b-8ee87c720b23,-114.1390501,51.0591371
7077,EB Edenwold DR @ Edelweiss RD NW,ACTIVE,2026-09-29T19:46:12.000Z,2026-09-29T19:46:12.000Z,992f1a18-19ae-4dd0-ac19-84eda5cc625b,-114.1390666,51.1208593
3682,EB Hamptons DR @ Hamptons LI NW,ACTIVE,2026-09-29T19:46:12.000Z,2026-09-29T19:46:12.000Z,2e8bdc6e-fe13-402a-b1e0-f3ac2b4444d7,-114.1392349,51.1451841
6435,SB Oakwood DR @ Oakmount DR SW,ACTIVE,2026-09-29T19:46:12.000Z,2026-09-29T19:46:12.000Z,20235053-8464-4e74-a5a2-7347bdb58413,-114.1394285,50.9673093
3765,Sarcee Road Station (WB),ACTIVE,2026-09-29T19:46:12.000Z,2026-09-29T19:46:12.000Z,d0eb6622-6593-4cdb-8ff4-8d95fd110652,-114.1394323,51.0125841
5410,WB 24 AV NW @ Ulrich RD,ACTIVE,2026-09-29T19:46:12.000Z,2026-09-29T19:46:12.000Z,ca7af7ae-794a-4529-983c-7a70aedf5219,-114.1395433,51.0744897
2600,EB Symons Valley PY @ 37 ST NW,ACTIVE,2026-09-29T19:46:12.000Z,2026-09-29T19:46:12.000Z,aad137af-a2b9-49b0-a3c4-ea5e099853f2,-114.139597,51.1677839
6894,WB Edgevalley WY @ Edgevalley CL NW,ACTIVE,2026-09-29T19:46:12.000Z,2026-09-29T19:46:12.000Z,a34865ea-a570-4eec-9c8c-3f669395ac58,-114.1398155,51.1339469
9505,NB Hamptons DR @ Hamptons HT NW,ACTIVE,2026-09-29T19:46:12.000Z,2026-09-29T19:46:12.000Z,6d10781a-3c47-4dae-9a23-e15893ff2697,-114.1398567,51.1457669
7057,WB Northmount DR @ Boulton RD NW,ACTIVE,2026-09-29T19:46:12.000Z,2026-09-29T19:46:12.000Z,60d79565-ebf1-4883-a46a-77abeecee369,-114.1399247,51.0960999
5945,EB 52 AV NW @ Brenner DR,ACTIVE,2026-09-29T19:46:12.000Z,2026-09-29T19:46:12.000Z,05329165-2cf1-47ab-9562-48e03d21ac9e,-114.1399286,51.1008942
5494,EB Northmount DR @ Boulton RD NW,ACTIVE,2026-09-29T19:46:12.000Z,2026-09-29T19:46:12.000Z,e1919adc-39b1-4d69-8643-57e4a8deb5f4,-114.1399763,51.0959573
4597,WB 66 AV SW @ Lethbridge CR,ACTIVE,2026-09-29T19:46:12.000Z,2026-09-29T19:46:12.000Z,cb3d9f0c-8c15-4ff6-8051-a5a45fd20b3d,-114.1401847,50.9946362
5689,EB Lakeview DR @ 37 ST SW,ACTIVE,2026-09-29T19:46:12.000Z,2026-09-29T19:46:12.000Z,2f6202f7-cd22-4a1e-b1c8-e03422f09634,-114.1403306,51.0066299
7175,EB Bow TR @ 37 ST SW,ACTIVE,2026-09-29T19:46:12.000Z,2026-09-29T19:46:12.000Z,183656a1-8685-4290-abc9-66c6eb067652,-114.1404123,51.0446799
9067,EB Richmond RD @ 37 ST SW,ACTIVE,2026-09-29T19:46:12.000Z,2026-09-29T19:46:12.000Z,32889d1f-4602-4754-8209-06ba8045bf1f,-114.1404621,51.0225629
5656,WB Bow TR @ 37 ST SW,ACTIVE,2026-09-29T19:46:12.000Z,2026-09-29T19:46:12.000Z,abcbaf64-9917-4897-97c8-b3b940d97c62,-114.1404622,51.045004
4035,EB 24 AV NW @ Collegiate RD,ACTIVE,2026-09-29T19:46:12.000Z,2026-09-29T19:46:12.000Z,898b2c47-31c4-4c6d-a51b-317ec7f4d9af,-114.1404719,51.0742264
3747,Sarcee Road Station (EB),ACTIVE,2026-09-29T19:46:12.000Z,2026-09-29T19:46:12.000Z,e65fbe0e-17fe-484a-b602-0ce6b176ef1c,-114.1404992,51.0123475
5319,EB 26 AV SW@ 37 ST SW,ACTIVE,2026-09-29T19:46:12.000Z,2026-09-29T19:46:12.000Z,467bb7d0-52ed-415c-a8dc-07f0ed33055b,-114.1405043,51.0299847
5133,EB 17 AV SW @ 37 ST SW,ACTIVE,2026-09-29T19:46:12.000Z,2026-09-29T19:46:12.000Z,f7d6a848-24e9-4a82-9c67-96f96ece2559,-114.1405403,51.0377391
5425,EB 40 AV NW@ 37 ST NW,ACTIVE,2026-09-29T19:46:12.000Z,2026-09-29T19:46:12.000Z,9aaca4af-ca36-4ab7-b5bc-3cc0c4f86ee5,-114.1405474,51.0873993
4107,EB 32 AV NW @ 37 ST NW,ACTIVE,2026-09-29T19:46:12.000Z,2026-09-29T19:46:12.000Z,990f0d1d-b464-4004-b26c-464f957fd0cb,-114.1405918,51.0813559
7022,EB 3 AV NW @ 37 ST NW,ACTIVE,2026-09-29T19:46:12.000Z,2026-09-29T19:46:12.000Z,83aa99e0-c327-4fa4-84be-046052145d8f,-114.1405993,51.0597057
2253,EB 58 AV @ 37 ST SW,ACTIVE,2026-09-29T19:46:12.000Z,2026-09-29T19:46:12.000Z,c5b02c38-6e06-476c-9b6d-30ced0c9e7b1,-114.140611,51.0008675
6614,EB 32 AV NW @ 37 ST NW,ACTIVE,2026-09-29T19:46:12.000Z,2026-09-29T19:46:12.000Z,735d0e49-107b-4fe5-98f9-f7aab278768b,-114.1406198,51.0813656
4628,EB Spruce DR @ 37 ST SW,ACTIVE,2026-09-29T19:46:12.000Z,2026-09-29T19:46:12.000Z,0d13c75b-55cf-4822-bdfa-47102a2a86a2,-114.1406609,51.0522236
4594,NB 37 ST SW @ 54 AV SW,ACTIVE,2026-09-29T19:46:12.000Z,2026-09-29T19:46:12.000Z,b445db15-b036-44d9-9394-fa8e8d602e14,-114.1408996,51.004566
4595,NB 37 ST SW @ 61 AV SW,ACTIVE,2026-09-29T19:46:12.000Z,2026-09-29T19:46:12.000Z,cfde289d-377e-4d1b-8a4c-2c6d8bac1ef1,-114.1409108,50.9990525
4596,NB 37 ST SW @ Law DR,ACTIVE,2026-09-29T19:46:12.000Z,2026-09-29T19:46:12.000Z,be44478d-b1fe-4f92-ad41-c6022320475d,-114.1409177,50.9966241
5695,NB 37 ST SW @ 58 AV SW,ACTIVE,2026-09-29T19:46:12.000Z,2026-09-29T19:46:12.000Z,dda3013c-01d3-4097-823d-73e2fbbe6fe1,-114.1409228,51.0011756
5312,WB 26 AV SW@ 37 ST SW,ACTIVE,2026-09-29T19:46:12.000Z,2026-09-29T19:46:12.000Z,f90fcca3-c917-4124-93e3-189662ba7f8c,-114.1409513,51.0301395
3766,Richmond Road Station (NB),ACTIVE,2026-09-29T19:46:12.000Z,2026-09-29T19:46:12.000Z,a61151bc-ab5b-41ce-8d21-3aad22e51c9a,-114.1409874,51.0222088
6344,NB 37 ST SW @ RICHMOND RD,ACTIVE,2026-09-29T19:46:12.000Z,2026-09-29T19:46:12.000Z,a14f22e7-865c-41af-b410-cb3b999ed2df,-114.1409969,51.0222162
1978,WB Alpine AV SW @ 37 ST SW,ACTIVE,2026-09-29T19:46:12.000Z,2026-09-29T19:46:12.000Z,236d89d7-4d59-4a7c-b5ac-5fa6a821eb48,-114.1410139,50.9160017
5893,NB 37 ST SW @ 30 AV SW,ACTIVE,2026-09-29T19:46:12.000Z,2026-09-29T19:46:12.000Z,8e334574-a6c2-4912-ae71-563fac6a46bc,-114.1410143,51.0272627
7460,NB 37 ST SW @ 13 AV SW,ACTIVE,2026-09-29T19:46:12.000Z,2026-09-29T19:46:12.000Z,d8811b21-00e5-4976-b744-2ca96e57fc58,-114.1410206,51.0417535
6346,NB 37 ST SW @ 17 AV SW,ACTIVE,2026-09-29T19:46:12.000Z,2026-09-29T19:46:12.000Z,1d10d39e-845f-46d0-9c03-dbd7e7fed27a,-114.1410402,51.038192
3767,26th Avenue SW Station (NB),ACTIVE,2026-09-29T19:46:12.000Z,2026-09-29T19:46:12.000Z,34b5cba8-ecc5-470a-8add-c7ca483c3b7c,-114.1410432,51.0302686
9076,NB 37 ST SW @ 41 AV SW,ACTIVE,2026-09-29T19:46:12.000Z,2026-09-29T19:46:12.000Z,5155db9f-7589-463e-bc42-4fc863701c70,-114.1410518,51.01808
7312,NB 37 ST SW @ 45 AV SW,ACTIVE,2026-09-29T19:46:12.000Z,2026-09-29T19:46:12.000Z,54de665b-827b-480d-9838-a7552d5f4c07,-114.1410547,51.0150218
6343,NB 37 ST SW @ 46 AV SW,ACTIVE,2026-09-29T19:46:12.000Z,2026-09-29T19:46:12.000Z,31a10293-6f59-4d4f-b5f4-5e450ddc7b5b,-114.1410564,51.0129081
7413,NB 37 ST SW @ 19 AV SW,ACTIVE,2026-09-29T19:46:12.000Z,2026-09-29T19:46:12.000Z,cc1b8516-7579-47eb-9382-23ec74b90ca8,-114.1410702,51.0365467
6345,NB 37 ST SW @ 23 AV SW,ACTIVE,2026-09-29T19:46:12.000Z,2026-09-29T19:46:12.000Z,d7ea85ba-fb99-41eb-a8fb-322d12d5ca27,-114.1410737,51.0334796
2992,NB 37 ST NW @ Kincora Glen RD NW,ACTIVE,2026-09-29T19:46:12.000Z,2026-09-29T19:46:12.000Z,ccef55ac-1003-4d20-9efb-e643836f42cf,-114.141076,51.1653376
5474,NB Northland DR @ Northmount DR NW,ACTIVE,2026-09-29T19:46:12.000Z,2026-09-29T19:46:12.000Z,e5a8dffb-eba5-44cc-8175-3fa8001fee9a,-114.141077,51.0964069
6862,NB Northland DR @ N. of Northmount DR NW,ACTIVE,2026-09-29T19:46:12.000Z,2026-09-29T19:46:12.000Z,eaf4c6c7-b96c-4c99-ba96-19e69c8d8d41,-114.1410778,51.0977832
5949,NB 37 ST NW @ 40 AV NW,ACTIVE,2026-09-29T19:46:12.000Z,2026-09-29T19:46:12.000Z,9bb75f3f-0c66-4a60-a9bf-b81b341c9258,-114.1410807,51.088015
6553,WB Edenwold DR @ Edcath RI NW,ACTIVE,2026-09-29T19:46:12.000Z,2026-09-29T19:46:12.000Z,33d4eb33-6b5c-4786-a60e-af138f58f181,-114.1410809,51.1208726
5598,NB Northland DR @ 52 AV NW,ACTIVE,2026-09-29T19:46:12.000Z,2026-09-29T19:46:12.000Z,573110c9-9b0a-4a8a-89e3-fcb5ee5bff22,-114.1410909,51.0996544
6851,NB Northland DR @ N. of Northmount DR NW,ACTIVE,2026-09-29T19:46:12.000Z,2026-09-29T19:46:12.000Z,2789327b-d406-4339-b716-a65db84837ca,-114.1410977,51.0983863
2573,SB 37 ST @ 54 AV SW,ACTIVE,2026-09-29T19:46:12.000Z,2026-09-29T19:46:12.000Z,755beb94-1965-4e7b-8826-4535b9ce9fc7,-114.1411851,51.0042114
6369,SB 37 ST SW @ Bow TR,ACTIVE,2026-09-29T19:46:12.000Z,2026-09-29T19:46:12.000Z,03b66aa1-82a4-4994-aee2-8625eafa199c,-114.1412473,51.044211
4281,SB 37 ST SW @ 13 AV SW,ACTIVE,2026-09-29T19:46:12.000Z,2026-09-29T19:46:12.000Z,1164dfcc-0407-4f53-b030-94c481daa040,-114.141279,51.0412651
6311,NB Northland DR @ 52 AV NW,ACTIVE,2026-09-29T19:46:12.000Z,2026-09-29T19:46:12.000Z,b91b285d-a80a-4883-b2ed-65352f5817f1,-114.1412938,51.1014583
2994,SB 37 ST NW @ Symons Valley PY NW,ACTIVE,2026-09-29T19:46:12.000Z,2026-09-29T19:46:12.000Z,5bbcc607-2741-4b22-878c-8160e47541f1,-114.1413041,51.1668543
6371,SB 37 ST SW @ 30 AV SW,ACTIVE,2026-09-29T19:46:12.000Z,2026-09-29T19:46:12.000Z,734a509a-14ea-4a1f-b7a3-49a519b8d5da,-114.1413126,51.0265864
3745,26th Avenue SW Station (SB),ACTIVE,2026-09-29T19:46:12.000Z,2026-09-29T19:46:12.000Z,2d126de5-82ad-4dc9-9061-6f416e7dfb2d,-114.1413179,51.0297446
3746,Richmond Road Station (SB),ACTIVE,2026-09-29T19:46:12.000Z,2026-09-29T19:46:12.000Z,1d34c649-7850-4d51-b837-af476fe9bc50,-114.1413234,51.0226353
7950,SB 37 ST SW @ 41 AV SW,ACTIVE,2026-09-29T19:46:12.000Z,2026-09-29T19:46:12.000Z,11d3917c-2e35-4930-afd0-e016c5bbc741,-114.1413326,51.0174572
8985,SB 37 ST SW @ 19 AV SW,ACTIVE,2026-09-29T19:46:12.000Z,2026-09-29T19:46:12.000Z,39e23073-71d9-4ebd-a9be-fb9a2238eba6,-114.1413374,51.0359146
9079,SB 37 ST SW @ Grafton DR,ACTIVE,2026-09-29T19:46:12.000Z,2026-09-29T19:46:12.000Z,8e9b1849-5ffc-41aa-ae97-a84f3a06ae41,-114.1413485,51.0144174
8986,SB 37 ST SW @ 23 AV SW,ACTIVE,2026-09-29T19:46:12.000Z,2026-09-29T19:46:12.000Z,a3fae067-0bef-4698-a2b8-c2e78ad330e4,-114.1413556,51.0328389
4280,SB 37 ST SW @ 17 AV SW,ACTIVE,2026-09-29T19:46:12.000Z,2026-09-29T19:46:12.000Z,67648889-5669-4db9-8e83-98dc6f4e7223,-114.141365,51.0374822
4730,SB Sage Hill DR @ Sage Hill WY NW,ACTIVE,2026-09-29T19:46:12.000Z,2026-09-29T19:46:12.000Z,44895e7e-11eb-481e-9240-bec8f828ae69,-114.1413658,51.1784813
9762,NB Northland DR NW @ N. of 52 AV NW,ACTIVE,2026-09-29T19:46:12.000Z,2026-09-29T19:46:12.000Z,bb104512-67f8-4a42-a053-aa85ad88e4f6,-114.1413716,51.1015861
4729,SB Sage Hill DR @ 144 AV NW,ACTIVE,2026-09-29T19:46:12.000Z,2026-09-29T19:46:12.000Z,afda5cb9-86db-4684-b3c2-31d7ff833266,-114.1413795,51.1824213
6372,SB 37 ST SW @ Richmond RD,ACTIVE,2026-09-29T19:46:12.000Z,2026-09-29T19:46:12.000Z,581f7cc9-2100-4043-b2f6-e8bdf4d23665,-114.1414107,51.0217496
3989,SB 37 ST NW @ Varsity DR,ACTIVE,2026-09-29T19:46:12.000Z,2026-09-29T19:46:12.000Z,1dfc67d8-c681-4ebc-a3f9-6261312a8ed9,-114.1414715,51.0883933
5492,SB Northland DR @ Northmount DR NW,ACTIVE,2026-09-29T19:46:12.000Z,2026-09-29T19:46:12.000Z,9041d44e-0727-4602-9cc1-48d8e7a376c4,-114.1415175,51.0955183
5491,SB Northland DR @ 52 AV NW,ACTIVE,2026-09-29T19:46:12.000Z,2026-09-29T19:46:12.000Z,edcc2277-8610-48cb-9950-cf4a7bae8566,-114.1415287,51.1004296
7103,SB Northland DR @ N. of Northmount DR NW,ACTIVE,2026-09-29T19:46:12.000Z,2026-09-29T19:46:12.000Z,24f72ca2-ebe2-4681-9b8f-efe03f759dd5,-114.141598,51.0983805
5486,WB 32 AV NW @ 37 ST NW,ACTIVE,2026-09-29T19:46:12.000Z,2026-09-29T19:46:12.000Z,aa0815c2-7866-4e03-a204-e27dbc53a2bf,-114.1416309,51.0816422
7021,WB Bowness RD @ 37 ST NW,ACTIVE,2026-09-29T19:46:12.000Z,2026-09-29T19:46:12.000Z,45a4684e-214d-47e3-bccf-7d3ef3bb4017,-114.1416387,51.0604418
3988,WB Varsity DR @ 37 ST NW,ACTIVE,2026-09-29T19:46:12.000Z,2026-09-29T19:46:12.000Z,b986dd29-96f7-40af-88bc-9e5292228fd9,-114.1417245,51.0891551
8917,WB Spruce DR @ 37 ST SW,ACTIVE,2026-09-29T19:46:12.000Z,2026-09-29T19:46:12.000Z,99eb07a2-1bfe-482e-9c02-7e78078f380f,-114.1417953,51.0523413
6527,WB Richmond RD @ 37 ST SW,ACTIVE,2026-09-29T19:46:12.000Z,2026-09-29T19:46:12.000Z,775f565c-ff2a-44fe-880a-23ac066d1014,-114.1418157,51.0223532
2982,EB Sage Hill LI NW @ 37 ST NW,ACTIVE,2026-09-29T19:46:12.000Z,2026-09-29T19:46:12.000Z,d3edb8f6-d42a-40bc-8eef-4c27c3d76c19,-114.1418307,51.1722396
6539,WB 46 AV SW @ 37 ST SW,ACTIVE,2026-09-29T19:46:12.000Z,2026-09-29T19:46:12.000Z,8371093b-dd93-4889-85c4-f11b034b20ce,-114.1418347,51.0125404
3416,WB Sage Valley Blvd @ Sage Hill Dr NW,ACTIVE,2026-09-29T19:46:12.000Z,2026-09-29T19:46:12.000Z,4ee13a7e-1f1e-408f-8daa-12583890b2f5,-114.1422083,51.1760122
2746,37 ST @ Richmond RD SB nearside,ACTIVE,2026-09-29T19:46:12.000Z,2026-09-29T19:46:12.000Z,f1289ac5-d956-4f9c-a495-8e3da2d53e42,-114.1423082,51.0238053
3493,WB Sage Hill Ga @ 37 St NW,ACTIVE,2026-09-29T19:46:12.000Z,2026-09-29T19:46:12.000Z,a1dd7ecb-ba8a-4523-8efb-61df97736bea,-114.1423794,51.1709803
5130,WB 17 AV SW @ 38 ST SW,ACTIVE,2026-09-29T19:46:12.000Z,2026-09-29T19:46:12.000Z,fc7e69d9-c8c4-4f8d-96cd-65dec9f38c58,-114.1424584,51.037867
2570,NB Grey Eagle Blvd @ Grey Eagle Dr SW,ACTIVE,2026-09-29T19:46:12.000Z,2026-09-29T19:46:12.000Z,a66776b9-f3b0-4715-a312-fdfc8407f09b,-114.1425115,51.0039237
3494,EB Sage Hill GA @  W. of 37 St NW,ACTIVE,2026-09-29T19:46:12.000Z,2026-09-29T19:46:12.000Z,86bc09be-bd6a-4a1c-af87-3923aa399dee,-114.1425171,51.1707192
1706,EB Kincora Glen RD @ Kincora ST NW,ACTIVE,2026-09-29T19:46:12.000Z,2026-09-29T19:46:12.000Z,f9475c9b-6f27-48f3-af8f-4e96f2d7d1bf,-114.1427108,51.1653902
8776,EB 26 AV SW @ Glenpark CR,ACTIVE,2026-09-29T19:46:12.000Z,2026-09-29T19:46:12.000Z,f55b7137-e426-4b2a-9003-7fd0e4cba418,-114.1428049,51.0303828
9141,EB Bowness RD @ Point DR NW SLeg,ACTIVE,2026-09-29T19:46:12.000Z,2026-09-29T19:46:12.000Z,6d71c8f1-0745-46ef-81d5-aaf07b63bbf1,-114.1428681,51.0606427
4071,EB 40 AV NW @ Vardell RD NW,ACTIVE,2026-09-29T19:46:12.000Z,2026-09-29T19:46:12.000Z,57cd0a6f-0adf-4a5c-a1d0-4971e7a89753,-114.1428788,51.0878071
2566,SB Grey Eagle Blvd @ Grey Eagle Dr SW,ACTIVE,2026-09-29T19:46:12.000Z,2026-09-29T19:46:12.000Z,5f679180-9ffb-44d5-8ebe-ffe804295b8f,-114.1429626,51.0042163
5415,WB 40 AV NW @ Vardell RD,ACTIVE,2026-09-29T19:46:12.000Z,2026-09-29T19:46:12.000Z,d66fa2ff-52c5-4ee4-b099-605e36414f1e,-114.1431457,51.0881105
1701,WB Kincora Glen RD @ Kincora Glen PA NW,ACTIVE,2026-09-29T19:46:12.000Z,2026-09-29T19:46:12.000Z,c03fb8d1-8168-4f9e-beb3-6b1ff7d12394,-114.1431865,51.16591
9618,EB 24 AV NW @ West Campus PL,ACTIVE,2026-09-29T19:46:12.000Z,2026-09-29T19:46:12.000Z,3cb8c530-6d16-4ed7-be05-3cab603dd186,-114.1432968,51.0740761
3683,EB Hamptons DR @ Hamptons HT NW,ACTIVE,2026-09-29T19:46:12.000Z,2026-09-29T19:46:12.000Z,aa806bbc-c4e4-40c7-b7b1-f17c48217e46,-114.1433246,51.1476614
2065,SB Shaganappi TR @ Sherwood GA NW,ACTIVE,2026-09-29T19:46:12.000Z,2026-09-29T19:46:12.000Z,c577520b-3177-4877-ada3-d610bd16e6d2,-114.1433481,51.1626714
4159,EB 46 AV SW @ Glacier DR,ACTIVE,2026-09-29T19:46:12.000Z,2026-09-29T19:46:12.000Z,3f602e27-4ea7-4f3c-ae25-a5a467793932,-114.1435565,51.0123666
3990,EB Varsity DR @ Vancouver CR NW,ACTIVE,2026-09-29T19:46:12.000Z,2026-09-29T19:46:12.000Z,c04e22e5-a533-4f56-9c34-87188925430a,-114.1436009,51.0899925
2064,NB Shaganappi Tr @ Sherwood Ga NW,ACTIVE,2026-09-29T19:46:12.000Z,2026-09-29T19:46:12.000Z,dd1da989-d606-4274-b232-50aa54db1cf2,-114.1436905,51.1636583
4842,WB Bowness RD @ Veteran's WY NW,ACTIVE,2026-09-29T19:46:12.000Z,2026-09-29T19:46:12.000Z,6c4764d4-f0ea-4982-a3d9-863034fb62be,-114.1436966,51.0613286
7078,SB Edenwold DR @ Edenstone RD NW,ACTIVE,2026-09-29T19:46:12.000Z,2026-09-29T19:46:12.000Z,94522328-861c-4966-b626-58ffd958d11c,-114.1437458,51.1216933
4028,WB 24 AV NW @ Collegiate RD,ACTIVE,2026-09-29T19:46:12.000Z,2026-09-29T19:46:12.000Z,3da89e9f-1515-47ef-8e3d-61addb4feb7f,-114.1437989,51.0743609
7463,EB Bow TR @ 40 ST SW,ACTIVE,2026-09-29T19:46:12.000Z,2026-09-29T19:46:12.000Z,52c01617-167b-4bb8-b122-8ecf2b95402a,-114.1440151,51.0459554
9506,WB Hamptons DR @ Hamptons HT NW,ACTIVE,2026-09-29T19:46:12.000Z,2026-09-29T19:46:12.000Z,3bf0ffa1-bcb4-4065-9e64-c5c720c4b791,-114.1440426,51.1481449
3987,WB Varsity DR @ Vancouver CR NW,ACTIVE,2026-09-29T19:46:12.000Z,2026-09-29T19:46:12.000Z,61eecd97-5d47-4b97-bc0c-3aabdde84df6,-114.14413,51.0904462
7084,NB Edenwold DR @ Edenstone RD NW,ACTIVE,2026-09-29T19:46:12.000Z,2026-09-29T19:46:12.000Z,f3accb12-c5ae-495c-88b6-4d318c477cfe,-114.144207,51.1223252
5445,EB 32 AV NW @ 39 ST NW,ACTIVE,2026-09-29T19:46:12.000Z,2026-09-29T19:46:12.000Z,2bb41736-cf57-425e-919b-592b9d9d9852,-114.1442327,51.081364
8785,WB 26 AV SW @ Kelwood CR,ACTIVE,2026-09-29T19:46:12.000Z,2026-09-29T19:46:12.000Z,61b979b4-5686-4b4c-ace9-ce6baa582da7,-114.1442745,51.0306076
8918,WB Spruce DR @ Wellington PL SW,ACTIVE,2026-09-29T19:46:12.000Z,2026-09-29T19:46:12.000Z,d531646f-448e-4e3c-908a-e3317ba23734,-114.1445203,51.052354
6530,EB Richmond RD @ Glenway DR SW,ACTIVE,2026-09-29T19:46:12.000Z,2026-09-29T19:46:12.000Z,a647d3f6-e0e0-4986-9319-152ee37f57c7,-114.1445247,51.0212052
8659,WB 17 AV SW @ 39 ST SW,ACTIVE,2026-09-29T19:46:12.000Z,2026-09-29T19:46:12.000Z,5394e938-2c2e-44a1-9680-c71536312c93,-114.1446216,51.0378596
6913,WB Bow TR @ 40 ST SW,ACTIVE,2026-09-29T19:46:12.000Z,2026-09-29T19:46:12.000Z,0f24fca0-6ac3-4d74-a4c0-9fcff0cc0b9b,-114.1446462,51.0463666
2804,NB 39 ST NW @ University AV,ACTIVE,2026-09-29T19:46:12.000Z,2026-09-29T19:46:12.000Z,44346b3f-1535-49a3-b213-55c74f168dfc,-114.1446966,51.0787489
6890,EB Edgevalley WY @ E. of Edgevalley DR NW,ACTIVE,2026-09-29T19:46:12.000Z,2026-09-29T19:46:12.000Z,0a7e14e0-f729-4d91-b2b9-3a0dba1d32e2,-114.1447031,51.1318897
4629,EB Spruce DR @ 40 ST SW,ACTIVE,2026-09-29T19:46:12.000Z,2026-09-29T19:46:12.000Z,97efe83d-1dfa-4166-b57d-550ee8e7c706,-114.1447862,51.0522076
3687,NB  Hamptons BV @ Hampstead WY NW,ACTIVE,2026-09-29T19:46:12.000Z,2026-09-29T19:46:12.000Z,234a2a18-411c-44f8-81a6-70d0939baeac,-114.1448448,51.1412683
6885,NB Edgevalley DR @ Edgemont BV NW,ACTIVE,2026-09-29T19:46:12.000Z,2026-09-29T19:46:12.000Z,7c4b2495-4fc5-4137-81f0-855a1e6342a7,-114.1448643,51.1276572
7085,NB  Edenwold DR @ Edforth CR NW,ACTIVE,2026-09-29T19:46:12.000Z,2026-09-29T19:46:12.000Z,c39b280b-e317-448d-ac28-95b0b121aac3,-114.1449299,51.1242768
6397,SB Edenwold DR @ Edgemont BV NW,ACTIVE,2026-09-29T19:46:12.000Z,2026-09-29T19:46:12.000Z,c6ab4750-a501-4107-a2c0-44da685ef61f,-114.1449308,51.1265794
9509,EB Country Hills BV @ Edgeridge GA NW,ACTIVE,2026-09-29T19:46:12.000Z,2026-09-29T19:46:12.000Z,e55f31e9-a5af-4ffc-b8f1-53570f88b838,-114.1450287,51.1384278
2983,NB Sage Hill BV @ Sage Hill RD NW,ACTIVE,2026-09-29T19:46:12.000Z,2026-09-29T19:46:12.000Z,7baf4815-946a-4a23-a966-00322c520e30,-114.1450512,51.1741892
9619,WB 24 AV NW @ Mclaurin ST NW,ACTIVE,2026-09-29T19:46:12.000Z,2026-09-29T19:46:12.000Z,adddd1ee-98b6-494d-a839-29cb20e47f11,-114.1451065,51.0739018
3529,SB University BV @ Pathway NW,ACTIVE,2026-09-29T19:46:12.000Z,2026-09-29T19:46:12.000Z,80ae7659-d804-423a-9b94-ba83344072f6,-114.1451316,51.0689031
4037,SB 39 ST NW @ 32 AV NW,ACTIVE,2026-09-29T19:46:12.000Z,2026-09-29T19:46:12.000Z,dfa22669-6a4b-4342-94bb-884c86bbc96e,-114.1451335,51.0806736
6068,SB Edenwold DR @ Edendale WY NW,ACTIVE,2026-09-29T19:46:12.000Z,2026-09-29T19:46:12.000Z,1b75fec1-fd9a-493b-bab7-47fcec102fd4,-114.1452,51.1243014
2993,SB Sage Hill BV @ N. of Sage Hill RD NW,ACTIVE,2026-09-29T19:46:12.000Z,2026-09-29T19:46:12.000Z,6e3d5fdf-03ee-42ae-9a67-271c6a342c3c,-114.1454026,51.1741294
3528,NB University BV NW @ Pathway,ACTIVE,2026-09-29T19:46:12.000Z,2026-09-29T19:46:12.000Z,963888c9-f17c-4b8a-bb08-85e49ac39b8b,-114.1454071,51.0694135
7095,WB 32 AV NW @ 39 ST NW,ACTIVE,2026-09-29T19:46:12.000Z,2026-09-29T19:46:12.000Z,ae4e66ec-6788-48ec-870f-02d62707a090,-114.1454594,51.0816189
6891,WB Edgevalley WY @ E. of Edgevalley DR NW,ACTIVE,2026-09-29T19:46:12.000Z,2026-09-29T19:46:12.000Z,dc9101df-b937-49fe-a1b4-3a1719043980,-114.1454975,51.1319901
9617,Alberta Children's Hospital Station (NB),ACTIVE,2026-09-29T19:46:12.000Z,2026-09-29T19:46:12.000Z,d6188b12-e1e1-4abf-91ce-6c2195f0ef09,-114.1456529,51.0755315
6399,WB Edgemont BV @ Edgevalley DR NW,ACTIVE,2026-09-29T19:46:12.000Z,2026-09-29T19:46:12.000Z,6eed4ebf-6188-471c-afe4-3c8741228631,-114.1457005,51.1273088
2076,EB Symons Valley PY @ Kincora GA NW,ACTIVE,2026-09-29T19:46:12.000Z,2026-09-29T19:46:12.000Z,9d74347f-d523-4478-b16f-db453e5a5eb6,-114.1457015,51.1678792
5931,EB Varsity DR @ 40 ST NW,ACTIVE,2026-09-29T19:46:12.000Z,2026-09-29T19:46:12.000Z,4230a7c9-ece6-407b-a8de-5f58c88e2fac,-114.145785,51.0911702
8378,SB Hamptons BV @ Hampstead WY NW,ACTIVE,2026-09-29T19:46:12.000Z,2026-09-29T19:46:12.000Z,d7775632-426b-4c62-846e-ef0c33021254,-114.1457992,51.1410011
6889,SB  Edgevalley DR @ Edgeview DR NW,ACTIVE,2026-09-29T19:46:12.000Z,2026-09-29T19:46:12.000Z,f7617ecc-5c89-46b6-a7e8-04912e3f000a,-114.1458111,51.1287597
9080,WB 46 AV SW @ Gladeview CR,ACTIVE,2026-09-29T19:46:12.000Z,2026-09-29T19:46:12.000Z,2469d213-8ec2-46cd-bfe0-798243a60554,-114.1458546,51.0125577
7927,WB Richmond RD @ 40 ST SW,ACTIVE,2026-09-29T19:46:12.000Z,2026-09-29T19:46:12.000Z,61ceedfa-8ac7-4436-aa8c-15f853f215a3,-114.1458765,51.0210224
2195,EB Sage Hill BV @ Sage Hill PS NW,ACTIVE,2026-09-29T19:46:12.000Z,2026-09-29T19:46:12.000Z,bda6a139-0492-4463-ac07-d6a1897f4cbd,-114.1459042,51.1705034
3495,Alberta Children's Hospital Station (SB),ACTIVE,2026-09-29T19:46:12.000Z,2026-09-29T19:46:12.000Z,37092a8d-deb1-49b5-9e0d-d31a277b095b,-114.1459078,51.0753335
5036,EB Bowness RD @ Point DR NW NLeg,ACTIVE,2026-09-29T19:46:12.000Z,2026-09-29T19:46:12.000Z,35412f20-3cc4-4a0e-812e-d804cf3abad7,-114.1459301,51.0619139
2080,EB Sherwood GA @ Sherwood SQ NW,ACTIVE,2026-09-29T19:46:12.000Z,2026-09-29T19:46:12.000Z,316eecd8-f517-4013-aa3a-3dceb7ec2adc,-114.1459943,51.1629771
4732,WB Sage Valley BV @ Sage Hill VW NW,ACTIVE,2026-09-29T19:46:12.000Z,2026-09-29T19:46:12.000Z,51fee054-486f-4726-abbd-8b23b7f4dbcb,-114.1461677,51.1760352
8381,WB Country Hills BV @ Edgeridge GA NW,ACTIVE,2026-09-29T19:46:12.000Z,2026-09-29T19:46:12.000Z,a2745ec3-978a-495a-821d-9a68854b0cdb,-114.1463095,51.1387559
5219,EB 17 AV SW @ Kelwood DR,ACTIVE,2026-09-29T19:46:12.000Z,2026-09-29T19:46:12.000Z,d1396bd6-9a0c-423d-837f-ffe6cb3231c8,-114.1463343,51.0377099
4026,NB Dalton DR @ Dalton BA NW,ACTIVE,2026-09-29T19:46:12.000Z,2026-09-29T19:46:12.000Z,a58bae5e-5db6-4b0d-8e6f-cea52e2850d9,-114.1464688,51.106271
8607,NB Sherwood BV @ Sherwood PT NW,ACTIVE,2026-09-29T19:46:12.000Z,2026-09-29T19:46:12.000Z,35e08dd1-02f4-4a46-9aa7-5de5c012ae3f,-114.1465079,51.1580183
1702,WB Kincora Glen RD @ Kincora GA NW,ACTIVE,2026-09-29T19:46:12.000Z,2026-09-29T19:46:12.000Z,07d61b5e-886b-4f60-aff6-acebc6405266,-114.1465611,51.1666544
5951,WB Varsity DR @ 40 ST NW,ACTIVE,2026-09-29T19:46:12.000Z,2026-09-29T19:46:12.000Z,4c23ce1b-2c64-4d8a-aa1c-0408d55787bc,-114.1466185,51.0917842
8843,WB Bowness RD @  Point DR NW,ACTIVE,2026-09-29T19:46:12.000Z,2026-09-29T19:46:12.000Z,a53b0be0-dda6-4112-9ab7-c26f0f2bd799,-114.1466188,51.0625514
8377,EB Hamptons BV @ Hamptons TC NW,ACTIVE,2026-09-29T19:46:12.000Z,2026-09-29T19:46:12.000Z,560158a3-2343-4061-a0e4-20a78e7a5096,-114.1466863,51.1435413
4027,WB Dalhart RD @ Dalton DR NW,ACTIVE,2026-09-29T19:46:12.000Z,2026-09-29T19:46:12.000Z,6a50cd61-cc89-498c-ac57-e448aa4f7ea3,-114.1467239,51.1074646
3864,SB Sherwood BV @ Sherwood WY NW,ACTIVE,2026-09-29T19:46:12.000Z,2026-09-29T19:46:12.000Z,c997a2c3-9ee5-4179-9d50-048892055cfc,-114.1467353,51.1598947
4106,Children's Hospital (NB Childrens DR),ACTIVE,2026-09-29T19:46:12.000Z,2026-09-29T19:46:12.000Z,c3d9ae51-0b6b-4caf-a196-7b71d3304391,-114.1467468,51.0755519
6886,WB  Edgevalley DR @ Edgevalley CI NW,ACTIVE,2026-09-29T19:46:12.000Z,2026-09-29T19:46:12.000Z,76357d62-db1d-4855-8632-a38b9efa510b,-114.1468203,51.1295488
2081,WB Sherwood Ga @ Sherwood Sq NW,ACTIVE,2026-09-29T19:46:12.000Z,2026-09-29T19:46:12.000Z,56030e64-c227-4610-a6d2-68e980340958,-114.146862,51.1633571
4889,EB 144 AV NW @ Sage Valley DR NW,ACTIVE,2026-09-29T19:46:12.000Z,2026-09-29T19:46:12.000Z,1f65a2fa-8ebe-4bd7-812a-4c0a4d5479dc,-114.1468642,51.183059
4070,EB 40 AV NW @ 40 ST NW,ACTIVE,2026-09-29T19:46:12.000Z,2026-09-29T19:46:12.000Z,00cc366e-3792-4ff7-9a0b-6c92bb4e22af,-114.1469247,51.0882028
5489,EB Dalhousie DR @ Dalton DR NW,ACTIVE,2026-09-29T19:46:12.000Z,2026-09-29T19:46:12.000Z,96e5feff-5532-43d5-9793-9ee6244844db,-114.1469373,51.1033052
5490,EB Dalhousie DR @ Dalton DR NW,ACTIVE,2026-09-29T19:46:12.000Z,2026-09-29T19:46:12.000Z,117fd222-b042-499e-8ccf-c8d8ef104dc9,-114.1469373,51.1033052
8648,Children's Hospital (NB Childrens DR @ Oki DR NW),ACTIVE,2026-09-29T19:46:12.000Z,2026-09-29T19:46:12.000Z,fb17e65c-16ad-41e2-81e8-a9faac6e9b3f,-114.1469512,51.0757098
3407,SB University BV NW @ 24 AV NW,ACTIVE,2026-09-29T19:46:12.000Z,2026-09-29T19:46:12.000Z,657bc9db-d8f6-4ed7-b868-bf2ffb010994,-114.1470525,51.071536
3406,NB West Campus BV NW @ S. of 24 AV NW,ACTIVE,2026-09-29T19:46:12.000Z,2026-09-29T19:46:12.000Z,d8908af1-d5b2-48bf-b3ac-a520b4059bc5,-114.147139,51.0720095
6898,NB Edgemont DR @ Edgemont HL NW,ACTIVE,2026-09-29T19:46:12.000Z,2026-09-29T19:46:12.000Z,9167458f-877c-4e54-a740-159aea5626df,-114.1472226,51.1139799
4630,EB Spruce DR @ 42 ST SW,ACTIVE,2026-09-29T19:46:12.000Z,2026-09-29T19:46:12.000Z,0df73af2-1dd1-49bc-91db-cd86843dc1a9,-114.1473533,51.0522343
3865,NB Sherwood BV NW @ Sherwood WY NW,ACTIVE,2026-09-29T19:46:12.000Z,2026-09-29T19:46:12.000Z,6f5b5452-178f-49c2-b818-93e2ba1819f7,-114.1474067,51.1603725
4823,NB Sage Valley DR NW @ N.Leg Sage Valley PA NW,ACTIVE,2026-09-29T19:46:12.000Z,2026-09-29T19:46:12.000Z,7957b7d6-70bd-4a1b-8d9d-ab66932ee706,-114.1474091,51.1816511
3686,NB Hamptons BV @ Hamptons TC NW,ACTIVE,2026-09-29T19:46:12.000Z,2026-09-29T19:46:12.000Z,bf8ef394-fe4a-4147-9d50-4458b2c0990c,-114.1474421,51.1439231
5318,EB 26 AV SW@ 42 ST SW,ACTIVE,2026-09-29T19:46:12.000Z,2026-09-29T19:46:12.000Z,0e838c6b-69c4-4840-afc3-b7a4561690d7,-114.1474519,51.0304334
8660,WB 17 AV SW @ 41 ST SW,ACTIVE,2026-09-29T19:46:12.000Z,2026-09-29T19:46:12.000Z,0e503f26-cc1a-429f-92a8-620bfb3b535c,-114.1474661,51.0378635
5936,NB Dalton DR @ Dalhousie DR NW,ACTIVE,2026-09-29T19:46:12.000Z,2026-09-29T19:46:12.000Z,f5c6e379-a3b9-480b-a659-f7cc456c4504,-114.1474731,51.103885
5326,SB Edgemont DR @ Edgemont PL NW,ACTIVE,2026-09-29T19:46:12.000Z,2026-09-29T19:46:12.000Z,20d7158d-4f5a-440a-875f-d077bf189677,-114.1475863,51.1143396
2054,NB Kincora Ga @ Shaganappi Tr NW,ACTIVE,2026-09-29T19:46:12.000Z,2026-09-29T19:46:12.000Z,0ae5bcd1-a961-49ab-bb1d-aa09013b79e5,-114.1476084,51.1662365
4270,SB Mclaurin ST @ University AV NW,ACTIVE,2026-09-29T19:46:12.000Z,2026-09-29T19:46:12.000Z,f8b052f1-29ca-4f35-8f13-c3fe73ec03a8,-114.1476486,51.077139
7948,EB Richmond RD @ 42 ST SW,ACTIVE,2026-09-29T19:46:12.000Z,2026-09-29T19:46:12.000Z,8d1b4280-2e86-4fa0-ad8a-1a8db9b0d904,-114.1476546,51.0201664
6565,SB Dalton DR (East) @ Dalhousie DR NW,ACTIVE,2026-09-29T19:46:12.000Z,2026-09-29T19:46:12.000Z,cceecda2-d0b2-4011-8fe1-d0f9e10216db,-114.1476733,51.1029544
4160,EB 46 AV SW @ 43 ST SW,ACTIVE,2026-09-29T19:46:12.000Z,2026-09-29T19:46:12.000Z,703ec65d-5ec6-45d2-a03c-834dbdf70745,-114.1478019,51.0124254
6978,WB 40 AV NW @ 40 ST NW,ACTIVE,2026-09-29T19:46:12.000Z,2026-09-29T19:46:12.000Z,c51fbac1-044f-455d-b49f-1b1ad2594e9b,-114.1478735,51.0883339
6887,NB  Edgevalley DR @ Edgeview DR NW,ACTIVE,2026-09-29T19:46:12.000Z,2026-09-29T19:46:12.000Z,01275aa4-78dd-4ae9-a435-bcd75c460b1e,-114.1479092,51.1311315
8549,WB Sherwood BV @ Sherwood PR NW,ACTIVE,2026-09-29T19:46:12.000Z,2026-09-29T19:46:12.000Z,c790ffea-b671-485f-ac56-104ccb0ce3a0,-114.147922,51.1575851
2196,WB Symons Valley Py (128 Av NW) @ Kincora Ga NW,ACTIVE,2026-09-29T19:46:12.000Z,2026-09-29T19:46:12.000Z,15e8f978-d788-4437-bc62-80f6e5b36b9c,-114.1479695,51.1681963
6888,SB Edgevalley DR @ Edgeview DR NW,ACTIVE,2026-09-29T19:46:12.000Z,2026-09-29T19:46:12.000Z,20642b33-b8bb-4d8d-aa00-8083df37484f,-114.1480331,51.13028
5473,WB Dalhousie DR @ Dalton DR NW,ACTIVE,2026-09-29T19:46:12.000Z,2026-09-29T19:46:12.000Z,10c08685-b59d-4021-bd99-7086d4711a85,-114.1481662,51.1035331
2063,SB Shaganappi TR @ Kincora GA NW,ACTIVE,2026-09-29T19:46:12.000Z,2026-09-29T19:46:12.000Z,8e60613e-fe8c-402a-996d-c70592ea1491,-114.1481715,51.1652024
3991,EB Varsity DR @ 41 ST NW,ACTIVE,2026-09-29T19:46:12.000Z,2026-09-29T19:46:12.000Z,bbff2adc-d762-4714-8244-eb15876b2ac2,-114.1482409,51.0921117
8777,WB 26 AV SW @ Glenmount DR,ACTIVE,2026-09-29T19:46:12.000Z,2026-09-29T19:46:12.000Z,27e6a6e9-ab27-4e0f-b755-a00b8e22f7e0,-114.1485705,51.0305687
7946,WB Richmond RD @ 42 ST SW,ACTIVE,2026-09-29T19:46:12.000Z,2026-09-29T19:46:12.000Z,0d082ee0-e9cb-4e65-b694-2415ef6300c1,-114.1486788,51.0202094
2082,WB Sage Hill BV@ Sage Hill PS NW,ACTIVE,2026-09-29T19:46:12.000Z,2026-09-29T19:46:12.000Z,b3968d19-cb7a-4605-8a7a-17f82a93eb3e,-114.1486925,51.170298
6901,SB Edgemont DR @ Edgemont RD NW,ACTIVE,2026-09-29T19:46:12.000Z,2026-09-29T19:46:12.000Z,59b407e8-fa91-4bba-bacb-f73ae734facb,-114.1487338,51.1165893
4822,NB Sage Valley DR NW @ S.Leg Sage Valley PA NW,ACTIVE,2026-09-29T19:46:12.000Z,2026-09-29T19:46:12.000Z,d7532c12-9087-4f2e-8648-55b8bf1af651,-114.1487431,51.1804424
6501,EB Bow TR @ Rossmere RD SW,ACTIVE,2026-09-29T19:46:12.000Z,2026-09-29T19:46:12.000Z,7206809a-2ee4-4ba6-9ca3-37321b106c57,-114.1487595,51.0474655
2905,EB University AV @ Smith ST NW,ACTIVE,2026-09-29T19:46:12.000Z,2026-09-29T19:46:12.000Z,637b9b01-f5d0-4dbc-adc4-db7b341bc435,-114.1488469,51.077063
9508,EB Country Hills BV @ Hamptons BV NW,ACTIVE,2026-09-29T19:46:12.000Z,2026-09-29T19:46:12.000Z,17bca528-373f-45e7-a4d8-b28fba9d3c08,-114.1490462,51.1386608
2062,NB Shaganappi Tr @ Kincora Ga NW,ACTIVE,2026-09-29T19:46:12.000Z,2026-09-29T19:46:12.000Z,52364eee-df7d-43d3-8967-6bf72e8c950c,-114.1490895,51.1659048
3986,WB Varsity DR @ 41 ST NW,ACTIVE,2026-09-29T19:46:12.000Z,2026-09-29T19:46:12.000Z,c2b03ed2-80fb-4751-a080-c5d095ea9285,-114.1494749,51.0924836
6899,WB Edgemont DR @ Edgemont RD NW,ACTIVE,2026-09-29T19:46:12.000Z,2026-09-29T19:46:12.000Z,19ea8723-2d4d-4a00-950d-82aaba898cc5,-114.1495025,51.1171027
6545,WB 46 AV SW @ Galway CR,ACTIVE,2026-09-29T19:46:12.000Z,2026-09-29T19:46:12.000Z,9c9e1b91-73a3-4cfe-b0cc-e3c6d51bdf3b,-114.1495914,51.0125411
8919,WB Spruce DR @ Wedgewood DR SW,ACTIVE,2026-09-29T19:46:12.000Z,2026-09-29T19:46:12.000Z,bf5d84ec-660d-4527-877f-cf1f169b735c,-114.1495998,51.0523702
7707,Hamptons Bus Terminal WB,ACTIVE,2026-09-29T19:46:12.000Z,2026-09-29T19:46:12.000Z,0c4f5a8c-daf1-4136-8801-99058176085f,-114.149603,51.140995
7099,EB Dalhousie DR @ Dalgetty DR NW,ACTIVE,2026-09-29T19:46:12.000Z,2026-09-29T19:46:12.000Z,9541d7e8-d0fc-4b3f-a2dc-799b6dc49b14,-114.1496675,51.1032819
3866,SB  Sherwood BV NW @ E. of Sherwood LI NW,ACTIVE,2026-09-29T19:46:12.000Z,2026-09-29T19:46:12.000Z,6c0cba74-30d3-4648-b522-b7cde060eb34,-114.149691,51.160699
3684,NB Hamptons DR @ Hamptons RI NW,ACTIVE,2026-09-29T19:46:12.000Z,2026-09-29T19:46:12.000Z,7c8e2db4-3783-459b-8925-5c3773071d16,-114.1497165,51.1474586
4631,EB Spruce DR @ Wedgewood DR SW,ACTIVE,2026-09-29T19:46:12.000Z,2026-09-29T19:46:12.000Z,f124f49a-c285-4676-9e85-bf030663d276,-114.1498223,51.0522317
8016,NB Sherwood BV @ Sherwood LI NW,ACTIVE,2026-09-29T19:46:12.000Z,2026-09-29T19:46:12.000Z,fbe7d499-efa9-4789-af4d-06f357a3692f,-114.1499637,51.1609854
3472,EB 40 AV NW @ 42 ST NW,ACTIVE,2026-09-29T19:46:12.000Z,2026-09-29T19:46:12.000Z,be1a3231-ad12-4d61-8960-87fb8acd50ee,-114.1500907,51.0882081
6174,NB Dalton DR @ Belle North RD NW,ACTIVE,2026-09-29T19:46:12.000Z,2026-09-29T19:46:12.000Z,97ccbc9d-8c80-4482-9a68-e7759e43b445,-114.1501074,51.1012419
8213,EB 17 AV SW @ Glenmount DR,ACTIVE,2026-09-29T19:46:12.000Z,2026-09-29T19:46:12.000Z,e62b593d-3594-4147-8c16-6da7c14bfb8c,-114.1501865,51.037705
5131,WB 17 AV SW @ 42 ST SW,ACTIVE,2026-09-29T19:46:12.000Z,2026-09-29T19:46:12.000Z,3b1b8f25-5e54-4003-86be-9273adc96355,-114.1503305,51.0379154
8583,EB Sherwood BV @ Sherwood CM NW,ACTIVE,2026-09-29T19:46:12.000Z,2026-09-29T19:46:12.000Z,8ebbe36f-2fee-442c-ae0c-068dabc53171,-114.1503347,51.157428
7207,NB Edgemont BV @ Edgepark BV NW,ACTIVE,2026-09-29T19:46:12.000Z,2026-09-29T19:46:12.000Z,79240f53-76b6-47dd-9bdf-902c98a545c1,-114.1503713,51.1255069
2197,EB Symons Valley PY @ Shaganappi TR NW,ACTIVE,2026-09-29T19:46:12.000Z,2026-09-29T19:46:12.000Z,1024343b-6f58-449c-8db7-60ed2cb2dbcb,-114.1504747,51.1678706
4733,WB  Sage Valley BV @ Sage Valley RD NW,ACTIVE,2026-09-29T19:46:12.000Z,2026-09-29T19:46:12.000Z,b33a318e-75c5-47a6-8297-1135834af171,-114.1505086,51.1759963
2079,NB Sherwood Bv @ Sherwood Ga NW,ACTIVE,2026-09-29T19:46:12.000Z,2026-09-29T19:46:12.000Z,e12b5cfd-a303-43e7-9790-8ec2927e0434,-114.1506261,51.1630028
7101,WB Dalhousie DR @ Dalgetty DR NW,ACTIVE,2026-09-29T19:46:12.000Z,2026-09-29T19:46:12.000Z,86cc9d4d-7c04-45e2-b132-fdb75cd1f160,-114.150723,51.1035415
2194,EB Sage Hill BV @ Shaganappi TR NW,ACTIVE,2026-09-29T19:46:12.000Z,2026-09-29T19:46:12.000Z,4da4b278-1eb0-4f2e-9bb5-80a81558d297,-114.1507631,51.1701767
9507,SB Hamptons DR @ Hamptons WY NW,ACTIVE,2026-09-29T19:46:12.000Z,2026-09-29T19:46:12.000Z,1663e586-1165-4c36-88ad-2433bba13892,-114.1507958,51.1464658
8176,SB Sherwood BV @ Sherwood ST NW,ACTIVE,2026-09-29T19:46:12.000Z,2026-09-29T19:46:12.000Z,c7d42550-c8d2-49a6-9727-6f2e75a20a93,-114.1507971,51.1631302
8376,EB Hamptons BV @ Hamptons HE NW,ACTIVE,2026-09-29T19:46:12.000Z,2026-09-29T19:46:12.000Z,9248dc5f-363d-4e88-9652-4b2d0a4807eb,-114.1508881,51.1440395
8926,SB Dalton DR @ Belle North RD NW,ACTIVE,2026-09-29T19:46:12.000Z,2026-09-29T19:46:12.000Z,2014722b-99df-4e0e-b92d-ee6d95696d6b,-114.1509009,51.1008834
2083,WB Sage Hill BV @ E. of  Shaganappi Tr NW,ACTIVE,2026-09-29T19:46:12.000Z,2026-09-29T19:46:12.000Z,22d9e92a-39fe-41ca-a75a-0267a14bfc72,-114.1510376,51.1705278
6529,EB Richmond RD @ 44 ST SW,ACTIVE,2026-09-29T19:46:12.000Z,2026-09-29T19:46:12.000Z,0e1d42a3-17b3-4642-8212-40a2669ae339,-114.1511536,51.0191544
3685,NB Hamptons DR @ Hamptons BV NW,ACTIVE,2026-09-29T19:46:12.000Z,2026-09-29T19:46:12.000Z,fe94d7f2-029b-477f-87b9-d854acd5aeab,-114.1512025,51.1445068
2907,EB University AV @ Shaganappi TR NW,ACTIVE,2026-09-29T19:46:12.000Z,2026-09-29T19:46:12.000Z,846738aa-0d21-41d7-a152-9929cd721e28,-114.1512083,51.0766736
4787,EB Sage Valley DR @ Sage Valley GR NW,ACTIVE,2026-09-29T19:46:12.000Z,2026-09-29T19:46:12.000Z,fe699e1f-b43f-4f3f-a114-8db0098443b4,-114.1512199,51.1797293
2073,NB Shaganappi Tr @ Symons Valley PY NW,ACTIVE,2026-09-29T19:46:12.000Z,2026-09-29T19:46:12.000Z,cffe0e33-0bca-416c-994f-aa0165953ac7,-114.1515279,51.1683316
4081,WB 40 AV NW @ 42 ST NW,ACTIVE,2026-09-29T19:46:12.000Z,2026-09-29T19:46:12.000Z,5dc12e44-db5a-4bdf-b25b-29af097ab000,-114.1516554,51.0883812
8550,WB Sherwood BV @ Sherwood CM NW,ACTIVE,2026-09-29T19:46:12.000Z,2026-09-29T19:46:12.000Z,8103deee-c5a2-4a3d-8a67-12dfebe3c991,-114.1516757,51.1576469
7205,SB Edgemont BV @ Edgepark BV NW,ACTIVE,2026-09-29T19:46:12.000Z,2026-09-29T19:46:12.000Z,23125b26-df18-42cc-8510-9eb19fb6bbe1,-114.1517364,51.1244609
2078,SB Shaganappi TR @ Symons Valley PY NW,ACTIVE,2026-09-29T19:46:12.000Z,2026-09-29T19:46:12.000Z,4bb7703b-8d31-48d3-ad52-c4cdf3af9ec7,-114.151743,51.1672782
3992,EB Varsity DR @ Viscount DR NW,ACTIVE,2026-09-29T19:46:12.000Z,2026-09-29T19:46:12.000Z,f0a9de19-21da-405b-94dd-70d5ac4ab850,-114.1517447,51.0927368
7462,EB Bow TR @ 45 ST SW,ACTIVE,2026-09-29T19:46:12.000Z,2026-09-29T19:46:12.000Z,0852f1e7-6137-4132-a93c-9a880bad4302,-114.1518165,51.0483406
2906,NB Shaganappi Tr @ University Ave,ACTIVE,2026-09-29T19:46:12.000Z,2026-09-29T19:46:12.000Z,5efc3ef3-bb3d-4f48-be6e-4bdfe92034cd,-114.1519586,51.0773125
8920,WB Spruce DR @ Walnut DR SW,ACTIVE,2026-09-29T19:46:12.000Z,2026-09-29T19:46:12.000Z,ad14feb8-1d86-4fb1-a57a-8caa399229aa,-114.1521115,51.0523685
4161,EB 46 AV SW @ 45 ST SW,ACTIVE,2026-09-29T19:46:12.000Z,2026-09-29T19:46:12.000Z,2fe10ce0-9384-44eb-ae83-f53effefeb17,-114.1522079,51.012425
5127,WB Dalhart RD @ Dalgleish RD NW,ACTIVE,2026-09-29T19:46:12.000Z,2026-09-29T19:46:12.000Z,e07e13fd-f6f3-4af9-842e-9f666267f7a2,-114.1522342,51.1087053
8772,EB 26 AV SW @ 45 ST SW,ACTIVE,2026-09-29T19:46:12.000Z,2026-09-29T19:46:12.000Z,4a883721-157a-4d25-8655-d55c4d5f1d5a,-114.1522589,51.0304338
6900,EB Edgemont DR @ Edgemont BV NW,ACTIVE,2026-09-29T19:46:12.000Z,2026-09-29T19:46:12.000Z,0b87418f-9e82-41c4-a66c-d18b93a3f737,-114.1522758,51.1170894
6044,WB Hamptons BV @ Hamptons DR NW,ACTIVE,2026-09-29T19:46:12.000Z,2026-09-29T19:46:12.000Z,2aac785b-1beb-4662-9a37-314e7d5df37f,-114.1523307,51.1442996
3457,WB Symons Valley PY (128 Av NW) @ Shaganappi TR NW,ACTIVE,2026-09-29T19:46:12.000Z,2026-09-29T19:46:12.000Z,ecdfcb11-d1b8-4716-9b55-2f69b0050608,-114.1523392,51.1681436
3734,NB 45 ST SW @ 35 AV SW,ACTIVE,2026-09-29T19:46:12.000Z,2026-09-29T19:46:12.000Z,6469054d-15de-462c-a2bf-7fdb535423d3,-114.1523919,51.0226836
3735,NB 45 ST SW @ 30 AV SW,ACTIVE,2026-09-29T19:46:12.000Z,2026-09-29T19:46:12.000Z,692627c9-0fb5-463e-825f-00e68aa4e086,-114.1524021,51.0271452
3740,NB 45 ST SW @ Rossmere RD,ACTIVE,2026-09-29T19:46:12.000Z,2026-09-29T19:46:12.000Z,2de8fd23-6202-4930-abca-7530e756f63a,-114.1525678,51.0467939
8951,SB 45 ST SW @ 35 AV SW,ACTIVE,2026-09-29T19:46:12.000Z,2026-09-29T19:46:12.000Z,2668a55e-ab2c-4a5f-af82-40229ecfdbf6,-114.1525738,51.0225081
3985,WB Varsity DR @ Viscount DR NW,ACTIVE,2026-09-29T19:46:12.000Z,2026-09-29T19:46:12.000Z,d056c0f8-6643-4b3d-8ee1-0a882c2d8ef4,-114.1525833,51.0930361
3739,NB 45 ST SW @ 13 AV SW,ACTIVE,2026-09-29T19:46:12.000Z,2026-09-29T19:46:12.000Z,7f1cdf7a-bb39-4802-90fd-efe6826c6244,-114.1525902,51.0418707
8958,SB 45 ST SW @ 33 AV SW,ACTIVE,2026-09-29T19:46:12.000Z,2026-09-29T19:46:12.000Z,30de34dc-9d3a-4b2c-96d1-2120d800c97a,-114.1525904,51.0236329
9268,SB 45 ST SW @ 30 AV SW,ACTIVE,2026-09-29T19:46:12.000Z,2026-09-29T19:46:12.000Z,f8aafbec-2a77-48fb-911c-b41aa586a5a7,-114.152595,51.0263494
3394,NB 45 ST SW @ 8 AV SW,ACTIVE,2026-09-29T19:46:12.000Z,2026-09-29T19:46:12.000Z,287746ab-9138-4a04-bb10-13e773cd4c0b,-114.1525961,51.0448688
3738,NB 45 Street West LRT Station,ACTIVE,2026-09-29T19:46:12.000Z,2026-09-29T19:46:12.000Z,77d9600d-08b3-4fa4-9a0c-dd15963c3bef,-114.1526792,51.0382336
8957,SB 45 ST SW @ 29 AV SW,ACTIVE,2026-09-29T19:46:12.000Z,2026-09-29T19:46:12.000Z,43325e5c-8d5a-41af-925d-0cd5d35c1d90,-114.152683,51.0284024
3736,NB 45 ST SW @ 26 AV SW,ACTIVE,2026-09-29T19:46:12.000Z,2026-09-29T19:46:12.000Z,1e7dd76d-e01c-4647-981a-a63a802d6c69,-114.1526954,51.0307593
3733,NB 45 ST SW @ N. of Richmond RD,ACTIVE,2026-09-29T19:46:12.000Z,2026-09-29T19:46:12.000Z,630b85b7-e100-4584-8fa7-2f3ba15efd24,-114.1527089,51.0196061
2927,NB 45 ST SW @ 49 AV SW,ACTIVE,2026-09-29T19:46:12.000Z,2026-09-29T19:46:12.000Z,516557a8-bf8f-49c1-9bb7-9fe8b6fc6178,-114.1527167,51.0098002
3737,NB 45 ST SW @ 25 AV SW,ACTIVE,2026-09-29T19:46:12.000Z,2026-09-29T19:46:12.000Z,46fb5866-8292-4aeb-ae91-713a1e2cae83,-114.1527683,51.0328964
8922,SB 45 ST SW @ 8 AV SW,ACTIVE,2026-09-29T19:46:12.000Z,2026-09-29T19:46:12.000Z,7385ff3d-265c-41d3-be9b-17ab5485a552,-114.1527823,51.0446943
8923,SB 45 ST SW @ 13 AV SW,ACTIVE,2026-09-29T19:46:12.000Z,2026-09-29T19:46:12.000Z,db7a272d-1cde-40f6-bba3-7a009c62388f,-114.1528103,51.041214
3725,SB 45 ST SW @ Grove Hill RD,ACTIVE,2026-09-29T19:46:12.000Z,2026-09-29T19:46:12.000Z,12714eda-794a-4bc3-b9be-63782db8c391,-114.1528802,51.0331888
3724,SB 45 Street West LRT Station,ACTIVE,2026-09-29T19:46:12.000Z,2026-09-29T19:46:12.000Z,813c2f98-fa38-439c-8ffc-3d5b84a5a590,-114.1528814,51.0381935
8921,SB 45 ST SW @ Windermere RD,ACTIVE,2026-09-29T19:46:12.000Z,2026-09-29T19:46:12.000Z,e513fe86-e945-49f0-94d2-720edbe7a600,-114.1528865,51.0491591
8956,SB 45 ST SW @ 26 AV SW,ACTIVE,2026-09-29T19:46:12.000Z,2026-09-29T19:46:12.000Z,47e43b67-fdee-481b-bbe1-5965ea33979d,-114.1529021,51.0301797
2929,WB 45 ST SW @ 49 AV SW,ACTIVE,2026-09-29T19:46:12.000Z,2026-09-29T19:46:12.000Z,98a30b2e-d194-48bd-a375-bc231d5bb2e1,-114.1529223,51.0097476
2928,SB 45 ST SW @ 46 AV SW,ACTIVE,2026-09-29T19:46:12.000Z,2026-09-29T19:46:12.000Z,801a6f7d-3ce3-4119-9790-e2750710e5d9,-114.1529399,51.0121605
5424,EB 40 AV NW@ Shaganappi TR,ACTIVE,2026-09-29T19:46:12.000Z,2026-09-29T19:46:12.000Z,eb1f29f1-2096-4a59-9ff9-bc99ca99f575,-114.1531287,51.0881113
8778,WB 26 AV SW @ 45 ST SW,ACTIVE,2026-09-29T19:46:12.000Z,2026-09-29T19:46:12.000Z,3fe8e93e-2311-478c-bfaf-1a02a7d446be,-114.153332,51.0306129
3630,WB 45 Street CTrain Station,ACTIVE,2026-09-29T19:46:12.000Z,2026-09-29T19:46:12.000Z,7525c43d-94b4-4a4b-acd9-07a8a958188d,-114.1533829,51.0379485
8661,WB 17 AV SW @ 45 ST SW,ACTIVE,2026-09-29T19:46:12.000Z,2026-09-29T19:46:12.000Z,b0d4c8fc-8265-43c6-8bca-efad8b3c487c,-114.1533998,51.0378823
4786,EB Sage Valley DR @ Sage Valley RD NW,ACTIVE,2026-09-29T19:46:12.000Z,2026-09-29T19:46:12.000Z,ee5c2b60-d892-4500-9685-ad1028b50453,-114.1534144,51.1796478
7468,WB Bow TR @ 45 ST SW,ACTIVE,2026-09-29T19:46:12.000Z,2026-09-29T19:46:12.000Z,a77bcdbc-d7dc-41df-b83a-2cd1f079a613,-114.1534258,51.0490904
5661,EB Spruce DR @ Wimbledon CR SW,ACTIVE,2026-09-29T19:46:12.000Z,2026-09-29T19:46:12.000Z,56ebb1cf-f448-46da-bbba-2b3f6fbdbff8,-114.153433,51.0522298
4634,WB Windermere RD @ 45 ST SW,ACTIVE,2026-09-29T19:46:12.000Z,2026-09-29T19:46:12.000Z,f928e57b-21f3-4e81-bdfd-ffdad29e50c2,-114.1534907,51.0501264
4734,NB Sage Valley RD @ Sage Valley BV NW,ACTIVE,2026-09-29T19:46:12.000Z,2026-09-29T19:46:12.000Z,f7742d60-0a28-4b58-aae9-49b16293910a,-114.1535032,51.176349
6250,NB Edgemont BV @ Edgemont DR NW,ACTIVE,2026-09-29T19:46:12.000Z,2026-09-29T19:46:12.000Z,ea01de64-d5e1-4001-a0b7-7be4fc807bc5,-114.1535297,51.1173808
8952,WB Richmond RD @ 45 ST SW,ACTIVE,2026-09-29T19:46:12.000Z,2026-09-29T19:46:12.000Z,3952c6a8-77ff-481c-bf88-f6904d1f9971,-114.1535388,51.0188618
4571,EB 17 AV @ Georgia ST SW,ACTIVE,2026-09-29T19:46:12.000Z,2026-09-29T19:46:12.000Z,4845ff88-7d7a-4789-88b0-c959c0b28c8f,-114.1535664,51.0377245
3631,EB 45 Street CTrain Station,ACTIVE,2026-09-29T19:46:12.000Z,2026-09-29T19:46:12.000Z,91846b4b-6a75-4f8b-9933-895daa862144,-114.1535943,51.0378745
8018,EB 17 AV SW @ Georgia ST SW,ACTIVE,2026-09-29T19:46:12.000Z,2026-09-29T19:46:12.000Z,1a118065-4e0e-4fbf-b0db-d705f7981947,-114.1536092,51.0377255
8824,SB Bowness RD @ 42 ST NW,ACTIVE,2026-09-29T19:46:12.000Z,2026-09-29T19:46:12.000Z,5392f1fd-0f9b-420a-80e7-5aa6dfe38a44,-114.1536614,51.0673465
6607,EB Varsity DR @ Shaganappi TR NW,ACTIVE,2026-09-29T19:46:12.000Z,2026-09-29T19:46:12.000Z,2975f4d3-00a7-43b1-9c06-dc4614f897ae,-114.1538915,51.0931309
7266,SB Sherwood BV @ 400 Sherwood PL NW,ACTIVE,2026-09-29T19:46:12.000Z,2026-09-29T19:46:12.000Z,dc7323fd-3401-4c2f-8319-4435777806d3,-114.1538979,51.1591663
7206,NB Edgemont BV @ Edgehill DR NW,ACTIVE,2026-09-29T19:46:12.000Z,2026-09-29T19:46:12.000Z,9a430bc8-a805-45a3-8f9f-1bb78958eb04,-114.153904,51.1217523
5660,NB 46 ST SW @ Bow TR,ACTIVE,2026-09-29T19:46:12.000Z,2026-09-29T19:46:12.000Z,11658c00-2c42-4b72-b82e-be05982a6da2,-114.1539185,51.0489675
5478,EB Dalhousie DR @ Dalton DR NW,ACTIVE,2026-09-29T19:46:12.000Z,2026-09-29T19:46:12.000Z,ed34462b-34e7-4c0e-98b5-4dc7b750e513,-114.1540691,51.1044236
3471,NB Sherwood BV @ 300 Sherwood PL NW,ACTIVE,2026-09-29T19:46:12.000Z,2026-09-29T19:46:12.000Z,1ffcc33b-aa7d-4216-8719-0a875501082b,-114.1541367,51.1598656
2059,SB Shaganappi TR @ Nolan Hill BV NW,ACTIVE,2026-09-29T19:46:12.000Z,2026-09-29T19:46:12.000Z,0e05c96d-3265-4934-88a1-b5e484c46fb0,-114.1543113,51.1718965
5017,NB Bowness RD @ 42 ST NW,ACTIVE,2026-09-29T19:46:12.000Z,2026-09-29T19:46:12.000Z,92ed7609-22ea-4cf9-aebb-064569625a05,-114.1545046,51.0682161
6260,EB Hamptons BV @ Hamptons GV NW,ACTIVE,2026-09-29T19:46:12.000Z,2026-09-29T19:46:12.000Z,11457b70-7de2-43b3-98fc-0685872ad2ee,-114.1546036,51.1443099
7204,SB Edgemont BV @ Edgehill DR NW,ACTIVE,2026-09-29T19:46:12.000Z,2026-09-29T19:46:12.000Z,b6403414-a3c6-46fc-bed7-ac1f60f7017b,-114.1547182,51.1212954
2092,NB Shaganappi Tr @ Nolan Hill Bv NW,ACTIVE,2026-09-29T19:46:12.000Z,2026-09-29T19:46:12.000Z,ad7fdfde-ca4c-479c-8a56-6ed71d1a6bbe,-114.1547688,51.1731804
2954,NB Dalton DR (West) @ Dalhousie DR NW,ACTIVE,2026-09-29T19:46:12.000Z,2026-09-29T19:46:12.000Z,cbf35d3d-2765-499c-8ffd-4b7bf514936f,-114.1548781,51.1045809
6563,WB Dalhousie DR @ Dalgleish RD NW,ACTIVE,2026-09-29T19:46:12.000Z,2026-09-29T19:46:12.000Z,1440cd2f-e9b9-4d9d-ba77-1a13b1e84f94,-114.1550406,51.1051219
8551,EB Dalton DR @ Fortress Apts NW,ACTIVE,2026-09-29T19:46:12.000Z,2026-09-29T19:46:12.000Z,8b939514-f143-415b-be5a-536735dc6365,-114.1550757,51.1017587
3444,EB Symons Valley PY @ Nolan Hill RI NW,ACTIVE,2026-09-29T19:46:12.000Z,2026-09-29T19:46:12.000Z,05754204-9a01-4fd6-9b39-a97eea0fb66e,-114.1552269,51.1678784
6566,SB Dalton DR (West) @ Dalhousie DR NW,ACTIVE,2026-09-29T19:46:12.000Z,2026-09-29T19:46:12.000Z,40d0a930-2939-4465-81c9-fd27956277cf,-114.1552654,51.1044851
6246,SB Edgemont BV @ Edgedale DR NW,ACTIVE,2026-09-29T19:46:12.000Z,2026-09-29T19:46:12.000Z,fba5029f-39ce-476d-8de1-8fface65940b,-114.1553016,51.1183144
6252,NB Edgedale DR @ Edgeland RD NW,ACTIVE,2026-09-29T19:46:12.000Z,2026-09-29T19:46:12.000Z,701f7fd0-97f6-4c5f-98e1-392c2c53224b,-114.1553196,51.1263921
7540,WB Dalhart RD @ Dalhurst WY NW,ACTIVE,2026-09-29T19:46:12.000Z,2026-09-29T19:46:12.000Z,22b7a97a-d1eb-455d-acee-f4e88e34f76a,-114.1553326,51.1096713
6396,NB Edgmont BV @ Edgedale DR NW,ACTIVE,2026-09-29T19:46:12.000Z,2026-09-29T19:46:12.000Z,14d0c472-4909-46f3-9053-3a5ab8261686,-114.1554122,51.1190727
6245,SB Edgedale DR @ Edgeland RD NW,ACTIVE,2026-09-29T19:46:12.000Z,2026-09-29T19:46:12.000Z,69c392c8-1e42-4e88-8fe1-803724839ce7,-114.1554665,51.1256311
8517,WB Dalton DR (West) @ S. of Dalhousie DR NW,ACTIVE,2026-09-29T19:46:12.000Z,2026-09-29T19:46:12.000Z,2f20c13d-5fd0-497d-941e-31effb210018,-114.1556897,51.1022288
7026,SB Sherwood BV @ Sherwood MT NW,ACTIVE,2026-09-29T19:46:12.000Z,2026-09-29T19:46:12.000Z,67d1a91f-20b2-4fc3-bd59-023d55d1f3d8,-114.1557633,51.1612795
3984,WB Varsity DR @ Shaganappi TR NW,ACTIVE,2026-09-29T19:46:12.000Z,2026-09-29T19:46:12.000Z,31109f56-731b-400c-98e1-23908529c9d9,-114.1557757,51.0936176
4633,WB Windermere RD @ Wimbledon CR SW,ACTIVE,2026-09-29T19:46:12.000Z,2026-09-29T19:46:12.000Z,b3cea937-373e-401a-98c9-5430d06005d0,-114.1557807,51.0509468
3955,NB 53 ST NW @ Dalhurst GA,ACTIVE,2026-09-29T19:46:12.000Z,2026-09-29T19:46:12.000Z,4c9e876f-0261-4d87-b829-3e79853ce8c5,-114.1558575,51.1136867
8197,WB Sherwood BV @ Sherwood PL NW,ACTIVE,2026-09-29T19:46:12.000Z,2026-09-29T19:46:12.000Z,fa8e367f-5eef-4151-a0b4-ee8c993b55f9,-114.1559217,51.161681
2926,EB 50 AV SW @ W. of 45 ST SW,ACTIVE,2026-09-29T19:46:12.000Z,2026-09-29T19:46:12.000Z,32394baf-5ce4-4c9b-b144-6e2c47e2f241,-114.1559915,51.0091271
6547,EB 46 AV SW @ Glamorgan CR,ACTIVE,2026-09-29T19:46:12.000Z,2026-09-29T19:46:12.000Z,1720fa72-46b6-4c18-9873-de175f2910e7,-114.1560038,51.0123737
4011,SB Edgepark BV @ Edgebyne CR NW,ACTIVE,2026-09-29T19:46:12.000Z,2026-09-29T19:46:12.000Z,c1a6ba86-a693-464c-b93f-2f7e3798861a,-114.1560473,51.1285055
8954,EB Richmond RD @ 48 ST SW,ACTIVE,2026-09-29T19:46:12.000Z,2026-09-29T19:46:12.000Z,073f923e-67ac-4c53-ab48-805f1226a38b,-114.1560829,51.0183031
5132,EB 17 AV SW @ Gateway DR,ACTIVE,2026-09-29T19:46:12.000Z,2026-09-29T19:46:12.000Z,bc8c5b41-023f-4a11-9e2c-fd7d8c98fb86,-114.1560922,51.0377141
2039,WB Nolan Hill BV @ Shaganappi TR NW,ACTIVE,2026-09-29T19:46:12.000Z,2026-09-29T19:46:12.000Z,55f008b5-5466-4293-bf4f-13d6de78f966,-114.1561279,51.1725326
8662,WB 17 AV SW @ 47 ST SW,ACTIVE,2026-09-29T19:46:12.000Z,2026-09-29T19:46:12.000Z,b9dd496d-d86c-45b4-ba47-532fb7ca87ca,-114.1562944,51.0379079
6608,WB 43 ST NW @ Bowness RD,ACTIVE,2026-09-29T19:46:12.000Z,2026-09-29T19:46:12.000Z,178f9a04-c0e5-411f-a264-de59d8e54e15,-114.1563238,51.0688595
7025,WB Hamptons BV @ Hamptons GV NW,ACTIVE,2026-09-29T19:46:12.000Z,2026-09-29T19:46:12.000Z,0d0fd1a6-c363-464c-8dd4-b23b507a5a1a,-114.1563597,51.1445865
4014,NB Edgepark BV @ Edgebyne CR NW,ACTIVE,2026-09-29T19:46:12.000Z,2026-09-29T19:46:12.000Z,809da3ea-46f1-46cb-aa7d-1916e4e92278,-114.1563622,51.1291968
4069,WB 40 AV NW @ W. of Shaganappi TR,ACTIVE,2026-09-29T19:46:12.000Z,2026-09-29T19:46:12.000Z,5ab72e63-dfb0-473d-b8fc-a72153fbf1c3,-114.1565123,51.0883646
6616,EB 40 AV NW @ E. of 49 ST NW,ACTIVE,2026-09-29T19:46:12.000Z,2026-09-29T19:46:12.000Z,05da9e34-3161-4a21-96e7-4ae674f427d4,-114.1565837,51.0881325
2093,NB Shaganappi Tr @ Sage Valley Bv NW,ACTIVE,2026-09-29T19:46:12.000Z,2026-09-29T19:46:12.000Z,d4ff1f40-b3a2-4f2a-86e3-13ff35c59bf7,-114.1567414,51.1756057
3956,SB 53 ST NW @ N.Leg Dalhousie DR,ACTIVE,2026-09-29T19:46:12.000Z,2026-09-29T19:46:12.000Z,1f0cf9c2-40fd-48e1-baf1-81d7fa1a4b2a,-114.1567851,51.1132415
6401,WB Dalhousie DR @ 53 ST NW,ACTIVE,2026-09-29T19:46:12.000Z,2026-09-29T19:46:12.000Z,04f34f26-806c-4ea5-bbc7-8d1557228aea,-114.1568683,51.1137473
5398,NB Edgepark BV @ Edgepark DR NW,ACTIVE,2026-09-29T19:46:12.000Z,2026-09-29T19:46:12.000Z,f430dc87-25ba-4706-afd9-18d79e5b70fc,-114.1568781,51.1363871
2930,WB 50 AV SW @ W. of 45 ST SW,ACTIVE,2026-09-29T19:46:12.000Z,2026-09-29T19:46:12.000Z,cf837566-ace1-457b-aaf5-27865b4dd292,-114.1568929,51.0093317
3994,EB Varsity DR @ 48 ST NW,ACTIVE,2026-09-29T19:46:12.000Z,2026-09-29T19:46:12.000Z,4e584752-c72d-4095-aecd-9de06d462652,-114.1569144,51.0936813
5317,EB 26 AV SW@ 49 ST SW,ACTIVE,2026-09-29T19:46:12.000Z,2026-09-29T19:46:12.000Z,1a115e68-ecdd-4529-a7a1-c859dfe1ff26,-114.1569361,51.0304579
2034,EB Nolan Hill BV @ Nolan Hill DR farside,ACTIVE,2026-09-29T19:46:12.000Z,2026-09-29T19:46:12.000Z,9243bc27-a49d-4262-81a5-a4cbf8911694,-114.1569563,51.172067
6251,WB Edgedale DR @ Edgemont BV NW,ACTIVE,2026-09-29T19:46:12.000Z,2026-09-29T19:46:12.000Z,6a7f5d30-b634-4818-b298-8c57fa40cfb3,-114.1569793,51.118688
3458,WB Symons Valley PY (128 Av NW) @ Nolan Hill RI NW,ACTIVE,2026-09-29T19:46:12.000Z,2026-09-29T19:46:12.000Z,f718030e-bc3a-4f53-98c0-708e606719cc,-114.157065,51.1682326
4007,NB Hamptons BV @ Hampshire CL NW,ACTIVE,2026-09-29T19:46:12.000Z,2026-09-29T19:46:12.000Z,a5950fc8-0be9-402a-a9ea-95c08072a730,-114.1570656,51.1405471
3409,EB 26 AV SW @ 51 ST SW,ACTIVE,2026-09-29T19:46:12.000Z,2026-09-29T19:46:12.000Z,c22e761e-331b-4978-b1ed-01a1e1fd3c85,-114.157083,51.0304578
6931,SB Bowness RD @ 44 ST NW,ACTIVE,2026-09-29T19:46:12.000Z,2026-09-29T19:46:12.000Z,3c568e48-2d67-48f1-80f5-2459c1922921,-114.1570867,51.0699215
4015,NB Edgedale DR @ Edgehill DR NW,ACTIVE,2026-09-29T19:46:12.000Z,2026-09-29T19:46:12.000Z,83b63f32-dc71-41ff-85b4-180e8e77b3e8,-114.1570889,51.1229542
6857,SB Edgepark BV @ S. of Country Hills BV NW,ACTIVE,2026-09-29T19:46:12.000Z,2026-09-29T19:46:12.000Z,2e81dd16-03b7-4d0b-97f3-07584b371b64,-114.1571736,51.1378604
7708,SB Hamptons BV @ Hampshire CL NW,ACTIVE,2026-09-29T19:46:12.000Z,2026-09-29T19:46:12.000Z,dbe0273b-ecb4-4408-8d61-308e8771c990,-114.1571851,51.1395336
2193,SB Shaganappi TR @ Sage Valley BV NW,ACTIVE,2026-09-29T19:46:12.000Z,2026-09-29T19:46:12.000Z,ba265562-7309-4a8f-9628-26591108c9e8,-114.1572345,51.175266
6244,SB Edgepark BV @ Edgeburn CR NW,ACTIVE,2026-09-29T19:46:12.000Z,2026-09-29T19:46:12.000Z,09f1161d-964d-4657-ac51-acfeb14c0bdf,-114.1572719,51.1360279
4632,EB Spruce DR @ Windermere RD SW,ACTIVE,2026-09-29T19:46:12.000Z,2026-09-29T19:46:12.000Z,141a4895-41d4-44cc-9c4a-ed94741cf540,-114.1573007,51.052225
6528,WB Richmond RD @ 48 ST SW,ACTIVE,2026-09-29T19:46:12.000Z,2026-09-29T19:46:12.000Z,daa7e11c-d23b-4f01-bea5-069655ef9092,-114.1574898,51.0183824
3424,EB Sherwood Blvd @ Sherwood Heights,ACTIVE,2026-09-29T19:46:12.000Z,2026-09-29T19:46:12.000Z,1005feb4-9c27-4755-a786-76ae4bc82b0c,-114.1575597,51.1656083
6492,SB 16 AV NW @ 43 ST NW,ACTIVE,2026-09-29T19:46:12.000Z,2026-09-29T19:46:12.000Z,e79ee9e8-299a-4997-88de-fd11f48a0462,-114.1577831,51.0676448
3841,WB Country Hills BV @ W.Leg Hamptons BV NW,ACTIVE,2026-09-29T19:46:12.000Z,2026-09-29T19:46:12.000Z,0e3e4c18-42b9-41d7-92e0-d63de7110d9b,-114.1577926,51.1389548
4004,EB Hamptons BV @ Hamptons SQ NW,ACTIVE,2026-09-29T19:46:12.000Z,2026-09-29T19:46:12.000Z,8db9e3bd-fa90-47fc-ada3-b064cef6c3e4,-114.1578221,51.1445232
4013,NB Edgepark  BV @  Edgepark  RI NW,ACTIVE,2026-09-29T19:46:12.000Z,2026-09-29T19:46:12.000Z,0ff30d24-1912-4c52-92e5-1f4d263d2ed5,-114.1579613,51.1331843
4020,SB Edgedale DR @ Edgehill DR NW,ACTIVE,2026-09-29T19:46:12.000Z,2026-09-29T19:46:12.000Z,bade9d6f-b212-4986-8028-86621fbbad60,-114.1579718,51.1218423
4112,Dalhousie LRT Station NB,ACTIVE,2026-09-29T19:46:12.000Z,2026-09-29T19:46:12.000Z,3234df6e-9f46-44a1-bf62-7fc998ba1a2c,-114.1580176,51.1038721
3983,WB Varsity DR @ 48 ST NW,ACTIVE,2026-09-29T19:46:12.000Z,2026-09-29T19:46:12.000Z,7f9c3ec6-d91b-4638-b872-dda28cf64fa2,-114.1580384,51.0939875
4025,Dalhousie LRT Station NB,ACTIVE,2026-09-29T19:46:12.000Z,2026-09-29T19:46:12.000Z,22cf6e24-60c6-4bcd-b514-d60bd3792a2c,-114.1580944,51.103784
8525,Dalhousie LRT Station NB,ACTIVE,2026-09-29T19:46:12.000Z,2026-09-29T19:46:12.000Z,84cd698c-3456-4090-8e29-4cec45e74595,-114.1581872,51.1036693
2058,WB Nolan Hill BV @ Nolan Hill HT NW,ACTIVE,2026-09-29T19:46:12.000Z,2026-09-29T19:46:12.000Z,6aec170a-6877-42da-be4f-f8dea728875e,-114.1582282,51.1719522
5753,NB 53 ST NW @ Dalhart DR,ACTIVE,2026-09-29T19:46:12.000Z,2026-09-29T19:46:12.000Z,9716000d-1a85-4d21-95ee-6fe8e48c058d,-114.1582575,51.1113705
4003,Dalhousie LRT Station NB,ACTIVE,2026-09-29T19:46:12.000Z,2026-09-29T19:46:12.000Z,b0705216-b5c8-460a-8e2c-516d5acb2394,-114.1582584,51.1041388
4002,Dalhousie LRT Station NB,ACTIVE,2026-09-29T19:46:12.000Z,2026-09-29T19:46:12.000Z,85736b93-84bb-4102-b9ea-7a198f70916d,-114.1582995,51.1041668
4017,NB 53 ST NW @ Dalhart DR,ACTIVE,2026-09-29T19:46:12.000Z,2026-09-29T19:46:12.000Z,2ba4d21f-49c8-43c7-b812-75741d2faade,-114.1583178,51.111318
9995,EB Dalhousie DR @ Dalham CR NW,ACTIVE,2026-09-29T19:46:12.000Z,2026-09-29T19:46:12.000Z,cc61d5ef-581c-4bd9-83dd-e05515b58c4a,-114.1583302,51.1062273
7098,EB Dalhousie DR @ Dalham CR NW,ACTIVE,2026-09-29T19:46:12.000Z,2026-09-29T19:46:12.000Z,b3d95634-e542-4408-856c-5b69eb888579,-114.1583461,51.1062007
3981,EB Dalhousie DR @ Dalham CR NW,ACTIVE,2026-09-29T19:46:12.000Z,2026-09-29T19:46:12.000Z,066a2d94-853c-4a81-9238-b0b9b04ccfc4,-114.1583468,51.1062358
4012,SB Edgepark BV @ Edgeland RI NW,ACTIVE,2026-09-29T19:46:12.000Z,2026-09-29T19:46:12.000Z,c72a3713-96c4-45c4-a5eb-f5898d639205,-114.1583558,51.1321146
6635,SB 49 ST NW @ 34 AV NW,ACTIVE,2026-09-29T19:46:12.000Z,2026-09-29T19:46:12.000Z,33f83ca8-9a3f-47dc-8b32-0beba3a0e54c,-114.158377,51.0826444
5944,SB 49 ST NW @ 34 AV NW,ACTIVE,2026-09-29T19:46:12.000Z,2026-09-29T19:46:12.000Z,2cca0fdb-d477-4f54-b69d-18395b2b1e1f,-114.1583803,51.0825905
3408,WB 26 Av SW @ St. Gregory School,ACTIVE,2026-09-29T19:46:12.000Z,2026-09-29T19:46:12.000Z,1b844bb1-14a7-4d52-9e62-9733b16242b6,-114.1583806,51.0306046
8623,NB 16 AV NW @ 43 ST NW,ACTIVE,2026-09-29T19:46:12.000Z,2026-09-29T19:46:12.000Z,5e69c5e0-c92f-4b18-b685-732461669ae4,-114.1583838,51.068325
2427,SB 53 ST NW @ Dalhart RD,ACTIVE,2026-09-29T19:46:12.000Z,2026-09-29T19:46:12.000Z,dfa535bd-c361-4a47-8a83-b388197f61e3,-114.1584657,51.1116562
7097,EB Dalhousie DR @ Dalham CR NW,ACTIVE,2026-09-29T19:46:12.000Z,2026-09-29T19:46:12.000Z,da0a70ec-6064-415d-905e-15539ebfcd73,-114.158502,51.1062225
7093,NB 49 ST NW @ S. of 40 AV NW,ACTIVE,2026-09-29T19:46:12.000Z,2026-09-29T19:46:12.000Z,50d01db0-bd63-4fe9-abea-1c62395a4277,-114.1585465,51.086867
5942,NB 49 ST NW @ 34 AV NW,ACTIVE,2026-09-29T19:46:12.000Z,2026-09-29T19:46:12.000Z,75f3dbea-36d4-47cf-a195-6181c5fe6a64,-114.1585616,51.0845944
7876,NB Bowness RD @ 45 ST NW,ACTIVE,2026-09-29T19:46:12.000Z,2026-09-29T19:46:12.000Z,6f5058a3-feab-4b5b-9a02-57d851b3040b,-114.1586533,51.0713124
5313,WB 26 AV SW@ 49 ST SW,ACTIVE,2026-09-29T19:46:12.000Z,2026-09-29T19:46:12.000Z,a34c98f1-184d-42de-9e62-42f30dcbc2e2,-114.1586545,51.0305806
4021,SB Edgedale DR @ Edgehill DR NW,ACTIVE,2026-09-29T19:46:12.000Z,2026-09-29T19:46:12.000Z,2ceebf91-7291-471a-b09c-2f01572b487c,-114.1586811,51.1193681
6500,EB Bow TR @ W. of Winslow CR SW,ACTIVE,2026-09-29T19:46:12.000Z,2026-09-29T19:46:12.000Z,e97eb679-e50b-4054-a33e-3ad25a6d9223,-114.1587479,51.0504973
4023,Dalhousie LRT Station EB,ACTIVE,2026-09-29T19:46:12.000Z,2026-09-29T19:46:12.000Z,0cd5b8e2-e333-4614-b721-9d1ec27c2da7,-114.1588462,51.1034065
7010,SB 49 ST NW @ 40 AV NW,ACTIVE,2026-09-29T19:46:12.000Z,2026-09-29T19:46:12.000Z,f11951f0-105d-455c-ba3d-be4cc58cc9aa,-114.1588913,51.087532
4001,Dalhousie LRT Station WB,ACTIVE,2026-09-29T19:46:12.000Z,2026-09-29T19:46:12.000Z,eb12daba-5fba-4471-8ffc-c38dcd1c65be,-114.1589053,51.1040736
4162,EB 46 AV SW @ 50 ST SW,ACTIVE,2026-09-29T19:46:12.000Z,2026-09-29T19:46:12.000Z,d90a6e5a-35ec-4ed8-846e-6e49c8f9d73a,-114.1589576,51.0123376
8618,WB 34 AV NW @ 49 ST NW,ACTIVE,2026-09-29T19:46:12.000Z,2026-09-29T19:46:12.000Z,0f53a406-4bbf-4567-ae9d-09178388bc47,-114.1589631,51.0830994
4022,Dalhousie LRT Station EB,ACTIVE,2026-09-29T19:46:12.000Z,2026-09-29T19:46:12.000Z,11a62ccd-5171-4232-8506-3e6e279d8a7c,-114.1589724,51.1034456
7094,SB 49 ST NW  @ N. of 34 AV NW,ACTIVE,2026-09-29T19:46:12.000Z,2026-09-29T19:46:12.000Z,d6dd708f-a490-4d59-96ae-51f36e4a59f7,-114.1589793,51.084467
4000,Dalhousie LRT Station WB,ACTIVE,2026-09-29T19:46:12.000Z,2026-09-29T19:46:12.000Z,54e19511-5755-4fb3-b6f1-9b7611a0b7be,-114.1590145,51.1039233
4016,NB Edgedale DR @ Edegehill DR NW,ACTIVE,2026-09-29T19:46:12.000Z,2026-09-29T19:46:12.000Z,297864a2-ffeb-401a-b35b-38d8329c892f,-114.1591041,51.1201609
6606,WB 40 AV NW @ 49 ST NW,ACTIVE,2026-09-29T19:46:12.000Z,2026-09-29T19:46:12.000Z,871b6f38-2114-456b-a2e4-7ce1732c4927,-114.1591133,51.0883379
7400,WB Dalhousie DR @ Dalham CR NW,ACTIVE,2026-09-29T19:46:12.000Z,2026-09-29T19:46:12.000Z,8fd5db31-0fe6-4960-81ab-eac66b6a18ef,-114.1591367,51.1068226
8953,EB Richmond RD @ 50 ST SW,ACTIVE,2026-09-29T19:46:12.000Z,2026-09-29T19:46:12.000Z,3ee04cd3-e704-4a05-9969-7bd839ca4276,-114.1591986,51.0179562
5954,SB 49 ST NW @ S. of 40 AV NW,ACTIVE,2026-09-29T19:46:12.000Z,2026-09-29T19:46:12.000Z,85670f94-b3ed-4bd1-967f-cf3b016fee73,-114.159212,51.0860287
7624,SB 53 ST NW @ Dalhart RD,ACTIVE,2026-09-29T19:46:12.000Z,2026-09-29T19:46:12.000Z,716d22ff-e667-4678-bf51-c91911af93d5,-114.1592289,51.1109084
6800,EB 34 AV NW @ 50 ST NW,ACTIVE,2026-09-29T19:46:12.000Z,2026-09-29T19:46:12.000Z,fbc04b89-90b0-400f-b9fb-06d21d479f62,-114.1592736,51.082927
3931,NB Beacon Hill Ctr @ Canadian Tire,ACTIVE,2026-09-29T19:46:12.000Z,2026-09-29T19:46:12.000Z,64eb05b4-a23a-4138-8a43-b5183b2776be,-114.1594251,51.1606076
2096,NB Sherview Dr @ Sherwood Bv (South Leg) NW,ACTIVE,2026-09-29T19:46:12.000Z,2026-09-29T19:46:12.000Z,56111e23-cd46-468c-af1b-ae15cf43b399,-114.1594397,51.1632785
7092,EB Varsity DR @ 49 ST NW,ACTIVE,2026-09-29T19:46:12.000Z,2026-09-29T19:46:12.000Z,fa3d8959-cae8-436d-a410-163832dd2d3f,-114.1594718,51.0936715
6220,WB Hamptons BV @ Hamptons SQ NW,ACTIVE,2026-09-29T19:46:12.000Z,2026-09-29T19:46:12.000Z,0c071d51-aa4b-4258-ad57-d3f487e2cd53,-114.1595305,51.1446457
8629,NB 50 ST SW @ 40 AV SW,ACTIVE,2026-09-29T19:46:12.000Z,2026-09-29T19:46:12.000Z,6cae29e0-23b6-403c-957f-096c4ffe2fb2,-114.1595943,51.0166166
4006,WB Hamptons BV @ Hampshire CI NW,ACTIVE,2026-09-29T19:46:12.000Z,2026-09-29T19:46:12.000Z,ecf7e39f-762f-4547-9522-ed5f66966585,-114.1596144,51.1414186
8548,NB 50 ST SW @ S. of 40 AV SW,ACTIVE,2026-09-29T19:46:12.000Z,2026-09-29T19:46:12.000Z,c78c7701-c6fd-4ad7-8d15-41869b06f004,-114.1596236,51.0147375
2574,NB 51 ST @ Richmond RD SW,ACTIVE,2026-09-29T19:46:12.000Z,2026-09-29T19:46:12.000Z,8981bf42-e691-436f-b351-b23d4ffe4393,-114.1596386,51.0185507
2931,NB 50 ST SW @ 50 AV SW,ACTIVE,2026-09-29T19:46:12.000Z,2026-09-29T19:46:12.000Z,4f2378ef-39ea-4d93-a5f3-2f902a103c76,-114.1596506,51.0100275
3443,EB Symons Valley PY @ Sherwood DR NW,ACTIVE,2026-09-29T19:46:12.000Z,2026-09-29T19:46:12.000Z,900ef4f8-4b07-438d-8afc-1c03719dcc10,-114.1596517,51.1678826
8545,NB 50 ST SW @ 46 AV SW,ACTIVE,2026-09-29T19:46:12.000Z,2026-09-29T19:46:12.000Z,c03d42a7-1120-4fee-ad32-a9a3baa066a5,-114.1596579,51.0127774
4052,SB 48 ST NW @ 23 AV NW,ACTIVE,2026-09-29T19:46:12.000Z,2026-09-29T19:46:12.000Z,d2115c47-2840-4119-9f12-5db4fed74ae5,-114.1597175,51.0794119
3859,SB Beacon Hill CTR @ Canadian Tire,ACTIVE,2026-09-29T19:46:12.000Z,2026-09-29T19:46:12.000Z,96826cc8-5345-4dae-a566-bc1fb8259efa,-114.1597821,51.1598257
6796,SB 16 AV NW @ Monterey AV,ACTIVE,2026-09-29T19:46:12.000Z,2026-09-29T19:46:12.000Z,c21306c8-217e-46df-82e1-ac802c55972c,-114.1598315,51.0691607
6546,SB 50 ST SW @ Glamis DR,ACTIVE,2026-09-29T19:46:12.000Z,2026-09-29T19:46:12.000Z,3d7331cd-da79-418c-b8f3-20a8c4aa1ef0,-114.1598486,51.0150218
2925,SB 50 ST SW @ 50 AV SW,ACTIVE,2026-09-29T19:46:12.000Z,2026-09-29T19:46:12.000Z,d38f441c-7cd6-434b-94a4-d7b244da6e06,-114.1598509,51.0093164
2924,SB 50 ST SW @ 46 AV SW,ACTIVE,2026-09-29T19:46:12.000Z,2026-09-29T19:46:12.000Z,06c23ea9-8160-44fb-8f8f-88be46c65fb5,-114.1598596,51.0121374
4451,NB Beacon Hill Ctr @ Shoppers Drug Mart,ACTIVE,2026-09-29T19:46:12.000Z,2026-09-29T19:46:12.000Z,d8f4853e-b9ef-4d82-ac91-802915ed7ed1,-114.1598885,51.1577217
7252,SB Sherview DR @ Sherwood BV (South Leg) NW,ACTIVE,2026-09-29T19:46:12.000Z,2026-09-29T19:46:12.000Z,e52fa7e4-7845-492b-bc30-5201734838b9,-114.159911,51.1621278
4053,WB 48 ST NW @ 22 AV NW,ACTIVE,2026-09-29T19:46:12.000Z,2026-09-29T19:46:12.000Z,fdf1477c-d620-4597-84f4-d465456df3b3,-114.1599582,51.0771151
2099,SB Shaganappi TR @ Nolan Hill GA NW,ACTIVE,2026-09-29T19:46:12.000Z,2026-09-29T19:46:12.000Z,7006137e-d526-4874-9aa7-4334612aac20,-114.1599846,51.1792931
9267,SB 50 ST SW @ Richmond RD,ACTIVE,2026-09-29T19:46:12.000Z,2026-09-29T19:46:12.000Z,619273f9-7998-4fba-8969-f0d0089c1ad0,-114.1599923,51.0171031
5953,SB 48 ST NW @ Sheldon PL,ACTIVE,2026-09-29T19:46:12.000Z,2026-09-29T19:46:12.000Z,583168f8-f0e9-40bf-8984-e754b455557d,-114.1600451,51.080823
6494,WB Bow TR @ E. of Sarcee TR SW,ACTIVE,2026-09-29T19:46:12.000Z,2026-09-29T19:46:12.000Z,0eb743f3-3879-4567-8292-78c06c55ba1b,-114.1600998,51.0512587
3863,SB Beacon Hill CTR @ Shoppers Drug Mart,ACTIVE,2026-09-29T19:46:12.000Z,2026-09-29T19:46:12.000Z,21fa26bf-a14b-44d4-b75c-3f60f906c28e,-114.160191,51.1576409
5773,SB Bowness RD @ 46 ST NW,ACTIVE,2026-09-29T19:46:12.000Z,2026-09-29T19:46:12.000Z,62f0a5a7-65ef-4cc6-b84f-fbba4cc4ec13,-114.1601994,51.0722459
8069,WB 17 AV SW @ Glenside DR,ACTIVE,2026-09-29T19:46:12.000Z,2026-09-29T19:46:12.000Z,18b951ac-91c4-43f8-a6f9-d8936c72862d,-114.1602347,51.0387953
6877,Richmond Rd Terminal SB,ACTIVE,2026-09-29T19:46:12.000Z,2026-09-29T19:46:12.000Z,bc643623-40bb-4ae0-9e4a-2506c92f8edb,-114.1602785,51.0184862
2097,NB Sherview Dr @ Sherwood Bv (North Leg) NW,ACTIVE,2026-09-29T19:46:12.000Z,2026-09-29T19:46:12.000Z,dcf1608a-62ee-43b6-b398-f06ad4d1dc2e,-114.160312,51.1658676
2095,SB Sherview DR @ Sherwood BV (North Leg) NW,ACTIVE,2026-09-29T19:46:12.000Z,2026-09-29T19:46:12.000Z,19637a3e-8c84-4831-8404-254fcc6c91b2,-114.1603424,51.1647674
7597,NB 51 ST SW @ 39 AV SW,ACTIVE,2026-09-29T19:46:12.000Z,2026-09-29T19:46:12.000Z,976651b9-c568-4aa8-8ced-1ebade0c05e9,-114.1603676,51.0198286
2098,NB Nolan Hill Dr @ Symons Valley PY NW,ACTIVE,2026-09-29T19:46:12.000Z,2026-09-29T19:46:12.000Z,91f721dd-d45e-4285-b2e2-97e2ce9d5ce0,-114.1604275,51.1689007
2035,NB Nolan Hill Dr @ Nolanfield Rd NW,ACTIVE,2026-09-29T19:46:12.000Z,2026-09-29T19:46:12.000Z,d6307c6a-cbc5-44aa-9b32-8c1f6988b40d,-114.1604329,51.1725833
6520,Richmond RD Terminal NB,ACTIVE,2026-09-29T19:46:12.000Z,2026-09-29T19:46:12.000Z,6a11e6e9-df5b-4da9-9327-fa4699e7f102,-114.1604543,51.0186434
3459,WB 112 AV NW @ Sherwood DR NW,ACTIVE,2026-09-29T19:46:12.000Z,2026-09-29T19:46:12.000Z,dab50f83-1016-4c79-a8db-a52d28707652,-114.1604801,51.1602915
9135,NB 16 AV NW @ Monterey AV,ACTIVE,2026-09-29T19:46:12.000Z,2026-09-29T19:46:12.000Z,d0939354-6dc4-4c2c-9378-6a362743061b,-114.1604855,51.0699052
8068,SB Glenside DR @ 17 AV SW,ACTIVE,2026-09-29T19:46:12.000Z,2026-09-29T19:46:12.000Z,7f7f38a1-e660-4296-a2da-b323aa24882b,-114.1605192,51.0381096
5802,WB Varsity DR @ Veronica RD NW,ACTIVE,2026-09-29T19:46:12.000Z,2026-09-29T19:46:12.000Z,f6c31824-5eb1-450e-ba13-c16869f7c2c2,-114.1605426,51.0936796
6038,Richmond Rd Terminal NB,ACTIVE,2026-09-29T19:46:12.000Z,2026-09-29T19:46:12.000Z,c2baf838-c9d9-4d5a-907c-a6c256c7a9c6,-114.1605983,51.0184337
5315,Richmond Road Terminal SB,ACTIVE,2026-09-29T19:46:12.000Z,2026-09-29T19:46:12.000Z,4de2f76a-1e82-42ca-8b3e-d6fb443943b0,-114.1606,51.0188268
8606,Richmond Road Terminal SB,ACTIVE,2026-09-29T19:46:12.000Z,2026-09-29T19:46:12.000Z,ae87c5a6-0d04-4e92-a3bc-bf2b5011158a,-114.1606339,51.0187377
2094,SB Sherview DR @ Symons Valley PY NW,ACTIVE,2026-09-29T19:46:12.000Z,2026-09-29T19:46:12.000Z,b4730e8d-90a9-4a50-bd79-f36d4d240ec4,-114.1608232,51.1672805
2033,SB Nolan Hill Dr @ Nolanfield Rd NW,ACTIVE,2026-09-29T19:46:12.000Z,2026-09-29T19:46:12.000Z,01c576ff-2fc1-43ec-8e72-09cf4b33619e,-114.1608386,51.1729205
7877,NB Bowness RD @ 46 ST NW,ACTIVE,2026-09-29T19:46:12.000Z,2026-09-29T19:46:12.000Z,4564ad8b-4917-415b-9b9d-2fc5fe6d6411,-114.1608391,51.07299
8371,SB Hamptons BV @ Hampshire GV NW,ACTIVE,2026-09-29T19:46:12.000Z,2026-09-29T19:46:12.000Z,84f21bfc-cf34-4ffe-9669-edc9bef773d0,-114.1608581,51.1416557
8780,NB 51 ST SW @ 35 AV SW,ACTIVE,2026-09-29T19:46:12.000Z,2026-09-29T19:46:12.000Z,519c73bd-de04-4c8e-8f5d-30394bdd9eee,-114.1608914,51.022225
8774,NB 51 ST SW @ 33 AV SW,ACTIVE,2026-09-29T19:46:12.000Z,2026-09-29T19:46:12.000Z,215a4960-bb28-438f-b6c3-7297512a66ae,-114.1608971,51.0242309
8775,NB 51 ST SW @ 30 AV SW,ACTIVE,2026-09-29T19:46:12.000Z,2026-09-29T19:46:12.000Z,88e4919f-6609-4df9-a02d-d9da303cec08,-114.1609043,51.0273793
6902,NB 51 ST SW @ Glenbrook Villas,ACTIVE,2026-09-29T19:46:12.000Z,2026-09-29T19:46:12.000Z,4051e235-5e60-4e8b-bd6e-069d8392bc52,-114.1609172,51.0295023
4155,NB Dalhousie CTrain Station,ACTIVE,2026-09-29T19:46:12.000Z,2026-09-29T19:46:12.000Z,32b36d4f-8c5a-4ce8-843c-222ae84772db,-114.1609742,51.1035338
2036,NB Nolan Hill Dr @ Nolanfield Ln NW,ACTIVE,2026-09-29T19:46:12.000Z,2026-09-29T19:46:12.000Z,146fe217-f496-4649-98fc-bb1518ac5cfc,-114.1610409,51.1745633
2031,WB Nolan Hill GA @ Shaganappi TR NW,ACTIVE,2026-09-29T19:46:12.000Z,2026-09-29T19:46:12.000Z,f4402691-9757-461d-8f00-a9d9d9e09f4f,-114.1610702,51.1799545
3960,SB Dalhousie CTrain Station,ACTIVE,2026-09-29T19:46:12.000Z,2026-09-29T19:46:12.000Z,1a72a558-d8fa-49d5-8179-13b92697562e,-114.1610819,51.1034096
8781,SB 51 ST SW @ Glengrove CL,ACTIVE,2026-09-29T19:46:12.000Z,2026-09-29T19:46:12.000Z,96284f1d-3dac-4588-bece-e482bc2fcac0,-114.1610944,51.0235701
4005,NB Hamptons BV @ Hamptons GR NW,ACTIVE,2026-09-29T19:46:12.000Z,2026-09-29T19:46:12.000Z,615497cc-478c-4c12-bf9b-a10ebce9a8cd,-114.1611069,51.1436586
9310,SB 51 ST SW @ 30 AV SW,ACTIVE,2026-09-29T19:46:12.000Z,2026-09-29T19:46:12.000Z,cc52ea21-6e08-436d-82d6-a4be4ce252a7,-114.1611142,51.0267457
8779,SB 51 ST SW @ 26 AV SW,ACTIVE,2026-09-29T19:46:12.000Z,2026-09-29T19:46:12.000Z,954760a7-39fc-48eb-914d-4ef7ba09e026,-114.1611373,51.0298675
5950,EB 40 AV NW @ Varscliff RD,ACTIVE,2026-09-29T19:46:12.000Z,2026-09-29T19:46:12.000Z,5f947736-899e-4b37-bf20-65bfdc955dc2,-114.1611795,51.0881813
8773,SB 51 ST SW @ Glenbrook PL,ACTIVE,2026-09-29T19:46:12.000Z,2026-09-29T19:46:12.000Z,ea6c7d23-e1f9-43f8-aee3-fe132b7bf385,-114.1611982,51.0214049
5484,EB Dalhousie DR @ 53 ST NW,ACTIVE,2026-09-29T19:46:12.000Z,2026-09-29T19:46:12.000Z,734169af-e1e2-4fb8-822e-86efbe3a54f1,-114.1612293,51.1074131
5488,EB Dalhousie DR @ 53 ST NW,ACTIVE,2026-09-29T19:46:12.000Z,2026-09-29T19:46:12.000Z,5ebac102-2f19-4930-945c-5bd8aa9a1ece,-114.1613413,51.1074518
3982,EB Dalhousie DR @ 53 ST NW,ACTIVE,2026-09-29T19:46:12.000Z,2026-09-29T19:46:12.000Z,b9f76872-acdb-40e6-a54a-6c12ca9aa798,-114.1613451,51.107389
7625,NB 53 ST NW @ Dalhousie DR,ACTIVE,2026-09-29T19:46:12.000Z,2026-09-29T19:46:12.000Z,9e43b04b-2ee3-4696-8a78-3633ab52e21c,-114.1615617,51.1082847
8372,SB Hamptons BV @ Hamptons GR NW,ACTIVE,2026-09-29T19:46:12.000Z,2026-09-29T19:46:12.000Z,22b7272f-c5d7-498e-a534-447f249e4401,-114.1616716,51.1430777
4019,WB Dalhousie DR @ Dalmeny GA NW,ACTIVE,2026-09-29T19:46:12.000Z,2026-09-29T19:46:12.000Z,7e046fcc-70a7-478b-a5f8-becbd8325bb7,-114.1618109,51.1161071
2053,EB Nolan Hill BV @ Nolanshire PT 100 NW,ACTIVE,2026-09-29T19:46:12.000Z,2026-09-29T19:46:12.000Z,16a4d1f4-680c-465d-8c02-b83b12bc2738,-114.1619575,51.171522
2066,WB Nolan Hill BV @ Nolanshire PT 100 NW,ACTIVE,2026-09-29T19:46:12.000Z,2026-09-29T19:46:12.000Z,74a5e123-1fad-4ec6-a448-ca43fad4ecee,-114.1620181,51.1717232
3862,NB SarceeTR NW @ Beacon Hill SC,ACTIVE,2026-09-29T19:46:12.000Z,2026-09-29T19:46:12.000Z,56cb8447-c0d5-449c-9a54-be11bfbee9e1,-114.1620338,51.1581444
2032,SB Nolan Hill Dr @ NolanCrest Heights NW,ACTIVE,2026-09-29T19:46:12.000Z,2026-09-29T19:46:12.000Z,8e87a84e-abd2-46a9-a156-14f63f85655d,-114.1622518,51.1762118
2037,NB Nolan Hill Dr @ Nolanfield Hts NW,ACTIVE,2026-09-29T19:46:12.000Z,2026-09-29T19:46:12.000Z,c14b6b5a-4b85-4117-81cd-6a8bdf16eb46,-114.1623002,51.176937
7089,WB 40 AV NW @ 52 ST NW,ACTIVE,2026-09-29T19:46:12.000Z,2026-09-29T19:46:12.000Z,cc148b19-7384-4224-b66b-f20445f82fbf,-114.1624832,51.0883479
2038,EB Nolan Hill GA @ Nolanfield WY NW,ACTIVE,2026-09-29T19:46:12.000Z,2026-09-29T19:46:12.000Z,a11e360b-44bf-409a-9659-9c2947f1914f,-114.1627632,51.1789747
5476,WB Dalhousie DR @ 53 ST NW,ACTIVE,2026-09-29T19:46:12.000Z,2026-09-29T19:46:12.000Z,8a38b0b1-4965-4012-a30f-fd7d5f7043cf,-114.1629104,51.1084254
9260,NB 16 AV NW @ 46 ST NW,ACTIVE,2026-09-29T19:46:12.000Z,2026-09-29T19:46:12.000Z,30ff6e68-bb6f-432c-9c6b-d7a8637ef292,-114.1629673,51.0718094
4054,WB 48 ST NW @ 19 AV NW,ACTIVE,2026-09-29T19:46:12.000Z,2026-09-29T19:46:12.000Z,e4ecf0f5-3889-4d79-bfb7-667d037f0eb0,-114.1631905,51.0753947
2923,WB 112 AV @ Sarcee TR NW,ACTIVE,2026-09-29T19:46:12.000Z,2026-09-29T19:46:12.000Z,b519af64-1ad6-4078-a525-86623c5fc709,-114.1633194,51.1599898
2057,WB Nolan Hill GA @ Nolan Hill DR NW,ACTIVE,2026-09-29T19:46:12.000Z,2026-09-29T19:46:12.000Z,35086c79-1741-4742-8e6a-69a328b75d6b,-114.1634985,51.1786292
6795,SB 16 AV NW @ Home RD NW,ACTIVE,2026-09-29T19:46:12.000Z,2026-09-29T19:46:12.000Z,5388b285-ab7b-4218-92b9-18517a998960,-114.1637644,51.0720806
2922,NB 112 AV @ Sarcee TR NW,ACTIVE,2026-09-29T19:46:12.000Z,2026-09-29T19:46:12.000Z,5e4536b5-93f7-4e5d-a21d-5d59643b3a8a,-114.1637729,51.1584043
5930,EB Varsity DR @ 53 ST NW,ACTIVE,2026-09-29T19:46:12.000Z,2026-09-29T19:46:12.000Z,c8df22de-a4ac-45f8-8ca9-4ab123fc68ee,-114.1639399,51.0932494
2052,EB Nolan Hill BV @ Nolanshire GR NW,ACTIVE,2026-09-29T19:46:12.000Z,2026-09-29T19:46:12.000Z,b493bd0c-6367-41ca-a9c3-89ee1d355b13,-114.1640484,51.1726782
6792,NB Home RD @ Bowness RD NW,ACTIVE,2026-09-29T19:46:12.000Z,2026-09-29T19:46:12.000Z,2e85f1ba-29ac-47b2-a718-3a89ada2ed4c,-114.1642953,51.0760062
5114,EB Dalhousie DR @ 54 ST NW,ACTIVE,2026-09-29T19:46:12.000Z,2026-09-29T19:46:12.000Z,05985dbc-9082-41ba-8874-d9f74301d41f,-114.1643075,51.1087111
6072,NB 53 ST NW @ Varsity Ridge GA,ACTIVE,2026-09-29T19:46:12.000Z,2026-09-29T19:46:12.000Z,04b1749e-c364-4591-8233-f4f6288e2e79,-114.1643364,51.0982061
6754,NB Home RD @ 46 ST NW,ACTIVE,2026-09-29T19:46:12.000Z,2026-09-29T19:46:12.000Z,9a2bdcb4-3839-4eb3-8151-da9ef8f2bc0b,-114.1643381,51.0711051
6794,NB Home RD @ 20 AV NW,ACTIVE,2026-09-29T19:46:12.000Z,2026-09-29T19:46:12.000Z,e04da894-16a4-4b43-bf2a-d56caee7d9fb,-114.1643388,51.0787956
7108,NB 53 ST NW @ Valencia RD,ACTIVE,2026-09-29T19:46:12.000Z,2026-09-29T19:46:12.000Z,eff90c46-5a21-4268-8925-72670dd4126b,-114.1643601,51.1008511
6697,NB 53 ST NW @ Varsity Estates DR,ACTIVE,2026-09-29T19:46:12.000Z,2026-09-29T19:46:12.000Z,d26899ea-036d-460c-9496-cf1a4a9e6173,-114.1643612,51.0968665
7106,EB Dalhousie DR @ 54 ST NW,ACTIVE,2026-09-29T19:46:12.000Z,2026-09-29T19:46:12.000Z,ceb471c4-8ef5-4cae-8f2f-2782eecfa193,-114.1643629,51.1087395
7090,NB 53 ST NW @ Valiant DR,ACTIVE,2026-09-29T19:46:12.000Z,2026-09-29T19:46:12.000Z,2dae15c4-bffe-4306-a9f4-4355bb8284eb,-114.1643736,51.0905975
6249,NB 53 ST NW @ S. of Varsity DR,ACTIVE,2026-09-29T19:46:12.000Z,2026-09-29T19:46:12.000Z,903d5e70-36a6-4696-a31c-9c56db576e8d,-114.1643941,51.0928287
6609,SB Home RD @ Bowness RD NW,ACTIVE,2026-09-29T19:46:12.000Z,2026-09-29T19:46:12.000Z,0d1f3c87-6446-41c3-bcc9-f3ca20dc01df,-114.1645301,51.0749685
6798,SB Home RD @ 20 AV NW,ACTIVE,2026-09-29T19:46:12.000Z,2026-09-29T19:46:12.000Z,df65a49d-bed4-4296-8335-584abb18605b,-114.1645336,51.0779458
6581,SB Home RD @ 16 AV NW,ACTIVE,2026-09-29T19:46:12.000Z,2026-09-29T19:46:12.000Z,0e034deb-0864-4fe7-ab1e-4507028b0600,-114.1645445,51.0733318
5829,SB 53 ST NW @ Varsity DR,ACTIVE,2026-09-29T19:46:12.000Z,2026-09-29T19:46:12.000Z,1976120c-201c-45b6-9aa0-f4239f73f32b,-114.1645603,51.0928903
7088,SB 53 ST NW @ Valiant DR,ACTIVE,2026-09-29T19:46:12.000Z,2026-09-29T19:46:12.000Z,415677a5-0b2a-4a42-8178-333c00a7ac9b,-114.1645745,51.0896489
7129,SB 53 ST NW @ Valparaiso PL,ACTIVE,2026-09-29T19:46:12.000Z,2026-09-29T19:46:12.000Z,1273f4e8-57f6-4c35-a0d5-42bbc5e147e6,-114.1646136,51.1006773
8799,WB Bowness RD @ Home RD NW,ACTIVE,2026-09-29T19:46:12.000Z,2026-09-29T19:46:12.000Z,f7022b8b-415b-4119-88cb-3a4eb4bccdcc,-114.1646469,51.0753941
7130,SB 53 ST @ Varsity Estates GV NW,ACTIVE,2026-09-29T19:46:12.000Z,2026-09-29T19:46:12.000Z,97ea7f30-fedb-4edc-9438-cedeb5e994a1,-114.1646475,51.097557
6078,SB 53 ST NW @ Varsity Estates DR,ACTIVE,2026-09-29T19:46:12.000Z,2026-09-29T19:46:12.000Z,a4c27f1b-6215-485b-9ade-f93fb7cbdb63,-114.1646488,51.0961359
2067,WB Nolan Hill BV @ Nolanshire CR NW,ACTIVE,2026-09-29T19:46:12.000Z,2026-09-29T19:46:12.000Z,312688d4-c24a-479d-b68e-db4dbd92cb8e,-114.1647247,51.173246
7107,WB Dalhousie DR @ 54 ST NW,ACTIVE,2026-09-29T19:46:12.000Z,2026-09-29T19:46:12.000Z,76c9879b-ec68-44ad-9fc2-f1ebe69ff593,-114.1648479,51.109219
6554,EB Bowness RD @ Home RD NW,ACTIVE,2026-09-29T19:46:12.000Z,2026-09-29T19:46:12.000Z,1a9162fa-a670-4e05-ad14-d8a8c1d08bbb,-114.164853,51.0752912
7109,WB Varsity Estates DR @ Varsity Estates RD NW,ACTIVE,2026-09-29T19:46:12.000Z,2026-09-29T19:46:12.000Z,77e714c7-23d7-428c-908f-cc6afaef9170,-114.1650753,51.1031711
5808,WB Varsity Estates DR @ 53 ST NW,ACTIVE,2026-09-29T19:46:12.000Z,2026-09-29T19:46:12.000Z,26b82bd8-11e0-4303-8e96-bd66973d7b5f,-114.1652385,51.096537
7789,SB Patina DR @ Village Mews SW,ACTIVE,2026-09-29T19:46:12.000Z,2026-09-29T19:46:12.000Z,16ff054b-c193-4534-8506-230d6c8a6611,-114.1652773,51.0587782
2055,EB Nolan Hill DR @ Nolanfield PT NW,ACTIVE,2026-09-29T19:46:12.000Z,2026-09-29T19:46:12.000Z,8d52bf29-883d-4f06-bd2f-5c0922ac8a00,-114.1652939,51.1785432
6088,EB Varsity Estates DR @ Varsity Estates RD NW,ACTIVE,2026-09-29T19:46:12.000Z,2026-09-29T19:46:12.000Z,aee7dc15-5d76-4825-985e-ec278afa5504,-114.1654188,51.1031614
4018,SB Dalhousie DR @ Dalcastle DR NW,ACTIVE,2026-09-29T19:46:12.000Z,2026-09-29T19:46:12.000Z,a5819147-4f8c-4a9c-a703-0cc03314c375,-114.1655689,51.1144803
6335,NB @ Hawkstone DR NW Hawkstone Terminal,ACTIVE,2026-09-29T19:46:12.000Z,2026-09-29T19:46:12.000Z,9d1c13d9-de66-47d5-b7c4-62dea1a7a904,-114.1658739,51.1330707
7228,WB @ Hawkstone DR NW Terminal,ACTIVE,2026-09-29T19:46:12.000Z,2026-09-29T19:46:12.000Z,2da59b7f-e788-4b9d-8ebc-3c2463dc7dd5,-114.1660847,51.1331297
7208,NB Hawkstone DR @ Hawkcliff WY NW,ACTIVE,2026-09-29T19:46:12.000Z,2026-09-29T19:46:12.000Z,3a74dc2f-8559-4af1-b531-e37f7e43c24a,-114.1660876,51.1314478
2047,WB Nolan Hill DR NW @ Nolanfield PT NW,ACTIVE,2026-09-29T19:46:12.000Z,2026-09-29T19:46:12.000Z,4d2c735f-345a-4783-98bf-9026aab198f9,-114.1661005,51.1788317
7790,SB  Patina DR @ Village GD SW,ACTIVE,2026-09-29T19:46:12.000Z,2026-09-29T19:46:12.000Z,92f644a6-2c19-42ca-b554-5c1e9d971420,-114.166161,51.0566949
7777,NB Sirocco DR @ Sirocco PL SW,ACTIVE,2026-09-29T19:46:12.000Z,2026-09-29T19:46:12.000Z,01fadc45-5d21-4bb8-a829-b2da18b85469,-114.1666393,51.0343726
7210,NB Hawkwood BV @ Hawkcliff GA NW,ACTIVE,2026-09-29T19:46:12.000Z,2026-09-29T19:46:12.000Z,3aa9bca3-13e7-4dd3-8372-da2c108bbc7b,-114.1666541,51.127333
7122,EB Varsity Estates DR @ Varsity Estates RI NW,ACTIVE,2026-09-29T19:46:12.000Z,2026-09-29T19:46:12.000Z,9db58a6d-f55b-4e7b-b575-b915ea0b7840,-114.1666604,51.0964096
7776,NB Sirocco DR @ Signal Hill HT SW,ACTIVE,2026-09-29T19:46:12.000Z,2026-09-29T19:46:12.000Z,3369c7e8-ed05-49a6-a72b-132b4e91c8cc,-114.1668262,51.0329469
6403,NB Hawkwood BV @ Hawksbrow RD NW,ACTIVE,2026-09-29T19:46:12.000Z,2026-09-29T19:46:12.000Z,1e2dd2cf-adfe-42d6-838c-7bb90636d3f5,-114.1669058,51.1253243
8067,SB  Sirocco DR @  Sirocco PL SW,ACTIVE,2026-09-29T19:46:12.000Z,2026-09-29T19:46:12.000Z,2998a66a-ce47-4eaf-9cd1-a5a201cdcbf2,-114.1669303,51.0335791
7212,SB Hawkwood BV @ Hawkcliff GA NW,ACTIVE,2026-09-29T19:46:12.000Z,2026-09-29T19:46:12.000Z,03e28c86-fc12-40a8-a011-45add1833d6d,-114.1669331,51.1267461
6394,WB Hawkstone DR @ Hawkcliff WY NW,ACTIVE,2026-09-29T19:46:12.000Z,2026-09-29T19:46:12.000Z,e069cb8e-a791-4ded-966b-074486123900,-114.1672263,51.1308278
7582,SB Dalhousie DR @ 66 AV NW,ACTIVE,2026-09-29T19:46:12.000Z,2026-09-29T19:46:12.000Z,ab833d1c-692f-4ab3-9b9d-b42423da3cb2,-114.1674504,51.1119895
5922,SB Dalhousie DR @ 66 AV NW,ACTIVE,2026-09-29T19:46:12.000Z,2026-09-29T19:46:12.000Z,1e337f33-da76-4987-8a03-53a12e2e2f0d,-114.1675404,51.1119197
5688,EB Sirocco DR @ Signature WY SW,ACTIVE,2026-09-29T19:46:12.000Z,2026-09-29T19:46:12.000Z,b4abc4e3-83b9-431d-b221-596d65323d1c,-114.1675959,51.0355291
5803,WB Hawkstone DR @ Hawkstone CL NW,ACTIVE,2026-09-29T19:46:12.000Z,2026-09-29T19:46:12.000Z,429f4d6d-fa7b-48ea-b71b-3c03cf0db448,-114.1677475,51.1346902
7110,WB Varsity Estates DR @ Varsity Estates RI NW,ACTIVE,2026-09-29T19:46:12.000Z,2026-09-29T19:46:12.000Z,cb76044a-e711-4c84-8575-3242cb10514d,-114.1677669,51.0965353
5909,WB 66 AV NW @ Dalhousie DR,ACTIVE,2026-09-29T19:46:12.000Z,2026-09-29T19:46:12.000Z,4d34b58c-c436-4351-99b3-2d33af0d2953,-114.1678229,51.1124392
7213,WB Hawksbrow DR @ Hawkwood BV NW,ACTIVE,2026-09-29T19:46:12.000Z,2026-09-29T19:46:12.000Z,29e220b0-d4dc-4bce-be4f-79c47c11fa15,-114.1679751,51.1251344
3860,NB Sarcee TR @ Citadel GR NW,ACTIVE,2026-09-29T19:46:12.000Z,2026-09-29T19:46:12.000Z,4ba4c6e1-43a9-4726-98ac-3c0bdfe122be,-114.1680068,51.1451662
2051,SB Nolan Hill Bv @ Nolancliff Crescent nw,ACTIVE,2026-09-29T19:46:12.000Z,2026-09-29T19:46:12.000Z,c41c0cac-5747-42ef-a0e1-71119a58d355,-114.1682151,51.173166
9954,NB Sirocco DR @ Signature PK SW,ACTIVE,2026-09-29T19:46:12.000Z,2026-09-29T19:46:12.000Z,b85af76c-c6a0-47a9-ac23-9408eb647e3e,-114.168301,51.0363647
6785,EB Patina DR @ Patina PL SW,ACTIVE,2026-09-29T19:46:12.000Z,2026-09-29T19:46:12.000Z,fac7ba26-1211-4b39-9d12-def94a1cf471,-114.1683721,51.0606882
7775,NB Sirocco DR @ Signature PA SW,ACTIVE,2026-09-29T19:46:12.000Z,2026-09-29T19:46:12.000Z,644a5de5-98e2-42a2-b9ca-721ef233b91c,-114.1683996,51.0363851
4173,SB Strathcona DR @ Strathcona CR SW,ACTIVE,2026-09-29T19:46:12.000Z,2026-09-29T19:46:12.000Z,8fd434e6-b15b-4179-8754-50a8859b63eb,-114.1684117,51.0474129
3861,SB Sarcee TR @ Citadel BV NW,ACTIVE,2026-09-29T19:46:12.000Z,2026-09-29T19:46:12.000Z,5a269b98-0d11-4608-9d84-7d018bf082fe,-114.168432,51.1440611
4172,SB Strathcona DR @ Strathcona HL SW,ACTIVE,2026-09-29T19:46:12.000Z,2026-09-29T19:46:12.000Z,8a58d5ed-906c-41df-9ded-1ce076101a97,-114.1684807,51.0495554
8900,EB Cathedral Manor @ Varsity Estates VW NW,ACTIVE,2026-09-29T19:46:12.000Z,2026-09-29T19:46:12.000Z,dabf3e66-b0de-4bbd-8cf2-dcd62b6cccf4,-114.1685592,51.1055402
6517,SB Strathcona DR @ Strathcona PL SW,ACTIVE,2026-09-29T19:46:12.000Z,2026-09-29T19:46:12.000Z,ac0b6b9e-4657-4644-9ad8-e0bd1fdb575c,-114.1686857,51.0457286
4168,SB Strathcona DR @ Strathlorne CR SW,ACTIVE,2026-09-29T19:46:12.000Z,2026-09-29T19:46:12.000Z,1d5addb9-2689-4004-80aa-0d3362242771,-114.1686944,51.0439478
6073,WB Varsity Estates DR @ Varsity Estates PL NW,ACTIVE,2026-09-29T19:46:12.000Z,2026-09-29T19:46:12.000Z,1bdd92c9-7775-44c3-8a9f-9fd5b367f7ee,-114.1687283,51.1046448
7209,EB Hawkstone DR @ Hawkwood BV NW,ACTIVE,2026-09-29T19:46:12.000Z,2026-09-29T19:46:12.000Z,7ab30092-e7de-473f-b194-66cb6931ebb5,-114.1688251,51.1296973
6866,SB Stewart GR @ S. of Richmond RD SW,ACTIVE,2026-09-29T19:46:12.000Z,2026-09-29T19:46:12.000Z,82ed94cf-2eaf-4e8c-a847-87d242cd1765,-114.1688654,51.0156455
7211,SB Hawkwood BV @ Hawkview RD NW,ACTIVE,2026-09-29T19:46:12.000Z,2026-09-29T19:46:12.000Z,40be31e2-c634-4632-a1dc-f24aa6a5537a,-114.1690969,51.1292271
6505,EB 17 AV SW @ Sirocco DR,ACTIVE,2026-09-29T19:46:12.000Z,2026-09-29T19:46:12.000Z,dd1637c7-5b77-462f-b8d1-334f5d6b3631,-114.1691869,51.0377444
2068,WB Nolan Hill BV @ Nolancrest HT NW,ACTIVE,2026-09-29T19:46:12.000Z,2026-09-29T19:46:12.000Z,49ceb247-c78b-4e6e-95eb-fee1c946a3e3,-114.1692743,51.1732294
3629,EB Sirocco CTrain Station,ACTIVE,2026-09-29T19:46:12.000Z,2026-09-29T19:46:12.000Z,ee3a3f7a-0a4c-452a-b3c3-312102f1a902,-114.1694984,51.0381118
6786,WB Patina DR @ Village HT SW,ACTIVE,2026-09-29T19:46:12.000Z,2026-09-29T19:46:12.000Z,cc6bc133-572f-4c3b-b926-423f27f19a15,-114.1695369,51.0568037
3628,WB Sirocco CTrain Station,ACTIVE,2026-09-29T19:46:12.000Z,2026-09-29T19:46:12.000Z,5cf33bd4-e7d9-4df0-a2d7-ff5c9736d390,-114.1695997,51.0381583
7774,SB Sirocco DR @ 17 AV SW,ACTIVE,2026-09-29T19:46:12.000Z,2026-09-29T19:46:12.000Z,ac359817-ff07-405f-aff6-37e17e58173d,-114.1696285,51.0370535
7785,EB Sirocco DR @ Signal Hill DR SW,ACTIVE,2026-09-29T19:46:12.000Z,2026-09-29T19:46:12.000Z,1d1a0b8b-87cf-46cb-8dbd-43f9fbcfbd23,-114.1697073,51.0324861
7203,EB Hawksbrow DR @ Hawkridge PL NW,ACTIVE,2026-09-29T19:46:12.000Z,2026-09-29T19:46:12.000Z,1655b672-0415-46dd-a292-784f4a71ce1e,-114.1700632,51.125113
7780,NB Signal Hill DR @ Signal Hill WY SW,ACTIVE,2026-09-29T19:46:12.000Z,2026-09-29T19:46:12.000Z,31d3d619-3533-430e-bc9d-8ca1c84dd38f,-114.1700937,51.024742
7383,NB Signal Hill DR @ Signal Hill WY SW,ACTIVE,2026-09-29T19:46:12.000Z,2026-09-29T19:46:12.000Z,2fb4b97c-7a81-4de1-8410-f8dbd2621bfe,-114.1701157,51.027423
7226,EB Hawkstone DR @ Hawktree CL NW,ACTIVE,2026-09-29T19:46:12.000Z,2026-09-29T19:46:12.000Z,347afa59-ce3a-47a9-bfd0-d2035deef98a,-114.1701178,51.1349724
7596,EB Richmond RD @ Stewart GR SW,ACTIVE,2026-09-29T19:46:12.000Z,2026-09-29T19:46:12.000Z,4aaac082-052d-4441-b250-c5a1bbcb82bb,-114.1701239,51.0172231
7193,WB 66 AV NW @ Dalcastle CO,ACTIVE,2026-09-29T19:46:12.000Z,2026-09-29T19:46:12.000Z,5133869f-a1da-4de6-816b-d034a5ed756a,-114.1701492,51.1131882
8065,NB Signal Hill DR @ Signal Ridge HT SW,ACTIVE,2026-09-29T19:46:12.000Z,2026-09-29T19:46:12.000Z,f49df765-807f-4c91-b0c8-9fd565446fcd,-114.1702189,51.0308795
8961,EB Richmond RD @ Stewart GR SW,ACTIVE,2026-09-29T19:46:12.000Z,2026-09-29T19:46:12.000Z,1b8f035e-f745-4de9-b61b-d48c320b3ee5,-114.1702669,51.0172176
7779,SB Signal Hill DR @ Signal Hill WY SW,ACTIVE,2026-09-29T19:46:12.000Z,2026-09-29T19:46:12.000Z,3b5e7fcd-f516-48be-83a9-31e91caecb9a,-114.1703249,51.0265645
7778,WB Signal Hill DR @ Signal Hill BA SW,ACTIVE,2026-09-29T19:46:12.000Z,2026-09-29T19:46:12.000Z,0433339e-f4e5-40a7-92d7-dea8f4691f7d,-114.1703333,51.0299378
2056,NB Nolan Hill Bv @ Nolan Hill Dr NW,ACTIVE,2026-09-29T19:46:12.000Z,2026-09-29T19:46:12.000Z,a1a49c63-e76b-467b-a129-fd93abfa560d,-114.1703446,51.1783912
7781,SB Signal Hill DR @ Sienna Hills PL SW,ACTIVE,2026-09-29T19:46:12.000Z,2026-09-29T19:46:12.000Z,2e3d2b48-b8f0-4aaf-9417-bc87e6132a9b,-114.1703746,51.0238763
6087,EB Varsity Estates DR @ Varsity Estates PL NW,ACTIVE,2026-09-29T19:46:12.000Z,2026-09-29T19:46:12.000Z,1381dc01-e470-4283-8628-ea2b032e2c3a,-114.1704341,51.1045512
8066,SB Signal Hill DR @ Sirocco DR SW,ACTIVE,2026-09-29T19:46:12.000Z,2026-09-29T19:46:12.000Z,653fb53b-ebe4-4b70-b560-e18fa2034b1c,-114.1704452,51.0320812
6639,SB Bowness RD @ 52 ST NW,ACTIVE,2026-09-29T19:46:12.000Z,2026-09-29T19:46:12.000Z,721759b5-df5a-4f67-8f25-f946a5387d05,-114.170495,51.077128
7195,EB 66 AV NW @ Dalcastle RI,ACTIVE,2026-09-29T19:46:12.000Z,2026-09-29T19:46:12.000Z,7d15b8e4-60fa-4b18-89a4-d377853b18f6,-114.1706031,51.1132442
2048,SB Nolan Hill Bvd @ Nolancrest Gr NW,ACTIVE,2026-09-29T19:46:12.000Z,2026-09-29T19:46:12.000Z,fb4e9d43-8175-4bcc-b67f-b5626d5faf5d,-114.1706195,51.1785292
6395,WB Hawksbrow DR @ Hawkridge PL NW,ACTIVE,2026-09-29T19:46:12.000Z,2026-09-29T19:46:12.000Z,41b14750-a722-4111-9280-666ab575c419,-114.1706654,51.1255503
8932,WB Sirocco DR @ Signal Hill DR SW,ACTIVE,2026-09-29T19:46:12.000Z,2026-09-29T19:46:12.000Z,80639775-d4dc-43b6-a8db-1f5e8b693fb2,-114.1707657,51.0326737
8802,NB Bowness RD @ 52 ST NW,ACTIVE,2026-09-29T19:46:12.000Z,2026-09-29T19:46:12.000Z,02c46a39-4446-4e73-b81c-616961575f3f,-114.1709578,51.0775925
4574,WB 17 AV SW @ Costello BV,ACTIVE,2026-09-29T19:46:12.000Z,2026-09-29T19:46:12.000Z,8510b137-d402-479b-acf2-1d03dce90297,-114.1709873,51.0374642
6790,WB 17 AV SW @ Costello BV,ACTIVE,2026-09-29T19:46:12.000Z,2026-09-29T19:46:12.000Z,18071571-3e0e-4601-b1fa-74cb31a3fc85,-114.1709879,51.0374552
5827,EB Varsity Estates DR W. of Varsity Estates RI NW,ACTIVE,2026-09-29T19:46:12.000Z,2026-09-29T19:46:12.000Z,f6daa19c-1c8d-4ef3-a2b4-154f455e51e6,-114.1710069,51.0968117
2050,SB Nolan Hill Bv @ Nolancliff Ct NW,ACTIVE,2026-09-29T19:46:12.000Z,2026-09-29T19:46:12.000Z,30abcce1-35dc-41ab-a677-ca2f66ddf34a,-114.1712368,51.1735432
6781,WB Hawstone DR @ Hawktree CL NW,ACTIVE,2026-09-29T19:46:12.000Z,2026-09-29T19:46:12.000Z,c0ce39d5-c4b5-4d1c-bb6c-b5d33a16234e,-114.171246,51.1352246
2069,NB Nolan Hill Bv @ Nolancrest Ga NW,ACTIVE,2026-09-29T19:46:12.000Z,2026-09-29T19:46:12.000Z,139868f1-7be1-4cac-aa16-ea96bfd5b368,-114.1714323,51.1741595
4171,EB Strathcona DR @ Stranraer PL SW,ACTIVE,2026-09-29T19:46:12.000Z,2026-09-29T19:46:12.000Z,ea5bd5cb-9eda-400e-9f55-e2b6f7c3233b,-114.1714467,51.0495913
2070,NB Nolan Hill Bv @ Nolan Hill Ave NW,ACTIVE,2026-09-29T19:46:12.000Z,2026-09-29T19:46:12.000Z,90594edf-8f30-4699-8d18-5cf7a6abaae0,-114.1714842,51.1763024
8424,SB Stewart GR @ Signal Hill CE SW,ACTIVE,2026-09-29T19:46:12.000Z,2026-09-29T19:46:12.000Z,ad3fd6e8-f1c8-4bf0-9e18-1893a7973aa4,-114.1716624,51.017953
6269,SB Citadel DR @ Citadel CL NW,ACTIVE,2026-09-29T19:46:12.000Z,2026-09-29T19:46:12.000Z,96d0c4ab-7053-4c19-b656-193b2fa2c349,-114.1717533,51.1418929
2049,SB Nolan Hill Bv @ Nolan Hill Ave NW,ACTIVE,2026-09-29T19:46:12.000Z,2026-09-29T19:46:12.000Z,faedfcbd-36a6-4613-8b70-545487a74bae,-114.171777,51.1754694
7264,WB Richmond RD @ Signal Hill Mall SW,ACTIVE,2026-09-29T19:46:12.000Z,2026-09-29T19:46:12.000Z,3153b05e-c6ab-4500-b0d7-0957b789c0e3,-114.1719728,51.01707
7621,NB Citadel DR @ Citadel CL NW,ACTIVE,2026-09-29T19:46:12.000Z,2026-09-29T19:46:12.000Z,893d7e2f-c2b2-4062-b9df-2a20bad56d62,-114.1719768,51.1426808
7620,NB Citadel DR @ Citadel LI NW,ACTIVE,2026-09-29T19:46:12.000Z,2026-09-29T19:46:12.000Z,1541fed8-972a-44b2-866b-ab132ab3c3ce,-114.1721772,51.140572
4170,WB Strathcona DR @ 58 ST SW,ACTIVE,2026-09-29T19:46:12.000Z,2026-09-29T19:46:12.000Z,03b2372e-7bfa-4aa3-ba09-6e501ebff762,-114.1721986,51.0421708
7111,WB Varsity Estates DR @ W of Varsity Estates RI NW,ACTIVE,2026-09-29T19:46:12.000Z,2026-09-29T19:46:12.000Z,cc8c519f-45e0-4eec-9284-0f3afef00040,-114.1722309,51.0975879
6834,WB Citadel DR @ Citadel Meadow GV NW,ACTIVE,2026-09-29T19:46:12.000Z,2026-09-29T19:46:12.000Z,3e208fac-422c-4810-b5f4-46effcb8cb9d,-114.1726292,51.1481474
8326,SB Citadel DR @ Citadel Meadow GV NW,ACTIVE,2026-09-29T19:46:12.000Z,2026-09-29T19:46:12.000Z,19c44a57-a357-4798-817c-77addeee1fb2,-114.1726638,51.1473477
7123,NB Varsity Estates DR @ Varsity Estates PL NW,ACTIVE,2026-09-29T19:46:12.000Z,2026-09-29T19:46:12.000Z,2dafd3e0-9f3e-4511-981d-95b93088ea8c,-114.1727074,51.1052269
7194,EB 66 AV NW @ Dalcastle WY,ACTIVE,2026-09-29T19:46:12.000Z,2026-09-29T19:46:12.000Z,bf67bbbd-df97-4e28-9716-68e30f052b14,-114.1727834,51.1142774
7268,NB Citadel DR @ Citadel BV NW,ACTIVE,2026-09-29T19:46:12.000Z,2026-09-29T19:46:12.000Z,50432f45-0e57-44a6-8a89-b56f058c7576,-114.1730888,51.1450733
8818,NB Bowness RD @ 33 AV NW,ACTIVE,2026-09-29T19:46:12.000Z,2026-09-29T19:46:12.000Z,810517e0-7b74-4e91-8998-4d31e56567f1,-114.1731758,51.0828056
8804,NB Bowness RD @ Bowwater CR NW,ACTIVE,2026-09-29T19:46:12.000Z,2026-09-29T19:46:12.000Z,7c1e9b42-a567-408d-b3f8-6322498e4aaf,-114.1731915,51.0811419
6268,SB Citadel DR @ Citadel BV NW,ACTIVE,2026-09-29T19:46:12.000Z,2026-09-29T19:46:12.000Z,22c62dfa-0a3e-4958-9842-050e37ef63d5,-114.1732129,51.1442129
6638,SB Bowness RD @ Bowwood DR NW,ACTIVE,2026-09-29T19:46:12.000Z,2026-09-29T19:46:12.000Z,29dc160b-bdef-4a3a-be01-a01414305aca,-114.1732468,51.0797671
8817,SB Bowness RD @ 33 AV NW,ACTIVE,2026-09-29T19:46:12.000Z,2026-09-29T19:46:12.000Z,88aa2ec6-bc6f-4cfc-adbb-f5412b73a348,-114.1734088,51.0829641
7127,SB Varsity Estates DR @ Varsity Estates VW NW,ACTIVE,2026-09-29T19:46:12.000Z,2026-09-29T19:46:12.000Z,0620d0c8-b57c-441c-8733-48ffa25b36df,-114.1734098,51.1061254
7771,WB Signal Hill DR @ Signal Hill PT SW,ACTIVE,2026-09-29T19:46:12.000Z,2026-09-29T19:46:12.000Z,d25e1521-3bce-42cf-a43e-349bee59889a,-114.1736246,51.0217963
7192,WB 66 AV NW @ Dalcastle WY,ACTIVE,2026-09-29T19:46:12.000Z,2026-09-29T19:46:12.000Z,7a7c560b-07c5-40d3-a637-09543a7ba8cb,-114.1737033,51.1148933
6277,WB Citadel DR @ Citadel PA NW,ACTIVE,2026-09-29T19:46:12.000Z,2026-09-29T19:46:12.000Z,76ba1bff-44d5-4d65-b208-9202666444ab,-114.1737548,51.1402593
7787,WB Coach Hill RD @ Patina DR SW,ACTIVE,2026-09-29T19:46:12.000Z,2026-09-29T19:46:12.000Z,83556ea2-6c54-4b1d-a89b-e7a58cb385e6,-114.1738605,51.0570523
8455,NB Varsity Estates DR @ Varsity Estates PL NW,ACTIVE,2026-09-29T19:46:12.000Z,2026-09-29T19:46:12.000Z,5409289c-6bf4-4436-bcf7-1fe7f5820e01,-114.1739015,51.0994722
7772,EB Signal Hill DR @ Signal Hill PT SW,ACTIVE,2026-09-29T19:46:12.000Z,2026-09-29T19:46:12.000Z,85815469-194f-4ebb-9157-9da44ce7b57b,-114.1739209,51.0216146
6741,NB Bowwood DR @ Bowness RD NW,ACTIVE,2026-09-29T19:46:12.000Z,2026-09-29T19:46:12.000Z,b954835e-6e5d-4f8b-b990-1844d0a1566c,-114.1739812,51.0803695
7121,SB Varsity Estates DR @ 1000 Varsity Estates PL NW,ACTIVE,2026-09-29T19:46:12.000Z,2026-09-29T19:46:12.000Z,8b2b52ba-970b-4c42-b048-10f12c82969f,-114.174229,51.0994892
4072,SB Bowwood DR @ 31 AV NW,ACTIVE,2026-09-29T19:46:12.000Z,2026-09-29T19:46:12.000Z,2b1bf6da-4a18-45ae-abc8-4f98e1a00975,-114.1742537,51.0803491
8933,WB Sirocco DR @ Signature WY SW,ACTIVE,2026-09-29T19:46:12.000Z,2026-09-29T19:46:12.000Z,737f738c-1850-42b0-b157-f429f9bce742,-114.1746381,51.0309235
7225,EB Hawkstone DR @ Hawkmount HT NW,ACTIVE,2026-09-29T19:46:12.000Z,2026-09-29T19:46:12.000Z,e76b51a0-fcef-4d94-bacb-e91bc4314fc3,-114.1747545,51.1348957
7446,EB Patina DR @ Prominence WY SW,ACTIVE,2026-09-29T19:46:12.000Z,2026-09-29T19:46:12.000Z,7be21f50-96e7-4624-ad9b-131819e99962,-114.1749465,51.0628892
7214,NB Hawksbrow DR @ Hawkridge CO NW,ACTIVE,2026-09-29T19:46:12.000Z,2026-09-29T19:46:12.000Z,5bbd4542-3acd-4402-b778-2502c66a381f,-114.1753496,51.1274896
7263,EB Richmond RD @ Sierra Morena BV SW,ACTIVE,2026-09-29T19:46:12.000Z,2026-09-29T19:46:12.000Z,c85613b4-0885-40c9-9875-69f25f92101c,-114.1753593,51.0160187
8422,EB Signal Hill Centre @ Sierra Morena BV SW,ACTIVE,2026-09-29T19:46:12.000Z,2026-09-29T19:46:12.000Z,2c826d5d-936b-410e-a561-01c0c8f8964b,-114.1753837,51.0179621
8816,EB Bowness RD @ 61 ST NW,ACTIVE,2026-09-29T19:46:12.000Z,2026-09-29T19:46:12.000Z,ec4c8c1e-d27f-4e29-be75-d963c6630faa,-114.1757623,51.0837136
7202,SB Hawksbrow DR @ Hawkwood HL NW,ACTIVE,2026-09-29T19:46:12.000Z,2026-09-29T19:46:12.000Z,a80ee293-ccdf-4053-bef6-2c7d72d43534,-114.1757756,51.1275358
7200,SB Ranchview DR @ Ranchview ME NW,ACTIVE,2026-09-29T19:46:12.000Z,2026-09-29T19:46:12.000Z,1913e331-74b9-432d-adab-77a84ef30acf,-114.1757949,51.1182269
4169,WB Strathcona DR @ Strathcona RD SW,ACTIVE,2026-09-29T19:46:12.000Z,2026-09-29T19:46:12.000Z,36b81d90-77e9-40cb-9117-957bba4c5078,-114.1758327,51.0427085
7191,WB Ranchview LI @ Ranch Estates DR NW,ACTIVE,2026-09-29T19:46:12.000Z,2026-09-29T19:46:12.000Z,2a243090-5900-4a3c-8a5a-2e6f2e02e792,-114.1758355,51.1157813
7588,NB Sierra Morena BV @ Richmond RD SW,ACTIVE,2026-09-29T19:46:12.000Z,2026-09-29T19:46:12.000Z,99345181-4f18-4553-88b5-8ed3ffd825ca,-114.1758808,51.0168228
8007,NB Sierra Morena BV @ Sierra Morena MEWS SW,ACTIVE,2026-09-29T19:46:12.000Z,2026-09-29T19:46:12.000Z,5906ae9a-028f-4df1-9a21-b2ab471e5b47,-114.1758975,51.0151412
5921,EB Ranchview LI @ Ranchview DR NW,ACTIVE,2026-09-29T19:46:12.000Z,2026-09-29T19:46:12.000Z,fd53c991-e2a8-4956-8c8a-25ab20c8a2f3,-114.1759192,51.1156979
6867,NB Sierra Morena BV @ Signal Hill CTR SW,ACTIVE,2026-09-29T19:46:12.000Z,2026-09-29T19:46:12.000Z,e855006d-2251-4c77-90dc-bb5e2103a817,-114.1759543,51.0186164
7126,EB Varsity Estates DR @ Varsity Estates PL NW,ACTIVE,2026-09-29T19:46:12.000Z,2026-09-29T19:46:12.000Z,cdda9d86-d0c1-4d14-9bbc-5f71720486d8,-114.1760454,51.1076552
5910,NB Ranchview DR @ Ranchview ME NW,ACTIVE,2026-09-29T19:46:12.000Z,2026-09-29T19:46:12.000Z,877bd6ea-2c33-4cb8-aa21-890407a4534e,-114.1760888,51.1186567
7233,WB Hawkstone DR @ Hawkmount CL NW,ACTIVE,2026-09-29T19:46:12.000Z,2026-09-29T19:46:12.000Z,da70bf7a-7d46-4226-aa1a-75a128f6f076,-114.1761974,51.1349126
6907,SB Sierra Morena BV @ Sierra Morena CI SW,ACTIVE,2026-09-29T19:46:12.000Z,2026-09-29T19:46:12.000Z,94281ee5-1e90-455f-b949-e39b464b37d1,-114.1762265,51.0177037
3726,SB Sierra Morena BV @ S Morena CL SW,ACTIVE,2026-09-29T19:46:12.000Z,2026-09-29T19:46:12.000Z,c4a30455-c72c-43dc-9ca7-78501da98ace,-114.1762911,51.0145301
7261,EB Citadel DR @ 400 Citadel Meadow BA NW,ACTIVE,2026-09-29T19:46:12.000Z,2026-09-29T19:46:12.000Z,c75ac70f-f3c4-4117-b44d-3e1c37d70d18,-114.1764451,51.1488872
7112,WB Varsity Estates DR @ Varsity Estates GR NW,ACTIVE,2026-09-29T19:46:12.000Z,2026-09-29T19:46:12.000Z,d6dac6c4-1471-4150-a6a9-1fb8b8618d6c,-114.1765154,51.1008846
6930,EB Sierra Morena BV @ Sierra Madre CR SW,ACTIVE,2026-09-29T19:46:12.000Z,2026-09-29T19:46:12.000Z,d909b638-8d07-4213-a04b-9a9387dd69fe,-114.1766977,51.0132357
6516,EB Strathcona DR @ Strathcairn PL SW,ACTIVE,2026-09-29T19:46:12.000Z,2026-09-29T19:46:12.000Z,e4720c13-5cb1-4741-a639-ed168f5db359,-114.176698,51.0493585
7773,NB Signal Hill DR @ Signal Hill TC SW,ACTIVE,2026-09-29T19:46:12.000Z,2026-09-29T19:46:12.000Z,26509b1b-5d5c-4b83-800f-5a31ed1f25dd,-114.177002,51.0227775
7198,WB Ranchview DR @ Ranch Estates DR NW,ACTIVE,2026-09-29T19:46:12.000Z,2026-09-29T19:46:12.000Z,ac1ea316-908e-44ff-ab07-22937ad69fa3,-114.1771252,51.119941
8484,NB Signal Hill DR @ Sienna Ridge LD SW,ACTIVE,2026-09-29T19:46:12.000Z,2026-09-29T19:46:12.000Z,26afdfe9-e467-4594-9d2a-2368e704a1a2,-114.177134,51.0255331
7124,WB Varsity Estates DR @ Varsity Estates PL NW,ACTIVE,2026-09-29T19:46:12.000Z,2026-09-29T19:46:12.000Z,0a45487d-5672-48d8-ad27-11e546daaf6c,-114.177257,51.1079364
6835,WB Citadel DR @ 400 Citadel Meadow BA NW,ACTIVE,2026-09-29T19:46:12.000Z,2026-09-29T19:46:12.000Z,2db34de5-ae85-4701-bc87-2fc2137f130a,-114.1773464,51.1491159
8483,SB Signall Hill DR @ Sienna Ridge LD SW,ACTIVE,2026-09-29T19:46:12.000Z,2026-09-29T19:46:12.000Z,ca3529d0-0f27-40cc-9fab-61ca6947e096,-114.1773524,51.0247558
7201,EB Ranchview DR @ Ranchlands BV NW,ACTIVE,2026-09-29T19:46:12.000Z,2026-09-29T19:46:12.000Z,1b877706-b437-4643-a6d6-4c852947bc13,-114.177415,51.1198761
6633,EB 31 AV NW @ Bowview RD,ACTIVE,2026-09-29T19:46:12.000Z,2026-09-29T19:46:12.000Z,511f2781-8a95-467d-a0cd-2388a57b3128,-114.1775809,51.0805824
8396,NB Old Banff Coach RD @ Coach Hill RD SW,ACTIVE,2026-09-29T19:46:12.000Z,2026-09-29T19:46:12.000Z,4d0f889f-867d-424f-a1c1-ff0aeed60e9f,-114.1776206,51.0569454
7584,EB 17 AV SW @ Simcoe BV,ACTIVE,2026-09-29T19:46:12.000Z,2026-09-29T19:46:12.000Z,9b7ec2ff-18f9-47a4-b38d-9b96f1370a86,-114.1776364,51.0365098
7445,EB Patina DR @ Patterson BV SW,ACTIVE,2026-09-29T19:46:12.000Z,2026-09-29T19:46:12.000Z,add3497a-e584-48df-b5f5-93fea2eda640,-114.177744,51.0628938
8819,WB Bowness RD @ 62 ST NW,ACTIVE,2026-09-29T19:46:12.000Z,2026-09-29T19:46:12.000Z,f4c0d2d2-929c-4609-b653-7baf20746780,-114.1778081,51.0848244
6782,EB Hawkstone DR @ Hawkmount GR NW,ACTIVE,2026-09-29T19:46:12.000Z,2026-09-29T19:46:12.000Z,ec77e47d-5b70-449b-80b7-01ef9c404b76,-114.1778462,51.1348355
3727,WB Sierra Morena BV @ Sierra Madre CR SW,ACTIVE,2026-09-29T19:46:12.000Z,2026-09-29T19:46:12.000Z,d27d6442-e29a-4e4b-983f-ddc8152b6dce,-114.1778586,51.0131378
4105,NB Ranchlands BV @ Ranchview DR NW,ACTIVE,2026-09-29T19:46:12.000Z,2026-09-29T19:46:12.000Z,a5b7be57-61b8-4b10-89b9-058b57fdbed9,-114.1782247,51.120894
6845,SB Citadel DR @ Citadel Pass CR NW,ACTIVE,2026-09-29T19:46:12.000Z,2026-09-29T19:46:12.000Z,abdfd55f-b54c-43de-9890-3e95027549a5,-114.1782605,51.1416364
8438,WB Citadel DR @ Citadel MR NW,ACTIVE,2026-09-29T19:46:12.000Z,2026-09-29T19:46:12.000Z,dde105a0-b45b-41e5-af12-07b1a8b9bef7,-114.1782759,51.1418527
5826,SB Varsity Estates DR @ 700 Varsity Estates PL NW,ACTIVE,2026-09-29T19:46:12.000Z,2026-09-29T19:46:12.000Z,e5dbafb3-3b8b-41e9-ae53-61a34c66af9d,-114.1785122,51.1025789
6086,NB Varsity Estates Dr @ Varsity Estates PL NW,ACTIVE,2026-09-29T19:46:12.000Z,2026-09-29T19:46:12.000Z,0825181c-e931-4419-afff-2ee8736ebc88,-114.1785265,51.1032808
7128,NB Varsity Estates DR @ Varsity Estates CR NW,ACTIVE,2026-09-29T19:46:12.000Z,2026-09-29T19:46:12.000Z,b23f530f-ba88-4c3b-bf85-ba47b2482026,-114.1785612,51.1069335
6402,NB Hawkwood HL @ Hawkley Valley RD NW,ACTIVE,2026-09-29T19:46:12.000Z,2026-09-29T19:46:12.000Z,dbaca173-a968-4ea8-a18a-1d7b89c338f5,-114.1785625,51.126137
6499,SB  Old Banff Coach RD @ Coach Hill RD SW,ACTIVE,2026-09-29T19:46:12.000Z,2026-09-29T19:46:12.000Z,a9caec8a-ae93-433e-9ad6-fedc59399908,-114.1786379,51.0562945
7444,NB Patterson BV @ Patterson HILL SW,ACTIVE,2026-09-29T19:46:12.000Z,2026-09-29T19:46:12.000Z,82a3dde9-fcae-433f-aa03-d930940ea1ea,-114.1787094,51.0606559
8925,NB Simcoe BV @ Simcoe RD SW,ACTIVE,2026-09-29T19:46:12.000Z,2026-09-29T19:46:12.000Z,5a48fb28-923a-47b4-97cc-489e504b591f,-114.1787138,51.0354474
7125,SB Varsity Estates DR @ Varsity Estates CR NW,ACTIVE,2026-09-29T19:46:12.000Z,2026-09-29T19:46:12.000Z,ad0a7be7-c3e8-47fd-b92b-71e12c32dffc,-114.1787712,51.1062999
4073,WB 31 AV NW @ Bowview RD,ACTIVE,2026-09-29T19:46:12.000Z,2026-09-29T19:46:12.000Z,974f742b-d57c-4f67-859a-5d75e0899653,-114.1788593,51.0806943
8478,SB Simcoe BV @ 17 AV SW,ACTIVE,2026-09-29T19:46:12.000Z,2026-09-29T19:46:12.000Z,0db36884-4637-42f3-af42-ca2caee57b83,-114.1790006,51.0363628
7224,WB Hawkstone DR @ Hawkmount GR NW,ACTIVE,2026-09-29T19:46:12.000Z,2026-09-29T19:46:12.000Z,5aee1066-3ef7-413b-8a9a-94c34303e5b0,-114.1791661,51.1352272
7184,EB Ranchview DR @ Ranchview CR NW,ACTIVE,2026-09-29T19:46:12.000Z,2026-09-29T19:46:12.000Z,94a8afc0-8136-40b9-b0c5-a54b5b450b81,-114.1791693,51.1143058
8482,EB Signal Hill DR @ Sienna Park DR SW,ACTIVE,2026-09-29T19:46:12.000Z,2026-09-29T19:46:12.000Z,3df3cc7e-3737-4495-919d-e6bd04539ee3,-114.1791752,51.0266797
7215,SB Hawkwood HL @ Hawkley Valley RD NW,ACTIVE,2026-09-29T19:46:12.000Z,2026-09-29T19:46:12.000Z,2935b1c9-a37b-4178-b7a2-5a194d6bfe2f,-114.1793836,51.1255632
3473,EB Ranchview DR @ Ranchlands BV NW,ACTIVE,2026-09-29T19:46:12.000Z,2026-09-29T19:46:12.000Z,0d862d67-10ee-495a-9e77-d65423579973,-114.1794648,51.1200344
8488,NB Simcoe BV @ Simcoe GA SW,ACTIVE,2026-09-29T19:46:12.000Z,2026-09-29T19:46:12.000Z,7b310571-b736-43e8-aee5-29d6f171faed,-114.1794913,51.0332175
6518,WB Strathcona DR @ Stradbrooke RI SW,ACTIVE,2026-09-29T19:46:12.000Z,2026-09-29T19:46:12.000Z,4e81ff2f-d554-40cb-9d21-fcf66df35894,-114.179554,51.0434551
8401,EB Old Banff Coach RD @ Patterson BV SW,ACTIVE,2026-09-29T19:46:12.000Z,2026-09-29T19:46:12.000Z,3dcf8754-1c82-4200-a4ce-ff6c3070840b,-114.1796131,51.05962
8815,EB Bowness RD @ 63 ST NW,ACTIVE,2026-09-29T19:46:12.000Z,2026-09-29T19:46:12.000Z,116ab1eb-5e28-49c1-9760-65f344037f06,-114.1796823,51.0854723
7199,WB Ranchview DR @ Ranchlands BV NW,ACTIVE,2026-09-29T19:46:12.000Z,2026-09-29T19:46:12.000Z,25469c1c-849d-467c-9e25-93611a435074,-114.1796967,51.120192
5022,WB Bowness RD @ 63 ST NW,ACTIVE,2026-09-29T19:46:12.000Z,2026-09-29T19:46:12.000Z,e104e934-efa6-4996-9b16-63a6e17def2b,-114.1797137,51.085662
7786,WB 17 AV SW @ Christie Park GA,ACTIVE,2026-09-29T19:46:12.000Z,2026-09-29T19:46:12.000Z,cc09cae3-fed0-45fe-ad59-fdaddaead8a5,-114.179869,51.0372842
8609,EB Sierra Morena BV @ Sierra Vista CL SW,ACTIVE,2026-09-29T19:46:12.000Z,2026-09-29T19:46:12.000Z,4c6eb6dd-fe51-4f93-b3d8-310232444f39,-114.1798982,51.020176
4194,WB 17 AV SW @ Christie Park GA,ACTIVE,2026-09-29T19:46:12.000Z,2026-09-29T19:46:12.000Z,c154e338-edac-4a4b-9dd9-38986d8fedfd,-114.1799052,51.0373705
6153,WB Ranchview DR @ Ranchview RD NW,ACTIVE,2026-09-29T19:46:12.000Z,2026-09-29T19:46:12.000Z,cdad09e0-cc73-4044-be82-29633a306a74,-114.1800463,51.1144529
8936,SB Sienna Park DR @ Signal Hill DR SW,ACTIVE,2026-09-29T19:46:12.000Z,2026-09-29T19:46:12.000Z,718b372b-3799-4bae-abef-6fcdea8ca199,-114.1800992,51.0264952
4175,NB Strathcona DR @ Strathcona RD SW,ACTIVE,2026-09-29T19:46:12.000Z,2026-09-29T19:46:12.000Z,73650d88-4d6d-493f-b257-e2c144fa6075,-114.1801969,51.0481388
8485,WB Signall Hill DR @ Sienna Park DR SW,ACTIVE,2026-09-29T19:46:12.000Z,2026-09-29T19:46:12.000Z,a2a5fc7b-7a30-4ce4-8e24-68ac46d67e7f,-114.1802216,51.0270648
4176,WB Coach Hill RD @ Coach Side RD SW,ACTIVE,2026-09-29T19:46:12.000Z,2026-09-29T19:46:12.000Z,53e38755-ef8f-43b9-acb3-103a24b3d88a,-114.1802876,51.0569073
8940,NB Sienna Park DR @ Sienna Park PL SW,ACTIVE,2026-09-29T19:46:12.000Z,2026-09-29T19:46:12.000Z,0454dece-1018-49ed-b9b7-100e0986da77,-114.1803444,51.0255117
4843,WB Old Banff Coach RD @ Patterson BV SW,ACTIVE,2026-09-29T19:46:12.000Z,2026-09-29T19:46:12.000Z,b1b30315-e3d5-4c3e-9ea2-65e1d32fc85a,-114.1804476,51.0604496
7257,NB Citadel DR @ Citadel Crest GR NW,ACTIVE,2026-09-29T19:46:12.000Z,2026-09-29T19:46:12.000Z,2a174185-26fb-49db-a1b2-35c2343806ac,-114.1804806,51.1481392
8479,SB Simcoe BV @ Simcoe GA SW,ACTIVE,2026-09-29T19:46:12.000Z,2026-09-29T19:46:12.000Z,5a6c05b0-e3bc-4204-ad00-030fac911ead,-114.1806141,51.0323452
8937,SB Sienna Park DR @ Sienna Park PL SW,ACTIVE,2026-09-29T19:46:12.000Z,2026-09-29T19:46:12.000Z,d0272bb6-c4d8-40fc-b19d-2f4ac96aed95,-114.1806411,51.0248532
6643,EB Hawkstone DR @ Hawkwood DR NW,ACTIVE,2026-09-29T19:46:12.000Z,2026-09-29T19:46:12.000Z,d12c3409-e06a-467e-943e-6ee51365083b,-114.1807167,51.1355884
7619,EB Sierra Morena BV @ Sierra Nevada WY SW,ACTIVE,2026-09-29T19:46:12.000Z,2026-09-29T19:46:12.000Z,1bd1e4ed-013d-497a-b9fc-aecb2af8a2f3,-114.1807593,51.013037
7969,SB Citadel GA @ Citadel DR NW,ACTIVE,2026-09-29T19:46:12.000Z,2026-09-29T19:46:12.000Z,2e9e0ae7-4631-44a7-808b-7e4e82dfa2d7,-114.1808574,51.1421938
6961,NB Citadel GA @ Country Hills BV NW,ACTIVE,2026-09-29T19:46:12.000Z,2026-09-29T19:46:12.000Z,560d1eb5-061a-4d33-941a-8cfef5ab7866,-114.1811791,51.1416079
8655,SB Citadel DR @ Citadel Meadow CL NW,ACTIVE,2026-09-29T19:46:12.000Z,2026-09-29T19:46:12.000Z,9f51316d-73b7-4463-a0f3-b5225216111f,-114.1813373,51.1476921
4174,NB Strathcona DR @ Strathcona DR SW,ACTIVE,2026-09-29T19:46:12.000Z,2026-09-29T19:46:12.000Z,8e6353ed-81ef-414a-a182-68c733dd0951,-114.1814425,51.0459562
6868,WB Sierra Morena BV @ Sierra Vista CL SW,ACTIVE,2026-09-29T19:46:12.000Z,2026-09-29T19:46:12.000Z,fa121bae-65f2-4409-b289-8f68389292c5,-114.1814729,51.0205468
6936,NB Citadel DR @ Citadel WY NW,ACTIVE,2026-09-29T19:46:12.000Z,2026-09-29T19:46:12.000Z,1072347b-dc1a-4d14-a269-94124ef62449,-114.1815546,51.1469418
6664,EB Sirocco DR @ Simcoe BV SW,ACTIVE,2026-09-29T19:46:12.000Z,2026-09-29T19:46:12.000Z,206c8623-e430-4094-a945-7181f83fef29,-114.1816161,51.0304085
8487,NB Simcoe BV @ Sirocco DR SW,ACTIVE,2026-09-29T19:46:12.000Z,2026-09-29T19:46:12.000Z,65bdc498-ba8c-4e26-94ec-efbb43b5ee61,-114.1816771,51.0310486
3728,WB Sierra Morena BV @ Sierra Nevada CL SW,ACTIVE,2026-09-29T19:46:12.000Z,2026-09-29T19:46:12.000Z,265bf580-fb61-480d-a932-e682aaad3c80,-114.1816925,51.0134013
7183,SB Ranchview DR @ Ranchlands BV NW,ACTIVE,2026-09-29T19:46:12.000Z,2026-09-29T19:46:12.000Z,56fad724-e717-44ff-acec-21ae87ef1af7,-114.1818259,51.1157371
6775,SB Hawkwood DR @ Hawkstone DR NW,ACTIVE,2026-09-29T19:46:12.000Z,2026-09-29T19:46:12.000Z,fbff6e9a-0a09-45ea-a9db-4e8be13e1959,-114.1819505,51.1357531
5023,WB Bowness RD @ 64 ST NW,ACTIVE,2026-09-29T19:46:12.000Z,2026-09-29T19:46:12.000Z,78be4c34-8ad8-493f-b92c-7ae6c7160cf6,-114.1820635,51.0867081
5030,EB Bowness RD @ 64 ST NW,ACTIVE,2026-09-29T19:46:12.000Z,2026-09-29T19:46:12.000Z,e388192e-04c9-4ddf-bc3c-c64b2f28c1ac,-114.1820734,51.0865464
6498,EB Old Banff Coach RD @ Coachway RD SW,ACTIVE,2026-09-29T19:46:12.000Z,2026-09-29T19:46:12.000Z,6ef5a465-1fec-429e-808e-ca01cc4c5dc4,-114.1822469,51.0609068
7197,WB Ranchlands BV @ Ranchview DR NW,ACTIVE,2026-09-29T19:46:12.000Z,2026-09-29T19:46:12.000Z,a94976f4-848b-4d87-8c3b-a51d77ee7c5b,-114.1822541,51.1162151
6555,WB Citadel WY @ Citadel DR NW,ACTIVE,2026-09-29T19:46:12.000Z,2026-09-29T19:46:12.000Z,d58a89c0-5f97-434a-8cab-b518e3d6a771,-114.1823559,51.1467003
4177,WB Coach Hill RD @ Coach Side CR SW,ACTIVE,2026-09-29T19:46:12.000Z,2026-09-29T19:46:12.000Z,32bbf2df-bebe-473f-9eed-9816cfa00082,-114.1824467,51.0562074
8486,NB Signall Hill DR @ Sienna Heights WY SW,ACTIVE,2026-09-29T19:46:12.000Z,2026-09-29T19:46:12.000Z,e1f0f38c-5604-49d6-aa2d-0ce53b4c910b,-114.182501,51.0294585
9270,NB Strathcona BV @ Bow TR SW,ACTIVE,2026-09-29T19:46:12.000Z,2026-09-29T19:46:12.000Z,1edd0d64-e789-4057-b568-4a155fa95c1a,-114.1825081,51.0507311
8481,SB Signall Hill DR @ Sienna Park DR SW,ACTIVE,2026-09-29T19:46:12.000Z,2026-09-29T19:46:12.000Z,844f6112-e75d-4be2-8870-d0797a92c85f,-114.1826,51.0287682
8480,SB Signall Hill DR @ 26 AV SW,ACTIVE,2026-09-29T19:46:12.000Z,2026-09-29T19:46:12.000Z,040c3382-fffb-43ea-8f40-fffd27b10b0a,-114.1827165,51.0299044
7219,NB Hawkwood DR @ Hawkbury CL NW,ACTIVE,2026-09-29T19:46:12.000Z,2026-09-29T19:46:12.000Z,420f1d74-26c3-472f-a2dd-afe1eb26734e,-114.1827227,51.1343415
6960,SB Nose Hill DR @ Country Hills BV NW,ACTIVE,2026-09-29T19:46:12.000Z,2026-09-29T19:46:12.000Z,b0ccdc9e-f211-4e8c-a0a2-acf11d4adbc7,-114.1828125,51.1406129
8008,WB 26 AV SW @ Simcoe BV,ACTIVE,2026-09-29T19:46:12.000Z,2026-09-29T19:46:12.000Z,0d21878a-c55f-4c76-97a1-4a35c90cc2a1,-114.1828659,51.0306393
8608,EB Sierra Morena BV @ Sierra Morena CO SW,ACTIVE,2026-09-29T19:46:12.000Z,2026-09-29T19:46:12.000Z,20a5218d-a3c7-41cd-8d65-4e16643a3d3c,-114.1828941,51.0203923
9269,SB Strathcona BV @ Bow TR SW,ACTIVE,2026-09-29T19:46:12.000Z,2026-09-29T19:46:12.000Z,34645282-d58c-4b5c-9b05-a71df68cb9b3,-114.1830042,51.0510219
4167,WB Strathcona DR @ Strathcona DR SW,ACTIVE,2026-09-29T19:46:12.000Z,2026-09-29T19:46:12.000Z,45df6409-3922-46f1-8049-c930dd61a8e4,-114.1830327,51.0458507
7114,NB Silver Springs DR @ Silver Springs WY NW,ACTIVE,2026-09-29T19:46:12.000Z,2026-09-29T19:46:12.000Z,62940afa-26d3-4612-8e17-0be55d334d56,-114.1831183,51.1092921
7220,SB Hawkwood DR @ Hawkville CL NW,ACTIVE,2026-09-29T19:46:12.000Z,2026-09-29T19:46:12.000Z,d048f6ee-fb03-4cbf-8957-1b2e75110c6c,-114.1834516,51.1336395
5919,EB Ranchview DR @ Ranchview RD NW,ACTIVE,2026-09-29T19:46:12.000Z,2026-09-29T19:46:12.000Z,e2ca849a-74c5-469d-9b0e-c14be891b844,-114.1835004,51.1203917
7218,NB Hawkwood DR @ Hawkwood BV NW,ACTIVE,2026-09-29T19:46:12.000Z,2026-09-29T19:46:12.000Z,b50c083f-3385-4edd-881e-98b38c561f0a,-114.1835064,51.1308615
7217,NB Hawkwood DR @ Hawkside RD NW,ACTIVE,2026-09-29T19:46:12.000Z,2026-09-29T19:46:12.000Z,5c05585c-d643-4a9d-b0a0-faa293a038f0,-114.1835323,51.1290273
7117,SB Silver Springs DR @ Silver Springs CR NW,ACTIVE,2026-09-29T19:46:12.000Z,2026-09-29T19:46:12.000Z,4b121602-3a69-4fad-b705-7b92cc4e6f77,-114.1835844,51.1100859
8610,NB Sierra Morena RD @ Sierra Morena BV SW,ACTIVE,2026-09-29T19:46:12.000Z,2026-09-29T19:46:12.000Z,b3cd00fb-1ccc-4b4a-93e3-a4579b8ddcd8,-114.1836371,51.0210758
7221,SB Hawkwood DR @ Hawkdale GA NW,ACTIVE,2026-09-29T19:46:12.000Z,2026-09-29T19:46:12.000Z,c7486b04-a5f5-45ec-a36d-e73161b465e1,-114.1837121,51.130066
7118,SB Silver Springs DR @ 62 AV NW,ACTIVE,2026-09-29T19:46:12.000Z,2026-09-29T19:46:12.000Z,7528b0c5-11c5-4138-ab88-9c103a07038d,-114.1840453,51.1079113
8939,NB Sierra Morena RD @ 34 AV SW,ACTIVE,2026-09-29T19:46:12.000Z,2026-09-29T19:46:12.000Z,c7a29c10-7159-485a-b842-f4dd360fa96e,-114.1840909,51.0237042
8938,SB Sierra Morena RD @ Sienna Park DR SW,ACTIVE,2026-09-29T19:46:12.000Z,2026-09-29T19:46:12.000Z,dae63485-30c1-4958-8cbc-828fead14342,-114.1842094,51.0241028
7222,SB Hawkwood DR @ Hawkside RD NW,ACTIVE,2026-09-29T19:46:12.000Z,2026-09-29T19:46:12.000Z,c4cefbf1-5b09-48e0-b629-0aa02fd46caf,-114.1842254,51.1282075
8820,WB Bowness RD @ 65 ST NW,ACTIVE,2026-09-29T19:46:12.000Z,2026-09-29T19:46:12.000Z,5465a564-7c7b-4e75-8948-f825bd95e1dc,-114.1842468,51.0876782
6844,NB Nose Hill DR @ Hawkstone DR NW,ACTIVE,2026-09-29T19:46:12.000Z,2026-09-29T19:46:12.000Z,3bb364a7-c012-4e7b-a857-04c0232af2b1,-114.1843526,51.1378617
5912,WB Ranchview DR @ Ranchview DR NW,ACTIVE,2026-09-29T19:46:12.000Z,2026-09-29T19:46:12.000Z,11284777-b49a-44b9-b6a8-e087bb1d9089,-114.1845132,51.1206589
8611,SB Sierra Morena RD @ 34 AV SW,ACTIVE,2026-09-29T19:46:12.000Z,2026-09-29T19:46:12.000Z,188c0575-6bf7-49ce-abb5-5973b7e48528,-114.1845348,51.0227345
4844,SB Old Banff Coach RD @ Coach Hill RD SW,ACTIVE,2026-09-29T19:46:12.000Z,2026-09-29T19:46:12.000Z,e4845c8a-8188-4bd2-8a70-bd453f657fbc,-114.184627,51.0623764
7115,NB Silver Springs DR @ S of Silver Springs HILL NW,ACTIVE,2026-09-29T19:46:12.000Z,2026-09-29T19:46:12.000Z,805cd781-a568-4bc6-b7c8-aa5329fb2d81,-114.1848103,51.1061398
6869,WB Sierra Morena BV @ Sierra Morina RD SW,ACTIVE,2026-09-29T19:46:12.000Z,2026-09-29T19:46:12.000Z,986716e2-4382-466f-b83b-e4a10ff60091,-114.1849272,51.0204953
7119,SB Silver Springs DR @ Silver Brook DR NW,ACTIVE,2026-09-29T19:46:12.000Z,2026-09-29T19:46:12.000Z,5bce85d9-77d2-4139-a8ef-49421e8ab615,-114.1849453,51.106269
8615,WB 34 AV SW @ Sierra Morena RD,ACTIVE,2026-09-29T19:46:12.000Z,2026-09-29T19:46:12.000Z,76b414f4-93c7-49f0-be94-e31af81a3946,-114.185022,51.0234028
6411,SB Strathcona BV @ Strathcona DR SW,ACTIVE,2026-09-29T19:46:12.000Z,2026-09-29T19:46:12.000Z,db3c716e-a73f-4bda-8007-87c1282aff95,-114.1850228,51.0483272
8626,NB Old Banff Coach RD @ Patterson HL SW,ACTIVE,2026-09-29T19:46:12.000Z,2026-09-29T19:46:12.000Z,3eecf331-a144-46fa-8103-fb353a3e47a0,-114.1850916,51.0631881
7182,SB Ranchlands BV @ Ranchview RD NW,ACTIVE,2026-09-29T19:46:12.000Z,2026-09-29T19:46:12.000Z,90d32f58-6370-4a38-a429-cd079b41e0b8,-114.1851242,51.1171927
3842,SB Nose Hill DR @ Arbour Lake WY NW,ACTIVE,2026-09-29T19:46:12.000Z,2026-09-29T19:46:12.000Z,48911c8d-2e38-4224-aff0-ccc27d74439b,-114.1852837,51.1371286
6872,SB Sierra Morena BV @ Sierra Morena PA SW,ACTIVE,2026-09-29T19:46:12.000Z,2026-09-29T19:46:12.000Z,60a3b499-8480-4a4e-b7d2-e86cdfd02d8f,-114.1853378,51.0141909
6789,NB Strathcona BV @ Strathcona DR SW,ACTIVE,2026-09-29T19:46:12.000Z,2026-09-29T19:46:12.000Z,4e5ba4fb-0a8f-45b3-b3ed-148dddecfcee,-114.1853612,51.0474539
6515,EB Strathcona DR @ Strathcona BV SW,ACTIVE,2026-09-29T19:46:12.000Z,2026-09-29T19:46:12.000Z,89a1f76a-f36c-45fd-9d83-ee2efbe10f99,-114.1853877,51.0465461
7196,NB Ranchlands BV @ Ranchview RD NW,ACTIVE,2026-09-29T19:46:12.000Z,2026-09-29T19:46:12.000Z,11fd189b-66db-40ff-b88e-6ce970bb27fb,-114.1855459,51.1177785
5813,WB Silver Springs RD @ Silver Springs CR NW,ACTIVE,2026-09-29T19:46:12.000Z,2026-09-29T19:46:12.000Z,ec332603-9a85-4f7b-b7cf-682633976d32,-114.18557,51.1105654
3729,NB Sierra Morena BV @ Sierra Morena PA SW,ACTIVE,2026-09-29T19:46:12.000Z,2026-09-29T19:46:12.000Z,ab0ea04a-02d5-4cf5-a240-584f42d09a8b,-114.1855779,51.0149342
6836,WB Arbour Lake WY @ Nose Hill DR NW,ACTIVE,2026-09-29T19:46:12.000Z,2026-09-29T19:46:12.000Z,5e2bf279-e9ff-484c-be8d-b835d4d0e932,-114.185615,51.1377932
8814,EB Bowness RD @ 66 ST NW,ACTIVE,2026-09-29T19:46:12.000Z,2026-09-29T19:46:12.000Z,dcfaab56-b47f-4951-ba7c-3ca0681c48c3,-114.1856204,51.0881071
3730,NB Sierra Morena BV @ Sierra Morena GV SW,ACTIVE,2026-09-29T19:46:12.000Z,2026-09-29T19:46:12.000Z,c94f6db2-4b1b-4253-a174-10ad988842eb,-114.1856762,51.0170773
4178,WB Coach Hill RD @ Coach Bluff CR SW,ACTIVE,2026-09-29T19:46:12.000Z,2026-09-29T19:46:12.000Z,a09a2d81-f57f-4e60-9102-10742640b826,-114.1859403,51.0560218
6873,SB Sierra Morena BV @ Sierra Morena CO SW,ACTIVE,2026-09-29T19:46:12.000Z,2026-09-29T19:46:12.000Z,c17e9d1d-ef6b-4b49-b4e0-d620e998c63a,-114.1859673,51.0162748
9967,EB Arbour Lake WY @ Arbour Ridge WY NW,ACTIVE,2026-09-29T19:46:12.000Z,2026-09-29T19:46:12.000Z,f58d5c17-725c-438b-a8e8-1bc05f514aab,-114.185996,51.137663
4010,EB Arbour Lake WY @ Arbour Ridge WY NW,ACTIVE,2026-09-29T19:46:12.000Z,2026-09-29T19:46:12.000Z,d174e8a6-0564-46b2-8c41-8649fe174fe0,-114.1860229,51.1376681
3731,NB Sierra Morena BV @ Sierra Morena CO SW,ACTIVE,2026-09-29T19:46:12.000Z,2026-09-29T19:46:12.000Z,7dd7674e-2356-4a1d-8e7e-e9877c9d1880,-114.1860471,51.0193116
6870,SB Sierra Morena BV @ Sierra Morena WY SW,ACTIVE,2026-09-29T19:46:12.000Z,2026-09-29T19:46:12.000Z,61a64d50-1faf-45e6-9e60-c8516e16412d,-114.1861904,51.0196532
3732,EB 17 AV SW @ 69 Street West LRT Station,ACTIVE,2026-09-29T19:46:12.000Z,2026-09-29T19:46:12.000Z,4d13bb58-dbc1-4ae5-a9da-004e165d5bd6,-114.1862036,51.0376547
5824,NB Silverdale DR @ Silver Springs GA NW,ACTIVE,2026-09-29T19:46:12.000Z,2026-09-29T19:46:12.000Z,866cdae8-c840-4e73-a615-53dac50b4036,-114.186209,51.1031063
8399,EB 17 AV SW @ 69 Street West LRT Station,ACTIVE,2026-09-29T19:46:12.000Z,2026-09-29T19:46:12.000Z,56c16e09-fd78-4244-9c93-a5190df0534c,-114.1862823,51.0376512
8379,69 Street West LRT Station,ACTIVE,2026-09-29T19:46:12.000Z,2026-09-29T19:46:12.000Z,c6e22c0d-04d3-4cf4-8046-880ead470a68,-114.1863071,51.0374062
6935,EB Citadel WY@ Citadel Meadow GD NW,ACTIVE,2026-09-29T19:46:12.000Z,2026-09-29T19:46:12.000Z,a20a6c36-6016-4584-96bf-f5f84769dee1,-114.1863551,51.1467786
7227,NB Arbour Ridge WY @ Arbour Lake WY NW,ACTIVE,2026-09-29T19:46:12.000Z,2026-09-29T19:46:12.000Z,4c711cb7-f354-4ff1-8ad0-eaf9b9f4d9e2,-114.1864332,51.1382087
6774,EB Hawkwood DR @ Hawkwood RD NW,ACTIVE,2026-09-29T19:46:12.000Z,2026-09-29T19:46:12.000Z,e861938c-bf8e-4166-9671-23eaae5563ba,-114.1864335,51.1266866
5811,SB Silverdale DR @ Silver Springs GA NW,ACTIVE,2026-09-29T19:46:12.000Z,2026-09-29T19:46:12.000Z,50f920a8-b2a8-449f-b165-b70392f33f2b,-114.1864406,51.1030579
7186,EB  Ranchview DR @ Ranchridge WY NW,ACTIVE,2026-09-29T19:46:12.000Z,2026-09-29T19:46:12.000Z,33b0a671-65f8-4f0a-831f-6c066a4d5af9,-114.1864435,51.1204086
8821,WB Bowness RD @  66 ST NW,ACTIVE,2026-09-29T19:46:12.000Z,2026-09-29T19:46:12.000Z,a78524e4-de4c-461d-ac75-e4d010e0c5b4,-114.1864444,51.0886486
8374,69 Street West LRT Station,ACTIVE,2026-09-29T19:46:12.000Z,2026-09-29T19:46:12.000Z,96fdd93e-cfb1-489c-9cf9-a8fed8c483ee,-114.1865027,51.0374037
6556,WB Silver Springs GA @ Silverdale DR NW,ACTIVE,2026-09-29T19:46:12.000Z,2026-09-29T19:46:12.000Z,350233f0-8895-493f-9716-bb6c79db48c2,-114.1866482,51.1036386
8373,69 Street West LRT Station,ACTIVE,2026-09-29T19:46:12.000Z,2026-09-29T19:46:12.000Z,1ab0ab57-d323-4fd5-9856-a93b7a66cecd,-114.186693,51.0373957
7249,WB Arbour Ridge WY @ Arbour Ridge PA NW,ACTIVE,2026-09-29T19:46:12.000Z,2026-09-29T19:46:12.000Z,94105ea6-5b17-4149-be18-55d5968bb77b,-114.1867256,51.1409231
7120,NB Silverdale DR @ 54 AV NW,ACTIVE,2026-09-29T19:46:12.000Z,2026-09-29T19:46:12.000Z,35a0c308-2b45-4a18-be78-712abce1acdd,-114.1867424,51.101617
2471,EB 34 AV SW @ 69 ST SW,ACTIVE,2026-09-29T19:46:12.000Z,2026-09-29T19:46:12.000Z,073c68a9-f98e-4a95-93e2-dafc922a126a,-114.1868126,51.0231789
4302,SB Strathcona BV @ Strathcona DR SW,ACTIVE,2026-09-29T19:46:12.000Z,2026-09-29T19:46:12.000Z,cf9948c2-ba78-47f4-806c-bd4eb6975d21,-114.1868268,51.0465807
8370,69 Street West LRT Station,ACTIVE,2026-09-29T19:46:12.000Z,2026-09-29T19:46:12.000Z,aa97d430-c7fa-4f2e-b887-26871a9824e8,-114.1868983,51.0373971
6320,EB 32 AV NW @ 69 ST NW,ACTIVE,2026-09-29T19:46:12.000Z,2026-09-29T19:46:12.000Z,dba598bd-99e8-4ae2-9b77-7c899af4d421,-114.1870769,51.0815221
7116,EB Silver Springs RD @ Silver Brook RD NW,ACTIVE,2026-09-29T19:46:12.000Z,2026-09-29T19:46:12.000Z,ecedde31-6de1-49e2-934e-d12ce4e9dc8a,-114.1871356,51.1104322
9289,EB Strathcona DR @ 69 ST SW,ACTIVE,2026-09-29T19:46:12.000Z,2026-09-29T19:46:12.000Z,a8160b6c-d9d3-4158-9bc7-56917cdde3fa,-114.1872262,51.0473126
7978,NB 69 ST SW @ Christie Estates BV,ACTIVE,2026-09-29T19:46:12.000Z,2026-09-29T19:46:12.000Z,c2572d9b-84b5-4e82-89f4-f262fab45832,-114.1873245,51.0402515
2020,NB 69 ST SW @ Elmont DR,ACTIVE,2026-09-29T19:46:12.000Z,2026-09-29T19:46:12.000Z,a4e313e8-f8cf-4d28-92bc-0e7719f56388,-114.1873317,51.0288787
5639,NB 69 ST SW @ 26 AV SW,ACTIVE,2026-09-29T19:46:12.000Z,2026-09-29T19:46:12.000Z,f902e0d1-d5e9-4b65-9a38-229c4919e27c,-114.1873421,51.0310143
3785,NB 69 ST SW @ 69 Street West LRT Station,ACTIVE,2026-09-29T19:46:12.000Z,2026-09-29T19:46:12.000Z,fe031ea3-9bdb-48c3-b7fd-2fb7e889d07d,-114.1873693,51.0371584
4288,NB 69 ST SW @ 34 AV SW,ACTIVE,2026-09-29T19:46:12.000Z,2026-09-29T19:46:12.000Z,1707fa33-fd8a-4db0-ba2e-bff930f66924,-114.1874021,51.0239009
6918,WB Citadel WY @ Citadel Meadow PT NW,ACTIVE,2026-09-29T19:46:12.000Z,2026-09-29T19:46:12.000Z,02e20ab1-9760-45c7-9279-d138b881a375,-114.1874607,51.1469402
6769,WB Hawkwood DR @ Hawkwood RD NW,ACTIVE,2026-09-29T19:46:12.000Z,2026-09-29T19:46:12.000Z,8217d480-8e9c-400c-b866-f8aa885b634c,-114.1874682,51.1265946
6631,NB 69 ST NW @ 32 AV NW,ACTIVE,2026-09-29T19:46:12.000Z,2026-09-29T19:46:12.000Z,a4bc129c-8fc1-4686-aea0-c468a7957a4e,-114.1875076,51.0819552
6496,NB Coach Hill RD @ Coach Bluff CR SW,ACTIVE,2026-09-29T19:46:12.000Z,2026-09-29T19:46:12.000Z,aaa275c5-d9b4-42f1-b200-7d12c14fd6f0,-114.1875606,51.0575449
7113,WB 54 AV NW @ Silverdale DR,ACTIVE,2026-09-29T19:46:12.000Z,2026-09-29T19:46:12.000Z,ee61eb8b-cef4-4b81-bd42-762ee96ada28,-114.1875626,51.1015199
6497,NB Coach Hill RD @ Coachway RD SW,ACTIVE,2026-09-29T19:46:12.000Z,2026-09-29T19:46:12.000Z,b01a2b9d-e136-443b-a2e2-646a8959f0c6,-114.187574,51.0608553
5913,NB Hawkwood RD @ Hawkwood WY NW,ACTIVE,2026-09-29T19:46:12.000Z,2026-09-29T19:46:12.000Z,23a2a16f-1576-497a-8b20-0ac3319d51c6,-114.1876426,51.1277231
6158,EB Ranchlands BV @  Ranchglen DR NW,ACTIVE,2026-09-29T19:46:12.000Z,2026-09-29T19:46:12.000Z,8cd1507b-2057-4de2-8473-085db03a2807,-114.1877271,51.1181009
2021,SB 69 ST SW @ Elmont DR,ACTIVE,2026-09-29T19:46:12.000Z,2026-09-29T19:46:12.000Z,636bc63b-182c-44a6-b300-592a720f778d,-114.1877514,51.0284958
4290,SB 69 ST SW @ 26 AV SW,ACTIVE,2026-09-29T19:46:12.000Z,2026-09-29T19:46:12.000Z,c738bec2-5625-4a67-91c6-2ae8761f8c7b,-114.1877722,51.0300353
3769,SB 69 ST SW @ 69 Street West LRT Station,ACTIVE,2026-09-29T19:46:12.000Z,2026-09-29T19:46:12.000Z,6f7e206c-9919-45dc-9dbb-9d486b8d291b,-114.1877813,51.0371863
4289,SB 69 ST SW @ Elkton DR,ACTIVE,2026-09-29T19:46:12.000Z,2026-09-29T19:46:12.000Z,b410b69a-9aea-47f4-a6ae-edc6d473ef4e,-114.1877822,51.0229234
5613,SB 69 ST SW @ Springborough BV,ACTIVE,2026-09-29T19:46:12.000Z,2026-09-29T19:46:12.000Z,667cbadc-b362-4e3b-858b-4b885d18ce50,-114.1877822,51.0352884
8947,SB 69 ST SW @ Christie Estates BV,ACTIVE,2026-09-29T19:46:12.000Z,2026-09-29T19:46:12.000Z,405dc061-5d5f-47d7-a09a-6276327208ca,-114.1877979,51.0402089
9372,NB 69 ST SW @ Springbank GA,ACTIVE,2026-09-29T19:46:12.000Z,2026-09-29T19:46:12.000Z,1a6f0e30-dec5-4c70-91e4-b4d23fb4471d,-114.1879322,51.0212693
5812,EB Silver Springs DR @ Silver Springs BV NW,ACTIVE,2026-09-29T19:46:12.000Z,2026-09-29T19:46:12.000Z,2a4df71b-40e9-4968-b2b7-b08b477812f6,-114.1879593,51.1060447
3936,NB Hawkwood DR @ John Laurie BV NW,ACTIVE,2026-09-29T19:46:12.000Z,2026-09-29T19:46:12.000Z,662f25b6-7ec1-4cbb-ae45-0ff70b512838,-114.18809,51.1260069
9273,EB Arbour Lake WY @ Arbour Summit CL NW,ACTIVE,2026-09-29T19:46:12.000Z,2026-09-29T19:46:12.000Z,56f902e5-97dc-4a63-892e-fa63493c7d7a,-114.1881616,51.1377646
6085,EB Silver Springs GA@ Silver Springs BV NW,ACTIVE,2026-09-29T19:46:12.000Z,2026-09-29T19:46:12.000Z,5e4f5478-3f93-4b98-825d-d4d508f4f282,-114.1881899,51.1034238
2935,SB 69 ST NW @ 34 AV NW,ACTIVE,2026-09-29T19:46:12.000Z,2026-09-29T19:46:12.000Z,3c53efba-a5b0-4992-b94a-9e4199994ff1,-114.1882265,51.0833802
4923,EB Old Banff Coach RD @ West Springs GA SW,ACTIVE,2026-09-29T19:46:12.000Z,2026-09-29T19:46:12.000Z,29d2ecec-dfa6-473c-8624-d963f19044e5,-114.188228,51.0649007
7189,WB Ranchview DR @ Ranchero RD NW,ACTIVE,2026-09-29T19:46:12.000Z,2026-09-29T19:46:12.000Z,f2ba031e-6309-48fe-9b19-a32adac1a05a,-114.1882664,51.1205154
9279,WB Strathcona DR @ 69 ST SW,ACTIVE,2026-09-29T19:46:12.000Z,2026-09-29T19:46:12.000Z,9d4bb6fc-29a0-4dda-9570-99bd8a744f76,-114.1884495,51.048059
7229,SB Hawkwood RD @ Hawkfield WY NW,ACTIVE,2026-09-29T19:46:12.000Z,2026-09-29T19:46:12.000Z,71d1e7a0-b12c-48b0-9771-4744a13dac93,-114.1884646,51.1283095
2934,WB 34 AV NW @ 69 ST NW,ACTIVE,2026-09-29T19:46:12.000Z,2026-09-29T19:46:12.000Z,59f29c91-6379-43d0-9896-4d5128e6c0fc,-114.1884719,51.08395
3627,EB 69 Street CTrain Station,ACTIVE,2026-09-29T19:46:12.000Z,2026-09-29T19:46:12.000Z,a3282940-0640-4e8d-bd43-9f237182434d,-114.1884891,51.0375136
3626,WB 69 Street CTrain Station,ACTIVE,2026-09-29T19:46:12.000Z,2026-09-29T19:46:12.000Z,5015c82e-0141-483c-af95-c3188dcba4d1,-114.1885002,51.0376119
4296,WB Springborough BV @ 69 ST SW,ACTIVE,2026-09-29T19:46:12.000Z,2026-09-29T19:46:12.000Z,8144c00d-2c09-43dc-9751-dc32bfb88833,-114.1885038,51.0356206
6154,WB Ranchlands BV @ Ranchero RI NW,ACTIVE,2026-09-29T19:46:12.000Z,2026-09-29T19:46:12.000Z,3345a5db-f258-4d6d-8938-bce4f63e3810,-114.1887453,51.1182783
7216,NB Hawkwood RD @ Hawkfield WY NW,ACTIVE,2026-09-29T19:46:12.000Z,2026-09-29T19:46:12.000Z,2be6d68f-96e2-4b6f-9ec0-9e704ece1b39,-114.1888969,51.1289586
5822,SB Silver Springs BV @ Silver Mead RD NW,ACTIVE,2026-09-29T19:46:12.000Z,2026-09-29T19:46:12.000Z,17a8fb2c-a61e-4bb6-a00c-9a9b6b56a620,-114.1888986,51.1058694
7131,NB Silver Springs BV @ Silver Springs GA NW,ACTIVE,2026-09-29T19:46:12.000Z,2026-09-29T19:46:12.000Z,53c9fd64-8b78-4c5b-aeab-50a4cce33325,-114.188926,51.1042421
7996,WB 17 AV SW @ 69 ST SW,ACTIVE,2026-09-29T19:46:12.000Z,2026-09-29T19:46:12.000Z,e827f8fb-9f4d-4fb0-8681-cab3756ac782,-114.1889886,51.0380986
9370,SB 69 ST SW @ Springbank GA,ACTIVE,2026-09-29T19:46:12.000Z,2026-09-29T19:46:12.000Z,5f7956de-a5ef-4b7f-a47e-6756e0ee5369,-114.1891226,51.0204524
3561,WB Old Banff Coach RD @ West Springs GA SW,ACTIVE,2026-09-29T19:46:12.000Z,2026-09-29T19:46:12.000Z,002c3d46-980b-412f-b61b-fba421268378,-114.1891961,51.0657911
7172,WB Silver Springs RD @ 70 ST NW,ACTIVE,2026-09-29T19:46:12.000Z,2026-09-29T19:46:12.000Z,2fd35c00-81f7-416b-b189-0b7272eb602a,-114.1894283,51.1105594
7230,SB Ranchero DR @ John Laurie BV NW,ACTIVE,2026-09-29T19:46:12.000Z,2026-09-29T19:46:12.000Z,3080caf2-9290-47a8-90e4-76f47e6777e3,-114.1895783,51.1250353
7188,NB Ranchero DR @ Ranchero PL NW,ACTIVE,2026-09-29T19:46:12.000Z,2026-09-29T19:46:12.000Z,9cef675f-49a9-4e9a-a2f8-68ad1777101b,-114.1896366,51.1238404
5823,SB Silver Springs BV @ Silver Ridge DR NW,ACTIVE,2026-09-29T19:46:12.000Z,2026-09-29T19:46:12.000Z,3bbf5922-2491-4925-8c4c-5a1c5fd345ea,-114.189739,51.1026156
5917,SB Ranchero DR @ Ranchero PL NW,ACTIVE,2026-09-29T19:46:12.000Z,2026-09-29T19:46:12.000Z,d616853a-02c4-4a64-9df1-ec42ab52e6ab,-114.189836,51.1226759
3557,EB 112 AV NW @ 110 AV NW,ACTIVE,2026-09-29T19:46:12.000Z,2026-09-29T19:46:12.000Z,43e75b1e-9292-4ced-aef6-bb8b43e65f6e,-114.1900822,51.1541116
8800,EB Bowness RD @ 70 ST NW,ACTIVE,2026-09-29T19:46:12.000Z,2026-09-29T19:46:12.000Z,e6027055-0580-4402-881a-707d2719bd1c,-114.1901129,51.0889168
6075,WB Silver Ridge DR @ Silver Springs BV NW,ACTIVE,2026-09-29T19:46:12.000Z,2026-09-29T19:46:12.000Z,5b9bec3f-3f03-4cf2-b387-7aef8ed097b3,-114.1901476,51.1036508
2308,SB Arbour Lake WY @ Arbour Ridge WY NW,ACTIVE,2026-09-29T19:46:12.000Z,2026-09-29T19:46:12.000Z,3ce0f140-86bf-4784-aa2e-2001a9f67554,-114.1901506,51.1373843
7187,NB Ranchero DR @ Ranchview DR NW,ACTIVE,2026-09-29T19:46:12.000Z,2026-09-29T19:46:12.000Z,d36b0bf0-b0d2-4974-885b-db1cb3fcbcbe,-114.1901621,51.1215415
6471,EB Citadel WY @ Citadel Mesa CL NW,ACTIVE,2026-09-29T19:46:12.000Z,2026-09-29T19:46:12.000Z,95efade3-9ca2-4217-928b-04107d86f924,-114.1902414,51.1473039
3778,EB Springbank GA @ Springbluff BV SW,ACTIVE,2026-09-29T19:46:12.000Z,2026-09-29T19:46:12.000Z,96911018-57a8-4ccf-baa6-8cb9fd0930c6,-114.1902671,51.0213345
5916,EB Hawkwood RD @ Hawkwood WY NW,ACTIVE,2026-09-29T19:46:12.000Z,2026-09-29T19:46:12.000Z,7291e58f-f692-4e5c-a340-0a7fe986adf7,-114.1903667,51.1294706
7244,SB Arbour Ridge WY @ Arbour Ridge CI NW,ACTIVE,2026-09-29T19:46:12.000Z,2026-09-29T19:46:12.000Z,a1d291b2-9a19-4534-aea5-792d248ff1ae,-114.1904256,51.1381518
7185,SB Ranchview DR @ Ranchero DR NW,ACTIVE,2026-09-29T19:46:12.000Z,2026-09-29T19:46:12.000Z,f2b2239c-d630-4343-9c57-f8be533b8d63,-114.1904896,51.1210906
6840,NB Arbour Lake WY @ Arbour Lake PL NW,ACTIVE,2026-09-29T19:46:12.000Z,2026-09-29T19:46:12.000Z,4aaa0c35-a240-4fa1-a109-29681a5ec7e0,-114.1905284,51.136931
5820,EB Silver Springs RD @ Silver Brook DR NW,ACTIVE,2026-09-29T19:46:12.000Z,2026-09-29T19:46:12.000Z,7969a619-115c-40cc-913e-f1352bf86bd2,-114.1906076,51.1104348
3646,WB 112 AV NW @ 110 AV NW,ACTIVE,2026-09-29T19:46:12.000Z,2026-09-29T19:46:12.000Z,953fcb40-d914-456d-ab4c-fadbb0fc8eb6,-114.1907382,51.1542614
3779,WB Springbluff  BV @ Springbank GA SW,ACTIVE,2026-09-29T19:46:12.000Z,2026-09-29T19:46:12.000Z,8774cc97-36c2-4e78-b2f1-78a0847e2019,-114.1907628,51.0213914
8810,WB Bowness RD @ 70 ST NW,ACTIVE,2026-09-29T19:46:12.000Z,2026-09-29T19:46:12.000Z,be07fb13-a240-43ad-a8e6-096c29de55db,-114.1909182,51.0890621
9307,NB 69 ST SW @ Springbank BV,ACTIVE,2026-09-29T19:46:12.000Z,2026-09-29T19:46:12.000Z,3ef9e852-94ed-4c6a-837d-4afff7a31c93,-114.1909303,51.0179144
7874,WB Hawkwood RD @ Hawkwood WY NW,ACTIVE,2026-09-29T19:46:12.000Z,2026-09-29T19:46:12.000Z,b2883a10-6da9-4162-8d12-62c155818d6e,-114.1910502,51.1299862
7484,WB 34 AV NW @ 71 ST NW,ACTIVE,2026-09-29T19:46:12.000Z,2026-09-29T19:46:12.000Z,5bb8f216-b86a-435b-bcc4-854636f235ed,-114.1911594,51.0839049
6484,WB Citadel WY @ Citadel Mesa CL NW,ACTIVE,2026-09-29T19:46:12.000Z,2026-09-29T19:46:12.000Z,d1e865d4-c38b-460f-aadf-89636d2a4b74,-114.1911778,51.1474253
9917,NB Nose Hill DR @ Hawkwood RD NW,ACTIVE,2026-09-29T19:46:12.000Z,2026-09-29T19:46:12.000Z,30496c5f-6d53-4710-be63-66ee30bdc9e8,-114.191217,51.130511
7246,SB Arbour Ridge WY @ Arbour Ridge HT NW,ACTIVE,2026-09-29T19:46:12.000Z,2026-09-29T19:46:12.000Z,98688d1c-caf3-40c8-a8e7-fd77d37d7e6a,-114.1912208,51.139655
2607,WB Na'a Drive SW @ Sarcee Tr SW,ACTIVE,2026-09-29T19:46:12.000Z,2026-09-29T19:46:12.000Z,855a64bc-10fb-4a76-aa5d-918f7f20cb40,-114.1913236,51.0785787
4298,NB Springborough BV @ Springborough GA SW,ACTIVE,2026-09-29T19:46:12.000Z,2026-09-29T19:46:12.000Z,7ca7af61-500a-4485-82b1-798b767421f5,-114.19138,51.0340618
9288,EB Strathcona DR @ Strathridge GD SW,ACTIVE,2026-09-29T19:46:12.000Z,2026-09-29T19:46:12.000Z,e8c5d88c-df8c-408e-bf6e-f24ac7c40dcc,-114.1914947,51.0498502
6838,SB Arbour Lake WY @ Arbour Glen CL NW,ACTIVE,2026-09-29T19:46:12.000Z,2026-09-29T19:46:12.000Z,9bb2571b-bd4c-4c71-ad2d-9387d6885246,-114.1915121,51.1362711
9916,SB Nose Hill DR @ Hawkwood RD NW,ACTIVE,2026-09-29T19:46:12.000Z,2026-09-29T19:46:12.000Z,5fef23ba-fc28-4909-ae6a-be48eed9dc0e,-114.1915478,51.1306665
7174,NB Silvergrove DR @ Silver Springs RD NW,ACTIVE,2026-09-29T19:46:12.000Z,2026-09-29T19:46:12.000Z,08a5bfc4-4462-4823-b07d-64dadd55c930,-114.1915697,51.1108267
6839,NB Arbour Lake WY @ Arbour Cliff CL NW,ACTIVE,2026-09-29T19:46:12.000Z,2026-09-29T19:46:12.000Z,1f2dbbbf-66a9-415c-b326-a414bcaebab9,-114.191581,51.1356071
2618,EB Na'a DR @ Sarcee TR SW,ACTIVE,2026-09-29T19:46:12.000Z,2026-09-29T19:46:12.000Z,2ff68fd5-5374-4072-b92e-7fcd998626e2,-114.191649,51.0783229
7483,EB 34 AV NW @ W. of 71 ST NW,ACTIVE,2026-09-29T19:46:12.000Z,2026-09-29T19:46:12.000Z,10a4a139-d4f3-42b6-9e08-305c92024ab6,-114.1917296,51.0836848
7179,SB Silvergrove DR @ 66 AV NW,ACTIVE,2026-09-29T19:46:12.000Z,2026-09-29T19:46:12.000Z,509379df-46ac-4157-b2ed-2ced37375dd3,-114.1917948,51.1122983
6465,NB Citadel WY @ Citadel Estates HT NW,ACTIVE,2026-09-29T19:46:12.000Z,2026-09-29T19:46:12.000Z,802bdca7-da86-4172-88a4-73173231a3a2,-114.1920656,51.1467001
7243,SB Arbour Lake WY @ Arbour Lake DR NW,ACTIVE,2026-09-29T19:46:12.000Z,2026-09-29T19:46:12.000Z,64793c56-c485-44e1-88b1-f6a820707fd4,-114.192145,51.1347932
8628,WB Springbank BV @ 69 ST SW,ACTIVE,2026-09-29T19:46:12.000Z,2026-09-29T19:46:12.000Z,7740f531-a2f8-42a8-a6da-9ed053b6fe91,-114.1922836,51.017938
6536,SB Nose Hill DR @ S. of Hawkwood RD NW,ACTIVE,2026-09-29T19:46:12.000Z,2026-09-29T19:46:12.000Z,d0aabd61-d1be-407e-ab3e-75363c3c663f,-114.1923647,51.129855
7242,NB Arbour Lake WY @ S. of Arbour Cliff CL NW,ACTIVE,2026-09-29T19:46:12.000Z,2026-09-29T19:46:12.000Z,1ea30422-d63d-4754-9217-fbfb548b8fe0,-114.1924197,51.1338014
4924,EB Old Banff Coach RD @ 73 St SW,ACTIVE,2026-09-29T19:46:12.000Z,2026-09-29T19:46:12.000Z,727762ce-26a3-4882-89e1-5ed34d7de6f2,-114.1924272,51.0667466
9280,WB Strathcona DR @ Strathridge PL SW,ACTIVE,2026-09-29T19:46:12.000Z,2026-09-29T19:46:12.000Z,2abadd91-ad13-4d39-9d3e-b9167e1164e7,-114.1924956,51.050288
3770,SB Springborough BV @ Ambrose CI SW,ACTIVE,2026-09-29T19:46:12.000Z,2026-09-29T19:46:12.000Z,4e6e2ef5-9c04-48e9-ba49-fe9d3e1197e1,-114.1926365,51.0335703
8588,WB Arbour Lake DR @ Arbour Lake GR NW,ACTIVE,2026-09-29T19:46:12.000Z,2026-09-29T19:46:12.000Z,c7e65d8c-9fa1-40f8-9074-0017f00ad2e8,-114.1927767,51.135456
4299,NB Springborough BV @ Springborough GR SW,ACTIVE,2026-09-29T19:46:12.000Z,2026-09-29T19:46:12.000Z,2b55042f-56ba-4217-871d-a3c4a636a26a,-114.1929523,51.0330652
8809,EB Bowness RD @ 73 ST NW,ACTIVE,2026-09-29T19:46:12.000Z,2026-09-29T19:46:12.000Z,93c1bd75-b5c2-45a8-ac8f-959fe0b7e2e4,-114.1930414,51.0889062
6495,SB Citadel WY @ Citadel Bluff CL NW,ACTIVE,2026-09-29T19:46:12.000Z,2026-09-29T19:46:12.000Z,94033ce8-aebd-4dc7-aa51-db2cd490fbeb,-114.1931061,51.1462843
4300,NB Springborough BV @ 26 AV SW,ACTIVE,2026-09-29T19:46:12.000Z,2026-09-29T19:46:12.000Z,1684b308-5da3-4b01-918c-6eb907d23eb6,-114.1933506,51.030961
2440,NB 73 ST @ 15 AV SW,ACTIVE,2026-09-29T19:46:12.000Z,2026-09-29T19:46:12.000Z,ff18e654-dff4-4da1-8933-2708d7cae0ef,-114.1933668,51.0419718
2439,NB 73 ST SW @ Aspen Ridge HT,ACTIVE,2026-09-29T19:46:12.000Z,2026-09-29T19:46:12.000Z,a5c1c6c5-105a-4e68-a511-00e6e753b8c4,-114.193378,51.039333
7139,WB Silver Ridge DR @ Silver Ridge CL NW,ACTIVE,2026-09-29T19:46:12.000Z,2026-09-29T19:46:12.000Z,2cc62510-5521-4ded-932c-1ac4076e4180,-114.1933903,51.1036568
1934,NB 73 ST SW @ Westgrove BA SW,ACTIVE,2026-09-29T19:46:12.000Z,2026-09-29T19:46:12.000Z,541c7920-38d8-49a6-8dda-1c714ab32ad0,-114.193465,51.0567677
1933,NB 73 ST SW @ 11 AV SW,ACTIVE,2026-09-29T19:46:12.000Z,2026-09-29T19:46:12.000Z,b87c5c5b-fb24-4495-92f5-80f86f910b60,-114.1934684,51.0548016
7173,NB Silvergrove DR @ Silver Springs RI NW,ACTIVE,2026-09-29T19:46:12.000Z,2026-09-29T19:46:12.000Z,14abb27e-d5e0-4587-8206-a764f9acaf40,-114.1935275,51.113887
9309,NB Nose Hill DR @ John Laurie BV NW,ACTIVE,2026-09-29T19:46:12.000Z,2026-09-29T19:46:12.000Z,fd5e8e4c-b781-463b-bff5-564ea9f584bc,-114.1935811,51.1283246
1938,SB 73 ST SW @ Westpoint CL SW,ACTIVE,2026-09-29T19:46:12.000Z,2026-09-29T19:46:12.000Z,6fc3d098-18fc-41a7-855c-18c4c8849bfc,-114.193661,51.0582475
1939,SB 73 ST SW @ West Grover RI SW,ACTIVE,2026-09-29T19:46:12.000Z,2026-09-29T19:46:12.000Z,80fc09b1-b5c5-444d-8614-954938ce2789,-114.1936677,51.0561537
9686,WB 17 AV SW @ 73 ST SW,ACTIVE,2026-09-29T19:46:12.000Z,2026-09-29T19:46:12.000Z,e1921fd8-5fb0-495c-8af9-e34544ccb794,-114.1936837,51.0379579
4921,SB 73 ST SW @ Weston PA,ACTIVE,2026-09-29T19:46:12.000Z,2026-09-29T19:46:12.000Z,09c7a33c-b3eb-409a-8f93-5a0e0aca7edf,-114.1937076,51.0651674
1937,SB 73 ST SW @ West Cedar RI SW,ACTIVE,2026-09-29T19:46:12.000Z,2026-09-29T19:46:12.000Z,b6a656a8-5048-4a36-a089-15f489548088,-114.1937327,51.0603405
4922,SB 73 ST SW @ Old Banff Coach RD,ACTIVE,2026-09-29T19:46:12.000Z,2026-09-29T19:46:12.000Z,989f0794-12ed-45c7-b312-c780ebb5a8e9,-114.1937659,51.0665629
2441,WB 14 AV @ 73 ST SW,ACTIVE,2026-09-29T19:46:12.000Z,2026-09-29T19:46:12.000Z,715cd4a6-da64-4c73-9d6f-fd0dd612385e,-114.1937812,51.0452882
8598,SB Arbour Lake DR @ Arbour Vista GA NW,ACTIVE,2026-09-29T19:46:12.000Z,2026-09-29T19:46:12.000Z,c699d676-c813-400c-943b-ed128dde9bbf,-114.1938179,51.1357328
3771,SB Springborough BV @ Springborough GR SW,ACTIVE,2026-09-29T19:46:12.000Z,2026-09-29T19:46:12.000Z,e167fdb9-ca89-494e-9842-cfb44f35d520,-114.1938313,51.0324477
2606,EB Na'a DR @ Na'a PZ SW,ACTIVE,2026-09-29T19:46:12.000Z,2026-09-29T19:46:12.000Z,30523771-e22a-49f0-a5f6-e4ebb94b89ce,-114.1938472,51.0793958
7138,EB Silver Ridge DR @ Silver Crest DR NW,ACTIVE,2026-09-29T19:46:12.000Z,2026-09-29T19:46:12.000Z,de3b8bf5-feba-47f7-998d-be4a8868d1d2,-114.1938933,51.1033721
7176,NB Ranchlands BV @ Ranchero DR NW,ACTIVE,2026-09-29T19:46:12.000Z,2026-09-29T19:46:12.000Z,9f32f9d0-eb0b-486a-80c5-fd9c80d2a6df,-114.1939261,51.1209843
3786,WB Old Banff Coach RD @ Coulee WY SW,ACTIVE,2026-09-29T19:46:12.000Z,2026-09-29T19:46:12.000Z,df1c034f-7283-4197-913d-b26b26cb1071,-114.1940716,51.0671729
7177,SB Ranchlands BV @ Ranchero DR DR NW,ACTIVE,2026-09-29T19:46:12.000Z,2026-09-29T19:46:12.000Z,e23a90e5-9158-48d8-8a53-78afaac0edc0,-114.1940761,51.1201604
3772,WB 26 AV SW @ Springborough BV,ACTIVE,2026-09-29T19:46:12.000Z,2026-09-29T19:46:12.000Z,30294636-5902-47cf-bc60-5a3df276df9a,-114.1940855,51.0306009
1940,WB 11 AV SW @ 73 ST SW,ACTIVE,2026-09-29T19:46:12.000Z,2026-09-29T19:46:12.000Z,ff4cc2d4-23e8-4212-a115-e66500a3d0b3,-114.1940984,51.0543436
9687,EB 17 AV SW @ 73 ST SW,ACTIVE,2026-09-29T19:46:12.000Z,2026-09-29T19:46:12.000Z,430fbeef-0522-4ce1-8737-642a2ab29dbb,-114.1941313,51.0376331
5819,SB Silvergrove DR @ Silverstone RD NW,ACTIVE,2026-09-29T19:46:12.000Z,2026-09-29T19:46:12.000Z,52ecfcac-ee58-4786-8129-decdf62a7d5f,-114.1941511,51.1151522
8589,NB Arbour Lake DR @ Arbour Vista GA NW,ACTIVE,2026-09-29T19:46:12.000Z,2026-09-29T19:46:12.000Z,8f2e8faa-7826-4872-ab81-788ce817246b,-114.1941965,51.1363266
6404,NB Citadel WY @ Citadel Acres CL NW,ACTIVE,2026-09-29T19:46:12.000Z,2026-09-29T19:46:12.000Z,2a8cf784-ed24-4dc7-bff7-ae1ad11499fc,-114.1942761,51.1456199
1935,WB 9 AV SW @ 73 ST SW,ACTIVE,2026-09-29T19:46:12.000Z,2026-09-29T19:46:12.000Z,c39151df-c74f-42dc-820a-afcedb7832a6,-114.194302,51.0597552
3777,EB Springbluff BV @ Springbank WY SW,ACTIVE,2026-09-29T19:46:12.000Z,2026-09-29T19:46:12.000Z,329ecea2-c78f-48c5-b7cc-162ae9755d47,-114.1943225,51.0205415
6742,WB Bowness RD @ 73 ST NW,ACTIVE,2026-09-29T19:46:12.000Z,2026-09-29T19:46:12.000Z,d50a3548-d278-4d67-aa75-600ed94dfb6b,-114.1944034,51.0890559
2608,WB Na'a Drive @ Na'a PZ SW,ACTIVE,2026-09-29T19:46:12.000Z,2026-09-29T19:46:12.000Z,f652d422-d892-42e9-a630-95bdfed16877,-114.1944439,51.0799651
9287,EB Strathcona DR @ Strathridge GV SW,ACTIVE,2026-09-29T19:46:12.000Z,2026-09-29T19:46:12.000Z,94ef9b84-8943-4ca7-84b4-419919665baa,-114.1946158,51.0508607
1936,SB 73 ST SW @ Weston DR SW,ACTIVE,2026-09-29T19:46:12.000Z,2026-09-29T19:46:12.000Z,ec0aa8d2-86ae-494a-8bc4-290c11294a13,-114.1946928,51.062874
4920,WB Weston DR @ 73 ST SW,ACTIVE,2026-09-29T19:46:12.000Z,2026-09-29T19:46:12.000Z,7cfc1f84-46ca-4e96-939a-7f98674fd8c6,-114.1947186,51.0633208
3780,WB Springbluff BV @ Springbank WY SW,ACTIVE,2026-09-29T19:46:12.000Z,2026-09-29T19:46:12.000Z,6c3ce6e6-0075-4ea9-871d-e656ecb25586,-114.1952208,51.020779
5814,WB Silvergrove DR @ 100 Silvergrove PL NW,ACTIVE,2026-09-29T19:46:12.000Z,2026-09-29T19:46:12.000Z,069522c3-d45d-4fbe-95bc-2e306e67844d,-114.1952502,51.1158802
3463,NB Citadel WY @ N. of Country Hills BV NW,ACTIVE,2026-09-29T19:46:12.000Z,2026-09-29T19:46:12.000Z,180bdf91-7da9-4f6b-8cbd-0fbc32d9cae2,-114.1952713,51.1433816
8581,SB Citadel WY @ Citadel Acres CL NW,ACTIVE,2026-09-29T19:46:12.000Z,2026-09-29T19:46:12.000Z,221fa9b0-d4b5-4d35-a3d2-7206c1172a0c,-114.1953545,51.145286
5480,WB John Laurie BV @ Nose Hill DR NW,ACTIVE,2026-09-29T19:46:12.000Z,2026-09-29T19:46:12.000Z,b2ac95f6-b2ad-4761-b628-86c335ac08c5,-114.1954157,51.1282427
6736,WB John Laurie BV @ Nose Hill DR NW,ACTIVE,2026-09-29T19:46:12.000Z,2026-09-29T19:46:12.000Z,3bf622c4-5c8b-4c45-a7b2-0e127525e3de,-114.1954157,51.1282427
7232,SB Ranchlands BV @ Ranchlands WY NW,ACTIVE,2026-09-29T19:46:12.000Z,2026-09-29T19:46:12.000Z,4c3b4fbc-7f75-450f-a39d-9f727c018e30,-114.1954331,51.1225316
8614,EB Springbank BV @ Spring CR SW,ACTIVE,2026-09-29T19:46:12.000Z,2026-09-29T19:46:12.000Z,73a97b44-59d7-46d8-b5dc-a3f87bf7902a,-114.1954965,51.018339
9281,WB Strathcona DR @ Strathridge WY SW,ACTIVE,2026-09-29T19:46:12.000Z,2026-09-29T19:46:12.000Z,6951e485-8aad-4efd-bf7c-953d3e924bf7,-114.1954979,51.0513766
7482,EB 34 AV NW @ Bowmanten PL,ACTIVE,2026-09-29T19:46:12.000Z,2026-09-29T19:46:12.000Z,4d35e7cc-91aa-45f9-8762-337457a1b8e3,-114.1955139,51.0836858
3556,EB 112 AV NW @ 76 ST NW,ACTIVE,2026-09-29T19:46:12.000Z,2026-09-29T19:46:12.000Z,18cd2733-39d3-41d7-98e4-9b71bb07679d,-114.195694,51.1540953
5289,NB Nose Hill DR @ Range DR NW,ACTIVE,2026-09-29T19:46:12.000Z,2026-09-29T19:46:12.000Z,fbac1741-9bf2-4ece-a90e-c8f31f5eb83a,-114.1958105,51.1262104
8808,EB Bowness RD @ 75 ST NW,ACTIVE,2026-09-29T19:46:12.000Z,2026-09-29T19:46:12.000Z,fe270ddf-2be5-47d0-8211-47c619a90d87,-114.1960263,51.088906
7292,WB Ranchlands BV @ Ranchlands WY NW,ACTIVE,2026-09-29T19:46:12.000Z,2026-09-29T19:46:12.000Z,24e23e35-b838-42f3-8728-eb2edbaa5089,-114.196034,51.1232296
7241,EB Arbour Lake WY @ Arbour Estates WY NW,ACTIVE,2026-09-29T19:46:12.000Z,2026-09-29T19:46:12.000Z,b7b3db7c-1e72-457a-a5b5-7870081f38d1,-114.1960983,51.1327834
8582,WB @ Citadel Terminal NW,ACTIVE,2026-09-29T19:46:12.000Z,2026-09-29T19:46:12.000Z,0e19f582-c529-40b7-a928-f79994eafd47,-114.19622,51.1442184
7485,WB 34 AV NW @ Bowmanten PL,ACTIVE,2026-09-29T19:46:12.000Z,2026-09-29T19:46:12.000Z,ae3b8436-7162-4521-b60c-fc3c80b5bbf0,-114.1964157,51.0838873
5973,EB John Laurie BV @ 100 Crowfoot GA NW,ACTIVE,2026-09-29T19:46:12.000Z,2026-09-29T19:46:12.000Z,50f9f362-b19b-4f91-9ff5-c2b5c0b00317,-114.1964231,51.1283658
7234,EB John Laurie BV @ 100 Crowfoot GA NW,ACTIVE,2026-09-29T19:46:12.000Z,2026-09-29T19:46:12.000Z,2b200c86-83c1-4d0d-aeaa-75d3baf61ccc,-114.1964967,51.1283316
3784,EB 26 AV SW @ E. of 77 ST SW,ACTIVE,2026-09-29T19:46:12.000Z,2026-09-29T19:46:12.000Z,9a862155-7034-436c-a900-aad75e40915a,-114.196507,51.0304693
4109,EB Arbour Lake DR @ E. of Arbour Crest DR NW,ACTIVE,2026-09-29T19:46:12.000Z,2026-09-29T19:46:12.000Z,61d2d6ae-5d45-4443-bd15-9e6efef39722,-114.196518,51.1385949
8612,WB Springbank BV @ Spring ME SW,ACTIVE,2026-09-29T19:46:12.000Z,2026-09-29T19:46:12.000Z,8e241316-dd4d-4044-a23c-b5d8b4116b41,-114.1968927,51.0185974
8811,WB Bowness RD @ 75 ST NW,ACTIVE,2026-09-29T19:46:12.000Z,2026-09-29T19:46:12.000Z,018b3808-47c8-4a6d-a9d3-ad3c96bed717,-114.1969035,51.0890439
6083,SB Silver Ridge DR @ Silver Springs BV NW,ACTIVE,2026-09-29T19:46:12.000Z,2026-09-29T19:46:12.000Z,df4bd686-1729-4898-bfe8-fcf0c67710e2,-114.1969078,51.1083285
6603,SB Nose Hill DR @ Crowfoot RD NW,ACTIVE,2026-09-29T19:46:12.000Z,2026-09-29T19:46:12.000Z,8fa71bf3-3aec-4538-b6b7-6368ff4d6a5f,-114.1969114,51.1257331
2442,WB 14 AV SW @ Aspen Ridge WY,ACTIVE,2026-09-29T19:46:12.000Z,2026-09-29T19:46:12.000Z,a924fbcd-94fc-4638-a5ce-ac037f89acfd,-114.1969873,51.0453364
7240,WB Arbour Lake WY @ Arbour Estates WY NW,ACTIVE,2026-09-29T19:46:12.000Z,2026-09-29T19:46:12.000Z,0de5ea43-34b0-4ed4-80e1-db0b3aae15e1,-114.1971301,51.1332129
4919,WB Weston DR @ Weston WY SW,ACTIVE,2026-09-29T19:46:12.000Z,2026-09-29T19:46:12.000Z,e19f5a8a-f63c-4f7a-bd8a-f8bf3881e60f,-114.1972996,51.0633647
6077,WB Silver Springs BV @ Silver Ridge DR NW,ACTIVE,2026-09-29T19:46:12.000Z,2026-09-29T19:46:12.000Z,724f3c49-36be-4cd2-bd7d-364aea903310,-114.1973312,51.1088873
7140,WB Silver Ridge DR @ Silver Ridge PL NW,ACTIVE,2026-09-29T19:46:12.000Z,2026-09-29T19:46:12.000Z,43d8c2cb-f5d6-4f94-9fc7-edd23974b6d7,-114.1973408,51.1035358
8590,WB Arbour Lake DR @ E. of Arbour Crest DR NW,ACTIVE,2026-09-29T19:46:12.000Z,2026-09-29T19:46:12.000Z,fef9968d-1a48-40b2-85dd-cc3da0ce480d,-114.1973599,51.138858
3647,WB 112 AV NW @ 76 ST NW,ACTIVE,2026-09-29T19:46:12.000Z,2026-09-29T19:46:12.000Z,9cd01b15-6e6d-40a2-a249-a40fc43efd17,-114.1974009,51.1542496
7644,NB Nose Hill DR @ Ranchlands BV NW,ACTIVE,2026-09-29T19:46:12.000Z,2026-09-29T19:46:12.000Z,3914ac2a-a11e-425c-b8ef-e2f29c2a30d3,-114.1974608,51.1246849
3773,WB 26 AV SW @ 77 ST SW,ACTIVE,2026-09-29T19:46:12.000Z,2026-09-29T19:46:12.000Z,407eba83-85b9-456f-80af-936ea8595f09,-114.1974956,51.0306567
6156,EB Ranchlands BV @ Nose Hill DR NW,ACTIVE,2026-09-29T19:46:12.000Z,2026-09-29T19:46:12.000Z,7f70fa78-16a0-4558-aabf-fa58db83adc4,-114.1975059,51.1237056
6767,NB Crowfoot GA @ Crowfoot CR NW,ACTIVE,2026-09-29T19:46:12.000Z,2026-09-29T19:46:12.000Z,658c42ac-b773-4cf3-b2cb-9dbd2aae606a,-114.1975797,51.1281507
7235,WB John Laurie BV @ 100 Crowfoot GA NW,ACTIVE,2026-09-29T19:46:12.000Z,2026-09-29T19:46:12.000Z,4642edcd-787a-4fb1-ac78-2e7ace5e1d3d,-114.197588,51.1291943
7136,SB Silver Ridge DR @ Silver Hill RD NW,ACTIVE,2026-09-29T19:46:12.000Z,2026-09-29T19:46:12.000Z,2f807fbb-c9d9-47a8-8660-865a0e8ce15f,-114.1977296,51.107026
7141,NB Silver Ridge DR @ Silver Mead RD NW,ACTIVE,2026-09-29T19:46:12.000Z,2026-09-29T19:46:12.000Z,d9ff9daa-b744-4ac7-a3de-047d943f820f,-114.1977443,51.1067835
7231,SB Crowfoot GA @ John Laurie BV NW,ACTIVE,2026-09-29T19:46:12.000Z,2026-09-29T19:46:12.000Z,621b10b0-4974-4115-9cf9-78522ae0a023,-114.1978285,51.1282916
7180,WB Silvergrove DR @ 300 Silvergrove PL NW,ACTIVE,2026-09-29T19:46:12.000Z,2026-09-29T19:46:12.000Z,13aad307-fd42-4c56-a8cb-4021710884d5,-114.197846,51.116671
2617,EB Na'a DR @ Town Centre SW,ACTIVE,2026-09-29T19:46:12.000Z,2026-09-29T19:46:12.000Z,3b98b4c9-47f9-41f8-ba25-f2d343c2cb4d,-114.1984783,51.0805944
6084,EB Silver Ridge DR @ Silver Crest DR NW,ACTIVE,2026-09-29T19:46:12.000Z,2026-09-29T19:46:12.000Z,793e1133-9da8-467d-9e43-5a63479da197,-114.1985193,51.1034201
6745,EB Bowness RD @ 77 ST NW,ACTIVE,2026-09-29T19:46:12.000Z,2026-09-29T19:46:12.000Z,5e69b6a3-6b37-4107-ae8f-f4784aa36a07,-114.1986438,51.0888428
3706,EB Old Banff Coach RD @ 77 ST SW,ACTIVE,2026-09-29T19:46:12.000Z,2026-09-29T19:46:12.000Z,03bbc230-6818-4321-a9c3-abee99ac5d6b,-114.1986478,51.0668978
7223,EB Crowfoot CR @ Crowfoot WY NW,ACTIVE,2026-09-29T19:46:12.000Z,2026-09-29T19:46:12.000Z,1577971a-27c1-4c9f-af18-639bbc431a76,-114.1987802,51.1260298
4110,EB Arbour Lake DR @ Arbour Crest DR NW,ACTIVE,2026-09-29T19:46:12.000Z,2026-09-29T19:46:12.000Z,25352819-e907-4eb1-b2bd-72f00e8b07a0,-114.1988677,51.1387502
9369,EB Discovery Ridge BV @ Discovery DR SW,ACTIVE,2026-09-29T19:46:12.000Z,2026-09-29T19:46:12.000Z,324cc705-45cb-4423-97ad-86d49bcd814b,-114.198914,51.01206
7004,NB Arbour Lake DR @ Arbour Vista HL NW,ACTIVE,2026-09-29T19:46:12.000Z,2026-09-29T19:46:12.000Z,9795b773-109b-47d0-8054-2edac1c006a7,-114.1990084,51.1371346
8006,SB Nose Hill DR @ Crowfoot WY NW,ACTIVE,2026-09-29T19:46:12.000Z,2026-09-29T19:46:12.000Z,59c6b740-5a3e-428d-a5c8-446c04205652,-114.1990162,51.1237841
3781,NB Springbluff BV @ Springbluff LN SW,ACTIVE,2026-09-29T19:46:12.000Z,2026-09-29T19:46:12.000Z,c05407df-c88c-4ec9-aa85-906a17c92fce,-114.1990806,51.0225176
8822,NB 77 ST SW @ Old Banff Coach RD,ACTIVE,2026-09-29T19:46:12.000Z,2026-09-29T19:46:12.000Z,33ceae8c-9b7a-4f51-afbd-427a9dae1917,-114.1991859,51.0675835
3776,SB Springbluff BV @ Springbluff LN SW,ACTIVE,2026-09-29T19:46:12.000Z,2026-09-29T19:46:12.000Z,337e988a-6970-4e42-b7f3-61d1b87d77af,-114.199196,51.0222596
6611,NB 77 ST NW @ 36 AV NW,ACTIVE,2026-09-29T19:46:12.000Z,2026-09-29T19:46:12.000Z,55315b23-b44b-4d8e-9b69-201aa4e1c3a1,-114.199202,51.0859869
6313,NB 77 ST NW @ Bowness RD,ACTIVE,2026-09-29T19:46:12.000Z,2026-09-29T19:46:12.000Z,36e26b7e-f889-485f-b9ff-4d2ada68c9ff,-114.1992156,51.0893063
3782,NB 77 ST SW @ Spring Valley WY,ACTIVE,2026-09-29T19:46:12.000Z,2026-09-29T19:46:12.000Z,c60408ce-1ff5-422c-b26f-fe7d689e0657,-114.199216,51.0242928
3783,NB 77 ST SW @ Spring Valley VW,ACTIVE,2026-09-29T19:46:12.000Z,2026-09-29T19:46:12.000Z,7543813d-a28b-4dc8-88ae-1ef5d8b116b0,-114.1992289,51.0288085
4062,NB 77 ST NW @ S. of 43 AV NW,ACTIVE,2026-09-29T19:46:12.000Z,2026-09-29T19:46:12.000Z,5981225d-0197-48e8-93ad-7b00ce6af9a1,-114.1992401,51.090791
2609,WB Na'a Drive @ Town Centre SW,ACTIVE,2026-09-29T19:46:12.000Z,2026-09-29T19:46:12.000Z,add175af-f441-4e88-97d7-d97d2a9ce5ac,-114.1992648,51.0808129
3705,NB 77 ST SW @ Weston DR,ACTIVE,2026-09-29T19:46:12.000Z,2026-09-29T19:46:12.000Z,faeb3048-5296-43a8-97ec-567e2dad4034,-114.1992743,51.06352
3704,NB 77 ST SW @ 9 AV SW,ACTIVE,2026-09-29T19:46:12.000Z,2026-09-29T19:46:12.000Z,b312640c-38a5-43fb-9a70-9e6fef569f33,-114.1993267,51.0598155
4061,SB 77 ST NW @ 43 AV NW,ACTIVE,2026-09-29T19:46:12.000Z,2026-09-29T19:46:12.000Z,b88c704b-4039-46e2-93dc-a843f46d8e73,-114.1994331,51.0906697
6319,SB 77 ST NW @ Bowness RD,ACTIVE,2026-09-29T19:46:12.000Z,2026-09-29T19:46:12.000Z,d4f8c84f-56fe-46fa-ad36-e1a935335b9d,-114.1994427,51.0883853
4060,SB 77 ST NW @ 46 AV NW,ACTIVE,2026-09-29T19:46:12.000Z,2026-09-29T19:46:12.000Z,1b23d8b1-da71-4e3f-b347-7f55758dc306,-114.1994466,51.0937551
7481,SB 77 ST NW @ 36 AV NW,ACTIVE,2026-09-29T19:46:12.000Z,2026-09-29T19:46:12.000Z,63d6bc7d-3128-471c-bf94-3090aa3fa011,-114.1994566,51.0853184
3774,SB 77 ST SW @ Spring Valley VW,ACTIVE,2026-09-29T19:46:12.000Z,2026-09-29T19:46:12.000Z,7c6ce9df-ab3d-4503-82ef-a421b587067a,-114.1994609,51.0285082
6793,SB Arbour Lake DR @ Arbour Vista HL NW,ACTIVE,2026-09-29T19:46:12.000Z,2026-09-29T19:46:12.000Z,c54274e6-6ed0-45d3-b532-cc80509f6468,-114.1994968,51.1366246
3775,SB Springbluff BV @ Spring Valley WY SW,ACTIVE,2026-09-29T19:46:12.000Z,2026-09-29T19:46:12.000Z,85014b0c-2914-4641-a7af-99fb93595457,-114.1995146,51.0235984
7178,EB Silvergrove DR @ 78 ST NW,ACTIVE,2026-09-29T19:46:12.000Z,2026-09-29T19:46:12.000Z,6d817267-f1f0-4022-98f9-28f0f0448022,-114.199555,51.1165321
9688,WB 17 AV SW @ 77 ST SW,ACTIVE,2026-09-29T19:46:12.000Z,2026-09-29T19:46:12.000Z,65306cd6-78f7-4556-9fe0-3a5f5f517316,-114.1995655,51.0381261
3707,SB 77 ST SW @ Weston DR,ACTIVE,2026-09-29T19:46:12.000Z,2026-09-29T19:46:12.000Z,f51313fe-06aa-499b-98cd-4f2d91046e2e,-114.1996156,51.0630695
3708,SB 77 ST SW @ 9 AV SW,ACTIVE,2026-09-29T19:46:12.000Z,2026-09-29T19:46:12.000Z,b0e4f0f3-9059-4137-a71e-7922f7e36156,-114.1996203,51.0594448
3709,SB 77 ST SW @ 10 AV SW,ACTIVE,2026-09-29T19:46:12.000Z,2026-09-29T19:46:12.000Z,5f8b0679-a121-4a3e-bdb5-db82808c2e93,-114.1996443,51.0576284
9276,WB Wentworth DR @ 77 ST SW,ACTIVE,2026-09-29T19:46:12.000Z,2026-09-29T19:46:12.000Z,e3a40edc-f9c2-447c-be91-1f013afa0b6b,-114.1996575,51.0543367
4992,SB 77 ST SW @ Old Banff Coach RD,ACTIVE,2026-09-29T19:46:12.000Z,2026-09-29T19:46:12.000Z,ca4437ab-d23f-4eb8-b856-b3ccf48b9ae0,-114.199675,51.0668127
7005,SB Arbour Lake DR@ Arbour Crest DR NW,ACTIVE,2026-09-29T19:46:12.000Z,2026-09-29T19:46:12.000Z,69d7df04-eec2-4eda-a05f-23cc582dcdcb,-114.199702,51.1381946
7137,SB Silver Ridge DR @ Silver Crest CR NW,ACTIVE,2026-09-29T19:46:12.000Z,2026-09-29T19:46:12.000Z,ae4145bf-7b31-48cb-80e3-bf642c842813,-114.1997141,51.1049239
8591,WB Arbour Crest DR @ Arbour Lake DR NW,ACTIVE,2026-09-29T19:46:12.000Z,2026-09-29T19:46:12.000Z,72f31af5-14a2-45bf-b6e7-fb25375753e1,-114.1998237,51.1387821
5024,WB Bowness  RD @ 77 ST NW,ACTIVE,2026-09-29T19:46:12.000Z,2026-09-29T19:46:12.000Z,20146d08-a9d4-400d-86b0-5924d8719d09,-114.1998742,51.0890432
6082,SB Silver Springs BV @ Silver Springs RD NW,ACTIVE,2026-09-29T19:46:12.000Z,2026-09-29T19:46:12.000Z,0be5a59f-b0ba-4223-ae22-cff19eb1d287,-114.19994,51.1099303
2268,WB 9 AV SW @ 77 ST SW,ACTIVE,2026-09-29T19:46:12.000Z,2026-09-29T19:46:12.000Z,1e59084f-7904-47fb-ae83-885265c74e88,-114.1999567,51.0597595
4063,WB 46 AV NW @ 77 ST NW,ACTIVE,2026-09-29T19:46:12.000Z,2026-09-29T19:46:12.000Z,c094d6ca-1cdc-420a-9a8a-61c5ac18d5d9,-114.1999652,51.0941543
8009,SB Crowfoot CR @ N. of Crowfoot WY  NW,ACTIVE,2026-09-29T19:46:12.000Z,2026-09-29T19:46:12.000Z,26e8cc29-a4f8-4081-b352-24fbab5bd267,-114.2000118,51.1257535
6696,NB Crowfoot GA @ Crowfoot CR NW,ACTIVE,2026-09-29T19:46:12.000Z,2026-09-29T19:46:12.000Z,1c761fcb-9d3f-41aa-8674-9ab9a944aa97,-114.2001233,51.129345
3837,EB Crowfoot CR @ 200 Crowfoot GA NW,ACTIVE,2026-09-29T19:46:12.000Z,2026-09-29T19:46:12.000Z,75006834-7783-439c-b01e-e6acf457b452,-114.2003431,51.1287836
6791,EB Arbour Lake DR @ Arbour Lake WY NW,ACTIVE,2026-09-29T19:46:12.000Z,2026-09-29T19:46:12.000Z,055e0f49-c932-4640-b556-14fbcc06a5d9,-114.2003558,51.1361325
3548,EB 112 AV NW @ Royal Vista DR NW,ACTIVE,2026-09-29T19:46:12.000Z,2026-09-29T19:46:12.000Z,94411ac3-c632-42b3-8b49-025c2388d7f1,-114.2003786,51.154061
7132,WB Silver Springs RD @  Silver Springs BV NW,ACTIVE,2026-09-29T19:46:12.000Z,2026-09-29T19:46:12.000Z,73b90e0d-17df-4774-b945-25424cfae48e,-114.2004511,51.1102214
7239,EB Arbour Lake WY @ Arbour Lake DR NW,ACTIVE,2026-09-29T19:46:12.000Z,2026-09-29T19:46:12.000Z,c6adedb8-fbb6-46c6-a37c-62f2a77e0581,-114.2005459,51.1353545
2245,WB 13 AV @ Aspen Summit GR SW,ACTIVE,2026-09-29T19:46:12.000Z,2026-09-29T19:46:12.000Z,418cce8d-ce07-474d-bbf7-cc7462a7e38d,-114.2005832,51.047084
9366,WB Discovery Ridge BV @ Discovery Ridge GA SW,ACTIVE,2026-09-29T19:46:12.000Z,2026-09-29T19:46:12.000Z,4006b2ab-5954-424c-80c3-1123a8286d07,-114.201055,51.0117623
3838,WB Crowfoot CR @ Crowfoot GA NW,ACTIVE,2026-09-29T19:46:12.000Z,2026-09-29T19:46:12.000Z,c9a42d3c-97f1-4185-9a72-332af91469cd,-114.2010872,51.1292422
7627,WB Crowfoot WY @ Crowfoot CR NW,ACTIVE,2026-09-29T19:46:12.000Z,2026-09-29T19:46:12.000Z,71ece6ea-96d9-49b3-affb-267ba3d99f5c,-114.2011805,51.124864
7480,EB Bowness RD @ 79 ST NW,ACTIVE,2026-09-29T19:46:12.000Z,2026-09-29T19:46:12.000Z,1854a8b2-e1ec-43f7-b362-fdb8af815f0e,-114.2011982,51.0888771
8605,EB Arbour Crest DR @ Arbour Butte RD NW,ACTIVE,2026-09-29T19:46:12.000Z,2026-09-29T19:46:12.000Z,3dc6f87a-9711-4028-8607-e0ad3ae9c9ad,-114.2014826,51.1397213
8298,EB Crowfoot WY @ Crowfoot CI NW,ACTIVE,2026-09-29T19:46:12.000Z,2026-09-29T19:46:12.000Z,a4970e8e-44d5-45ff-a73d-39d4ff94619c,-114.2015321,51.1244857
9358,WB Cougar Ridge DR @ Cougar Ridge CI SW,ACTIVE,2026-09-29T19:46:12.000Z,2026-09-29T19:46:12.000Z,3e781d8b-6431-45ee-84c7-27c66c8dfcb3,-114.2015405,51.0704373
8613,EB Springbank BV @ Springbank PL SW,ACTIVE,2026-09-29T19:46:12.000Z,2026-09-29T19:46:12.000Z,22713a60-a8ba-472d-a549-4fdef2720bfb,-114.2017196,51.018956
7143,EB Silver Springs RD @ Silver Springs WY NW,ACTIVE,2026-09-29T19:46:12.000Z,2026-09-29T19:46:12.000Z,ae362d06-7dc5-4538-9c3f-2c3edc4f2136,-114.201766,51.1095063
4111,SB Arbour Lake DR @ Arbour Crest RD NW,ACTIVE,2026-09-29T19:46:12.000Z,2026-09-29T19:46:12.000Z,1f0da392-58fa-4a66-a4e7-3d1f1c41c17e,-114.2018571,51.1354219
8602,WB Arbour Crest DR @ Arbour Butte RD NW,ACTIVE,2026-09-29T19:46:12.000Z,2026-09-29T19:46:12.000Z,90ecf8fc-d603-4415-98de-ef86d3ffc110,-114.2023269,51.1401823
7181,SB Silvergrove DR @ Silvergrove WY NW,ACTIVE,2026-09-29T19:46:12.000Z,2026-09-29T19:46:12.000Z,ad28210f-4e53-43be-adc8-0cb309920bd5,-114.2026925,51.1161665
7486,WB Bowness RD @ 79 ST NW,ACTIVE,2026-09-29T19:46:12.000Z,2026-09-29T19:46:12.000Z,4c3ddf69-6585-4025-8442-76311445330d,-114.20285,51.0890524
7237,EB Arbour Lake DR @ John Laurie BV NW,ACTIVE,2026-09-29T19:46:12.000Z,2026-09-29T19:46:12.000Z,18d665ea-459e-43d0-a449-59bb57a285db,-114.2029852,51.133551
5818,NB Silvergrove DR @ Silvergrove RD NW,ACTIVE,2026-09-29T19:46:12.000Z,2026-09-29T19:46:12.000Z,90acd9e9-cf7a-4bc3-af36-67efbd119be1,-114.2029967,51.1156251
7135,WB Silver Springs RD @ Silver Hill WY NW,ACTIVE,2026-09-29T19:46:12.000Z,2026-09-29T19:46:12.000Z,48165c90-8b3b-4612-b56f-3f87f1e8201e,-114.2031065,51.1093135
9689,EB 17 AV SW @ Aspen Summit DR,ACTIVE,2026-09-29T19:46:12.000Z,2026-09-29T19:46:12.000Z,e62bfebc-e7f7-4298-808e-7d6a21c494c1,-114.2031473,51.0378512
9286,EB Strathcona DR @ Strathlea PL SW,ACTIVE,2026-09-29T19:46:12.000Z,2026-09-29T19:46:12.000Z,af956061-6657-4eec-96a7-b73871491034,-114.203223,51.0515348
2616,EB Na'a DR @ Na'a HT SW,ACTIVE,2026-09-29T19:46:12.000Z,2026-09-29T19:46:12.000Z,dfd92ac0-5d87-4d34-b37b-14857033cb12,-114.2036401,51.0803628
2447,SB Aspen Summit DR @ Aspen Glen WY SW,ACTIVE,2026-09-29T19:46:12.000Z,2026-09-29T19:46:12.000Z,b2b0ff1c-c581-44c3-90ac-6a17c6f7c45b,-114.203684,51.0389353
2446,SB Aspen Summit DR @ Aspen Summit GA SW,ACTIVE,2026-09-29T19:46:12.000Z,2026-09-29T19:46:12.000Z,caf61aab-b34d-4bf6-b090-25fb3e845230,-114.2036943,51.040873
8604,NB Arbour Crest DR @ Arbour Lake TC NW,ACTIVE,2026-09-29T19:46:12.000Z,2026-09-29T19:46:12.000Z,ea592317-8f8c-4dc1-b8b6-aaf01b6d7b89,-114.2038278,51.1397145
5852,NB Crowfoot CR @ Crowfoot TC NW,ACTIVE,2026-09-29T19:46:12.000Z,2026-09-29T19:46:12.000Z,e5c20d5d-e412-451f-aac2-1e875ab44bd2,-114.2039864,51.1283401
7236,SB John Laurie BV @ Arbour Wood CL NW,ACTIVE,2026-09-29T19:46:12.000Z,2026-09-29T19:46:12.000Z,491d284a-9a7f-43cd-92af-62e7e38aced4,-114.2040086,51.132703
8603,SB Arbour Crest DR @ Arbour Crest TC NW,ACTIVE,2026-09-29T19:46:12.000Z,2026-09-29T19:46:12.000Z,18405ce1-5830-47cb-8f5e-0fe9409e7679,-114.2041584,51.1396864
2610,WB Na'a Dr @ East of Piita Ri SW,ACTIVE,2026-09-29T19:46:12.000Z,2026-09-29T19:46:12.000Z,2948de0f-6d15-40e9-a959-beba2cd158e8,-114.2043201,51.0806174
9282,WB Strathcona DR @ Strathlea MR SW,ACTIVE,2026-09-29T19:46:12.000Z,2026-09-29T19:46:12.000Z,5af1644d-c4e9-4fa4-a353-f5b1143bab3f,-114.2043336,51.0511027
9681,WB 17 AV SW @ Aspen Summit DR,ACTIVE,2026-09-29T19:46:12.000Z,2026-09-29T19:46:12.000Z,420039a2-b711-495f-ade3-b04fabca1d83,-114.2043702,51.0381782
2443,WB 13 AV SW @ Aspen Summit CI,ACTIVE,2026-09-29T19:46:12.000Z,2026-09-29T19:46:12.000Z,fc6bc3c3-d6dc-4e8b-98b1-e54c2ccdad98,-114.204377,51.0470669
6771,WB Silver Springs BV @ Silvergrove DR NW,ACTIVE,2026-09-29T19:46:12.000Z,2026-09-29T19:46:12.000Z,4f4b8e14-2c85-408a-9647-c44511ab9991,-114.2043872,51.1153166
6317,EB 46 AV NW @ 81 ST NW,ACTIVE,2026-09-29T19:46:12.000Z,2026-09-29T19:46:12.000Z,2f6dd641-c5f7-455a-b763-0452532bd3d0,-114.2045588,51.0940125
7311,WB Cougar Ridge DR @ Cougar Ridge CR SW,ACTIVE,2026-09-29T19:46:12.000Z,2026-09-29T19:46:12.000Z,9d9c0c00-06cb-44c2-b8a6-e4ab0093d1e8,-114.2046583,51.0715283
3839,SB  Crowfoot CR @  Crowfoot TC NW,ACTIVE,2026-09-29T19:46:12.000Z,2026-09-29T19:46:12.000Z,13f8a72c-02cb-4263-9634-f89dc25e9eaa,-114.2046805,51.12797
9951,EB Old Banff Coach RD @ 81 ST SW,ACTIVE,2026-09-29T19:46:12.000Z,2026-09-29T19:46:12.000Z,238bdbb8-79fd-4e60-a421-408b24cd5d8f,-114.2046948,51.0668969
3555,EB 112 AV NW @ Royal Vista LI NW,ACTIVE,2026-09-29T19:46:12.000Z,2026-09-29T19:46:12.000Z,0639a9f7-302e-48e5-9171-033be263ce62,-114.2047184,51.1538878
2445,SB Aspen Summit DR @ Aspen Summit BV SW,ACTIVE,2026-09-29T19:46:12.000Z,2026-09-29T19:46:12.000Z,dfdf677b-4c9f-43e8-969a-931b69d38fbe,-114.2051773,51.0429467
2267,EB 9 AV SW @ 81 ST SW,ACTIVE,2026-09-29T19:46:12.000Z,2026-09-29T19:46:12.000Z,168927d2-bdf9-4bcc-b7bb-55513902e2f9,-114.2055039,51.0595596
7479,EB Bowness RD @ E. of 83 ST NW,ACTIVE,2026-09-29T19:46:12.000Z,2026-09-29T19:46:12.000Z,bf38000e-3ed2-4f22-a389-433b243eb22e,-114.2055485,51.0889722
9275,EB Wentworth DR @ 700 Wentworth PL SW,ACTIVE,2026-09-29T19:46:12.000Z,2026-09-29T19:46:12.000Z,1755cb7b-ed85-4055-99e3-9e0c5db2ae2c,-114.2056042,51.0541733
8595,EB Arbour Crest DR @ Arbour Crest TC NW,ACTIVE,2026-09-29T19:46:12.000Z,2026-09-29T19:46:12.000Z,1222e72e-f7d9-4d42-9bc8-f78e564db858,-114.2056292,51.1385343
7476,NB Silvergrove DR @ Silvercreek DR NW,ACTIVE,2026-09-29T19:46:12.000Z,2026-09-29T19:46:12.000Z,9f3bf0d5-629c-430a-b3f1-a41a488a3f17,-114.2057389,51.1130463
6737,SB Nose Hill DR @ Scenic Acres BV NW,ACTIVE,2026-09-29T19:46:12.000Z,2026-09-29T19:46:12.000Z,42337603-ba3f-4daa-b300-15d18b0ab183,-114.205774,51.1174365
4064,WB 46 AV NW @ 81 ST NW,ACTIVE,2026-09-29T19:46:12.000Z,2026-09-29T19:46:12.000Z,89f67e8d-5bec-431e-9e6d-03a47c790291,-114.2057784,51.0941586
7142,EB Silver Springs RD @ Silver Valley DR NW,ACTIVE,2026-09-29T19:46:12.000Z,2026-09-29T19:46:12.000Z,69d09b1e-e871-455e-ae20-1571894f0713,-114.2057798,51.1090537
6534,WB Scenic Acres BV @ Nose Hill DR NW,ACTIVE,2026-09-29T19:46:12.000Z,2026-09-29T19:46:12.000Z,3217fd9e-4df5-49f4-9cdb-1debcbc59b69,-114.2059037,51.1183661
2444,SB Aspen Summit DR @ Aspen Summit CT SW,ACTIVE,2026-09-29T19:46:12.000Z,2026-09-29T19:46:12.000Z,7d19c3a3-1a31-40da-b9f7-98547cbff2b4,-114.2059626,51.0457341
7487,WB Bowness RD @ W. of 79 ST NW,ACTIVE,2026-09-29T19:46:12.000Z,2026-09-29T19:46:12.000Z,d74b6fb4-7c79-4019-ace7-b67739741c4b,-114.2059662,51.089387
9277,WB Wentworth DR @ 700 Wentworth PL SW,ACTIVE,2026-09-29T19:46:12.000Z,2026-09-29T19:46:12.000Z,77385713-80cb-4cbf-a21e-2a592a7e2c14,-114.2060484,51.0543818
6734,NB Nose Hill DR @ Silver Springs BV NW,ACTIVE,2026-09-29T19:46:12.000Z,2026-09-29T19:46:12.000Z,1d93ca4b-aab0-4056-a672-b6d0ec3b915c,-114.2061236,51.1166174
9285,EB Strathcona DR @ Strathlea GR SW,ACTIVE,2026-09-29T19:46:12.000Z,2026-09-29T19:46:12.000Z,bdc17393-7ffc-4a92-8c75-62a774ac14c6,-114.2061413,51.0507052
3549,WB 112 AV NW @ Royal Vista LI NW,ACTIVE,2026-09-29T19:46:12.000Z,2026-09-29T19:46:12.000Z,2e326bfd-ce26-418a-a6ee-40d223383245,-114.2061473,51.1540029
9368,EB Discovery Ridge BV @ Discovery Ridge LI SW,ACTIVE,2026-09-29T19:46:12.000Z,2026-09-29T19:46:12.000Z,da594683-087b-46ea-a64c-1856c93435ad,-114.2061535,51.0116236
3483,EB Silver Springs BV @ Nose Hill DR NW,ACTIVE,2026-09-29T19:46:12.000Z,2026-09-29T19:46:12.000Z,4e091a63-c47e-485c-bb11-19861528a0ad,-114.2061727,51.1157317
7290,EB Scenic Acres BV @ Nose Hill DR NW,ACTIVE,2026-09-29T19:46:12.000Z,2026-09-29T19:46:12.000Z,2da4964f-8e7f-4d9e-ac7e-7bc51b3a529c,-114.2063975,51.1182339
6267,EB Crowfoot WY @ Crowfoot CR NW,ACTIVE,2026-09-29T19:46:12.000Z,2026-09-29T19:46:12.000Z,e5b59cd1-4d00-4d0b-9705-a92dc69a6c95,-114.2064193,51.1252143
5850,NB Crowfoot CR @ Crowfoot WY NW,ACTIVE,2026-09-29T19:46:12.000Z,2026-09-29T19:46:12.000Z,fb45317f-ca2e-4b83-b7df-2b9c78d87c49,-114.2064874,51.1259804
8592,WB Arbour Crest DR @ Arbour Crest TC NW,ACTIVE,2026-09-29T19:46:12.000Z,2026-09-29T19:46:12.000Z,b171f2ac-8775-4c12-9bba-b1ebbabf49b1,-114.2067343,51.1382279
3816,NB Crowfoot CTrain Station,ACTIVE,2026-09-29T19:46:12.000Z,2026-09-29T19:46:12.000Z,7d96643f-a59e-4f88-b113-75f3253d7389,-114.2068856,51.1226979
7133,WB Silver Springs RD @ S Silver Valley DR NW,ACTIVE,2026-09-29T19:46:12.000Z,2026-09-29T19:46:12.000Z,0fabde1d-57dd-44b0-af54-f5864c195bc4,-114.2069021,51.1091615
3817,SB Crowfoot CTrain Station,ACTIVE,2026-09-29T19:46:12.000Z,2026-09-29T19:46:12.000Z,123c56b7-c2d3-4421-9fb5-2d494bd56bae,-114.2071073,51.1225773
9367,WB Discovery Ridge BV @ Discovery Ridge LI SW,ACTIVE,2026-09-29T19:46:12.000Z,2026-09-29T19:46:12.000Z,dded5919-f2d9-47cb-a41e-5cd5388fd51b,-114.2072274,51.0122609
9283,SB Strathcona DR @ Strathlea CR SW,ACTIVE,2026-09-29T19:46:12.000Z,2026-09-29T19:46:12.000Z,610dc7da-4b43-4291-9760-1f80e885e258,-114.2072696,51.0504534
2615,EB Na'a DR @ Piita RI SW,ACTIVE,2026-09-29T19:46:12.000Z,2026-09-29T19:46:12.000Z,bc8be233-fbfd-4448-9f8c-a8c694c826d2,-114.2073472,51.0804784
9875,Crowfoot LRT Station,ACTIVE,2026-09-29T19:46:12.000Z,2026-09-29T19:46:12.000Z,fd52860a-2a0b-44dd-b363-89c5f1946196,-114.2073891,51.1235914
6842,SB Crowfoot Cl @ Crowfoot WY NW,ACTIVE,2026-09-29T19:46:12.000Z,2026-09-29T19:46:12.000Z,9265a400-0c35-4a31-85fc-d83aad58293c,-114.2074687,51.1253994
9877,Crowfoot LRT Station,ACTIVE,2026-09-29T19:46:12.000Z,2026-09-29T19:46:12.000Z,d681c6c5-8af2-4457-b83a-89faeb713c4c,-114.2074872,51.1233869
6853,SB Crowfoot CL @ Crowfoot WY NW,ACTIVE,2026-09-29T19:46:12.000Z,2026-09-29T19:46:12.000Z,c93273b3-6792-45b8-b2f3-2aa0c98072e4,-114.2075391,51.1253454
7630,WB Crowfoot WY @ Crowfoot CR NW,ACTIVE,2026-09-29T19:46:12.000Z,2026-09-29T19:46:12.000Z,1cd09281-fae3-412b-a835-5511cde2a347,-114.2075474,51.1259428
9879,Crowfoot LRT Station,ACTIVE,2026-09-29T19:46:12.000Z,2026-09-29T19:46:12.000Z,a956bf1a-7a17-462b-986d-2db87709a619,-114.207612,51.1236867
9278,NB Wentworth DR @  Wentworth RD SW,ACTIVE,2026-09-29T19:46:12.000Z,2026-09-29T19:46:12.000Z,73f4a2b9-6a59-4ccf-bc74-cf5bca856994,-114.2076206,51.056713
5029,EB Bowness RD @ 83 ST NW,ACTIVE,2026-09-29T19:46:12.000Z,2026-09-29T19:46:12.000Z,f3d4fc96-5f32-4865-a70c-0c56a76a2b92,-114.2076798,51.0901025
9880,Crowfoot LRT Station,ACTIVE,2026-09-29T19:46:12.000Z,2026-09-29T19:46:12.000Z,bb97ee2f-b599-4b74-9889-0c545b1fe9db,-114.2077244,51.1234825
7291,WB Cougar Ridge DR @ Cougar Plateau CI SW,ACTIVE,2026-09-29T19:46:12.000Z,2026-09-29T19:46:12.000Z,44a1e811-ee68-402a-aaae-41c6ca0b3e2d,-114.2077357,51.0718718
9878,Crowfoot LRT Station,ACTIVE,2026-09-29T19:46:12.000Z,2026-09-29T19:46:12.000Z,8f7a86dc-6ebf-4f94-bb78-510f65b63ac4,-114.2078339,51.1237999
9284,NB Strathcona DR @ Strathlea AV SW,ACTIVE,2026-09-29T19:46:12.000Z,2026-09-29T19:46:12.000Z,afff3fd6-7e09-49f8-9258-12bc767daf0a,-114.2078501,51.0493429
9876,Crowfoot LRT Station,ACTIVE,2026-09-29T19:46:12.000Z,2026-09-29T19:46:12.000Z,5e486cd3-513f-4c13-b67d-dc1f797bc029,-114.2079759,51.1235785
3857,Crowfoot LRT Station,ACTIVE,2026-09-29T19:46:12.000Z,2026-09-29T19:46:12.000Z,de0e0975-96d1-45e4-ae47-b1bd7626911f,-114.2082252,51.1237103
8594,NB Arbour Crest DR @ Arbour Crest RI NW,ACTIVE,2026-09-29T19:46:12.000Z,2026-09-29T19:46:12.000Z,96174ac7-7126-419e-b7f9-8ed0fc13fa81,-114.2082801,51.1370146
8812,WB Bowness RD @ 83 ST NW,ACTIVE,2026-09-29T19:46:12.000Z,2026-09-29T19:46:12.000Z,0067c631-656d-49b7-b11d-1055f9d96f5d,-114.2084285,51.0907141
8593,SB Arbour Crest DR @ Arbour Crest RI NW,ACTIVE,2026-09-29T19:46:12.000Z,2026-09-29T19:46:12.000Z,446d69a9-e24f-4729-8f56-b582c935730e,-114.2085288,51.136211
6733,NB Nose Hill DR @ Silvercreek DR NW,ACTIVE,2026-09-29T19:46:12.000Z,2026-09-29T19:46:12.000Z,cdc60ca0-3659-42dd-9a0b-211ebd95be04,-114.2085301,51.1143903
2611,WB Na'a Dr @ Canada Olympic Dr SW,ACTIVE,2026-09-29T19:46:12.000Z,2026-09-29T19:46:12.000Z,8f9b19d9-466c-4ea1-a9b7-eaf8a803399a,-114.2085387,51.0814882
7475,EB Silvercreek DR @ Nose Hill DR NW,ACTIVE,2026-09-29T19:46:12.000Z,2026-09-29T19:46:12.000Z,4fc59daf-f249-4d89-a0c9-6ab16c87c4bc,-114.2085597,51.1136624
3554,EB 112 AV NW @ 85 ST NW,ACTIVE,2026-09-29T19:46:12.000Z,2026-09-29T19:46:12.000Z,35b25f5d-0a96-4e32-a066-e60a41c97b3c,-114.2085712,51.152351
8586,WB Arbour Lake RD @ Arbour Crest DR NW,ACTIVE,2026-09-29T19:46:12.000Z,2026-09-29T19:46:12.000Z,b0c88a46-4cba-45ea-8ce0-b36ba3340faf,-114.2089686,51.1341348
6081,EB Silver Springs RD @ Nose Hill DR NW,ACTIVE,2026-09-29T19:46:12.000Z,2026-09-29T19:46:12.000Z,c25b60d6-7e66-4a6c-b79b-1a3161bd8264,-114.2091302,51.1094126
8035,NB 83 ST NW @ 33 AV NW,ACTIVE,2026-09-29T19:46:12.000Z,2026-09-29T19:46:12.000Z,ccddc842-c2ef-4661-801a-4e308e3ad908,-114.209328,51.0892964
9198,EB Arbour Lake RD @ W. of Arbour Crest DR NW,ACTIVE,2026-09-29T19:46:12.000Z,2026-09-29T19:46:12.000Z,34749ba6-f3f4-45bf-88e4-63070f0be377,-114.209339,51.1339188
9682,WB 17 AV SW @ 85 ST SW,ACTIVE,2026-09-29T19:46:12.000Z,2026-09-29T19:46:12.000Z,5344700b-04e5-410d-b2d2-da1567d2be67,-114.2095573,51.0380855
6738,SB Nose Hill DR @ Scenic Acres GA NW,ACTIVE,2026-09-29T19:46:12.000Z,2026-09-29T19:46:12.000Z,b666f9ce-4b63-4d98-83da-8b8ce0ebe429,-114.2095964,51.1137681
7488,SB 83 ST NW @ 33 AV NW,ACTIVE,2026-09-29T19:46:12.000Z,2026-09-29T19:46:12.000Z,0bc364b9-95ef-4068-8169-677d76c69a50,-114.209656,51.0892098
9197,WB Arbour Lake RD @ Arbour Grove CL NW,ACTIVE,2026-09-29T19:46:12.000Z,2026-09-29T19:46:12.000Z,a7da2494-26e4-4cee-a886-5f294d6c7746,-114.2096654,51.1268479
4080,WB Bowfort RD @ Bowridge DR NW,ACTIVE,2026-09-29T19:46:12.000Z,2026-09-29T19:46:12.000Z,56442912-d4f2-465d-8d0e-aa1a01dab51e,-114.2098674,51.0850818
5145,EB Bowfort RD @ Bowridge DR NW,ACTIVE,2026-09-29T19:46:12.000Z,2026-09-29T19:46:12.000Z,8c08b67b-9df8-4ebb-80ef-5c60f47ab959,-114.2098944,51.0849422
3550,WB 112 AV NW @ 85 ST NW,ACTIVE,2026-09-29T19:46:12.000Z,2026-09-29T19:46:12.000Z,10c23729-6f2f-4c96-a482-3b4426f474b1,-114.2099284,51.151877
7134,WB Silver Springs RD @ Nose Hill DR NW,ACTIVE,2026-09-29T19:46:12.000Z,2026-09-29T19:46:12.000Z,7eb2c7c4-d96d-4ca5-9483-e5781966cb16,-114.2099394,51.1097377
6996,EB 46 AV NW @ 84 ST NW,ACTIVE,2026-09-29T19:46:12.000Z,2026-09-29T19:46:12.000Z,62eec119-4efd-45c7-a1b4-6efaf79bc6fd,-114.2100138,51.094035
9200,EB Wentworth DR @ 85 ST SW,ACTIVE,2026-09-29T19:46:12.000Z,2026-09-29T19:46:12.000Z,0b853726-548f-45dd-bb8f-805f930bc0ac,-114.2100961,51.0568442
8584,EB Arbour Lake RD @ Crowfoot RI NW,ACTIVE,2026-09-29T19:46:12.000Z,2026-09-29T19:46:12.000Z,c9a00e63-7746-4df6-aa1e-70018da12d2d,-114.2101819,51.1268152
8807,EB Bowness RD @ 85 ST NW,ACTIVE,2026-09-29T19:46:12.000Z,2026-09-29T19:46:12.000Z,9490f744-f384-4df9-ab35-ae50c7776e93,-114.2102102,51.0914852
5821,EB Scenic Acres BV @ Scenic Acres DR NW,ACTIVE,2026-09-29T19:46:12.000Z,2026-09-29T19:46:12.000Z,f74f42ad-acea-4ea9-ac0f-e46a47a5141a,-114.2102158,51.1193775
3532,WB 9 AV SW @ 85 ST SW,ACTIVE,2026-09-29T19:46:12.000Z,2026-09-29T19:46:12.000Z,e023110c-242c-4448-b40b-957dbb7f7fb3,-114.210238,51.0597996
4991,EB Old Banff Coach RD @ 85 ST SW,ACTIVE,2026-09-29T19:46:12.000Z,2026-09-29T19:46:12.000Z,479d7486-4ba0-47e3-b256-c40d8d61893b,-114.2102831,51.0669532
3855,EB 17 AV SW @ 85 ST SW,ACTIVE,2026-09-29T19:46:12.000Z,2026-09-29T19:46:12.000Z,79887ed5-911b-4d3c-be53-4b0b7fc4062a,-114.2104977,51.037821
5815,WB Scenic Acres GA @ Scenic WY NW,ACTIVE,2026-09-29T19:46:12.000Z,2026-09-29T19:46:12.000Z,97108521-58d2-49f0-a957-cb3871abd385,-114.2105663,51.1145108
6535,NB Scurfield DR @ Scenic Acres BV NW,ACTIVE,2026-09-29T19:46:12.000Z,2026-09-29T19:46:12.000Z,b90630a5-8797-41fb-abaf-974ecc6b3a04,-114.2107081,51.1199829
3713,NB 85 ST SW @ Strathlea AV,ACTIVE,2026-09-29T19:46:12.000Z,2026-09-29T19:46:12.000Z,e649da5c-15b4-45f8-b3df-93ad333c9593,-114.2107484,51.0490803
3714,NB 85 ST SW @ Wentworth DR,ACTIVE,2026-09-29T19:46:12.000Z,2026-09-29T19:46:12.000Z,7d50e2e2-a375-4b33-9b83-348d8c0021da,-114.2107569,51.0572467
3367,NB 85 ST @ Bow TR SW,ACTIVE,2026-09-29T19:46:12.000Z,2026-09-29T19:46:12.000Z,4fb1d1ce-4381-499c-90f9-a9518b7c9ce3,-114.2108359,51.0523726
3716,NB 85 ST SW @ 9 AV SW,ACTIVE,2026-09-29T19:46:12.000Z,2026-09-29T19:46:12.000Z,290a7894-ba13-47f4-96ed-b9ff88b0f260,-114.2108565,51.0601013
3715,NB 85 ST SW @ 8 AV SW,ACTIVE,2026-09-29T19:46:12.000Z,2026-09-29T19:46:12.000Z,0fcc4089-2ea0-4bdb-8652-9e41686719e9,-114.2108595,51.063612
8813,NB Bowness RD @ 44 AV NW,ACTIVE,2026-09-29T19:46:12.000Z,2026-09-29T19:46:12.000Z,396a5300-2c62-423e-81d1-f74d7e06aee9,-114.2108599,51.0923192
6732,NB Nose Hill DR @ Silver Springs RD NW,ACTIVE,2026-09-29T19:46:12.000Z,2026-09-29T19:46:12.000Z,573eeb10-0c61-4636-9483-dbb9c2c4ba30,-114.2108672,51.1102276
5381,NB Scenic Acres Dr @ Scenic RD NW,ACTIVE,2026-09-29T19:46:12.000Z,2026-09-29T19:46:12.000Z,4b104e26-813b-4d1c-8e72-905643e06b1e,-114.2108675,51.1163889
6731,NB Bowness RD @ 46 AV NW,ACTIVE,2026-09-29T19:46:12.000Z,2026-09-29T19:46:12.000Z,562a8e27-7633-4d29-87fb-a55e131790f8,-114.2108749,51.0944423
6764,NB 85 ST SW @ Aspen Summit BV,ACTIVE,2026-09-29T19:46:12.000Z,2026-09-29T19:46:12.000Z,658e1b11-5080-408d-bf22-fc0d8df8f175,-114.2108998,51.0437132
6760,NB 85 ST SW @ Aspen Glen LD,ACTIVE,2026-09-29T19:46:12.000Z,2026-09-29T19:46:12.000Z,49bd8f09-b034-4ae0-8c89-fb86263e39f0,-114.2109086,51.0414287
5419,EB Scenic Acres GA @ Scenic Acres DR NW,ACTIVE,2026-09-29T19:46:12.000Z,2026-09-29T19:46:12.000Z,46272a2d-0a4b-46cf-9aaa-c37c0057ae80,-114.2110563,51.1144416
5028,SB 85 ST NW @ 46 AV NW,ACTIVE,2026-09-29T19:46:12.000Z,2026-09-29T19:46:12.000Z,6f6ab8d4-8aae-42a0-a692-d55f4c0fe79d,-114.2110882,51.0937458
6739,SB 85 ST NW @ 48 AV NW,ACTIVE,2026-09-29T19:46:12.000Z,2026-09-29T19:46:12.000Z,567a0c03-dd29-447c-a64a-a7192bb763f7,-114.2110985,51.095473
8014,SB 85 ST SW @ Aspenshire DR,ACTIVE,2026-09-29T19:46:12.000Z,2026-09-29T19:46:12.000Z,987a0c8a-2d13-4080-8580-ec8a823eed27,-114.2111039,51.0484834
3484,SB Scenic Acres DR @ Scenic Acres BV NW,ACTIVE,2026-09-29T19:46:12.000Z,2026-09-29T19:46:12.000Z,c07d60e8-5304-45e5-8fbd-f0485007806c,-114.2111223,51.1188955
3366,SB 85 ST @ Bow TR SW,ACTIVE,2026-09-29T19:46:12.000Z,2026-09-29T19:46:12.000Z,f3c95343-637e-4759-aa5d-ba4196c8fee5,-114.2111647,51.0515556
9357,SB 85 ST SW @ Wentworth DR,ACTIVE,2026-09-29T19:46:12.000Z,2026-09-29T19:46:12.000Z,2ae3eb83-68b2-43da-b8b6-a8308ade7f9f,-114.2111695,51.0566287
8880,SB 85 ST SW @ N. of Wentworth DR,ACTIVE,2026-09-29T19:46:12.000Z,2026-09-29T19:46:12.000Z,02682715-1d03-48f5-ab82-9288fef26dd4,-114.2111726,51.0583576
3722,SB 85 ST SW @ Aspen Stone BV,ACTIVE,2026-09-29T19:46:12.000Z,2026-09-29T19:46:12.000Z,e46e0397-ef6b-45a2-b3c2-520777f0e8d3,-114.2111794,51.0406023
3485,SB Scenic Acres DR @ Scenic Glen CR NW,ACTIVE,2026-09-29T19:46:12.000Z,2026-09-29T19:46:12.000Z,c2c46217-7859-4bb4-bfc2-18dd19dc32fc,-114.2111868,51.1159288
3719,SB 85 ST SW  @ 8 AVE SW,ACTIVE,2026-09-29T19:46:12.000Z,2026-09-29T19:46:12.000Z,8d61a935-2e54-4a49-ac19-ea2926090014,-114.2111887,51.0631215
3720,SB 85 ST SW @ 14 AV SW,ACTIVE,2026-09-29T19:46:12.000Z,2026-09-29T19:46:12.000Z,588ef70e-ad5d-4133-8ddb-def3285e575e,-114.2111952,51.0449705
3721,SB 85 ST SW @ Aspen Summit BV,ACTIVE,2026-09-29T19:46:12.000Z,2026-09-29T19:46:12.000Z,a899fa4c-1e74-49e2-955d-d498673e569c,-114.2111983,51.0430187
7164,SB Scurfield DR @ Scenic GD NW,ACTIVE,2026-09-29T19:46:12.000Z,2026-09-29T19:46:12.000Z,a4f53c9a-24c8-40ce-bab1-cfc05f88d573,-114.2112104,51.1206605
3718,SB 85 ST SW @ Old Banff Coach RD,ACTIVE,2026-09-29T19:46:12.000Z,2026-09-29T19:46:12.000Z,7376557b-4235-4f6d-8932-80cad857d536,-114.2112269,51.0665224
7150,NB Scenic Acres DR @ Scenic Acres TC NW,ACTIVE,2026-09-29T19:46:12.000Z,2026-09-29T19:46:12.000Z,a86e0706-a9df-4510-afeb-1ca84fe0ec0f,-114.2115082,51.1140566
7692,SB Nose Hill DR@ Silver Springs RD NW,ACTIVE,2026-09-29T19:46:12.000Z,2026-09-29T19:46:12.000Z,1218679b-aeff-4e5f-9309-fa186977404f,-114.2115867,51.1096691
7147,SB Scenic Acres DR @ Scenic Acres GA NW,ACTIVE,2026-09-29T19:46:12.000Z,2026-09-29T19:46:12.000Z,27d1132f-f92e-497e-8905-af6dc8f79393,-114.211661,51.1143661
5026,WB 48 AV NW @ 85 ST NW,ACTIVE,2026-09-29T19:46:12.000Z,2026-09-29T19:46:12.000Z,6615b169-4055-4b32-b820-f897d5cf9e02,-114.2117128,51.0959464
7153,WB Scenic Acres BV @ Scurfield DR NW,ACTIVE,2026-09-29T19:46:12.000Z,2026-09-29T19:46:12.000Z,3ea0988b-1685-4682-b009-d51bbe062a8a,-114.2119011,51.1196336
8881,WB Wentworth DR @ W. of 85 ST SW,ACTIVE,2026-09-29T19:46:12.000Z,2026-09-29T19:46:12.000Z,946b78c0-1544-49ed-a4ac-99634b605eb8,-114.2119407,51.0570231
9133,WB 14 AV SW @ 85 ST SW,ACTIVE,2026-09-29T19:46:12.000Z,2026-09-29T19:46:12.000Z,2dbd8649-4ae5-4b80-b109-e17735397281,-114.212246,51.0452681
3544,EB 112 AV NW @ Country Hills BV,ACTIVE,2026-09-29T19:46:12.000Z,2026-09-29T19:46:12.000Z,45dfe317-9dca-4a59-93bb-22bf828133a0,-114.2123251,51.1501497
9349,WB Cougar Ridge DR @ Cougarstone CR SW,ACTIVE,2026-09-29T19:46:12.000Z,2026-09-29T19:46:12.000Z,6a48941c-63b1-42e9-95a9-02aac11b34e7,-114.2124729,51.0716791
7149,NB Scenic Acres DR @ Scenic Glen CR NW,ACTIVE,2026-09-29T19:46:12.000Z,2026-09-29T19:46:12.000Z,c32f4c81-ac52-47bc-93b9-b6cf9238b9fd,-114.2126238,51.1123545
8601,EB Arbour Lake RD @ Arbour Stone RI  NW,ACTIVE,2026-09-29T19:46:12.000Z,2026-09-29T19:46:12.000Z,07a7276a-3b33-4399-9f19-f369516d4d43,-114.2126552,51.133926
8573,WB Scurfield DR @ Scotia LD NW,ACTIVE,2026-09-29T19:46:12.000Z,2026-09-29T19:46:12.000Z,3e6e55da-5ffc-46ac-9c26-408c35b1cde9,-114.2127609,51.1224425
8574,EB Scurfield DR @ Scenic GD NW,ACTIVE,2026-09-29T19:46:12.000Z,2026-09-29T19:46:12.000Z,304d3dc2-1ed3-4605-94ef-dff530d4912f,-114.2127739,51.1222269
9685,EB Val Gardena BV @ St Moritz DR SW,ACTIVE,2026-09-29T19:46:12.000Z,2026-09-29T19:46:12.000Z,6d497aa9-ea46-42c9-a4e8-42d7783bc95f,-114.2128001,51.0332132
9598,SB Country Hills BV @ Royal Birch BV,ACTIVE,2026-09-29T19:46:12.000Z,2026-09-29T19:46:12.000Z,ca46fe7d-7f17-4642-8c24-cfc1113935f7,-114.2129048,51.1491678
2402,EB Aspen Stone BV @ Aspen Stone RD SW,ACTIVE,2026-09-29T19:46:12.000Z,2026-09-29T19:46:12.000Z,7e53a5ec-5daf-4e0f-bf5b-d17a1d7b6614,-114.2129379,51.0409465
2612,WB Canada Olympic Dr @ W of Na'a Dr SW,ACTIVE,2026-09-29T19:46:12.000Z,2026-09-29T19:46:12.000Z,80176c67-765a-48f6-b3c1-ea8e333c946e,-114.2130148,51.0827563
2613,EB Canada Olympic DR @ W. of Na'a DR SW,ACTIVE,2026-09-29T19:46:12.000Z,2026-09-29T19:46:12.000Z,84ee8479-e60a-4170-b5ba-6324cd945ebe,-114.2131529,51.0821453
7148,SB Scenic Acres DR @ Scenic Glen CR NW,ACTIVE,2026-09-29T19:46:12.000Z,2026-09-29T19:46:12.000Z,8dda3d23-4333-45be-b992-94b3aae2a8a9,-114.2132805,51.1119132
8884,NB Wentworth RI @ Wentworth DR SW,ACTIVE,2026-09-29T19:46:12.000Z,2026-09-29T19:46:12.000Z,3752ed17-1551-46ab-89a4-90b3059e2d8e,-114.2133336,51.0571193
2501,NB Wentworth RI @ Wentworth AV SW,ACTIVE,2026-09-29T19:46:12.000Z,2026-09-29T19:46:12.000Z,f6e92cd1-0764-4f16-9170-414d8790d5b2,-114.2133617,51.0590269
9365,EB Discovery Ridge BV @ Discovery Ridge LN SW,ACTIVE,2026-09-29T19:46:12.000Z,2026-09-29T19:46:12.000Z,e10f1f2d-1b1d-4130-b2ad-6e81bfc56a22,-114.2133842,51.0151604
7631,EB Arbour Lake RD @ W. of Crowfoot RI NW,ACTIVE,2026-09-29T19:46:12.000Z,2026-09-29T19:46:12.000Z,354bbf07-3cb0-49f4-80ae-3b35f7b2308a,-114.2135,51.1282076
2939,EB Bowfort RD @ 83 ST NW,ACTIVE,2026-09-29T19:46:12.000Z,2026-09-29T19:46:12.000Z,35d55816-8b14-469a-9ef6-f3e9b35c2ed5,-114.213573,51.0858709
2936,WB Bowfort RD @ 83 ST NW,ACTIVE,2026-09-29T19:46:12.000Z,2026-09-29T19:46:12.000Z,23590964-16c4-4be8-b058-3de65c6252b0,-114.2136772,51.0860614
8599,WB Arbour Lake RD @ Arbour Stone RI NW,ACTIVE,2026-09-29T19:46:12.000Z,2026-09-29T19:46:12.000Z,bb2fd1cb-3b10-4252-8894-48a0ee3f964b,-114.2137655,51.1340064
6316,WB Aspen WY @ Aspen DR NW,ACTIVE,2026-09-29T19:46:12.000Z,2026-09-29T19:46:12.000Z,5deadc96-99d2-43c9-a0bf-3eb1d0159009,-114.213885,51.0892793
7144,EB Scenic Acres BV @ Scurfield WY NW,ACTIVE,2026-09-29T19:46:12.000Z,2026-09-29T19:46:12.000Z,04a9350f-21f4-4838-97ba-b95549a491d7,-114.214149,51.1193275
5939,WB Arbour Lake RD @ Watergrove PARK,ACTIVE,2026-09-29T19:46:12.000Z,2026-09-29T19:46:12.000Z,4a0c3221-86b9-4a5e-ae43-798bad4aeaab,-114.2142483,51.1288371
9570,NB Country Hills BV @  N. of 112 AV NW,ACTIVE,2026-09-29T19:46:12.000Z,2026-09-29T19:46:12.000Z,9a8d9257-ae37-44e9-8a7f-4c0a0339cd93,-114.2144218,51.1511207
9566,WB Royal Birch BV @ Country Hills BV NW,ACTIVE,2026-09-29T19:46:12.000Z,2026-09-29T19:46:12.000Z,e0953ce2-bae9-475b-bc98-d9b4ba7235ac,-114.2144534,51.1496463
3702,EB St Moritz DR @ Val Gardena PL SW,ACTIVE,2026-09-29T19:46:12.000Z,2026-09-29T19:46:12.000Z,3281db0c-4ae9-47f7-a94c-1fe3bcf4f877,-114.2144973,51.0322679
9364,WB Discovery Ridge BV @ Discovery Ridge HL SW,ACTIVE,2026-09-29T19:46:12.000Z,2026-09-29T19:46:12.000Z,1d91049a-1fa7-4784-8a79-94017c968b0d,-114.2146856,51.0153354
9567,EB Royal Birch BV @ Royal Birch MT NW,ACTIVE,2026-09-29T19:46:12.000Z,2026-09-29T19:46:12.000Z,64e3585a-b130-469c-b100-8d592d903b70,-114.2147342,51.1491871
7163,EB Scurfield DR @ Scotia PT NW,ACTIVE,2026-09-29T19:46:12.000Z,2026-09-29T19:46:12.000Z,731511bf-b5be-4346-8977-d542cee6883d,-114.2147588,51.1222562
5220,WB Scenic Acres DR@ Scimitar PT NW,ACTIVE,2026-09-29T19:46:12.000Z,2026-09-29T19:46:12.000Z,6902dd07-3f62-4292-a77f-ae3f1fb2c198,-114.2148153,51.1111043
2449,Aspen Stone Blvd @ Aspenmont ht SW nearside,ACTIVE,2026-09-29T19:46:12.000Z,2026-09-29T19:46:12.000Z,3a98ee0a-d3f1-4062-9ec9-59684f61e005,-114.2148261,51.0405067
4838,NB Royal Oak DR @ Royal Birch RD NW,ACTIVE,2026-09-29T19:46:12.000Z,2026-09-29T19:46:12.000Z,26d1bb6d-939c-4c38-9ea5-86d6124b2092,-114.2148936,51.1439993
2405,EB 8 AV @ Wentworth SQ SW,ACTIVE,2026-09-29T19:46:12.000Z,2026-09-29T19:46:12.000Z,4e923653-bef7-400a-8323-5ea26b3e62ad,-114.2150585,51.0632156
3542,SB Royal Oak DR @ 100 Royal Birch ME NW,ACTIVE,2026-09-29T19:46:12.000Z,2026-09-29T19:46:12.000Z,beb85a8a-4984-4dc6-802b-d06e89a258b5,-114.2152233,51.1460039
8805,EB 48 AV NW @ 88 ST NW,ACTIVE,2026-09-29T19:46:12.000Z,2026-09-29T19:46:12.000Z,9722331e-b2f9-40f8-9eb1-8bca91c47af6,-114.215334,51.0958259
7154,WB Scenic Acres BV @ Scurfield WY NW,ACTIVE,2026-09-29T19:46:12.000Z,2026-09-29T19:46:12.000Z,aa29edf1-ca5d-4e51-8281-7e7f735dacdc,-114.2153499,51.1193201
6892,EB Aspen DR @ Lilac WY NW,ACTIVE,2026-09-29T19:46:12.000Z,2026-09-29T19:46:12.000Z,4651bed2-1b50-4e17-97f1-505210af6931,-114.2153974,51.0888296
3541,SB Royal Oak DR @ Royal Birch GA NW,ACTIVE,2026-09-29T19:46:12.000Z,2026-09-29T19:46:12.000Z,af465f9d-ddda-489c-8859-425de7b48ab5,-114.2154157,51.143284
4009,NB Royal Oak DR @ 200 Royal Birch ME NW,ACTIVE,2026-09-29T19:46:12.000Z,2026-09-29T19:46:12.000Z,c8703c0d-15e1-4d19-a888-112dcc15641a,-114.2154453,51.1467108
4839,NB Royal Oak DR @ Royal Crest WY NW,ACTIVE,2026-09-29T19:46:12.000Z,2026-09-29T19:46:12.000Z,0b9ddb26-e73c-4756-941e-5e1ebd7c86fc,-114.2157775,51.1419066
3717,EB Old Banff Coach RD @ 89 ST SW,ACTIVE,2026-09-29T19:46:12.000Z,2026-09-29T19:46:12.000Z,2c7a10bb-da77-4141-ae53-6a18025b46f4,-114.2158788,51.0668852
9571,WB Country Hills BV @ Royal Oak Centre NW,ACTIVE,2026-09-29T19:46:12.000Z,2026-09-29T19:46:12.000Z,07aeb6c6-57ae-42f4-8d78-4b6ac0dea418,-114.2159654,51.1525606
7157,WB Scurfield DR @ Scotia PT NW,ACTIVE,2026-09-29T19:46:12.000Z,2026-09-29T19:46:12.000Z,1d350fc6-938b-476f-948c-6a512e9bb153,-114.216027,51.1225563
9350,WB Cougar Ridge DR @ Cougarstone TC SW,ACTIVE,2026-09-29T19:46:12.000Z,2026-09-29T19:46:12.000Z,a8733d60-1d8e-4f91-aed7-8ed85933d616,-114.2160376,51.0729424
7168,EB Scenic Acres DR @ Scenic Ridge GA  NW,ACTIVE,2026-09-29T19:46:12.000Z,2026-09-29T19:46:12.000Z,eaee1bce-7026-41bd-acd9-fbc9c209783b,-114.2160602,51.1108372
9574,SB Country Hills BV @ Royal Oak Centre NW,ACTIVE,2026-09-29T19:46:12.000Z,2026-09-29T19:46:12.000Z,2086c77b-0e3d-4303-9f90-7930c0125ad4,-114.2161651,51.1523315
6874,EB Nose Hill DR @ 87 ST NW,ACTIVE,2026-09-29T19:46:12.000Z,2026-09-29T19:46:12.000Z,5427f50e-e8ef-49b1-93f3-f3daad9d6983,-114.2162395,51.1045272
3540,SB Royal Oak DR @ Royal Crest WY NW,ACTIVE,2026-09-29T19:46:12.000Z,2026-09-29T19:46:12.000Z,676f6382-9a7b-4124-a1c7-93a6f05d25e4,-114.2164512,51.1414037
8806,WB 48 AV NW @ 88 ST NW,ACTIVE,2026-09-29T19:46:12.000Z,2026-09-29T19:46:12.000Z,6565fd0f-e70c-4195-9ebc-8c3842da36ae,-114.2164987,51.0959346
2404,NB 89 ST @ Wentworth TC (N.leg) SW,ACTIVE,2026-09-29T19:46:12.000Z,2026-09-29T19:46:12.000Z,140178c4-6464-4e0a-9f5b-16df0c2167eb,-114.2166049,51.0618745
2403,NB 89 ST @ 9 AV SW,ACTIVE,2026-09-29T19:46:12.000Z,2026-09-29T19:46:12.000Z,91f1b5b5-d292-4ae1-b280-2dcfd861e14e,-114.2166063,51.0599254
6772,WB 14 AV SW @ Aspen Stone RD,ACTIVE,2026-09-29T19:46:12.000Z,2026-09-29T19:46:12.000Z,9432320c-fc33-42a8-8068-86e637c904c5,-114.2166146,51.0452527
2401,NB Aspen Stone BV @ 17 AV SW,ACTIVE,2026-09-29T19:46:12.000Z,2026-09-29T19:46:12.000Z,c5f54f1e-c6eb-484c-969a-d0927eece028,-114.216619,51.0384222
8600,EB Arbour Lake RD @ Arbour Stone CR NW,ACTIVE,2026-09-29T19:46:12.000Z,2026-09-29T19:46:12.000Z,f97d7950-5621-4505-9f87-b860d3fdf3c2,-114.2168335,51.1333869
9684,SB Aspen Stone BV @ 17 AV SW,ACTIVE,2026-09-29T19:46:12.000Z,2026-09-29T19:46:12.000Z,d94672a7-4355-4743-85ec-bec8e62921eb,-114.2169146,51.0381549
9352,SB Cougar Ridge DR @ Cougarstone PL SW,ACTIVE,2026-09-29T19:46:12.000Z,2026-09-29T19:46:12.000Z,0a64f881-60d2-442f-af13-d12f2b318b86,-114.2169386,51.067827
4678,NB Royal Birch BV @ Royal Oak DR NW,ACTIVE,2026-09-29T19:46:12.000Z,2026-09-29T19:46:12.000Z,9de98e2e-6674-4d0e-bb82-b274f4569ba4,-114.217002,51.148169
5302,EB Canada Olympic RD @ Canada Olympic GA SW,ACTIVE,2026-09-29T19:46:12.000Z,2026-09-29T19:46:12.000Z,b609cc8a-3833-4978-bb6b-db9f9c4dc80c,-114.2171504,51.0838974
3543,SB Royal Oak DR @ Royal Birch BV NW,ACTIVE,2026-09-29T19:46:12.000Z,2026-09-29T19:46:12.000Z,260e1711-48dc-4559-a708-fe1f688e8348,-114.2171976,51.1476043
8425,NB Royal Oak WY @ Royal Birch BV NW,ACTIVE,2026-09-29T19:46:12.000Z,2026-09-29T19:46:12.000Z,ddc70743-f44a-49db-8989-58aec70f7304,-114.2173285,51.150134
4079,WB Aspen WY @ Silver Birch WY NW,ACTIVE,2026-09-29T19:46:12.000Z,2026-09-29T19:46:12.000Z,0d4d7409-8d8a-40b0-ae45-6e26c737875c,-114.217355,51.090954
6875,SB 87 ST NW @ Nose Hill DR,ACTIVE,2026-09-29T19:46:12.000Z,2026-09-29T19:46:12.000Z,0d5525ec-8375-4fae-8ab5-f810e52750f3,-114.2174228,51.1043306
2947,WB Nose Hill Dr @ 87 ST NW,ACTIVE,2026-09-29T19:46:12.000Z,2026-09-29T19:46:12.000Z,243d1ed7-4f4a-4938-87d3-966231add382,-114.217701,51.1050028
7145,NB Scenic Acres BV @ Scenic Park GA NW,ACTIVE,2026-09-29T19:46:12.000Z,2026-09-29T19:46:12.000Z,a6a44d8a-94eb-4f33-9c31-261f3901c110,-114.2177765,51.1177049
2937,NB Greenbriar WY @ Greenbriar PL NW,ACTIVE,2026-09-29T19:46:12.000Z,2026-09-29T19:46:12.000Z,7c385a60-8087-4cc7-b774-769e3601ef53,-114.2177769,51.0882099
4845,SB Cougar Ridge DR @ Cougarstone CO SW,ACTIVE,2026-09-29T19:46:12.000Z,2026-09-29T19:46:12.000Z,0e5624f7-aa1e-4095-bb9f-88e740a0b28b,-114.217872,51.0694962
8300,SB Arbour Lake RD @ Arbour Stone CR NW,ACTIVE,2026-09-29T19:46:12.000Z,2026-09-29T19:46:12.000Z,a23a9e56-b292-4e36-bcc5-46bad9563029,-114.217877,51.133151
3401,EB Aspen Hills DR N. of Aspen Stone BV SW,ACTIVE,2026-09-29T19:46:12.000Z,2026-09-29T19:46:12.000Z,070a3f7c-f3bf-4ee4-af21-d0fc208e2b87,-114.2178936,51.0406725
2938,SB Greenbriar WY @ Grenbriar PL NW,ACTIVE,2026-09-29T19:46:12.000Z,2026-09-29T19:46:12.000Z,3fdd1f6e-e0cd-4236-a250-2a3c9e807b75,-114.2180358,51.0875837
8325,SB Arbour Lake RD @ Arbour Meadows CL NW,ACTIVE,2026-09-29T19:46:12.000Z,2026-09-29T19:46:12.000Z,ca31bf26-c14a-4d6a-8a5b-096d3f0fe4cc,-114.2180496,51.1312302
5958,NB Arbour Lake RD@ Arbour Meadows CL NW,ACTIVE,2026-09-29T19:46:12.000Z,2026-09-29T19:46:12.000Z,7e4c24cf-0add-4f1b-abcc-db359fa1b2e1,-114.2180784,51.1319415
8883,EB Royal Oak DR @ Royal Crest TC NW,ACTIVE,2026-09-29T19:46:12.000Z,2026-09-29T19:46:12.000Z,8d8ab990-488f-4336-aa3d-35dd6e9902a4,-114.2182521,51.1404634
9384,EB Discovery Ridge BV @ Discovery Ridge MR SW,ACTIVE,2026-09-29T19:46:12.000Z,2026-09-29T19:46:12.000Z,90a1cf89-84aa-4e42-97e3-d84294e9c95b,-114.2183853,51.0157024
7162,SB Scurfield DR @ Scanlon PL NW,ACTIVE,2026-09-29T19:46:12.000Z,2026-09-29T19:46:12.000Z,474df5f1-75ee-42b9-8994-973d4812bffb,-114.2185447,51.1234707
7155,WB Scenic Acres BV @ Scenic Hill CL NW,ACTIVE,2026-09-29T19:46:12.000Z,2026-09-29T19:46:12.000Z,2ed9ca18-be65-4d17-a8bb-150474af5f74,-114.2190022,51.1172844
5027,Bowness Terminal NW,ACTIVE,2026-09-29T19:46:12.000Z,2026-09-29T19:46:12.000Z,491c0e97-de67-4437-8b14-9925278c2716,-114.2191331,51.0957392
7156,WB Scurfield DR @ Scanlon PL NW,ACTIVE,2026-09-29T19:46:12.000Z,2026-09-29T19:46:12.000Z,2e736590-d017-436a-bcdd-9bce9c8e4464,-114.2192063,51.1241161
3539,SB Royal Oak DR @ Royal Ridge  HL NW,ACTIVE,2026-09-29T19:46:12.000Z,2026-09-29T19:46:12.000Z,e6c0adca-ddcd-4796-af05-422ef1519162,-114.2193181,51.140237
9351,SB Cougar Ridge DR @ Cougarstone GA SW,ACTIVE,2026-09-29T19:46:12.000Z,2026-09-29T19:46:12.000Z,5d7dd6b9-7448-4409-94d1-b9e489bd47b4,-114.2195844,51.0721274
8451,EB Aspen DR @ Maple WY NW,ACTIVE,2026-09-29T19:46:12.000Z,2026-09-29T19:46:12.000Z,f6eb9cd5-52c2-4c14-8e8f-c6fb6f2c03c9,-114.2196581,51.0892279
3400,WB Discovery Ridge BV @ Discovery Ridge GD SW,ACTIVE,2026-09-29T19:46:12.000Z,2026-09-29T19:46:12.000Z,edcb2d44-8f66-40a5-ac18-393d9c8ba221,-114.2197438,51.0159488
7151,NB Scenic Acres DR @ Scandia PT NW,ACTIVE,2026-09-29T19:46:12.000Z,2026-09-29T19:46:12.000Z,828381a1-e692-4767-ad32-7ae0d849e102,-114.2197879,51.1118164
6832,EB Aspen Hills DR @ Aspen Hills WY SW,ACTIVE,2026-09-29T19:46:12.000Z,2026-09-29T19:46:12.000Z,76b9962c-6712-46b6-afe7-815c69a0b575,-114.2199538,51.0417451
7167,SB Scenic Acres DR @ Scandia RI NW,ACTIVE,2026-09-29T19:46:12.000Z,2026-09-29T19:46:12.000Z,b7bbe8d7-bc38-4002-8f06-6c75193de0fd,-114.2200442,51.1118315
2148,WB 14 AV SW @ Ascot DR,ACTIVE,2026-09-29T19:46:12.000Z,2026-09-29T19:46:12.000Z,fefb1f77-1ac9-4286-b132-1795f74ff6f6,-114.2200636,51.045271
3614,WB Aspen Dr @ Spruce WY NW,ACTIVE,2026-09-29T19:46:12.000Z,2026-09-29T19:46:12.000Z,5fe236c6-c770-4e9e-852d-384b3e2e12b6,-114.2202162,51.0905913
8896,NB Royal Oak DR @  Royal Crest TC NW,ACTIVE,2026-09-29T19:46:12.000Z,2026-09-29T19:46:12.000Z,9bce4a27-cd76-4619-88cc-87e518b26a16,-114.2202697,51.1394861
7166,SB Scenic Acres DR @ Scandia RI NW,ACTIVE,2026-09-29T19:46:12.000Z,2026-09-29T19:46:12.000Z,9ad6dc24-6d7a-4f03-8118-86ca606c0a48,-114.220698,51.113556
3538,SB Royal Oak DR  @ Royal Ridge RI NW,ACTIVE,2026-09-29T19:46:12.000Z,2026-09-29T19:46:12.000Z,68d8ec10-4ebb-4c5f-ad76-f5b83e461238,-114.2209492,51.1393367
7152,NB Scenic Acres DR @ Scandia BA NW,ACTIVE,2026-09-29T19:46:12.000Z,2026-09-29T19:46:12.000Z,1e3bbef5-a19c-4561-b6c4-a2954106cd24,-114.2209847,51.1142554
3701,SB Cortina DR @ Cortina WY SW,ACTIVE,2026-09-29T19:46:12.000Z,2026-09-29T19:46:12.000Z,3941916e-e831-4aba-911f-1c99352a20bd,-114.2210085,51.0340654
5286,EB Canada Olympic DR @ W. of Canada Olympic RD SW,ACTIVE,2026-09-29T19:46:12.000Z,2026-09-29T19:46:12.000Z,e9f8feab-5cb8-47c3-9d2c-fd3d1a60acfe,-114.2210432,51.0836356
8439,WB Royal Oak WY @ Royal Oak PA NW,ACTIVE,2026-09-29T19:46:12.000Z,2026-09-29T19:46:12.000Z,0b70b905-89f0-4e48-82e2-65601d3554ae,-114.2212976,51.1509336
2941,WB Canada Olympic DR @ W. of Canada Olympic RD SW,ACTIVE,2026-09-29T19:46:12.000Z,2026-09-29T19:46:12.000Z,5b0416d1-face-4f2d-9098-ef6116946247,-114.2214421,51.0838664
5222,EB Scenic Acres BV @ Scenic Acres DR NW,ACTIVE,2026-09-29T19:46:12.000Z,2026-09-29T19:46:12.000Z,6c23b79b-69af-404d-b569-638fa9ddb76d,-114.221526,51.1159502
7161,EB Scurfield DR @ Scanlon GR NW,ACTIVE,2026-09-29T19:46:12.000Z,2026-09-29T19:46:12.000Z,2b32b5d3-bf0f-4cb1-8245-1099c47d33ad,-114.2220282,51.124489
7165,SB Scenic Acres DR @ Scenic Acres BV NW,ACTIVE,2026-09-29T19:46:12.000Z,2026-09-29T19:46:12.000Z,e0792075-72a3-4608-9176-5357f4e8b8dd,-114.2225201,51.1155781
7159,NB Scurfield DR @ Scripps LD NW,ACTIVE,2026-09-29T19:46:12.000Z,2026-09-29T19:46:12.000Z,9f9aecbd-c378-4aba-bc4e-c49a1b2d9a2d,-114.2226464,51.1201414
6776,SB 93 ST SW @ Aspen Hills WY,ACTIVE,2026-09-29T19:46:12.000Z,2026-09-29T19:46:12.000Z,00a83242-318c-413e-925e-724057c40bbc,-114.222693,51.0440608
3402,SB Cortina DR @ Tremblant WY SW,ACTIVE,2026-09-29T19:46:12.000Z,2026-09-29T19:46:12.000Z,fbd4dc14-7f80-44b2-b578-cbacc62c87b4,-114.222812,51.0364442
9641,EB Discovery Ridge BV @ Discovery Ridge TC SW,ACTIVE,2026-09-29T19:46:12.000Z,2026-09-29T19:46:12.000Z,a004d2e8-8d6f-42cc-a407-56118f4d7b92,-114.2229718,51.0172193
7171,SB Scurfield DR @ Sceptre CL NW,ACTIVE,2026-09-29T19:46:12.000Z,2026-09-29T19:46:12.000Z,b9bb15a8-1c12-4800-9d90-dcc302be96ad,-114.2231699,51.1180851
7158,WB Scurfield DR @ Scanlon GR NW,ACTIVE,2026-09-29T19:46:12.000Z,2026-09-29T19:46:12.000Z,6696d123-c2be-4319-801b-c254bc231449,-114.223449,51.1246307
9639,WB Discovery Ridge BV @ Discovery Ridge TC SW,ACTIVE,2026-09-29T19:46:12.000Z,2026-09-29T19:46:12.000Z,7371862c-b994-417d-8cb2-1ae6d0107a82,-114.2239057,51.0180555
8477,WB Royal Oak WY @ Royal Oak CI NW,ACTIVE,2026-09-29T19:46:12.000Z,2026-09-29T19:46:12.000Z,1ebbd67d-100d-4c2a-a74b-c598959e7ca6,-114.2240525,51.1503064
8895,EB Royal Oak DR @ Royal TC NW,ACTIVE,2026-09-29T19:46:12.000Z,2026-09-29T19:46:12.000Z,dad86c6b-e38e-4efa-afbe-4d8a62118d91,-114.224252,51.1381686
7170,SB Scurfield DR @ Schooner CL NW,ACTIVE,2026-09-29T19:46:12.000Z,2026-09-29T19:46:12.000Z,13094733-770f-4d8b-83c7-7b64dee253c4,-114.2243054,51.1217908
7160,NB Scurfield DR @ Scanlon GA NW,ACTIVE,2026-09-29T19:46:12.000Z,2026-09-29T19:46:12.000Z,29d6f949-9192-4db1-864d-5530183924a6,-114.2247602,51.1225481
7169,SB Scurfield DR @ Schubert GA NW,ACTIVE,2026-09-29T19:46:12.000Z,2026-09-29T19:46:12.000Z,6696f846-ae48-428d-ac6d-d20fa2bd8986,-114.2251412,51.1240593
3537,WB Royal Oak DR NW @ Royal TC NW,ACTIVE,2026-09-29T19:46:12.000Z,2026-09-29T19:46:12.000Z,41ee06a4-dba7-4a19-bfbc-6f17a50e567b,-114.2251938,51.1383654
8890,WB Royal Oak WY @ 200 Royal Oak ME NW,ACTIVE,2026-09-29T19:46:12.000Z,2026-09-29T19:46:12.000Z,b9c31e12-5190-4ab4-aa7f-0ab71a4f8de6,-114.2257554,51.1490966
3442,EB 112 AV NW @ Rocky Ridge Recreation Centre,ACTIVE,2026-09-29T19:46:12.000Z,2026-09-29T19:46:12.000Z,18b04af7-16e2-4e9f-ba9c-812c4fc944cb,-114.2282071,51.1540487
9640,EB Discovery Ridge BV @ Discovery Ridge CI SW,ACTIVE,2026-09-29T19:46:12.000Z,2026-09-29T19:46:12.000Z,e87b0905-adcd-46f2-b6e9-a12e714097f6,-114.228589,51.0189133
8891,WB  Royal Oak WY @  Royal Oak CI NW,ACTIVE,2026-09-29T19:46:12.000Z,2026-09-29T19:46:12.000Z,4d7aa5fd-da78-477b-bfc0-ff573ad56d63,-114.2286661,51.1480144
9949,WB Discovery Ridge BV @ 300 Discovery Ridge BY SW,ACTIVE,2026-09-29T19:46:12.000Z,2026-09-29T19:46:12.000Z,5c7e8f9a-6f15-41c1-82b9-cbf5f73ae6c5,-114.2288447,51.0191442
8894,EB Royal Oak DR @ Royal TC NW,ACTIVE,2026-09-29T19:46:12.000Z,2026-09-29T19:46:12.000Z,f2f742c9-a95c-4601-aaff-17cb48b1ab71,-114.2303908,51.1385571
3536,WB Royal Oak DR NW @ Royal Elm DR NW,ACTIVE,2026-09-29T19:46:12.000Z,2026-09-29T19:46:12.000Z,eb7cef6e-133b-4e73-821c-d525abb311e9,-114.2313476,51.1388397
8892,NB Royal Oak WY @  Royal Oak PT NW,ACTIVE,2026-09-29T19:46:12.000Z,2026-09-29T19:46:12.000Z,aad92f77-128d-49f7-95b1-0c9d4b443c15,-114.2317934,51.1480885
3441,NB @ Rocky Ridge Recreation Centre,ACTIVE,2026-09-29T19:46:12.000Z,2026-09-29T19:46:12.000Z,ac310653-c663-4237-b049-58c919183334,-114.2322245,51.1577039
3451,SB @ Rocky Ridge Recreation Centre,ACTIVE,2026-09-29T19:46:12.000Z,2026-09-29T19:46:12.000Z,5098bfc3-9218-44e2-970a-3d013886d332,-114.2325454,51.1573374
3535,EB 112 AV NW @ Rocky Ridge RD,ACTIVE,2026-09-29T19:46:12.000Z,2026-09-29T19:46:12.000Z,70d39315-0c41-4738-9467-698d59d3593c,-114.2330089,51.154015
8893,EB Royal Oak DR @ Rocky Ridge RD NW,ACTIVE,2026-09-29T19:46:12.000Z,2026-09-29T19:46:12.000Z,d26300b5-5003-4995-8eee-7b96fb4ed0bd,-114.2333389,51.13851
9575,NB Rocky Ridge RD @ Royal Oak GD NW,ACTIVE,2026-09-29T19:46:12.000Z,2026-09-29T19:46:12.000Z,ee8657ee-adae-4dd3-a118-0e67f9c2c21a,-114.2339949,51.152404
9356,NB Rocky Ridge RD @ Royal Highland RD NW,ACTIVE,2026-09-29T19:46:12.000Z,2026-09-29T19:46:12.000Z,3d00fc6a-9be6-4bf9-aa2d-2c22dcf542d1,-114.2340099,51.1459373
3533,NB Rocky Ridge RD @ Royal Oak DR NW,ACTIVE,2026-09-29T19:46:12.000Z,2026-09-29T19:46:12.000Z,91b18b8c-131b-429c-b416-4271eb82cd8a,-114.2340348,51.1390184
9573,NB Rocky Ridge RD @ Royal Oak WY NW,ACTIVE,2026-09-29T19:46:12.000Z,2026-09-29T19:46:12.000Z,1ea21f66-63e2-48c8-94c8-520546d84b64,-114.2340355,51.149095
3534,NB Rocky Ridge RD @ S. of Royal Elm RD NW,ACTIVE,2026-09-29T19:46:12.000Z,2026-09-29T19:46:12.000Z,af98364d-bdf0-4ac0-9794-23c88ac7cc67,-114.2340526,51.1414465
8367,SB Rocky Ridge RD @ S. of Rocky Ridge BV NW,ACTIVE,2026-09-29T19:46:12.000Z,2026-09-29T19:46:12.000Z,d1d520d8-d9b0-497f-98d0-1ec4b173f5bc,-114.2343787,51.1412059
9572,SB Rocky Ridge RD @ Rockborough PA NW,ACTIVE,2026-09-29T19:46:12.000Z,2026-09-29T19:46:12.000Z,7ce135e6-effb-4322-ba80-42c38b088492,-114.2343971,51.151658
6135,SB Rocky Ridge RD @ N. of Rocky Ridge BV NW,ACTIVE,2026-09-29T19:46:12.000Z,2026-09-29T19:46:12.000Z,fd535981-3c69-4eb8-ac96-ec46d30d90fe,-114.2343981,51.1442286
8901,SB Rocky Ridge RD @ Rocky Vista DR NW,ACTIVE,2026-09-29T19:46:12.000Z,2026-09-29T19:46:12.000Z,79ce7fed-0958-4a05-b4d5-a2a6ad6f7436,-114.2344021,51.1381843
8523,SB Rocky Ridge RD @ Royal Oak WY NW,ACTIVE,2026-09-29T19:46:12.000Z,2026-09-29T19:46:12.000Z,085f6e0d-d0d5-4d85-8156-3260f3eba3dc,-114.2345091,51.1483507
3470,Tuscany Station - Rocky Ridge Terminal,ACTIVE,2026-09-29T19:46:12.000Z,2026-09-29T19:46:12.000Z,ca9b2d7f-481b-487e-89ee-179699dd3293,-114.2345426,51.1348543
4127,WB Tuscany Ravine RD @ Tuscany Ravine HT NW,ACTIVE,2026-09-29T19:46:12.000Z,2026-09-29T19:46:12.000Z,fd96cecd-eee9-4891-959c-85892db6c4db,-114.2346306,51.1110407
2149,Tuscany Station - Rocky Ridge Terminal,ACTIVE,2026-09-29T19:46:12.000Z,2026-09-29T19:46:12.000Z,9afa82fc-377d-4d41-acbd-5d3adb55688e,-114.2348049,51.1351762
2150,Tuscany Station - Rocky Ridge Terminal,ACTIVE,2026-09-29T19:46:12.000Z,2026-09-29T19:46:12.000Z,c394514f-ecba-49ad-81de-8c90d0a49d89,-114.2348458,51.1350423
2151,Tuscany Station - Rocky Ridge Terminal,ACTIVE,2026-09-29T19:46:12.000Z,2026-09-29T19:46:12.000Z,3417482e-b245-43d5-8aa1-4237766f7735,-114.2349953,51.1349343
8524,WB Rocky Vista DR @ Rocky Ridge RD NW,ACTIVE,2026-09-29T19:46:12.000Z,2026-09-29T19:46:12.000Z,3f9336d7-c7b3-48e8-91db-892302723932,-114.2351271,51.1387322
8902,WB Rocky Ridge BV @ Rocky Ridge RD NW,ACTIVE,2026-09-29T19:46:12.000Z,2026-09-29T19:46:12.000Z,e0826037-c957-4397-9a4b-c61ab82e8bbc,-114.2351531,51.14332
3640,NB Tuscany CTrain Station,ACTIVE,2026-09-29T19:46:12.000Z,2026-09-29T19:46:12.000Z,ad71fe4d-188a-429f-9b3a-9f317474f37b,-114.2355263,51.1345169
3641,SB Tuscany CTrain Station,ACTIVE,2026-09-29T19:46:12.000Z,2026-09-29T19:46:12.000Z,07870bd6-29ad-4a4e-90ba-6e4db0a13ff1,-114.235695,51.1344453
2153,Tuscany Station - Tuscany Terminal,ACTIVE,2026-09-29T19:46:12.000Z,2026-09-29T19:46:12.000Z,14f90f8f-79fa-462a-b0c6-4f4d8005493c,-114.235751,51.1336273
2152,Tuscany Station - Tuscany Terminal,ACTIVE,2026-09-29T19:46:12.000Z,2026-09-29T19:46:12.000Z,9139ef12-4101-4888-922d-502841f9094f,-114.2360123,51.1337036
4128,EB Tuscany Ravine RD @ Tuscany Ravine CL NW,ACTIVE,2026-09-29T19:46:12.000Z,2026-09-29T19:46:12.000Z,fa2ffaf3-049b-4b6c-b382-27c0a9367fd4,-114.236398,51.1110906
9354,EB Rocky Vista DR @ Rocky Vista TC NW,ACTIVE,2026-09-29T19:46:12.000Z,2026-09-29T19:46:12.000Z,04ad4661-f934-4dd5-9fb5-3b7711130e8a,-114.2365679,51.1383075
7706,Valley Ridge East Terminal,ACTIVE,2026-09-29T19:46:12.000Z,2026-09-29T19:46:12.000Z,6e767a86-32d8-41d5-8d80-8b26932ece72,-114.2366789,51.0929507
8578,NB Tuscany Springs BV @ Tuscarora ME NW,ACTIVE,2026-09-29T19:46:12.000Z,2026-09-29T19:46:12.000Z,be7f1b0e-4276-4313-80c7-2b45630d997d,-114.236777,51.1307391
8431,NB Tuscany Springs BV @ Tuscarora WY NW,ACTIVE,2026-09-29T19:46:12.000Z,2026-09-29T19:46:12.000Z,4c21021d-2929-4350-8143-72d15a0d2cff,-114.2367941,51.1292554
8365,EB Rocky Ridge BV @ Rocky Ridge DR NW,ACTIVE,2026-09-29T19:46:12.000Z,2026-09-29T19:46:12.000Z,50b76ca1-af7e-43c0-83fd-8f1144a4ea3b,-114.236981,51.1431204
9883,SB Tuscany Springs BV @ Tuscarora HT NW,ACTIVE,2026-09-29T19:46:12.000Z,2026-09-29T19:46:12.000Z,46f3c043-57e8-4c99-b833-7d1446b5925a,-114.2370212,51.1307179
4126,WB Tuscany Ravine RD @ Tuscany Ravine CO NW,ACTIVE,2026-09-29T19:46:12.000Z,2026-09-29T19:46:12.000Z,2172edbf-1923-43cf-b659-9c391b12ff11,-114.2371364,51.1116225
9882,SB Tuscany Springs BV @ Tuscarora CR NW,ACTIVE,2026-09-29T19:46:12.000Z,2026-09-29T19:46:12.000Z,6787e2d8-f723-4a1d-8ebb-cac7b7adb1ff,-114.2374158,51.1286585
8349,WB Rocky Vista DR @ Rocky Vista PA NW,ACTIVE,2026-09-29T19:46:12.000Z,2026-09-29T19:46:12.000Z,edaf8907-13c6-4cae-9606-127b62668de0,-114.2377542,51.1380747
8903,SB Rocky Ridge DR @ Rocky Ridge BV NW,ACTIVE,2026-09-29T19:46:12.000Z,2026-09-29T19:46:12.000Z,6904a1be-bcf0-4319-bceb-991b40ffcf54,-114.2378131,51.1428342
4108,NB Tuscany Springs BV @ S.of Tuscany Springs GD NW,ACTIVE,2026-09-29T19:46:12.000Z,2026-09-29T19:46:12.000Z,e2cc874a-30e1-4803-a82e-90741a3b44cf,-114.2379867,51.1334616
5179,EB Tuscany BV @ Tuscany Springs BV NW,ACTIVE,2026-09-29T19:46:12.000Z,2026-09-29T19:46:12.000Z,77b681c3-2d38-47cd-8bdf-ad4e3d8bd535,-114.2381981,51.1253472
8429,NB Tuscany Springs BV @ Tuscarora CL NW,ACTIVE,2026-09-29T19:46:12.000Z,2026-09-29T19:46:12.000Z,c26bc164-7b48-42ba-b886-68c95f77c4a6,-114.2382206,51.1271484
8904,SB Rocky Ridge DR @ Rocky Ridge BA NW,ACTIVE,2026-09-29T19:46:12.000Z,2026-09-29T19:46:12.000Z,0584b8b5-6a22-4036-ad36-a9da700d8997,-114.2383208,51.141515
8432,NB Tuscany Springs BV @ Tuscany BV NW,ACTIVE,2026-09-29T19:46:12.000Z,2026-09-29T19:46:12.000Z,ec4de5d9-aaf9-4773-a72c-865963a42860,-114.2385015,51.1259876
9881,SB Tuscany Springs BV @ Tuscarora CI NW,ACTIVE,2026-09-29T19:46:12.000Z,2026-09-29T19:46:12.000Z,590537ed-0252-4cc9-a8e9-4c005b78218b,-114.2386708,51.1267903
4453,EB Valley Springs RD @ Valley Brook CI NW,ACTIVE,2026-09-29T19:46:12.000Z,2026-09-29T19:46:12.000Z,2829bf0a-0b1d-4d37-b23f-91cd103be0e7,-114.2388247,51.0927982
3835,WB Tuscany BV @ Tuscany Springs BV NW,ACTIVE,2026-09-29T19:46:12.000Z,2026-09-29T19:46:12.000Z,fa528ded-6358-480f-a260-1fdae455af25,-114.238898,51.1256174
4139,EB Tuscany Ravine RD @ Tuscany Ravine VW NW,ACTIVE,2026-09-29T19:46:12.000Z,2026-09-29T19:46:12.000Z,34e0660d-982a-402e-86be-f89c7e2975e6,-114.2391507,51.1131884
9353,NB Rocky Vista DR @ Eamon RD NW,ACTIVE,2026-09-29T19:46:12.000Z,2026-09-29T19:46:12.000Z,63596b79-b408-4e74-b93e-0ea2f527986f,-114.2393905,51.1377266
8351,SB Rocky Vista DR @ Eamon RD NW,ACTIVE,2026-09-29T19:46:12.000Z,2026-09-29T19:46:12.000Z,a7191814-cb43-45fd-8b7d-aa56b2cf785c,-114.2397041,51.137743
4125,WB Tuscany Ravine RD @ Tuscany Ravine TC NW,ACTIVE,2026-09-29T19:46:12.000Z,2026-09-29T19:46:12.000Z,9f9094e4-ae29-4c38-abcf-0dda67386f46,-114.2397682,51.1138074
7474,WB Valley Springs RD @ Valley Glen HT NW,ACTIVE,2026-09-29T19:46:12.000Z,2026-09-29T19:46:12.000Z,204cb996-38aa-44e7-a3b5-82ea2e91b6b2,-114.2398567,51.0932417
2966,WB Nose Hill DR @ E. of Tuscany HL NW,ACTIVE,2026-09-29T19:46:12.000Z,2026-09-29T19:46:12.000Z,c6bd171d-7ff2-43f6-98e4-f9f638117420,-114.2403279,51.1072223
8131,NB Tuscany Ravine RD @ Tuscany Meadows DR NW,ACTIVE,2026-09-29T19:46:12.000Z,2026-09-29T19:46:12.000Z,43d2326f-fde3-4b14-930d-c34d1d0ebbc6,-114.2404913,51.1150289
3836,SB Tuscany Ravine RD @ Tuscany Meadows CM NW,ACTIVE,2026-09-29T19:46:12.000Z,2026-09-29T19:46:12.000Z,398913f4-a113-43d4-afb2-624431a27ba4,-114.2405156,51.116948
9885,EB Tuscany Springs BV @ Tuscany Valley VW NW,ACTIVE,2026-09-29T19:46:12.000Z,2026-09-29T19:46:12.000Z,39a37113-34dd-43f0-93ee-4b9efaa9fd97,-114.2406505,51.134388
4140,SB Tuscany Ravine RD @ Tuscany Meadows DR NW,ACTIVE,2026-09-29T19:46:12.000Z,2026-09-29T19:46:12.000Z,1c282ef0-7abc-4219-b13c-4b41fbdf0574,-114.2406527,51.1142394
8133,NB Tuscany Ravine RD @ Tuscany Meadows HT NW,ACTIVE,2026-09-29T19:46:12.000Z,2026-09-29T19:46:12.000Z,1192b154-cfd7-4e3a-b13a-693b50b26aa9,-114.2408074,51.1176852
7473,EB Valley Springs RD @ Valley Ridge DR NW,ACTIVE,2026-09-29T19:46:12.000Z,2026-09-29T19:46:12.000Z,1a9703ec-365e-40ef-96e4-28140c55fa29,-114.2413798,51.0938084
9886,WB Tuscany Springs BV @ Tuscany Springs PL NW,ACTIVE,2026-09-29T19:46:12.000Z,2026-09-29T19:46:12.000Z,6bca6150-97d2-4937-8f76-fa1e970f61b9,-114.2416435,51.1347334
3831,SB Tuscany Ravine RD @ Tuscany DR NW,ACTIVE,2026-09-29T19:46:12.000Z,2026-09-29T19:46:12.000Z,662e751f-1078-495c-9d2b-d33493c01579,-114.2417192,51.1183814
8427,NB Tuscany WY @ Tuscany Hills WY NW,ACTIVE,2026-09-29T19:46:12.000Z,2026-09-29T19:46:12.000Z,14d364bf-9d5c-40d8-9246-b819ac02ebf0,-114.2419624,51.1191921
8003,EB Tuscany BV @ Tuscany Hills RD NW,ACTIVE,2026-09-29T19:46:12.000Z,2026-09-29T19:46:12.000Z,5fa52674-907c-42c8-a98b-3d3c64374e66,-114.2419752,51.1250694
8364,EB Rocky Ridge BV @ Rocky Ridge GA NW,ACTIVE,2026-09-29T19:46:12.000Z,2026-09-29T19:46:12.000Z,67b7e0fe-4f07-4fa3-9ed3-2c1aba7bcf0c,-114.2420281,51.1440851
7472,SB Valley Ridge DR @ Valley Spring RD NW,ACTIVE,2026-09-29T19:46:12.000Z,2026-09-29T19:46:12.000Z,631a8496-93b7-48ed-b596-a330eadb9b9f,-114.2423613,51.0938765
3852,SB Tuscany Valley VW @ Tuscany  DR NW,ACTIVE,2026-09-29T19:46:12.000Z,2026-09-29T19:46:12.000Z,3c8e45c1-4026-43b0-95d2-f9bcb0b32aed,-114.2429899,51.1291499
2739,EB Nosehill Dr @ Tuscany Hill NW,ACTIVE,2026-09-29T19:46:12.000Z,2026-09-29T19:46:12.000Z,33e8db80-7189-441a-aa8e-51861e1068a5,-114.2431625,51.1070319
8129,EB Tuscany Meadows DR @ Tuscany Meadows HE NW,ACTIVE,2026-09-29T19:46:12.000Z,2026-09-29T19:46:12.000Z,b0819c46-f1ed-418f-af3c-8955e2772bc3,-114.243427,51.1143732
8905,WB Rocky Ridge DR @ Rocky Ridge VI NW,ACTIVE,2026-09-29T19:46:12.000Z,2026-09-29T19:46:12.000Z,6c723adc-caca-432c-a6c3-df857515ab9a,-114.2434522,51.1413034
3834,WB Tuscany BV @ Tuscany Valley VW NW,ACTIVE,2026-09-29T19:46:12.000Z,2026-09-29T19:46:12.000Z,93fb981e-39c1-4472-aee9-9b83ab2a12da,-114.2434945,51.1249973
2950,NB Tuscany HL @ Nose Hill DR NW,ACTIVE,2026-09-29T19:46:12.000Z,2026-09-29T19:46:12.000Z,324b4a7b-0d05-4854-aa53-0e7e0a5953fc,-114.2436601,51.1080331
3832,SB  Tuscany WY @ Tuscany Hills PA NW,ACTIVE,2026-09-29T19:46:12.000Z,2026-09-29T19:46:12.000Z,6e89ff33-f0a8-461e-a707-2f8441733fea,-114.2436626,51.1207595
8002,NB Tuscany WY @ Tuscany Hills PA NW,ACTIVE,2026-09-29T19:46:12.000Z,2026-09-29T19:46:12.000Z,39008472-7e79-4928-8889-55b60cf03c4e,-114.2437225,51.1213626
3853,SB Tuscany Valley VW @ Tuscany  Valley GA NW,ACTIVE,2026-09-29T19:46:12.000Z,2026-09-29T19:46:12.000Z,7f733e55-165e-46d0-a684-5eae82be23c3,-114.2438225,51.1269299
8363,EB Rocky Ridge BV @ Rocky Ridge CI NW,ACTIVE,2026-09-29T19:46:12.000Z,2026-09-29T19:46:12.000Z,0e2091e6-5b37-4e9d-832e-f60a4e56b002,-114.2439279,51.1445976
9887,EB Tuscany Springs BV @ Tuscany Springs RD NW,ACTIVE,2026-09-29T19:46:12.000Z,2026-09-29T19:46:12.000Z,d750a17a-fdf4-4b23-8547-45d7785fb566,-114.2446375,51.1349192
2948,WB Nose Hill Dr @ Tuscany HL NW,ACTIVE,2026-09-29T19:46:12.000Z,2026-09-29T19:46:12.000Z,6730b01a-346e-4d1f-aefc-eb2802bd8eb3,-114.2449947,51.1073837
7999,EB Tuscany BV @ Tuscany WY NW,ACTIVE,2026-09-29T19:46:12.000Z,2026-09-29T19:46:12.000Z,f4d7f762-a830-49fd-b424-d78310de3dc1,-114.2451022,51.1241628
7471,EB Valley Ridge DR @ Valley Meadow CL NW,ACTIVE,2026-09-29T19:46:12.000Z,2026-09-29T19:46:12.000Z,d0b6d59b-8e72-4080-b4a1-174f672cd4b6,-114.2453607,51.0919577
9888,WB Tuscany Springs BV @ Tuscany SpringsHT NW,ACTIVE,2026-09-29T19:46:12.000Z,2026-09-29T19:46:12.000Z,ab2b1a28-1bcb-4a66-98f9-12bf4de88e16,-114.2457122,51.1350929
7470,WB Valley Ridge DR @ Valley Meadow GD NW,ACTIVE,2026-09-29T19:46:12.000Z,2026-09-29T19:46:12.000Z,cffabbcf-e23d-498e-a11e-677e8eb905fe,-114.2457224,51.0921209
3833,SB Tuscany WY @ Tuscany BV NW,ACTIVE,2026-09-29T19:46:12.000Z,2026-09-29T19:46:12.000Z,df517029-ada2-4bf4-b1b8-eeb8869425ed,-114.2457866,51.123373
2920,NB 109 ST SW @ 1 AV SW,ACTIVE,2026-09-29T19:46:12.000Z,2026-09-29T19:46:12.000Z,9c2ac1a8-e125-4618-bcad-5d75efa29782,-114.2458258,51.0843017
2968,NB Tuscany HL @ Tuscany Meadows DR NW,ACTIVE,2026-09-29T19:46:12.000Z,2026-09-29T19:46:12.000Z,285f01ee-9ecc-423f-a66f-c5dfc8b0feb3,-114.2466021,51.1149509
8912,SB Rocky Ridge BV @ Rocky Ridge CL NW,ACTIVE,2026-09-29T19:46:12.000Z,2026-09-29T19:46:12.000Z,71594b0f-e8da-41a9-bd31-a899944a0443,-114.2466535,51.1456512
2744,SB Tuscany HL @ Tuscany DR NW,ACTIVE,2026-09-29T19:46:12.000Z,2026-09-29T19:46:12.000Z,71d121ea-5148-49a5-aa20-6d815d4c9bea,-114.2467356,51.1177513
2972,SB Tuscany HL @ Tuscany Estates DR NW,ACTIVE,2026-09-29T19:46:12.000Z,2026-09-29T19:46:12.000Z,ffbc4c74-778f-4ea1-9589-5452f7da7222,-114.2469474,51.1141423
3850,NB Tuscany WY @ Tuscany  BV NW,ACTIVE,2026-09-29T19:46:12.000Z,2026-09-29T19:46:12.000Z,cc3d8094-5423-4e7b-9b89-55b82c64027d,-114.246966,51.1252914
2952,WB Tuscany BV @ Tuscany WY NW,ACTIVE,2026-09-29T19:46:12.000Z,2026-09-29T19:46:12.000Z,824bafbb-1d0e-4cdc-a59b-426bafb77247,-114.2470948,51.1237744
8906,WB Rocky Ridge DR @ 300 Rocky Ridge DR NW,ACTIVE,2026-09-29T19:46:12.000Z,2026-09-29T19:46:12.000Z,057b6d66-7f20-46e4-9fe1-cff7440c4cdc,-114.24711,51.142307
2743,WB Tuscany DR @ Tuscany HL NW,ACTIVE,2026-09-29T19:46:12.000Z,2026-09-29T19:46:12.000Z,78b6cb06-689f-4b29-8677-c2237a23f2a7,-114.2472248,51.118298
9889,SB Tuscany Springs BV @  S. of Tusslewood VW NW,ACTIVE,2026-09-29T19:46:12.000Z,2026-09-29T19:46:12.000Z,565ace52-f90b-422d-9233-9b5ca72eb13e,-114.2477206,51.1354091
9890,NBTuscany Springs BV @  Tusslewood VW NW,ACTIVE,2026-09-29T19:46:12.000Z,2026-09-29T19:46:12.000Z,9167c208-fd37-4689-959b-3fb8a22b5355,-114.2477687,51.1360192
7469,EB Valley Ridge DR @ Valley Ridge BV NW,ACTIVE,2026-09-29T19:46:12.000Z,2026-09-29T19:46:12.000Z,dcc677fa-069f-4a30-97c6-5a0a3b3811bf,-114.2478587,51.0919824
2967,SB Tuscany WY @ Tuscany Valley PA NW,ACTIVE,2026-09-29T19:46:12.000Z,2026-09-29T19:46:12.000Z,e6e45794-da2c-4d5c-bf65-c2a5cf6086ab,-114.2481956,51.1263899
4718,EB Tuscany Estates DR @ Tuscany Glen PA NW,ACTIVE,2026-09-29T19:46:12.000Z,2026-09-29T19:46:12.000Z,f03192e1-9305-46b3-9d56-386db093b25b,-114.2483153,51.1143535
2971,EB Tuscany DR @ Tuscany Glen RD NW,ACTIVE,2026-09-29T19:46:12.000Z,2026-09-29T19:46:12.000Z,9b6f8522-5695-4933-a8cc-6978a6dcc3fc,-114.2484445,51.118262
2974,NB Tuscany WY @ Tuscany Valley PA NW,ACTIVE,2026-09-29T19:46:12.000Z,2026-09-29T19:46:12.000Z,ed576211-1c43-401a-91ae-cc98a3b944ff,-114.2485801,51.1272804
9247,SB Rocky Ridge BV @ Rockywood CI NW,ACTIVE,2026-09-29T19:46:12.000Z,2026-09-29T19:46:12.000Z,d2488177-9465-4372-be64-727f84241140,-114.249074,51.1520763
8911,SB Rocky Ridge BV @ Rockbluff CL NW,ACTIVE,2026-09-29T19:46:12.000Z,2026-09-29T19:46:12.000Z,fc4103af-d0b4-4d3f-915e-6383baf7a99b,-114.2491101,51.1483444
3827,WB Tuscany DR @ Tuscany Glen RD NW,ACTIVE,2026-09-29T19:46:12.000Z,2026-09-29T19:46:12.000Z,2ab31df7-1e02-4ae5-b1e2-fcdf550529a7,-114.2492567,51.118711
4720,SB Tuscany Glen RD @ Tuscany DR NW,ACTIVE,2026-09-29T19:46:12.000Z,2026-09-29T19:46:12.000Z,76158d5e-d4eb-4386-9e24-ec9b8a852948,-114.2493966,51.1180397
8414,SB Rocky Ridge BV @ Rockywood PA NW,ACTIVE,2026-09-29T19:46:12.000Z,2026-09-29T19:46:12.000Z,cc9437ee-6851-4b95-aebe-2fd158285093,-114.2494003,51.150438
8907,NB Rocky Ridge DR @ 400 Rocky Ridge  VW NW,ACTIVE,2026-09-29T19:46:12.000Z,2026-09-29T19:46:12.000Z,c787af6b-b356-44b4-b437-1a0ee4540557,-114.2494097,51.1435484
8856,SB Valley Ridge BV @ Valley Ridge DR NW,ACTIVE,2026-09-29T19:46:12.000Z,2026-09-29T19:46:12.000Z,c1f8b9d5-ec8b-4fd2-b5ab-6e671bdea411,-114.2496679,51.0913414
2973,SB Tuscany WY @ Tuscany DR NW,ACTIVE,2026-09-29T19:46:12.000Z,2026-09-29T19:46:12.000Z,3d78a903-0250-4631-9d12-49a6782a24a6,-114.2501072,51.1287383
3818,SB Tuscany Springs HL @ Tusselwood DR NW,ACTIVE,2026-09-29T19:46:12.000Z,2026-09-29T19:46:12.000Z,a3430436-9978-4eaf-b149-35977490b020,-114.2501355,51.1345872
9892,SB Tuscany Springs BV @  S. of  Tusslewood TC NW,ACTIVE,2026-09-29T19:46:12.000Z,2026-09-29T19:46:12.000Z,99a9487b-ecda-4c58-93e8-793379cd7b9a,-114.2501455,51.1377634
4719,SB Tuscany Glen RD @ Tuscany Glen PA NW,ACTIVE,2026-09-29T19:46:12.000Z,2026-09-29T19:46:12.000Z,89fdfb1f-ff06-4abe-b82f-57dd60f5ad01,-114.2502982,51.116334
2951,EB Tuscany BV @ Tuscany Ridge VW NW,ACTIVE,2026-09-29T19:46:12.000Z,2026-09-29T19:46:12.000Z,19dd9e6b-b8b1-4a4d-bbd8-95947a77f98b,-114.2503039,51.122517
3823,NB Tuscany WY @ Tuscany DR NW,ACTIVE,2026-09-29T19:46:12.000Z,2026-09-29T19:46:12.000Z,b313e1a0-ef2f-4164-9a3f-5c8069d96dcd,-114.2503922,51.1294997
8853,WB Valley Ridge DR @ Valley Ridge BV NW,ACTIVE,2026-09-29T19:46:12.000Z,2026-09-29T19:46:12.000Z,302f4575-de9b-4912-b6d0-783e64b977ee,-114.2505476,51.0919198
9891,NB Tuscany Springs BV @  Tusslewood TC NW,ACTIVE,2026-09-29T19:46:12.000Z,2026-09-29T19:46:12.000Z,94556c53-b08b-40db-8130-2e53da8bfec9,-114.2507016,51.1384367
9592,WB Tuscany DR @ Tuscany WY NW,ACTIVE,2026-09-29T19:46:12.000Z,2026-09-29T19:46:12.000Z,5f830359-0501-4cf2-80be-29391d8480f6,-114.2507606,51.1290002
9397,EB Tuscany DR @ Tuscany Ridge CL NW,ACTIVE,2026-09-29T19:46:12.000Z,2026-09-29T19:46:12.000Z,defa2d5c-b3b7-4c6d-8f5c-11521edd7ae8,-114.2507619,51.1188733
9898,SB  Tusslewood DR @  Tusslewood HT NW,ACTIVE,2026-09-29T19:46:12.000Z,2026-09-29T19:46:12.000Z,d6742de0-8905-4bee-8864-f6464ef1b8ab,-114.2508114,51.1358201
9899,NB Tuscany Springs HL @ Tuscany Springs TC NW,ACTIVE,2026-09-29T19:46:12.000Z,2026-09-29T19:46:12.000Z,f5b70060-859e-41c1-bdcf-59ba2029d8f5,-114.2509793,51.1339091
8908,NB Rocky Ridge DR @ 600 Rocky Ridge VW NW,ACTIVE,2026-09-29T19:46:12.000Z,2026-09-29T19:46:12.000Z,246381c8-04e4-4cf1-aa4c-c2122521c713,-114.2510728,51.1456383
9895,NB Tusslewood DR @ Tusslewood HT NW,ACTIVE,2026-09-29T19:46:12.000Z,2026-09-29T19:46:12.000Z,a2b4e6f6-85a2-4f2b-bbef-8ac66d7deaf7,-114.2511691,51.1364644
3822,SB Tuscany WY @ Tuscany Ridge HT NW,ACTIVE,2026-09-29T19:46:12.000Z,2026-09-29T19:46:12.000Z,1759302d-0a10-40cc-a889-db3190a4575a,-114.2513825,51.1303217
3826,WB Tuscany DR @ Tuscany Ridge CL NW,ACTIVE,2026-09-29T19:46:12.000Z,2026-09-29T19:46:12.000Z,023e016f-9630-4eb9-b0ec-cadec4b58513,-114.25161,51.119513
3821,NB Tuscany WY @ Tuscany Ridge HT NW,ACTIVE,2026-09-29T19:46:12.000Z,2026-09-29T19:46:12.000Z,6b5ce0d9-3127-49f6-b2e7-c54cc415e698,-114.2516214,51.1309929
2953,Wb Tuscany BV @ Tuscany Ridge VW NW,ACTIVE,2026-09-29T19:46:12.000Z,2026-09-29T19:46:12.000Z,d5b15d32-023e-4490-8085-34ededf69828,-114.2517911,51.122239
2970,EB Tuscany DR @ Tuscany Vista RD NW,ACTIVE,2026-09-29T19:46:12.000Z,2026-09-29T19:46:12.000Z,3b8b914b-8637-4ba4-8a52-6916cc0954f2,-114.2520179,51.1194065
9569,EB 112 AV NW @ Rockyspring GA NW,ACTIVE,2026-09-29T19:46:12.000Z,2026-09-29T19:46:12.000Z,1fd32683-d963-406a-b824-bcecfc643424,-114.2521393,51.1539203
3819,NB Tuscany Springs HL @ Tuscany WY NW,ACTIVE,2026-09-29T19:46:12.000Z,2026-09-29T19:46:12.000Z,69fe71a2-85ef-4021-b7c6-c6a5cc40b1b7,-114.2528055,51.1325012
3820,SB Tuscany WY @ Tuscany Springs HL NW,ACTIVE,2026-09-29T19:46:12.000Z,2026-09-29T19:46:12.000Z,1c1c3479-6dec-4da2-82db-77c258b7ec4a,-114.2528414,51.1319462
8855,EB Valley Ridge DR @ Valley Ponds CR NW,ACTIVE,2026-09-29T19:46:12.000Z,2026-09-29T19:46:12.000Z,d8f51560-c327-4d79-a694-eb4fcf26a112,-114.2528915,51.0909315
9893,EB Tuscany Springs BV @ Tusslewood DR NW,ACTIVE,2026-09-29T19:46:12.000Z,2026-09-29T19:46:12.000Z,7ba84acf-a98e-4a04-b55b-abd466590fbc,-114.2535657,51.1384546
8382,WB Rockyvalley DR @ Rockledge TC NW,ACTIVE,2026-09-29T19:46:12.000Z,2026-09-29T19:46:12.000Z,b5713db7-e0fc-4be9-9452-d676309d5859,-114.253566,51.1486831
9894,SB Tusslewood DR @ S.OF Tuscany Springs BV NW,ACTIVE,2026-09-29T19:46:12.000Z,2026-09-29T19:46:12.000Z,a7d52376-1134-4b42-9e2c-58289399b076,-114.2537686,51.1378306
2969,NB Tuscany DR @ Tuscany BV NW,ACTIVE,2026-09-29T19:46:12.000Z,2026-09-29T19:46:12.000Z,562719e4-150b-45d5-9e46-36f016bdb454,-114.2540068,51.1211721
9593,SB Tuscany DR @ Tuscany Ridge CR NW,ACTIVE,2026-09-29T19:46:12.000Z,2026-09-29T19:46:12.000Z,36c9d004-ca0b-4b14-a827-52b4bcef8492,-114.2542872,51.1252154
9594,SB Tuscany DR @ Toscana GD NW,ACTIVE,2026-09-29T19:46:12.000Z,2026-09-29T19:46:12.000Z,fe977834-b96d-45f2-9516-56d1c1d5c17c,-114.2543166,51.1211056
8854,WB Valley Ridge DR @ Valley Ponds WY NW,ACTIVE,2026-09-29T19:46:12.000Z,2026-09-29T19:46:12.000Z,65d83e9a-52ff-4261-95d0-6e957eca8e0e,-114.254322,51.0908932
8394,EB 112 AV NW @ Twelve Mile Coulee  RD,ACTIVE,2026-09-29T19:46:12.000Z,2026-09-29T19:46:12.000Z,568f1247-bb46-4f89-b044-78908d710d56,-114.2560406,51.1537331
8393,NB Twelve Mile Coulee RD @ Rockyvalley DR NW,ACTIVE,2026-09-29T19:46:12.000Z,2026-09-29T19:46:12.000Z,88f4f8a6-2293-46dc-9461-f76d4be8df4f,-114.2571627,51.1490671
8860,EB Valley Ridge DR @ Valley Creek RD NW,ACTIVE,2026-09-29T19:46:12.000Z,2026-09-29T19:46:12.000Z,07039a2d-097a-44fc-a314-0cb1bd49c260,-114.2584076,51.0906384
8857,WB Valley Ridge DR @ Valley Creek RD NW,ACTIVE,2026-09-29T19:46:12.000Z,2026-09-29T19:46:12.000Z,04420965-08f8-42de-bd20-8c1b3f05cb35,-114.2595364,51.0908717
8859,EB Valley Ridge DR @ Valley Stream CL NW,ACTIVE,2026-09-29T19:46:12.000Z,2026-09-29T19:46:12.000Z,5bc8de4d-d84c-42cb-8ccd-e847ad119a3f,-114.2621824,51.0910507
9139,EB Crestmont BV @ Crestmont DR SW,ACTIVE,2026-09-29T19:46:12.000Z,2026-09-29T19:46:12.000Z,c157f757-88c6-4de4-8b87-3cffde6017c5,-114.2629538,51.0864546
3993,NB Crestmont  DR @ Crestmont WY SW,ACTIVE,2026-09-29T19:46:12.000Z,2026-09-29T19:46:12.000Z,a1c580df-c20a-458a-97be-31ebb1db496d,-114.2630473,51.0841452
8858,WB Valley Ridge DR @ Valley Stream CL NW,ACTIVE,2026-09-29T19:46:12.000Z,2026-09-29T19:46:12.000Z,754e1cf7-cf37-4965-ac57-305412c849fe,-114.2631701,51.0914966
9136,WB Crestmont BV @ Cresthaven PL SW,ACTIVE,2026-09-29T19:46:12.000Z,2026-09-29T19:46:12.000Z,fc022d17-7598-492d-8497-15c006f1c9bf,-114.2639712,51.0861546
2946,EB Nose Hill Dr @ Crimson Ridge GA NW,ACTIVE,2026-09-29T19:46:12.000Z,2026-09-29T19:46:12.000Z,b99e4859-bb68-4f4d-9172-d6de3b2d4d12,-114.2644042,51.1077749
3995,EB Crestmont DR @ Cresthaven RI SW,ACTIVE,2026-09-29T19:46:12.000Z,2026-09-29T19:46:12.000Z,2ce866c1-a743-4b97-95f1-a6821f5464f5,-114.265575,51.0826933
4942,EB Valley Ridge DR @ Valley Crest CL NW,ACTIVE,2026-09-29T19:46:12.000Z,2026-09-29T19:46:12.000Z,24ffd80c-fe6e-4b2b-9325-bff5204a0286,-114.2658668,51.0922703
2949,WB Nose Hill Dr @ Crimson Ridge GA NW,ACTIVE,2026-09-29T19:46:12.000Z,2026-09-29T19:46:12.000Z,43dce65f-0f0a-4f1f-b955-d9c463415629,-114.2661801,51.1086233
4024,SB Cresthaven RI @ Crestmont BV SW,ACTIVE,2026-09-29T19:46:12.000Z,2026-09-29T19:46:12.000Z,93551b08-f838-46b6-a992-26a95d8373ab,-114.2668157,51.0853847
4943,WB Valley Ridge DR @ Valley Crest RI NW,ACTIVE,2026-09-29T19:46:12.000Z,2026-09-29T19:46:12.000Z,a632c149-dd19-4ed9-b44f-5985ed15d6ba,-114.2670167,51.09263
2945,EB Nose Hill DR @ Haskayne Dr NW,ACTIVE,2026-09-29T19:46:12.000Z,2026-09-29T19:46:12.000Z,4dd0ba73-9265-4311-8fce-f68b1b5b8b36,-114.2670926,51.1084135
3047,WB Crestmont BV @ Cresthaven RI SW,ACTIVE,2026-09-29T19:46:12.000Z,2026-09-29T19:46:12.000Z,a035ec14-7a94-407d-96e6-4d22a6545a74,-114.2673175,51.0858587
5861,EB Valley Pointe GR @ Valley Ridge DR NW,ACTIVE,2026-09-29T19:46:12.000Z,2026-09-29T19:46:12.000Z,2c79c1f8-2c40-4204-93f9-794b3f431e0e,-114.269497,51.092375
3050,EB Crestmont DR @ Crestbrook VW SW,ACTIVE,2026-09-29T19:46:12.000Z,2026-09-29T19:46:12.000Z,048ee80d-02f1-471a-83dd-07dff88a3520,-114.2706682,51.0826765
3048,WB Crestmont BV @ Crestbrook WY SW,ACTIVE,2026-09-29T19:46:12.000Z,2026-09-29T19:46:12.000Z,07073194-2aae-442e-8ad9-c6707c83d212,-114.2711025,51.085851
3049,SB Crestbrook DR @ Crestbrook WY SW,ACTIVE,2026-09-29T19:46:12.000Z,2026-09-29T19:46:12.000Z,af23c7af-1a22-407c-a7ad-486164f79b3d,-114.2716733,51.0840384
