Start Time,Year,Month,Day,Hour,Longitude,Latitude,Province Code,Reference Object,Hail Diameter (mm)
7/30/2006 23:30,2006,7,30,23,-110.6,52.93,AB,toonie,28
7/31/2006 0:45,2006,7,31,0,-106.67,52.15,SK,pea,8
8/24/2006 3:38,2006,8,24,3,-104.5,52.33,SK,pea,8
7/12/2015 23:39,2015,7,12,23,-99.469,49.336,MB,pea,8
7/22/2015 18:53,2015,7,22,18,-114.333,50.955,AB,golf ball,43
8/22/2015 13:30,2015,8,22,13,-96.284,49.105,MB,unknown,
8/22/2015 14:00,2015,8,22,14,-96.137,49.087,MB,unknown,
8/25/2017 0:58,2017,8,25,0,-112.9702,52.76461,AB,dime,18
6/9/2018 23:15,2018,6,9,23,-111.15407,54.24991,AB,pea,8
6/10/2018 0:53,2018,6,10,0,-110.26799,49.95431,AB,non-severe,8
6/15/2018 0:12,2018,6,15,0,-100.88044,49.04662,MB,golf ball,43
6/16/2019 0:30,2019,6,16,0,-113.9664,55.30674,AB,pea,8
6/28/2019 23:45,2019,6,28,23,-111.61134,54.76568,AB,toonie,28
8/1/2019 23:05,2019,8,1,23,-104.45439,52.60584,SK,toonie,28
8/1/2019 23:40,2019,8,1,23,-104.02534,52.65929,SK,quarter,24
8/2/2019 5:15,2019,8,2,5,-105.24972,53.75174,SK,toonie,28
5/31/2020 23:30,2020,5,31,23,-111.30751,52.61556,AB,small,5
6/28/2020 0:10,2020,6,28,0,-110.7034,50.02917,AB,pea,8
6/28/2020 0:58,2020,6,28,0,-111.38678,56.74941,AB,unknown,
7/16/2020 23:30,2020,7,16,23,-112.46864,54.11505,AB,pea,8
6/30/2021 6:30,2021,6,30,6,-121.24448,60.44067,NT,unknown,
6/29/2022 21:02,2022,6,29,21,-105.24527,51.73543,SK,loonie,26.5
7/18/2022 19:10,2022,7,18,19,-110.916,50.0035,AB,unknown,
8/2/2022 1:25,2022,8,2,1,-114.23589,52.63968,AB,unknown,
8/2/2022 2:05,2022,8,2,2,-113.58337,52.6759,AB,unknown,
5/15/2005 21:00,2005,5,15,21,-109.47,53.1,SK,pea,8
5/15/2005 21:15,2005,5,15,21,-109.37,52.7,SK,pea,8
5/23/2005 21:05,2005,5,23,21,-104,53.45,SK,pea,8
5/31/2005 1:45,2005,5,31,1,-118.43,55.17,AB,pea,8
6/1/2005 21:40,2005,6,1,21,-100.38,50.58,MB,pea,8
6/1/2005 22:00,2005,6,1,22,-100.22,50.58,MB,pea,8
6/25/2005 20:30,2005,6,25,20,-108.1,50.38,SK,quarter,24
7/3/2005 1:20,2005,7,3,1,-98.9,49.2,MB,apple,70
7/13/2005 23:05,2005,7,13,23,-111.12,52.02,AB,pea,8
7/13/2005 23:05,2005,7,13,23,-110.77,52.08,AB,pea,8
7/14/2005 1:07,2005,7,14,1,-108.58,52.33,SK,golf ball,43
7/14/2005 2:50,2005,7,14,2,-106.9,52.83,SK,pea,8
7/14/2005 4:00,2005,7,14,4,-103.85,49.67,SK,pea,8
7/31/2005 4:30,2005,7,31,4,-97.18,49.83,MB,pea,8
5/22/2006 23:56,2006,5,22,23,-113.25,50.4,AB,estimated 6mm,6
5/24/2006 18:30,2006,5,24,18,-102.16,51.04,SK,estimated 6mm,6
5/28/2006 8:00,2006,5,28,8,-100.59,49.24,MB,pea,8
5/28/2006 9:00,2006,5,28,9,-100.59,49.24,MB,pea,8
5/28/2006 15:45,2006,5,28,15,-96.82,49.67,MB,pea,8
6/5/2006 18:00,2006,6,5,18,-98.24,49.37,MB,non-severe,8
6/5/2006 19:55,2006,6,5,19,-97.37,49.35,MB,pea,8
6/5/2006 20:40,2006,6,5,20,-104.61,50.45,SK,pea,8
6/11/2006 3:55,2006,6,11,3,-113.65,53.45,AB,pea,8
6/14/2006 5:55,2006,6,14,5,-113.85,50.45,AB,pea,8
6/14/2006 18:08,2006,6,14,18,-107.28,49.42,SK,small,5
6/14/2006 22:28,2006,6,14,22,-111.3,49.87,AB,marble,16
6/20/2006 2:00,2006,6,20,2,-113.53,50.07,AB,pea,8
6/22/2006 1:12,2006,6,22,1,-112.27,49.47,AB,severe,25
6/22/2006 20:15,2006,6,22,20,-113.25,50.4,AB,pea,8
6/23/2006 18:45,2006,6,23,18,-100.47,50.03,MB,quarter,24
6/24/2006 19:15,2006,6,24,19,-101.02,51.07,MB,penny,19
6/30/2006 23:15,2006,6,30,23,-113.73,52.47,AB,pea,8
6/30/2006 23:20,2006,6,30,23,-111.37,53.32,AB,pea,8
6/30/2006 23:30,2006,6,30,23,-113.73,52.47,AB,unknown,
7/1/2006 23:30,2006,7,1,23,-114.23,50.53,AB,pea,8
7/2/2006 20:15,2006,7,2,20,-114.58,50.95,AB,pea,8
7/3/2006 1:00,2006,7,3,1,-113.3,49.2,AB,pea,8
7/8/2006 0:35,2006,7,8,0,-113.8,52.27,AB,unknown,
7/9/2006 21:02,2006,7,9,21,-114.22,51.05,AB,estimated 15mm,15
7/10/2006 21:15,2006,7,10,21,-105.4,49.73,SK,pea,8
7/10/2006 23:30,2006,7,10,23,-107.57,50.22,SK,dime,18
7/10/2006 23:35,2006,7,10,23,-109.28,53.1,SK,pea,8
7/11/2006 0:30,2006,7,11,0,-108.93,53.02,SK,pea,8
7/11/2006 1:50,2006,7,11,1,-106.38,50.13,SK,dime,18
7/11/2006 3:25,2006,7,11,3,-106.97,52.37,SK,pea,8
7/14/2006 0:50,2006,7,14,0,-108.7,52.07,SK,unknown,
7/19/2006 1:00,2006,7,19,1,-98.97,50.8,MB,dime,18
7/23/2006 16:40,2006,7,23,16,-110.85,52.83,AB,pea,8
7/23/2006 23:20,2006,7,23,23,-112.22,52.02,AB,pea,8
7/24/2006 2:45,2006,7,24,2,-110.9,53.9,AB,pea,8
7/24/2006 9:40,2006,7,24,9,-114.32,54.08,AB,pea,8
7/25/2006 5:00,2006,7,25,5,-105,51.5,SK,larger than pea,12
7/25/2006 19:55,2006,7,25,19,-113.12,54.17,AB,pea,8
7/25/2006 20:20,2006,7,25,20,-112.23,53.05,AB,non-severe,8
7/31/2006 1:00,2006,7,31,1,-106.67,52.15,SK,pea,8
7/31/2006 2:30,2006,7,31,2,-106.67,52.15,SK,pea,8
8/4/2006 23:07,2006,8,4,23,-108.28,52.73,SK,pea,8
8/5/2006 21:00,2006,8,5,21,-97.32,51.85,MB,golf ball,43
8/9/2006 0:28,2006,8,9,0,-102.93,50.42,SK,pea,8
8/10/2006 20:20,2006,8,10,20,-110.47,51.18,AB,hen egg,50
8/10/2006 22:20,2006,8,10,22,-113.03,50.73,AB,small grape,16
8/11/2006 9:00,2006,8,11,9,-107.3,49.92,SK,dime,18
8/11/2006 14:05,2006,8,11,14,-107.13,49.7,SK,pea,8
8/11/2006 19:05,2006,8,11,19,-102.08,51.88,SK,pea,8
8/11/2006 19:40,2006,8,11,19,-101.77,53.88,MB,dime,18
8/12/2006 16:50,2006,8,12,16,-96.82,49.67,MB,pea,8
8/18/2006 23:30,2006,8,18,23,-114.38,53.73,AB,pea,8
8/19/2006 1:10,2006,8,19,1,-113.38,54.47,AB,pea,8
8/20/2006 0:35,2006,8,20,0,-114.08,52.32,AB,nickel,21
8/20/2006 0:35,2006,8,20,0,-114.07,52.47,AB,nickel,21
8/20/2006 21:49,2006,8,20,21,-96.88,50.15,MB,nickel,21
8/20/2006 22:00,2006,8,20,22,-97,49.98,MB,toonie,28
5/12/2007 18:30,2007,5,12,18,-106.82,52.02,SK,severe,25
5/12/2007 19:57,2007,5,12,19,-107.13,51.92,SK,penny,19
5/20/2007 22:30,2007,5,20,22,-112.62,51.42,AB,pea,8
6/5/2007 23:00,2007,6,5,23,-113,51.3,AB,dime,18
6/10/2007 23:15,2007,6,10,23,-96.8,50.1,MB,pea,8
6/11/2007 4:05,2007,6,11,4,-111.68,52.78,AB,pea,8
6/12/2007 0:45,2007,6,12,0,-102.12,50.23,SK,larger than pea,12
6/12/2007 1:55,2007,6,12,1,-114.33,53.35,AB,pea,8
6/12/2007 3:30,2007,6,12,3,-100.4,51.53,MB,severe,25
6/17/2007 20:14,2007,6,17,20,-109.95,50.43,SK,pea,8
6/21/2007 7:30,2007,6,21,7,-113.13,53.77,AB,severe,25
6/22/2007 6:00,2007,6,22,6,-113.68,53.68,AB,unknown,
6/24/2007 3:05,2007,6,24,3,-97.15,49.88,MB,pea,8
6/24/2007 4:00,2007,6,24,4,-96.02,50.12,MB,marble,16
6/30/2007 8:00,2007,6,30,8,-112.93,53.78,AB,unknown,
7/2/2007 18:00,2007,7,2,18,-100.53,51.78,MB,pea,8
7/14/2007 23:45,2007,7,14,23,-118.73,56.45,AB,dime,18
7/15/2007 5:03,2007,7,15,5,-107.5,53.35,SK,pea,8
7/17/2007 1:13,2007,7,17,1,-108.35,52.82,SK,small,5
7/17/2007 21:30,2007,7,17,21,-99.97,50.65,MB,marble,16
7/24/2007 23:00,2007,7,24,23,-114.85,54.78,AB,pea,8
7/31/2007 9:05,2007,7,31,9,-111.67,51.28,AB,nickel,21
8/1/2007 1:18,2007,8,1,1,-95.82,50.42,MB,pea,8
8/4/2007 23:15,2007,8,4,23,-101.72,53.55,MB,pea,8
8/5/2007 1:56,2007,8,5,1,-100.05,51.15,MB,pea,8
8/10/2007 2:10,2007,8,10,2,-99.52,50.88,MB,marble,16
8/19/2007 5:00,2007,8,19,5,-107.03,52.36,SK,dime,18
5/8/2008 21:30,2008,5,8,21,-114.02,51.12,AB,small,5
6/9/2008 0:22,2008,6,9,0,-103.85,49.67,SK,marble,16
6/26/2008 19:30,2008,6,26,19,-113.55,53.25,AB,pea,8
6/26/2008 20:25,2008,6,26,20,-112.61,53.7,AB,shot,8
6/26/2008 21:00,2008,6,26,21,-101.8,50.67,SK,pea,8
6/27/2008 19:18,2008,6,27,19,-98.78,49.97,MB,pea,8
7/5/2008 0:05,2008,7,5,0,-114.36,52.85,AB,marble,16
7/6/2008 21:00,2008,7,6,21,-114,52.53,AB,pea,8
7/11/2008 1:50,2008,7,11,1,-110.27,49.95,AB,larger than pea,12
7/11/2008 22:00,2008,7,11,22,-95.24,49.01,MB,pea,8
7/16/2008 1:10,2008,7,16,1,-111.4,49.87,AB,quarter,24
7/16/2008 1:10,2008,7,16,1,-111.3,49.82,AB,pea,8
8/11/2008 0:30,2008,8,11,0,-104.57,49,SK,dime,18
5/12/2009 23:30,2009,5,12,23,-99.684,49.769,MB,pea,8
5/13/2009 1:16,2009,5,13,1,-99.603,49.636,MB,pea,8
5/22/2009 18:32,2009,5,22,18,-97.442,50.049,MB,marble,16
6/1/2009 1:00,2009,6,1,1,-113.617,50.69,AB,quarter,24
6/22/2009 23:15,2009,6,22,23,-103.967,49.967,SK,pea,8
7/5/2009 21:55,2009,7,5,21,-108.867,52.667,SK,dime,18
7/7/2009 0:45,2009,7,7,0,-110.667,50.05,AB,pea,8
7/7/2009 22:25,2009,7,7,22,-108.532,52.519,SK,marble,16
7/8/2009 21:25,2009,7,8,21,-114.075,51.891,AB,pea,8
7/9/2009 14:35,2009,7,9,14,-96.884,50.144,MB,small,5
7/12/2009 1:10,2009,7,12,1,-103.254,49.109,SK,pea,8
7/13/2009 23:53,2009,7,13,23,-109.312,51.217,SK,pea,8
7/19/2009 4:00,2009,7,19,4,-113.467,53.55,AB,grape,16
7/19/2009 4:53,2009,7,19,4,-112.633,53.7,AB,marble,16
7/19/2009 5:45,2009,7,19,5,-112.8,53.707,AB,small,5
8/1/2009 23:30,2009,8,1,23,-113.733,53.367,AB,pea,8
8/3/2009 2:45,2009,8,3,2,-107.383,50.883,SK,pea,8
8/27/2009 2:30,2009,8,27,2,-113.467,53.55,AB,pea,8
9/11/2009 2:00,2009,9,11,2,-97.559,49.105,MB,pea,8
9/11/2009 3:00,2009,9,11,3,-97.365,49.265,MB,pea,8
9/15/2009 3:02,2009,9,15,3,-105.55,53.08,SK,marble,16
5/29/2010 23:11,2010,5,29,23,-97.146,49.884,MB,pea,8
6/3/2010 23:30,2010,6,3,23,-106.723,51.633,SK,pea,8
6/4/2010 0:27,2010,6,4,0,-106.633,52.117,SK,pea,8
6/4/2010 1:55,2010,6,4,1,-105.204,51.373,SK,nickel,21
6/7/2010 17:30,2010,6,7,17,-108.033,51.265,SK,pea,8
6/7/2010 19:30,2010,6,7,19,-108.033,51.2,SK,non-severe,8
6/8/2010 1:15,2010,6,8,1,-105.517,49.117,SK,pea,8
6/8/2010 22:00,2010,6,8,22,-97.391,50.379,MB,small,5
6/13/2010 23:10,2010,6,13,23,-115.373,53.579,AB,severe,25
6/17/2010 20:45,2010,6,17,20,-99.503,49.38,MB,pea,8
6/21/2010 21:35,2010,6,21,21,-106.517,50.8,SK,dime,18
6/22/2010 2:15,2010,6,22,2,-104.017,49.733,SK,pea,8
6/24/2010 22:30,2010,6,24,22,-103.7,49.4,SK,pea,8
6/24/2010 23:50,2010,6,24,23,-103,49.083,SK,pea,8
7/5/2010 18:30,2010,7,5,18,-100.296,51.175,MB,pea,8
7/9/2010 1:10,2010,7,9,1,-104.533,51.75,SK,marble,16
7/9/2010 22:30,2010,7,9,22,-114.704,51.829,AB,pea,8
7/10/2010 2:10,2010,7,10,2,-112.983,53.783,AB,pea,8
7/12/2010 2:15,2010,7,12,2,-104.289,49.421,SK,golf ball,43
7/13/2010 1:30,2010,7,13,1,-104.283,49.45,SK,small,5
7/13/2010 20:45,2010,7,13,20,-99.144,50.587,MB,small,5
7/16/2010 23:00,2010,7,16,23,-110.767,52.017,AB,dime,18
7/19/2010 1:30,2010,7,19,1,-114.203,52.957,AB,dime,18
7/25/2010 18:12,2010,7,25,18,-104.467,53.1,SK,shot,8
7/27/2010 1:50,2010,7,27,1,-96.863,49.971,MB,golf ball,43
7/30/2010 2:00,2010,7,30,2,-114.367,54.333,AB,dime,18
6/2/2011 21:21,2011,6,2,21,-108.417,49.668,SK,pea,8
6/11/2011 20:00,2011,6,11,20,-112.317,51.3,AB,pea,8
6/17/2011 21:50,2011,6,17,21,-113.633,52.554,AB,pea,8
6/17/2011 22:30,2011,6,17,22,-113.55,52.68,AB,pea,8
7/13/2011 1:30,2011,7,13,1,-107.133,51.917,SK,pea,8
7/13/2011 3:15,2011,7,13,3,-107.433,51.333,SK,marble,16
7/20/2011 7:50,2011,7,20,7,-101.8,50.667,SK,marble,16
8/1/2011 17:00,2011,8,1,17,-101.267,52.106,MB,pea,8
8/4/2011 1:50,2011,8,4,1,-114.083,51.05,AB,pea,8
8/6/2011 23:00,2011,8,6,23,-104.167,49.872,SK,pea,8
5/22/2012 23:40,2012,5,22,23,-109.633,50.217,SK,pea,8
6/2/2012 22:20,2012,6,2,22,-112.683,51.05,AB,small,5
6/15/2012 18:40,2012,6,15,18,-109.183,51.477,SK,pea,8
6/17/2012 23:06,2012,6,17,23,-111.883,50.583,AB,small,5
6/18/2012 23:00,2012,6,18,23,-110.286,49.695,AB,shot,8
6/19/2012 19:52,2012,6,19,19,-109.167,52.378,SK,pea,8
6/27/2012 1:00,2012,6,27,1,-106.433,51.678,SK,marble,16
7/3/2012 21:00,2012,7,3,21,-106.133,51.367,SK,larger than marble,18
7/3/2012 23:00,2012,7,3,23,-105.55,50.683,SK,golf ball,43
7/4/2012 11:20,2012,7,4,11,-98.659,49.047,MB,unknown,
7/16/2012 0:00,2012,7,16,0,-102.704,49.014,SK,pea,8
7/17/2012 23:05,2012,7,17,23,-118.797302,55.173875,AB,pea,8
7/18/2012 17:00,2012,7,18,17,-110.867,52.817,AB,pea,8
7/18/2012 21:45,2012,7,18,21,-114.467,53.55,AB,pea,8
7/19/2012 23:10,2012,7,19,23,-101.665,51.349,SK,marble,16
7/20/2012 0:30,2012,7,20,0,-99.576,51.919,MB,pea,8
7/22/2012 1:05,2012,7,22,1,-104.171,53.604,SK,estimated half inch,13
7/22/2012 2:50,2012,7,22,2,-102.298,49.613,SK,pea,8
7/29/2012 0:05,2012,7,29,0,-110.333,53.533,AB,pea,8
7/29/2012 21:50,2012,7,29,21,-98.741,50.6,MB,dime,18
7/31/2012 1:20,2012,7,31,1,-112.667,53.371,AB,pea,8
7/31/2012 21:40,2012,7,31,21,-114.1,51.783,AB,pea,8
8/1/2012 23:00,2012,8,1,23,-96.996,50.998,MB,dime,18
8/5/2012 2:40,2012,8,5,2,-113.817,53.267,AB,pea,8
8/9/2012 3:50,2012,8,9,3,-112.433,53.283,AB,smaller than dime,15
8/14/2012 22:02,2012,8,14,22,-113.333,51.018,AB,pea,8
8/14/2012 22:15,2012,8,14,22,-112.867,50.833,AB,loonie,26.5
6/2/2013 20:00,2013,6,2,20,-109.483,49.917,SK,pea,8
6/2/2013 22:20,2013,6,2,22,-111.883,50.583,AB,pea,8
6/5/2013 20:50,2013,6,5,20,-116.43,53.583,AB,small,5
6/6/2013 19:15,2013,6,6,19,-103.818,53.108,SK,pea,8
6/14/2013 4:07,2013,6,14,4,-106.678,49.379,SK,marble,16
6/14/2013 21:50,2013,6,14,21,-103,49.083,SK,pea,8
6/17/2013 23:30,2013,6,17,23,-112.954,51.049,AB,hen egg,50
6/22/2013 21:40,2013,6,22,21,-98.95,50.226,MB,unknown,
6/25/2013 19:15,2013,6,25,19,-103.3,49.817,SK,pea,8
6/25/2013 20:22,2013,6,25,20,-114.1,51.567,AB,small,5
6/26/2013 23:00,2013,6,26,23,-101.094,49.562,MB,larger than pea,12
7/3/2013 4:00,2013,7,3,4,-111.967,54.767,AB,golf ball,43
7/3/2013 12:30,2013,7,3,12,-102.683,51.483,SK,larger than dime,21
7/4/2013 18:10,2013,7,4,18,-114.233,52.633,AB,pea,8
7/4/2013 23:53,2013,7,4,23,-112.426,50.809,AB,pea,8
7/5/2013 1:00,2013,7,5,1,-108.817,49.67,SK,pea,8
7/5/2013 1:54,2013,7,5,1,-108.583,49.617,SK,unknown,
7/8/2013 1:30,2013,7,8,1,-108.003,49.247,SK,golf ball,43
7/8/2013 2:00,2013,7,8,2,-107.491,49.074,SK,pea,8
7/8/2013 20:32,2013,7,8,20,-113.417,49.717,AB,dime,18
7/8/2013 21:20,2013,7,8,21,-112.8,49.033,AB,pea,8
7/15/2013 7:10,2013,7,15,7,-112.717,52.317,AB,small,5
7/15/2013 20:20,2013,7,15,20,-104.717,50.933,SK,pea,8
7/15/2013 21:30,2013,7,15,21,-104.414,50.966,SK,nickel,21
7/15/2013 22:09,2013,7,15,22,-104.217,50.95,SK,quarter,24
7/21/2013 3:45,2013,7,21,3,-113.71,52.467,AB,quarter,24
7/21/2013 23:20,2013,7,21,23,-100.494,49.191,MB,nickel,21
8/18/2013 15:00,2013,8,18,15,-96.516,50.062,MB,pea,8
8/21/2013 2:00,2013,8,21,2,-95.553,50.06,MB,dime,18
8/24/2013 13:00,2013,8,24,13,-97.029,52.365,MB,nickel,21
8/27/2013 23:30,2013,8,27,23,-98.985,50.448,MB,loonie,26.5
8/28/2013 23:45,2013,8,28,23,-104.25,52.067,SK,marble,16
8/5/2017 19:17,2017,8,5,19,-113.49093,53.54439,AB,estimated 19mm,19
8/24/2017 21:23,2017,8,24,21,-115.76954,53.61731,AB,dime,18
4/18/2005 9:15,2005,4,18,9,-96.7,49.72,MB,marble,16
5/7/2005 2:40,2005,5,7,2,-113.55,51.65,AB,quarter,24
5/17/2005 0:15,2005,5,17,0,-113.05,53.02,AB,dime,18
5/19/2005 19:52,2005,5,19,19,-109.53,54.32,SK,nickel,21
5/19/2005 19:55,2005,5,19,19,-109.61,54.51,SK,estimated 19mm,19
5/20/2005 0:41,2005,5,20,0,-113.5,53.6,AB,pea,8
5/20/2005 1:03,2005,5,20,1,-113.1,53.44,AB,small grape,16
5/23/2005 19:25,2005,5,23,19,-105.25,53.75,SK,pea,8
5/31/2005 19:41,2005,5,31,19,-117.33,53.5,AB,smaller than dime,15
6/1/2005 20:00,2005,6,1,20,-100.48,49.18,MB,dime,18
6/1/2005 21:28,2005,6,1,21,-100.03,51.13,MB,estimated half inch,13
6/1/2005 21:46,2005,6,1,21,-100.48,49.18,MB,pea,8
6/3/2005 19:20,2005,6,3,19,-100.48,51.13,MB,penny,19
6/4/2005 21:15,2005,6,4,21,-101.45,49.57,SK,pea,8
6/5/2005 22:40,2005,6,5,22,-113.42,49.12,AB,nickel,21
6/10/2005 18:20,2005,6,10,18,-114.48,51.4,AB,pea,8
6/11/2005 21:15,2005,6,11,21,-110.58,51.18,AB,pea,8
6/11/2005 22:00,2005,6,11,22,-110.15,51.38,AB,pea,8
6/11/2005 23:10,2005,6,11,23,-109.6,53.13,SK,pea,8
6/11/2005 23:45,2005,6,11,23,-115.13,53.95,AB,pea,8
6/17/2005 15:25,2005,6,17,15,-103.38,50.08,SK,dime,18
6/17/2005 21:20,2005,6,17,21,-112.15,49.82,AB,pea,8
6/17/2005 21:55,2005,6,17,21,-111.72,49.68,AB,dime,18
6/17/2005 22:00,2005,6,17,22,-111.72,49.68,AB,nickel,21
6/17/2005 22:10,2005,6,17,22,-111.7,49.82,AB,estimated 1 inch,25
6/17/2005 22:25,2005,6,17,22,-111.72,49.82,AB,golf ball,43
6/17/2005 22:50,2005,6,17,22,-111.37,49.87,AB,walnut,35
6/17/2005 23:00,2005,6,17,23,-110.67,50.05,AB,tennis,67
6/17/2005 23:21,2005,6,17,23,-111.32,49.03,AB,pea,8
6/17/2005 23:40,2005,6,17,23,-108.02,49.88,SK,baseball,74
6/18/2005 0:15,2005,6,18,0,-107.05,50.42,SK,golf ball,43
6/18/2005 1:15,2005,6,18,1,-110.27,50.05,AB,pea,8
6/18/2005 2:00,2005,6,18,2,-106.62,50.17,SK,golf ball,43
6/18/2005 2:30,2005,6,18,2,-107.07,49.42,SK,marble,16
6/18/2005 22:50,2005,6,18,22,-110.8,52.13,AB,golf ball,43
6/18/2005 23:00,2005,6,18,23,-110.77,52.02,AB,golf ball,43
6/19/2005 2:00,2005,6,19,2,-108.28,52.78,SK,dime,18
6/23/2005 14:30,2005,6,23,14,-98.05,51.95,MB,pea,8
6/23/2005 14:45,2005,6,23,14,-98.05,51.95,MB,pea,8
6/23/2005 20:30,2005,6,23,20,-97.55,49.1,MB,smaller than baseball,70
6/23/2005 20:40,2005,6,23,20,-96.3,51.1,MB,dime,18
6/23/2005 20:45,2005,6,23,20,-96.95,50.45,MB,quarter,24
6/23/2005 21:00,2005,6,23,21,-96.62,50.53,MB,loonie,26.5
6/23/2005 21:30,2005,6,23,21,-97.15,49.13,MB,quarter,24
6/25/2005 22:20,2005,6,25,22,-112.33,51.93,AB,nickel,21
6/25/2005 22:25,2005,6,25,22,-106.38,50.13,SK,quarter,24
6/25/2005 22:50,2005,6,25,22,-106.7,50.05,SK,golf ball,43
6/25/2005 23:55,2005,6,25,23,-105.88,50.68,SK,small,5
7/3/2005 1:30,2005,7,3,1,-97.3,49.13,MB,golf ball,43
7/13/2005 20:30,2005,7,13,20,-113.22,51.83,AB,marble,16
7/13/2005 21:10,2005,7,13,21,-112.82,51.88,AB,dime,18
7/13/2005 21:30,2005,7,13,21,-112.22,51.93,AB,dime,18
7/13/2005 21:34,2005,7,13,21,-112.28,51.98,AB,estimated 1 inch,25
7/13/2005 22:25,2005,7,13,22,-111.45,52.08,AB,golf ball,43
7/13/2005 22:32,2005,7,13,22,-111.45,52.08,AB,golf ball,43
7/13/2005 23:21,2005,7,13,23,-103.53,52.17,SK,quarter,24
7/14/2005 0:05,2005,7,14,0,-109.65,52.23,SK,golf ball,43
7/14/2005 0:30,2005,7,14,0,-109.17,52.28,SK,golf ball,43
7/14/2005 1:45,2005,7,14,1,-107.72,52.33,SK,pea,8
7/14/2005 2:52,2005,7,14,2,-106.9,52.83,SK,golf ball,43
7/23/2005 2:05,2005,7,23,2,-116.87,55.12,AB,marble,16
7/29/2005 21:30,2005,7,29,21,-115.05,52.47,AB,quarter,24
7/29/2005 21:35,2005,7,29,21,-115.28,52.42,AB,quarter,24
7/29/2005 21:48,2005,7,29,21,-115.05,52.47,AB,quarter,24
7/29/2005 22:00,2005,7,29,22,-115.7,53.77,AB,dime,18
7/29/2005 22:20,2005,7,29,22,-115.02,52.27,AB,golf ball,43
7/29/2005 23:18,2005,7,29,23,-114.58,52.17,AB,quarter,24
7/29/2005 23:50,2005,7,29,23,-114.32,52.08,AB,quarter,24
7/30/2005 0:40,2005,7,30,0,-113.95,52.03,AB,quarter,24
7/30/2005 1:07,2005,7,30,1,-113.35,51.87,AB,marble,16
7/30/2005 1:35,2005,7,30,1,-113.07,51.72,AB,walnut,35
7/30/2005 1:40,2005,7,30,1,-113.22,51.83,AB,golf ball,43
7/30/2005 2:00,2005,7,30,2,-112.87,51.87,AB,marble,16
7/30/2005 3:00,2005,7,30,3,-111.9,51.63,AB,penny,19
7/30/2005 4:57,2005,7,30,4,-112.38,51.62,AB,quarter,24
7/31/2005 3:10,2005,7,31,3,-96.88,50.02,MB,estimated 27mm,27
7/31/2005 3:10,2005,7,31,3,-96.88,50.13,MB,,20
8/7/2005 1:35,2005,8,7,1,-116.68,53.4,AB,dime,18
8/7/2005 2:35,2005,8,7,2,-115.32,53.1,AB,pea,8
4/11/2006 9:20,2006,4,11,9,-97.23,49.9,MB,quarter,24
4/11/2006 9:25,2006,4,11,9,-97.23,49.9,MB,pea,8
4/12/2006 7:57,2006,4,12,7,-97.23,49.9,MB,small,5
5/7/2006 19:50,2006,5,7,19,-97.15,49.88,MB,pea,8
5/7/2006 20:36,2006,5,7,20,-97.01,49.97,MB,nickel,21
5/7/2006 20:50,2006,5,7,20,-97.23,49.9,MB,grape,16
5/7/2006 21:45,2006,5,7,21,-96.845627,49.938662,MB,marble,16
5/8/2006 17:30,2006,5,8,17,-112.834657,49.694189,AB,marble,16
5/9/2006 18:44,2006,5,9,18,-97.23,49.9,MB,pea,8
5/9/2006 19:00,2006,5,9,19,-97.582474,49.586637,MB,marble,16
5/12/2006 19:15,2006,5,12,19,-112.049324,53.493617,AB,pea,8
5/12/2006 19:40,2006,5,12,19,-112.335903,53.880258,AB,pea,8
5/12/2006 19:45,2006,5,12,19,-112.10911,53.829753,AB,pea,8
5/12/2006 20:10,2006,5,12,20,-111.518243,52.998682,AB,pea,8
5/12/2006 22:26,2006,5,12,22,-110.847201,53.354178,AB,dime,18
5/13/2006 2:39,2006,5,13,2,-110.56,52.5,AB,marble,16
5/15/2006 22:30,2006,5,15,22,-110.847201,53.354178,AB,golf ball,43
5/21/2006 19:30,2006,5,21,19,-116.8,54.39,AB,golf ball,43
5/21/2006 22:25,2006,5,21,22,-114.77,55.28,AB,pea,8
5/22/2006 22:15,2006,5,22,22,-109,51.48,SK,quarter,24
5/22/2006 22:30,2006,5,22,22,-112.1,50.06,AB,nickel,21
5/22/2006 22:39,2006,5,22,22,-112.1,50.06,AB,quarter,24
5/22/2006 22:40,2006,5,22,22,-112.1,50.06,AB,nickel,21
5/22/2006 23:00,2006,5,22,23,-109.1,51.42,SK,walnut,35
5/22/2006 23:24,2006,5,22,23,-112.65,50.4,AB,pea,8
5/22/2006 23:37,2006,5,22,23,-106.98,51.1,SK,estimated 6mm,6
5/23/2006 0:00,2006,5,23,0,-108.95,52.14,SK,nickel,21
5/23/2006 0:05,2006,5,23,0,-112.91,50.63,AB,dime,18
5/23/2006 0:48,2006,5,23,0,-106.53,51.07,SK,pea,8
5/23/2006 1:00,2006,5,23,1,-113.8,51.03,AB,larger than nickel,23
5/23/2006 2:25,2006,5,23,2,-105.93,53.12,SK,nickel,21
5/23/2006 13:33,2006,5,23,13,-98.9,49.2,MB,pea,8
5/23/2006 15:30,2006,5,23,15,-105.88,50.68,SK,dime,18
5/23/2006 21:12,2006,5,23,21,-102.95,49.85,SK,dime,18
5/24/2006 0:22,2006,5,24,0,-114.3,51.9,AB,pea,8
5/24/2006 0:50,2006,5,24,0,-110.57,51.98,AB,grape,16
5/24/2006 20:30,2006,5,24,20,-100.32,50.53,MB,pea,8
5/24/2006 22:10,2006,5,24,22,-114.62,51.8,AB,dime,18
5/25/2006 20:00,2006,5,25,20,-106.51,50.8,SK,pea,8
5/25/2006 20:40,2006,5,25,20,-106.25,50.7,SK,pea,8
5/25/2006 20:55,2006,5,25,20,-106.56,49.88,SK,pea,8
5/25/2006 21:05,2006,5,25,21,-106.56,49.88,SK,pea,8
5/25/2006 22:05,2006,5,25,22,-105.81,50.71,SK,pea,8
5/25/2006 22:15,2006,5,25,22,-105.928,50.74,SK,quarter,24
5/25/2006 22:30,2006,5,25,22,-109.05,52.5,SK,pea,8
5/25/2006 22:35,2006,5,25,22,-105.95,50.55,SK,pea,8
5/25/2006 22:37,2006,5,25,22,-104.92,49.64,SK,quarter,24
5/25/2006 22:45,2006,5,25,22,-104.75,49.65,SK,quarter,24
5/25/2006 22:50,2006,5,25,22,-104.75,49.65,SK,estimated 1 inch,25
5/26/2006 2:25,2006,5,26,2,-106.65,52.13,SK,pea,8
5/28/2006 1:25,2006,5,28,1,-99.73,49.41,MB,quarter,24
5/28/2006 1:45,2006,5,28,1,-99.68,49.6,MB,nickel,21
5/28/2006 1:50,2006,5,28,1,-99.23,49.51,MB,quarter,24
5/28/2006 1:55,2006,5,28,1,-99.67,49.18,MB,loonie,26.5
5/28/2006 2:00,2006,5,28,2,-99.89,49.23,SK,loonie,26.5
5/28/2006 2:50,2006,5,28,2,-99.27,50.28,MB,pea,8
5/28/2006 3:56,2006,5,28,3,-99.57,49.46,MB,dime,18
5/28/2006 3:59,2006,5,28,3,-99.57,49.46,MB,smaller than nickel,18
5/28/2006 12:00,2006,5,28,12,-99.56,50.05,MB,marble,16
5/28/2006 13:45,2006,5,28,13,-98.54,50.9,MB,estimated 25mm,25
5/28/2006 15:27,2006,5,28,15,-100.26,49.62,MB,pea,8
5/28/2006 15:30,2006,5,28,15,-96.7,50.08,MB,smaller than dime,15
5/28/2006 16:22,2006,5,28,16,-96.87,49.74,MB,pea,8
5/28/2006 16:45,2006,5,28,16,-99.95,49.84,MB,golf ball,43
5/28/2006 17:00,2006,5,28,17,-95.51,50.18,MB,dime,18
5/28/2006 17:30,2006,5,28,17,-95.55,50.3,MB,pea,8
5/28/2006 19:20,2006,5,28,19,-97.22,50.91,MB,dime,18
5/29/2006 0:05,2006,5,29,0,-100.52,50.37,MB,golf ball,43
5/29/2006 0:45,2006,5,29,0,-100,50.67,MB,dime,18
5/30/2006 18:55,2006,5,30,18,-108.56,49.21,SK,pea,8
5/31/2006 18:25,2006,5,31,18,-100.8,49.8,MB,quarter,24
5/31/2006 18:44,2006,5,31,18,-100.7,49.76,MB,pea,8
5/31/2006 19:20,2006,5,31,19,-105.44,51.06,SK,pea,8
5/31/2006 19:25,2006,5,31,19,-100.99,49.27,MB,pea,8
5/31/2006 19:45,2006,5,31,19,-105.17,50.93,SK,pea,8
5/31/2006 20:10,2006,5,31,20,-100.27,49.45,MB,pea,8
5/31/2006 20:25,2006,5,31,20,-104.5,50.94,SK,quarter,24
6/1/2006 1:30,2006,6,1,1,-99.5,50.79,MB,pea,8
6/1/2006 19:25,2006,6,1,19,-97.73,51.16,MB,pea,8
6/1/2006 19:55,2006,6,1,19,-97.73,51.16,MB,nickel,21
6/1/2006 20:25,2006,6,1,20,-99.52,51.06,MB,pea,8
6/1/2006 20:48,2006,6,1,20,-97.49,51,MB,penny,19
6/1/2006 21:15,2006,6,1,21,-97.57,51.21,MB,pea,8
6/1/2006 21:18,2006,6,1,21,-99.32,50.77,MB,dime,18
6/3/2006 22:15,2006,6,3,22,-102.17,49.95,SK,pea,8
6/3/2006 23:40,2006,6,3,23,-102.25,51.22,SK,dime,18
6/4/2006 22:00,2006,6,4,22,-97.12,49.25,MB,nickel,21
6/5/2006 20:00,2006,6,5,20,-100.32,50.53,MB,pea,8
6/5/2006 23:00,2006,6,5,23,-100.78,50.53,MB,pea,8
6/14/2006 6:30,2006,6,14,6,-112.82,49.7,AB,marble,16
6/14/2006 6:49,2006,6,14,6,-112.82,49.7,AB,small,5
6/14/2006 7:40,2006,6,14,7,-113.12,49.8,AB,quarter,24
6/14/2006 9:00,2006,6,14,9,-113.38,49,AB,pea,8
6/14/2006 17:30,2006,6,14,17,-107,49.67,SK,pea,8
6/14/2006 22:00,2006,6,14,22,-111.42,49.48,AB,marble,16
6/14/2006 22:20,2006,6,14,22,-111.03,49.87,AB,pea,8
6/16/2006 20:10,2006,6,16,20,-105.72,54.18,SK,marble,16
6/18/2006 1:25,2006,6,18,1,-97.32,49.73,MB,pea,8
6/18/2006 1:44,2006,6,18,1,-97.15,49.88,MB,pea,8
6/18/2006 2:03,2006,6,18,2,-97.15,49.88,MB,pea,8
6/19/2006 21:55,2006,6,19,21,-112.47,50.79,AB,quarter,24
6/19/2006 21:59,2006,6,19,21,-113.33,50.72,AB,pea,8
6/19/2006 22:04,2006,6,19,22,-113.43,50.72,AB,penny,19
6/22/2006 0:25,2006,6,22,0,-114.08,51.05,AB,nickel,21
6/22/2006 0:30,2006,6,22,0,-114.08,51.05,AB,pea,8
6/22/2006 1:49,2006,6,22,1,-114.83,51.05,AB,pea,8
6/22/2006 22:10,2006,6,22,22,-114.48,51.4,AB,nickel,21
6/22/2006 22:34,2006,6,22,22,-112.27,50.07,AB,pea,8
6/23/2006 0:00,2006,6,23,0,-111.17,50.2,AB,pea,8
6/23/2006 0:15,2006,6,23,0,-111.17,50.13,AB,pea,8
6/23/2006 20:30,2006,6,23,20,-100.7,51.17,MB,pea,8
6/23/2006 21:40,2006,6,23,21,-99.75,50.32,MB,pea,8
6/24/2006 1:41,2006,6,24,1,-100.93,49.85,MB,pea,8
6/24/2006 18:14,2006,6,24,18,-97.15,49.88,MB,pea,8
6/24/2006 18:15,2006,6,24,18,-97.15,49.88,MB,penny,19
6/24/2006 18:30,2006,6,24,18,-97.62,51.08,MB,pea,8
6/24/2006 18:45,2006,6,24,18,-100.7,51.17,MB,pea,8
6/24/2006 19:30,2006,6,24,19,-99.38,49.58,MB,pea,8
6/24/2006 19:45,2006,6,24,19,-97.7,49.5,MB,pea,8
6/24/2006 22:30,2006,6,24,22,-102.67,51.95,SK,pea,8
6/26/2006 15:35,2006,6,26,15,-96.82,49.67,MB,pea,8
6/26/2006 17:00,2006,6,26,17,-95.93,49.65,MB,half golf ball,21
6/26/2006 18:51,2006,6,26,18,-95.55,50.3,MB,pea,8
6/26/2006 19:20,2006,6,26,19,-96.9,49.2,MB,marble,16
6/26/2006 19:33,2006,6,26,19,-95.58,50.07,MB,nickel,21
6/26/2006 19:45,2006,6,26,19,-95.52,50.03,MB,pea,8
6/26/2006 20:00,2006,6,26,20,-95.97,49.18,MB,quarter,24
6/26/2006 20:03,2006,6,26,20,-95.83,49.1,MB,quarter,24
6/26/2006 20:15,2006,6,26,20,-95.63,49.03,MB,nickel,21
6/26/2006 20:35,2006,6,26,20,-95.63,49.03,MB,nickel,21
6/28/2006 1:05,2006,6,28,1,-115.65,53.62,AB,penny,19
6/28/2006 1:15,2006,6,28,1,-115.65,53.62,AB,pea,8
6/28/2006 1:36,2006,6,28,1,-115.85,53.61,AB,pea,8
6/29/2006 1:25,2006,6,29,1,-116.43,53.58,AB,pea,8
6/29/2006 23:30,2006,6,29,23,-104.03,53.22,SK,dime,18
6/30/2006 0:30,2006,6,30,0,-103.82,52.87,SK,half penny,10
6/30/2006 0:30,2006,6,30,0,-103.65,52.72,SK,larger than loonie,30
6/30/2006 0:47,2006,6,30,0,-103.73,52.85,SK,pea,8
6/30/2006 1:26,2006,6,30,1,-103.5,52.52,SK,pea,8
6/30/2006 20:14,2006,6,30,20,-99.95,49.85,MB,pea,8
6/30/2006 20:24,2006,6,30,20,-99.95,49.85,MB,pea,8
6/30/2006 20:32,2006,6,30,20,-99.95,49.85,MB,dime,18
6/30/2006 21:57,2006,6,30,21,-111.78,52.43,AB,pea,8
7/1/2006 0:20,2006,7,1,0,-114.1,51.78,AB,nickel,21
7/1/2006 0:30,2006,7,1,0,-113.33,50.72,AB,quarter,24
7/1/2006 0:30,2006,7,1,0,-113.47,50.85,AB,nickel,21
7/1/2006 0:35,2006,7,1,0,-114.1,51.78,AB,walnut,35
7/1/2006 0:40,2006,7,1,0,-113.02,52.33,AB,marble,16
7/1/2006 1:30,2006,7,1,1,-112.88,50.57,AB,nickel,21
7/1/2006 2:20,2006,7,1,2,-110.1,50.33,AB,pea,8
7/1/2006 2:27,2006,7,1,2,-110.1,50.33,AB,golf ball,43
7/1/2006 3:04,2006,7,1,3,-109.4,50.42,SK,large grape,29
7/1/2006 19:30,2006,7,1,19,-114.47,51.18,AB,dime,18
7/1/2006 19:56,2006,7,1,19,-114.47,51.18,AB,larger than golf ball,50
7/1/2006 20:07,2006,7,1,20,-114.37,51.1,AB,estimated 12mm,12
7/1/2006 20:40,2006,7,1,20,-114.08,51.05,AB,pea,8
7/1/2006 22:50,2006,7,1,22,-114.28,50.67,AB,nickel,21
7/2/2006 20:30,2006,7,2,20,-101.37,50.13,MB,nickel,21
7/2/2006 20:40,2006,7,2,20,-116.08,52.47,AB,unknown,
7/2/2006 20:45,2006,7,2,20,-99.97,50.18,MB,pea,8
7/2/2006 21:30,2006,7,2,21,-100.58,50.57,MB,pea,8
7/2/2006 21:45,2006,7,2,21,-99.37,49.87,MB,pea,8
7/2/2006 22:20,2006,7,2,22,-100.63,49.77,MB,pea,8
7/2/2006 23:20,2006,7,2,23,-96.95,50.08,MB,marble,16
7/2/2006 23:30,2006,7,2,23,-114.23,52.63,AB,pea,8
7/2/2006 23:40,2006,7,2,23,-99.28,49.55,MB,pea,8
7/2/2006 23:45,2006,7,2,23,-98.98,49.37,MB,estimated half inch,13
7/2/2006 23:50,2006,7,2,23,-99,49.43,MB,nickel,21
7/2/2006 23:53,2006,7,2,23,-99,49.43,MB,dime,18
7/3/2006 0:04,2006,7,3,0,-113.63,49.37,AB,larger than marble,18
7/3/2006 20:25,2006,7,3,20,-109.17,52.45,SK,smartie,15
7/3/2006 21:23,2006,7,3,21,-109.35,52.35,SK,pea,8
7/3/2006 23:00,2006,7,3,23,-108.48,51.72,SK,pea,8
7/3/2006 23:15,2006,7,3,23,-114.17,49.58,AB,larger than dime,21
7/5/2006 21:27,2006,7,5,21,-114.77,55.28,AB,small,5
7/5/2006 22:00,2006,7,5,22,-112.28,54.98,AB,quarter,24
7/5/2006 23:09,2006,7,5,23,-113.2,55.25,AB,estimated 12mm,12
7/5/2006 23:19,2006,7,5,23,-108.58,56.58,SK,pea,8
7/5/2006 0:00,2006,7,5,0,-111.35,53.6,AB,small,5
7/6/2006 0:35,2006,7,6,0,-115.32,53.1,AB,dime,18
7/6/2006 1:30,2006,7,6,1,-114.95,52.77,AB,dime,18
7/6/2006 23:30,2006,7,6,23,-114.22,51.05,AB,pea,8
7/6/2006 23:30,2006,7,6,23,-113.15,50.23,AB,dime,18
7/6/2006 23:35,2006,7,6,23,-114.08,51.05,AB,pea,8
7/6/2006 23:48,2006,7,6,23,-114.08,51.05,AB,estimated 24mm,24
7/6/2006 23:45,2006,7,6,23,-114.08,51.05,AB,nickel,21
7/7/2006 0:10,2006,7,7,0,-114.08,51.05,AB,pea,8
7/7/2006 0:20,2006,7,7,0,-114.08,51.05,AB,golf ball,43
7/7/2006 1:19,2006,7,7,1,-117.08,53.17,AB,larger than dime,21
7/7/2006 1:40,2006,7,7,1,-113.38,51.05,AB,pea,8
7/7/2006 19:25,2006,7,7,19,-108.7,52.42,SK,dime,18
7/7/2006 20:40,2006,7,7,20,-102.93,50.42,SK,dime,18
7/7/2006 20:50,2006,7,7,20,-102.58,50.37,SK,marble,16
7/7/2006 21:00,2006,7,7,21,-107.4,52.47,SK,loonie,26.5
7/7/2006 21:00,2006,7,7,21,-101,49.42,MB,marble,16
7/7/2006 21:35,2006,7,7,21,-105.73,52.65,SK,golf ball,43
7/7/2006 21:40,2006,7,7,21,-106.97,52.37,SK,golf ball,43
7/7/2006 22:22,2006,7,7,22,-114.65,52.58,AB,quarter,24
7/7/2006 22:45,2006,7,7,22,-106.6,51.42,SK,quarter,24
7/7/2006 23:25,2006,7,7,23,-113.95,52.47,AB,dime,18
7/8/2006 0:13,2006,7,8,0,-99.95,49.85,MB,pea,8
7/8/2006 0:30,2006,7,8,0,-105.05,50.73,SK,quarter,24
7/8/2006 1:26,2006,7,8,1,-112.77,52.03,AB,golf ball,43
7/8/2006 2:03,2006,7,8,2,-113.47,53.55,AB,pea,8
7/8/2006 2:18,2006,7,8,2,-112.83,53.02,AB,pea,8
7/8/2006 2:45,2006,7,8,2,-112.47,52.92,AB,pea,8
7/8/2006 3:40,2006,7,8,3,-112.97,52.58,AB,pea,8
7/9/2006 1:25,2006,7,9,1,-97.57,50.78,MB,golf ball,43
7/9/2006 1:30,2006,7,9,1,-97.57,50.78,MB,marble,16
7/9/2006 20:05,2006,7,9,20,-114.47,51.18,AB,estimated 19mm,19
7/9/2006 21:00,2006,7,9,21,-114.08,51.05,AB,toonie,28
7/9/2006 21:50,2006,7,9,21,-114.22,51.05,AB,estimated 10mm,10
7/9/2006 22:10,2006,7,9,22,-114.08,51.05,AB,pea,8
7/9/2006 22:20,2006,7,9,22,-114.1,51.78,AB,golf ball,43
7/9/2006 22:25,2006,7,9,22,-114.05,51.88,AB,pea,8
7/9/2006 22:35,2006,7,9,22,-114.02,50.82,AB,estimated 40mm,40
7/9/2006 23:00,2006,7,9,23,-114.08,51.05,AB,estimated 60mm,60
7/10/2006 1:05,2006,7,10,1,-113.53,51.05,AB,quarter,24
7/10/2006 1:50,2006,7,10,1,-112.68,51.2,AB,pea,8
7/10/2006 2:10,2006,7,10,2,-112.93,50.63,AB,toonie,28
7/10/2006 2:13,2006,7,10,2,-112.97,50.62,AB,grape,16
7/10/2006 5:00,2006,7,10,5,-114.08,51.05,AB,nickel,21
7/10/2006 20:05,2006,7,10,20,-112.52,50.23,AB,dime,18
7/10/2006 20:20,2006,7,10,20,-111.85,52.78,AB,pea,8
7/10/2006 20:50,2006,7,10,20,-111.88,50.58,AB,quarter,24
7/10/2006 21:00,2006,7,10,21,-111.3,52.67,AB,shot,8
7/10/2006 22:06,2006,7,10,22,-108.48,50.1,SK,pea,8
7/10/2006 23:15,2006,7,10,23,-110,50.95,AB,larger than pea,12
7/10/2006 23:22,2006,7,10,23,-109.999,53.28,SK,pea,8
7/11/2006 0:20,2006,7,11,0,-109.17,52.45,SK,pea,8
7/11/2006 0:43,2006,7,11,0,-109.02,52.75,SK,nickel,21
7/11/2006 1:05,2006,7,11,1,-106.97,50.12,SK,dime,18
7/11/2006 1:30,2006,7,11,1,-108.28,52.78,SK,dime,18
7/11/2006 1:40,2006,7,11,1,-108.28,52.78,SK,loonie,26.5
7/11/2006 2:05,2006,7,11,2,-103.85,49.67,SK,pea,8
7/12/2006 1:20,2006,7,12,1,-96.45,49.65,MB,golf ball,43
7/12/2006 1:25,2006,7,12,1,-96.45,49.65,MB,golf ball,43
7/12/2006 21:39,2006,7,12,21,-99.63,49.4,MB,dime,18
7/12/2006 22:19,2006,7,12,22,-100.05,49.23,MB,pea,8
7/12/2006 23:16,2006,7,12,23,-107.35,50.12,SK,quarter,24
7/12/2006 23:40,2006,7,12,23,-114.63,51.8,AB,larger than pea,12
7/13/2006 0:20,2006,7,13,0,-106.67,50.47,SK,nickel,21
7/13/2006 1:17,2006,7,13,1,-115.13,53.95,AB,pea,8
7/13/2006 1:47,2006,7,13,1,-114.03,51.3,AB,nickel,21
7/13/2006 1:55,2006,7,13,1,-114.03,51.3,AB,smaller than golf ball,35
7/13/2006 3:30,2006,7,13,3,-113.48,51.6,AB,pea,8
7/13/2006 17:43,2006,7,13,17,-97.15,49.88,MB,pea,8
7/13/2006 18:40,2006,7,13,18,-111.43,52.32,AB,pea,8
7/13/2006 21:11,2006,7,13,21,-95.88,50.15,MB,nickel,21
7/13/2006 22:12,2006,7,13,22,-98.63,51.77,MB,pea,8
7/13/2006 22:15,2006,7,13,22,-112.22,54.68,AB,pea,8
7/13/2006 22:30,2006,7,13,22,-96.52,50.07,MB,pea,8
7/13/2006 23:50,2006,7,13,23,-108.35,51.63,SK,quarter,24
7/14/2006 0:14,2006,7,14,0,-113.48,54.3,AB,pea,8
7/14/2006 0:16,2006,7,14,0,-107.98,51.55,SK,pea,8
7/14/2006 0:37,2006,7,14,0,-113.1,53.95,AB,pea,8
7/14/2006 2:15,2006,7,14,2,-107.8,51.93,SK,pea,8
7/14/2006 20:17,2006,7,14,20,-98.7,50.82,MB,quarter,24
7/14/2006 20:20,2006,7,14,20,-99,50.78,MB,golf ball,43
7/14/2006 20:27,2006,7,14,20,-110.77,52.02,AB,pea,8
7/14/2006 20:30,2006,7,14,20,-102.47,51.22,SK,pea,8
7/14/2006 21:30,2006,7,14,21,-98.73,50.67,MB,golf ball,43
7/14/2006 21:55,2006,7,14,21,-101.47,51.4,MB,penny,19
7/14/2006 22:34,2006,7,14,22,-111.78,52.43,AB,pea,8
7/14/2006 23:18,2006,7,14,23,-100.4,51.53,MB,pea,8
7/14/2006 23:28,2006,7,14,23,-100.58,51.887,MB,pea,8
7/15/2006 0:50,2006,7,15,0,-96.18,49.88,MB,quarter,24
7/15/2006 23:11,2006,7,15,23,-117.13,58.52,AB,small,5
7/15/2006 23:18,2006,7,15,23,-100.4,51.53,MB,pea,8
7/16/2006 0:10,2006,7,16,0,-115.57,52.97,AB,marble,16
7/16/2006 0:30,2006,7,16,0,-108.95,52.13,SK,pea,8
7/16/2006 1:55,2006,7,16,1,-108,52.07,SK,pea,8
7/16/2006 3:49,2006,7,16,3,-109.78,53.18,SK,estimated 10mm,10
7/17/2006 1:45,2006,7,17,1,-100.05,49.13,MB,pea,8
7/17/2006 20:45,2006,7,17,20,-114.95,52.08,AB,larger than loonie,30
7/17/2006 22:00,2006,7,17,22,-114.95,52.93,AB,marble,16
7/17/2006 22:35,2006,7,17,22,-114.07,51.97,AB,nickel,21
7/17/2006 23:00,2006,7,17,23,-113.95,52.03,AB,nickel,21
7/18/2006 1:10,2006,7,18,1,-113.85,52.27,AB,estimated 12mm,12
7/18/2006 2:12,2006,7,18,2,-108.03,51.15,SK,pea,8
7/18/2006 2:15,2006,7,18,2,-113.5,52.12,AB,dime,18
7/18/2006 2:20,2006,7,18,2,-113.23,52.2,AB,pea,8
7/18/2006 23:50,2006,7,18,23,-99.92,50.5,MB,pea,8
7/19/2006 0:01,2006,7,19,0,-96.97,50.53,MB,nickel,21
7/19/2006 0:10,2006,7,19,0,-99.47,50.62,MB,pea,8
7/19/2006 0:45,2006,7,19,0,-99.15,51.08,MB,quarter,24
7/19/2006 1:25,2006,7,19,1,-99,51,MB,dime,18
7/23/2006 2:15,2006,7,23,2,-116.12,53.77,AB,marble,16
7/23/2006 19:40,2006,7,23,19,-116.08,52.47,AB,marble,16
7/23/2006 20:00,2006,7,23,20,-114,49.33,AB,pea,8
7/23/2006 22:45,2006,7,23,22,-114.52,51.98,AB,pea,8
7/23/2006 23:45,2006,7,23,23,-111.1,54.08,AB,pea,8
7/23/2006 23:55,2006,7,23,23,-113.12,52.47,AB,pea,8
7/24/2006 0:37,2006,7,24,0,-112.85,51.85,AB,pea,8
7/24/2006 1:45,2006,7,24,1,-111.43,52.32,AB,dime,18
7/24/2006 19:15,2006,7,24,19,-102.25,52.55,SK,pea,8
7/24/2006 20:32,2006,7,24,20,-102.08,52.88,SK,loonie,26.5
7/24/2006 20:35,2006,7,24,20,-102.08,52.88,SK,dime,18
7/24/2006 20:57,2006,7,24,20,-101.03,52.08,MB,pea,8
7/24/2006 21:15,2006,7,24,21,-106.63,52.12,SK,nickel,21
7/24/2006 21:25,2006,7,24,21,-106.63,52.12,SK,pea,8
7/24/2006 22:25,2006,7,24,22,-111.7,49.95,AB,quarter,24
7/25/2006 1:40,2006,7,25,1,-114.37,52.35,AB,pea,8
7/25/2006 20:30,2006,7,25,20,-114.6,51.5,AB,nickel,21
7/25/2006 20:50,2006,7,25,20,-114.48,51.4,AB,nickel,21
7/25/2006 22:40,2006,7,25,22,-114.47,51.18,AB,nickel,21
7/25/2006 23:15,2006,7,25,23,-114.63,51.7,AB,quarter,24
7/25/2006 23:30,2006,7,25,23,-112.68,52.72,AB,pea,8
7/25/2006 23:55,2006,7,25,23,-112.97,52.58,AB,pea,8
7/26/2006 2:40,2006,7,26,2,-110.77,52.02,AB,dime,18
7/26/2006 3:15,2006,7,26,3,-114.48,52.08,AB,small grape,16
7/26/2006 20:50,2006,7,26,20,-107.52,53.37,SK,quarter,24
7/26/2006 20:55,2006,7,26,20,-107.52,53.37,SK,quarter,24
7/26/2006 22:34,2006,7,26,22,-107.78,54.28,SK,estimated 1 inch,25
7/26/2006 22:35,2006,7,26,22,-107.78,54.28,SK,quarter,24
7/26/2006 23:50,2006,7,26,23,-106.02,53.02,SK,nickel,21
7/27/2006 0:00,2006,7,27,0,-106.02,53.02,SK,dime,18
7/27/2006 21:35,2006,7,27,21,-97.73,49.35,MB,quarter,24
7/28/2006 11:50,2006,7,28,11,-114.08,51.05,AB,nickel,21
7/28/2006 21:50,2006,7,28,21,-114.75,52.08,AB,pea,8
7/29/2006 0:20,2006,7,29,0,-109.12,49.98,SK,pea,8
7/29/2006 15:30,2006,7,29,15,-107.48,49.75,SK,smaller than dime,15
7/29/2006 23:30,2006,7,29,23,-114.95,52.93,AB,pea,8
7/29/2006 23:46,2006,7,29,23,-114.95,52.77,AB,golf ball,43
7/30/2006 0:06,2006,7,30,0,-114.63,51.8,AB,pea,8
7/30/2006 0:20,2006,7,30,0,-114.75,52.08,AB,measured 20mm,20
7/30/2006 0:23,2006,7,30,0,-114.42,51.77,AB,loonie,26.5
7/30/2006 0:29,2006,7,30,0,-114.32,51.62,AB,measured 54mm,54
7/30/2006 0:30,2006,7,30,0,-114.92,52.37,AB,dime,18
7/30/2006 0:40,2006,7,30,0,-114.75,52.08,AB,estimated 30mm,30
7/30/2006 0:53,2006,7,30,0,-114.67,52.33,AB,dime,18
7/30/2006 1:12,2006,7,30,1,-114.92,52.37,AB,pea,8
7/30/2006 1:30,2006,7,30,1,-110.67,50.05,AB,pea,8
7/30/2006 1:47,2006,7,30,1,-113.6,51.8,AB,dime,18
7/30/2006 1:50,2006,7,30,1,-114.15,54.7,AB,dime,18
7/30/2006 2:00,2006,7,30,2,-110.1,50.33,AB,dime,18
7/30/2006 2:17,2006,7,30,2,-114.15,54.7,AB,pea,8
7/30/2006 2:30,2006,7,30,2,-113.22,51.83,AB,half golf ball,21
7/30/2006 3:10,2006,7,30,3,-113.22,51.83,AB,quarter,24
7/30/2006 3:29,2006,7,30,3,-108.03,51.2,SK,loonie,26.5
7/30/2006 5:45,2006,7,30,5,-106.63,52.12,SK,strawberry,27
7/30/2006 16:35,2006,7,30,16,-114.95,52.85,AB,pea,8
7/30/2006 19:30,2006,7,30,19,-113.8,52.27,AB,toonie,28
7/30/2006 19:50,2006,7,30,19,-114.08,52.32,AB,pea,8
7/30/2006 20:10,2006,7,30,20,-113.8,52.27,AB,small,5
7/30/2006 20:20,2006,7,30,20,-113.8,52.27,AB,loonie,26.5
7/30/2006 20:54,2006,7,30,20,-113.95,52.03,AB,dime,18
7/30/2006 21:00,2006,7,30,21,-113.87,52.13,AB,estimated half inch,13
7/30/2006 21:14,2006,7,30,21,-113.8,52.27,AB,marble,16
7/30/2006 21:41,2006,7,30,21,-113.23,52.2,AB,pea,8
7/30/2006 21:43,2006,7,30,21,-113.45,52.07,AB,quarter,24
7/30/2006 21:50,2006,7,30,21,-112.6,52.2,AB,small walnut,30
7/30/2006 22:25,2006,7,30,22,-111.43,52.23,AB,dime,18
7/30/2006 22:50,2006,7,30,22,-111.22,52.3,AB,pea,8
7/30/2006 23:20,2006,7,30,23,-110.83,52.45,AB,pea,8
7/30/2006 23:40,2006,7,30,23,-107.07,53.3,SK,marble,16
7/31/2006 0:00,2006,7,31,0,-107.65,53.18,SK,pea,8
7/31/2006 0:00,2006,7,31,0,-107.67,53.05,SK,quarter,24
7/31/2006 0:03,2006,7,31,0,-110.08,52.93,AB,quarter,24
7/31/2006 0:10,2006,7,31,0,-108.32,52.73,SK,nickel,21
7/31/2006 1:28,2006,7,31,1,-105.47,53.4,SK,golf ball,43
7/31/2006 2:00,2006,7,31,2,-96.68,49.53,MB,pea,8
7/31/2006 2:00,2006,7,31,2,-107.67,53.05,SK,quarter,24
7/31/2006 2:14,2006,7,31,2,-106.75,53.02,SK,toonie,28
7/31/2006 2:15,2006,7,31,2,-106.75,53.02,SK,marble,16
7/31/2006 3:15,2006,7,31,3,-104.52,49.98,SK,quarter,24
7/31/2006 3:30,2006,7,31,3,-97.57,49,MB,pea,8
7/31/2006 3:55,2006,7,31,3,-96.82,49.07,MB,pea,8
7/31/2006 21:43,2006,7,31,21,-97.87,55.75,MB,dime,18
8/2/2006 21:05,2006,8,2,21,-110.28,53.03,AB,toonie,28
8/2/2006 21:15,2006,8,2,21,-108.65,52.53,SK,pea,8
8/2/2006 21:37,2006,8,2,21,-108.7,52.07,SK,pea,8
8/2/2006 22:07,2006,8,2,22,-99.5,50.77,MB,pea,8
8/2/2006 22:18,2006,8,2,22,-99.95,49.85,MB,small,5
8/2/2006 22:50,2006,8,2,22,-110.55,53.4,AB,pea,8
8/2/2006 23:43,2006,8,2,23,-98.65,50.55,MB,nickel,21
8/2/2006 23:45,2006,8,2,23,-106.98,51.1,SK,pea,8
8/3/2006 0:30,2006,8,3,0,-106.42,50.93,SK,quarter,24
8/3/2006 0:38,2006,8,3,0,-106.28,50.87,MB,dime,18
8/3/2006 21:05,2006,8,3,21,-114.6,51.5,AB,dime,18
8/3/2006 22:50,2006,8,3,22,-114.03,51.43,AB,nickel,21
8/3/2006 22:55,2006,8,3,22,-114.6,51.5,AB,quarter,24
8/3/2006 23:15,2006,8,3,23,-107.8,50.13,SK,dime,18
8/3/2006 23:30,2006,8,3,23,-107.65,50.17,SK,golf ball,43
8/3/2006 23:35,2006,8,3,23,-114.08,51.05,AB,quarter,24
8/3/2006 23:40,2006,8,3,23,-107.65,50.17,SK,loonie,26.5
8/4/2006 0:00,2006,8,4,0,-114.48,52.58,AB,dime,18
8/4/2006 0:15,2006,8,4,0,-114.23,52.63,AB,nickel,21
8/4/2006 0:30,2006,8,4,0,-114.08,51.05,AB,dime,18
8/4/2006 0:30,2006,8,4,0,-107.25,50.22,SK,quarter,24
8/4/2006 0:50,2006,8,4,0,-106.97,50.12,SK,loonie,26.5
8/4/2006 1:35,2006,8,4,1,-106.62,50.17,SK,quarter,24
8/4/2006 1:40,2006,8,4,1,-106.62,50.17,SK,nickel,21
8/4/2006 1:45,2006,8,4,1,-113.47,50.85,AB,pea,8
8/4/2006 2:05,2006,8,4,2,-106.38,50.13,SK,quarter,24
8/4/2006 3:05,2006,8,4,3,-114.78,52.47,AB,pea,8
8/4/2006 9:10,2006,8,4,9,-103.83,52.08,SK,golf ball,43
8/4/2006 14:00,2006,8,4,14,-112.72,52.32,AB,pea,8
8/4/2006 14:08,2006,8,4,14,-98.73,49.13,MB,nickel,21
8/4/2006 14:38,2006,8,4,14,-98.47,49.13,MB,nickel,21
8/4/2006 14:48,2006,8,4,14,-100.05,49.02,MB,larger than pea,12
8/4/2006 14:50,2006,8,4,14,-100.05,49,MB,nickel,21
8/4/2006 21:28,2006,8,4,21,-109.17,52.6,SK,estimated half inch,13
8/4/2006 21:35,2006,8,4,21,-111.88,52.22,AB,dime,18
8/4/2006 22:12,2006,8,4,22,-109.3,52.32,SK,dime,18
8/4/2006 22:40,2006,8,4,22,-108.83,52.37,SK,quarter,24
8/4/2006 23:10,2006,8,4,23,-108.7,52.37,SK,smaller than golf ball,35
8/4/2006 23:15,2006,8,4,23,-112.75,51.57,AB,shot,8
8/4/2006 23:25,2006,8,4,23,-112.3,51.63,AB,pea,8
8/4/2006 23:42,2006,8,4,23,-108.27,52.73,SK,estimated 19mm,19
8/5/2006 0:02,2006,8,5,0,-108.45,52.2,SK,estimated 19mm,19
8/5/2006 0:15,2006,8,5,0,-97.1,49.84,MB,quarter,24
8/5/2006 0:20,2006,8,5,0,-108.45,52.2,SK,nickel,21
8/5/2006 1:06,2006,8,5,1,-107.5,52.25,SK,dime,18
8/5/2006 1:53,2006,8,5,1,-108.63,51.78,SK,estimated half inch,13
8/5/2006 2:58,2006,8,5,2,-107.58,51.73,SK,nickel,21
8/5/2006 3:02,2006,8,5,3,-107.43,51.8,SK,estimated half inch,13
8/5/2006 3:06,2006,8,5,3,-107.43,51.8,SK,estimated half inch,13
8/5/2006 20:10,2006,8,5,20,-96.05,49.72,MB,estimated 6mm,6
8/5/2006 21:00,2006,8,5,21,-97.5,50.5,MB,nickel,21
8/5/2006 21:11,2006,8,5,21,-97.5,50.5,MB,nickel,21
8/5/2006 21:30,2006,8,5,21,-97.3,50.42,MB,smaller than golf ball,35
8/5/2006 21:45,2006,8,5,21,-97.38,51.45,MB,penny,19
8/5/2006 21:55,2006,8,5,21,-96.97,50.53,MB,walnut,35
8/5/2006 21:55,2006,8,5,21,-96.97,50.5,MB,quarter,24
8/5/2006 22:10,2006,8,5,22,-96.63,50.55,MB,marble,16
8/5/2006 22:11,2006,8,5,22,-96.63,50.55,MB,pea,8
8/5/2006 22:15,2006,8,5,22,-96.55,50.45,MB,unknown,
8/5/2006 23:02,2006,8,5,23,-95.83,49.1,MB,nickel,21
8/5/2006 23:13,2006,8,5,23,-95.88,50.22,MB,estimated 50mm,50
8/5/2006 23:15,2006,8,5,23,-95.77,50.37,MB,golf ball,43
8/5/2006 23:25,2006,8,5,23,-95.72,50.38,MB,golf ball,43
8/8/2006 3:45,2006,8,8,3,-103.85,49.67,SK,pea,8
8/8/2006 4:30,2006,8,8,4,-104.67,49.65,SK,unknown,
8/8/2006 20:10,2006,8,8,20,-105.42,49.32,SK,pea,8
8/8/2006 23:15,2006,8,8,23,-114.77,55.15,AB,pea,8
8/9/2006 1:12,2006,8,9,1,-115.68,54.15,AB,estimated 50mm,50
8/9/2006 1:17,2006,8,9,1,-115.68,54.15,AB,estimated 6mm,6
8/9/2006 1:30,2006,8,9,1,-115.12,54.3,AB,quarter,24
8/9/2006 1:40,2006,8,9,1,-103.85,50.9,SK,golf ball,43
8/9/2006 1:40,2006,8,9,1,-97.48,51.47,MB,pea,8
8/9/2006 2:58,2006,8,9,2,-115.32,53.95,AB,marble,16
8/9/2006 3:55,2006,8,9,3,-97.6,50.88,MB,penny,19
8/9/2006 22:23,2006,8,9,22,-114.97,50.88,AB,golf ball,43
8/10/2006 0:50,2006,8,10,0,-114.6,51.5,AB,pea,8
8/10/2006 0:50,2006,8,10,0,-114.28,50.67,AB,quarter,24
8/10/2006 0:55,2006,8,10,0,-114.28,50.67,AB,toonie,28
8/10/2006 1:45,2006,8,10,1,-114.28,51.43,AB,walnut,35
8/10/2006 1:50,2006,8,10,1,-114.28,51.43,AB,walnut,35
8/10/2006 2:35,2006,8,10,2,-114.03,51.43,AB,pea,8
8/10/2006 20:20,2006,8,10,20,-113.87,50.58,AB,pea,8
8/10/2006 20:35,2006,8,10,20,-113.87,50.5,AB,quarter,24
8/10/2006 20:55,2006,8,10,20,-113.62,50.6,AB,grape,16
8/10/2006 21:00,2006,8,10,21,-113.62,50.6,AB,nickel,21
8/10/2006 21:52,2006,8,10,21,-113.33,50.72,AB,nickel,21
8/10/2006 22:05,2006,8,10,22,-106.88,52.67,SK,nickel,21
8/10/2006 23:02,2006,8,10,23,-113.8,52.27,AB,nickel,21
8/10/2006 23:05,2006,8,10,23,-103.73,51.27,SK,golf ball,43
8/10/2006 23:08,2006,8,10,23,-103.97,49.32,SK,pea,8
8/10/2006 23:34,2006,8,10,23,-103.97,49.32,SK,nickel,21
8/10/2006 23:34,2006,8,10,23,-102.92,51.43,SK,quarter,24
8/10/2006 23:35,2006,8,10,23,-114.47,51.18,AB,quarter,24
8/10/2006 23:35,2006,8,10,23,-112.47,50.78,AB,loonie,26.5
8/10/2006 23:48,2006,8,10,23,-102.92,51.43,SK,golf ball,43
8/10/2006 23:50,2006,8,10,23,-112.17,50.87,AB,marble,16
8/11/2006 0:00,2006,8,11,0,-103.82,49.25,SK,nickel,21
8/11/2006 0:15,2006,8,11,0,-103.67,49.18,SK,quarter,24
8/11/2006 0:30,2006,8,11,0,-112.93,50.6,AB,pea,8
8/11/2006 0:50,2006,8,11,0,-102.67,51.95,SK,golf ball,43
8/11/2006 0:50,2006,8,11,0,-102.73,51.3,SK,quarter,24
8/11/2006 1:00,2006,8,11,1,-102.68,51.35,SK,larger than golf ball,50
8/11/2006 1:10,2006,8,11,1,-111.55,50.9,AB,loonie,26.5
8/11/2006 1:20,2006,8,11,1,-111.55,50.9,AB,marble,16
8/11/2006 1:44,2006,8,11,1,-102.62,51.27,SK,toonie,28
8/11/2006 1:50,2006,8,11,1,-111.78,52.43,AB,dime,18
8/11/2006 1:55,2006,8,11,1,-111.2,51.02,AB,walnut,35
8/11/2006 2:15,2006,8,11,2,-102.47,51.22,SK,nickel,21
8/11/2006 2:18,2006,8,11,2,-102.47,51.22,SK,nickel,21
8/11/2006 10:00,2006,8,11,10,-107.3,49.92,SK,nickel,21
8/11/2006 18:55,2006,8,11,18,-102.27,51.9,SK,dime,18
8/11/2006 19:30,2006,8,11,19,-102.62,51.27,SK,dime,18
8/11/2006 19:45,2006,8,11,19,-102.62,51.27,SK,nickel,21
8/11/2006 21:47,2006,8,11,21,-104.68,49.87,SK,penny,19
8/11/2006 21:55,2006,8,11,21,-104.68,49.87,SK,nickel,21
8/11/2006 22:18,2006,8,11,22,-104.52,49.98,SK,pea,8
8/11/2006 22:35,2006,8,11,22,-104.37,49.92,SK,dime,18
8/11/2006 23:21,2006,8,11,23,-105.23,51.08,SK,measured 55mm,55
8/11/2006 23:40,2006,8,11,23,-104.5,50.93,SK,golf ball,43
8/12/2006 0:15,2006,8,12,0,-103.5,49.15,SK,golf ball,43
8/12/2006 0:20,2006,8,12,0,-104.37,50.93,SK,golf ball,43
8/12/2006 0:40,2006,8,12,0,-104.22,50.95,SK,quarter,24
8/12/2006 0:45,2006,8,12,0,-103.37,51.98,SK,quarter,24
8/12/2006 15:31,2006,8,12,15,-98.25,49.37,MB,estimated 19mm,19
8/12/2006 16:30,2006,8,12,16,-97.15,49.88,MB,pea,8
8/12/2006 16:36,2006,8,12,16,-97.43,49.47,MB,estimated 6mm,6
8/12/2006 16:56,2006,8,12,16,-97.15,49.88,MB,nickel,21
8/12/2006 17:00,2006,8,12,17,-96.93,49.82,MB,dime,18
8/12/2006 17:16,2006,8,12,17,-95.5,50,MB,loonie,26.5
8/12/2006 19:05,2006,8,12,19,-113.47,53.55,AB,estimated 15mm,15
8/12/2006 21:30,2006,8,12,21,-114.9,52.08,AB,dime,18
8/12/2006 22:00,2006,8,12,22,-114.37,52.35,AB,pea,8
8/12/2006 22:50,2006,8,12,22,-114.07,52.19,AB,pea,8
8/14/2006 23:50,2006,8,14,23,-117.08,53.17,AB,dime,18
8/15/2006 0:05,2006,8,15,0,-114.87,54.4,AB,nickel,21
8/15/2006 0:50,2006,8,15,0,-114.15,54.75,AB,large marble,25
8/15/2006 1:25,2006,8,15,1,-114.15,54.7,AB,larger than pea,12
8/15/2006 1:28,2006,8,15,1,-114.75,54.15,AB,pea,8
8/15/2006 1:45,2006,8,15,1,-112.8655,54.8927,AB,marble,16
8/15/2006 20:19,2006,8,15,20,-103.68,52.07,SK,marble,16
8/15/2006 20:32,2006,8,15,20,-102.65,52.1,SK,pea,8
8/15/2006 20:40,2006,8,15,20,-102.32,52.3,SK,pea,8
8/15/2006 22:04,2006,8,15,22,-102.52,52.07,SK,pea,8
8/16/2006 20:45,2006,8,16,20,-97.93,49.17,MB,quarter,24
8/16/2006 21:00,2006,8,16,21,-97.87,49.03,MB,pea,8
8/16/2006 21:30,2006,8,16,21,-96.8,49.33,MB,pea,8
8/16/2006 21:55,2006,8,16,21,-114.75,52.08,AB,pea,8
8/16/2006 21:56,2006,8,16,21,-96.3,49.32,MB,marble,16
8/16/2006 22:08,2006,8,16,22,-96.15,49.28,MB,pea,8
8/19/2006 23:05,2006,8,19,23,-114.95,52.65,AB,pea,8
8/19/2006 23:50,2006,8,19,23,-114.63,52.55,AB,marble,16
8/20/2006 0:55,2006,8,20,0,-113.8,52.27,AB,quarter,24
8/20/2006 1:00,2006,8,20,1,-113.23,52.2,AB,quarter,24
8/20/2006 1:05,2006,8,20,1,-113.8,52.27,AB,estimated 10mm,10
8/20/2006 1:15,2006,8,20,1,-113.57,52.22,AB,nickel,21
8/20/2006 2:04,2006,8,20,2,-113.27,51.7,AB,nickel,21
8/20/2006 2:10,2006,8,20,2,-112.28,51.98,AB,pea,8
8/20/2006 2:30,2006,8,20,2,-111.98,51.82,AB,golf ball,43
8/20/2006 2:45,2006,8,20,2,-114.28,51.57,AB,nickel,21
8/20/2006 20:30,2006,8,20,20,-97.45,50.18,MB,nickel,21
8/20/2006 20:50,2006,8,20,20,-97.33,50.38,MB,quarter,24
8/20/2006 20:52,2006,8,20,20,-97.27,50.38,MB,toonie,28
8/20/2006 20:56,2006,8,20,20,-96.67,51.13,MB,quarter,24
8/20/2006 21:05,2006,8,20,21,-96.98,50.55,MB,nickel,21
8/20/2006 21:10,2006,8,20,21,-99.18,49.1,MB,nickel,21
8/20/2006 21:26,2006,8,20,21,-97.18,50.13,MB,nickel,21
8/20/2006 21:46,2006,8,20,21,-96.95,50.08,MB,dime,18
8/20/2006 22:00,2006,8,20,22,-98.87,49.03,MB,quarter,24
8/20/2006 22:30,2006,8,20,22,-98.12,49.37,MB,golf ball,43
8/20/2006 22:54,2006,8,20,22,-97.45,49.68,MB,marble,16
8/20/2006 22:55,2006,8,20,22,-96.3,49.88,MB,dime,18
8/20/2006 23:45,2006,8,20,23,-96.77,49.53,MB,dime,18
8/21/2006 0:47,2006,8,21,0,-96.57,49.13,MB,nickel,21
8/23/2006 1:53,2006,8,23,1,-113.42,49.72,AB,pea,8
8/23/2006 3:05,2006,8,23,3,-113.08,53,AB,pea,8
8/23/2006 3:50,2006,8,23,3,-113.05,53.2,AB,pea,8
8/23/2006 4:33,2006,8,23,4,-113.05,53.2,AB,marble,16
8/23/2006 15:00,2006,8,23,15,-99.58,51.38,MB,golf ball,43
8/23/2006 16:20,2006,8,23,16,-99.93,51.65,MB,golf ball,43
8/23/2006 17:00,2006,8,23,17,-99.58,51.38,MB,golf ball,43
8/23/2006 17:05,2006,8,23,17,-99.93,51.65,MB,golf ball,43
8/23/2006 17:07,2006,8,23,17,-99.93,51.65,MB,golf ball,43
8/23/2006 17:15,2006,8,23,17,-99.93,51.65,MB,marble,16
8/23/2006 17:56,2006,8,23,17,-99.53,51.48,MB,pea,8
8/23/2006 21:40,2006,8,23,21,-111.83,51.63,AB,nickel,21
8/23/2006 22:30,2006,8,23,22,-111.33,51.55,AB,pea,8
8/23/2006 22:40,2006,8,23,22,-111.35,51.57,AB,pea,8
8/23/2006 23:15,2006,8,23,23,-110.67,51.68,AB,large,25
8/23/2006 23:25,2006,8,23,23,-114.47,51.18,AB,nickel,21
8/23/2006 23:45,2006,8,23,23,-110.27,51.68,AB,estimated 10mm,10
8/24/2006 0:17,2006,8,24,0,-109.73,51.63,SK,nickel,21
8/24/2006 0:30,2006,8,24,0,-109.999,51.67,SK,quarter,24
8/24/2006 0:35,2006,8,24,0,-103.98,51.32,SK,pea,8
8/24/2006 0:50,2006,8,24,0,-103.73,51.27,SK,quarter,24
8/24/2006 1:30,2006,8,24,1,-103.18,51.07,SK,golf ball,43
8/24/2006 1:35,2006,8,24,1,-108.35,51.63,SK,dime,18
8/24/2006 2:06,2006,8,24,2,-103.53,51.17,SK,nickel,21
8/24/2006 2:13,2006,8,24,2,-108,51.55,SK,nickel,21
8/24/2006 3:02,2006,8,24,3,-107.23,51.53,SK,pea,8
8/24/2006 3:15,2006,8,24,3,-107.05,51.5,SK,hand palm (F),70
8/24/2006 3:21,2006,8,24,3,-107.05,51.52,SK,nickel,21
8/24/2006 3:25,2006,8,24,3,-102.6,51.13,SK,quarter,24
8/24/2006 3:42,2006,8,24,3,-106.8,51.45,SK,unknown,
8/24/2006 3:45,2006,8,24,3,-106.43,51.63,SK,marble,16
8/24/2006 22:27,2006,8,24,22,-111.37,53.28,AB,pea,8
8/31/2006 14:39,2006,8,31,14,-100.97,53.97,MB,nickel,21
8/31/2006 14:50,2006,8,31,14,-101.25,53.82,MB,loonie,26.5
8/31/2006 15:00,2006,8,31,15,-101.37,54.58,MB,pea,8
8/31/2006 16:10,2006,8,31,16,-101.1,52.38,MB,pea,8
9/13/2006 1:51,2006,9,13,1,-115.15,53.13,AB,dime,18
9/15/2006 18:05,2006,9,15,18,-104.95,51.07,SK,dime,18
5/12/2007 17:50,2007,5,12,17,-108.32,52.73,SK,dime,18
5/12/2007 19:40,2007,5,12,19,-107.13,51.92,SK,penny,19
5/12/2007 21:00,2007,5,12,21,-106.63,52.12,SK,small,5
5/12/2007 22:15,2007,5,12,22,-107.73,50.12,SK,pea,8
5/12/2007 22:21,2007,5,12,22,-107.73,50.15,SK,dime,18
5/12/2007 22:30,2007,5,12,22,-107.73,50.12,SK,pea,8
5/12/2007 23:10,2007,5,12,23,-107.7,50.1,SK,quarter,24
5/12/2007 23:19,2007,5,12,23,-107.57,50.12,SK,quarter,24
5/13/2007 0:28,2007,5,13,0,-106.97,50.12,SK,quarter,24
5/13/2007 1:15,2007,5,13,1,-106.75,50.02,SK,dime,18
5/13/2007 1:27,2007,5,13,1,-106.25,50.17,SK,larger than pea,12
5/13/2007 2:20,2007,5,13,2,-106.02,49.77,SK,dime,18
5/14/2007 20:00,2007,5,14,20,-109.48,49.92,SK,pea,8
5/17/2007 22:50,2007,5,17,22,-103.25,50.22,SK,double pea,16
5/18/2007 8:10,2007,5,18,8,-99.75,50.33,MB,dime,18
5/18/2007 15:00,2007,5,18,15,-105.77,53.2,SK,pea,8
5/19/2007 21:50,2007,5,19,21,-114.1,51.78,AB,pea,8
5/21/2007 14:19,2007,5,21,14,-100.03,50.33,MB,quarter,24
5/21/2007 14:35,2007,5,21,14,-99.92,50.45,MB,estimated 1 inch,25
5/21/2007 14:37,2007,5,21,14,-99.92,50.43,MB,marble,16
5/22/2007 1:55,2007,5,22,1,-99.62,49.63,MB,quarter,24
5/22/2007 2:00,2007,5,22,2,-99.95,49.85,MB,larger than nickel,23
5/23/2007 20:49,2007,5,23,20,-99.82,49.08,MB,nickel,21
5/23/2007 21:00,2007,5,23,21,-100.28,49.23,MB,nickel,21
5/23/2007 21:30,2007,5,23,21,-100.05,49.23,MB,pea,8
5/23/2007 21:32,2007,5,23,21,-99.88,49.23,MB,dime,18
5/23/2007 22:05,2007,5,23,22,-99.73,49.4,MB,pea,8
5/23/2007 22:37,2007,5,23,22,-98.88,49.6,MB,pea,8
5/23/2007 22:46,2007,5,23,22,-99.45,49.58,MB,marble,16
5/23/2007 22:54,2007,5,23,22,-97.37,49.35,MB,dime,18
5/23/2007 22:55,2007,5,23,22,-98.1,49.2,MB,pea,8
5/23/2007 23:15,2007,5,23,23,-97.37,49.35,MB,pea,8
5/23/2007 23:20,2007,5,23,23,-97.37,49.35,MB,nickel,21
5/23/2007 23:36,2007,5,23,23,-98.52,49.88,MB,golf ball,43
5/23/2007 23:53,2007,5,23,23,-98.27,49.92,MB,quarter,24
5/23/2007 23:58,2007,5,23,23,-98.3,49.97,MB,dime,18
5/24/2007 0:05,2007,5,24,0,-98.3,49.97,MB,pea,8
5/24/2007 0:20,2007,5,24,0,-98.15,50.02,MB,nickel,21
5/24/2007 1:15,2007,5,24,1,-97.8,50.3,MB,nickel,21
5/24/2007 2:24,2007,5,24,2,-96.02,50.47,MB,dime,18
5/25/2007 2:00,2007,5,25,2,-113.13,53.27,AB,marble,16
5/29/2007 0:03,2007,5,29,0,-96.45,49.98,MB,grape,16
5/29/2007 0:30,2007,5,29,0,-96.8,49.0001,MB,dime,18
5/29/2007 0:55,2007,5,29,0,-96.57,49.07,MB,marble,16
5/29/2007 1:39,2007,5,29,1,-96.07,50.25,MB,dime,18
5/29/2007 2:15,2007,5,29,2,-95.55,50.3,MB,nickel,21
5/29/2007 2:55,2007,5,29,2,-96.95,49.32,MB,nickel,21
6/2/2007 22:38,2007,6,2,22,-101.93,51.87,SK,pea,8
6/3/2007 23:25,2007,6,3,23,-101.98,51.03,SK,estimated 1 inch,25
6/3/2007 23:38,2007,6,3,23,-101.9,50.9,SK,pea,8
6/4/2007 21:15,2007,6,4,21,-115.83,52.08,AB,estimated 10mm,10
6/5/2007 21:35,2007,6,5,21,-113.47,53.55,AB,pea,8
6/5/2007 21:40,2007,6,5,21,-113.47,53.55,AB,estimated 12mm,12
6/5/2007 22:27,2007,6,5,22,-114,53.53,AB,dime,18
6/5/2007 22:30,2007,6,5,22,-113.63,53.63,AB,nickel,21
6/5/2007 23:44,2007,6,5,23,-107.63,49.9,SK,nickel,21
6/6/2007 0:02,2007,6,6,0,-113.33,51.17,AB,nickel,21
6/6/2007 1:45,2007,6,6,1,-107.75,49.47,SK,quarter,24
6/6/2007 3:00,2007,6,6,3,-110.67,50.05,AB,golf ball,43
6/6/2007 3:13,2007,6,6,3,-107.25,52.73,SK,pea,8
6/10/2007 4:05,2007,6,10,4,-104.62,50.45,SK,pea,8
6/10/2007 19:27,2007,6,10,19,-99.73,49.47,MB,dime,18
6/10/2007 19:37,2007,6,10,19,-99.52,49.5,MB,nickel,21
6/10/2007 19:58,2007,6,10,19,-99.28,49.55,MB,nickel,21
6/10/2007 20:00,2007,6,10,20,-99.48,49.6,MB,quarter,24
6/10/2007 21:10,2007,6,10,21,-98.55,49.65,MB,quarter,24
6/10/2007 21:11,2007,6,10,21,-98.67,49.4,MB,pea,8
6/10/2007 21:34,2007,6,10,21,-98.5,49.67,MB,dime,18
6/10/2007 21:35,2007,6,10,21,-114.92,52.37,AB,golf ball,43
6/10/2007 21:54,2007,6,10,21,-97.93,49.37,MB,marble,16
6/10/2007 22:00,2007,6,10,22,-111.3,52.67,AB,pea,8
6/10/2007 22:17,2007,6,10,22,-98.13,49.58,MB,dime,18
6/10/2007 22:19,2007,6,10,22,-97.83,49.35,MB,non-severe,8
6/10/2007 22:45,2007,6,10,22,-97.05,49.98,MB,nickel,21
6/11/2007 0:38,2007,6,11,0,-102.95,50.17,SK,toonie,28
6/11/2007 1:00,2007,6,11,1,-113.87,52.13,AB,marble,16
6/11/2007 1:55,2007,6,11,1,-102.28,49.83,SK,pea,8
6/11/2007 3:09,2007,6,11,3,-113.17,52.12,AB,pea,8
6/11/2007 3:10,2007,6,11,3,-100.47,49.85,MB,penny,19
6/11/2007 17:45,2007,6,11,17,-111.92,50.72,AB,pea,8
6/11/2007 20:20,2007,6,11,20,-102.67,49.72,SK,marble,16
6/11/2007 21:10,2007,6,11,21,-102.63,50.1,SK,nickel,21
6/11/2007 21:15,2007,6,11,21,-103.28,50.83,SK,estimated 1 inch,25
6/11/2007 21:20,2007,6,11,21,-103.42,50.75,SK,quarter,24
6/11/2007 22:11,2007,6,11,22,-103.93,50.1,SK,golf ball,43
6/11/2007 22:20,2007,6,11,22,-102.82,50.9,SK,golf ball,43
6/11/2007 22:32,2007,6,11,22,-103.5,49.15,SK,loonie,26.5
6/11/2007 22:50,2007,6,11,22,-103.4,49.4,SK,golf ball,43
6/11/2007 23:20,2007,6,11,23,-103.12,49.23,SK,quarter,24
6/11/2007 23:30,2007,6,11,23,-102.63,50.1,SK,estimated 32mm,32
6/12/2007 0:10,2007,6,12,0,-102.48,50.18,SK,quarter,24
6/12/2007 1:52,2007,6,12,1,-102.08,49.4,SK,quarter,24
6/12/2007 2:20,2007,6,12,2,-102.1,49.62,SK,quarter,24
6/12/2007 2:25,2007,6,12,2,-101.53,49.83,SK,toonie,28
6/12/2007 2:30,2007,6,12,2,-102.27,49.63,SK,nickel,21
6/12/2007 2:35,2007,6,12,2,-101.7,49.57,SK,estimated 45mm,45
6/12/2007 3:10,2007,6,12,3,-103.03,49.68,SK,estimated half inch,13
6/12/2007 3:10,2007,6,12,3,-102.1,49.62,SK,measured 45mm,45
6/12/2007 5:50,2007,6,12,5,-101.23,49.97,MB,quarter,24
6/12/2007 17:10,2007,6,12,17,-113.87,50.92,AB,nickel,21
6/12/2007 22:31,2007,6,12,22,-98.78,50.07,MB,quarter,24
6/12/2007 22:40,2007,6,12,22,-98.78,50.18,MB,nickel,21
6/13/2007 0:00,2007,6,13,0,-98.78,50.07,MB,quarter,24
6/16/2007 23:40,2007,6,16,23,-111.42,49.57,AB,golf ball,43
6/17/2007 20:20,2007,6,17,20,-109.12,49.98,SK,dime,18
6/17/2007 21:34,2007,6,17,21,-109.67,50.77,SK,estimated half inch,13
6/17/2007 23:15,2007,6,17,23,-110.67,50.05,AB,nickel,21
6/20/2007 3:11,2007,6,20,3,-97.15,49.88,MB,quarter,24
6/20/2007 23:45,2007,6,20,23,-101.28,50.78,MB,nickel,21
6/21/2007 5:45,2007,6,21,5,-113.42,53.53,AB,nickel,21
6/21/2007 5:50,2007,6,21,5,-113.47,53.55,AB,pea,8
6/21/2007 6:00,2007,6,21,6,-113.47,53.55,AB,estimated 20mm,20
6/21/2007 11:50,2007,6,21,11,-113.42,53.52,AB,pea,8
6/21/2007 16:30,2007,6,21,16,-115.75,55.85,AB,pea,8
6/21/2007 20:50,2007,6,21,20,-113.55,53.27,AB,marble,16
6/21/2007 20:55,2007,6,21,20,-113.42,53.52,AB,nickel,21
6/21/2007 21:20,2007,6,21,21,-113.13,53.27,AB,quarter,24
6/22/2007 0:28,2007,6,22,0,-109.98,53.72,SK,quarter,24
6/22/2007 0:45,2007,6,22,0,-104.73,51.25,SK,golf ball,43
6/22/2007 1:22,2007,6,22,1,-106.58,52.72,SK,quarter,24
6/22/2007 1:30,2007,6,22,1,-104.62,50.73,SK,walnut,35
6/22/2007 2:07,2007,6,22,2,-104.93,50.98,SK,nickel,21
6/22/2007 2:15,2007,6,22,2,-104.32,51.05,SK,golf ball,43
6/22/2007 2:28,2007,6,22,2,-105,51.5,SK,nickel,21
6/22/2007 2:50,2007,6,22,2,-104.72,50.93,SK,golf ball,43
6/22/2007 3:25,2007,6,22,3,-116.22,54.2,AB,quarter,24
6/22/2007 3:36,2007,6,22,3,-103.8,50.77,SK,nickel,21
6/22/2007 21:50,2007,6,22,21,-113.9,53.3,AB,golf ball,43
6/22/2007 23:07,2007,6,22,23,-100.5,49.18,MB,golf ball,43
6/22/2007 23:55,2007,6,22,23,-97.73,50.07,MB,golf ball,43
6/23/2007 0:03,2007,6,23,0,-112.83,53.02,AB,quarter,24
6/23/2007 0:10,2007,6,23,0,-97.63,49.88,MB,quarter,24
6/23/2007 0:10,2007,6,23,0,-97.45,50.07,MB,loonie,26.5
6/23/2007 0:29,2007,6,23,0,-98.93,49.37,MB,nickel,21
6/23/2007 0:30,2007,6,23,0,-112.45,52.83,AB,golf ball,43
6/23/2007 0:40,2007,6,23,0,-99.15,49.37,MB,loonie,26.5
6/23/2007 1:10,2007,6,23,1,-111.85,52.45,AB,walnut,35
6/23/2007 1:10,2007,6,23,1,-98.01,49.5,MB,nickel,21
6/23/2007 1:20,2007,6,23,1,-98.01,49.5,MB,nickel,21
6/23/2007 2:20,2007,6,23,2,-110.38,52.55,AB,smaller than golf ball,35
6/23/2007 22:05,2007,6,23,22,-105.8,54.42,SK,golf ball,43
6/23/2007 22:33,2007,6,23,22,-102.12,50,SK,hen egg,50
6/23/2007 23:04,2007,6,23,23,-101.7,50.6,SK,nickel,21
6/23/2007 23:10,2007,6,23,23,-101.37,49.85,MB,nickel,21
6/23/2007 23:30,2007,6,23,23,-101.3,50.45,MB,golf ball,43
6/23/2007 23:33,2007,6,23,23,-101.02,50.73,MB,nickel,21
6/23/2007 23:36,2007,6,23,23,-102.58,50.37,SK,estimated 40mm,40
6/24/2007 0:25,2007,6,24,0,-100.4,50.57,MB,walnut,35
6/24/2007 0:25,2007,6,24,0,-100.32,50.53,MB,estimated 40mm,40
6/24/2007 0:26,2007,6,24,0,-102.92,54.93,SK,golf ball,43
6/24/2007 0:36,2007,6,24,0,-100.3,50.38,MB,walnut,35
6/24/2007 1:00,2007,6,24,1,-100.57,49.57,MB,quarter,24
6/24/2007 1:05,2007,6,24,1,-100.52,49.48,MB,estimated 1 inch,25
6/24/2007 1:39,2007,6,24,1,-99.57,50.05,MB,nickel,21
6/24/2007 1:55,2007,6,24,1,-99.57,50.05,MB,nickel,21
6/24/2007 1:55,2007,6,24,1,-99.37,49.87,MB,golf ball,43
6/24/2007 2:26,2007,6,24,2,-100.32,50.53,MB,walnut,35
6/24/2007 3:10,2007,6,24,3,-97.15,49.88,MB,estimated 20mm,20
6/24/2007 3:12,2007,6,24,3,-97.15,49.88,MB,quarter,24
6/24/2007 3:53,2007,6,24,3,-99.97,50.65,MB,quarter,24
6/24/2007 4:05,2007,6,24,4,-99.97,50.65,MB,nickel,21
6/24/2007 7:30,2007,6,24,7,-96.97,50.25,MB,quarter,24
6/24/2007 8:07,2007,6,24,8,-98,49.93,MB,quarter,24
6/24/2007 9:20,2007,6,24,9,-97.15,49.88,MB,ping pong,40
6/24/2007 9:25,2007,6,24,9,-97.15,49.88,MB,golf ball,43
6/24/2007 14:25,2007,6,24,14,-108.55,49.23,SK,quarter,24
6/24/2007 22:45,2007,6,24,22,-114.08,51.05,AB,nickel,21
6/25/2007 2:33,2007,6,25,2,-95.78,49.25,MB,golf ball,43
6/25/2007 2:36,2007,6,25,2,-95.97,49.18,MB,smaller than nickel,18
6/25/2007 2:54,2007,6,25,2,-95.3,49.2,MB,nickel,21
6/26/2007 4:20,2007,6,26,4,-96.52,49.75,MB,nickel,21
6/29/2007 7:08,2007,6,29,7,-112.65,51.4,AB,nickel,21
6/29/2007 11:30,2007,6,29,11,-104.7,49.67,SK,larger than golf ball,50
6/29/2007 20:45,2007,6,29,20,-112.8,49.03,AB,nickel,21
6/30/2007 1:30,2007,6,30,1,-110.05,50.47,AB,nickel,21
6/30/2007 1:35,2007,6,30,1,-109.67,50.77,SK,quarter,24
6/30/2007 2:20,2007,6,30,2,-109.02,51.22,SK,nickel,21
6/30/2007 2:35,2007,6,30,2,-113.25,50.48,AB,quarter,24
6/30/2007 5:45,2007,6,30,5,-111.88,50.58,AB,smaller than golf ball,35
7/1/2007 21:30,2007,7,1,21,-98.12,50.1,MB,ping pong,40
7/1/2007 21:30,2007,7,1,21,-105.52,49.12,SK,nickel,21
7/1/2007 22:18,2007,7,1,22,-97.83,49.9,MB,nickel,21
7/1/2007 22:30,2007,7,1,22,-105.52,49.12,SK,nickel,21
7/2/2007 17:40,2007,7,2,17,-100.45,49.67,MB,walnut,35
7/2/2007 19:05,2007,7,2,19,-105.52,49.18,SK,nickel,21
7/2/2007 21:00,2007,7,2,21,-99.53,51.53,MB,quarter,24
7/2/2007 20:27,2007,7,2,20,-100.3,51.65,MB,quarter,24
7/2/2007 20:45,2007,7,2,20,-106.02,50.73,SK,nickel,21
7/2/2007 20:40,2007,7,2,20,-105.4,49.93,SK,penny,19
7/2/2007 21:15,2007,7,2,21,-105.72,50.63,SK,loonie,26.5
7/2/2007 21:42,2007,7,2,21,-105.53,50.4,SK,larger than golf ball,50
7/2/2007 22:48,2007,7,2,22,-108.38,49.2,SK,quarter,24
7/2/2007 23:15,2007,7,2,23,-98.93,50.85,MB,smaller than golf ball,35
7/4/2007 21:25,2007,7,4,21,-99.75,51.12,MB,golf ball,43
7/4/2007 21:39,2007,7,4,21,-98.67,50.27,MB,loonie,26.5
7/4/2007 21:45,2007,7,4,21,-95.62,49.62,MB,golf ball,43
7/4/2007 22:15,2007,7,4,22,-100.05,51.15,MB,golf ball,43
7/4/2007 22:20,2007,7,4,22,-97.5,49.67,MB,golf ball,43
7/4/2007 22:30,2007,7,4,22,-99.58,51.53,MB,golf ball,43
7/4/2007 22:32,2007,7,4,22,-99.5,50.77,MB,quarter,24
7/4/2007 23:10,2007,7,4,23,-98.07,49.73,MB,golf ball,43
7/4/2007 23:53,2007,7,4,23,-98.35,49.67,MB,nickel,21
7/5/2007 0:20,2007,7,5,0,-98,49.5,MB,golf ball,43
7/5/2007 0:38,2007,7,5,0,-98.38,49.2,MB,quarter,24
7/6/2007 5:30,2007,7,6,5,-114.15,54.83,AB,loonie,26.5
7/6/2007 5:45,2007,7,6,5,-114.45,54.17,AB,golf ball,43
7/7/2007 9:20,2007,7,7,9,-106.97,52.37,SK,quarter,24
7/7/2007 9:30,2007,7,7,9,-106.82,51.9,SK,pool table ball,57
7/7/2007 9:40,2007,7,7,9,-106.67,52.28,SK,golf ball,43
7/7/2007 9:40,2007,7,7,9,-107.13,51.92,SK,golf ball,43
7/7/2007 11:15,2007,7,7,11,-106.5,51.82,SK,golf ball,43
7/7/2007 11:40,2007,7,7,11,-104.3,51.7,SK,baseball,74
7/14/2007 21:50,2007,7,14,21,-117.63,56.85,AB,quarter,24
7/14/2007 22:30,2007,7,14,22,-117.45,56.73,AB,golf ball,43
7/15/2007 20:30,2007,7,15,20,-114.92,52.37,AB,nickel,21
7/15/2007 21:29,2007,7,15,21,-114.75,52.08,AB,loonie,26.5
7/15/2007 21:40,2007,7,15,21,-115.03,52.45,AB,nickel,21
7/15/2007 22:00,2007,7,15,22,-114.67,52.03,AB,loonie,26.5
7/15/2007 22:25,2007,7,15,22,-114.47,51.92,AB,quarter,24
7/15/2007 22:40,2007,7,15,22,-114.28,52.05,AB,loonie,26.5
7/15/2007 23:25,2007,7,15,23,-114.03,51.92,AB,dime,18
7/15/2007 23:35,2007,7,15,23,-114.53,51.65,AB,estimated 1 inch,25
7/16/2007 0:20,2007,7,16,0,-114.1,51.57,AB,golf ball,43
7/16/2007 0:48,2007,7,16,0,-113.22,51.83,AB,golf ball,43
7/16/2007 1:10,2007,7,16,1,-114.03,51.3,AB,golf ball,43
7/16/2007 1:55,2007,7,16,1,-113.65,51.32,AB,tennis,67
7/16/2007 2:00,2007,7,16,2,-113.6,51.25,AB,smaller than tennis ball,60
7/16/2007 2:10,2007,7,16,2,-113.6,51.28,AB,estimated 75mm,75
7/16/2007 3:00,2007,7,16,3,-114.08,51.05,AB,quarter,24
7/16/2007 3:00,2007,7,16,3,-113.87,50.58,AB,smaller than baseball,70
7/16/2007 21:30,2007,7,16,21,-107.73,53.5,SK,nickel,21
7/16/2007 22:25,2007,7,16,22,-114.75,52.08,AB,loonie,26.5
7/16/2007 23:00,2007,7,16,23,-114.6,51.5,AB,toonie,28
7/16/2007 23:40,2007,7,16,23,-114.48,51.4,AB,quarter,24
7/17/2007 2:52,2007,7,17,2,-108.23,52.38,SK,quarter,24
7/17/2007 19:04,2007,7,17,19,-102.62,51.55,SK,quarter,24
7/17/2007 20:00,2007,7,17,20,-102.47,51.22,SK,pea,8
7/17/2007 21:00,2007,7,17,21,-117.08,53.17,AB,quarter,24
7/18/2007 3:30,2007,7,18,3,-118.8,55.17,AB,nickel,21
7/18/2007 22:10,2007,7,18,22,-117.33,53.03,AB,loonie,26.5
7/18/2007 22:50,2007,7,18,22,-116.08,52.47,AB,nickel,21
7/19/2007 4:15,2007,7,19,4,-115.35,51.08,AB,measured 29mm,29
7/19/2007 23:45,2007,7,19,23,-111.42,52.67,AB,nickel,21
7/20/2007 0:00,2007,7,20,0,-110.75,52,AB,golf ball,43
7/20/2007 0:00,2007,7,20,0,-110.27,49.97,AB,loonie,26.5
7/20/2007 0:12,2007,7,20,0,-111.12,52.43,AB,golf ball,43
7/20/2007 0:45,2007,7,20,0,-110.28,49.67,AB,quarter,24
7/20/2007 8:15,2007,7,20,8,-110.67,50.05,AB,golf ball,43
7/20/2007 15:05,2007,7,20,15,-106.43,51.63,SK,quarter,24
7/20/2007 16:27,2007,7,20,16,-107.25,50.9,SK,ice cube,29
7/21/2007 5:58,2007,7,21,5,-110.67,50.05,AB,toonie,28
7/21/2007 6:04,2007,7,21,6,-110.67,50.05,AB,toonie,28
7/21/2007 15:40,2007,7,21,15,-104.62,50.45,SK,quarter,24
7/21/2007 15:40,2007,7,21,15,-104.47,50.57,SK,nickel,21
7/21/2007 15:42,2007,7,21,15,-104.92,50.37,SK,nickel,21
7/21/2007 16:03,2007,7,21,16,-104.52,49.98,SK,quarter,24
7/21/2007 18:10,2007,7,21,18,-102.03,51.28,SK,golf ball,43
7/21/2007 19:13,2007,7,21,19,-103.88,50.55,SK,golf ball,43
7/21/2007 19:32,2007,7,21,19,-103.67,50.53,SK,estimated 1 inch,25
7/21/2007 19:45,2007,7,21,19,-103.45,50.48,SK,toonie,28
7/21/2007 20:00,2007,7,21,20,-103.27,50.42,SK,quarter,24
7/21/2007 23:09,2007,7,21,23,-100.82,50.65,MB,nickel,21
7/24/2007 0:49,2007,7,24,0,-114.32,52.08,AB,quarter,24
7/24/2007 1:10,2007,7,24,1,-114.9,53.1,AB,quarter,24
7/24/2007 1:31,2007,7,24,1,-113.87,52.27,AB,paintball,17
7/24/2007 2:06,2007,7,24,2,-114.47,53.12,AB,quarter,24
7/24/2007 3:00,2007,7,24,3,-113.58,53.62,AB,grape,16
7/24/2007 5:00,2007,7,24,5,-99.67,49.18,MB,golf ball,43
7/24/2007 5:00,2007,7,24,5,-113.33,53.6,AB,quarter,24
7/24/2007 5:00,2007,7,24,5,-113.37,52.97,AB,baseball,74
7/24/2007 5:05,2007,7,24,5,-113.37,52.97,AB,softball,97
7/24/2007 22:25,2007,7,24,22,-114.03,51.3,AB,loonie,26.5
7/24/2007 22:30,2007,7,24,22,-114.03,51.3,AB,estimated 30mm,30
7/24/2007 23:43,2007,7,24,23,-113.13,51.23,AB,quarter,24
7/24/2007 23:55,2007,7,24,23,-112.95,51.3,AB,nickel,21
7/25/2007 0:15,2007,7,25,0,-112.95,51.23,AB,golf ball,43
7/25/2007 0:50,2007,7,25,0,-112.48,51.33,AB,loonie,26.5
7/25/2007 2:40,2007,7,25,2,-103.02,51.3,SK,quarter,24
7/25/2007 2:45,2007,7,25,2,-114.1,51.78,AB,nickel,21
7/25/2007 3:47,2007,7,25,3,-109.17,51.47,SK,large marble,25
7/25/2007 4:24,2007,7,25,4,-101.9,51.57,SK,quarter,24
7/25/2007 21:37,2007,7,25,21,-97.62,49.77,MB,nickel,21
7/26/2007 1:46,2007,7,26,1,-97.93,49.17,MB,nickel,21
7/27/2007 23:15,2007,7,27,23,-115.13,53.95,AB,toonie,28
7/28/2007 22:35,2007,7,28,22,-116.43,53.58,AB,quarter,24
7/28/2007 23:30,2007,7,28,23,-117.28,56.47,AB,loonie,26.5
7/29/2007 0:00,2007,7,29,0,-111.38,56.73,AB,estimated 30mm,30
7/29/2007 1:00,2007,7,29,1,-103.62,50.77,SK,toonie,28
7/29/2007 3:24,2007,7,29,3,-115.32,53.1,AB,estimated 32mm,32
7/29/2007 22:25,2007,7,29,22,-115.47,53.28,AB,nickel,21
7/29/2007 23:36,2007,7,29,23,-114.98,53.22,AB,nickel,21
7/29/2007 23:55,2007,7,29,23,-115.85,53.62,AB,loonie,26.5
7/30/2007 2:00,2007,7,30,2,-114.05,53.23,AB,loonie,26.5
7/30/2007 2:15,2007,7,30,2,-117.18,54.73,AB,golf ball,43
7/30/2007 4:03,2007,7,30,4,-116.8,54.4,AB,toonie,28
7/30/2007 22:40,2007,7,30,22,-108.33,53.03,SK,golf ball,43
7/30/2007 23:40,2007,7,30,23,-107.47,52.8,SK,golf ball,43
7/30/2007 23:53,2007,7,30,23,-114.1,51.78,AB,loonie,26.5
7/31/2007 0:02,2007,7,31,0,-114.63,51.48,AB,toonie,28
7/31/2007 0:16,2007,7,31,0,-112.67,53.37,AB,loonie,26.5
7/31/2007 0:15,2007,7,31,0,-114.48,51.55,AB,toonie,28
7/31/2007 0:45,2007,7,31,0,-114.95,52.77,AB,golf ball,43
7/31/2007 0:50,2007,7,31,0,-113.82,51.03,AB,hen egg,50
7/31/2007 1:05,2007,7,31,1,-114.03,51.43,AB,nickel,21
7/31/2007 1:15,2007,7,31,1,-113.45,51.05,AB,toonie,28
7/31/2007 3:05,2007,7,31,3,-112.6,51.4,AB,nickel,21
7/31/2007 19:12,2007,7,31,19,-108.53,51.47,SK,nickel,21
7/31/2007 21:06,2007,7,31,21,-107.05,51.5,SK,quarter,24
7/31/2007 21:15,2007,7,31,21,-106.92,51.5,SK,nickel,21
7/31/2007 21:55,2007,7,31,21,-105.97,51.42,SK,golf ball,43
7/31/2007 22:12,2007,7,31,22,-96.97,50.82,MB,nickel,21
7/31/2007 22:40,2007,7,31,22,-105,51.15,SK,golf ball,43
7/31/2007 22:40,2007,7,31,22,-103.38,51.63,SK,larger than golf ball,50
7/31/2007 23:18,2007,7,31,23,-103.22,51.55,SK,baseball,74
7/31/2007 23:30,2007,7,31,23,-104.22,51.27,SK,baseball,74
7/31/2007 23:52,2007,7,31,23,-103.87,51.28,SK,nickel,21
8/1/2007 1:05,2007,8,1,1,-102.47,51.22,SK,nickel,21
8/3/2007 21:50,2007,8,3,21,-116.43,53.58,AB,nickel,21
8/9/2007 21:24,2007,8,9,21,-96.85,49.95,MB,nickel,21
8/18/2007 12:30,2007,8,18,12,-113.58,53.62,AB,ping pong,40
5/8/2008 21:30,2008,5,8,21,-114.08,51.05,AB,nickel,21
6/26/2008 22:30,2008,6,26,22,-102.68,50.51,SK,nickel,21
7/10/2008 21:58,2008,7,10,21,-104.18,51.77,SK,quarter,24
7/15/2008 0:50,2008,7,15,0,-104.03,51.01,SK,nickel,21
7/15/2008 23:10,2008,7,15,23,-113.25,50.5,AB,measured 21mm,21
7/15/2008 23:35,2008,7,15,23,-112.65,50.35,AB,golf ball,43
7/16/2008 0:25,2008,7,16,0,-112.12,50.07,AB,grapefruit,100
7/16/2008 0:30,2008,7,16,0,-112.93,49.75,AB,golf ball,43
7/16/2008 0:35,2008,7,16,0,-112.82,49.7,AB,golf ball,43
7/16/2008 1:00,2008,7,16,1,-111.37,49.87,AB,nickel,21
7/16/2008 21:20,2008,7,16,21,-108.42,49.58,SK,quarter,24
7/16/2008 22:00,2008,7,16,22,-112.82,54.58,AB,quarter,24
7/16/2008 22:00,2008,7,16,22,-112.25,49.25,AB,hen egg,50
7/17/2008 0:30,2008,7,17,0,-98.8,49.05,MB,quarter,24
7/17/2008 21:30,2008,7,17,21,-101.78,50.24,SK,nickel,21
7/17/2008 22:30,2008,7,17,22,-115.16,51.96,AB,loonie,26.5
7/18/2008 1:14,2008,7,18,1,-113.85,50.45,AB,loonie,26.5
7/18/2008 1:30,2008,7,18,1,-114.1,51.8,AB,measured 22mm,22
7/18/2008 12:30,2008,7,18,12,-114.47,51.18,AB,nickel,21
7/18/2008 18:05,2008,7,18,18,-114.13,51.67,AB,quarter,24
7/18/2008 19:20,2008,7,18,19,-114.58,50.95,AB,toonie,28
7/18/2008 19:50,2008,7,18,19,-109.06,50.02,SK,quarter,24
7/18/2008 21:35,2008,7,18,21,-109.12,49.98,SK,golf ball,43
7/18/2008 21:50,2008,7,18,21,-109.93,52.33,SK,quarter,24
7/18/2008 21:53,2008,7,18,21,-110.67,51.68,AB,loonie,26.5
7/18/2008 22:15,2008,7,18,22,-110.48,51.7,AB,walnut,35
7/18/2008 22:45,2008,7,18,22,-110.31,51.7,AB,estimated 50mm,50
7/18/2008 23:00,2008,7,18,23,-109.7,52.87,SK,nickel,21
7/18/2008 23:05,2008,7,18,23,-109.67,50.77,SK,quarter,24
7/20/2008 0:15,2008,7,20,0,-106.63,52.12,SK,golf ball,43
7/20/2008 0:33,2008,7,20,0,-106.63,52.117,SK,larger than nickel,23
7/22/2008 23:43,2008,7,22,23,-104.62,50.53,SK,loonie,26.5
7/23/2008 0:50,2008,7,23,0,-103.8,50.77,SK,nickel,21
7/26/2008 19:10,2008,7,26,19,-110.47,49.12,AB,nickel,21
7/26/2008 22:15,2008,7,26,22,-114.58,50.95,AB,nickel,21
7/26/2008 22:43,2008,7,26,22,-114.15,51.81,AB,loonie,26.5
7/26/2008 23:20,2008,7,26,23,-109.93,52.33,SK,nickel,21
7/26/2008 23:45,2008,7,26,23,-113.87,51.65,AB,estimated 1 inch,25
7/26/2008 0:00,2008,7,26,0,-109.17,52.45,SK,quarter,24
7/27/2008 19:40,2008,7,27,19,-114.48,51.55,AB,quarter,24
7/27/2008 21:38,2008,7,27,21,-104.63,51.35,SK,golf ball,43
7/27/2008 22:35,2008,7,27,22,-104.8,50.7,SK,quarter,24
7/27/2008 22:45,2008,7,27,22,-103.53,51.65,SK,nickel,21
7/27/2008 23:30,2008,7,27,23,-110.33,53.68,AB,quarter,24
7/27/2008 23:59,2008,7,27,23,-104.62,50.45,SK,golf ball,43
7/27/2008 0:01,2008,7,27,0,-103.5,51.17,SK,dime,18
7/28/2008 3:00,2008,7,28,3,-107.35,52.72,SK,ice cube,29
7/28/2008 3:30,2008,7,28,3,-106.97,52.37,SK,nickel,21
7/28/2008 3:40,2008,7,28,3,-108,52.07,SK,nickel,21
7/28/2008 4:25,2008,7,28,4,-106.67,52.28,SK,golf ball,43
7/28/2008 22:20,2008,7,28,22,-105.1,50.98,SK,estimated 35mm,35
7/28/2008 22:40,2008,7,28,22,-103.43,49.88,SK,larger than nickel,23
7/28/2008 23:20,2008,7,28,23,-103.73,51.27,SK,nickel,21
7/28/2008 23:45,2008,7,28,23,-103.98,51.2,SK,golf ball,43
7/29/2008 0:48,2008,7,29,0,-102.08,50.65,SK,nickel,21
7/30/2008 20:28,2008,7,30,20,-104.33,50.43,SK,quarter,24
7/30/2008 20:36,2008,7,30,20,-109.4,52.08,SK,nickel,21
7/30/2008 20:50,2008,7,30,20,-108.95,52.62,SK,nickel,21
7/30/2008 21:30,2008,7,30,21,-108.43,52.87,SK,nickel,21
7/30/2008 21:45,2008,7,30,21,-103.87,50.1,SK,nickel,21
7/30/2008 22:32,2008,7,30,22,-104.28,49.45,SK,nickel,21
7/30/2008 23:50,2008,7,30,23,-103.3,49.63,SK,quarter,24
7/31/2008 0:40,2008,7,31,0,-102.47,49.53,SK,quarter,24
7/31/2008 1:20,2008,7,31,1,-101.87,49.38,SK,quarter,24
7/31/2008 1:30,2008,7,31,1,-105.12,52.2,SK,loonie,26.5
7/31/2008 2:04,2008,7,31,2,-104.83,52.25,SK,loonie,26.5
7/31/2008 2:40,2008,7,31,2,-104.5,52.33,SK,nickel,21
7/31/2008 2:50,2008,7,31,2,-104.18,52.38,SK,nickel,21
8/2/2008 0:09,2008,8,2,0,-104.92,49.58,SK,larger than nickel,23
8/2/2008 0:22,2008,8,2,0,-104.75,49.62,SK,quarter,24
8/2/2008 3:40,2008,8,2,3,-103.85,49.67,SK,quarter,24
8/9/2008 3:09,2008,8,9,3,-113.8,52.267,AB,dime,18
8/9/2008 3:15,2008,8,9,3,-113.8,52.267,AB,dime,18
8/9/2008 3:28,2008,8,9,3,-113.8,52.267,AB,larger than dime,21
8/9/2008 3:38,2008,8,9,3,-113.8,52.267,AB,larger than loonie,30
8/9/2008 4:15,2008,8,9,4,-113.8,52.267,AB,larger than loonie,30
8/9/2008 4:30,2008,8,9,4,-113.8,52.267,AB,estimated 40mm,40
8/9/2008 20:47,2008,8,9,20,-110.4,52.75,AB,toonie,28
8/9/2008 21:30,2008,8,9,21,-109.999,53.3,SK,nickel,21
8/10/2008 0:50,2008,8,10,0,-109.6,53.133,SK,ping pong,40
8/10/2008 1:50,2008,8,10,1,-114.9,52.265,AB,nickel,21
8/10/2008 2:00,2008,8,10,2,-109.817,53.467,SK,golf ball,43
8/10/2008 21:11,2008,8,10,21,-105.53,50.4,SK,estimated 50mm,50
8/10/2008 21:38,2008,8,10,21,-105.27,50.3,SK,nickel,21
8/11/2008 2:15,2008,8,11,2,-103.43,49.15,SK,golf ball,43
8/19/2008 1:05,2008,8,19,1,-114.9,53.78,AB,quarter,24
8/20/2008 23:15,2008,8,20,23,-118.28,53.81,AB,golf ball,43
8/21/2008 21:50,2008,8,21,21,-111.217,51.53,AB,nickel,21
8/22/2008 0:04,2008,8,22,0,-108.17,51.57,SK,nickel,21
8/22/2008 1:00,2008,8,22,1,-107.72,51.52,SK,quarter,24
8/22/2008 1:25,2008,8,22,1,-107.52,51.48,SK,quarter,24
8/22/2008 2:32,2008,8,22,2,-107.05,51.5,SK,quarter,24
8/26/2008 17:45,2008,8,26,17,-106.5,52.83,SK,nickel,21
8/26/2008 18:25,2008,8,26,18,-106.2,53.23,SK,nickel,21
8/26/2008 18:35,2008,8,26,18,-105.83,53.4,SK,quarter,24
8/26/2008 18:45,2008,8,26,18,-105.8,53.53,SK,golf ball,43
8/26/2008 18:59,2008,8,26,18,-105.77,53.4,SK,toonie,28
8/31/2008 2:10,2008,8,31,2,-98.82,50.89,MB,larger than golf ball,50
8/31/2008 2:15,2008,8,31,2,-99.07,51.04,MB,quarter,24
8/31/2008 3:00,2008,8,31,3,-97.66,51.27,MB,quarter,24
8/31/2008 3:03,2008,8,31,3,-99.47,50.68,MB,estimated 40mm,40
8/31/2008 4:36,2008,8,31,4,-99.2,51.05,MB,measured 50mm,50
8/31/2008 4:37,2008,8,31,4,-99.47,50.23,MB,nickel,21
8/31/2008 4:48,2008,8,31,4,-98.35,51.18,MB,loonie,26.5
8/31/2008 6:45,2008,8,31,6,-98.35,51.18,MB,nickel,21
8/31/2008 18:25,2008,8,31,18,-100.32,51.25,MB,quarter,24
5/12/2009 18:14,2009,5,12,18,-103.817,52.2,SK,quarter,24
5/12/2009 23:32,2009,5,12,23,-100.036,50.121,MB,shot,8
5/22/2009 6:05,2009,5,22,6,-107.014,52.367,SK,marble,16
5/22/2009 19:00,2009,5,22,19,-96.567,49.574,MB,pea,8
5/22/2009 19:50,2009,5,22,19,-96.99,50.749,MB,walnut,35
5/22/2009 19:55,2009,5,22,19,-96.994,50.798,MB,walnut,35
5/26/2009 23:11,2009,5,26,23,-107.7,52.567,SK,pea,8
6/1/2009 20:29,2009,6,1,20,-99.523,51.059,MB,penny,19
6/2/2009 0:17,2009,6,2,0,-97.147,49.884,MB,quarter,24
6/2/2009 0:22,2009,6,2,0,-97.146,49.884,MB,estimated 10mm,10
6/2/2009 0:25,2009,6,2,0,-97.123,49.89,MB,marble,16
6/2/2009 1:00,2009,6,2,1,-96.481,49.803,MB,dime,18
6/7/2009 21:30,2009,6,7,21,-106.967,52.367,SK,pea,8
6/14/2009 20:05,2009,6,14,20,-114.822,51.8,AB,pea,8
6/14/2009 20:45,2009,6,14,20,-107.35,52.717,SK,pea,8
6/14/2009 21:00,2009,6,14,21,-117.617,57.501,AB,golf ball,43
6/15/2009 23:40,2009,6,15,23,-113.95,52.033,AB,dime,18
6/16/2009 20:05,2009,6,16,20,-107.783,54.283,SK,pea,8
6/17/2009 5:45,2009,6,17,5,-109.283,53.1,SK,nickel,21
6/17/2009 19:00,2009,6,17,19,-106.083,53.917,SK,nickel,21
6/17/2009 20:50,2009,6,17,20,-104.617,50.45,SK,nickel,21
6/20/2009 20:45,2009,6,20,20,-117.467,57.233,AB,pea,8
6/25/2009 19:15,2009,6,25,19,-114.1,51.567,AB,shot,8
6/25/2009 20:35,2009,6,25,20,-111.586,54.21,AB,pea,8
6/25/2009 23:10,2009,6,25,23,-110.708,52.349,AB,tennis,67
6/25/2009 23:30,2009,6,25,23,-109.167,54.033,SK,dime,18
6/26/2009 0:15,2009,6,26,0,-107.667,53.383,SK,loonie,26.5
6/26/2009 0:30,2009,6,26,0,-104.333,52.867,SK,smaller than golf ball,35
6/27/2009 18:20,2009,6,27,18,-100.596,50.181,MB,nickel,21
6/28/2009 1:40,2009,6,28,1,-97.562,49.008,MB,pea,8
6/28/2009 22:30,2009,6,28,22,-110.333,53.533,AB,larger than pea,12
6/28/2009 22:40,2009,6,28,22,-110.333,53.533,AB,loonie,26.5
6/28/2009 23:20,2009,6,28,23,-108.933,53.017,SK,nickel,21
6/28/2009 23:40,2009,6,28,23,-108.6,52.933,SK,pea,8
6/29/2009 0:35,2009,6,29,0,-108.283,52.783,SK,golf ball,43
6/29/2009 22:40,2009,6,29,22,-105.595,49.168,SK,dime,18
6/29/2009 23:25,2009,6,29,23,-113.859,52.267,AB,pea,8
6/29/2009 23:32,2009,6,29,23,-113.8,52.276,AB,quarter,24
6/29/2009 23:35,2009,6,29,23,-113.8,52.267,AB,pea,8
6/29/2009 23:40,2009,6,29,23,-105.167,49.01,SK,quarter,24
6/30/2009 0:20,2009,6,30,0,-114.367,52.85,AB,nickel,21
6/30/2009 0:30,2009,6,30,0,-114.083,52.8,AB,golf ball,43
6/30/2009 0:45,2009,6,30,0,-114.2,52.833,AB,pea,8
6/30/2009 1:00,2009,6,30,1,-113.7184,52.817,AB,toonie,28
6/30/2009 14:50,2009,6,30,14,-106.233,52.817,SK,golf ball,43
6/30/2009 21:30,2009,6,30,21,-107.85,52.6,SK,marble,16
6/30/2009 22:00,2009,6,30,22,-107.9,52.55,SK,golf ball,43
7/1/2009 0:27,2009,7,1,0,-106.55,52.367,SK,nickel,21
7/1/2009 0:50,2009,7,1,0,-106.445,52.117,SK,pea,8
7/1/2009 0:50,2009,7,1,0,-114.335,51.266,AB,walnut,35
7/1/2009 1:00,2009,7,1,1,-114.6,51.383,AB,estimated 12mm,12
7/1/2009 1:10,2009,7,1,1,-106.383,52,SK,pea,8
7/1/2009 1:10,2009,7,1,1,-106.487,52.405,SK,nickel,21
7/1/2009 1:10,2009,7,1,1,-114.033,51.433,AB,pea,8
7/1/2009 1:30,2009,7,1,1,-113.533,51.383,AB,quarter,24
7/1/2009 1:35,2009,7,1,1,-106.067,51.983,SK,marble,16
7/1/2009 1:40,2009,7,1,1,-106.233,51.95,SK,pea,8
7/1/2009 23:38,2009,7,1,23,-114.412,50.883,AB,pea,8
7/2/2009 1:00,2009,7,2,1,-113.723,50.109,AB,pea,8
7/3/2009 21:15,2009,7,3,21,-108.383,49.2,SK,golf ball,43
7/3/2009 22:05,2009,7,3,22,-106.383,49.367,SK,marble,16
7/3/2009 23:40,2009,7,3,23,-108.567,49.2,SK,marble,16
7/4/2009 19:50,2009,7,4,19,-100.049,51.06,MB,marble,16
7/4/2009 21:10,2009,7,4,21,-114.65,53.633,AB,pea,8
7/4/2009 21:15,2009,7,4,21,-114.226,51.05,AB,pea,8
7/4/2009 21:18,2009,7,4,21,-114.633,53.583,AB,marble,16
7/4/2009 21:40,2009,7,4,21,-114.467,53.55,AB,walnut,35
7/4/2009 21:43,2009,7,4,21,-114.567,51.481,AB,pea,8
7/4/2009 22:15,2009,7,4,22,-114.183,51.05,AB,pea,8
7/4/2009 23:05,2009,7,4,23,-114.033,51.433,AB,pea,8
7/4/2009 23:14,2009,7,4,23,-113.5,49.867,AB,golf ball,43
7/4/2009 23:40,2009,7,4,23,-115.033,52.45,AB,larger than pea,12
7/4/2009 23:45,2009,7,4,23,-99.492,50.773,MB,pea,8
7/5/2009 0:00,2009,7,5,0,-113.117,49.8,AB,estimated 19mm,19
7/5/2009 0:15,2009,7,5,0,-113.583,52.7,AB,pea,8
7/5/2009 3:10,2009,7,5,3,-111.1,49.483,AB,pea,8
7/5/2009 23:10,2009,7,5,23,-113.682,50.097,AB,golf ball,43
7/5/2009 23:40,2009,7,5,23,-113.583,50.033,AB,pea,8
7/5/2009 23:55,2009,7,5,23,-113.457,50.06,AB,nickel,21
7/6/2009 2:25,2009,7,6,2,-113.633,50.158,AB,pea,8
7/6/2009 22:20,2009,7,6,22,-112.058,49.462,AB,non-severe,8
7/6/2009 23:05,2009,7,6,23,-111.417,49.527,AB,walnut,35
7/6/2009 23:10,2009,7,6,23,-111.883,50.583,AB,pea,8
7/7/2009 0:10,2009,7,7,0,-110.9,49.867,AB,pea,8
7/7/2009 20:40,2009,7,7,20,-114.1,51.783,AB,pea,8
7/7/2009 23:00,2009,7,7,23,-108.791,52.617,SK,dime,18
7/7/2009 23:15,2009,7,7,23,-109.15,52.75,SK,quarter,24
7/7/2009 23:30,2009,7,7,23,-111.218,52.917,AB,pea,8
7/8/2009 0:15,2009,7,8,0,-106.583,51.117,SK,quarter,24
7/8/2009 0:25,2009,7,8,0,-111,52.883,AB,pea,8
7/8/2009 0:50,2009,7,8,0,-110.926,52.817,AB,walnut,35
7/8/2009 1:15,2009,7,8,1,-106.533,51.067,SK,golf ball,43
7/8/2009 1:30,2009,7,8,1,-106.583,51.117,SK,quarter,24
7/8/2009 14:00,2009,7,8,14,-111.283,53.983,AB,pea,8
7/8/2009 19:00,2009,7,8,19,-112.233,53.053,AB,pea,8
7/8/2009 20:30,2009,7,8,20,-112.033,53.167,AB,pea,8
7/8/2009 23:34,2009,7,8,23,-103,49.001,SK,walnut,35
7/8/2009 23:55,2009,7,8,23,-102.8,49.067,SK,marble,16
7/9/2009 0:23,2009,7,9,0,-102.55,49,SK,quarter,24
7/9/2009 0:35,2009,7,9,0,-102.55,49,SK,smaller than golf ball,35
7/9/2009 19:50,2009,7,9,19,-96.619,50.542,MB,nickel,21
7/9/2009 22:10,2009,7,9,22,-96.665,51.135,MB,estimated 30mm,30
7/11/2009 20:00,2009,7,11,20,-106.525,50.467,SK,nickel,21
7/12/2009 0:22,2009,7,12,0,-103.883,49.4,SK,pea,8
7/13/2009 2:15,2009,7,13,2,-115.683,54.15,AB,estimated 6mm,6
7/13/2009 2:35,2009,7,13,2,-115.367,54.133,AB,pea,8
7/13/2009 2:50,2009,7,13,2,-115.233,54.017,AB,pea,8
7/13/2009 19:25,2009,7,13,19,-111.644,49.059,AB,loonie,26.5
7/13/2009 20:00,2009,7,13,20,-110.467,49.108,AB,pea,8
7/13/2009 21:25,2009,7,13,21,-110.026,51.84,AB,golf ball,43
7/13/2009 21:30,2009,7,13,21,-106.55,50.422,SK,quarter,24
7/13/2009 21:30,2009,7,13,21,-106.617,50.167,SK,golf ball,43
7/13/2009 22:00,2009,7,13,22,-109.367,52.283,SK,marble,16
7/13/2009 22:20,2009,7,13,22,-106.667,50.705,SK,penny,19
7/13/2009 22:55,2009,7,13,22,-108.017,52.65,SK,dime,18
7/14/2009 0:10,2009,7,14,0,-106.678,49.163,SK,marble,16
7/14/2009 1:00,2009,7,14,1,-108.75,51.15,SK,pea,8
7/14/2009 1:40,2009,7,14,1,-105.95,49.183,SK,penny,19
7/14/2009 1:45,2009,7,14,1,-106.667,50.611,SK,nickel,21
7/15/2009 0:50,2009,7,15,0,-113.021,50.316,AB,pea,8
7/15/2009 23:00,2009,7,15,23,-113.328,50.582,AB,rice,7
7/15/2009 23:20,2009,7,15,23,-113.25,50.49,AB,dime,18
7/16/2009 21:20,2009,7,16,21,-114.1,51.783,AB,pea,8
7/16/2009 22:30,2009,7,16,22,-112.133,54.7,AB,pea,8
7/16/2009 23:20,2009,7,16,23,-112.024,54.386,AB,pea,8
7/17/2009 1:15,2009,7,17,1,-113.767,51.15,AB,walnut,35
7/17/2009 22:10,2009,7,17,22,-105.25,53.75,SK,marble,16
7/18/2009 0:00,2009,7,18,0,-120.059,55.16,BC,pea,8
7/18/2009 0:35,2009,7,18,0,-116.433,53.619,AB,golf ball,43
7/18/2009 1:11,2009,7,18,1,-115.85,53.617,AB,golf ball,43
7/18/2009 21:50,2009,7,18,21,-116.8,54.4,AB,pea,8
7/18/2009 23:50,2009,7,18,23,-115.417,53.283,AB,pea,8
7/19/2009 0:30,2009,7,19,0,-114.898,53.166,AB,golf ball,43
7/19/2009 0:30,2009,7,19,0,-119.617,55.05,AB,pea,8
7/19/2009 1:00,2009,7,19,1,-114.632,53.192,AB,pea,8
7/17/2009 1:00,2009,7,17,1,-119.275,55.405,AB,quarter,24
7/19/2009 1:15,2009,7,19,1,-114.467,53.117,AB,golf ball,43
7/19/2009 1:20,2009,7,19,1,-114.317,53.183,AB,hen egg,50
7/19/2009 1:35,2009,7,19,1,-109.019,54.019,SK,nickel,21
7/19/2009 1:50,2009,7,19,1,-114.167,53.267,AB,loonie,26.5
7/19/2009 1:55,2009,7,19,1,-115.461,53.756,AB,dime,18
7/19/2009 2:45,2009,7,19,2,-113.533,53.333,AB,estimated half inch,13
7/19/2009 3:00,2009,7,19,3,-115.317,53.1,AB,marble,16
7/19/2009 3:10,2009,7,19,3,-114.467,53.55,AB,larger than pea,12
7/19/2009 3:10,2009,7,19,3,-114.606,53.45,AB,marble,16
7/19/2009 4:40,2009,7,19,4,-113.467,53.55,AB,toonie,28
7/19/2009 19:40,2009,7,19,19,-114.467,51.683,AB,pea,8
7/19/2009 20:08,2009,7,19,20,-114.6,51.5,AB,nickel,21
7/19/2009 20:20,2009,7,19,20,-114.569,51.481,AB,nickel,21
7/19/2009 21:35,2009,7,19,21,-113.255,51.05,AB,dime,18
7/19/2009 21:45,2009,7,19,21,-113.817,51.033,AB,quarter,24
7/19/2009 21:50,2009,7,19,21,-113.817,51.033,AB,pea,8
7/19/2009 22:45,2009,7,19,22,-113.15,50.733,AB,pea,8
7/19/2009 23:15,2009,7,19,23,-112.883,50.567,AB,quarter,24
7/20/2009 0:20,2009,7,20,0,-113.492,50.52,AB,pea,8
7/20/2009 0:43,2009,7,20,0,-101.137,51.58,MB,dime,18
7/20/2009 1:10,2009,7,20,1,-113.15,50.233,AB,pea,8
7/20/2009 1:16,2009,7,20,1,-101.479,50.935,MB,dime,18
7/20/2009 1:43,2009,7,20,1,-101.284,50.781,MB,golf ball,43
7/23/2009 23:12,2009,7,23,23,-96.665,51.135,MB,quarter,24
7/24/2009 1:25,2009,7,24,1,-98.004,49.932,MB,toonie,28
7/24/2009 2:22,2009,7,24,2,-97.182,49.774,MB,nickel,21
7/24/2009 5:00,2009,7,24,5,-114.171,49.483,AB,pea,8
7/24/2009 6:00,2009,7,24,6,-114.048,49.42,AB,larger than pea,12
7/26/2009 21:00,2009,7,26,21,-114.171,49.483,AB,no hail,0
7/26/2009 23:25,2009,7,26,23,-105.154,53.306,SK,dime,18
7/27/2009 0:00,2009,7,27,0,-104.8,52.9,SK,dime,18
7/27/2009 20:20,2009,7,27,20,-96.046,49.677,MB,dime,18
7/27/2009 21:30,2009,7,27,21,-97.94,49.366,MB,dime,18
8/1/2009 20:25,2009,8,1,20,-116.8,54.4,AB,estimated half inch,13
8/1/2009 22:05,2009,8,1,22,-115.025,54.014,AB,golf ball,43
8/1/2009 23:00,2009,8,1,23,-114.467,53.467,AB,loonie,26.5
8/2/2009 0:13,2009,8,2,0,-113.733,52.467,AB,golf ball,43
8/2/2009 2:00,2009,8,2,2,-113.05,50.897,AB,quarter,24
8/3/2009 1:15,2009,8,3,1,-108.25,51.5,SK,dime,18
8/3/2009 4:00,2009,8,3,4,-117.083,53.167,AB,loonie,26.5
8/3/2009 6:34,2009,8,3,6,-114.75,52.083,AB,penny,19
8/3/2009 7:00,2009,8,3,7,-114.75,52.083,AB,golf ball,43
8/3/2009 7:07,2009,8,3,7,-114.633,51.8,AB,grape,16
8/3/2009 7:40,2009,8,3,7,-114.033,51.345,AB,loonie,26.5
8/3/2009 7:42,2009,8,3,7,-114.033,51.3,AB,quarter,24
8/5/2009 17:26,2009,8,5,17,-95.811,50.412,MB,unknown,
8/9/2009 21:20,2009,8,9,21,-114.483,51.55,AB,pea,8
8/9/2009 22:27,2009,8,9,22,-114.875,51.437,AB,pea,8
8/9/2009 22:33,2009,8,9,22,-114.283,51.433,AB,smaller than dime,15
8/9/2009 23:05,2009,8,9,23,-111.95,49,AB,pea,8
8/9/2009 23:24,2009,8,9,23,-114.033,51.3,AB,quarter,24
8/9/2009 23:50,2009,8,9,23,-113.7,51.217,AB,pea,8
8/11/2009 18:40,2009,8,11,18,-116,53.883,AB,pea,8
8/11/2009 22:10,2009,8,11,22,-106.783,52.917,SK,dime,18
8/11/2009 22:35,2009,8,11,22,-114.584,53.461,AB,pea,8
8/11/2009 23:00,2009,8,11,23,-114.393,53.467,AB,pea,8
8/12/2009 0:35,2009,8,12,0,-114.707,52.632,AB,grape,16
8/12/2009 0:45,2009,8,12,0,-114.467,52.55,AB,loonie,26.5
8/12/2009 1:20,2009,8,12,1,-110.15,51.917,AB,pea,8
8/12/2009 1:40,2009,8,12,1,-113.95,52.467,AB,ice cube,29
8/12/2009 1:59,2009,8,12,1,-113.733,52.467,AB,nickel,21
8/12/2009 2:00,2009,8,12,2,-109.483,51.633,SK,nickel,21
8/12/2009 2:15,2009,8,12,2,-109.25,51.717,SK,marble,16
8/12/2009 2:30,2009,8,12,2,-109.25,51.717,SK,quarter,24
8/12/2009 2:45,2009,8,12,2,-108.483,51.717,SK,nickel,21
8/12/2009 3:05,2009,8,12,3,-113.033,52.344,AB,loonie,26.5
8/12/2009 3:15,2009,8,12,3,-108.35,51.633,SK,toonie,28
8/12/2009 3:42,2009,8,12,3,-107.75,51.617,SK,nickel,21
8/12/2009 22:45,2009,8,12,22,-113.633,52.583,AB,pea,8
8/12/2009 23:50,2009,8,12,23,-99.663,49.093,MB,marble,16
8/13/2009 13:43,2009,8,13,13,-105.117,52.2,SK,pea,8
8/13/2009 15:30,2009,8,13,15,-96.949,49.172,MB,estimated 19mm,19
8/13/2009 15:58,2009,8,13,15,-97.012,49.066,MB,marble,16
8/14/2009 8:00,2009,8,14,8,-97.264,49.693,MB,larger than golf ball,50
8/14/2009 8:05,2009,8,14,8,-97.264,49.693,MB,baseball,74
8/14/2009 8:15,2009,8,14,8,-97.297,49.693,MB,tennis,67
8/14/2009 8:25,2009,8,14,8,-97.146,49.884,MB,walnut,35
8/14/2009 8:30,2009,8,14,8,-95.553,49.853,MB,pea,8
8/14/2009 8:45,2009,8,14,8,-97.146,49.884,MB,ping pong,40
8/14/2009 8:56,2009,8,14,8,-97.146,49.884,MB,walnut,35
8/14/2009 8:58,2009,8,14,8,-97.146,49.884,MB,measured 32mm,32
8/14/2009 9:10,2009,8,14,9,-98.244,49.447,MB,quarter,24
8/14/2009 9:15,2009,8,14,9,-99.952,49.847,MB,golf ball,43
8/14/2009 10:30,2009,8,14,10,-96.751,49.526,MB,quarter,24
8/14/2009 10:30,2009,8,14,10,-96.684,49.526,MB,golf ball,43
8/14/2009 10:30,2009,8,14,10,-96.601,49.526,MB,loonie,26.5
8/18/2009 20:15,2009,8,18,20,-114.167,52.117,AB,pea,8
8/18/2009 20:30,2009,8,18,20,-113.95,52.033,AB,pea,8
8/18/2009 21:30,2009,8,18,21,-113.467,53.55,AB,dime,18
8/19/2009 0:28,2009,8,19,0,-106.716,49.988,SK,quarter,24
8/19/2009 20:38,2009,8,19,20,-97.565,49.599,MB,loonie,26.5
8/21/2009 22:50,2009,8,21,22,-114.983,53.217,AB,quarter,24
8/21/2009 23:00,2009,8,21,23,-114.983,53.217,AB,quarter,24
8/21/2009 23:20,2009,8,21,23,-114.632,53.192,AB,larger than plum,50
8/21/2009 23:40,2009,8,21,23,-114.483,53.183,AB,loonie,26.5
8/22/2009 2:05,2009,8,22,2,-114.917,52.367,AB,marble,16
8/22/2009 3:40,2009,8,22,3,-114,52.051,AB,quarter,24
8/22/2009 3:55,2009,8,22,3,-113.883,52.216,AB,smaller than dime,15
8/22/2009 4:05,2009,8,22,4,-113.867,52.133,AB,nickel,21
8/22/2009 4:15,2009,8,22,4,-113.8,52.267,AB,quarter,24
8/22/2009 7:15,2009,8,22,7,-112.365,52.732,AB,hen egg,50
8/22/2009 9:18,2009,8,22,9,-110.85,53.367,AB,dime,18
8/22/2009 16:15,2009,8,22,16,-104.05,52.85,SK,pea,8
8/23/2009 2:15,2009,8,23,2,-115.683,54.15,AB,pea,8
8/23/2009 3:00,2009,8,23,3,-115.367,54.133,AB,marble,16
8/24/2009 0:40,2009,8,24,0,-108.403,52.2,SK,estimated 6mm,6
8/27/2009 1:50,2009,8,27,1,-113.633,53.633,AB,pea,8
8/27/2009 1:55,2009,8,27,1,-113.65,53.8,AB,toonie,28
8/29/2009 2:50,2009,8,29,2,-98.635,51.769,MB,quarter,24
9/3/2009 22:45,2009,9,3,22,-115.283,52.417,AB,small,5
9/4/2009 13:20,2009,9,4,13,-111.967,54.767,AB,estimated 10mm,10
9/7/2009 0:40,2009,9,7,0,-115.567,52.967,AB,pea,8
9/7/2009 21:30,2009,9,7,21,-111.167,53.333,AB,penny,19
9/11/2009 1:00,2009,9,11,1,-98.359,49.183,MB,loonie,26.5
9/11/2009 1:28,2009,9,11,1,-98.674,49.24,MB,quarter,24
9/11/2009 1:50,2009,9,11,1,-97.761,49.155,MB,pea,8
9/11/2009 4:00,2009,9,11,4,-96.949,49.317,MB,small,5
9/15/2009 10:10,2009,9,15,10,-105.77,53.24,SK,nickel,21
9/18/2009 0:00,2009,9,18,0,-110.267,49.878,AB,penny,19
9/26/2009 22:45,2009,9,26,22,-113.78,52.43,AB,nickel,21
9/26/2009 23:05,2009,9,26,23,-113.95,52.03,AB,golf ball,43
4/13/2010 15:10,2010,4,13,15,-103.85,49.67,SK,marble,16
4/13/2010 16:44,2010,4,13,16,-104.62,50.45,SK,dime,18
5/3/2010 23:37,2010,5,3,23,-108.1,49.95,SK,loonie,26.5
5/20/2010 22:20,2010,5,20,22,-106.633,52.117,SK,large,25
5/28/2010 14:25,2010,5,28,14,-96.684,49.526,MB,marble,16
5/28/2010 17:40,2010,5,28,17,-97.94,49.366,MB,nickel,21
5/28/2010 18:25,2010,5,28,18,-97.559,49.105,MB,nickel,21
5/28/2010 18:45,2010,5,28,18,-96.511,49.284,MB,quarter,24
5/28/2010 19:00,2010,5,28,19,-96.267,49.104,MB,dime,18
5/29/2010 15:55,2010,5,29,15,-100.628,49.766,MB,golf ball,43
5/29/2010 22:43,2010,5,29,22,-97.044,49.983,MB,dime,18
5/31/2010 18:50,2010,5,31,18,-97.052,49.497,MB,dime,18
5/31/2010 19:03,2010,5,31,19,-96.684,49.526,MB,smaller than dime,15
5/31/2010 19:55,2010,5,31,19,-95.881,50.149,MB,measured 12mm,12
6/1/2010 20:20,2010,6,1,20,-112.8,49.033,AB,pea,8
6/2/2010 1:20,2010,6,2,1,-113.682,50.097,AB,penny,19
6/2/2010 22:10,2010,6,2,22,-100.648,52.035,MB,marble,16
6/3/2010 20:05,2010,6,3,20,-105.567,50.333,SK,penny,19
6/3/2010 21:45,2010,6,3,21,-108.933,53.017,SK,nickel,21
6/3/2010 22:40,2010,6,3,22,-108,52.067,SK,nickel,21
6/3/2010 22:55,2010,6,3,22,-109.017,52.75,SK,dime,18
6/3/2010 23:55,2010,6,3,23,-106.433,51.633,SK,dime,18
6/4/2010 1:22,2010,6,4,1,-105.433,51.35,SK,nickel,21
6/5/2010 18:15,2010,6,5,18,-108.36,50.286,SK,shot,8
6/5/2010 18:55,2010,6,5,18,-100.737,49.255,MB,marble,16
6/5/2010 19:35,2010,6,5,19,-100.416,49.14,MB,dime,18
6/7/2010 19:00,2010,6,7,19,-103.867,51.75,SK,estimated 10mm,10
6/7/2010 21:00,2010,6,7,21,-96.665,51.135,MB,pea,8
6/7/2010 23:26,2010,6,7,23,-105.733,49.2,SK,pea,8
6/8/2010 20:00,2010,6,8,20,-97.574,49.528,MB,quarter,24
6/8/2010 20:10,2010,6,8,20,-98.949,49.146,MB,nickel,21
6/8/2010 20:35,2010,6,8,20,-98.486,49.001,MB,nickel,21
6/8/2010 22:00,2010,6,8,22,-97.574,49.593,MB,penny,19
6/8/2010 22:00,2010,6,8,22,-97.361,50.398,MB,nickel,21
6/8/2010 22:43,2010,6,8,22,-97.94,49.366,MB,loonie,26.5
6/8/2010 23:00,2010,6,8,23,-117.583,53.4,AB,dime,18
6/8/2010 23:55,2010,6,8,23,-97.552,49.883,MB,marble,16
6/9/2010 1:22,2010,6,9,1,-97.758,49.903,MB,dime,18
6/9/2010 2:28,2010,6,9,2,-114.483,51.55,AB,toonie,28
6/13/2010 23:12,2010,6,13,23,-115.843,53.582,AB,grape,16
6/15/2010 2:40,2010,6,15,2,-112.083,49.15,AB,estimated 6mm,6
6/17/2010 6:00,2010,6,17,6,-102.467,49.233,SK,marble,16
6/17/2010 20:50,2010,6,17,20,-99.477,49.095,MB,dime,18
6/19/2010 20:20,2010,6,19,20,-106.017,53.017,SK,pea,8
6/20/2010 21:46,2010,6,20,21,-106.967,50.117,SK,nickel,21
6/20/2010 22:00,2010,6,20,22,-106.967,50.117,SK,quarter,24
6/21/2010 2:25,2010,6,21,2,-101.8,49.167,SK,loonie,26.5
6/21/2010 17:30,2010,6,21,17,-105.4,49.69,SK,quarter,24
6/21/2010 18:30,2010,6,21,18,-109.517,49.758,SK,penny,19
6/21/2010 20:36,2010,6,21,20,-115.27,52.366,AB,pea,8
6/21/2010 21:00,2010,6,21,21,-106.158,50.508,SK,quarter,24
6/21/2010 21:35,2010,6,21,21,-104.617,50.45,SK,golf ball,43
6/21/2010 22:00,2010,6,21,22,-113.517,53.567,AB,unknown,
6/21/2010 22:30,2010,6,21,22,-107.252,49.886,SK,nickel,21
6/21/2010 22:50,2010,6,21,22,-106.883,50.467,SK,quarter,24
6/21/2010 23:00,2010,6,21,23,-113.774,54.699,AB,pea,8
6/21/2010 23:28,2010,6,21,23,-106.55,49.883,SK,quarter,24
6/22/2010 0:30,2010,6,22,0,-105.967,49.933,SK,marble,16
6/22/2010 20:25,2010,6,22,20,-97.639,49.875,MB,marble,16
6/22/2010 20:50,2010,6,22,20,-100.6,50.02,MB,small,5
6/22/2010 21:20,2010,6,22,21,-98.029,50.506,MB,pea,8
6/22/2010 21:25,2010,6,22,21,-98.029,50.506,MB,dime,18
6/22/2010 22:58,2010,6,22,22,-96.957,50.424,MB,nickel,21
6/22/2010 23:10,2010,6,22,23,-97.576,50.142,MB,nickel,21
6/22/2010 23:12,2010,6,22,23,-97.454,50.181,MB,pea,8
6/22/2010 23:18,2010,6,22,23,-97.576,50.142,MB,quarter,24
6/22/2010 23:40,2010,6,22,23,-96.446,50.429,MB,golf ball,43
6/24/2010 20:51,2010,6,24,20,-106.983,51.1,SK,quarter,24
6/24/2010 21:00,2010,6,24,21,-110.9,53.9,AB,pea,8
6/24/2010 21:40,2010,6,24,21,-104.617,50.45,SK,quarter,24
6/24/2010 21:45,2010,6,24,21,-107.133,51.8,SK,nickel,21
6/24/2010 21:47,2010,6,24,21,-104.617,50.45,SK,pea,8
6/24/2010 21:50,2010,6,24,21,-104.617,50.45,SK,marble,16
6/24/2010 22:10,2010,6,24,22,-114.467,53.117,AB,small,5
6/24/2010 22:40,2010,6,24,22,-110.283,53.12,AB,golf ball,43
6/24/2010 23:00,2010,6,24,23,-103.7,49.4,SK,pea,8
6/24/2010 23:15,2010,6,24,23,-106.383,52,SK,marble,16
6/24/2010 23:40,2010,6,24,23,-104.5,50.933,SK,quarter,24
6/25/2010 3:25,2010,6,25,3,-111.75,53.717,AB,marble,16
6/25/2010 3:50,2010,6,25,3,-112.256,53.062,AB,marble,16
6/25/2010 18:00,2010,6,25,18,-106.4,53.217,SK,shot,8
6/25/2010 18:15,2010,6,25,18,-106.4,53.217,SK,pea,8
6/25/2010 20:10,2010,6,25,20,-104.2,49.15,SK,quarter,24
6/25/2010 21:15,2010,6,25,21,-103.25,50.217,SK,pea,8
6/25/2010 21:22,2010,6,25,21,-103.2,50.733,SK,quarter,24
6/25/2010 22:05,2010,6,25,22,-104.467,53.1,SK,marble,16
6/25/2010 22:09,2010,6,25,22,-104.467,53.1,SK,dime,18
6/26/2010 0:00,2010,6,26,0,-103.233,52.067,SK,golf ball,43
6/26/2010 0:00,2010,6,26,0,-103.383,52.133,SK,loonie,26.5
6/26/2010 0:05,2010,6,26,0,-104.05,52.832,SK,nickel,21
6/26/2010 1:10,2010,6,26,1,-102.017,49.2,SK,nickel,21
6/26/2010 18:50,2010,6,26,18,-111.117,52,AB,pea,8
6/26/2010 20:15,2010,6,26,20,-101.6,49.383,SK,pea,8
6/26/2010 20:40,2010,6,26,20,-111.167,50.2,AB,pea,8
6/26/2010 20:48,2010,6,26,20,-101.313,49.394,MB,nickel,21
6/26/2010 21:16,2010,6,26,21,-99.371,49.481,MB,golf ball,43
6/26/2010 22:45,2010,6,26,22,-97.864,49.509,MB,quarter,24
6/26/2010 23:17,2010,6,26,23,-103,51.767,SK,pea,8
6/26/2010 23:29,2010,6,26,23,-107.014,52.367,SK,pea,8
6/26/2010 23:40,2010,6,26,23,-97.183,49.566,MB,quarter,24
6/27/2010 0:00,2010,6,27,0,-108.983,49.433,SK,nickel,21
6/28/2010 23:30,2010,6,28,23,-105.967,51.277,SK,quarter,24
6/28/2010 23:41,2010,6,28,23,-105.983,51.267,SK,dime,18
6/29/2010 0:11,2010,6,29,0,-106.067,51.983,SK,nickel,21
6/29/2010 0:45,2010,6,29,0,-107.767,53.133,SK,golf ball,43
6/29/2010 1:50,2010,6,29,1,-105.433,51.133,SK,dime,18
6/29/2010 22:00,2010,6,29,22,-113.433,50.438,AB,estimated 1 inch,25
6/29/2010 22:50,2010,6,29,22,-113.5,49.876,AB,toonie,28
6/29/2010 23:30,2010,6,29,23,-114.578,52.967,AB,smaller than golf ball,35
6/30/2010 0:20,2010,6,30,0,-113.5,49.867,AB,estimated 19mm,19
6/30/2010 0:50,2010,6,30,0,-113.55,53.267,AB,grape,16
6/30/2010 1:00,2010,6,30,1,-113.417,53.35,AB,estimated 25mm,25
6/30/2010 1:00,2010,6,30,1,-114.083,52.288,AB,quarter,24
6/30/2010 1:30,2010,6,30,1,-113.133,53.505,AB,nickel,21
6/30/2010 1:50,2010,6,30,1,-113.8,52.267,AB,walnut,35
6/30/2010 2:06,2010,6,30,2,-109.483,51.633,SK,marble,16
6/30/2010 3:38,2010,6,30,3,-107.033,52.133,SK,button,10
6/30/2010 3:55,2010,6,30,3,-107.075,52.133,SK,ice cube,29
6/30/2010 4:08,2010,6,30,4,-106.78,52.117,SK,quarter,24
6/30/2010 4:35,2010,6,30,4,-106.487,52.117,SK,golf ball,43
6/30/2010 4:40,2010,6,30,4,-106.604,52.117,SK,quarter,24
6/30/2010 5:25,2010,6,30,5,-106.633,52.117,SK,measured 55mm,55
6/30/2010 5:29,2010,6,30,5,-106.633,52.117,SK,strawberry,27
6/30/2010 5:44,2010,6,30,5,-106.633,52.117,SK,golf ball,43
6/30/2010 6:28,2010,6,30,6,-105.117,52.2,SK,golf ball,43
6/30/2010 23:50,2010,6,30,23,-107.783,54.283,SK,grape,16
6/30/2010 23:55,2010,6,30,23,-107.783,54.283,SK,marble,16
7/1/2010 21:00,2010,7,1,21,-103.95,50.783,SK,pea,8
7/1/2010 22:03,2010,7,1,22,-103.55,51.07,SK,larger than marble,18
7/1/2010 22:25,2010,7,1,22,-102.467,51.217,SK,toonie,28
7/1/2010 22:50,2010,7,1,22,-102.467,51.217,SK,golf ball,43
7/2/2010 0:53,2010,7,2,0,-102.167,51.033,SK,pea,8
7/2/2010 1:08,2010,7,2,1,-102.167,51.033,SK,pea,8
7/2/2010 1:20,2010,7,2,1,-107.85,49.933,SK,golf ball,43
7/2/2010 1:30,2010,7,2,1,-107.7,50.017,SK,tennis,67
7/2/2010 1:50,2010,7,2,1,-103.95,50.783,SK,quarter,24
7/2/2010 1:55,2010,7,2,1,-103.85,50.90179,SK,nickel,21
7/2/2010 2:30,2010,7,2,2,-103.55,50.89,SK,estimated 1 inch,25
7/2/2010 2:45,2010,7,2,2,-107.25,50.177,SK,quarter,24
7/2/2010 3:00,2010,7,2,3,-106.967,50.117,SK,golf ball,43
7/2/2010 3:05,2010,7,2,3,-106.967,50.117,SK,marble,16
7/2/2010 3:30,2010,7,2,3,-107.133,50.983,SK,quarter,24
7/2/2010 3:30,2010,7,2,3,-103.083,50.883,SK,pea,8
7/2/2010 18:40,2010,7,2,18,-108.567,49.345,SK,golf ball,43
7/2/2010 19:35,2010,7,2,19,-107.633,49.967,SK,nickel,21
7/2/2010 19:45,2010,7,2,19,-107.247,50.116,SK,golf ball,43
7/2/2010 20:20,2010,7,2,20,-106.55,50.44,SK,quarter,24
7/2/2010 21:13,2010,7,2,21,-106.017,50.733,SK,larger than golf ball,50
7/2/2010 22:22,2010,7,2,22,-105.433,51.133,SK,quarter,24
7/2/2010 22:29,2010,7,2,22,-105.433,51.133,SK,quarter,24
7/2/2010 22:30,2010,7,2,22,-105.467,51.233,SK,penny,19
7/2/2010 22:55,2010,7,2,22,-105,51.3,SK,loonie,26.5
7/3/2010 0:10,2010,7,3,0,-103.867,51.75,SK,nickel,21
7/3/2010 2:12,2010,7,3,2,-103.85,50.9,SK,nickel,21
7/3/2010 2:20,2010,7,3,2,-103.7,51.7,SK,golf ball,43
7/3/2010 3:15,2010,7,3,3,-103.417,50.75,SK,toonie,28
7/3/2010 4:00,2010,7,3,4,-103.017,50.717,SK,loonie,26.5
7/3/2010 4:20,2010,7,3,4,-102.833,50.75,SK,quarter,24
7/3/2010 14:05,2010,7,3,14,-95.975,49.954,MB,nickel,21
7/3/2010 16:10,2010,7,3,16,-95.553,49.988,MB,nickel,21
7/3/2010 23:00,2010,7,3,23,-96.648,49.526,MB,nickel,21
7/3/2010 23:15,2010,7,3,23,-96.684,49.526,MB,softball,97
7/3/2010 23:40,2010,7,3,23,-99.241,50.459,MB,nickel,21
7/4/2010 0:35,2010,7,4,0,-98.641,50.536,MB,loonie,26.5
7/5/2010 19:45,2010,7,5,19,-102.267,53.967,SK,golf ball,43
7/5/2010 21:45,2010,7,5,21,-97.146,49.884,MB,dime,18
7/8/2010 21:02,2010,7,8,21,-108.7,52.417,SK,pea,8
7/8/2010 22:50,2010,7,8,22,-105.133,53.017,SK,small,5
7/8/2010 23:03,2010,7,8,23,-105.033,52.95,SK,small gumball,16
7/9/2010 1:25,2010,7,9,1,-104.3,51.536,SK,marble,16
7/9/2010 21:16,2010,7,9,21,-111.263,54.017,AB,toonie,28
7/9/2010 21:33,2010,7,9,21,-101.288,49.569,MB,pea,8
7/9/2010 23:30,2010,7,9,23,-107.017,53.833,SK,dime,18
7/9/2010 23:47,2010,7,9,23,-109.65,52.233,SK,marble,16
7/10/2010 0:13,2010,7,10,0,-109.5,52.167,SK,marble,16
7/10/2010 0:35,2010,7,10,0,-109.4,52.083,SK,pea,8
7/10/2010 0:44,2010,7,10,0,-114.467,53.117,AB,marble,16
7/10/2010 1:00,2010,7,10,1,-109.633,52.833,SK,pea,8
7/10/2010 1:25,2010,7,10,1,-108.267,52.45,SK,dime,18
7/10/2010 1:30,2010,7,10,1,-108.617,51.95,SK,dime,18
7/10/2010 1:40,2010,7,10,1,-101.633,49.167,SK,dime,18
7/10/2010 1:55,2010,7,10,1,-108.383,51.967,SK,loonie,26.5
7/11/2010 23:55,2010,7,11,23,-114.716,51.851,AB,quarter,24
7/12/2010 0:07,2010,7,12,0,-114.633,51.8,AB,estimated 30mm,30
7/12/2010 2:00,2010,7,12,2,-114.028,51.567,AB,quarter,24
7/12/2010 19:20,2010,7,12,19,-111.833,54.3,AB,small berry,10
7/12/2010 19:32,2010,7,12,19,-114.083,51.05,AB,golf ball,43
7/12/2010 20:32,2010,7,12,20,-110.85,53.309,AB,golf ball,43
7/12/2010 20:35,2010,7,12,20,-110.85,53.367,AB,baseball,74
7/12/2010 22:30,2010,7,12,22,-111.181,52.667,AB,golf ball,43
7/12/2010 22:50,2010,7,12,22,-109.383,51.217,SK,estimated 1 inch,25
7/12/2010 23:38,2010,7,12,23,-105.728,49.517,SK,nickel,21
7/12/2010 23:45,2010,7,12,23,-105.65,49.583,SK,quarter,24
7/13/2010 0:25,2010,7,13,0,-106.104,49.968,SK,nickel,21
7/13/2010 0:40,2010,7,13,0,-105.252,49.583,SK,golf ball,43
7/13/2010 1:40,2010,7,13,1,-109.02,52.941,SK,golf ball,43
7/13/2010 2:32,2010,7,13,2,-104.283,49.45,SK,golf ball,43
7/13/2010 15:30,2010,7,13,15,-102.433,51.633,SK,nickel,21
7/13/2010 19:52,2010,7,13,19,-99.843,50.245,MB,quarter,24
7/13/2010 20:25,2010,7,13,20,-99.469,50.376,MB,pea,8
7/13/2010 20:40,2010,7,13,20,-104.613561,50.45,SK,marble,16
7/13/2010 21:35,2010,7,13,21,-99.532,51.485,MB,small,5
7/14/2010 0:00,2010,7,14,0,-97.321,49.614,MB,pea,8
7/14/2010 5:00,2010,7,14,5,-97.146,49.884,MB,quarter,24
7/14/2010 14:35,2010,7,14,14,-98.036,50.257,MB,pea,8
7/14/2010 18:20,2010,7,14,18,-97.214,50.639,MB,nickel,21
7/14/2010 19:30,2010,7,14,19,-96.989,50.717,MB,marble,16
7/15/2010 19:35,2010,7,15,19,-108.7,53.54,SK,dime,18
7/15/2010 22:25,2010,7,15,22,-114.064,52.935,AB,estimated 25mm,25
7/16/2010 0:10,2010,7,16,0,-112.156,53.957,AB,cherry,27
7/16/2010 14:10,2010,7,16,14,-113.733,53.367,AB,pea,8
7/16/2010 21:45,2010,7,16,21,-111.856,50.755,AB,golf ball,43
7/16/2010 21:47,2010,7,16,21,-111.883,52.217,AB,toonie,28
7/16/2010 22:28,2010,7,16,22,-111.78,50.957,AB,golf ball,43
7/16/2010 23:20,2010,7,16,23,-109.633,52.833,SK,penny,19
7/17/2010 0:00,2010,7,17,0,-109.667,50.767,SK,nickel,21
7/17/2010 0:06,2010,7,17,0,-109.667,50.767,SK,penny,19
7/17/2010 1:57,2010,7,17,1,-115.062,52.278,AB,golf ball,43
7/19/2010 21:49,2010,7,19,21,-113.317,49.467,AB,toonie,28
7/19/2010 23:12,2010,7,19,23,-112.8,49.033,AB,loonie,26.5
7/20/2010 19:25,2010,7,20,19,-103.8,49.15,SK,marble,16
7/20/2010 22:10,2010,7,20,22,-112.333,53.6,AB,pea,8
7/21/2010 23:30,2010,7,21,23,-110.917,54.595,AB,larger than pea,12
7/22/2010 19:55,2010,7,22,19,-108.283,52.783,SK,dime,18
7/22/2010 20:37,2010,7,22,20,-108.6,52.933,SK,nickel,21
7/22/2010 21:10,2010,7,22,21,-110.783,50.083,AB,shot,8
7/22/2010 23:30,2010,7,22,23,-110.867,52.817,AB,marble,16
7/23/2010 0:35,2010,7,23,0,-113.57,49.867,AB,marble,16
7/24/2010 0:50,2010,7,24,0,-99.641,49.806,MB,pea,8
7/25/2010 0:02,2010,7,25,0,-112.156,53.957,AB,pea,8
7/25/2010 18:10,2010,7,25,18,-104.892,53.137,SK,marble,16
7/25/2010 23:48,2010,7,25,23,-104.817,52.317,SK,quarter,24
7/25/2010 23:50,2010,7,25,23,-104.033,53.117,SK,marble,16
7/25/2010 23:55,2010,7,25,23,-104.817,52.259,SK,loonie,26.5
7/25/2010 23:55,2010,7,25,23,-105.133,52.05,SK,golf ball,43
7/26/2010 1:20,2010,7,26,1,-104.733,52,SK,golf ball,43
7/26/2010 1:40,2010,7,26,1,-114.342,51.8,AB,nickel,21
7/26/2010 2:10,2010,7,26,2,-114.133,51.667,AB,toonie,28
7/26/2010 2:40,2010,7,26,2,-104.35,51.767,SK,toonie,28
7/26/2010 3:00,2010,7,26,3,-113.549,51.549,AB,golf ball,43
7/26/2010 18:50,2010,7,26,18,-97.311,51.917,MB,dime,18
7/26/2010 22:30,2010,7,26,22,-111.217,52.387,AB,pea,8
7/26/2010 23:17,2010,7,26,23,-106.35,49.117,SK,golf ball,43
7/26/2010 23:55,2010,7,26,23,-102.597,49.031,SK,marble,16
7/27/2010 0:00,2010,7,27,0,-102.506,49,SK,grape,16
7/27/2010 0:15,2010,7,27,0,-97.926,49.932,MB,loonie,26.5
7/27/2010 0:43,2010,7,27,0,-97.869,49.903,MB,toonie,28
7/27/2010 1:00,2010,7,27,1,-97.758,49.83,MB,golf ball,43
7/27/2010 1:10,2010,7,27,1,-96.884,50.144,MB,quarter,24
7/27/2010 1:13,2010,7,27,1,-97.617,49.772,MB,golf ball,43
7/27/2010 1:25,2010,7,27,1,-97.321,49.774,MB,toonie,28
7/27/2010 1:50,2010,7,27,1,-96.174,50.254,MB,estimated 35mm,35
7/27/2010 1:55,2010,7,27,1,-96.843,49.944,MB,loonie,26.5
7/27/2010 2:01,2010,7,27,2,-96.707,50.078,MB,golf ball,43
7/28/2010 22:15,2010,7,28,22,-117.083,53.167,AB,pea,8
7/29/2010 0:55,2010,7,29,0,-114.233,50.533,AB,quarter,24
7/29/2010 0:57,2010,7,29,0,-114.233,50.533,AB,golf ball,43
7/29/2010 22:00,2010,7,29,22,-107.3,49.717,SK,marble,16
7/29/2010 23:14,2010,7,29,23,-111.117,52,AB,loonie,26.5
7/30/2010 0:54,2010,7,30,0,-115.683,54.15,AB,half golf ball,21
7/30/2010 1:54,2010,7,30,1,-105.867,50.467,SK,dime,18
7/30/2010 18:00,2010,7,30,18,-102.05,52.117,SK,pea,8
7/30/2010 18:40,2010,7,30,18,-103.017,50.717,SK,penny,19
7/30/2010 19:30,2010,7,30,19,-102.483,49.633,SK,dime,18
7/30/2010 20:36,2010,7,30,20,-102.167,49.233,SK,marble,16
7/30/2010 22:18,2010,7,30,22,-103.433,49.883,SK,dime,18
7/30/2010 22:25,2010,7,30,22,-103.651,50.264,SK,estimated 1 inch,25
7/30/2010 23:00,2010,7,30,23,-115.716,52.079,AB,baseball,74
7/30/2010 23:12,2010,7,30,23,-114.67,51.328,AB,golf ball,43
7/30/2010 23:45,2010,7,30,23,-114.467,51.318,AB,estimated 50mm,50
7/31/2010 2:14,2010,7,31,2,-113.983,53.039,AB,quarter,24
7/31/2010 2:21,2010,7,31,2,-113.733,53.367,AB,quarter,24
7/31/2010 12:40,2010,7,31,12,-103.667,50.533,SK,estimated 20mm,20
7/31/2010 15:16,2010,7,31,15,-102.35,50.217,SK,dime,18
7/31/2010 21:11,2010,7,31,21,-105.633,49.383,SK,pea,8
7/31/2010 21:30,2010,7,31,21,-105.633,49.383,SK,larger than dime,21
7/31/2010 21:55,2010,7,31,21,-102.267,49.633,SK,golf ball,43
7/31/2010 22:00,2010,7,31,22,-101.533,49.833,SK,smaller than quarter,23
7/31/2010 22:03,2010,7,31,22,-101.466,49.833,SK,larger than pea,12
7/31/2010 22:09,2010,7,31,22,-102.267,49.633,SK,twice golf ball,86
7/31/2010 22:31,2010,7,31,22,-101.956,49.383,SK,golf ball,43
7/31/2010 22:46,2010,7,31,22,-101.288,49.569,MB,nickel,21
7/31/2010 23:30,2010,7,31,23,-102.283,49.267,SK,golf ball,43
8/1/2010 1:00,2010,8,1,1,-100.053,49,MB,quarter,24
8/1/2010 1:34,2010,8,1,1,-108.1,49.95,SK,golf ball,43
8/1/2010 1:41,2010,8,1,1,-113.117,50.133,AB,shot,8
8/1/2010 18:25,2010,8,1,18,-103.1,50.504,SK,golf ball,43
8/1/2010 20:00,2010,8,1,20,-99.466,50.532,MB,nickel,21
8/1/2010 23:50,2010,8,1,23,-113.021,50.316,AB,pea,8
8/2/2010 19:20,2010,8,2,19,-100.993,50.207,MB,dime,18
8/2/2010 19:52,2010,8,2,19,-100.596,50.181,MB,nickel,21
8/2/2010 21:15,2010,8,2,21,-100.239,50.031,MB,marble,16
8/2/2010 21:17,2010,8,2,21,-100.1256,50.064,MB,quarter,24
8/2/2010 21:35,2010,8,2,21,-113.6,49.133,AB,marble,16
8/2/2010 21:55,2010,8,2,21,-100.477,50.104,MB,quarter,24
8/2/2010 22:10,2010,8,2,22,-99.564,50.048,MB,golf ball,43
8/2/2010 23:00,2010,8,2,23,-112.8,49.033,AB,pea,8
8/3/2010 2:13,2010,8,3,2,-97.864,49.509,MB,quarter,24
8/6/2010 20:40,2010,8,6,20,-111.1,49.483,AB,marble,16
8/6/2010 21:00,2010,8,6,21,-111.883,50.988,AB,pea,8
8/6/2010 22:00,2010,8,6,22,-108.75,50.733,SK,estimated half inch,13
8/6/2010 23:14,2010,8,6,23,-115.367,53.989,AB,quarter,24
8/6/2010 23:20,2010,8,6,23,-108.639,49.6,SK,loonie,26.5
8/7/2010 0:30,2010,8,7,0,-108.284,50.617,SK,dime,18
8/7/2010 1:30,2010,8,7,1,-113.774,54.699,AB,quarter,24
8/7/2010 23:40,2010,8,7,23,-114.433,52.967,AB,estimated 10mm,10
8/8/2010 21:28,2010,8,8,21,-108.474,52.638,SK,marble,16
8/8/2010 21:47,2010,8,8,21,-97.572,51.215,MB,loonie,26.5
8/8/2010 22:05,2010,8,8,22,-105.817,51.05,SK,marble,16
8/8/2010 22:20,2010,8,8,22,-109.6,51.483,SK,quarter,24
8/8/2010 22:50,2010,8,8,22,-115.628,52.365,AB,pea,8
8/8/2010 23:05,2010,8,8,23,-109.167,51.496,SK,marble,16
8/9/2010 0:00,2010,8,9,0,-108.549,51.717,SK,quarter,24
8/9/2010 0:15,2010,8,9,0,-115.133,52.267,AB,pea,8
8/9/2010 0:20,2010,8,9,0,-115.021,52.303,AB,pea,8
8/9/2010 1:30,2010,8,9,1,-114.95,52.083,AB,nickel,21
8/9/2010 1:45,2010,8,9,1,-105.367,53.433,SK,pea,8
8/9/2010 2:00,2010,8,9,2,-102.597,51.135,SK,pea,8
8/9/2010 2:05,2010,8,9,2,-114.896,52.083,AB,dime,18
8/10/2010 0:46,2010,8,10,0,-112.789,52.9,AB,pea,8
8/10/2010 1:22,2010,8,10,1,-112.955,52.767,AB,dime,18
8/10/2010 1:33,2010,8,10,1,-114.083,51.05,AB,pea,8
8/10/2010 3:05,2010,8,10,3,-113.467,53.55,AB,nickel,21
8/10/2010 19:33,2010,8,10,19,-100.055,49.231,MB,pea,8
8/10/2010 22:00,2010,8,10,22,-98.148,50.019,MB,pea,8
8/10/2010 22:00,2010,8,10,22,-111.423,49.148,AB,dime,18
8/10/2010 22:15,2010,8,10,22,-105.133,50.1,SK,loonie,26.5
8/10/2010 22:40,2010,8,10,22,-102.545,49.432,SK,marble,16
8/10/2010 23:40,2010,8,10,23,-104.485,49.963,SK,pea,8
8/10/2010 23:55,2010,8,10,23,-104.1,49.955,SK,marble,16
8/11/2010 0:38,2010,8,11,0,-113.95,49.483,AB,golf ball,43
8/11/2010 1:05,2010,8,11,1,-103.617,49.667,SK,pea,8
8/11/2010 1:50,2010,8,11,1,-109.553,50.165,SK,marble,16
8/11/2010 2:35,2010,8,11,2,-103.267,49.317,SK,marble,16
8/11/2010 2:50,2010,8,11,2,-103.287,49.083,SK,dime,18
8/11/2010 19:15,2010,8,11,19,-112.217,53.867,AB,dime,18
8/11/2010 22:20,2010,8,11,22,-109.999,53.717,SK,quarter,24
8/11/2010 23:25,2010,8,11,23,-106.35,49.117,SK,marble,16
8/11/2010 23:30,2010,8,11,23,-106.367,49,SK,quarter,24
8/11/2010 23:50,2010,8,11,23,-105.95,49.183,SK,marble,16
8/12/2010 1:00,2010,8,12,1,-110.42,49.891,AB,nickel,21
8/12/2010 2:55,2010,8,12,2,-108.783,50.067,SK,quarter,24
8/12/2010 20:15,2010,8,12,20,-104.563,51.532,SK,estimated 19mm,19
8/12/2010 21:35,2010,8,12,21,-110.267,50.109,AB,pea,8
8/12/2010 23:15,2010,8,12,23,-103.233,52.067,SK,quarter,24
8/13/2010 0:10,2010,8,13,0,-101.883,51.233,SK,dime,18
8/13/2010 1:20,2010,8,13,1,-102.283,49.382,SK,quarter,24
8/13/2010 1:59,2010,8,13,1,-101.356,51.23,MB,loonie,26.5
8/13/2010 3:23,2010,8,13,3,-101.624,50.317,SK,quarter,24
8/13/2010 3:30,2010,8,13,3,-103.172,49.269,SK,quarter,24
8/13/2010 3:58,2010,8,13,3,-102.267,49.588,SK,loonie,26.5
8/17/2010 0:34,2010,8,17,0,-113.724,53.8,AB,quarter,24
8/20/2010 3:20,2010,8,20,3,-113.867,52.133,AB,larger than pea,12
8/20/2010 23:00,2010,8,20,23,-98.344,49.536,MB,golf ball,43
8/20/2010 23:25,2010,8,20,23,-98.344,49.551,MB,loonie,26.5
8/21/2010 0:15,2010,8,21,0,-98.333,49.302,MB,nickel,21
8/21/2010 0:40,2010,8,21,0,-97.146,49.884,MB,smaller than quarter,23
8/21/2010 0:50,2010,8,21,0,-97.694,49.465,MB,nickel,21
8/21/2010 1:10,2010,8,21,1,-97.233,49.9,MB,toonie,28
8/21/2010 1:11,2010,8,21,1,-97.146,49.884,MB,quarter,24
8/21/2010 1:52,2010,8,21,1,-96.843,49.944,MB,estimated 10mm,10
8/21/2010 1:55,2010,8,21,1,-96.884,50.252,MB,golf ball,43
8/21/2010 2:10,2010,8,21,2,-97.146,49.884,MB,marble,16
8/22/2010 0:13,2010,8,22,0,-104.3,51.767,SK,quarter,24
8/22/2010 0:35,2010,8,22,0,-104,51.783,SK,quarter,24
8/22/2010 1:10,2010,8,22,1,-115.567,52.967,AB,pea,8
8/22/2010 1:18,2010,8,22,1,-104.768,51.752,SK,pea,8
8/22/2010 2:55,2010,8,22,2,-114.572,53.053,AB,pea,8
8/22/2010 21:25,2010,8,22,21,-114.03,51.567,AB,quarter,24
8/22/2010 21:55,2010,8,22,21,-114.083,51.05,AB,penny,19
8/22/2010 22:10,2010,8,22,22,-114.083,51.05,AB,dime,18
8/22/2010 22:15,2010,8,22,22,-114.083,51.05,AB,toonie,28
8/22/2010 22:20,2010,8,22,22,-113.55,51.65,AB,dime,18
8/22/2010 22:30,2010,8,22,22,-113.5,51.5,AB,pea,8
8/22/2010 22:35,2010,8,22,22,-114.083,51.05,AB,nickel,21
8/22/2010 22:45,2010,8,22,22,-113.633,50.867,AB,loonie,26.5
8/22/2010 23:25,2010,8,22,23,-113.184,51.649,AB,penny,19
8/26/2010 2:17,2010,8,26,2,-116.8,54.4,AB,smaller than baseball,70
8/26/2010 22:40,2010,8,26,22,-114.767,55.283,AB,quarter,24
8/26/2010 23:15,2010,8,26,23,-116.433,53.583,AB,dime,18
8/27/2010 1:10,2010,8,27,1,-113.867,54.25,AB,golf ball,43
8/27/2010 1:18,2010,8,27,1,-112.841,54.253,AB,pigeon egg,30
8/27/2010 2:35,2010,8,27,2,-112.944,54.167,AB,nickel,21
5/10/2011 20:20,2011,5,10,20,-101.226,49.66,MB,pea,8
5/10/2011 20:30,2011,5,10,20,-95.553,49.853,MB,golf ball,43
5/10/2011 21:35,2011,5,10,21,-95.5514,50.301,MB,dime,18
5/19/2011 20:20,2011,5,19,20,-114.133,51.667,AB,shot,8
5/28/2011 18:32,2011,5,28,18,-96.944,50.065,MB,marble,16
5/28/2011 19:15,2011,5,28,19,-100.304,49.833,MB,marble,16
5/28/2011 21:08,2011,5,28,21,-97.66,50.225,MB,quarter,24
5/28/2011 21:25,2011,5,28,21,-97.326,50.134,MB,quarter,24
5/28/2011 21:34,2011,5,28,21,-97.576,50.142,MB,quarter,24
5/31/2011 2:35,2011,5,31,2,-96.684,49.526,MB,marble,16
6/1/2011 22:05,2011,6,1,22,-114.483,51.55,AB,pea,8
6/1/2011 23:20,2011,6,1,23,-114.1,51.783,AB,pea,8
6/2/2011 13:55,2011,6,2,13,-102.267,49.741,SK,dime,18
6/2/2011 14:00,2011,6,2,14,-101.8,49.167,SK,quarter,24
6/2/2011 14:20,2011,6,2,14,-101.8,49.167,SK,quarter,24
6/2/2011 14:30,2011,6,2,14,-98.974,50.799,MB,quarter,24
6/2/2011 14:49,2011,6,2,14,-100.996,49.268,MB,golf ball,43
6/2/2011 14:58,2011,6,2,14,-100.996,49.268,MB,golf ball,43
6/2/2011 15:30,2011,6,2,15,-96.957,50.469,MB,golf ball,43
6/2/2011 15:30,2011,6,2,15,-100.522,49.481,MB,golf ball,43
6/2/2011 16:10,2011,6,2,16,-100.26,49.617,MB,golf ball,43
6/2/2011 16:55,2011,6,2,16,-99.938,49.847,MB,dime,18
6/2/2011 17:20,2011,6,2,17,-99.641,49.815,MB,golf ball,43
6/2/2011 19:00,2011,6,2,19,-97.542,49.913,MB,quarter,24
6/2/2011 19:35,2011,6,2,19,-97.219,50.086,MB,quarter,24
6/2/2011 19:49,2011,6,2,19,-96.994,50.083,MB,marble,16
6/2/2011 20:15,2011,6,2,20,-97.261,50.386,MB,quarter,24
6/2/2011 20:30,2011,6,2,20,-97.375,50.386,MB,walnut,35
6/2/2011 20:35,2011,6,2,20,-96.975,50.491,MB,golf ball,43
6/2/2011 20:37,2011,6,2,20,-96.975,50.437,MB,golf ball,43
6/2/2011 21:34,2011,6,2,21,-108.017,49.717,SK,dime,18
6/6/2011 22:30,2011,6,6,22,-116.077,52.471,AB,pea,8
6/7/2011 15:01,2011,6,7,15,-98.459,49.19,MB,pea,8
6/7/2011 20:06,2011,6,7,20,-99.684,49.595,MB,marble,16
6/7/2011 22:54,2011,6,7,22,-100.996,49.268,MB,pea,8
6/8/2011 1:20,2011,6,8,1,-96.628,49.526,MB,marble,16
6/13/2011 21:55,2011,6,13,21,-98.974,50.799,MB,quarter,24
6/13/2011 22:08,2011,6,13,22,-99.911,50.498,MB,pea,8
6/13/2011 23:26,2011,6,13,23,-97.375,50.386,MB,marble,16
6/16/2011 20:40,2011,6,16,20,-113.217,53.717,AB,pea,8
6/17/2011 1:08,2011,6,17,1,-113.467,53.55,AB,pea,8
6/20/2011 22:55,2011,6,20,22,-114.333,50.883,AB,pea,8
6/23/2011 20:40,2011,6,23,20,-109.817,50.933,SK,dime,18
6/23/2011 21:58,2011,6,23,21,-109.45,51.433,SK,nickel,21
6/23/2011 23:00,2011,6,23,23,-109.117,49.983,SK,nickel,21
6/23/2011 23:23,2011,6,23,23,-109.177,49.766,SK,nickel,21
6/23/2011 23:50,2011,6,23,23,-114.033,53.8,AB,marble,16
6/24/2011 0:30,2011,6,24,0,-109.517,49.3,SK,dime,18
6/24/2011 0:31,2011,6,24,0,-108.726,49.709,SK,toonie,28
6/24/2011 0:45,2011,6,24,0,-111.167,53.333,AB,dime,18
6/24/2011 0:55,2011,6,24,0,-108.417,49.795,SK,golf ball,43
6/24/2011 1:35,2011,6,24,1,-112.05,53.5,AB,dime,18
6/24/2011 2:10,2011,6,24,2,-108.177,49.245,SK,quarter,24
6/25/2011 21:09,2011,6,25,21,-99.523,51.059,MB,nickel,21
6/29/2011 22:49,2011,6,29,22,-113.733,53.367,AB,estimated 20mm,20
6/29/2011 23:04,2011,6,29,23,-113.4367,53.55,AB,marble,16
6/29/2011 23:10,2011,6,29,23,-113.467,53.55,AB,golf ball,43
6/29/2011 23:35,2011,6,29,23,-113.467,53.55,AB,estimated 35mm,35
6/29/2011 23:48,2011,6,29,23,-113.467,53.55,AB,quarter,24
7/3/2011 4:30,2011,7,3,4,-102.817,49.15,SK,quarter,24
7/3/2011 21:00,2011,7,3,21,-105,51.5,SK,quarter,24
7/3/2011 22:00,2011,7,3,22,-111.45,52.083,AB,quarter,24
7/3/2011 22:42,2011,7,3,22,-104.617,50.436,SK,estimated 10mm,10
7/3/2011 22:51,2011,7,3,22,-104.617,50.45,SK,golf ball,43
7/3/2011 23:00,2011,7,3,23,-103.667,50.591,SK,toonie,28
7/3/2011 23:45,2011,7,3,23,-102.45,51.55,SK,quarter,24
7/3/2011 23:50,2011,7,3,23,-103.592,51.167,SK,quarter,24
7/4/2011 0:05,2011,7,4,0,-110.167,54.45,AB,dime,18
7/4/2011 1:00,2011,7,4,1,-114.367,52.35,AB,smaller than golf ball,35
7/4/2011 1:40,2011,7,4,1,-113.8,52.267,AB,toonie,28
7/4/2011 9:30,2011,7,4,9,-101.094,49.562,MB,softball,97
7/4/2011 19:30,2011,7,4,19,-96.99,50.634,MB,quarter,24
7/4/2011 19:38,2011,7,4,19,-98.001,49.499,MB,quarter,24
7/4/2011 19:45,2011,7,4,19,-96.99,50.634,MB,walnut,35
7/4/2011 20:20,2011,7,4,20,-97.503,49.355,MB,estimated 60mm,60
7/4/2011 20:29,2011,7,4,20,-97.146,49.884,MB,nickel,21
7/4/2011 20:30,2011,7,4,20,-97.146,49.884,MB,toonie,28
7/4/2011 20:40,2011,7,4,20,-96.619,50.542,MB,nickel,21
7/4/2011 21:14,2011,7,4,21,-97.167,49.137,MB,quarter,24
7/4/2011 21:44,2011,7,4,21,-97.562,49.008,MB,golf ball,43
7/4/2011 21:52,2011,7,4,21,-97.481,49.054,MB,baseball,74
7/4/2011 22:06,2011,7,4,22,-97.215,49.007,MB,marble,16
7/7/2011 22:00,2011,7,7,22,-114.633,51.8,AB,golf ball,43
7/7/2011 22:15,2011,7,7,22,-114.633,51.7,AB,quarter,24
7/7/2011 23:14,2011,7,7,23,-108.7,52.417,SK,golf ball,43
7/7/2011 23:30,2011,7,7,23,-117.829,53.546,AB,pea,8
7/7/2011 23:45,2011,7,7,23,-108.817,51.8,SK,golf ball,43
7/7/2011 23:52,2011,7,7,23,-114.488,51.8,AB,tennis,67
7/8/2011 2:20,2011,7,8,2,-114.174,51.938,AB,hen egg,50
7/8/2011 2:45,2011,7,8,2,-113.867,52.133,AB,quarter,24
7/9/2011 1:33,2011,7,9,1,-105.133,50.3,SK,quarter,24
7/9/2011 1:40,2011,7,9,1,-105.15,50.4,SK,golf ball,43
7/10/2011 23:04,2011,7,10,23,-96.511,49.284,MB,marble,16
7/10/2011 23:48,2011,7,10,23,-95.201,49.801,MB,dime,18
7/11/2011 0:02,2011,7,11,0,-96.511,49.419,MB,marble,16
7/11/2011 0:24,2011,7,11,0,-95.326,49.686,MB,marble,16
7/11/2011 1:45,2011,7,11,1,-95.978,49.12,MB,nickel,21
7/11/2011 21:10,2011,7,11,21,-113.633,50.809,AB,marble,16
7/13/2011 0:26,2011,7,13,0,-107.433,51.845,SK,golf ball,43
7/13/2011 5:00,2011,7,13,5,-112.817,49.7,AB,golf ball,43
7/13/2011 22:00,2011,7,13,22,-113.3,49.055,AB,golf ball,43
7/13/2011 22:30,2011,7,13,22,-113.3,49.2,AB,smaller than golf ball,35
7/16/2011 8:20,2011,7,16,8,-102.103,49.9,SK,toonie,28
7/18/2011 2:10,2011,7,18,2,-112.133,49.783,AB,estimated 19mm,19
7/18/2011 2:18,2011,7,18,2,-112.055,49.732,AB,golf ball,43
7/18/2011 3:25,2011,7,18,3,-112,50.067,AB,loonie,26.5
7/18/2011 17:50,2011,7,18,17,-113.482,53.1,AB,measured 25mm,25
7/18/2011 20:45,2011,7,18,20,-108.35,53.475,SK,quarter,24
7/18/2011 23:50,2011,7,18,23,-113.497,53.1,AB,golf ball,43
7/19/2011 0:15,2011,7,19,0,-107.017,53.833,SK,golf ball,43
7/19/2011 0:20,2011,7,19,0,-112.962,53.117,AB,golf ball,43
7/19/2011 1:35,2011,7,19,1,-113.8,52.267,AB,quarter,24
7/19/2011 2:07,2011,7,19,2,-106.083,53.917,SK,baseball,74
7/19/2011 2:10,2011,7,19,2,-106.083,53.917,SK,estimated 100mm,100
7/19/2011 2:15,2011,7,19,2,-105.976,53.853,SK,golf ball,43
7/19/2011 3:00,2011,7,19,3,-111.533,53.367,AB,golf ball,43
7/19/2011 3:40,2011,7,19,3,-110.85,53.097,AB,golf ball,43
7/19/2011 22:45,2011,7,19,22,-113.467,50.85,AB,golf ball,43
7/19/2011 23:39,2011,7,19,23,-113.583,50.033,AB,loonie,26.5
7/20/2011 1:18,2011,7,20,1,-100.459,51.653,MB,golf ball,43
7/20/2011 1:55,2011,7,20,1,-114.5,52.633,AB,nickel,21
7/20/2011 6:05,2011,7,20,6,-104.617,50.45,SK,ping pong,40
7/20/2011 20:00,2011,7,20,20,-114.285,52.266,AB,quarter,24
7/20/2011 20:20,2011,7,20,20,-113.951,51.691,AB,nickel,21
7/24/2011 3:00,2011,7,24,3,-105.967,49.933,SK,quarter,24
7/26/2011 2:09,2011,7,26,2,-108.417,49.65,SK,golf ball,43
7/26/2011 2:45,2011,7,26,2,-113.95,49.483,AB,quarter,24
7/26/2011 21:00,2011,7,26,21,-109.283,53.1,SK,quarter,24
7/26/2011 21:17,2011,7,26,21,-105.7,49.933,SK,golf ball,43
7/26/2011 21:55,2011,7,26,21,-108.95,53.383,SK,shot,8
7/26/2011 22:20,2011,7,26,22,-104.217,50.95,SK,toonie,28
7/26/2011 22:50,2011,7,26,22,-105.217,50.717,SK,quarter,24
7/26/2011 23:24,2011,7,26,23,-109.4,52.083,SK,loonie,26.5
7/27/2011 20:41,2011,7,27,20,-114.447,50.883,AB,loonie,26.5
7/27/2011 21:55,2011,7,27,21,-113.583,50.033,AB,loonie,26.5
7/29/2011 21:25,2011,7,29,21,-113.8,52.267,AB,nickel,21
7/29/2011 21:39,2011,7,29,21,-113.8,52.267,AB,measured 32mm,32
7/29/2011 22:00,2011,7,29,22,-113.233,52.2,AB,quarter,24
7/29/2011 22:38,2011,7,29,22,-112.919,51.319,AB,nickel,21
7/29/2011 23:30,2011,7,29,23,-112.406,51.224,AB,nickel,21
7/29/2011 23:52,2011,7,29,23,-104.317,50.117,SK,quarter,24
7/30/2011 0:58,2011,7,30,0,-105.767,53.2,SK,pea,8
7/30/2011 1:00,2011,7,30,1,-103.85,49.667,SK,pea,8
7/30/2011 2:05,2011,7,30,2,-103.933,52.617,SK,quarter,24
7/30/2011 2:29,2011,7,30,2,-104.017,49.733,SK,nickel,21
7/30/2011 2:53,2011,7,30,2,-108.883,50.8,SK,pea,8
8/1/2011 1:54,2011,8,1,1,-114.783,52.95,AB,walnut,35
8/1/2011 3:45,2011,8,1,3,-114.1,52.606,AB,nickel,21
8/1/2011 4:10,2011,8,1,4,-113.613,52.7,AB,toonie,28
8/1/2011 17:21,2011,8,1,17,-101.267,52.106,MB,dime,18
8/1/2011 17:44,2011,8,1,17,-101.039,52.086,MB,quarter,24
8/2/2011 22:04,2011,8,2,22,-108.033,51.2,SK,quarter,24
8/2/2011 23:55,2011,8,2,23,-105.31,49.514,SK,golf ball,43
8/3/2011 0:08,2011,8,3,0,-107.083,51.333,SK,toonie,28
8/3/2011 0:40,2011,8,3,0,-105.267,50.167,SK,walnut,35
8/4/2011 0:25,2011,8,4,0,-99.684,49.595,MB,smaller than golf ball,35
8/4/2011 2:15,2011,8,4,2,-114.083,51.05,AB,loonie,26.5
8/4/2011 2:55,2011,8,4,2,-113.667,50.922,AB,quarter,24
8/6/2011 0:00,2011,8,6,0,-114.083,51.05,AB,quarter,24
8/6/2011 0:10,2011,8,6,0,-114.083,51.05,AB,golf ball,43
8/6/2011 1:23,2011,8,6,1,-110.8,51.417,AB,loonie,26.5
8/6/2011 19:00,2011,8,6,19,-104.603,50.45,SK,golf ball,43
8/6/2011 19:15,2011,8,6,19,-111.167,53.333,AB,pea,8
8/6/2011 22:22,2011,8,6,22,-104.267,50.148,SK,golf ball,43
8/6/2011 22:55,2011,8,6,22,-108.433,54.133,SK,quarter,24
8/6/2011 23:23,2011,8,6,23,-103.85,49.667,SK,pea,8
8/7/2011 0:04,2011,8,7,0,-108.933,53.017,SK,pea,8
8/7/2011 1:06,2011,8,7,1,-108.283,52.783,SK,dime,18
8/7/2011 1:45,2011,8,7,1,-105,50.783,SK,dime,18
8/7/2011 2:05,2011,8,7,2,-114.133,51.649,AB,nickel,21
8/7/2011 21:20,2011,8,7,21,-103.2,50.733,SK,nickel,21
8/8/2011 0:45,2011,8,8,0,-100.792,49.581,MB,quarter,24
8/8/2011 1:50,2011,8,8,1,-100.677,49.735,MB,quarter,24
8/8/2011 22:45,2011,8,8,22,-114.167,49.583,AB,walnut,35
8/9/2011 22:45,2011,8,9,22,-114.95,52.888,AB,estimated half inch,13
8/10/2011 21:05,2011,8,10,21,-107.55,52.067,SK,pea,8
8/11/2011 0:20,2011,8,11,0,-113.33,49.789,AB,marble,16
8/11/2011 0:40,2011,8,11,0,-113.117,49.8,AB,marble,16
8/11/2011 1:40,2011,8,11,1,-113.467,53.55,AB,estimated 15mm,15
8/11/2011 19:42,2011,8,11,19,-108.817,49.517,SK,pea,8
8/11/2011 20:03,2011,8,11,20,-100.488,51.15,MB,dime,18
8/13/2011 14:20,2011,8,13,14,-113.2,55.25,AB,quarter,24
8/14/2011 0:00,2011,8,14,0,-115.317,53.1,AB,penny,19
8/14/2011 4:00,2011,8,14,4,-115.683,54.15,AB,quarter,24
8/14/2011 6:10,2011,8,14,6,-114.4,54.133,AB,pea,8
8/15/2011 0:21,2011,8,15,0,-106.75,50.01,SK,quarter,24
8/15/2011 0:57,2011,8,15,0,-111.925,53.967,AB,loonie,26.5
8/15/2011 1:32,2011,8,15,1,-103.7,51.7,SK,loonie,26.5
8/15/2011 2:45,2011,8,15,2,-111.759,53.423,AB,golf ball,43
8/16/2011 0:15,2011,8,16,0,-109.25,51.717,SK,nickel,21
8/16/2011 0:39,2011,8,16,0,-109.483,51.633,SK,pea,8
8/16/2011 0:44,2011,8,16,0,-108.817,51.8,SK,nickel,21
8/16/2011 0:45,2011,8,16,0,-114.633,51.935,AB,pea,8
8/16/2011 1:00,2011,8,16,1,-114.517,51.8,AB,pea,8
8/16/2011 1:11,2011,8,16,1,-108,52.067,SK,quarter,24
8/16/2011 1:40,2011,8,16,1,-108.072,52.022,SK,golf ball,43
8/16/2011 1:49,2011,8,16,1,-107.5,52.25,SK,quarter,24
8/16/2011 1:50,2011,8,16,1,-108,52.067,SK,loonie,26.5
8/16/2011 2:05,2011,8,16,2,-102.583,50.367,SK,toonie,28
8/16/2011 2:19,2011,8,16,2,-107.217,52.133,SK,toonie,28
8/16/2011 2:25,2011,8,16,2,-106.967,52.367,SK,golf ball,43
8/16/2011 3:10,2011,8,16,3,-106.767,52.333,SK,dime,18
8/16/2011 3:20,2011,8,16,3,-106.633,52.117,SK,golf ball,43
8/16/2011 3:30,2011,8,16,3,-106.633,52.117,SK,quarter,24
8/16/2011 3:49,2011,8,16,3,-106.822,52.117,SK,quarter,24
8/18/2011 22:17,2011,8,18,22,-99.27,50.277,MB,marble,16
8/18/2011 22:45,2011,8,18,22,-98.974,50.799,MB,pea,8
8/18/2011 23:00,2011,8,18,23,-98.18,50.967,MB,pea,8
8/19/2011 0:10,2011,8,19,0,-98.025,50.697,MB,dime,18
8/19/2011 1:08,2011,8,19,1,-97.739,50.156,MB,golf ball,43
8/19/2011 1:20,2011,8,19,1,-97.739,50.156,MB,quarter,24
8/19/2011 1:25,2011,8,19,1,-97.576,50.142,MB,quarter,24
8/19/2011 1:27,2011,8,19,1,-114.452,51.183,AB,loonie,26.5
8/19/2011 1:30,2011,8,19,1,-114.017,51.108,AB,larger than loonie,30
8/19/2011 1:30,2011,8,19,1,-97.739,50.156,MB,quarter,24
8/19/2011 1:40,2011,8,19,1,-114.017,51.108,AB,quarter,24
8/19/2011 2:00,2011,8,19,2,-97.417,49.882,MB,nickel,21
8/19/2011 2:00,2011,8,19,2,-97.146,49.884,MB,nickel,21
8/19/2011 2:15,2011,8,19,2,-97.133,49.883,MB,quarter,24
8/19/2011 2:15,2011,8,19,2,-97.146,49.884,MB,nickel,21
8/19/2011 2:25,2011,8,19,2,-97.111,49.674,MB,dime,18
8/19/2011 3:00,2011,8,19,3,-96.684,49.526,MB,pea,8
8/20/2011 20:15,2011,8,20,20,-97.55,51.083,MB,quarter,24
8/23/2011 21:05,2011,8,23,21,-100.18,51.769,MB,smaller than tennis ball,60
8/23/2011 21:05,2011,8,23,21,-100.296,51.799,MB,golf ball,43
8/23/2011 22:55,2011,8,23,22,-98.687,51.719,MB,nickel,21
8/28/2011 1:05,2011,8,28,1,-105.983,49.633,SK,quarter,24
8/28/2011 2:06,2011,8,28,2,-105.95,49.183,SK,quarter,24
8/28/2011 13:00,2011,8,28,13,-99.523,51.059,MB,nickel,21
8/28/2011 15:10,2011,8,28,15,-98.882,50.226,MB,quarter,24
8/31/2011 2:40,2011,8,31,2,-107.727,50.883,SK,quarter,24
8/31/2011 2:55,2011,8,31,2,-107.383,50.883,SK,quarter,24
9/1/2011 2:00,2011,9,1,2,-104.077,49.8,SK,quarter,24
9/1/2011 2:04,2011,9,1,2,-104.017,49.787,SK,toonie,28
9/1/2011 2:30,2011,9,1,2,-103.583,49.95,SK,nickel,21
9/1/2011 3:10,2011,9,1,3,-103.572,49.95,SK,nickel,21
5/19/2012 23:20,2012,5,19,23,-96.516,50.062,MB,marble,16
5/19/2012 1:25,2012,5,19,1,-97.233,49.917,MB,pea,8
5/19/2012 1:31,2012,5,19,1,-97.233,49.917,MB,quarter,24
5/19/2012 1:42,2012,5,19,1,-97.233,49.917,MB,quarter,24
5/22/2012 21:40,2012,5,22,21,-104.083,49.133,SK,pea,8
5/22/2012 22:35,2012,5,22,22,-114.083,51.05,AB,quarter,24
5/22/2012 22:35,2012,5,22,22,-110.8,51.417,AB,quarter,24
5/22/2012 23:00,2012,5,22,23,-103,49.083,SK,pea,8
5/22/2012 23:10,2012,5,22,23,-103.434,49.15,SK,marble,16
5/22/2012 23:40,2012,5,22,23,-109.312,51.261,SK,pea,8
5/23/2012 4:10,2012,5,23,4,-98.292,49.973,MB,quarter,24
6/2/2012 1:50,2012,6,2,1,-113.15,50.706,AB,nickel,21
6/3/2012 21:10,2012,6,3,21,-97.377,49.774,MB,nickel,21
6/3/2012 22:29,2012,6,3,22,-97.365,49.625,MB,quarter,24
6/3/2012 23:35,2012,6,3,23,-96.996,51.025,MB,golf ball,43
6/4/2012 1:55,2012,6,4,1,-96.567,50.601,MB,golf ball,43
6/4/2012 2:55,2012,6,4,2,-96.446,50.429,MB,pea,8
6/5/2012 5:30,2012,6,5,5,-108.817,49.517,SK,dime,18
6/6/2012 1:35,2012,6,6,1,-112.383,49.417,AB,nickel,21
6/6/2012 2:32,2012,6,6,2,-112.133,49.711,AB,golf ball,43
6/6/2012 3:44,2012,6,6,3,-112.117,50.076,AB,quarter,24
6/6/2012 5:37,2012,6,6,5,-114.033,51.3,AB,quarter,24
6/8/2012 22:45,2012,6,8,22,-107.917,49.133,SK,estimated 1 inch,25
6/8/2012 23:45,2012,6,8,23,-112.867,50.833,AB,nickel,21
6/9/2012 20:20,2012,6,9,20,-112.245,52.602,AB,quarter,24
6/10/2012 1:50,2012,6,10,1,-97.347,49.061,MB,quarter,24
6/10/2012 1:55,2012,6,10,1,-97.559,49.105,MB,walnut,35
6/10/2012 1:55,2012,6,10,1,-97.344,49.136,MB,toonie,28
6/10/2012 2:19,2012,6,10,2,-97.208,49.137,MB,toonie,28
6/10/2012 2:20,2012,6,10,2,-97.279,49.136,MB,loonie,26.5
6/10/2012 2:48,2012,6,10,2,-97.146,49.884,MB,toonie,28
6/10/2012 2:50,2012,6,10,2,-97.146,49.884,MB,golf ball,43
6/10/2012 3:00,2012,6,10,3,-97.146,49.884,MB,estimated 60mm,60
6/10/2012 3:31,2012,6,10,3,-96.969,50.304,MB,golf ball,43
6/11/2012 0:30,2012,6,11,0,-103,49.083,SK,marble,16
6/12/2012 21:45,2012,6,12,21,-105.786,52.618,SK,dime,18
6/13/2012 20:35,2012,6,13,20,-112.7,51.467,AB,nickel,21
6/14/2012 0:23,2012,6,14,0,-103,49.083,SK,quarter,24
6/14/2012 19:10,2012,6,14,19,-96.603,50.516,MB,ping pong,40
6/14/2012 19:25,2012,6,14,19,-96.296,49.324,MB,dime,18
6/15/2012 19:18,2012,6,15,19,-109.65,52.233,SK,dime,18
6/15/2012 19:31,2012,6,15,19,-109.4,52.083,SK,quarter,24
6/15/2012 23:01,2012,6,15,23,-106.567,52.317,SK,larger than golf ball,50
6/15/2012 23:30,2012,6,15,23,-106.55,52.367,SK,marble,16
6/15/2012 23:47,2012,6,15,23,-106.283,52.317,SK,marble,16
6/15/2012 0:37,2012,6,15,0,-106.017,52.517,SK,quarter,24
6/17/2012 20:55,2012,6,17,20,-113.283,50.986,AB,dime,18
6/17/2012 21:42,2012,6,17,21,-102.267,49.678,SK,pea,8
6/17/2012 22:26,2012,6,17,22,-109.167,51.467,SK,quarter,24
6/18/2012 0:40,2012,6,18,0,-114.917,52.367,AB,quarter,24
6/21/2012 19:57,2012,6,21,19,-97.94,49.366,MB,dime,18
6/21/2012 20:55,2012,6,21,20,-97.559,49.105,MB,quarter,24
6/24/2012 19:45,2012,6,24,19,-109.642,50.467,SK,nickel,21
6/24/2012 22:20,2012,6,24,22,-111.667,51.283,AB,loonie,26.5
6/24/2012 22:15,2012,6,24,22,-108.932,51.44,SK,marble,16
6/24/2012 22:40,2012,6,24,22,-108.862,51.47,SK,bottle cap,26
6/25/2012 19:12,2012,6,25,19,-109.791,51.483,SK,nickel,21
6/26/2012 0:02,2012,6,26,0,-111.667,51.211,AB,loonie,26.5
6/26/2012 0:55,2012,6,26,0,-109.911,53.26,SK,marble,16
6/26/2012 1:00,2012,6,26,1,-110.78,51.429,AB,smaller than baseball,70
6/26/2012 1:10,2012,6,26,1,-110.683,51.411,AB,quarter,24
6/26/2012 1:20,2012,6,26,1,-110.767,51.437,AB,softball,97
6/26/2012 2:15,2012,6,26,2,-109.804,51.496,SK,baseball,74
6/26/2012 2:20,2012,6,26,2,-109.827,51.483,SK,measured 50mm,50
6/26/2012 3:20,2012,6,26,3,-109.063,52.119,SK,nickel,21
6/26/2012 3:45,2012,6,26,3,-111.227,50.049,AB,larger than baseball,80
6/26/2012 3:50,2012,6,26,3,-111.533,49.833,AB,tennis,67
6/26/2012 4:00,2012,6,26,4,-108.283,52.783,SK,golf ball,43
6/26/2012 5:30,2012,6,26,5,-105.767,53.2,SK,golf ball,43
6/26/2012 15:28,2012,6,26,15,-109.7,49.301,SK,golf ball,43
6/26/2012 17:19,2012,6,26,17,-108.106,50.299,SK,toonie,28
6/26/2012 18:00,2012,6,26,18,-107.283,50.548,SK,golf ball,43
6/26/2012 22:10,2012,6,26,22,-106.8,50.15,SK,quarter,24
6/26/2012 22:23,2012,6,26,22,-109.476,51.217,SK,quarter,24
6/27/2012 0:15,2012,6,27,0,-106.633,52.117,SK,loonie,26.5
6/27/2012 1:55,2012,6,27,1,-106.633,52.117,SK,nickel,21
6/27/2012 2:50,2012,6,27,2,-103.85,49.667,SK,loonie,26.5
6/29/2012 23:32,2012,6,29,23,-109.7,52.483,SK,marble,16
7/1/2012 18:40,2012,7,1,18,-112.283,54.179,AB,smaller than nickel,18
7/1/2012 19:43,2012,7,1,19,-111.617,54.5,AB,quarter,24
7/1/2012 21:20,2012,7,1,21,-114.133,51.667,AB,grape,16
7/1/2012 23:00,2012,7,1,23,-113.713,51.666,AB,nickel,21
7/1/2012 23:00,2012,7,1,23,-107.047,50.168,SK,quarter,24
7/1/2012 23:10,2012,7,1,23,-113.384,51.651,AB,quarter,24
7/1/2012 23:40,2012,7,1,23,-106.78,49.991,SK,dime,18
7/2/2012 0:00,2012,7,2,0,-113.267,51.7,AB,quarter,24
7/2/2012 0:30,2012,7,2,0,-106.967,50.117,SK,toonie,28
7/2/2012 1:00,2012,7,2,1,-112.83,51.558,AB,nickel,21
7/2/2012 1:15,2012,7,2,1,-112.75,51.567,AB,nickel,21
7/2/2012 1:20,2012,7,2,1,-113.583,51.876,AB,ping pong,40
7/2/2012 1:30,2012,7,2,1,-106.267,50.45,SK,quarter,24
7/2/2012 1:50,2012,7,2,1,-106.081,50.45,SK,quarter,24
7/2/2012 2:20,2012,7,2,2,-106.037,50.305,SK,golf ball,43
7/2/2012 3:00,2012,7,2,3,-113.867,50.493,AB,toonie,28
7/2/2012 3:15,2012,7,2,3,-114.033,51.3,AB,quarter,24
7/2/2012 4:00,2012,7,2,4,-106.902,49.433,SK,quarter,24
7/2/2012 18:50,2012,7,2,18,-95.838,49.651,MB,marble,16
7/2/2012 21:55,2012,7,2,21,-114.733,53.55,AB,quarter,24
7/3/2012 19:43,2012,7,3,19,-114.417,51.767,AB,quarter,24
7/3/2012 20:15,2012,7,3,20,-107.165,51.282,SK,quarter,24
7/3/2012 20:45,2012,7,3,20,-113.8,52.267,AB,quarter,24
7/3/2012 20:45,2012,7,3,20,-107.133,51.8,SK,dime,18
7/3/2012 20:50,2012,7,3,20,-106.667,50.467,SK,nickel,21
7/4/2012 1:26,2012,7,4,1,-104.333,53.267,SK,quarter,24
7/4/2012 2:42,2012,7,4,2,-110.733,54.44,AB,toonie,28
7/4/2012 3:10,2012,7,4,3,-110.75,54.133,AB,quarter,24
7/4/2012 16:15,2012,7,4,16,-98.244,49.367,MB,dime,18
7/5/2012 23:39,2012,7,5,23,-114.367,51.1,AB,nickel,21
7/6/2012 0:10,2012,7,6,0,-114.083,51.05,AB,loonie,26.5
7/6/2012 0:20,2012,7,6,0,-114.1,51.783,AB,pea,8
7/6/2012 0:25,2012,7,6,0,-114.083,51.05,AB,walnut,35
7/6/2012 1:50,2012,7,6,1,-113.383,51.05,AB,quarter,24
7/7/2012 0:47,2012,7,7,0,-105.817,51.05,SK,walnut,35
7/7/2012 2:58,2012,7,7,2,-105.603,49.75,SK,nickel,21
7/7/2012 22:50,2012,7,7,22,-111.483,54.483,AB,quarter,24
7/8/2012 0:07,2012,7,8,0,-111.367,54.209,AB,nickel,21
7/8/2012 0:07,2012,7,8,0,-111.367,54.217,AB,quarter,24
7/8/2012 0:31,2012,7,8,0,-96.82,49.678,MB,toonie,28
7/8/2012 0:32,2012,7,8,0,-97.233,49.872,MB,loonie,26.5
7/8/2012 0:55,2012,7,8,0,-96.649,49.67,MB,larger than toonie,32
7/8/2012 0:44,2012,7,8,0,-113.837,49.869,AB,ping pong,40
7/10/2012 2:10,2012,7,10,2,-112.8,54.764,AB,estimated 6mm,6
7/10/2012 19:50,2012,7,10,19,-110.952,56.45,AB,nickel,21
7/10/2012 20:00,2012,7,10,20,-111.033,56.45,AB,toonie,28
7/10/2012 21:09,2012,7,10,21,-113.502,49.86,AB,quarter,24
7/10/2012 22:45,2012,7,10,22,-110.641,51.367,AB,toonie,28
7/10/2012 22:50,2012,7,10,22,-110.625,51.367,AB,toonie,28
7/11/2012 1:05,2012,7,11,1,-109.817,52.117,SK,marble,16
7/11/2012 1:40,2012,7,11,1,-109.687,52.233,SK,nickel,21
7/11/2012 4:40,2012,7,11,4,-108.45,53.033,SK,nickel,21
7/11/2012 18:09,2012,7,11,18,-104.733,49.783,SK,golf ball,43
7/11/2012 18:35,2012,7,11,18,-103.183,51.067,SK,quarter,24
7/11/2012 19:10,2012,7,11,19,-102.568,51.153,SK,loonie,26.5
7/11/2012 20:55,2012,7,11,20,-102.433,51.813,SK,golf ball,43
7/12/2012 8:34,2012,7,12,8,-114.717,53.65,AB,nickel,21
7/12/2012 22:45,2012,7,12,22,-111.057,52.409,AB,baseball,74
7/12/2012 23:00,2012,7,12,23,-110.981,52.369,AB,baseball,74
7/13/2012 0:00,2012,7,13,0,-110.467,51.187,AB,nickel,21
7/13/2012 2:20,2012,7,13,2,-110.85,53.439,AB,shuffle board rock,50
7/13/2012 2:30,2012,7,13,2,-110.85,53.482,AB,estimated 65mm,65
7/13/2012 3:10,2012,7,13,3,-110.549,53.366,AB,golf ball,43
7/13/2012 20:30,2012,7,13,20,-99.579,50.272,MB,grape,16
7/13/2012 22:15,2012,7,13,22,-98.706,49.078,MB,smaller than golf ball,35
7/14/2012 0:30,2012,7,14,0,-107.733,49.103,SK,nickel,21
7/18/2012 1:05,2012,7,18,1,-117.65,56.44,AB,loonie,26.5
7/18/2012 2:30,2012,7,18,2,-115.683,54.15,AB,toonie,28
7/18/2012 19:00,2012,7,18,19,-109.85,52.4,SK,nickel,21
7/18/2012 20:00,2012,7,18,20,-116.433,53.583,AB,nickel,21
7/18/2012 20:35,2012,7,18,20,-114.52,52.691,AB,cherry,27
7/18/2012 21:10,2012,7,18,21,-114.233,52.633,AB,toonie,28
7/18/2012 21:50,2012,7,18,21,-114.983,53.217,AB,golf ball,43
7/18/2012 22:35,2012,7,18,22,-113.733,52.467,AB,measured 45mm,45
7/18/2012 23:15,2012,7,18,23,-112.937,52.583,AB,golf ball,43
7/18/2012 23:40,2012,7,18,23,-112.883,52.45,AB,golf ball,43
7/18/2012 23:50,2012,7,18,23,-104.083,52.017,SK,nickel,21
7/19/2012 1:00,2012,7,19,1,-102.917,52.061,SK,toonie,28
7/19/2012 2:47,2012,7,19,2,-102.833,52.052,SK,ping pong,40
7/19/2012 3:20,2012,7,19,3,-102.667,51.95,SK,loonie,26.5
7/19/2012 20:44,2012,7,19,20,-105.433,51.307,SK,pool table ball,57
7/19/2012 20:50,2012,7,19,20,-105.233,51.25,SK,golf ball,43
7/19/2012 22:20,2012,7,19,22,-102.624,51.55,SK,dime,18
7/19/2012 23:00,2012,7,19,23,-102.104,51.439,SK,loonie,26.5
7/20/2012 0:15,2012,7,20,0,-100.19,51.994,MB,golf ball,43
7/21/2012 4:43,2012,7,21,4,-112.7,51.467,AB,toonie,28
7/21/2012 23:50,2012,7,21,23,-104.717,50.933,SK,dime,18
7/22/2012 0:05,2012,7,22,0,-105.95,53.7,SK,quarter,24
7/22/2012 0:20,2012,7,22,0,-104.517,49.983,SK,nickel,21
7/22/2012 0:45,2012,7,22,0,-103.867,50.1,SK,dime,18
7/22/2012 2:00,2012,7,22,2,-103.867,51.283,SK,quarter,24
7/22/2012 17:20,2012,7,22,17,-95.239,49.011,MB,pea,8
7/23/2012 18:55,2012,7,23,18,-114.033,51.3,AB,dime,18
7/23/2012 21:10,2012,7,23,21,-113.8,52.267,AB,loonie,26.5
7/23/2012 21:20,2012,7,23,21,-110.217,49,AB,penny,19
7/23/2012 21:50,2012,7,23,21,-113.867,52.133,AB,quarter,24
7/23/2012 22:40,2012,7,23,22,-109.983,51.263,SK,loonie,26.5
7/23/2012 23:00,2012,7,23,23,-113.983,53.05,AB,marble,16
7/23/2012 23:00,2012,7,23,23,-109.983,51.35,SK,dime,18
7/23/2012 23:25,2012,7,23,23,-109.483,51.633,SK,dime,18
7/23/2012 23:30,2012,7,23,23,-108.038,50.45,SK,quarter,24
7/23/2012 23:35,2012,7,23,23,-108.467,50.617,SK,quarter,24
7/24/2012 0:20,2012,7,24,0,-112.467,52.917,AB,toonie,28
7/24/2012 21:20,2012,7,24,21,-105.757,49.779,SK,golf ball,43
7/24/2012 23:30,2012,7,24,23,-104.287,49.968,SK,marble,16
7/25/2012 1:52,2012,7,25,1,-102.65,50.717,SK,nickel,21
7/25/2012 20:40,2012,7,25,20,-96.884,50.144,MB,dime,18
7/25/2012 20:50,2012,7,25,20,-97.63,50.62,MB,pinky nail,9
7/25/2012 21:00,2012,7,25,21,-96.658,50.079,MB,loonie,26.5
7/26/2012 23:15,2012,7,26,23,-113.633,49.283,AB,tennis,67
7/26/2012 23:20,2012,7,26,23,-113.95,49.375,AB,quarter,24
7/27/2012 0:36,2012,7,27,0,-113.3,49.2,AB,smaller than baseball,70
7/27/2012 20:20,2012,7,27,20,-113.767,50.35,AB,ping pong,40
7/27/2012 21:40,2012,7,27,21,-113.15,50.233,AB,dime,18
7/27/2012 22:05,2012,7,27,22,-112.756,50.233,AB,nickel,21
7/28/2012 0:03,2012,7,28,0,-113.617,51.317,AB,estimated 2 inches,51
7/28/2012 1:13,2012,7,28,1,-108.154,50.45,SK,pea,8
7/28/2012 19:20,2012,7,28,19,-114.6,51.529,AB,walnut,35
7/28/2012 19:30,2012,7,28,19,-110.217,51.15,AB,estimated 26mm,26
7/28/2012 20:00,2012,7,28,20,-114.437,51.521,AB,golf ball,43
7/28/2012 20:50,2012,7,28,20,-112.233,53.026,AB,toonie,28
7/28/2012 21:00,2012,7,28,21,-111.927,53.23,AB,loonie,26.5
7/28/2012 21:30,2012,7,28,21,-109.383,51.217,SK,dime,18
7/28/2012 21:40,2012,7,28,21,-103.8,49.15,SK,golf ball,43
7/28/2012 21:45,2012,7,28,21,-113.383,51.158,AB,golf ball,43
7/28/2012 22:35,2012,7,28,22,-112.102,51.001,AB,loonie,26.5
7/28/2012 22:40,2012,7,28,22,-110.767,52.017,AB,golf ball,43
7/28/2012 22:56,2012,7,28,22,-112.183,50.95,AB,toonie,28
7/28/2012 23:24,2012,7,28,23,-110.767,52.017,AB,quarter,24
7/29/2012 0:00,2012,7,29,0,-110.01,51.867,AB,walnut,35
7/29/2012 0:07,2012,7,29,0,-110.01,51.867,AB,dime,18
7/29/2012 0:35,2012,7,29,0,-108.033,51.2,SK,nickel,21
7/29/2012 1:30,2012,7,29,1,-109.6,51.483,SK,marble,16
7/29/2012 6:57,2012,7,29,6,-105,51.5,SK,toonie,28
7/29/2012 9:40,2012,7,29,9,-102.8,50.917,SK,walnut,35
7/29/2012 9:55,2012,7,29,9,-102.8,50.917,SK,estimated 2 inches,51
7/29/2012 19:05,2012,7,29,19,-100.254,51.78,MB,loonie,26.5
7/29/2012 20:10,2012,7,29,20,-99.589,51.592,MB,nickel,21
7/29/2012 21:20,2012,7,29,21,-99.855,50.498,MB,loonie,26.5
7/29/2012 21:30,2012,7,29,21,-99.469,50.376,MB,loonie,26.5
7/29/2012 23:25,2012,7,29,23,-97.976,49.941,MB,quarter,24
7/29/2012 23:32,2012,7,29,23,-98.913,49.805,MB,loonie,26.5
7/30/2012 0:00,2012,7,30,0,-97.146,49.884,MB,loonie,26.5
7/30/2012 0:17,2012,7,30,0,-97.264,49.693,MB,loonie,26.5
7/30/2012 0:30,2012,7,30,0,-97.365,49.355,MB,golf ball,43
7/30/2012 0:30,2012,7,30,0,-96.511,49.284,MB,quarter,24
7/30/2012 1:15,2012,7,30,1,-95.978,49.075,MB,estimated 40mm,40
7/30/2012 2:00,2012,7,30,2,-95.831,49.098,MB,nickel,21
7/30/2012 21:01,2012,7,30,21,-115.561,52.47,AB,smaller than dime,15
7/30/2012 22:25,2012,7,30,22,-115.4,54.717,AB,loonie,26.5
7/30/2012 22:30,2012,7,30,22,-114.736,51.864,AB,toonie,28
7/30/2012 23:15,2012,7,30,23,-114.467,52.55,AB,quarter,24
7/31/2012 0:55,2012,7,31,0,-113.467,53.577,AB,quarter,24
7/31/2012 0:59,2012,7,31,0,-113.917,53.533,AB,quarter,24
7/31/2012 1:45,2012,7,31,1,-113.24,53.55,AB,large,25
7/31/2012 20:20,2012,7,31,20,-114.633,51.933,AB,dime,18
7/31/2012 22:40,2012,7,31,22,-113.267,51.7,AB,small,5
7/31/2012 22:50,2012,7,31,22,-113.267,51.7,AB,loonie,26.5
8/1/2012 16:15,2012,8,1,16,-107.733,50.117,SK,loonie,26.5
8/1/2012 16:55,2012,8,1,16,-107.45,49.933,SK,nickel,21
8/1/2012 17:25,2012,8,1,17,-107.3,49.83,SK,quarter,24
8/1/2012 18:15,2012,8,1,18,-107,49.667,SK,quarter,24
8/1/2012 19:00,2012,8,1,19,-106.533,49.467,SK,ping pong,40
8/1/2012 19:48,2012,8,1,19,-100.02,51.555,MB,loonie,26.5
8/1/2012 22:30,2012,8,1,22,-97.485,51.392,MB,smaller than golf ball,35
8/2/2012 0:15,2012,8,2,0,-96.619,50.542,MB,golf ball,43
8/2/2012 0:31,2012,8,2,0,-96.619,50.56,MB,golf ball,43
8/2/2012 20:05,2012,8,2,20,-107.05,51.455,SK,quarter,24
8/2/2012 20:55,2012,8,2,20,-106.917,51.5,SK,quarter,24
8/2/2012 21:53,2012,8,2,21,-114.317,53.093,AB,quarter,24
8/3/2012 20:30,2012,8,3,20,-98.039,49.183,MB,nickel,21
8/3/2012 21:40,2012,8,3,21,-96.82,49.678,MB,dime,18
8/5/2012 0:25,2012,8,5,0,-114.9,53.883,AB,nickel,21
8/5/2012 1:43,2012,8,5,1,-113.917,53.533,AB,nickel,21
8/5/2012 23:10,2012,8,5,23,-115.283,52.417,AB,quarter,24
8/6/2012 1:04,2012,8,6,1,-114.367,52.263,AB,golf ball,43
8/6/2012 23:10,2012,8,6,23,-114.2,49.495,AB,dime,18
8/6/2012 23:30,2012,8,6,23,-115.506,52.365,AB,golf ball,43
8/6/2012 23:57,2012,8,6,23,-116.392,52.661,AB,ping pong,40
8/7/2012 1:17,2012,8,7,1,-116.392,52.661,AB,golf ball,43
8/7/2012 1:29,2012,8,7,1,-116.109,52.49,AB,quarter,24
8/7/2012 2:20,2012,8,7,2,-116.066,53.098,AB,golf ball,43
8/7/2012 4:00,2012,8,7,4,-115.683,54.15,AB,ping pong,40
8/7/2012 20:28,2012,8,7,20,-114.283,50.667,AB,quarter,24
8/7/2012 20:52,2012,8,7,20,-113.467,53.55,AB,quarter,24
8/7/2012 21:12,2012,8,7,21,-114.083,51.05,AB,quarter,24
8/7/2012 21:15,2012,8,7,21,-113.467,53.55,AB,golf ball,43
8/7/2012 21:46,2012,8,7,21,-114.083,51.05,AB,nickel,21
8/7/2012 22:45,2012,8,7,22,-113.467,53.55,AB,quarter,24
8/7/2012 23:12,2012,8,7,23,-113.65,53.8,AB,loonie,26.5
8/8/2012 0:53,2012,8,8,0,-114.633,51.8,AB,nickel,21
8/9/2012 0:25,2012,8,9,0,-115.008,51.799,AB,nickel,21
8/9/2012 0:30,2012,8,9,0,-115.683,54.033,AB,estimated 40mm,40
8/9/2012 0:54,2012,8,9,0,-115.607,54.15,AB,quarter,24
8/9/2012 1:50,2012,8,9,1,-113.867,52.133,AB,quarter,24
8/9/2012 2:40,2012,8,9,2,-113.682,52.267,AB,quarter,24
8/10/2012 19:02,2012,8,10,19,-104.996,51.009,SK,marble,16
8/10/2012 21:10,2012,8,10,21,-104.217,50.95,SK,marble,16
8/10/2012 22:50,2012,8,10,22,-108.504,50.001,SK,marble,16
8/11/2012 0:50,2012,8,11,0,-107.897,49.638,SK,marble,16
8/11/2012 1:01,2012,8,11,1,-107.3,49.717,SK,marble,16
8/13/2012 1:50,2012,8,13,1,-114.6,51.5,AB,pea,8
8/13/2012 2:15,2012,8,13,2,-114.6,51.471,AB,loonie,26.5
8/13/2012 3:00,2012,8,13,3,-114.467,51.327,AB,golf ball,43
8/13/2012 3:20,2012,8,13,3,-114.467,51.183,AB,larger than golf ball,50
8/13/2012 4:00,2012,8,13,4,-114.083,51.05,AB,hen egg,50
8/13/2012 4:15,2012,8,13,4,-114.083,51.05,AB,larger than golf ball,50
8/13/2012 4:30,2012,8,13,4,-114.083,51.05,AB,quarter,24
8/13/2012 4:31,2012,8,13,4,-114.017,51.117,AB,toonie,28
8/14/2012 19:42,2012,8,14,19,-114.6,51.5,AB,quarter,24
8/14/2012 21:00,2012,8,14,21,-114.017,51.217,AB,quarter,24
8/14/2012 21:10,2012,8,14,21,-114.233,50.7,AB,golf ball,43
8/14/2012 21:10,2012,8,14,21,-114.283,50.667,AB,golf ball,43
8/14/2012 22:10,2012,8,14,22,-112.867,50.833,AB,loonie,26.5
8/20/2012 22:20,2012,8,20,22,-117.583,53.4,AB,quarter,24
8/22/2012 1:30,2012,8,22,1,-114.983,53.217,AB,nickel,21
8/23/2012 20:00,2012,8,23,20,-95.236,49.756,MB,pea,8
8/23/2012 20:30,2012,8,23,20,-96.014,50.018,MB,nickel,21
8/23/2012 21:50,2012,8,23,21,-113.467,53.55,AB,toonie,28
8/23/2012 21:55,2012,8,23,21,-96.524,49.744,MB,nickel,21
8/23/2012 21:55,2012,8,23,21,-96.566,49.67,MB,quarter,24
8/23/2012 22:27,2012,8,23,22,-113.55,53.267,AB,loonie,26.5
8/23/2012 22:30,2012,8,23,22,-96.441,49.523,MB,golf ball,43
8/23/2012 23:05,2012,8,23,23,-112.25,52.867,AB,nickel,21
8/23/2012 23:15,2012,8,23,23,-112.104,52.896,AB,measured 35mm,35
8/24/2012 1:30,2012,8,24,1,-97.365,49.22,MB,nickel,21
8/24/2012 22:05,2012,8,24,22,-107.083,51.333,SK,golf ball,43
8/24/2012 22:30,2012,8,24,22,-106.917,51.5,SK,marble,16
8/24/2012 23:00,2012,8,24,23,-108.633,51.74,SK,nickel,21
8/25/2012 0:25,2012,8,25,0,-100.177,49.103,MB,estimated 1 inch,25
8/25/2012 0:45,2012,8,25,0,-100.494,49.011,MB,estimated 1 inch,25
9/1/2012 23:05,2012,9,1,23,-111.25,51.25,AB,estimated 30mm,30
5/26/2013 23:45,2013,5,26,23,-105.75,52.055,SK,golf ball,43
5/26/2013 23:45,2013,5,26,23,-105.656,52.1,SK,dime,18
6/5/2013 21:00,2013,6,5,21,-116.43,53.583,AB,quarter,24
6/5/2013 21:03,2013,6,5,21,-116.388,53.628,AB,marble,16
6/7/2013 1:30,2013,6,7,1,-112.517,49.5,AB,walnut,35
6/7/2013 22:30,2013,6,7,22,-113.617,51.317,AB,nickel,21
6/10/2013 21:49,2013,6,10,21,-97.146,49.884,MB,measured 57mm,57
6/10/2013 22:20,2013,6,10,22,-96.414,49.517,MB,nickel,21
6/15/2013 0:20,2013,6,15,0,-101.047,50.153,MB,toonie,28
6/15/2013 20:54,2013,6,15,20,-99.267,50.3,MB,dime,18
6/17/2013 23:50,2013,6,17,23,-112.683,51.05,AB,estimated half inch,13
6/18/2013 23:00,2013,6,18,23,-111.45,52.083,AB,nickel,21
6/18/2013 23:25,2013,6,18,23,-111,52,AB,quarter,24
6/18/2013 23:45,2013,6,18,23,-110.767,52.017,AB,quarter,24
6/19/2013 3:05,2013,6,19,3,-110.783,50.083,AB,toonie,28
6/19/2013 3:20,2013,6,19,3,-110.783,50.083,AB,unknown,
6/20/2013 1:00,2013,6,20,1,-113.117,49.8,AB,dime,18
6/20/2013 1:12,2013,6,20,1,-112.817,49.7,AB,quarter,24
6/20/2013 1:15,2013,6,20,1,-112.65,49.45,AB,golf ball,43
6/20/2013 1:35,2013,6,20,1,-110.267,49.68,AB,tennis,67
6/20/2013 1:45,2013,6,20,1,-112.65,49.45,AB,golf ball,43
6/20/2013 2:00,2013,6,20,2,-112.617,49.717,AB,quarter,24
6/20/2013 2:20,2013,6,20,2,-113.117,49.8,AB,nickel,21
6/20/2013 5:05,2013,6,20,5,-110.267,49.95,AB,quarter,24
6/22/2013 20:38,2013,6,22,20,-106.633,52.117,SK,dime,18
6/22/2013 22:10,2013,6,22,22,-98.777,50.181,MB,marble,16
6/22/2013 22:45,2013,6,22,22,-98.777,50.181,MB,nickel,21
6/25/2013 21:42,2013,6,25,21,-102.283,49.833,SK,quarter,24
6/25/2013 21:58,2013,6,25,21,-102.423,49.633,SK,golf ball,43
6/25/2013 22:00,2013,6,25,22,-102.243,49.9,SK,golf ball,43
6/25/2013 22:06,2013,6,25,22,-102.378,49.633,SK,ping pong,40
6/26/2013 19:00,2013,6,26,19,-99.937,49.966,MB,quarter,24
6/26/2013 19:46,2013,6,26,19,-99.359,49.869,MB,nickel,21
6/26/2013 20:40,2013,6,26,20,-98.674,50.382,MB,nickel,21
6/26/2013 21:37,2013,6,26,21,-97.444,49.406,MB,loonie,26.5
6/26/2013 22:30,2013,6,26,22,-98.001,49.499,MB,nickel,21
6/28/2013 22:50,2013,6,28,22,-99.154,49.252,MB,quarter,24
7/3/2013 0:00,2013,7,3,0,-114.467,53.117,AB,nickel,21
7/3/2013 1:15,2013,7,3,1,-115.367,54.133,AB,quarter,24
7/3/2013 1:32,2013,7,3,1,-114.433,52.94,AB,golf ball,43
7/3/2013 2:30,2013,7,3,2,-113.467,53.55,AB,golf ball,43
7/3/2013 3:30,2013,7,3,3,-113.467,53.55,AB,golf ball,43
7/3/2013 4:00,2013,7,3,4,-113.324,53.78,AB,non-severe,8
7/3/2013 12:52,2013,7,3,12,-111.75,53.717,AB,golf ball,43
7/3/2013 20:25,2013,7,3,20,-98.888,55.783,MB,nickel,21
7/3/2013 22:00,2013,7,3,22,-103.57,52.35,SK,loonie,26.5
7/4/2013 0:15,2013,7,4,0,-103.533,51.65,SK,quarter,24
7/4/2013 0:46,2013,7,4,0,-103.533,51.505,SK,golf ball,43
7/4/2013 1:00,2013,7,4,1,-103.217,51.583,SK,quarter,24
7/4/2013 22:20,2013,7,4,22,-113.633,50.167,AB,loonie,26.5
7/5/2013 0:00,2013,7,5,0,-109.274,49.916,SK,estimated 40mm,40
7/5/2013 2:05,2013,7,5,2,-110.186,50.567,AB,marble,16
7/6/2013 4:00,2013,7,6,4,-112.133,49.783,AB,quarter,24
7/6/2013 6:38,2013,7,6,6,-110.667,50.05,AB,quarter,24
7/6/2013 22:15,2013,7,6,22,-102.333,50.8,SK,nickel,21
7/6/2013 22:45,2013,7,6,22,-102.167,51.033,SK,golf ball,43
7/7/2013 0:27,2013,7,7,0,-112.817,49.7,AB,golf ball,43
7/7/2013 2:00,2013,7,7,2,-100.579,50.565,MB,nickel,21
7/7/2013 22:30,2013,7,7,22,-113.617,51.317,AB,nickel,21
7/8/2013 2:00,2013,7,8,2,-107.733,49.103,SK,nickel,21
7/8/2013 20:50,2013,7,8,20,-113.2,49.083,AB,dime,18
7/9/2013 4:50,2013,7,9,4,-97.365,49.355,MB,toonie,28
7/10/2013 22:40,2013,7,10,22,-114.783,52.95,AB,quarter,24
7/11/2013 0:40,2013,7,11,0,-114.05,53.05,AB,measured 25mm,25
7/11/2013 2:55,2013,7,11,2,-113.467,53.55,AB,nickel,21
7/11/2013 3:10,2013,7,11,3,-113.467,53.55,AB,measured 31mm,31
7/11/2013 3:35,2013,7,11,3,-113.467,53.55,AB,measured 35mm,35
7/11/2013 23:15,2013,7,11,23,-111.883,52.217,AB,golf ball,43
7/11/2013 23:25,2013,7,11,23,-107.4,54.63,SK,estimated 1 inch,25
7/13/2013 19:49,2013,7,13,19,-103.433,49.667,SK,quarter,24
7/13/2013 20:00,2013,7,13,20,-103.617,49.659,SK,loonie,26.5
7/13/2013 20:21,2013,7,13,20,-103.962,49.667,SK,golf ball,43
7/13/2013 20:30,2013,7,13,20,-103.406,49.667,SK,nickel,21
7/13/2013 20:35,2013,7,13,20,-103.033,49.683,SK,quarter,24
7/13/2013 20:45,2013,7,13,20,-102.667,49.65,SK,quarter,24
7/13/2013 20:55,2013,7,13,20,-103.919,49.667,SK,estimated 60mm,60
7/13/2013 21:00,2013,7,13,21,-103.724,49.585,SK,estimated 90mm,90
7/13/2013 21:00,2013,7,13,21,-103.683,49.567,SK,golf ball,43
7/13/2013 21:20,2013,7,13,21,-102.867,49.65,SK,smaller than golf ball,35
7/13/2013 22:10,2013,7,13,22,-101.986,49.6,SK,smaller than golf ball,35
7/13/2013 22:19,2013,7,13,22,-102.75,49.383,SK,nickel,21
7/13/2013 22:29,2013,7,13,22,-101.7,49.567,SK,larger than toonie,32
7/13/2013 23:00,2013,7,13,23,-101.288,49.627,MB,ping pong,40
7/13/2013 23:49,2013,7,13,23,-101.094,49.562,MB,nickel,21
7/14/2013 0:30,2013,7,14,0,-100.668,49.557,MB,golf ball,43
7/14/2013 1:10,2013,7,14,1,-100.946,49.558,MB,tennis,67
7/15/2013 0:00,2013,7,15,0,-114.917,52.367,AB,toonie,28
7/15/2013 16:46,2013,7,15,16,-106.71,50.677,SK,quarter,24
7/15/2013 21:30,2013,7,15,21,-105.133,50.1,SK,estimated 1 inch,25
7/15/2013 21:50,2013,7,15,21,-104.933,50.183,SK,golf ball,43
7/15/2013 21:53,2013,7,15,21,-104.5,50.933,SK,golf ball,43
7/15/2013 22:38,2013,7,15,22,-104.933,50.183,SK,toonie,28
7/16/2013 0:00,2013,7,16,0,-104.536,50.399,SK,quarter,24
7/16/2013 1:00,2013,7,16,1,-104.617,50.161,SK,golf ball,43
7/16/2013 1:06,2013,7,16,1,-103.5,51.167,SK,golf ball,43
7/16/2013 1:49,2013,7,16,1,-104.667,49.65,SK,quarter,24
7/18/2013 20:00,2013,7,18,20,-103.183,51.076,SK,quarter,24
7/18/2013 21:15,2013,7,18,21,-102.35,50.55,SK,golf ball,43
7/18/2013 22:00,2013,7,18,22,-101.389,50.262,MB,quarter,24
7/19/2013 19:10,2013,7,19,19,-105.167,50.972,SK,quarter,24
7/19/2013 20:20,2013,7,19,20,-104.617,50.45,SK,golf ball,43
7/19/2013 20:22,2013,7,19,20,-104.617,50.45,SK,nickel,21
7/19/2013 21:15,2013,7,19,21,-101.533,49.833,SK,nickel,21
7/19/2013 22:05,2013,7,19,22,-103,49.047,SK,golf ball,43
7/19/2013 22:06,2013,7,19,22,-103,49.083,SK,nickel,21
7/19/2013 22:10,2013,7,19,22,-113.367,52.967,AB,estimated 19mm,19
7/20/2013 0:30,2013,7,20,0,-104.917,49.583,SK,nickel,21
7/20/2013 2:18,2013,7,20,2,-111.9,51.633,AB,marble,16
7/20/2013 2:40,2013,7,20,2,-119.617,55.05,AB,marble,16
7/20/2013 21:00,2013,7,20,21,-105.967,49.283,SK,nickel,21
7/20/2013 21:18,2013,7,20,21,-119.717,55.267,AB,larger than dime,21
7/20/2013 21:25,2013,7,20,21,-105.95,49.183,SK,quarter,24
7/20/2013 22:50,2013,7,20,22,-119.1,55.067,AB,pencil-top eraser,5
7/21/2013 2:30,2013,7,21,2,-115.301,53.025,AB,quarter,24
7/21/2013 3:40,2013,7,21,3,-113.733,52.467,AB,golf ball,43
7/21/2013 4:25,2013,7,21,4,-113.8,52.267,AB,golf ball,43
7/21/2013 22:50,2013,7,21,22,-100.696,49.21,MB,quarter,24
7/21/2013 23:20,2013,7,21,23,-119.411,55.481,AB,larger than quarter,27
7/22/2013 22:33,2013,7,22,22,-111.95,49,AB,nickel,21
7/22/2013 22:40,2013,7,22,22,-114.544,51.467,AB,tennis,67
7/22/2013 23:00,2013,7,22,23,-114.467,51.328,AB,loonie,26.5
7/22/2013 23:45,2013,7,22,23,-110.217,49,AB,quarter,24
7/23/2013 19:51,2013,7,23,19,-114.867,51.2,AB,quarter,24
7/23/2013 21:15,2013,7,23,21,-114.583,50.95,AB,golf ball,43
7/23/2013 21:25,2013,7,23,21,-114.583,50.95,AB,smaller than golf ball,35
7/23/2013 21:50,2013,7,23,21,-114.333,50.883,AB,smaller than golf ball,35
7/23/2013 22:15,2013,7,23,22,-115.178,51.499,AB,smaller than baseball,70
7/23/2013 22:40,2013,7,23,22,-113.941,50.733,AB,nickel,21
7/24/2013 0:00,2013,7,24,0,-113.867,50.583,AB,toonie,28
7/24/2013 1:40,2013,7,24,1,-113.117,50.133,AB,quarter,24
7/24/2013 2:30,2013,7,24,2,-113.383,51.05,AB,estimated 21mm,21
7/24/2013 21:45,2013,7,24,21,-114.444,49.583,AB,golf ball,43
7/24/2013 21:45,2013,7,24,21,-114.167,49.583,AB,nickel,21
7/24/2013 22:37,2013,7,24,22,-113.974,50.817,AB,golf ball,43
7/25/2013 23:55,2013,7,25,23,-108.552,51.083,SK,quarter,24
7/26/2013 3:30,2013,7,26,3,-114.467,51.183,AB,nickel,21
7/28/2013 23:50,2013,7,28,23,-113.881,49.528,AB,estimated 1 inch,25
7/29/2013 0:00,2013,7,29,0,-105.959,49.358,SK,quarter,24
7/29/2013 0:47,2013,7,29,0,-113.633,49.283,AB,dime,18
7/29/2013 1:13,2013,7,29,1,-113.3,49.2,AB,penny,19
7/29/2013 20:00,2013,7,29,20,-114.983,53.262,AB,estimated 10mm,10
7/29/2013 21:00,2013,7,29,21,-102.556,51.71,SK,quarter,24
8/5/2013 19:15,2013,8,5,19,-108.317,49.2,SK,loonie,26.5
8/5/2013 19:30,2013,8,5,19,-107.833,49.035,SK,quarter,24
8/5/2013 19:45,2013,8,5,19,-108.1,49.194,SK,golf ball,43
8/5/2013 20:15,2013,8,5,20,-107.917,49.133,SK,loonie,26.5
8/5/2013 20:20,2013,8,5,20,-107.733,49.118,SK,larger than toonie,32
8/5/2013 23:14,2013,8,5,23,-102.75,49.383,SK,nickel,21
8/6/2013 0:42,2013,8,6,0,-102.584,49.173,SK,loonie,26.5
8/10/2013 16:10,2013,8,10,16,-106.35,49.467,SK,pea,8
8/10/2013 22:10,2013,8,10,22,-113.849,49.11,AB,loonie,26.5
8/11/2013 14:15,2013,8,11,14,-112.817,54.43,AB,quarter,24
8/11/2013 15:57,2013,8,11,15,-112.15,54.063,AB,quarter,24
8/11/2013 21:42,2013,8,11,21,-116.077,52.471,AB,nickel,21
8/11/2013 22:50,2013,8,11,22,-112.518,53.278,AB,golf ball,43
8/12/2013 15:10,2013,8,12,15,-111.783,52.433,AB,nickel,21
8/12/2013 19:25,2013,8,12,19,-112.053,51.538,AB,loonie,26.5
8/12/2013 19:50,2013,8,12,19,-110.479,49.929,AB,nickel,21
8/12/2013 20:10,2013,8,12,20,-109.95,50.216,SK,quarter,24
8/12/2013 21:05,2013,8,12,21,-110.586,49.967,AB,golf ball,43
8/12/2013 22:20,2013,8,12,22,-110.267,49.663,AB,quarter,24
8/13/2013 1:50,2013,8,13,1,-110.783,50.083,AB,estimated 30mm,30
8/14/2013 0:20,2013,8,14,0,-114.655,50.95,AB,dime,18
8/14/2013 1:00,2013,8,14,1,-117.133,56.033,AB,toonie,28
8/16/2013 23:00,2013,8,16,23,-109.017,52.663,SK,nickel,21
8/16/2013 23:30,2013,8,16,23,-109.009,52.624,SK,golf ball,43
8/16/2013 23:39,2013,8,16,23,-108.909,52.605,SK,walnut,35
8/17/2013 0:28,2013,8,17,0,-105.95,53.7,SK,nickel,21
8/17/2013 2:10,2013,8,17,2,-114.367,52.35,AB,nickel,21
8/17/2013 2:30,2013,8,17,2,-114.083,52.272,AB,nickel,21
8/17/2013 4:24,2013,8,17,4,-114.083,52.317,AB,larger than nickel,23
8/17/2013 20:30,2013,8,17,20,-113.467,53.55,AB,loonie,26.5
8/17/2013 20:40,2013,8,17,20,-113.467,53.55,AB,nickel,21
8/17/2013 21:00,2013,8,17,21,-113.325,53.381,AB,quarter,24
8/17/2013 21:10,2013,8,17,21,-112.233,53.233,AB,loonie,26.5
8/18/2013 14:40,2013,8,18,14,-97.542,49.913,MB,nickel,21
8/18/2013 21:15,2013,8,18,21,-99.952,49.847,MB,nickel,21
8/21/2013 0:30,2013,8,21,0,-96.605,50.429,MB,nickel,21
8/21/2013 0:40,2013,8,21,0,-96.49,50.37,MB,toonie,28
8/21/2013 1:30,2013,8,21,1,-95.881,50.149,MB,golf ball,43
8/21/2013 2:00,2013,8,21,2,-95.537,49.883,MB,nickel,21
8/23/2013 23:38,2013,8,23,23,-105.983,49.633,SK,nickel,21
8/23/2013 23:45,2013,8,23,23,-105.867,49.433,SK,estimated 1 inch,25
8/24/2013 0:00,2013,8,24,0,-112.833,49.852,AB,pea,8
8/24/2013 15:34,2013,8,24,15,-95.461,52.036,MB,quarter,24
8/26/2013 22:00,2013,8,26,22,-101.284,50.781,MB,toonie,28
8/26/2013 23:30,2013,8,26,23,-115.441,52.683,AB,unknown,
8/26/2013 23:55,2013,8,26,23,-107.05,51.5,SK,unknown,
8/27/2013 0:10,2013,8,27,0,-114.389,52.814,AB,toonie,28
8/27/2013 0:40,2013,8,27,0,-104.167,49.8,SK,quarter,24
8/27/2013 22:09,2013,8,27,22,-97.635,51.26,MB,golf ball,43
8/27/2013 23:36,2013,8,27,23,-99.063,50.459,MB,loonie,26.5
8/28/2013 21:16,2013,8,28,21,-105.433,51.067,SK,nickel,21
8/28/2013 21:30,2013,8,28,21,-105.405,51.067,SK,quarter,24
8/28/2013 22:45,2013,8,28,22,-105,51.5,SK,quarter,24
8/28/2013 22:50,2013,8,28,22,-105,51.5,SK,dime,18
8/29/2013 0:24,2013,8,29,0,-103.817,52.2,SK,nickel,21
8/29/2013 23:45,2013,8,29,23,-108.067,53.39,SK,toonie,28
8/29/2013 23:50,2013,8,29,23,-114.395,51.183,AB,nickel,21
8/30/2013 0:00,2013,8,30,0,-108.013,53.332,SK,golf ball,43
8/30/2013 1:02,2013,8,30,1,-107.682,53.184,SK,quarter,24
8/30/2013 1:30,2013,8,30,1,-107.583,53.167,SK,golf ball,43
8/30/2013 21:35,2013,8,30,21,-101.633,49.077,SK,loonie,26.5
8/30/2013 22:50,2013,8,30,22,-104.075,53.367,SK,baseball,74
8/30/2013 23:07,2013,8,30,23,-103.583,53.283,SK,golf ball,43
8/31/2013 0:10,2013,8,31,0,-98.5,51.392,MB,golf ball,43
8/31/2013 5:50,2013,8,31,5,-98.25,49.503,MB,golf ball,43
8/31/2013 21:05,2013,8,31,21,-98.698,49.629,MB,quarter,24
8/31/2013 21:30,2013,8,31,21,-98.342,49.659,MB,golf ball,43
8/31/2013 22:00,2013,8,31,22,-97.365,49.355,MB,quarter,24
9/10/2013 21:06,2013,9,10,21,-100.049,51.149,MB,nickel,21
9/23/2013 12:30,2013,9,23,12,-98.244,49.367,MB,quarter,24
6/29/2007 11:45,2007,6,29,11,-104.75,49.62,SK,golf ball,43
6/29/2007 11:50,2007,6,29,11,-104.67,49.65,SK,golf ball,43
8/1/2007 0:08,2007,8,1,0,-102.92,51.43,SK,quarter,24
8/1/2007 0:15,2007,8,1,0,-103.5,51.17,SK,nickel,21
8/1/2007 0:25,2007,8,1,0,-103.23,52.07,SK,golf ball,43
8/1/2007 0:25,2007,8,1,0,-102.67,51.57,SK,golf ball,43
8/1/2007 0:53,2007,8,1,0,-102.55,51.17,SK,quarter,24
8/1/2007 1:10,2007,8,1,1,-102.8,50.92,SK,loonie,26.5
8/3/2007 21:45,2007,8,3,21,-116.58,53.5,AB,quarter,24
8/4/2007 0:00,2007,8,4,0,-115.03,54.5,AB,quarter,24
8/4/2007 0:35,2007,8,4,0,-115.78,52.47,AB,quarter,24
8/5/2007 0:21,2007,8,5,0,-101.18,51.33,MB,quarter,24
8/8/2007 22:40,2007,8,8,22,-101.32,52,MB,nickel,21
8/8/2007 23:52,2007,8,8,23,-101.22,52.13,MB,golf ball,43
8/9/2007 0:24,2007,8,9,0,-101.27,52.1,MB,nickel,21
8/9/2007 21:05,2007,8,9,21,-96.98,50.05,MB,nickel,21
8/9/2007 21:17,2007,8,9,21,-103,51.77,SK,nickel,21
8/9/2007 21:23,2007,8,9,21,-97.02,49.97,MB,loonie,26.5
8/9/2007 22:40,2007,8,9,22,-101.9,51.57,SK,quarter,24
8/9/2007 22:40,2007,8,9,22,-103.48,51.87,SK,golf ball,43
8/9/2007 23:10,2007,8,9,23,-103.15,51.8,SK,baseball,74
8/9/2007 23:30,2007,8,9,23,-102.75,51.7,SK,golf ball,43
8/9/2007 23:30,2007,8,9,23,-101.52,51.48,MB,golf ball,43
8/10/2007 0:00,2007,8,10,0,-101.9,51.57,SK,nickel,21
8/10/2007 0:20,2007,8,10,0,-102.75,51.7,SK,quarter,24
8/10/2007 0:48,2007,8,10,0,-101.58,51.4,SK,golf ball,43
8/10/2007 1:05,2007,8,10,1,-101.35,51.23,MB,golf ball,43
8/10/2007 1:15,2007,8,10,1,-100.37,51.35,MB,loonie,26.5
8/10/2007 1:33,2007,8,10,1,-100.05,51.15,MB,baseball,74
8/10/2007 1:38,2007,8,10,1,-100.05,51.15,MB,golf ball,43
8/10/2007 1:50,2007,8,10,1,-100.68,51.1,MB,hen egg,50
8/10/2007 1:50,2007,8,10,1,-100.08,51.13,MB,baseball,74
8/10/2007 2:20,2007,8,10,2,-100.3,51.15,MB,loonie,26.5
8/10/2007 2:35,2007,8,10,2,-99.42,51,MB,nickel,21
8/10/2007 3:13,2007,8,10,3,-97.215,49.007,MB,golf ball,43
8/10/2007 4:00,2007,8,10,4,-98.97,50.8,MB,golf ball,43
8/10/2007 6:10,2007,8,10,6,-97.15,49.88,MB,nickel,21
8/10/2007 6:15,2007,8,10,6,-97.15,49.88,MB,quarter,24
8/10/2007 6:25,2007,8,10,6,-97.15,49.88,MB,quarter,24
8/10/2007 13:50,2007,8,10,13,-97.58,49.38,MB,quarter,24
8/10/2007 15:05,2007,8,10,15,-96.68,49.53,MB,nickel,21
8/10/2007 22:20,2007,8,10,22,-111.65,50.05,AB,nickel,21
8/10/2007 23:40,2007,8,10,23,-111.37,49.87,AB,toonie,28
8/11/2007 0:25,2007,8,11,0,-109.12,49.98,SK,quarter,24
8/13/2007 0:15,2007,8,13,0,-103.18,51.07,SK,nickel,21
8/13/2007 14:15,2007,8,13,14,-99.93,51.65,MB,quarter,24
8/13/2007 15:00,2007,8,13,15,-101.03,52.08,MB,nickel,21
8/17/2007 23:15,2007,8,17,23,-107.8,52.47,SK,nickel,21
8/18/2007 0:52,2007,8,18,0,-112.14,49.79,AB,toonie,28
8/18/2007 1:22,2007,8,18,1,-109.54,50.89,SK,estimated 30mm,30
8/18/2007 1:27,2007,8,18,1,-109.46,51.27,SK,golf ball,43
8/18/2007 1:44,2007,8,18,1,-109.17,51.48,SK,quarter,24
8/19/2007 1:55,2007,8,19,1,-111.69,51.42,AB,nickel,21
8/19/2007 2:00,2007,8,19,2,-114.61,52.09,AB,loonie,26.5
8/19/2007 2:05,2007,8,19,2,-114.23,51.39,AB,loonie,26.5
8/19/2007 2:55,2007,8,19,2,-114.03,51.52,AB,golf ball,43
8/19/2007 3:00,2007,8,19,3,-107.29,52.36,SK,golf ball,43
8/20/2007 1:50,2007,8,20,1,-109.52,49.28,SK,nickel,21
8/21/2007 23:18,2007,8,21,23,-97.9,49.53,MB,quarter,24
8/26/2007 23:50,2007,8,26,23,-97.82,49.03,MB,toonie,28
8/27/2007 0:00,2007,8,27,0,-96.4,50,MB,golf ball,43
8/27/2007 0:00,2007,8,27,0,-96.68,49.53,MB,golf ball,43
8/27/2007 0:03,2007,8,27,0,-96.63,49.88,MB,quarter,24
8/27/2007 0:15,2007,8,27,0,-97.73,49.05,MB,golf ball,43
8/27/2007 0:36,2007,8,27,0,-95.98,50.05,MB,loonie,26.5
8/27/2007 0:55,2007,8,27,0,-96.68,49.53,MB,toonie,28
8/27/2007 1:24,2007,8,27,1,-96.3,49.22,MB,nickel,21
5/31/2008 23:30,2008,5,31,23,-114.28,51.43,AB,golf ball,43
6/5/2008 0:30,2008,6,5,0,-117.62,56.92,AB,quarter,24
6/7/2008 21:15,2008,6,7,21,-112.33,52.58,AB,golf ball,43
6/8/2008 0:35,2008,6,8,0,-112.57,52.86,AB,golf ball,43
6/8/2008 2:30,2008,6,8,2,-113.23,55.25,AB,golf ball,43
6/8/2008 3:47,2008,6,8,3,-112.83,53,AB,nickel,21
6/8/2008 4:25,2008,6,8,4,-112.83,53,AB,estimated 20mm,20
6/8/2008 17:45,2008,6,8,17,-101.67,51.1,SK,walnut,35
6/8/2008 18:45,2008,6,8,18,-100.83,50.8,MB,quarter,24
6/8/2008 18:53,2008,6,8,18,-99.43,49.87,MB,golf ball,43
6/8/2008 20:26,2008,6,8,20,-99.14,50.1,MB,smaller than golf ball,35
6/8/2008 20:53,2008,6,8,20,-98.83,50.15,MB,nickel,21
6/8/2008 22:07,2008,6,8,22,-99.52,51.02,MB,nickel,21
6/8/2008 22:19,2008,6,8,22,-99.55,51.1,MB,quarter,24
6/8/2008 23:33,2008,6,8,23,-97.66,50.21,MB,ping pong,40
6/12/2008 22:15,2008,6,12,22,-119.38,58.5,AB,nickel,21
6/13/2008 22:50,2008,6,13,22,-113.18,52.4,AB,nickel,21
6/14/2008 19:46,2008,6,14,19,-103.95,49.25,SK,nickel,21
6/15/2008 20:00,2008,6,15,20,-109.52,49.67,SK,nickel,21
6/17/2008 20:50,2008,6,17,20,-114.92,52.58,AB,golf ball,43
6/17/2008 22:05,2008,6,17,22,-113.83,52.61,AB,golf ball,43
6/17/2008 22:19,2008,6,17,22,-103.5,49.1,SK,quarter,24
6/17/2008 23:05,2008,6,17,23,-113.47,53.55,AB,nickel,21
6/18/2008 18:29,2008,6,18,18,-101.1,49.86,MB,ping pong,40
6/18/2008 18:50,2008,6,18,18,-101.45,49.17,SK,nickel,21
6/18/2008 19:34,2008,6,18,19,-101,49.2,MB,loonie,26.5
6/18/2008 19:50,2008,6,18,19,-100.99,49.03,MB,quarter,24
6/18/2008 22:20,2008,6,18,22,-101.9,49.72,SK,nickel,21
6/18/2008 23:50,2008,6,18,23,-112.78,51.77,AB,walnut,35
6/19/2008 20:32,2008,6,19,20,-103.1,51.53,SK,quarter,24
6/19/2008 21:17,2008,6,19,21,-102.2,51.35,SK,nickel,21
6/19/2008 21:40,2008,6,19,21,-101.27,49.68,MB,nickel,21
6/19/2008 22:50,2008,6,19,22,-100.81,50.84,MB,nickel,21
6/21/2008 19:29,2008,6,21,19,-97.61,50.89,MB,loonie,26.5
6/21/2008 19:30,2008,6,21,19,-97.82,50.89,MB,quarter,24
6/21/2008 20:15,2008,6,21,20,-97.23,50.44,MB,quarter,24
6/24/2008 0:20,2008,6,24,0,-99.57,49.01,MB,nickel,21
6/24/2008 0:30,2008,6,24,0,-99.67,49.03,MB,nickel,21
6/24/2008 0:39,2008,6,24,0,-99.47,49.1,MB,quarter,24
6/25/2008 20:45,2008,6,25,20,-113.93,51.88,AB,toonie,28
6/26/2008 23:25,2008,6,26,23,-106.98,51.1,SK,nickel,21
7/1/2008 2:45,2008,7,1,2,-108.4,51.48,SK,nickel,21
7/1/2008 22:10,2008,7,1,22,-95.83,49.18,MB,loonie,26.5
7/1/2008 22:57,2008,7,1,22,-95.63,49.03,MB,estimated 1 inch,25
7/3/2008 1:50,2008,7,3,1,-117.797,53.527,AB,nickel,21
7/3/2008 2:50,2008,7,3,2,-117.683,53.367,AB,golf ball,43
7/4/2008 22:50,2008,7,4,22,-114.92,52.19,AB,estimated 30mm,30
7/6/2008 1:04,2008,7,6,1,-97.55,50.17,MB,toonie,28
7/6/2008 1:18,2008,7,6,1,-97.62,49.35,MB,toonie,28
7/6/2008 2:40,2008,7,6,2,-96.68,49.42,MB,estimated 25mm,25
7/6/2008 3:00,2008,7,6,3,-114,53.53,AB,half golf ball,21
7/6/2008 20:55,2008,7,6,20,-104.92,49.55,SK,loonie,26.5
7/6/2008 21:05,2008,7,6,21,-106.47,50.07,SK,hen egg,50
7/6/2008 22:05,2008,7,6,22,-110.92,51.45,AB,nickel,21
7/6/2008 22:10,2008,7,6,22,-104.28,49.43,SK,quarter,24
7/6/2008 22:10,2008,7,6,22,-114.4,51.53,AB,golf ball,43
7/6/2008 23:15,2008,7,6,23,-110.47,51.28,AB,estimated 50mm,50
7/6/2008 23:28,2008,7,6,23,-109.7,51.27,SK,quarter,24
7/6/2008 23:30,2008,7,6,23,-113.82,51.05,AB,nickel,21
7/6/2008 23:57,2008,7,6,23,-109.98,51.35,SK,golf ball,43
7/7/2008 0:10,2008,7,7,0,-108.68,51.1,SK,nickel,21
7/7/2008 0:18,2008,7,7,0,-108.45,51.1,SK,golf ball,43
7/7/2008 0:48,2008,7,7,0,-102.98,49.25,SK,golf ball,43
7/7/2008 1:04,2008,7,7,1,-108.08,50.93,SK,quarter,24
7/7/2008 1:30,2008,7,7,1,-112.03,51.6,AB,golf ball,43
7/7/2008 1:40,2008,7,7,1,-108.03,50.83,SK,loonie,26.5
7/7/2008 19:55,2008,7,7,19,-100.07,49.02,MB,quarter,24
7/7/2008 20:05,2008,7,7,20,-99.8,49.05,MB,quarter,24
7/9/2008 21:05,2008,7,9,21,-114.03,51.478,AB,quarter,24
7/9/2008 21:20,2008,7,9,21,-113.706,51.275,AB,estimated 20mm,20
7/10/2008 0:27,2008,7,10,0,-109.12,50.76,SK,quarter,24
7/10/2008 0:55,2008,7,10,0,-108.75,50.73,SK,quarter,24
7/10/2008 1:01,2008,7,10,1,-108.08,50.45,SK,estimated 1 inch,25
7/10/2008 1:12,2008,7,10,1,-108.467,50.62,SK,golf ball,43
7/10/2008 1:39,2008,7,10,1,-108.23,50.53,SK,quarter,24
7/10/2008 1:47,2008,7,10,1,-108.08,50.45,SK,golf ball,43
7/10/2008 2:10,2008,7,10,2,-113.81,52.51,AB,golf ball,43
7/10/2008 2:10,2008,7,10,2,-113.73,52.512,AB,half golf ball,21
7/10/2008 2:11,2008,7,10,2,-107.683,50.3,SK,nickel,21
7/10/2008 2:30,2008,7,10,2,-107.65,50.167,SK,loonie,26.5
7/10/2008 2:53,2008,7,10,2,-107.3,49.917,SK,loonie,26.5
7/10/2008 3:15,2008,7,10,3,-107.02,49.85,SK,nickel,21
7/10/2008 21:05,2008,7,10,21,-102.75,51.7,SK,golf ball,43
7/10/2008 21:15,2008,7,10,21,-104.53,51.75,SK,loonie,26.5
7/10/2008 22:23,2008,7,10,22,-103.87,51.75,SK,ping pong,40
7/10/2008 23:05,2008,7,10,23,-101.5,51.7,MB,golf ball,43
7/10/2008 23:08,2008,7,10,23,-113.1,49.8,AB,golf ball,43
7/10/2008 23:15,2008,7,10,23,-103.67,50.53,SK,quarter,24
7/10/2008 23:25,2008,7,10,23,-103.53,52.44,SK,estimated 1.5 inch,38
7/10/2008 23:58,2008,7,10,23,-112.62,49.72,AB,golf ball,43
7/11/2008 0:00,2008,7,11,0,-103.25,51.026,SK,quarter,24
7/11/2008 0:00,2008,7,11,0,-112.82,49.7,AB,hen egg,50
7/11/2008 0:30,2008,7,11,0,-111.28,50.03,AB,quarter,24
7/11/2008 0:42,2008,7,11,0,-110.67,50.05,AB,loonie,26.5
7/11/2008 0:55,2008,7,11,0,-102.47,51.217,SK,quarter,24
7/11/2008 1:08,2008,7,11,1,-108.47,50.62,SK,quarter,24
7/11/2008 1:10,2008,7,11,1,-102.27,51.22,SK,baseball,74
7/11/2008 2:20,2008,7,11,2,-103.03,49.64,SK,golf ball,43
7/11/2008 2:23,2008,7,11,2,-108.22,50.88,SK,golf ball,43
7/11/2008 2:25,2008,7,11,2,-103.03,49.64,SK,estimated 45mm,45
7/11/2008 2:30,2008,7,11,2,-108.71,49.65,SK,loonie,26.5
7/11/2008 2:45,2008,7,11,2,-107.48,49.75,SK,golf ball,43
7/11/2008 3:30,2008,7,11,3,-101.6,51.08,SK,loonie,26.5
7/11/2008 3:30,2008,7,11,3,-100.81,50.67,MB,loonie,26.5
7/11/2008 4:11,2008,7,11,4,-107.16,49.667,SK,quarter,24
7/11/2008 4:53,2008,7,11,4,-101,49.27,MB,loonie,26.5
7/11/2008 15:50,2008,7,11,15,-100.18,50.54,MB,golf ball,43
7/11/2008 15:58,2008,7,11,15,-95.98,49.075,MB,quarter,24
7/11/2008 16:00,2008,7,11,16,-98,49.5,MB,nickel,21
7/11/2008 21:30,2008,7,11,21,-101,49.27,MB,nickel,21
7/11/2008 21:40,2008,7,11,21,-100.4,50.407,MB,nickel,21
7/13/2008 22:40,2008,7,13,22,-114.72,52.45,AB,loonie,26.5
7/13/2008 22:50,2008,7,13,22,-114.48,52.37,AB,quarter,24
7/13/2008 23:02,2008,7,13,23,-100.4,51.53,MB,nickel,21
7/13/2008 23:45,2008,7,13,23,-114.03,52.12,AB,golf ball,43
7/14/2008 0:39,2008,7,14,0,-113.58,51.73,AB,nickel,21
7/14/2008 1:15,2008,7,14,1,-114.15,51.78,AB,quarter,24
7/26/2008 22:05,2008,7,26,22,-110.45,52.32,AB,nickel,21
5/26/2014 22:46,2014,5,26,22,-102.283,49.833,SK,estimated 28mm,28
5/27/2014 1:45,2014,5,27,1,-100.996,49.268,MB,estimated 27mm,27
5/28/2014 23:10,2014,5,28,23,-108.74,50.74,SK,nickel,21
5/29/2014 2:05,2014,5,29,2,-106.867,51.047,SK,quarter,24
5/29/2014 2:25,2014,5,29,2,-106.583,51.117,SK,golf ball,43
5/29/2014 2:35,2014,5,29,2,-108.417,49.65,SK,pea,8
5/29/2014 2:55,2014,5,29,2,-108.417,49.65,SK,toonie,28
5/29/2014 3:30,2014,5,29,3,-105.983,51.267,SK,estimated 28mm,28
5/29/2014 3:30,2014,5,29,3,-107.583,49.067,SK,estimated half inch,13
5/29/2014 23:25,2014,5,29,23,-102.283,49.833,SK,loonie,26.5
5/29/2014 23:43,2014,5,29,23,-101.356,51.23,MB,loonie,26.5
5/30/2014 1:20,2014,5,30,1,-100.996,49.268,MB,quarter,24
5/30/2014 1:30,2014,5,30,1,-113.95,52.467,AB,toonie,28
5/30/2014 2:30,2014,5,30,2,-99.952,49.487,MB,toonie,28
6/1/2014 20:07,2014,6,1,20,-115.787,54.1411,AB,estimated 10mm,10
6/2/2014 1:00,2014,6,2,1,-114.7773,55.2936,AB,dime,18
6/2/2014 20:15,2014,6,2,20,-115.343,51.088,AB,dime,18
6/3/2014 21:30,2014,6,3,21,-106.583,51.117,SK,pea,8
6/3/2014 1:40,2014,6,3,1,-113.806,52.274,AB,pea,8
6/4/2014 22:30,2014,6,4,22,-100.996,49.268,MB,quarter,24
6/4/2014 21:55,2014,6,4,21,-113.54,53.324,AB,pea,8
6/5/2014 21:28,2014,6,5,21,-113.418,53.583,AB,pea,8
6/5/2014 23:20,2014,6,5,23,-113.54,53.324,AB,pea,8
6/6/2014 21:54,2014,6,6,21,-108.417,49.65,SK,pea,8
6/9/2014 23:35,2014,6,9,23,-108.81,49.51,SK,nickel,21
6/9/2014 20:43,2014,6,9,20,-111.7318,50.0305,AB,quarter,24
6/9/2014 21:30,2014,6,9,21,-110.9081,49.87644,AB,loonie,26.5
6/11/2014 23:45,2014,6,11,23,-106.5736,55.5172,SK,pea,8
6/16/2014 19:20,2014,6,16,19,-113.4048,49.1239,AB,pea,8
6/20/2014 23:13,2014,6,20,23,-95.88,50.15,MB,quarter,24
6/21/2014 19:30,2014,6,21,19,-102.58,50.37,SK,estimated 21mm,21
6/21/2014 21:25,2014,6,21,21,-96.94,49.75,MB,quarter,24
6/21/2014 21:30,2014,6,21,21,-96.93,49.74,MB,golf ball,43
6/21/2014 0:05,2014,6,21,0,-114.6603,53.25061,AB,dime,18
6/22/2014 0:35,2014,6,22,0,-97.33,50.13,MB,quarter,24
6/22/2014 1:10,2014,6,22,1,-96.94,50.08,MB,ping pong,40
6/22/2014 1:22,2014,6,22,1,-96.88,50.14,MB,golf ball,43
6/22/2014 1:40,2014,6,22,1,-96.52,50.06,MB,nickel,21
6/22/2014 1:45,2014,6,22,1,-96.51,50.06,MB,nickel,21
6/24/2014 23:03,2014,6,24,23,-114.067,51.05,AB,penny,19
6/25/2014 22:13,2014,6,25,22,-110.217,51.15,AB,dime,18
6/26/2014 1:43,2014,6,26,1,-107.733,49.233,SK,nickel,21
6/27/2014 23:20,2014,6,27,23,-97.115,49.83,MB,dime,18
6/27/2014 22:49,2014,6,27,22,-114.469,51.402,AB,pea,8
6/28/2014 21:50,2014,6,28,21,-112.103,53.516,AB,pea,8
6/29/2014 23:09,2014,6,29,23,-112.7923,49.68376,AB,pea,8
7/3/2014 20:54,2014,7,3,20,-117.168,54.373,AB,quarter,24
7/3/2014 23:45,2014,7,3,23,-115.03,53.914,AB,loonie,26.5
7/4/2014 0:45,2014,7,4,0,-114.917,52.367,AB,toonie,28
7/4/2014 1:40,2014,7,4,1,-114.402,54.128,AB,golf ball,43
7/4/2014 2:49,2014,7,4,2,-113.283,54.738,AB,quarter,24
7/5/2014 8:00,2014,7,5,8,-113.578,53.5418,AB,quarter,24
7/6/2014 2:40,2014,7,6,2,-114.0645,52.6064,AB,quarter,24
7/6/2014 23:25,2014,7,6,23,-113.817,51.033,AB,nickel,21
7/7/2014 0:05,2014,7,7,0,-114.385,51.234,AB,toonie,28
7/7/2014 1:23,2014,7,7,1,-114.1,51.648,AB,quarter,24
7/7/2014 1:30,2014,7,7,1,-114.133,51.667,AB,quarter,24
7/9/2014 22:45,2014,7,9,22,-114.9,53.1,AB,nickel,21
7/9/2014 23:28,2014,7,9,23,-113.97,52.792,AB,quarter,24
7/9/2014 23:30,2014,7,9,23,-114.633,52.55,AB,quarter,24
7/10/2014 0:10,2014,7,10,0,-114.362,52.56,AB,golf ball,43
7/10/2014 0:15,2014,7,10,0,-112.95,53.678,AB,loonie,26.5
7/10/2014 0:50,2014,7,10,0,-113.783,52.383,AB,quarter,24
7/10/2014 1:10,2014,7,10,1,-111.887,53.834,AB,nickel,21
7/10/2014 2:41,2014,7,10,2,-111.016,53.333,AB,quarter,24
7/10/2014 3:15,2014,7,10,3,-113.183,52.183,AB,nickel,21
7/11/2014 1:55,2014,7,11,1,-113.709,50.033,AB,golf ball,43
7/11/2014 2:17,2014,7,11,2,-113.5,49.867,AB,golf ball,43
7/11/2014 3:40,2014,7,11,3,-112.664,49.471,AB,golf ball,43
7/15/2014 23:30,2014,7,15,23,-111.8851,60.0056,NT,loonie,26.5
7/16/2014 22:40,2014,7,16,22,-111.1,54.04,AB,toonie,28
7/16/2014 23:25,2014,7,16,23,-111.0231,53.8774,AB,quarter,24
7/17/2014 19:20,2014,7,17,19,-114.59,52.25,AB,pea,8
7/17/2014 20:00,2014,7,17,20,-114.61,51.51,AB,golf ball,43
7/17/2014 20:25,2014,7,17,20,-110.16,52.29,AB,larger than golf ball,50
7/17/2014 20:35,2014,7,17,20,-114.65,51.298,AB,golf ball,43
7/17/2014 20:37,2014,7,17,20,-110.42,52.19,AB,toonie,28
7/17/2014 20:55,2014,7,17,20,-109.93,52.33,SK,quarter,24
7/17/2014 21:17,2014,7,17,21,-114.033,51.3,AB,golf ball,43
7/17/2014 21:30,2014,7,17,21,-114.017,51.217,AB,tennis,67
7/17/2014 21:45,2014,7,17,21,-114.1,51.783,AB,quarter,24
7/19/2014 23:11,2014,7,19,23,-114.917,52.367,AB,quarter,24
7/19/2014 23:39,2014,7,19,23,-114.75,52.227,AB,golf ball,43
7/20/2014 0:17,2014,7,20,0,-114.311,52.057,AB,golf ball,43
7/20/2014 0:26,2014,7,20,0,-114.033,51.917,AB,golf ball,43
7/20/2014 1:30,2014,7,20,1,-113.467,51.618,AB,quarter,24
7/20/2014 20:15,2014,7,20,20,-114.233,51.133,AB,pea,8
7/21/2014 18:27,2014,7,21,18,-114.217,50.517,AB,pea,8
7/21/2014 20:10,2014,7,21,20,-113.682,50.097,AB,toonie,28
7/21/2014 21:20,2014,7,21,21,-113.117,49.8,AB,quarter,24
7/21/2014 21:40,2014,7,21,21,-109.75,50.56,SK,quarter,24
7/23/2014 23:06,2014,7,23,23,-110.431,51.792,AB,quarter,24
7/24/2014 2:15,2014,7,24,2,-109.52,49.3,SK,golf ball,43
7/24/2014 2:30,2014,7,24,2,-113.9126,49.0504,AB,quarter,24
7/24/2014 2:40,2014,7,24,2,-109.49,49.26,SK,tennis,67
7/24/2014 20:25,2014,7,24,20,-115.683,54.15,AB,loonie,26.5
7/24/2014 21:27,2014,7,24,21,-108.383,49.2,SK,walnut,35
7/24/2014 22:05,2014,7,24,22,-107.75,49.733,SK,nickel,21
7/29/2014 22:45,2014,7,29,22,-116.979,53.233,AB,dime,18
7/30/2014 2:35,2014,7,30,2,-114.967,53.65,AB,pea,8
7/31/2014 1:18,2014,7,31,1,-115.202,54.284,AB,pea,8
7/31/2014 2:10,2014,7,31,2,-115.358,53.678,AB,pea,8
8/1/2014 0:30,2014,8,1,0,-114.56,50.952,AB,tennis,67
8/1/2014 2:08,2014,8,1,2,-114.583,50.896,AB,non-severe,8
8/1/2014 2:38,2014,8,1,2,-115.974,52.471,AB,baseball,74
8/1/2014 7:50,2014,8,1,7,-112.783,51.667,AB,nickel,21
8/3/2014 1:40,2014,8,3,1,-110.5606,54.5011,AB,pea,8
8/3/2014 23:10,2014,8,3,23,-113.957,52.0231,AB,penny,19
8/3/2014 23:50,2014,8,3,23,-115.294,52.4445,AB,toonie,28
8/4/2014 21:45,2014,8,4,21,-114.233,50.533,AB,quarter,24
8/4/2014 22:00,2014,8,4,22,-113.818,49.1312,AB,pea,8
8/5/2014 0:20,2014,8,5,0,-113.2341,51.8262,AB,pea,8
8/5/2014 0:45,2014,8,5,0,-112.71,51.4633,AB,dime,18
8/5/2014 0:55,2014,8,5,0,-112.7881,49,AB,dime,18
8/6/2014 22:45,2014,8,6,22,-114.628,51.55,AB,walnut,35
8/7/2014 19:30,2014,8,7,19,-101.52,50.32,SK,golf ball,43
8/7/2014 0:05,2014,8,7,0,-114.646,51.55,AB,quarter,24
8/7/2014 0:50,2014,8,7,0,-114.283,51.433,AB,toonie,28
8/7/2014 1:40,2014,8,7,1,-114,51.297,AB,larger than golf ball,50
8/7/2014 5:45,2014,8,7,5,-113.95,52.033,AB,estimated 30mm,30
8/7/2014 19:08,2014,8,7,19,-116.075,52.471,AB,pea,8
8/7/2014 21:06,2014,8,7,21,-116.967,53.217,AB,toonie,28
8/7/2014 21:30,2014,8,7,21,-114.324,51.272,AB,toonie,28
8/7/2014 22:04,2014,8,7,22,-114.6,52.383,AB,quarter,24
8/7/2014 22:13,2014,8,7,22,-114.033,51.3,AB,golf ball,43
8/7/2014 22:34,2014,8,7,22,-114.367,52.35,AB,golf ball,43
8/7/2014 23:07,2014,8,7,23,-114.083,52.317,AB,toonie,28
8/7/2014 23:10,2014,8,7,23,-114.333,51.783,AB,quarter,24
8/7/2014 23:22,2014,8,7,23,-115.073,52.271,AB,golf ball,43
8/7/2014 23:35,2014,8,7,23,-113.8,52.267,AB,larger than golf ball,50
8/8/2014 0:00,2014,8,8,0,-104.92,49.67,SK,loonie,26.5
8/8/2014 19:50,2014,8,8,19,-109.48,50.29,SK,golf ball,43
8/8/2014 21:30,2014,8,8,21,-109.7,51.27,SK,nickel,21
8/8/2014 23:30,2014,8,8,23,-100.48,51.15,MB,nickel,21
8/8/2014 23:40,2014,8,8,23,-108.75,51.5,SK,quarter,24
8/8/2014 0:00,2014,8,8,0,-112.983,51.278,AB,baseball,74
8/8/2014 0:00,2014,8,8,0,-113.95,52.033,AB,toonie,28
8/8/2014 0:05,2014,8,8,0,-113.948,51.781,AB,toonie,28
8/8/2014 0:50,2014,8,8,0,-113.467,51.618,AB,nickel,21
8/8/2014 1:30,2014,8,8,1,-114.6,51.5,AB,quarter,24
8/8/2014 2:26,2014,8,8,2,-114.033,51.3,AB,golf ball,43
8/8/2014 21:05,2014,8,8,21,-111.143,52.102,AB,pea,8
8/8/2014 21:22,2014,8,8,21,-114.083,51.05,AB,nickel,21
8/8/2014 21:30,2014,8,8,21,-113.983,50.733,AB,golf ball,43
8/8/2014 22:27,2014,8,8,22,-113.383,51.05,AB,quarter,24
8/8/2014 23:00,2014,8,8,23,-113.348,50.717,AB,quarter,24
8/8/2014 23:00,2014,8,8,23,-113.05,50.867,AB,toonie,28
8/9/2014 0:05,2014,8,9,0,-107.13,49.7,SK,golf ball,43
8/9/2014 2:00,2014,8,9,2,-106.55,49.85,SK,hen egg,50
8/13/2014 21:30,2014,8,13,21,-115.409,54.715,AB,pea,8
8/14/2014 21:50,2014,8,14,21,-112.623,50.35,AB,quarter,24
8/15/2014 0:00,2014,8,15,0,-112.25,51.13,AB,pea,8
8/15/2014 21:00,2014,8,15,21,-113.855,49.2636,AB,pea,8
8/16/2014 18:55,2014,8,16,18,-113.647,50.151,AB,pea,8
8/17/2014 19:05,2014,8,17,19,-110.167,54.45,AB,pea,8
8/19/2014 21:10,2014,8,19,21,-114.023,50.772,AB,dime,18
8/19/2014 22:10,2014,8,19,22,-113.633,50.867,AB,nickel,21
8/19/2014 22:40,2014,8,19,22,-113.05,50.957,AB,loonie,26.5
8/19/2014 23:48,2014,8,19,23,-117.283,54.887,AB,quarter,24
8/27/2014 22:40,2014,8,27,22,-114.655,52.961,AB,dime,18
8/27/2014 23:18,2014,8,27,23,-114.283,52.84,AB,loonie,26.5
8/28/2014 0:20,2014,8,28,0,-113.583,52.7,AB,nickel,21
8/28/2014 21:55,2014,8,28,21,-112.817,49.683,AB,pea,8
8/28/2014 23:20,2014,8,28,23,-111.783,49.5,AB,nickel,21
8/29/2014 0:15,2014,8,29,0,-101.967,50.177,SK,quarter,24
8/29/2014 0:20,2014,8,29,0,-111.417,49.214,AB,quarter,24
8/30/2014 23:00,2014,8,30,23,-114.1,51.78,AB,golf ball,43
5/27/2015 21:16,2015,5,27,21,-118.783,55.167,AB,pea,8
5/30/2015 21:25,2015,5,30,21,-113.997,49.521,AB,pea,8
5/30/2015 21:30,2015,5,30,21,-113.95,49.483,AB,pea,8
5/30/2015 22:15,2015,5,30,22,-113.633,49.283,AB,quarter,24
5/31/2015 23:15,2015,5,31,23,-109.6,53.133,SK,nickel,21
5/31/2015 23:50,2015,5,31,23,-113.55,53.195,AB,ping pong,40
6/1/2015 0:00,2015,6,1,0,-113.468,53.183,AB,golf ball,43
6/1/2015 0:00,2015,6,1,0,-108,51.55,SK,estimated half inch,13
6/1/2015 0:29,2015,6,1,0,-110.668,53.997,AB,quarter,24
6/1/2015 0:35,2015,6,1,0,-109.292,53.088,SK,pea,8
6/1/2015 0:45,2015,6,1,0,-108.6,52.933,SK,quarter,24
6/2/2015 0:00,2015,6,2,0,-100.996,49.268,MB,quarter,24
6/2/2015 0:01,2015,6,2,0,-100.85,49.065,MB,pea,8
6/4/2015 23:00,2015,6,4,23,-114.033,51.3,AB,nickel,21
6/5/2015 0:53,2015,6,5,0,-112.867,50.567,AB,pea,8
6/5/2015 20:05,2015,6,5,20,-110.043,49.947,AB,pea,8
6/5/2015 21:30,2015,6,5,21,-109.883,49.567,SK,nickel,21
6/6/2015 1:00,2015,6,6,1,-105.217,50.717,SK,dime,18
6/7/2015 21:05,2015,6,7,21,-97.146,49.884,MB,marble,16
6/7/2015 21:11,2015,6,7,21,-97.146,49.884,MB,loonie,26.5
6/7/2015 21:15,2015,6,7,21,-97.146,49.884,MB,smaller than loonie,24
6/7/2015 21:25,2015,6,7,21,-97.146,49.884,MB,nickel,21
6/7/2015 21:30,2015,6,7,21,-97.146,49.884,MB,nickel,21
6/7/2015 22:40,2015,6,7,22,-98.083,49.183,MB,ping pong,40
6/11/2015 23:15,2015,6,11,23,-113.583,52.655,AB,golf ball,43
6/11/2015 23:45,2015,6,11,23,-107.658,50.6,SK,quarter,24
6/11/2015 23:55,2015,6,11,23,-113.62,53.692,AB,nickel,21
6/12/2015 0:25,2015,6,12,0,-113.62,53.692,AB,loonie,26.5
6/12/2015 1:00,2015,6,12,1,-107.297,50.484,SK,golf ball,43
6/12/2015 1:40,2015,6,12,1,-107.05,50.417,SK,golf ball,43
6/12/2015 1:40,2015,6,12,1,-109.84,53.379,SK,toonie,28
6/12/2015 1:40,2015,6,12,1,-111.04,53.817,AB,nickel,21
6/12/2015 16:45,2015,6,12,16,-114.002,50.303,AB,pea,8
6/12/2015 18:20,2015,6,12,18,-113.15,50.233,AB,golf ball,43
6/12/2015 18:30,2015,6,12,18,-113.633,50.167,AB,toonie,28
6/12/2015 20:40,2015,6,12,20,-108.121,49.84,SK,marble,16
6/12/2015 21:20,2015,6,12,21,-110.667,50.05,AB,quarter,24
6/12/2015 22:35,2015,6,12,22,-101.283,50.627,MB,pea,8
6/12/2015 22:50,2015,6,12,22,-106.55,49.784,SK,quarter,24
6/12/2015 23:00,2015,6,12,23,-107.75,49.733,SK,nickel,21
6/12/2015 23:10,2015,6,12,23,-103.033,49.683,SK,quarter,24
6/12/2015 23:30,2015,6,12,23,-101.219,50.74,MB,estimated 19mm,19
6/13/2015 0:40,2015,6,13,0,-114.179,51.111,AB,nickel,21
6/13/2015 1:55,2015,6,13,1,-104.917,49.583,SK,estimated 19mm,19
6/13/2015 2:25,2015,6,13,2,-104.283,49.45,SK,toonie,28
6/13/2015 3:16,2015,6,13,3,-102.267,49.633,SK,golf ball,43
6/13/2015 19:06,2015,6,13,19,-98.37,50.074,MB,pea,8
6/14/2015 23:20,2015,6,14,23,-114.555,52.326,AB,pea,8
6/16/2015 21:35,2015,6,16,21,-112.517,54.633,AB,quarter,24
6/17/2015 19:02,2015,6,17,19,-98.901,50.6,MB,nickel,21
6/17/2015 21:15,2015,6,17,21,-103.4,49.4,SK,grape,16
6/17/2015 21:55,2015,6,17,21,-101.7,49.567,SK,pea,8
6/17/2015 22:00,2015,6,17,22,-97.146,49.884,MB,pea,8
6/17/2015 22:15,2015,6,17,22,-96.516,50.062,MB,pea,8
6/17/2015 22:55,2015,6,17,22,-101.094,49.562,MB,pea,8
6/19/2015 18:25,2015,6,19,18,-113.348,50.106,AB,nickel,21
6/19/2015 18:40,2015,6,19,18,-113.361,50.233,AB,quarter,24
6/19/2015 20:45,2015,6,19,20,-115.698,52.782,AB,nickel,21
6/19/2015 21:20,2015,6,19,21,-105.683,50.933,SK,pea,8
6/19/2015 22:00,2015,6,19,22,-108.567,49.2,SK,nickel,21
6/20/2015 0:30,2015,6,20,0,-104.638,50.432,SK,nickel,21
6/20/2015 0:30,2015,6,20,0,-104.617,50.45,SK,quarter,24
6/20/2015 1:30,2015,6,20,1,-102.933,50.417,SK,nickel,21
6/20/2015 19:00,2015,6,20,19,-103.667,50.562,SK,golf ball,43
6/20/2015 20:15,2015,6,20,20,-102.833,50.1,SK,quarter,24
6/20/2015 21:00,2015,6,20,21,-101.6,49.383,SK,pea,8
6/20/2015 22:00,2015,6,20,22,-101.263,49.18,MB,pea,8
6/20/2015 22:40,2015,6,20,22,-113.9,53.533,AB,pea,8
6/20/2015 23:00,2015,6,20,23,-113.2,53.7,AB,pea,8
6/20/2015 23:30,2015,6,20,23,-113.458,53.418,AB,pea,8
6/20/2015 23:55,2015,6,20,23,-101.263,49.045,MB,marble,16
6/21/2015 2:20,2015,6,21,2,-113.428,53.461,AB,nickel,21
6/21/2015 17:30,2015,6,21,17,-114.083,51.05,AB,dime,18
8/21/2015 21:15,2015,8,21,21,-113.383,51.717,AB,pea,8
6/21/2015 22:28,2015,6,21,22,-105.767,53.245,SK,pea,8
8/21/2015 22:40,2015,8,21,22,-110,53.267,AB,pea,8
6/22/2015 2:20,2015,6,22,2,-104.617,50.45,SK,pea,8
6/22/2015 22:00,2015,6,22,22,-118.883,55.183,AB,pea,8
6/23/2015 20:00,2015,6,23,20,-113.961,50.033,AB,quarter,24
6/23/2015 21:10,2015,6,23,21,-113.5,49.867,AB,nickel,21
6/23/2015 22:20,2015,6,23,22,-112.817,49.683,AB,nickel,21
6/23/2015 22:50,2015,6,23,22,-100.497,50.244,MB,golf ball,43
6/24/2015 0:40,2015,6,24,0,-98.094,49.749,MB,dime,18
6/24/2015 1:10,2015,6,24,1,-110.43,49.897,AB,nickel,21
6/24/2015 2:20,2015,6,24,2,-113.917,53.479,AB,nickel,21
6/24/2015 19:55,2015,6,24,19,-100.436,49.857,MB,pea,8
6/24/2015 20:00,2015,6,24,20,-100.383,49.884,MB,pea,8
6/24/2015 20:09,2015,6,24,20,-100.549,49.822,MB,small,5
6/24/2015 22:50,2015,6,24,22,-97.146,49.884,MB,quarter,24
6/24/2015 22:55,2015,6,24,22,-97.146,49.884,MB,pea,8
6/26/2015 1:25,2015,6,26,1,-100.034,50.391,MB,estimated 1 inch,25
6/26/2015 1:35,2015,6,26,1,-99.834,50.361,MB,golf ball,43
6/26/2015 17:45,2015,6,26,17,-99.492,50.773,MB,larger than pea,12
6/26/2015 21:00,2015,6,26,21,-103.45,50.233,SK,pea,8
6/26/2015 21:40,2015,6,26,21,-98.974,50.799,MB,estimated 15mm,15
6/26/2015 22:25,2015,6,26,22,-102.917,51.433,SK,pea,8
6/27/2015 19:20,2015,6,27,19,-98.244,49.367,MB,golf ball,43
6/27/2015 19:50,2015,6,27,19,-98.232,49.2,MB,toonie,28
6/27/2015 20:10,2015,6,27,20,-97.959,49.05,MB,marble,16
6/27/2015 21:00,2015,6,27,21,-96.996,50.998,MB,nickel,21
6/27/2015 22:15,2015,6,27,22,-97.214,50.603,MB,golf ball,43
6/27/2015 22:15,2015,6,27,22,-97.214,50.639,MB,tennis,67
6/28/2015 0:40,2015,6,28,0,-97.146,49.884,MB,loonie,26.5
7/1/2015 2:45,2015,7,1,2,-114.639,51.075,AB,toonie,28
7/1/2015 3:26,2015,7,1,3,-114.509,50.988,AB,golf ball,43
7/1/2015 19:14,2015,7,1,19,-110.667,50.033,AB,pea,8
7/1/2015 20:10,2015,7,1,20,-109.228,49.383,SK,pea,8
7/1/2015 20:30,2015,7,1,20,-109.35,49.383,SK,marble,16
7/1/2015 22:00,2015,7,1,22,-108.017,49.717,SK,shot,8
7/3/2015 19:50,2015,7,3,19,-109.217,54.4,SK,quarter,24
7/3/2015 20:30,2015,7,3,20,-111.443,52.422,AB,pea,8
7/3/2015 22:00,2015,7,3,22,-111.624,52.232,AB,pea,8
7/3/2015 22:00,2015,7,3,22,-110.097,53.673,AB,nickel,21
7/3/2015 22:20,2015,7,3,22,-110.467,51.35,AB,pea,8
7/3/2015 22:30,2015,7,3,22,-110.45,52.75,AB,nickel,21
7/4/2015 1:45,2015,7,4,1,-109.133,51.917,SK,small,5
7/4/2015 2:00,2015,7,4,2,-114.783,52.95,AB,quarter,24
7/4/2015 3:30,2015,7,4,3,-114.067,52.467,AB,golf ball,43
7/4/2015 18:45,2015,7,4,18,-97.08,50.93,MB,nickel,21
7/4/2015 19:40,2015,7,4,19,-102.35,50.017,SK,loonie,26.5
7/4/2015 19:50,2015,7,4,19,-114.898,53.166,AB,pea,8
7/4/2015 19:50,2015,7,4,19,-98.58,50.093,MB,walnut,35
7/4/2015 20:30,2015,7,4,20,-102.083,49.6,SK,estimated 65mm,65
7/4/2015 21:00,2015,7,4,21,-114.083,51.05,AB,small,5
7/4/2015 21:15,2015,7,4,21,-99.843,50.245,MB,larger than nickel,23
7/4/2015 21:35,2015,7,4,21,-101.239,49.976,MB,golf ball,43
7/4/2015 22:00,2015,7,4,22,-97.05,50.633,MB,small,5
7/5/2015 3:15,2015,7,5,3,-111.95,49,AB,quarter,24
7/5/2015 3:20,2015,7,5,3,-96.684,49.526,MB,ping pong,40
7/7/2015 2:04,2015,7,7,2,-113.187,52.399,AB,pea,8
7/7/2015 20:30,2015,7,7,20,-100.393,51.529,MB,penny,19
7/7/2015 23:25,2015,7,7,23,-102.447,51.371,SK,marble,16
7/8/2015 0:20,2015,7,8,0,-102.808,50.931,SK,dime,18
7/8/2015 1:07,2015,7,8,1,-101.408,50.978,MB,larger than pea,12
7/11/2015 22:15,2015,7,11,22,-113.25,50.4,AB,pea,8
7/12/2015 0:10,2015,7,12,0,-111.883,50.466,AB,loonie,26.5
7/12/2015 0:15,2015,7,12,0,-104.517,49.983,SK,quarter,24
7/12/2015 1:50,2015,7,12,1,-112.871,53.242,AB,dime,18
7/12/2015 2:10,2015,7,12,2,-114.083,51.05,AB,loonie,26.5
7/12/2015 4:40,2015,7,12,4,-99.663,49.183,MB,quarter,24
7/12/2015 17:05,2015,7,12,17,-117.283,56.233,AB,pea,8
7/12/2015 18:55,2015,7,12,18,-112.325,51.958,AB,quarter,24
7/13/2015 0:15,2015,7,13,0,-99.359,49.869,MB,golf ball,43
7/13/2015 19:48,2015,7,13,19,-113.533,50,AB,small,5
7/14/2015 2:00,2015,7,14,2,-114.467,51.189,AB,pea,8
7/14/2015 20:10,2015,7,14,20,-114.133,51.283,AB,pea,8
7/14/2015 20:25,2015,7,14,20,-108.412,49.651,SK,dime,18
7/14/2015 21:00,2015,7,14,21,-113.95,51.133,AB,dime,18
7/14/2015 21:20,2015,7,14,21,-113.817,51.033,AB,non-severe,8
7/14/2015 21:20,2015,7,14,21,-113.8911,51.0957,AB,nickel,21
7/14/2015 21:45,2015,7,14,21,-101.057,50.241,MB,pea,8
7/14/2015 23:00,2015,7,14,23,-110.1241,50.5696,AB,pea,8
7/14/2015 23:00,2015,7,14,23,-114.393,50.898,AB,pea,8
7/15/2015 20:30,2015,7,15,20,-98.666,50.55,MB,dime,18
7/15/2015 21:35,2015,7,15,21,-99.84,51.143,MB,toonie,28
7/15/2015 21:45,2015,7,15,21,-99.966,49.847,MB,pea,8
7/15/2015 21:45,2015,7,15,21,-96.636,49.885,MB,pea,8
7/15/2015 21:50,2015,7,15,21,-99.95,49.833,MB,pea,8
7/15/2015 22:00,2015,7,15,22,-98.292,49.973,MB,pea,8
7/15/2015 22:20,2015,7,15,22,-98.147,50.019,MB,dime,18
7/16/2015 0:10,2015,7,16,0,-97.359,49.473,MB,pea,8
7/16/2015 1:36,2015,7,16,1,-113.867,52.133,AB,nickel,21
7/16/2015 19:50,2015,7,16,19,-106.567,52.317,SK,toonie,28
7/16/2015 20:25,2015,7,16,20,-105.994,51.5,SK,golf ball,43
7/16/2015 20:30,2015,7,16,20,-105.8,53.578,SK,golf ball,43
7/16/2015 21:50,2015,7,16,21,-106.767,52.333,SK,golf ball,43
7/16/2015 23:25,2015,7,16,23,-106.5,51.853,SK,golf ball,43
7/17/2015 2:40,2015,7,17,2,-102.437,51.634,SK,marble,16
7/17/2015 2:44,2015,7,17,2,-104.607,50.457,SK,dime,18
7/18/2015 22:20,2015,7,18,22,-104.607,50.457,SK,pea,8
7/20/2015 22:25,2015,7,20,22,-117.819,53.54,AB,golf ball,43
7/20/2015 22:45,2015,7,20,22,-112.817,49.7,AB,golf ball,43
7/20/2015 23:15,2015,7,20,23,-112.617,49.717,AB,quarter,24
7/20/2015 23:55,2015,7,20,23,-116.433,53.583,AB,tennis,67
7/21/2015 0:15,2015,7,21,0,-112.266,50.162,AB,quarter,24
7/21/2015 3:00,2015,7,21,3,-115.017,53.6,AB,pop corn,21
7/21/2015 22:25,2015,7,21,22,-114.744,51.5,AB,golf ball,43
7/21/2015 0:00,2015,7,21,0,-114.1,51.567,AB,golf ball,43
7/22/2015 0:20,2015,7,22,0,-114.464,52.466,AB,nickel,21
7/22/2015 1:10,2015,7,22,1,-113.733,52.467,AB,hen egg,50
7/22/2015 1:40,2015,7,22,1,-114.1,51.504,AB,loonie,26.5
7/22/2015 1:40,2015,7,22,1,-114.083,52.317,AB,loonie,26.5
7/22/2015 2:00,2015,7,22,2,-113.8,52.267,AB,hen egg,50
7/22/2015 2:00,2015,7,22,2,-113.117,52.467,AB,golf ball,43
7/22/2015 4:00,2015,7,22,4,-112.567,52.583,AB,toonie,28
7/22/2015 5:20,2015,7,22,5,-110.867,52.817,AB,nickel,21
7/22/2015 17:30,2015,7,22,17,-114.744,51.5,AB,nickel,21
7/22/2015 18:22,2015,7,22,18,-114.817,51.2,AB,golf ball,43
7/22/2015 19:10,2015,7,22,19,-114.083,51.05,AB,golf ball,43
7/22/2015 19:30,2015,7,22,19,-113.533,51.383,AB,golf ball,43
7/22/2015 22:15,2015,7,22,22,-110.767,51.792,AB,nickel,21
7/22/2015 23:10,2015,7,22,23,-104.3,50.3,SK,toonie,28
7/22/2015 23:20,2015,7,22,23,-109.617,51.867,SK,larger than toonie,32
7/22/2015 23:20,2015,7,22,23,-107.017,53.833,SK,estimated 40mm,40
7/22/2015 23:40,2015,7,22,23,-109.133,51.917,SK,golf ball,43
7/22/2015 23:45,2015,7,22,23,-104.8,52.9,SK,estimated 1 inch,25
7/22/2015 23:50,2015,7,22,23,-104,50.167,SK,golf ball,43
7/23/2015 0:00,2015,7,23,0,-103.867,50.1,SK,loonie,26.5
7/23/2015 0:10,2015,7,23,0,-108.724,52.038,SK,toonie,28
7/23/2015 2:00,2015,7,23,2,-105.95,53.7,SK,baseball,74
7/23/2015 2:20,2015,7,23,2,-105.497,52.902,SK,nickel,21
7/23/2015 3:15,2015,7,23,3,-102.433,51.633,SK,quarter,24
7/23/2015 20:00,2015,7,23,20,-98.292,49.973,MB,dime,18
7/23/2015 21:55,2015,7,23,21,-98.845,49.534,MB,ping pong,40
7/24/2015 0:55,2015,7,24,0,-97.761,49.191,MB,nickel,21
7/24/2015 1:10,2015,7,24,1,-113.183,52.4,AB,quarter,24
7/24/2015 21:20,2015,7,24,21,-103.262,49.313,SK,pea,8
7/24/2015 22:15,2015,7,24,22,-99.281,51.532,MB,dime,18
7/24/2015 23:10,2015,7,24,23,-101.112,52.01,MB,quarter,24
7/24/2015 23:30,2015,7,24,23,-101.239,49.976,MB,nickel,21
7/25/2015 0:45,2015,7,25,0,-95.618,50.414,MB,dime,18
7/25/2015 1:07,2015,7,25,1,-100.181,49.668,MB,nickel,21
7/25/2015 2:00,2015,7,25,2,-99.523,51.059,MB,dime,18
7/25/2015 21:49,2015,7,25,21,-113.894,52.182,AB,pea,8
7/25/2015 22:00,2015,7,25,22,-113.8,52.267,AB,dime,18
7/25/2015 22:50,2015,7,25,22,-113.12,52.333,AB,quarter,24
7/25/2015 23:30,2015,7,25,23,-103.558,49.488,SK,pea,8
7/26/2015 1:00,2015,7,26,1,-106.147,53.265,SK,ping pong,40
7/26/2015 1:42,2015,7,26,1,-105.95,53.7,SK,quarter,24
7/26/2015 1:50,2015,7,26,1,-105.767,53.4,SK,quarter,24
7/26/2015 3:10,2015,7,26,3,-105.25,53.75,SK,toonie,28
7/26/2015 3:50,2015,7,26,3,-108.283,52.783,SK,dime,18
7/26/2015 15:15,2015,7,26,15,-96.621,51.756,MB,golf ball,43
7/26/2015 19:30,2015,7,26,19,-114.6,51.1,AB,quarter,24
7/26/2015 22:40,2015,7,26,22,-98.267,49.837,MB,ping pong,40
7/26/2015 23:08,2015,7,26,23,-98.544,49.652,MB,quarter,24
7/26/2015 23:25,2015,7,26,23,-98.342,49.659,MB,golf ball,43
7/27/2015 0:10,2015,7,27,0,-99.75,50.333,MB,nickel,21
7/27/2015 0:30,2015,7,27,0,-99.863,49.601,MB,toonie,28
7/27/2015 0:35,2015,7,27,0,-99.684,49.595,MB,toonie,28
7/28/2015 0:10,2015,7,28,0,-101.45,49.167,SK,quarter,24
7/28/2015 0:30,2015,7,28,0,-101.263,49.27,MB,quarter,24
7/28/2015 1:55,2015,7,28,1,-101.667,50.133,SK,toonie,28
7/29/2015 21:30,2015,7,29,21,-114.052,52.523,AB,pea,8
7/29/2015 22:05,2015,7,29,22,-114.55,52.333,AB,nickel,21
7/29/2015 22:35,2015,7,29,22,-114.083,52.317,AB,nickel,21
7/30/2015 21:30,2015,7,30,21,-97.139,49.899,MB,pea,8
8/2/2015 1:00,2015,8,2,1,-100,49.407,MB,quarter,24
8/2/2015 4:00,2015,8,2,4,-97.303,49.136,MB,loonie,26.5
8/4/2015 23:10,2015,8,4,23,-114.083,51.05,AB,baseball,74
8/5/2015 1:00,2015,8,5,1,-113.129,51.136,AB,nickel,21
8/5/2015 19:30,2015,8,5,19,-114.629,51.285,AB,nickel,21
8/5/2015 19:55,2015,8,5,19,-114.467,50.985,AB,golf ball,43
8/5/2015 20:40,2015,8,5,20,-114.083,51.05,AB,golf ball,43
8/5/2015 20:40,2015,8,5,20,-114.017,51.217,AB,quarter,24
8/5/2015 21:20,2015,8,5,21,-114.633,51.8,AB,quarter,24
8/5/2015 21:40,2015,8,5,21,-113.817,51.033,AB,golf ball,43
8/5/2015 21:55,2015,8,5,21,-113.566,51.03,AB,nickel,21
8/5/2015 23:10,2015,8,5,23,-107.483,49.66,SK,nickel,21
8/5/2015 23:10,2015,8,5,23,-114.083,51.05,AB,quarter,24
8/5/2015 23:20,2015,8,5,23,-104.367,50.933,SK,quarter,24
8/6/2015 16:32,2015,8,6,16,-110.667,50.033,AB,small,5
8/6/2015 19:05,2015,8,6,19,-108.23,50.536,SK,pea,8
8/6/2015 19:35,2015,8,6,19,-107.794,50.288,SK,pea,8
8/6/2015 21:00,2015,8,6,21,-108.567,49.199,SK,pea,8
8/6/2015 23:38,2015,8,6,23,-105.267,50.167,SK,pea,8
8/7/2015 20:50,2015,8,7,20,-97.576,50.142,MB,larger than toonie,32
8/7/2015 21:05,2015,8,7,21,-97.219,50.086,MB,bottle cap,26
8/7/2015 21:31,2015,8,7,21,-97.252,49.774,MB,quarter,24
8/7/2015 21:40,2015,8,7,21,-97.146,49.884,MB,tennis,67
8/7/2015 23:00,2015,8,7,23,-96.649,49.67,MB,golf ball,43
8/7/2015 23:20,2015,8,7,23,-96.615,49.526,MB,golf ball,43
8/7/2015 23:40,2015,8,7,23,-96.457,49.65,MB,quarter,24
8/8/2015 0:35,2015,8,8,0,-96.148,49.284,MB,quarter,24
8/12/2015 11:10,2015,8,12,11,-99.958,50.629,MB,quarter,24
8/12/2015 12:10,2015,8,12,12,-99.939,50.639,MB,golf ball,43
8/12/2015 13:15,2015,8,12,13,-99.466,50.274,MB,quarter,24
8/12/2015 15:10,2015,8,12,15,-98.95,50.289,MB,golf ball,43
8/12/2015 17:05,2015,8,12,17,-98.084,49.983,MB,nickel,21
8/12/2015 18:20,2015,8,12,18,-97.761,49.191,MB,loonie,26.5
8/12/2015 20:55,2015,8,12,20,-96.557,49.133,MB,golf ball,43
8/12/2015 21:10,2015,8,12,21,-96.429,49.134,MB,loonie,26.5
8/14/2015 0:50,2015,8,14,0,-108.483,55.85,SK,toonie,28
8/15/2015 1:40,2015,8,15,1,-114.5031,49.6353,AB,dime,18
8/15/2015 14:00,2015,8,15,14,-107.683,50.3,SK,quarter,24
8/15/2015 23:03,2015,8,15,23,-101.887,50.898,SK,pea,8
8/15/2015 23:56,2015,8,15,23,-99.911,50.498,MB,toonie,28
8/16/2015 0:33,2015,8,16,0,-99.44,50.447,MB,golf ball,43
8/16/2015 1:00,2015,8,16,1,-99.082,50.387,MB,loonie,26.5
8/17/2015 22:30,2015,8,17,22,-113.717,53.35,AB,pea,8
8/18/2015 0:15,2015,8,18,0,-104.913,50.804,SK,pea,8
8/18/2015 0:50,2015,8,18,0,-103.676,50.572,SK,pea,8
8/21/2015 0:25,2015,8,21,0,-101.552,51.915,MB,pea,8
8/21/2015 0:35,2015,8,21,0,-101.445,51.85,MB,nickel,21
8/22/2015 7:00,2015,8,22,7,-98.581,50.13,MB,larger than golf ball,50
8/22/2015 9:10,2015,8,22,9,-97.261,50.386,MB,quarter,24
8/22/2015 9:40,2015,8,22,9,-96.975,50.428,MB,estimated 2 inches,51
8/22/2015 10:00,2015,8,22,10,-96.619,50.542,MB,golf ball,43
8/22/2015 10:15,2015,8,22,10,-96.558,50.446,MB,baseball,74
8/22/2015 10:45,2015,8,22,10,-96.218,50.566,MB,nickel,21
8/22/2015 10:45,2015,8,22,10,-96.198,50.566,MB,estimated 95mm,95
8/22/2015 10:50,2015,8,22,10,-96.225,50.569,MB,dime,18
8/22/2015 10:50,2015,8,22,10,-96.099,50.515,MB,tea cup,80
8/22/2015 15:10,2015,8,22,15,-96.774,50.017,MB,quarter,24
8/22/2015 15:10,2015,8,22,15,-96.843,49.944,MB,nickel,21
8/22/2015 16:00,2015,8,22,16,-97.94,49.182,MB,nickel,21
8/22/2015 16:32,2015,8,22,16,-97.146,49.884,MB,toonie,28
8/22/2015 18:30,2015,8,22,18,-95.514,50.02,MB,quarter,24
8/28/2015 2:12,2015,8,28,2,-103.914,50.784,SK,marble,16
8/28/2015 2:33,2015,8,28,2,-102.807,50.929,SK,pea,8
8/28/2015 2:45,2015,8,28,2,-103.55,50.8,SK,nickel,21
8/28/2015 3:15,2015,8,28,3,-102.933,50.417,SK,quarter,24
8/28/2015 3:56,2015,8,28,3,-102.583,50.367,SK,nickel,21
8/28/2015 4:29,2015,8,28,4,-102.267,50.333,SK,toonie,28
8/28/2015 5:55,2015,8,28,5,-101.044,50.421,MB,larger than pea,12
8/28/2015 6:40,2015,8,28,6,-99.959,49.842,MB,dime,18
8/28/2015 6:40,2015,8,28,6,-113.376,54.079,AB,loonie,26.5
8/28/2015 6:55,2015,8,28,6,-100.237,50.034,MB,dime,18
8/28/2015 8:30,2015,8,28,8,-99.096,49.611,MB,walnut,35
8/28/2015 8:45,2015,8,28,8,-98.882,49.6,MB,dime,18
8/28/2015 10:45,2015,8,28,10,-98.936,49.967,MB,estimated 50mm,50
8/28/2015 11:50,2015,8,28,11,-98.342,49.659,MB,toonie,28
8/28/2015 12:08,2015,8,28,12,-98.344,49.5,MB,toonie,28
8/28/2015 12:20,2015,8,28,12,-98.004,49.507,MB,pea,8
8/28/2015 12:45,2015,8,28,12,-97.94,49.366,MB,golf ball,43
8/28/2015 12:55,2015,8,28,12,-98.008,49.226,MB,toonie,28
8/28/2015 13:00,2015,8,28,13,-97.934,49.189,MB,dime,18
8/28/2015 13:05,2015,8,28,13,-97.761,49.191,MB,plum,45
8/28/2015 13:25,2015,8,28,13,-97.559,49.105,MB,tea cup,80
8/31/2015 11:25,2015,8,31,11,-97.934,49.189,MB,pea,8
9/3/2015 0:10,2015,9,3,0,-112.097,54.442,AB,pea,8
9/3/2015 2:30,2015,9,3,2,-110.167,54.45,AB,quarter,24
9/3/2015 2:42,2015,9,3,2,-114.555,52.324,AB,dime,18
9/3/2015 2:45,2015,9,3,2,-113.91,53.547,AB,pea,8
9/4/2015 6:15,2015,9,4,6,-99.094,49.561,MB,pea,8
9/4/2015 6:30,2015,9,4,6,-97.042,49.606,MB,toonie,28
9/4/2015 6:50,2015,9,4,6,-96.919,49.711,MB,nickel,21
9/4/2015 7:00,2015,9,4,7,-97.035,49.875,MB,dime,18
9/4/2015 7:10,2015,9,4,7,-97.988,50.057,MB,dime,18
9/4/2015 7:25,2015,9,4,7,-96.774,50.017,MB,quarter,24
9/4/2015 11:30,2015,9,4,11,-100.591,50.438,MB,quarter,24
9/4/2015 11:40,2015,9,4,11,-100.394,50.407,MB,loonie,26.5
9/4/2015 19:00,2015,9,4,19,-97.207,49.879,MB,pea,8
10/2/2015 17:50,2015,10,2,17,-114.63,51.71,AB,nickel,21
5/22/2016 1:45,2016,5,22,1,-107.74372,49.72754,SK,quarter,24
5/24/2016 22:00,2016,5,24,22,-97.57152,51.21427,MB,estimated 1 inch,25
5/24/2016 22:00,2016,5,24,22,-99.78824,50.90314,MB,quarter,24
5/24/2016 22:20,2016,5,24,22,-99.56088,50.88981,MB,pea,8
5/24/2016 22:30,2016,5,24,22,-99.52344,51.06106,MB,pea,8
5/24/2016 22:40,2016,5,24,22,-99.49373,50.77462,MB,estimated 6mm,6
5/26/2016 21:50,2016,5,26,21,-101.6668,50.1436,SK,pea,8
5/26/2016 23:30,2016,5,26,23,-113.79455,52.38078,AB,non-severe,8
5/28/2016 0:00,2016,5,28,0,-112.28287,52.33051,AB,nickel,21
5/29/2016 21:40,2016,5,29,21,-113.63549,54.14847,AB,smaller than nickel,18
5/29/2016 23:00,2016,5,29,23,-112.75516,53.90602,AB,pea,8
5/29/2016 23:00,2016,5,29,23,-112.77748,53.8907,AB,pea,8
5/30/2016 21:50,2016,5,30,21,-104.05819,49.73073,SK,pea,8
6/2/2016 22:00,2016,6,2,22,-106.27062,51.50061,SK,pea,8
6/2/2016 22:05,2016,6,2,22,-114.1337,51.7957,AB,loonie,26.5
6/2/2016 22:40,2016,6,2,22,-105.55358,50.11619,SK,dime,18
6/3/2016 18:45,2016,6,3,18,-101.24346,49.34147,MB,pea,8
6/4/2016 23:35,2016,6,4,23,-97.17177,50.81618,MB,pea,8
6/4/2016 23:45,2016,6,4,23,-97.14373,50.64013,MB,estimated half inch,13
6/5/2016 1:00,2016,6,5,1,-96.97495,50.26944,MB,nickel,21
6/5/2016 1:05,2016,6,5,1,-97.04452,50.29965,MB,dime,18
6/6/2016 1:35,2016,6,6,1,-99.98074,49.83658,MB,pea,8
6/7/2016 0:41,2016,6,7,0,-114.13152,54.64644,AB,dime,18
6/7/2016 2:20,2016,6,7,2,-114.9528,53.28004,AB,nickel,21
6/7/2016 2:30,2016,6,7,2,-114.90455,53.28004,AB,pea,8
6/7/2016 4:10,2016,6,7,4,-113.88568,53.26608,AB,dime,18
6/7/2016 23:20,2016,6,7,23,-115.43749,52.69707,AB,golf ball,43
6/7/2016 23:50,2016,6,7,23,-114.0986,51.56494,AB,nickel,21
6/8/2016 0:10,2016,6,8,0,-114.03223,51.93309,AB,quarter,24
6/8/2016 0:58,2016,6,8,0,-113.53526,51.38503,AB,golf ball,43
6/8/2016 1:00,2016,6,8,1,-114.91829,52.55908,AB,loonie,26.5
6/8/2016 1:20,2016,6,8,1,-114.71951,52.48313,AB,toonie,28
6/8/2016 1:20,2016,6,8,1,-114.60141,52.38433,AB,quarter,24
6/8/2016 1:40,2016,6,8,1,-113.14047,51.23312,AB,tennis,67
6/8/2016 2:00,2016,6,8,2,-114.36649,52.3633,AB,quarter,24
6/8/2016 2:55,2016,6,8,2,-114.10528,51.79201,AB,larger than quarter,27
6/8/2016 23:50,2016,6,8,23,-111.74488,53.71165,AB,pea,8
6/9/2016 1:00,2016,6,9,1,-111.22956,53.66089,AB,quarter,24
6/9/2016 18:50,2016,6,9,18,-101.27696,50.75686,MB,pea,8
6/9/2016 19:10,2016,6,9,19,-105.05487,50.01575,SK,pea,8
6/9/2016 20:15,2016,6,9,20,-114.16677,51.75388,AB,quarter,24
6/9/2016 20:35,2016,6,9,20,-114.11833,51.72783,AB,toonie,28
6/9/2016 21:40,2016,6,9,21,-101.44812,50.05889,SK,loonie,26.5
6/9/2016 22:05,2016,6,9,22,-102.42782,49.20748,SK,pea,8
6/9/2016 23:00,2016,6,9,23,-101.0818,49.7324,MB,dime,18
6/9/2016 23:10,2016,6,9,23,-100.94583,49.647,MB,golf ball,43
6/9/2016 23:20,2016,6,9,23,-100.5769,50.5649,MB,dime,18
6/9/2016 23:25,2016,6,9,23,-100.94583,49.55709,MB,toonie,28
6/10/2016 0:00,2016,6,10,0,-100.63577,49.37317,MB,golf ball,43
6/10/2016 0:20,2016,6,10,0,-100.49398,49.21087,MB,nickel,21
6/10/2016 2:35,2016,6,10,2,-101.63025,49.09451,SK,golf ball,43
6/11/2016 15:40,2016,6,11,15,-106.36825,49.0001,SK,dime,18
6/11/2016 18:40,2016,6,11,18,-114.19736,53.19442,AB,non-severe,8
6/11/2016 19:20,2016,6,11,19,-114.87167,52.90228,AB,pea,8
6/11/2016 21:05,2016,6,11,21,-107.7972,50.2851,SK,pea,8
6/11/2016 21:10,2016,6,11,21,-113.72636,53.36138,AB,nickel,21
6/12/2016 14:32,2016,6,12,14,-98.0977,49.1923,MB,pea,8
6/12/2016 23:25,2016,6,12,23,-113.46468,53.54962,AB,pea,8
6/12/2016 23:40,2016,6,12,23,-111.15373,54.18064,AB,dime,18
6/13/2016 0:45,2016,6,13,0,-110.40206,53.83219,AB,quarter,24
6/14/2016 19:40,2016,6,14,19,-109.12185,49.9895,SK,pea,8
6/14/2016 20:00,2016,6,14,20,-109.13679,51.91854,SK,pea,8
6/14/2016 20:05,2016,6,14,20,-109.40451,50.85345,SK,pea,8
6/14/2016 20:20,2016,6,14,20,-108.79331,50.06236,SK,dime,18
6/14/2016 22:15,2016,6,14,22,-108.57491,50.07227,SK,pea,8
6/14/2016 22:40,2016,6,14,22,-108.48461,50.09408,SK,pea,8
6/15/2016 0:10,2016,6,15,0,-107.80534,50.59701,SK,pea,8
6/15/2016 0:25,2016,6,15,0,-107.79717,50.28507,SK,pea,8
6/15/2016 2:40,2016,6,15,2,-109.39066,51.22292,SK,pea,8
6/15/2016 2:45,2016,6,15,2,-107.13484,51.92377,SK,pea,8
6/15/2016 4:05,2016,6,15,4,-104.61889,50.44521,SK,small,5
6/17/2016 1:20,2016,6,17,1,-112.59983,52.78513,AB,pea,8
6/17/2016 2:05,2016,6,17,2,-112.17376,52.70519,AB,pea,8
6/17/2016 6:40,2016,6,17,6,-98.98952,49.36067,MB,loonie,26.5
6/17/2016 7:20,2016,6,17,7,-98.55801,49.53274,MB,quarter,24
6/17/2016 7:30,2016,6,17,7,-97.93895,49.18011,MB,golf ball,43
6/17/2016 7:45,2016,6,17,7,-98.09773,49.19233,MB,loonie,26.5
6/17/2016 8:00,2016,6,17,8,-97.93895,49.18011,MB,estimated 65mm,65
6/17/2016 8:35,2016,6,17,8,-97.30629,49.39263,MB,quarter,24
6/17/2016 9:00,2016,6,17,9,-97.44219,49.07157,MB,estimated 20mm,20
6/17/2016 9:40,2016,6,17,9,-96.69109,49.45618,MB,quarter,24
6/17/2016 9:50,2016,6,17,9,-96.51038,49.28411,MB,nickel,21
6/17/2016 10:00,2016,6,17,10,-96.69109,49.52853,MB,toonie,28
6/17/2016 11:15,2016,6,17,11,-97.1059,49.81919,MB,pea,8
6/18/2016 0:12,2016,6,18,0,-117.75252,57.7755,AB,quarter,24
6/18/2016 0:20,2016,6,18,0,-119.51637,56.56617,AB,pea,8
6/18/2016 0:40,2016,6,18,0,-117.56033,57.05337,AB,dime,18
6/19/2016 5:55,2016,6,19,5,-101.08185,49.73241,MB,dime,18
6/19/2016 17:30,2016,6,19,17,-105.15122,52.34563,SK,dime,18
6/19/2016 18:20,2016,6,19,18,-112.25562,53.64808,AB,pea,8
6/19/2016 18:35,2016,6,19,18,-112.11556,53.51233,AB,pea,8
6/19/2016 20:10,2016,6,19,20,-105.07604,52.31821,SK,dime,18
6/19/2016 21:55,2016,6,19,21,-97.26069,50.38687,MB,loonie,26.5
6/19/2016 22:23,2016,6,19,22,-96.81329,50.13076,MB,loonie,26.5
6/19/2016 22:28,2016,6,19,22,-96.59691,49.13368,MB,quarter,24
6/19/2016 22:35,2016,6,19,22,-96.49388,50.17444,MB,quarter,24
6/19/2016 22:50,2016,6,19,22,-96.1329,49.15247,MB,larger than golf ball,50
6/19/2016 22:55,2016,6,19,22,-96.00439,50.28512,MB,quarter,24
6/19/2016 23:40,2016,6,19,23,-95.23962,49.01244,MB,nickel,21
6/21/2016 18:10,2016,6,21,18,-114.13652,51.66084,AB,pea,8
6/21/2016 18:50,2016,6,21,18,-114.10528,51.79201,AB,dime,18
6/21/2016 19:40,2016,6,21,19,-112.97458,52.57974,AB,nickel,21
6/21/2016 19:45,2016,6,21,19,-113.81124,52.12432,AB,dime,18
6/21/2016 19:50,2016,6,21,19,-113.59421,51.86506,AB,estimated 1 inch,25
6/21/2016 20:00,2016,6,21,20,-113.19755,52.98708,AB,non-severe,8
6/21/2016 20:10,2016,6,21,20,-113.06581,53.00469,AB,golf ball,43
6/21/2016 20:10,2016,6,21,20,-113.37725,52.96954,AB,pea,8
6/21/2016 21:10,2016,6,21,21,-113.79455,52.38078,AB,dime,18
6/21/2016 21:30,2016,6,21,21,-111.90662,52.21976,AB,loonie,26.5
6/21/2016 22:45,2016,6,21,22,-112.4275,53.33373,AB,pea,8
6/21/2016 22:57,2016,6,21,22,-108.4216,49.6463,SK,pea,8
6/22/2016 1:00,2016,6,22,1,-104.5867,49.1649,SK,pea,8
6/22/2016 1:20,2016,6,22,1,-102.9836,49.2307,SK,pea,8
6/22/2016 3:40,2016,6,22,3,-105.5231,49.1136,SK,dime,18
6/22/2016 3:40,2016,6,22,3,-105.6349,49.3933,SK,pea,8
6/22/2016 21:10,2016,6,22,21,-117.77941,57.74753,AB,dime,18
6/22/2016 23:13,2016,6,22,23,-117.13516,58.51635,AB,pea,8
6/23/2016 0:00,2016,6,23,0,-117.13516,58.51635,AB,nickel,21
6/23/2016 1:40,2016,6,23,1,-113.20947,53.70072,AB,pea,8
6/23/2016 19:55,2016,6,23,19,-109.61348,53.12575,SK,dime,18
6/23/2016 20:05,2016,6,23,20,-109.47349,53.09979,SK,small,5
6/23/2016 21:45,2016,6,23,21,-114.0372,51.16416,AB,dime,18
6/24/2016 0:50,2016,6,24,0,-111.85015,52.78961,AB,pea,8
6/24/2016 1:36,2016,6,24,1,-111.75302,52.4646,AB,quarter,24
6/24/2016 3:23,2016,6,24,3,-114.09799,52.30762,AB,nickel,21
6/24/2016 20:00,2016,6,24,20,-114.08243,51.02199,AB,pea,8
6/24/2016 20:00,2016,6,24,20,-114.05926,51.04781,AB,pea,8
6/24/2016 20:35,2016,6,24,20,-114.24696,51.14527,AB,pea,8
6/24/2016 21:50,2016,6,24,21,-113.03628,51.02527,AB,dime,18
6/24/2016 21:52,2016,6,24,21,-114.07085,51.04862,AB,dime,18
6/24/2016 22:15,2016,6,24,22,-114.01436,51.2917,AB,pea,8
6/24/2016 23:00,2016,6,24,23,-113.67956,50.91032,AB,pea,8
6/24/2016 23:00,2016,6,24,23,-105.52309,49.11364,SK,pea,8
6/24/2016 23:20,2016,6,24,23,-113.57009,53.26856,AB,pea,8
6/25/2016 0:15,2016,6,25,0,-107.81327,51.99462,SK,pea,8
6/25/2016 0:30,2016,6,25,0,-110.90096,53.8972,AB,pea,8
6/25/2016 1:40,2016,6,25,1,-106.67005,52.13321,SK,pea,8
6/25/2016 2:40,2016,6,25,2,-99.66495,49.18166,MB,nickel,21
6/25/2016 3:55,2016,6,25,3,-99.66082,49.07137,MB,toonie,28
6/25/2016 5:30,2016,6,25,5,-98.65889,49.41194,MB,toonie,28
6/25/2016 6:30,2016,6,25,6,-97.13749,49.89975,MB,nickel,21
6/25/2016 15:00,2016,6,25,15,-107.243,51.52966,SK,pea,8
6/25/2016 18:20,2016,6,25,18,-101.54791,51.91394,MB,toonie,28
6/25/2016 19:15,2016,6,25,19,-101.27062,52.10509,MB,larger than golf ball,50
6/25/2016 22:30,2016,6,25,22,-114.76328,53.39584,AB,pea,8
6/26/2016 23:10,2016,6,26,23,-111.52034,53.03761,AB,pea,8
6/27/2016 0:58,2016,6,27,0,-112.1921982,53.6015322,AB,pea,8
6/27/2016 1:30,2016,6,27,1,-112.4275,53.6265,AB,pea,8
6/27/2016 18:43,2016,6,27,18,-106.98206,53.75857,SK,pea,8
6/27/2016 20:20,2016,6,27,20,-106.09246,53.95188,SK,quarter,24
6/28/2016 16:42,2016,6,28,16,-113.53466,51.38316,AB,pea,8
6/28/2016 18:05,2016,6,28,18,-107.42607,52.06715,SK,pea,8
6/28/2016 18:45,2016,6,28,18,-101.35232,51.22818,MB,dime,18
6/28/2016 19:25,2016,6,28,19,-106.67005,52.13321,SK,dime,18
6/28/2016 19:30,2016,6,28,19,-101.10573,51.03713,MB,pea,8
6/28/2016 19:59,2016,6,28,19,-114.71611,51.22213,AB,pea,8
6/28/2016 20:16,2016,6,28,20,-114.52766,51.15288,AB,dime,18
6/28/2016 20:35,2016,6,28,20,-114.47215,51.15639,AB,quarter,24
6/28/2016 21:00,2016,6,28,21,-114.4746,51.08782,AB,dime,18
6/28/2016 21:00,2016,6,28,21,-102.47393,51.21745,SK,mothball,15
6/28/2016 21:05,2016,6,28,21,-113.42192,53.5399,AB,pea,8
6/28/2016 21:05,2016,6,28,21,-113.4163,53.53151,AB,pea,8
6/28/2016 21:10,2016,6,28,21,-113.40991,53.54398,AB,nickel,21
6/28/2016 21:15,2016,6,28,21,-114.34845,51.06784,AB,dime,18
6/28/2016 21:28,2016,6,28,21,-114.31976,51.04009,AB,dime,18
6/28/2016 21:30,2016,6,28,21,-114.35008,51.02349,AB,quarter,24
6/28/2016 21:35,2016,6,28,21,-114.32588,50.77461,AB,toonie,28
6/28/2016 22:00,2016,6,28,22,-113.88895,53.58947,AB,nickel,21
6/28/2016 22:20,2016,6,28,22,-113.96396,50.72636,AB,pea,8
6/28/2016 22:20,2016,6,28,22,-114.12304,50.9916,AB,quarter,24
6/28/2016 22:25,2016,6,28,22,-98.77346,50.59536,MB,pea,8
6/28/2016 22:25,2016,6,28,22,-97.85087,55.74493,MB,dime,18
6/28/2016 22:35,2016,6,28,22,-97.30664,51.47907,MB,dime,18
6/28/2016 22:36,2016,6,28,22,-113.84248,50.70734,AB,quarter,24
6/28/2016 22:50,2016,6,28,22,-113.82823,50.59357,AB,large,25
6/28/2016 23:40,2016,6,28,23,-113.86867,50.565,AB,loonie,26.5
6/29/2016 0:00,2016,6,29,0,-96.99976,51.11439,MB,toonie,28
6/29/2016 1:50,2016,6,29,1,-112.962,49.87305,AB,quarter,24
6/29/2016 15:12,2016,6,29,15,-97.1375,49.8998,MB,pea,8
6/29/2016 17:05,2016,6,29,17,-95.512,50.02989,MB,dime,18
6/29/2016 17:25,2016,6,29,17,-96.14843,49.2816,MB,marble,16
6/29/2016 18:20,2016,6,29,18,-97.78286,49.21289,MB,marble,16
6/29/2016 18:20,2016,6,29,18,-99.48222,50.24,MB,nickel,21
6/29/2016 18:35,2016,6,29,18,-99.59075,49.35468,MB,small,5
6/29/2016 18:45,2016,6,29,18,-97.30309,49.13538,MB,dime,18
6/29/2016 18:45,2016,6,29,18,-97.75985,49.19053,MB,larger than nickel,23
6/29/2016 19:12,2016,6,29,19,-113.54586,53.42181,AB,pea,8
6/29/2016 19:15,2016,6,29,19,-97.7964,49.09832,MB,pea,8
6/29/2016 19:15,2016,6,29,19,-98.5385,49.24044,MB,pea,8
6/29/2016 19:20,2016,6,29,19,-98.65889,49.41194,MB,pea,8
6/29/2016 19:30,2016,6,29,19,-100.23967,50.11967,MB,estimated 1 inch,25
6/29/2016 19:45,2016,6,29,19,-98.89317,49.20227,MB,pea,8
6/29/2016 20:10,2016,6,29,20,-113.43079,53.53034,AB,quarter,24
6/29/2016 20:20,2016,6,29,20,-99.95009,49.84847,MB,dime,18
6/29/2016 20:40,2016,6,29,20,-99.2891,49.558,MB,estimated 15mm,15
6/29/2016 20:50,2016,6,29,20,-113.52878,53.58877,AB,toonie,28
6/29/2016 21:00,2016,6,29,21,-113.50832,53.595,AB,nickel,21
6/29/2016 21:10,2016,6,29,21,-105.53486,50.39158,SK,walnut,35
6/29/2016 21:20,2016,6,29,21,-100.24788,50.75858,MB,pea,8
6/29/2016 21:50,2016,6,29,21,-105.05487,50.01575,SK,pea,8
6/29/2016 22:10,2016,6,29,22,-97.36469,49.35448,MB,pea,8
6/29/2016 22:40,2016,6,29,22,-97.13749,49.89975,MB,pea,8
6/29/2016 22:40,2016,6,29,22,-96.62333,49.88117,MB,quarter,24
6/29/2016 23:00,2016,6,29,23,-96.52481,49.74313,MB,pea,8
6/29/2016 23:20,2016,6,29,23,-96.82167,49.67167,MB,small,5
6/29/2016 23:20,2016,6,29,23,-96.45664,49.65722,MB,dime,18
6/29/2016 23:30,2016,6,29,23,-107.57694,50.55606,SK,dime,18
6/30/2016 0:02,2016,6,30,0,-113.1449,52.95531,AB,toonie,28
6/30/2016 0:10,2016,6,30,0,-96.87433,49.73962,MB,pea,8
6/30/2016 0:30,2016,6,30,0,-114.97444,54.334,AB,nickel,21
6/30/2016 18:00,2016,6,30,18,-114.24203,53.1351,AB,nickel,21
6/30/2016 18:00,2016,6,30,18,-114.5784,53.57041,AB,pea,8
6/30/2016 20:40,2016,6,30,20,-114.02281,50.9396,AB,walnut,35
6/30/2016 20:55,2016,6,30,20,-114.01436,51.2917,AB,nickel,21
6/30/2016 21:30,2016,6,30,21,-113.95229,50.77588,AB,toonie,28
6/30/2016 21:30,2016,6,30,21,-112.78019,49.87302,AB,golf ball,43
6/30/2016 21:40,2016,6,30,21,-112.84627,49.85216,AB,golf ball,43
6/30/2016 21:59,2016,6,30,21,-113.56489,49.99028,AB,golf ball,43
6/30/2016 22:25,2016,6,30,22,-112.84184,49.69349,AB,quarter,24
6/30/2016 22:30,2016,6,30,22,-114.99279,52.39191,AB,loonie,26.5
6/30/2016 23:00,2016,6,30,23,-110.90307,50.35089,AB,loonie,26.5
7/1/2016 22:10,2016,7,1,22,-106.46623,51.50328,SK,ping pong,40
7/1/2016 22:35,2016,7,1,22,-107.98356,52.05714,SK,pea,8
7/1/2016 23:24,2016,7,1,23,-113.53153,49.73599,AB,marble,16
7/2/2016 2:15,2016,7,2,2,-105.8224,51.05209,SK,pea,8
7/2/2016 2:17,2016,7,2,2,-114.76825,52.18127,AB,marble,16
7/2/2016 3:35,2016,7,2,3,-114.17926,51.66648,AB,golf ball,43
7/2/2016 4:10,2016,7,2,4,-114.02563,51.66212,AB,golf ball,43
7/2/2016 5:30,2016,7,2,5,-113.48343,51.59069,AB,walnut,35
7/2/2016 20:30,2016,7,2,20,-109.39993,51.06199,SK,nickel,21
7/2/2016 21:35,2016,7,2,21,-114.36081,50.7047,AB,quarter,24
7/2/2016 22:30,2016,7,2,22,-109.00128,50.03896,SK,pea,8
7/2/2016 23:25,2016,7,2,23,-109.00514,50.82413,SK,pea,8
7/2/2016 23:30,2016,7,2,23,-108.20238,50.18256,SK,pea,8
7/3/2016 0:47,2016,7,3,0,-110.55703,52.25787,AB,dime,18
7/3/2016 1:40,2016,7,3,1,-114.48267,51.44826,AB,nickel,21
7/3/2016 18:30,2016,7,3,18,-113.93445,53.53254,AB,dime,18
7/3/2016 19:56,2016,7,3,19,-112.33518,53.87966,AB,dime,18
7/3/2016 20:00,2016,7,3,20,-112.71431,51.45566,AB,nickel,21
7/3/2016 20:23,2016,7,3,20,-112.54421,51.4173,AB,pea,8
7/3/2016 20:30,2016,7,3,20,-114.10528,51.79201,AB,pea,8
7/3/2016 20:40,2016,7,3,20,-105.58337,50.62036,SK,marble,16
7/3/2016 20:42,2016,7,3,20,-112.23474,53.23292,AB,nickel,21
7/3/2016 21:15,2016,7,3,21,-105.71849,50.62036,SK,estimated 1 inch,25
7/3/2016 21:18,2016,7,3,21,-111.84998,52.79221,AB,quarter,24
7/3/2016 21:20,2016,7,3,21,-107.72979,52.95619,SK,nickel,21
7/3/2016 21:30,2016,7,3,21,-111.57143,52.11383,AB,dime,18
7/3/2016 22:00,2016,7,3,22,-111.85212,52.7879,AB,larger than hen egg,50
7/3/2016 22:45,2016,7,3,22,-105.18751,50.39446,SK,nickel,21
7/3/2016 22:50,2016,7,3,22,-104.61889,50.44521,SK,dime,18
7/3/2016 22:55,2016,7,3,22,-114.78896,51.88926,AB,golf ball,43
7/3/2016 23:00,2016,7,3,23,-104.26878,50.49212,SK,dime,18
7/3/2016 23:00,2016,7,3,23,-103.87767,50.54261,SK,marble,16
7/3/2016 23:10,2016,7,3,23,-114.6405,51.79721,AB,hen egg,50
7/3/2016 23:15,2016,7,3,23,-104.45758,50.38563,SK,pea,8
7/3/2016 23:30,2016,7,3,23,-111.67196,50.70074,AB,golf ball,43
7/3/2016 23:40,2016,7,3,23,-106.06676,50.45561,SK,marble,16
7/4/2016 0:00,2016,7,4,0,-103.54483,50.80171,SK,penny,19
7/4/2016 0:20,2016,7,4,0,-114.46786,51.19099,AB,dime,18
7/4/2016 0:20,2016,7,4,0,-104.01333,50.17004,SK,marble,16
7/4/2016 1:00,2016,7,4,1,-106.36424,52.47917,SK,pea,8
7/4/2016 1:30,2016,7,4,1,-108.59566,52.92942,SK,larger than pea,12
7/4/2016 1:40,2016,7,4,1,-114.16604,51.17414,AB,dime,18
7/4/2016 1:40,2016,7,4,1,-113.67956,50.97324,AB,golf ball,43
7/4/2016 2:00,2016,7,4,2,-113.46969,50.85228,AB,tennis,67
7/4/2016 2:00,2016,7,4,2,-109.46847,51.63361,SK,estimated 65mm,65
7/4/2016 2:30,2016,7,4,2,-109.17116,51.54958,SK,tennis,67
7/4/2016 2:35,2016,7,4,2,-109.16675,51.23706,SK,tennis,67
7/4/2016 3:00,2016,7,4,3,-108.7575,51.15063,SK,dime,18
7/4/2016 5:20,2016,7,4,5,-106.6021,51.41357,SK,nickel,21
7/4/2016 5:50,2016,7,4,5,-106.48441,51.03724,SK,nickel,21
7/4/2016 7:00,2016,7,4,7,-105.81838,50.45537,SK,nickel,21
7/4/2016 7:05,2016,7,4,7,-105.17506,50.99107,SK,pea,8
7/4/2016 9:30,2016,7,4,9,-102.64031,50.71971,SK,pea,8
7/4/2016 9:50,2016,7,4,9,-102.07578,50.65685,SK,larger than pea,12
7/4/2016 20:00,2016,7,4,20,-112.19103,50.95033,AB,nickel,21
7/4/2016 20:10,2016,7,4,20,-113.26486,51.70712,AB,quarter,24
7/4/2016 20:25,2016,7,4,20,-100.01096,49.19865,MB,toonie,28
7/4/2016 20:30,2016,7,4,20,-100.44547,49.16109,MB,golf ball,43
7/4/2016 20:35,2016,7,4,20,-99.24465,49.15748,MB,golf ball,43
7/4/2016 21:05,2016,7,4,21,-99.03626,49.13427,MB,nickel,21
7/4/2016 21:10,2016,7,4,21,-98.94955,49.14746,MB,pea,8
7/4/2016 21:35,2016,7,4,21,-98.65889,49.41194,MB,quarter,24
7/4/2016 21:35,2016,7,4,21,-96.66454,51.13554,MB,quarter,24
7/4/2016 21:50,2016,7,4,21,-112.95087,51.29966,AB,quarter,24
7/4/2016 21:55,2016,7,4,21,-98.49518,49.39921,MB,pea,8
7/4/2016 22:05,2016,7,4,22,-98.0017,49.50857,MB,pea,8
7/4/2016 22:05,2016,7,4,22,-96.81547,49.77777,MB,nickel,21
7/4/2016 22:10,2016,7,4,22,-111.70418,50.7212,AB,toonie,28
7/4/2016 22:10,2016,7,4,22,-98.46874,49.1288,MB,pea,8
7/4/2016 22:35,2016,7,4,22,-97.89046,49.14832,MB,dime,18
7/4/2016 22:35,2016,7,4,22,-96.62333,49.88117,MB,estimated 75mm,75
7/4/2016 22:35,2016,7,4,22,-97.90541,49.86587,MB,quarter,24
7/4/2016 22:40,2016,7,4,22,-96.64731,49.66969,MB,quarter,24
7/4/2016 22:40,2016,7,4,22,-96.84258,49.93912,MB,quarter,24
7/4/2016 23:00,2016,7,4,23,-96.52481,49.74313,MB,golf ball,43
7/4/2016 23:05,2016,7,4,23,-97.77773,49.74455,MB,dime,18
7/4/2016 23:12,2016,7,4,23,-95.87984,50.15033,MB,nickel,21
7/4/2016 23:20,2016,7,4,23,-97.4087,49.87549,MB,pea,8
7/4/2016 23:30,2016,7,4,23,-97.53994,49.91333,MB,pea,8
7/4/2016 23:35,2016,7,4,23,-96.06156,50.25944,MB,pea,8
7/4/2016 23:45,2016,7,4,23,-97.13749,49.89975,MB,loonie,26.5
7/5/2016 3:30,2016,7,5,3,-107.21856,49.90181,SK,nickel,21
7/5/2016 3:40,2016,7,5,3,-97.35311,50.62489,MB,baseball,74
7/5/2016 4:55,2016,7,5,4,-96.71961,50.26914,MB,loonie,26.5
7/5/2016 18:40,2016,7,5,18,-105.97554,53.12431,SK,pea,8
7/5/2016 19:45,2016,7,5,19,-105.81838,50.45537,SK,pea,8
7/5/2016 20:50,2016,7,5,20,-100.32098,50.27301,MB,pea,8
7/5/2016 21:30,2016,7,5,21,-104.99268,51.31119,SK,nickel,21
7/5/2016 21:35,2016,7,5,21,-106.95836,52.35898,SK,dime,18
7/5/2016 23:45,2016,7,5,23,-97.26365,49.69325,MB,pea,8
7/5/2016 23:50,2016,7,5,23,-97.20074,49.64934,MB,pea,8
7/6/2016 0:10,2016,7,6,0,-97.04019,49.60596,MB,pea,8
7/6/2016 0:30,2016,7,6,0,-97.7592,49.90352,MB,nickel,21
7/6/2016 0:05,2016,7,6,0,-105.75307,53.20335,SK,pea,8
7/6/2016 1:55,2016,7,6,1,-100.63086,49.76619,MB,penny,19
7/6/2016 18:50,2016,7,6,18,-113.69477,53.35154,AB,pea,8
7/6/2016 19:10,2016,7,6,19,-114.06201,51.01424,AB,pea,8
7/6/2016 20:40,2016,7,6,20,-101.51923,50.34156,SK,quarter,24
7/6/2016 20:55,2016,7,6,20,-101.24084,49.97536,MB,quarter,24
7/6/2016 21:00,2016,7,6,21,-103.94581,50.33413,SK,dime,18
7/6/2016 22:30,2016,7,6,22,-112.82857,53.67117,AB,dime,18
7/6/2016 22:50,2016,7,6,22,-99.96285,50.64941,MB,nickel,21
7/6/2016 23:00,2016,7,6,23,-113.33567,53.51027,AB,pea,8
7/7/2016 17:40,2016,7,7,17,-102.80867,49.14268,SK,dime,18
7/7/2016 18:20,2016,7,7,18,-105.61917,53.27239,SK,grape,16
7/7/2016 23:10,2016,7,7,23,-105.24972,53.75174,SK,pea,8
7/8/2016 20:10,2016,7,8,20,-113.60467,53.43119,AB,quarter,24
7/8/2016 20:20,2016,7,8,20,-113.57383,53.44908,AB,dime,18
7/8/2016 20:30,2016,7,8,20,-113.10889,53.95058,AB,loonie,26.5
7/8/2016 21:20,2016,7,8,21,-113.7015,53.53692,AB,nickel,21
7/8/2016 21:27,2016,7,8,21,-113.71319,53.68724,AB,nickel,21
7/8/2016 22:00,2016,7,8,22,-113.72862,52.46305,AB,toonie,28
7/8/2016 23:34,2016,7,8,23,-114.22549,53.51407,AB,marble,16
7/8/2016 23:50,2016,7,8,23,-114.24822,53.34145,AB,walnut,35
7/9/2016 1:03,2016,7,9,1,-114.00032,53.05086,AB,nickel,21
7/9/2016 1:50,2016,7,9,1,-113.82528,52.95979,AB,quarter,24
7/9/2016 18:30,2016,7,9,18,-114.50211,51.41618,AB,dime,18
7/9/2016 18:35,2016,7,9,18,-100.39669,49.6208,MB,nickel,21
7/9/2016 18:55,2016,7,9,18,-100.43115,50.13657,MB,golf ball,43
7/9/2016 19:05,2016,7,9,19,-100.61294,49.98589,MB,nickel,21
7/9/2016 19:10,2016,7,9,19,-100.63086,49.76619,MB,toonie,28
7/9/2016 19:35,2016,7,9,19,-100.16591,49.80242,MB,golf ball,43
7/9/2016 20:10,2016,7,9,20,-100.19401,49.73007,MB,toonie,28
7/9/2016 20:30,2016,7,9,20,-100.03154,49.60748,MB,pea,8
7/9/2016 20:30,2016,7,9,20,-114.35809,51.29998,AB,marble,16
7/9/2016 20:37,2016,7,9,20,-114.31116,51.13865,AB,toonie,28
7/9/2016 20:45,2016,7,9,20,-100.26909,49.44383,MB,marble,16
7/9/2016 20:50,2016,7,9,20,-99.97571,49.40678,MB,nickel,21
7/9/2016 21:05,2016,7,9,21,-99.73223,49.40619,MB,toonie,28
7/9/2016 21:15,2016,7,9,21,-99.63061,49.3995,MB,golf ball,43
7/9/2016 21:30,2016,7,9,21,-114.07085,51.04862,AB,non-severe,8
7/9/2016 21:35,2016,7,9,21,-99.45644,49.40989,MB,nickel,21
7/9/2016 23:50,2016,7,9,23,-102.65988,51.55964,SK,dime,18
7/10/2016 0:30,2016,7,10,0,-111.89917,50.70082,AB,pea,8
7/10/2016 2:20,2016,7,10,2,-109.66497,50.77322,SK,toonie,28
7/10/2016 22:00,2016,7,10,22,-102.99148,49.13908,SK,toonie,28
7/10/2016 23:10,2016,7,10,23,-107.39537,52.46062,SK,pea,8
7/11/2016 18:50,2016,7,11,18,-104.61889,50.44521,SK,pea,8
7/11/2016 20:00,2016,7,11,20,-104.61889,50.44521,SK,loonie,26.5
7/11/2016 20:40,2016,7,11,20,-114.07085,51.04862,AB,pea,8
7/11/2016 21:05,2016,7,11,21,-104.3603,50.9384,SK,pea,8
7/11/2016 21:20,2016,7,11,21,-112.84184,49.69349,AB,larger than pea,12
7/11/2016 23:08,2016,7,11,23,-113.81124,52.26811,AB,pea,8
7/11/2016 23:20,2016,7,11,23,-114.01436,51.2917,AB,pea,8
7/11/2016 23:30,2016,7,11,23,-114.07085,51.04862,AB,pea,8
7/12/2016 0:00,2016,7,12,0,-113.98964,51.20268,AB,marble,16
7/12/2016 18:48,2016,7,12,18,-112.14965,49.78596,AB,pea,8
7/12/2016 19:53,2016,7,12,19,-114.078,50.88335,AB,pea,8
7/12/2016 21:30,2016,7,12,21,-114.10532,50.96371,AB,non-severe,8
7/12/2016 23:36,2016,7,12,23,-114.0681,50.96567,AB,nickel,21
7/13/2016 0:20,2016,7,13,0,-114.03223,51.93309,AB,dime,18
7/14/2016 23:20,2016,7,14,23,-113.66122,53.49213,AB,pea,8
7/12/2016 0:20,2016,7,12,0,-111.78478,52.47786,AB,marble,16
7/15/2016 19:30,2016,7,15,19,-113.53482,49.92391,AB,nickel,21
7/15/2016 19:30,2016,7,15,19,-113.40029,51.03785,AB,pea,8
7/15/2016 19:49,2016,7,15,19,-113.49093,53.54439,AB,dime,18
7/15/2016 20:28,2016,7,15,20,-113.95025,49.48635,AB,dime,18
7/15/2016 20:30,2016,7,15,20,-113.95025,49.48635,AB,toonie,28
7/15/2016 20:30,2016,7,15,20,-114.19194,49.46578,AB,quarter,24
7/15/2016 20:40,2016,7,15,20,-113.87218,49.53721,AB,golf ball,43
7/15/2016 21:30,2016,7,15,21,-113.30541,49.468,AB,nickel,21
7/15/2016 22:50,2016,7,15,22,-112.93193,49.74573,AB,walnut,35
7/15/2016 23:00,2016,7,15,23,-112.84184,49.69349,AB,tennis,67
7/16/2016 23:15,2016,7,16,23,-96.51374,50.67922,MB,pea,8
7/17/2016 17:55,2016,7,17,17,-97.1443,49.76535,MB,pea,8
7/17/2016 19:24,2016,7,17,19,-113.81124,52.26811,AB,pea,8
7/17/2016 20:45,2016,7,17,20,-114.07085,51.04862,AB,marble,16
7/17/2016 22:30,2016,7,17,22,-114.01436,51.2917,AB,pea,8
7/17/2016 23:42,2016,7,17,23,-98.89317,49.20227,MB,pea,8
7/18/2016 0:20,2016,7,18,0,-104.57098,50.9317,SK,nickel,21
7/18/2016 22:10,2016,7,18,22,-114.90627,52.37452,AB,golf ball,43
7/18/2016 22:30,2016,7,18,22,-114.54902,51.06639,AB,quarter,24
7/18/2016 23:20,2016,7,18,23,-114.67363,52.36099,AB,toonie,28
7/19/2016 0:13,2016,7,19,0,-114.27378,49.56371,AB,quarter,24
7/19/2016 0:20,2016,7,19,0,-114.16208,49.5855,AB,pea,8
7/19/2016 1:10,2016,7,19,1,-114.06536,50.93798,AB,quarter,24
7/19/2016 1:20,2016,7,19,1,-112.93558,49.0702,AB,golf ball,43
7/19/2016 2:00,2016,7,19,2,-112.96405,49.41716,AB,toonie,28
7/19/2016 2:40,2016,7,19,2,-112.66224,49.46354,AB,ping pong,40
7/19/2016 6:10,2016,7,19,6,-110.90631,49.87347,AB,quarter,24
7/19/2016 6:30,2016,7,19,6,-110.67643,50.04055,AB,golf ball,43
7/19/2016 6:35,2016,7,19,6,-110.587,49.96822,AB,tennis,67
7/19/2016 9:55,2016,7,19,9,-104.61889,50.44521,SK,pea,8
7/19/2016 13:30,2016,7,19,13,-101.33507,50.74859,MB,pea,8
7/19/2016 15:10,2016,7,19,15,-100.39687,50.40463,MB,loonie,26.5
7/19/2016 15:15,2016,7,19,15,-100.78263,50.14978,MB,loonie,26.5
7/19/2016 15:20,2016,7,19,15,-100.59983,50.17987,MB,pea,8
7/19/2016 15:35,2016,7,19,15,-100.43115,50.15455,MB,loonie,26.5
7/19/2016 16:00,2016,7,19,16,-99.83865,50.24704,MB,dime,18
7/19/2016 16:30,2016,7,19,16,-99.46677,50.2277,MB,marble,16
7/19/2016 18:50,2016,7,19,18,-98.88125,49.59436,MB,tennis,67
7/19/2016 19:05,2016,7,19,19,-98.69855,49.62839,MB,nickel,21
7/19/2016 19:35,2016,7,19,19,-98.55801,49.53274,MB,quarter,24
7/19/2016 19:45,2016,7,19,19,-112.20453,53.21442,AB,quarter,24
7/19/2016 19:50,2016,7,19,19,-98.65889,49.41194,MB,baseball,74
7/19/2016 20:20,2016,7,19,20,-98.5385,49.24044,MB,softball,97
7/19/2016 20:48,2016,7,19,20,-110.72004,54.30586,AB,pea,8
7/19/2016 21:00,2016,7,19,21,-98.17789,49.0448,MB,baseball,74
7/19/2016 22:05,2016,7,19,22,-108.48475,51.70683,SK,golf ball,43
7/19/2016 22:15,2016,7,19,22,-108.79331,49.94549,SK,tennis,67
7/19/2016 22:55,2016,7,19,22,-108.64822,50.04551,SK,larger than golf ball,50
7/19/2016 23:20,2016,7,19,23,-108.10446,49.94512,SK,loonie,26.5
7/19/2016 23:45,2016,7,19,23,-107.72107,51.51174,SK,marble,16
7/20/2016 0:15,2016,7,20,0,-107.52141,51.48695,SK,golf ball,43
7/20/2016 0:20,2016,7,20,0,-107.36305,51.52369,SK,golf ball,43
7/20/2016 0:30,2016,7,20,0,-107.80534,50.59701,SK,baseball,74
7/20/2016 0:40,2016,7,20,0,-107.05784,51.48736,SK,softball,97
7/20/2016 1:20,2016,7,20,1,-106.59702,51.33187,SK,baseball,74
7/20/2016 1:50,2016,7,20,1,-106.37314,51.36793,SK,tennis,67
7/20/2016 2:00,2016,7,20,2,-105.8224,51.05209,SK,toonie,28
7/20/2016 2:40,2016,7,20,2,-105.43592,51.34693,SK,pea,8
7/20/2016 3:00,2016,7,20,3,-98.88675,55.78398,MB,quarter,24
7/20/2016 4:10,2016,7,20,4,-103.84895,50.90258,SK,golf ball,43
7/20/2016 5:10,2016,7,20,5,-103.6699,50.53336,SK,golf ball,43
7/20/2016 10:40,2016,7,20,10,-102.78191,50.71971,SK,nickel,21
7/20/2016 20:15,2016,7,20,20,-107.1538,53.60363,SK,quarter,24
7/20/2016 20:35,2016,7,20,20,-105.24972,53.75174,SK,loonie,26.5
7/20/2016 21:25,2016,7,20,21,-101.79581,49.17394,SK,toonie,28
7/20/2016 21:40,2016,7,20,21,-101.63025,49.17544,SK,tennis,67
7/20/2016 21:50,2016,7,20,21,-101.60171,49.3904,SK,golf ball,43
7/20/2016 22:00,2016,7,20,22,-100.47172,49.77602,MB,toonie,28
7/20/2016 22:30,2016,7,20,22,-100.99302,49.27206,MB,tennis,67
7/20/2016 22:30,2016,7,20,22,-101.29282,49.56902,MB,ping pong,40
7/20/2016 22:35,2016,7,20,22,-99.95009,49.84847,MB,golf ball,43
7/20/2016 23:30,2016,7,20,23,-99.73223,49.40619,MB,pea,8
7/20/2016 23:30,2016,7,20,23,-98.62684,49.97232,MB,dime,18
7/21/2016 0:10,2016,7,21,0,-97.8288,49.90352,MB,loonie,26.5
7/21/2016 21:10,2016,7,21,21,-105.57049,52.05238,SK,pea,8
7/21/2016 21:20,2016,7,21,21,-109.00405,51.43716,SK,nickel,21
7/21/2016 21:45,2016,7,21,21,-106.77662,52.01486,SK,nickel,21
7/21/2016 21:55,2016,7,21,21,-106.77164,52.34124,SK,dime,18
7/21/2016 22:20,2016,7,21,22,-106.50763,51.80959,SK,marble,16
7/22/2016 21:55,2016,7,22,21,-110.81296,49.43902,AB,nickel,21
7/22/2016 22:40,2016,7,22,22,-112.84184,49.69349,AB,loonie,26.5
7/22/2016 22:50,2016,7,22,22,-110.43593,49.60527,AB,nickel,21
7/22/2016 23:10,2016,7,22,23,-110.28096,49.60809,AB,ping pong,40
7/23/2016 0:00,2016,7,23,0,-109.25671,50.22037,SK,pea,8
7/23/2016 0:40,2016,7,23,0,-110.28096,49.66204,AB,pea,8
7/23/2016 0:40,2016,7,23,0,-108.81666,50.33663,SK,nickel,21
7/23/2016 0:40,2016,7,23,0,-109.66497,50.77322,SK,pea,8
7/23/2016 1:50,2016,7,23,1,-108.06051,49.88145,SK,nickel,21
7/23/2016 5:25,2016,7,23,5,-105.53623,50.41696,SK,toonie,28
7/23/2016 5:40,2016,7,23,5,-105.12021,50.39569,SK,toonie,28
7/23/2016 18:20,2016,7,23,18,-104.46759,51.75248,SK,pea,8
7/25/2016 22:02,2016,7,25,22,-114.41056,50.8938,AB,dime,18
7/25/2016 22:30,2016,7,25,22,-114.62502,51.33316,AB,penny,19
7/25/2016 23:00,2016,7,25,23,-114.52985,51.32691,AB,pea,8
7/26/2016 18:30,2016,7,26,18,-113.95025,49.65999,AB,pea,8
7/26/2016 20:00,2016,7,26,20,-112.84184,49.57661,AB,nickel,21
7/26/2016 20:40,2016,7,26,20,-112.52318,49.50231,AB,pea,8
7/26/2016 21:40,2016,7,26,21,-111.89917,50.56598,AB,toonie,28
7/26/2016 21:40,2016,7,26,21,-111.69956,50.43885,AB,pea,8
7/26/2016 23:30,2016,7,26,23,-113.36456,53.34956,AB,nickel,21
7/27/2016 1:00,2016,7,27,1,-114.85097,51.3062,AB,dime,18
7/27/2016 19:00,2016,7,27,19,-113.37832,53.46271,AB,pea,8
7/27/2016 19:43,2016,7,27,19,-113.49042,53.54021,AB,dime,18
7/27/2016 20:00,2016,7,27,20,-113.4796,53.53786,AB,quarter,24
7/27/2016 20:05,2016,7,27,20,-113.83883,53.56358,AB,quarter,24
7/27/2016 20:20,2016,7,27,20,-113.14722,53.27238,AB,nickel,21
7/27/2016 20:37,2016,7,27,20,-113.81124,52.26811,AB,dime,18
7/27/2016 21:10,2016,7,27,21,-113.82394,52.24836,AB,nickel,21
7/28/2016 16:35,2016,7,28,16,-113.33124,52.66259,AB,pea,8
7/28/2016 20:10,2016,7,28,20,-112.37132,51.88705,AB,nickel,21
7/28/2016 21:40,2016,7,28,21,-116.39067,53.60833,AB,toonie,28
7/28/2016 23:20,2016,7,28,23,-114.65017,51.55988,AB,marble,16
7/28/2016 23:50,2016,7,28,23,-113.20947,53.70072,AB,dime,18
7/29/2016 1:00,2016,7,29,1,-114.12851,50.9386,AB,toonie,28
7/30/2016 2:26,2016,7,30,2,-115.19606,53.3503,AB,nickel,21
7/30/2016 18:35,2016,7,30,18,-108.0748,51.59816,SK,quarter,24
7/30/2016 19:50,2016,7,30,19,-115.0177,53.59985,AB,small,5
7/30/2016 21:20,2016,7,30,21,-114.6107,51.5037,AB,quarter,24
7/30/2016 21:40,2016,7,30,21,-114.6107,51.5037,AB,hen egg,50
7/30/2016 21:45,2016,7,30,21,-108.38955,49.20818,SK,golf ball,43
7/30/2016 21:56,2016,7,30,21,-114.50211,51.41618,AB,tennis,67
7/30/2016 22:20,2016,7,30,22,-108.14555,49.09827,SK,walnut,35
7/30/2016 22:30,2016,7,30,22,-114.49152,51.19854,AB,golf ball,43
7/30/2016 22:50,2016,7,30,22,-114.01436,51.2917,AB,golf ball,43
7/30/2016 22:54,2016,7,30,22,-114.31116,51.13865,AB,quarter,24
7/30/2016 23:00,2016,7,30,23,-114.07085,51.04862,AB,hen egg,50
7/30/2016 23:20,2016,7,30,23,-113.61053,51.31896,AB,toonie,28
7/30/2016 23:20,2016,7,30,23,-107.85224,49.1454,SK,dime,18
7/30/2016 23:30,2016,7,30,23,-113.70256,51.2197,AB,hen egg,50
7/31/2016 0:10,2016,7,31,0,-114.05986,50.95442,AB,walnut,35
7/31/2016 0:10,2016,7,31,0,-113.8233,51.04981,AB,toonie,28
7/31/2016 0:30,2016,7,31,0,-114.32635,50.88536,AB,golf ball,43
7/31/2016 21:25,2016,7,31,21,-103.37529,50.88283,SK,toonie,28
7/31/2016 22:55,2016,7,31,22,-103.03387,50.8883,SK,tennis,67
7/31/2016 23:00,2016,7,31,23,-102.59643,51.09589,SK,quarter,24
7/31/2016 23:00,2016,7,31,23,-102.47393,51.21745,SK,hen egg,50
7/31/2016 23:20,2016,7,31,23,-105.95102,49.08974,SK,loonie,26.5
7/31/2016 23:40,2016,7,31,23,-103.15521,51.80697,SK,toonie,28
8/1/2016 0:15,2016,8,1,0,-102.64031,50.71971,SK,golf ball,43
8/1/2016 0:20,2016,8,1,0,-102.72489,50.61622,SK,nickel,21
8/1/2016 0:30,2016,8,1,0,-101.8908,51.22589,SK,nickel,21
8/1/2016 0:35,2016,8,1,0,-102.26522,49.00212,SK,larger than golf ball,50
8/1/2016 0:45,2016,8,1,0,-102.16953,49.22722,SK,golf ball,43
8/1/2016 1:00,2016,8,1,1,-114.31005,51.07581,AB,nickel,21
8/1/2016 1:00,2016,8,1,1,-114.16149,51.07969,AB,nickel,21
8/1/2016 1:00,2016,8,1,1,-102.30162,50.66084,SK,dime,18
8/1/2016 1:25,2016,8,1,1,-102.07578,50.65685,SK,ping pong,40
8/1/2016 1:40,2016,8,1,1,-114.10962,50.89853,AB,large marble,25
8/1/2016 2:00,2016,8,1,2,-113.97495,50.72549,AB,ping pong,40
8/1/2016 2:30,2016,8,1,2,-101.68964,50.36213,SK,smaller than baseball,70
8/1/2016 15:50,2016,8,1,15,-98.1197,49.02692,MB,nickel,21
8/1/2016 15:55,2016,8,1,15,-97.4087,49.87549,MB,golf ball,43
8/1/2016 16:05,2016,8,1,16,-97.29954,49.89444,MB,quarter,24
8/1/2016 16:30,2016,8,1,16,-97.1265,49.81387,MB,dime,18
8/1/2016 17:00,2016,8,1,17,-97.03028,50.05695,MB,pea,8
8/1/2016 17:05,2016,8,1,17,-95.81025,50.14561,MB,quarter,24
8/1/2016 17:05,2016,8,1,17,-97.02507,49.98317,MB,marble,16
8/1/2016 17:20,2016,8,1,17,-96.91466,50.01837,MB,dime,18
8/1/2016 23:35,2016,8,1,23,-97.56105,49.00793,MB,pea,8
8/3/2016 0:30,2016,8,3,0,-115.1645,51.05845,AB,marble,16
8/3/2016 0:40,2016,8,3,0,-114.46786,51.19099,AB,nickel,21
8/3/2016 1:00,2016,8,3,1,-114.93041,51.79721,AB,pea,8
8/3/2016 2:00,2016,8,3,2,-113.87073,50.5801,AB,pea,8
8/3/2016 8:10,2016,8,3,8,-112.93569,50.77726,AB,quarter,24
8/3/2016 12:45,2016,8,3,12,-104.61889,50.44521,SK,pea,8
8/3/2016 13:00,2016,8,3,13,-108.79331,50.35005,SK,ping pong,40
8/3/2016 13:00,2016,8,3,13,-104.41866,50.4801,SK,dime,18
8/3/2016 20:55,2016,8,3,20,-97.25794,50.33957,MB,nickel,21
8/3/2016 21:30,2016,8,3,21,-100.67714,49.39183,MB,pea,8
8/3/2016 21:55,2016,8,3,21,-100.46567,49.5941,MB,walnut,35
8/3/2016 22:45,2016,8,3,22,-104.86472,50.9852,SK,golf ball,43
8/3/2016 22:45,2016,8,3,22,-105.65301,50.57572,SK,golf ball,43
8/3/2016 23:05,2016,8,3,23,-99.95009,49.84847,MB,loonie,26.5
8/4/2016 0:40,2016,8,4,0,-102.62225,51.0589,SK,tennis,67
8/4/2016 1:00,2016,8,4,1,-102.07578,50.65685,SK,golf ball,43
8/4/2016 1:10,2016,8,4,1,-102.47393,51.21745,SK,toonie,28
8/4/2016 2:20,2016,8,4,2,-100.69407,50.46563,MB,quarter,24
8/4/2016 2:30,2016,8,4,2,-100.57689,50.56488,MB,loonie,26.5
8/4/2016 3:10,2016,8,4,3,-99.96851,50.65855,MB,loonie,26.5
8/4/2016 3:45,2016,8,4,3,-99.56088,50.88981,MB,pea,8
8/4/2016 4:20,2016,8,4,4,-98.97761,50.80118,MB,pea,8
8/4/2016 5:20,2016,8,4,5,-96.13556,49.08476,MB,pea,8
8/7/2016 0:22,2016,8,7,0,-113.90856,49.05096,AB,pea,8
8/7/2016 2:00,2016,8,7,2,-114.12647,51.1047,AB,golf ball,43
8/8/2016 0:06,2016,8,8,0,-111.58616,49.01793,AB,quarter,24
8/8/2016 3:50,2016,8,8,3,-106.67005,52.13321,SK,peach pit,30
8/8/2016 4:10,2016,8,8,4,-106.65784,52.29312,SK,loonie,26.5
8/8/2016 4:35,2016,8,8,4,-106.67005,52.13321,SK,marble,16
8/8/2016 4:45,2016,8,8,4,-106.83043,51.9109,SK,quarter,24
8/8/2016 5:40,2016,8,8,5,-106.36424,52.47917,SK,quarter,24
8/8/2016 20:30,2016,8,8,20,-101.79352,50.66644,SK,nickel,21
8/8/2016 21:10,2016,8,8,21,-101.33507,50.74859,MB,toonie,28
8/8/2016 21:40,2016,8,8,21,-114.17754,51.13233,AB,dime,18
8/8/2016 21:40,2016,8,8,21,-114.07085,51.04862,AB,nickel,21
8/8/2016 21:45,2016,8,8,21,-101.27807,50.72389,MB,golf ball,43
8/8/2016 21:50,2016,8,8,21,-101.92846,50.90235,SK,nickel,21
8/8/2016 22:35,2016,8,8,22,-100.81087,50.66834,MB,quarter,24
8/8/2016 22:55,2016,8,8,22,-100.55486,50.66832,MB,pea,8
8/8/2016 23:20,2016,8,8,23,-100.29928,50.6534,MB,loonie,26.5
8/8/2016 23:40,2016,8,8,23,-100.29681,50.55028,MB,tennis,67
8/9/2016 0:20,2016,8,9,0,-114.23339,50.53134,AB,quarter,24
8/9/2016 0:40,2016,8,9,0,-99.91402,50.49832,MB,ping pong,40
8/9/2016 0:50,2016,8,9,0,-99.83865,50.24704,MB,toonie,28
8/9/2016 0:50,2016,8,9,0,-100.17741,50.52797,MB,golf ball,43
8/9/2016 1:20,2016,8,9,1,-99.46677,50.2277,MB,pea,8
8/9/2016 1:40,2016,8,9,1,-99.26695,50.27609,MB,dime,18
8/9/2016 1:57,2016,8,9,1,-113.26484,53.52121,AB,pea,8
8/9/2016 3:35,2016,8,9,3,-97.77773,49.76253,MB,pea,8
8/9/2016 3:45,2016,8,9,3,-97.61838,49.76855,MB,quarter,24
8/9/2016 3:50,2016,8,9,3,-97.93895,49.18011,MB,pea,8
8/9/2016 18:20,2016,8,9,18,-113.11455,52.93075,AB,dime,18
8/9/2016 20:00,2016,8,9,20,-112.6009,53.31851,AB,pea,8
8/9/2016 21:20,2016,8,9,21,-112.28221,49.5951,AB,dime,18
8/9/2016 22:28,2016,8,9,22,-114.6405,51.79721,AB,pea,8
8/9/2016 23:00,2016,8,9,23,-110.95523,53.54306,AB,pea,8
8/9/2016 23:40,2016,8,9,23,-113.79201,52.26979,AB,pea,8
8/10/2016 9:20,2016,8,10,9,-105.95102,49.17966,SK,dime,18
8/10/2016 17:00,2016,8,10,17,-103.43363,49.88126,SK,dime,18
8/10/2016 21:00,2016,8,10,21,-108.22119,50.87593,SK,pea,8
8/10/2016 23:40,2016,8,10,23,-113.61873,53.43928,AB,pea,8
8/11/2016 18:45,2016,8,11,18,-99.14907,51.09015,MB,quarter,24
8/11/2016 19:00,2016,8,11,19,-98.65562,51.42006,MB,quarter,24
8/11/2016 19:50,2016,8,11,19,-98.58214,50.13016,MB,nickel,21
8/11/2016 20:05,2016,8,11,20,-98.77745,51.08179,MB,pea,8
8/11/2016 20:15,2016,8,11,20,-97.2967,51.01558,MB,estimated 1 inch,25
8/11/2016 21:35,2016,8,11,21,-96.99976,50.99613,MB,estimated 1 inch,25
8/11/2016 21:35,2016,8,11,21,-98.67531,50.38603,MB,pea,8
8/11/2016 21:35,2016,8,11,21,-96.99456,50.71373,MB,pea,8
8/11/2016 21:40,2016,8,11,21,-97.56014,51.31567,MB,small,5
8/11/2016 22:45,2016,8,11,22,-98.03733,50.2559,MB,quarter,24
8/11/2016 23:00,2016,8,11,23,-97.80619,50.30079,MB,nickel,21
8/11/2016 23:00,2016,8,11,23,-98.0017,49.50857,MB,larger than dime,21
8/12/2016 0:04,2016,8,12,0,-114.1366,50.9701,AB,pea,8
8/12/2016 0:15,2016,8,12,0,-97.24651,49.45817,MB,small,5
8/12/2016 0:25,2016,8,12,0,-108.70368,52.40936,SK,shot,8
8/12/2016 0:30,2016,8,12,0,-110.48911,53.33669,AB,nickel,21
8/12/2016 0:30,2016,8,12,0,-97.13475,49.44479,MB,nickel,21
8/12/2016 2:20,2016,8,12,2,-109.56464,53.85394,SK,pea,8
8/13/2016 22:05,2016,8,13,22,-113.99989,54.98721,AB,quarter,24
8/14/2016 0:50,2016,8,14,0,-111.91064,53.94812,AB,dime,18
8/14/2016 2:10,2016,8,14,2,-115.57015,52.41788,AB,nickel,21
8/14/2016 21:20,2016,8,14,21,-116.08149,52.46799,AB,pea,8
8/14/2016 22:10,2016,8,14,22,-114.56923,50.95174,AB,golf ball,43
8/14/2016 22:20,2016,8,14,22,-114.19384,51.10701,AB,pea,8
8/14/2016 22:45,2016,8,14,22,-113.40004,49.72168,AB,dime,18
8/15/2016 0:15,2016,8,15,0,-112.33671,49.50721,AB,pea,8
8/15/2016 0:50,2016,8,15,0,-113.37249,53.64837,AB,marble,16
8/15/2016 19:50,2016,8,15,19,-100.14796,51.98785,MB,marble,16
8/15/2016 20:30,2016,8,15,20,-99.579,49.56111,MB,pea,8
8/15/2016 20:48,2016,8,15,20,-97.7592,49.90352,MB,pea,8
8/15/2016 21:03,2016,8,15,21,-97.3274,50.13515,MB,nickel,21
8/15/2016 21:10,2016,8,15,21,-107.79717,50.28507,SK,pea,8
8/15/2016 21:20,2016,8,15,21,-97.53994,49.91333,MB,pea,8
8/15/2016 21:52,2016,8,15,21,-97.05887,49.92584,MB,nickel,21
8/15/2016 21:55,2016,8,15,21,-97.00616,49.97504,MB,nickel,21
8/15/2016 22:00,2016,8,15,22,-99.97725,49.44251,MB,golf ball,43
8/15/2016 22:10,2016,8,15,22,-96.84258,49.93912,MB,nickel,21
8/15/2016 22:20,2016,8,15,22,-104.03685,50.94493,SK,pea,8
8/15/2016 22:20,2016,8,15,22,-99.63061,49.3995,MB,toonie,28
8/15/2016 22:25,2016,8,15,22,-96.72328,49.72789,MB,golf ball,43
8/15/2016 22:30,2016,8,15,22,-100.0595,49.23044,MB,marble,16
8/15/2016 22:40,2016,8,15,22,-96.52481,49.74313,MB,loonie,26.5
8/15/2016 22:40,2016,8,15,22,-99.45644,49.40989,MB,pea,8
8/15/2016 22:50,2016,8,15,22,-99.54698,49.33139,MB,toonie,28
8/15/2016 22:50,2016,8,15,22,-98.29033,49.97232,MB,toonie,28
8/15/2016 23:10,2016,8,15,23,-99.66495,49.18166,MB,pea,8
8/16/2016 0:20,2016,8,16,0,-100.74632,49.18157,MB,two toonies,56
8/16/2016 0:24,2016,8,16,0,-97.10901,49.81703,MB,pea,8
8/16/2016 1:00,2016,8,16,1,-96.32112,49.66143,MB,pea,8
8/16/2016 1:30,2016,8,16,1,-96.64731,49.66969,MB,pea,8
8/16/2016 2:30,2016,8,16,2,-96.88918,49.59081,MB,pea,8
8/16/2016 3:25,2016,8,16,3,-97.55549,49.1035,MB,pea,8
8/16/2016 4:00,2016,8,16,4,-96.69109,49.52853,MB,marble,16
8/16/2016 22:50,2016,8,16,22,-113.04293,53.18059,AB,quarter,24
8/16/2016 23:10,2016,8,16,23,-112.43025,53.43295,AB,pea,8
8/17/2016 0:00,2016,8,17,0,-112.80581,52.78656,AB,nickel,21
8/17/2016 0:35,2016,8,17,0,-112.65323,52.68273,AB,pea,8
8/17/2016 1:10,2016,8,17,1,-114.82727,51.79381,AB,half dollar,31
8/17/2016 2:10,2016,8,17,2,-114.33815,51.66361,AB,golf ball,43
8/17/2016 22:30,2016,8,17,22,-105.7296,49.19337,SK,pea,8
8/17/2016 22:45,2016,8,17,22,-100.57689,50.60983,MB,nickel,21
8/17/2016 23:00,2016,8,17,23,-100.65517,50.55267,MB,golf ball,43
8/17/2016 23:15,2016,8,17,23,-99.78,51.06222,MB,pea,8
8/17/2016 23:45,2016,8,17,23,-100.20213,50.43807,MB,marble,16
8/18/2016 0:05,2016,8,18,0,-98.63801,50.49278,MB,toonie,28
8/18/2016 1:00,2016,8,18,1,-100.77826,49.20749,MB,nickel,21
8/18/2016 1:40,2016,8,18,1,-98.03733,50.2559,MB,nickel,21
8/18/2016 1:50,2016,8,18,1,-100.44463,49.28915,MB,marble,16
8/18/2016 2:05,2016,8,18,2,-98.2734,49.91787,MB,marble,16
8/18/2016 2:10,2016,8,18,2,-97.55078,50.13114,MB,pea,8
8/18/2016 3:00,2016,8,18,3,-97.3274,50.13515,MB,pea,8
8/22/2016 3:10,2016,8,22,3,-116.19798,53.79288,AB,loonie,26.5
8/22/2016 18:15,2016,8,22,18,-113.8233,51.04981,AB,marble,16
8/23/2016 14:15,2016,8,23,14,-100.63086,49.76619,MB,quarter,24
8/23/2016 14:20,2016,8,23,14,-100.56364,49.9541,MB,golf ball,43
8/23/2016 14:25,2016,8,23,14,-100.35616,49.68438,MB,loonie,26.5
8/23/2016 14:55,2016,8,23,14,-100.23967,50.03286,MB,pea,8
8/23/2016 15:00,2016,8,23,15,-99.93544,49.96621,MB,pea,8
8/23/2016 15:10,2016,8,23,15,-100.0373,50.12062,MB,marble,16
8/23/2016 15:20,2016,8,23,15,-99.84506,50.53762,MB,quarter,24
8/23/2016 15:35,2016,8,23,15,-100.03409,50.30162,MB,pea,8
8/23/2016 16:00,2016,8,23,16,-99.56088,50.88981,MB,nickel,21
8/23/2016 16:15,2016,8,23,16,-99.38312,50.98466,MB,nickel,21
8/23/2016 18:20,2016,8,23,18,-97.55806,51.38736,MB,dime,18
8/23/2016 22:20,2016,8,23,22,-98.63136,50.40529,MB,loonie,26.5
8/23/2016 23:35,2016,8,23,23,-97.83762,49.39899,MB,nickel,21
8/24/2016 0:00,2016,8,24,0,-97.63329,49.50739,MB,dime,18
8/24/2016 0:15,2016,8,24,0,-97.23356,50.79362,MB,toonie,28
8/24/2016 0:20,2016,8,24,0,-97.21817,50.9061,MB,dime,18
8/24/2016 1:20,2016,8,24,1,-96.96703,50.81112,MB,pea,8
8/25/2016 23:43,2016,8,25,23,-112.7404,51.56308,AB,pea,8
8/26/2016 18:50,2016,8,26,18,-103.78296,50.78296,SK,small,5
8/26/2016 19:55,2016,8,26,19,-100.39687,50.40463,MB,pea,8
8/26/2016 20:05,2016,8,26,20,-99.96851,50.65855,MB,pea,8
8/27/2016 0:25,2016,8,27,0,-99.52344,51.06106,MB,pea,8
8/27/2016 18:05,2016,8,27,18,-97.93895,49.18011,MB,pea,8
8/27/2016 18:55,2016,8,27,18,-97.75985,49.19053,MB,pea,8
8/27/2016 20:05,2016,8,27,20,-97.30987,49.39029,MB,dime,18
8/28/2016 0:40,2016,8,28,0,-112.29058,51.97809,AB,dime,18
8/28/2016 21:00,2016,8,28,21,-100.94583,49.46718,MB,loonie,26.5
8/28/2016 21:25,2016,8,28,21,-99.15231,51.24756,MB,pea,8
8/28/2016 21:30,2016,8,28,21,-100.72584,49.42362,MB,golf ball,43
8/28/2016 21:45,2016,8,28,21,-100.52153,49.48095,MB,dime,18
8/28/2016 22:10,2016,8,28,22,-99.19288,50.60122,MB,nickel,21
8/28/2016 22:20,2016,8,28,22,-100.26909,49.39887,MB,mothball,15
8/28/2016 22:45,2016,8,28,22,-99.0545,50.56107,MB,penny,19
8/28/2016 22:55,2016,8,28,22,-98.86912,50.80106,MB,estimated half inch,13
8/28/2016 23:50,2016,8,28,23,-100.49398,49.19288,MB,larger than golf ball,50
8/29/2016 0:25,2016,8,29,0,-100.15659,49.16686,MB,quarter,24
8/29/2016 0:30,2016,8,29,0,-98.97761,50.80118,MB,nickel,21
8/29/2016 0:45,2016,8,29,0,-99.7096,49.66616,MB,pea,8
8/29/2016 0:45,2016,8,29,0,-99.46164,50.62418,MB,dime,18
8/29/2016 1:00,2016,8,29,1,-99.83854,49.10963,MB,loonie,26.5
8/29/2016 1:10,2016,8,29,1,-100.02394,49.40678,MB,pea,8
8/29/2016 1:15,2016,8,29,1,-98.23186,50.93192,MB,nickel,21
8/29/2016 1:35,2016,8,29,1,-100.0595,49.23044,MB,larger than toonie,32
8/29/2016 1:35,2016,8,29,1,-99.88895,49.2269,MB,walnut,35
8/29/2016 2:00,2016,8,29,2,-99.66495,49.18166,MB,dime,18
8/29/2016 2:55,2016,8,29,2,-99.66093,49.01307,MB,toonie,28
8/29/2016 3:10,2016,8,29,3,-99.03626,49.13427,MB,pea,8
8/29/2016 3:35,2016,8,29,3,-99.05651,49.00807,MB,quarter,24
8/29/2016 4:10,2016,8,29,4,-96.98867,50.63208,MB,nickel,21
8/29/2016 4:15,2016,8,29,4,-99.05651,49.00807,MB,quarter,24
8/29/2016 4:45,2016,8,29,4,-98.8287,49.07554,MB,loonie,26.5
9/1/2016 1:20,2016,9,1,1,-114.13652,51.66084,AB,pea,8
9/1/2016 2:50,2016,9,1,2,-113.79455,52.38078,AB,pea,8
4/8/2017 22:25,2017,4,8,22,-113.981,50.889,AB,nickel,21
5/31/2017 22:15,2017,5,31,22,-115.40259,54.71605,AB,quarter,24
5/31/2017 23:50,2017,5,31,23,-114.77112,55.28668,AB,toonie,28
6/2/2017 20:50,2017,6,2,20,-106.67005,52.13321,SK,larger than golf ball,50
6/2/2017 22:00,2017,6,2,22,-107.03122,53.83348,SK,nickel,21
6/2/2017 22:15,2017,6,2,22,-99.49192,49.31076,MB,golf ball,43
6/4/2017 2:05,2017,6,4,2,-117.13516,58.51635,AB,toonie,28
6/9/2017 1:25,2017,6,9,1,-112.66117,49.72131,AB,quarter,24
6/9/2017 1:45,2017,6,9,1,-114.74044,52.09393,AB,nickel,21
6/9/2017 5:45,2017,6,9,5,-108.89815,49.20338,SK,dime,18
6/9/2017 22:20,2017,6,9,22,-99.03626,49.13427,MB,nickel,21
6/11/2017 22:02,2017,6,11,22,-96.45326,51.44396,MB,nickel,21
6/20/2017 22:20,2017,6,20,22,-115.03778,53.16344,AB,quarter,24
6/20/2017 22:30,2017,6,20,22,-114.7954,52.95262,AB,quarter,24
6/21/2017 22:15,2017,6,21,22,-112.98229,51.11052,AB,large,25
6/21/2017 22:35,2017,6,21,22,-110.69324,49.40169,AB,pea,8
6/21/2017 23:00,2017,6,21,23,-98.63939,51.76932,MB,nickel,21
6/21/2017 23:55,2017,6,21,23,-97.24385,49.50757,MB,nickel,21
6/22/2017 1:30,2017,6,22,1,-96.99451,50.6676,MB,nickel,21
6/24/2017 20:15,2017,6,24,20,-113.94721,54.15417,AB,nickel,21
6/24/2017 23:09,2017,6,24,23,-110.52183,53.76869,AB,non-severe,8
6/27/2017 2:07,2017,6,27,2,-116.1406,53.74112,AB,pea,8
6/27/2017 5:10,2017,6,27,5,-113.62564,53.63048,AB,estimated 19mm,19
6/27/2017 5:13,2017,6,27,5,-113.46484,53.61695,AB,nickel,21
6/27/2017 5:40,2017,6,27,5,-113.20947,53.70072,AB,estimated 20mm,20
6/27/2017 6:40,2017,6,27,6,-112.33518,53.87966,AB,estimated 19mm,19
6/28/2017 3:38,2017,6,28,3,-114.39547,51.45468,AB,quarter,24
7/2/2017 23:48,2017,7,2,23,-116.88992,53.31681,AB,nickel,21
7/3/2017 1:57,2017,7,3,1,-115.73869,53.61504,AB,loonie,26.5
7/3/2017 21:08,2017,7,3,21,-114.97668,53.22141,AB,dime,18
7/3/2017 21:30,2017,7,3,21,-114.6596,53.2509,AB,nickel,21
7/3/2017 22:03,2017,7,3,22,-114.19979,53.21254,AB,nickel,21
7/3/2017 22:41,2017,7,3,22,-114.38941,52.6281,AB,dime,18
7/3/2017 23:43,2017,7,3,23,-113.97941,52.45518,AB,quarter,24
7/3/2017 23:16,2017,7,3,23,-114.83248,52.46415,AB,non-severe,8
7/3/2017 23:20,2017,7,3,23,-108.35522,53.36035,SK,ping pong,40
7/3/2017 23:50,2017,7,3,23,-107.73445,53.75336,SK,golf ball,43
7/4/2017 0:08,2017,7,4,0,-113.79455,52.38078,AB,walnut,35
7/4/2017 0:20,2017,7,4,0,-114.05005,52.46518,AB,nickel,21
7/4/2017 0:25,2017,7,4,0,-107.82381,53.36561,SK,golf ball,43
7/4/2017 0:30,2017,7,4,0,-105.83333,55.16667,SK,golf ball,43
7/4/2017 1:00,2017,7,4,1,-105.86,51.09416,SK,nickel,21
7/4/2017 1:15,2017,7,4,1,-107.06234,53.3062,SK,nickel,21
7/4/2017 1:18,2017,7,4,1,-113.48085,52.11891,AB,quarter,24
7/4/2017 22:15,2017,7,4,22,-95.87108,49.8632,MB,golf ball,43
7/5/2017 0:00,2017,7,5,0,-95.62333,49.61944,MB,walnut,35
7/6/2017 1:00,2017,7,6,1,-101.15406,50.52042,MB,ping pong,40
7/6/2017 2:20,2017,7,6,2,-100.59983,50.17987,MB,golf ball,43
7/6/2017 2:30,2017,7,6,2,-101.35899,50.02997,MB,measured 32mm,32
7/6/2017 2:30,2017,7,6,2,-101.87251,49.38864,SK,baseball,74
7/6/2017 2:35,2017,7,6,2,-100.59073,50.43809,MB,toonie,28
7/6/2017 2:37,2017,7,6,2,-101.24084,49.97536,MB,golf ball,43
7/6/2017 3:00,2017,7,6,3,-100.89423,49.83641,MB,nickel,21
7/6/2017 3:45,2017,7,6,3,-101.44917,49.17736,SK,loonie,26.5
7/6/2017 4:07,2017,7,6,4,-101.17786,49.058,MB,walnut,35
7/9/2017 2:43,2017,7,9,2,-114.61958,51.09565,AB,golf ball,43
7/9/2017 20:03,2017,7,9,20,-117.64466,56.20843,AB,dime,18
7/9/2017 22:40,2017,7,9,22,-115.40311,52.86942,AB,ping pong,40
7/9/2017 23:05,2017,7,9,23,-115.24701,52.72803,AB,ping pong,40
7/9/2017 23:25,2017,7,9,23,-114.97668,53.22141,AB,tennis,67
7/9/2017 23:40,2017,7,9,23,-114.73752,52.09393,AB,golf ball,43
7/9/2017 23:55,2017,7,9,23,-115.68498,54.1424,AB,walnut,35
7/10/2017 0:40,2017,7,10,0,-114.98993,53.59112,AB,golf ball,43
7/10/2017 0:40,2017,7,10,0,-114.91829,52.4063,AB,ping pong,40
7/10/2017 0:45,2017,7,10,0,-115.0177,53.59985,AB,baseball,74
7/10/2017 0:45,2017,7,10,0,-114.6579,52.04309,AB,golf ball,43
7/10/2017 0:53,2017,7,10,0,-115.68498,54.1424,AB,nickel,21
7/10/2017 1:30,2017,7,10,1,-114.60141,52.42028,AB,tennis,67
7/10/2017 1:30,2017,7,10,1,-114.41383,51.95824,AB,golf ball,43
7/10/2017 1:45,2017,7,10,1,-114.45046,51.91868,AB,baseball,74
7/10/2017 2:05,2017,7,10,2,-113.9471,52.02741,AB,golf ball,43
7/10/2017 2:14,2017,7,10,2,-114.31025,51.91912,AB,pool table ball,57
7/10/2017 2:16,2017,7,10,2,-114.10528,51.80999,AB,measured 48mm,48
7/10/2017 22:10,2017,7,10,22,-109.69175,51.26175,SK,nickel,21
7/10/2017 22:30,2017,7,10,22,-109.53027,51.21819,SK,golf ball,43
7/10/2017 23:30,2017,7,10,23,-114.03921,49.52185,AB,two toonies,56
7/10/2017 23:30,2017,7,10,23,-103.86871,49.98354,SK,nickel,21
7/10/2017 23:48,2017,7,10,23,-113.95025,49.48635,AB,estimated 45mm,45
7/10/2017 23:50,2017,7,10,23,-103.55585,49.48951,SK,nickel,21
7/10/2017 23:55,2017,7,10,23,-103.42927,49.66815,SK,loonie,26.5
7/11/2017 0:10,2017,7,11,0,-106.68516,52.11087,SK,quarter,24
7/11/2017 0:15,2017,7,11,0,-103.41105,49.39593,SK,quarter,24
7/11/2017 0:20,2017,7,11,0,-107.97732,50.6661,SK,golf ball,43
7/11/2017 0:30,2017,7,11,0,-106.64681,52.04897,SK,quarter,24
7/11/2017 1:15,2017,7,11,1,-102.99148,49.13908,SK,toonie,28
7/11/2017 2:05,2017,7,11,2,-102.59311,49.17534,SK,nickel,21
7/11/2017 2:23,2017,7,11,2,-107.05784,51.48736,SK,loonie,26.5
7/11/2017 2:40,2017,7,11,2,-109.51877,49.67089,SK,larger than golf ball,50
7/11/2017 21:58,2017,7,11,21,-108.09474,49.17823,SK,nickel,21
7/12/2017 0:14,2017,7,12,0,-96.69416,49.08753,MB,toonie,28
7/12/2017 21:57,2017,7,12,21,-113.82668,50.45501,AB,nickel,21
7/12/2017 22:10,2017,7,12,22,-114.00838,50.71547,AB,dime,18
7/12/2017 22:35,2017,7,12,22,-114.68688,51.94065,AB,measured 20mm,20
7/12/2017 23:00,2017,7,12,23,-114.85094,51.99582,AB,nickel,21
7/12/2017 23:45,2017,7,12,23,-114.79425,51.89254,AB,measured 25mm,25
7/12/2017 23:45,2017,7,12,23,-114.4257,51.88147,AB,quarter,24
7/13/2017 0:50,2017,7,13,0,-114.4901,51.5451,AB,golf ball,43
7/13/2017 4:20,2017,7,13,4,-116.44286,53.58551,AB,golf ball,43
7/13/2017 20:10,2017,7,13,20,-117.27498,53.23358,AB,golf ball,43
7/13/2017 21:03,2017,7,13,21,-116.85591,54.11162,AB,loonie,26.5
7/13/2017 22:35,2017,7,13,22,-116.04678,53.85732,AB,golf ball,43
7/13/2017 22:53,2017,7,13,22,-114.97668,53.22141,AB,ping pong,40
7/13/2017 23:00,2017,7,13,23,-114.97668,53.22141,AB,baseball,74
7/13/2017 23:38,2017,7,13,23,-113.2818,54.72141,AB,toonie,28
7/14/2017 0:24,2017,7,14,0,-114.05005,53.22755,AB,golf ball,43
7/14/2017 0:27,2017,7,14,0,-114.31863,53.18111,AB,walnut,35
7/14/2017 0:35,2017,7,14,0,-113.80567,53.2651,AB,ping pong,40
7/14/2017 1:17,2017,7,14,1,-111.29531,53.99112,AB,dime,18
7/14/2017 1:30,2017,7,14,1,-111.29531,53.99112,AB,baseball,74
7/14/2017 1:55,2017,7,14,1,-114.97668,53.22141,AB,golf ball,43
7/14/2017 2:45,2017,7,14,2,-110.90096,53.8972,AB,nickel,21
7/14/2017 3:12,2017,7,14,3,-111.97251,54.76964,AB,ping pong,40
7/16/2017 19:20,2017,7,16,19,-109.45843,53.5388,SK,dime,18
7/16/2017 19:30,2017,7,16,19,-109.30776,53.56992,SK,nickel,21
7/16/2017 20:26,2017,7,16,20,-108.51211,54.12716,SK,pea,8
7/16/2017 20:30,2017,7,16,20,-110.33358,53.3412,AB,walnut,35
7/16/2017 20:45,2017,7,16,20,-107.73445,53.75336,SK,golf ball,43
7/16/2017 21:20,2017,7,16,21,-107.03122,53.83348,SK,tennis,67
7/16/2017 21:25,2017,7,16,21,-114.27536,52.3058,AB,golf ball,43
7/16/2017 21:30,2017,7,16,21,-114.36649,52.3633,AB,toonie,28
7/16/2017 21:30,2017,7,16,21,-109.39018,52.08186,SK,nickel,21
7/16/2017 21:32,2017,7,16,21,-113.87796,52.17707,AB,quarter,24
7/16/2017 21:39,2017,7,16,21,-113.81124,52.26811,AB,quarter,24
7/16/2017 21:55,2017,7,16,21,-113.89468,52.13206,AB,nickel,21
7/16/2017 22:00,2017,7,16,22,-106.08181,53.92318,SK,loonie,26.5
7/16/2017 23:05,2017,7,16,23,-106.77164,52.34124,SK,golf ball,43
7/17/2017 0:10,2017,7,17,0,-106.67005,52.13321,SK,dime,18
7/19/2017 0:45,2017,7,19,0,-108.28376,53.02687,SK,nickel,21
7/19/2017 1:30,2017,7,19,1,-107.64868,52.81477,SK,dime,18
7/19/2017 2:35,2017,7,19,2,-106.73026,52.52326,SK,pea,8
7/19/2017 2:55,2017,7,19,2,-106.41631,52.51094,SK,pea,8
7/19/2017 12:30,2017,7,19,12,-100.94583,49.55709,MB,pea,8
7/21/2017 0:15,2017,7,21,0,-108.39489,51.59429,SK,nickel,21
7/21/2017 1:04,2017,7,21,1,-107.52141,51.48695,SK,golf ball,43
7/21/2017 1:53,2017,7,21,1,-113.49012,53.46958,AB,marble,16
7/21/2017 15:05,2017,7,21,15,-98.69416,49.00323,MB,quarter,24
7/21/2017 20:25,2017,7,21,20,-109.54195,50.88898,SK,dime,18
7/21/2017 22:40,2017,7,21,22,-103.34633,51.92849,SK,quarter,24
7/21/2017 22:45,2017,7,21,22,-103.26736,50.36538,SK,quarter,24
7/21/2017 23:17,2017,7,21,23,-102.93009,50.4114,SK,toonie,28
7/21/2017 23:20,2017,7,21,23,-102.70366,51.21745,SK,golf ball,43
7/21/2017 23:50,2017,7,21,23,-103.5321,51.8466,SK,loonie,26.5
7/21/2017 23:57,2017,7,21,23,-102.64031,50.71971,SK,golf ball,43
7/22/2017 0:00,2017,7,22,0,-106.05703,51.9874,SK,dime,18
7/22/2017 0:43,2017,7,22,0,-101.96342,50.38695,SK,golf ball,43
7/22/2017 0:50,2017,7,22,0,-101.70063,50.38184,SK,golf ball,43
7/22/2017 1:00,2017,7,22,1,-101.66683,50.14357,SK,hen egg,50
7/22/2017 1:34,2017,7,22,1,-101.38841,50.26241,MB,larger than golf ball,50
7/22/2017 1:37,2017,7,22,1,-102.43701,51.63395,SK,quarter,24
7/22/2017 2:00,2017,7,22,2,-101.03464,50.14272,MB,walnut,35
7/22/2017 2:10,2017,7,22,2,-100.89414,50.14412,MB,quarter,24
7/22/2017 2:49,2017,7,22,2,-101.35232,51.22818,MB,golf ball,43
7/22/2017 4:20,2017,7,22,4,-99.63061,49.3995,MB,quarter,24
7/23/2017 21:51,2017,7,23,21,-114.4329,52.71869,AB,ping pong,40
7/23/2017 22:00,2017,7,23,22,-114.29048,52.69505,AB,golf ball,43
7/23/2017 22:20,2017,7,23,22,-114.01721,52.21281,AB,toonie,28
7/23/2017 22:40,2017,7,23,22,-113.81124,52.26811,AB,golf ball,43
7/23/2017 22:55,2017,7,23,22,-113.53078,52.70771,AB,measured 35mm,35
7/23/2017 23:00,2017,7,23,23,-114.09326,52.02741,AB,toonie,28
7/23/2017 23:08,2017,7,23,23,-114.03223,51.93309,AB,golf ball,43
7/23/2017 23:30,2017,7,23,23,-113.9471,52.02741,AB,walnut,35
7/23/2017 23:40,2017,7,23,23,-112.97458,52.57974,AB,measured 60mm,60
7/24/2017 0:00,2017,7,24,0,-112.7242,52.62966,AB,larger than golf ball,50
7/24/2017 1:00,2017,7,24,1,-113.44552,53.42748,AB,quarter,24
7/24/2017 1:10,2017,7,24,1,-114.91829,52.37934,AB,quarter,24
7/24/2017 1:20,2017,7,24,1,-112.97458,52.57974,AB,walnut,35
7/24/2017 1:30,2017,7,24,1,-113.37725,52.96954,AB,hen egg,50
7/24/2017 2:08,2017,7,24,2,-112.8286,53.0222,AB,golf ball,43
7/24/2017 2:15,2017,7,24,2,-113.72074,52.47071,AB,toonie,28
7/25/2017 2:20,2017,7,25,2,-100.69587,49.25592,MB,tennis,67
7/25/2017 2:25,2017,7,25,2,-100.29527,49.82985,MB,hen egg,50
7/25/2017 3:00,2017,7,25,3,-100.29527,49.82985,MB,walnut,35
7/25/2017 5:25,2017,7,25,5,-98.69855,49.62839,MB,ping pong,40
7/25/2017 7:55,2017,7,25,7,-96.98418,50.26254,MB,dime,18
7/25/2017 8:50,2017,7,25,8,-98.0017,49.50857,MB,toonie,28
7/25/2017 9:45,2017,7,25,9,-97.13837,49.89514,MB,dime,18
7/25/2017 9:45,2017,7,25,9,-97.21953,49.6495,MB,golf ball,43
7/25/2017 9:50,2017,7,25,9,-97.11077,49.67282,MB,golf ball,43
7/27/2017 22:53,2017,7,27,22,-117.00817,53.53062,AB,quarter,24
7/28/2017 0:05,2017,7,28,0,-115.07071,52.6518,AB,golf ball,43
7/28/2017 0:06,2017,7,28,0,-116.16324,53.74101,AB,quarter,24
7/28/2017 0:20,2017,7,28,0,-116.34349,53.74116,AB,ping pong,40
7/28/2017 1:13,2017,7,28,1,-115.13973,53.90754,AB,golf ball,43
7/28/2017 1:16,2017,7,28,1,-113.6642,52.84351,AB,estimated 35mm,35
7/28/2017 1:35,2017,7,28,1,-113.52938,52.82018,AB,estimated 40mm,40
7/28/2017 1:57,2017,7,28,1,-114.89973,53.91487,AB,golf ball,43
7/28/2017 2:30,2017,7,28,2,-113.85142,54.15216,AB,pea,8
7/28/2017 3:15,2017,7,28,3,-113.06987,54.2074,AB,ping pong,40
7/28/2017 3:15,2017,7,28,3,-114.09799,52.30762,AB,quarter,24
7/28/2017 3:18,2017,7,28,3,-114.09799,52.30762,AB,quarter,24
7/28/2017 3:29,2017,7,28,3,-113.55022,53.25801,AB,toonie,28
7/28/2017 23:18,2017,7,28,23,-114.13436,51.79201,AB,quarter,24
7/29/2017 0:16,2017,7,29,0,-114.4257,51.88147,AB,toonie,28
7/29/2017 0:20,2017,7,29,0,-113.54134,51.59069,AB,quarter,24
7/29/2017 1:04,2017,7,29,1,-114.10528,51.79201,AB,estimated 40mm,40
7/29/2017 1:05,2017,7,29,1,-103.44831,50.21936,SK,nickel,21
7/29/2017 1:38,2017,7,29,1,-113.64641,51.76845,AB,golf ball,43
7/29/2017 3:54,2017,7,29,3,-113.52977,51.31298,AB,quarter,24
7/29/2017 23:30,2017,7,29,23,-107.79717,50.28507,SK,dime,18
7/30/2017 3:10,2017,7,30,3,-116.80891,54.40217,AB,golf ball,43
7/30/2017 12:18,2017,7,30,12,-112.34367,54.84927,AB,nickel,21
7/30/2017 22:04,2017,7,30,22,-99.32246,49.7534,MB,larger than quarter,27
7/30/2017 23:20,2017,7,30,23,-108.53977,52.64613,SK,hen egg,50
7/30/2017 23:40,2017,7,30,23,-108.76684,53.18779,SK,baseball,74
7/31/2017 0:09,2017,7,31,0,-108.35522,53.36035,SK,golf ball,43
7/31/2017 0:30,2017,7,31,0,-108.45472,53.03538,SK,toonie,28
7/31/2017 0:52,2017,7,31,0,-107.68335,52.38766,SK,golf ball,43
7/31/2017 1:00,2017,7,31,1,-105.17003,50.99385,SK,nickel,21
7/31/2017 1:02,2017,7,31,1,-101.00727,52.1016,MB,walnut,35
7/31/2017 1:25,2017,7,31,1,-107.54333,52.05601,SK,golf ball,43
7/31/2017 2:05,2017,7,31,2,-106.77164,52.34124,SK,larger than golf ball,50
7/31/2017 2:15,2017,7,31,2,-106.65784,52.29312,SK,larger than golf ball,50
7/31/2017 2:20,2017,7,31,2,-106.97303,52.00237,SK,quarter,24
7/31/2017 2:35,2017,7,31,2,-106.79173,52.00756,SK,quarter,24
7/31/2017 19:07,2017,7,31,19,-96.61221,50.53976,MB,quarter,24
7/31/2017 19:20,2017,7,31,19,-96.48381,50.67305,MB,dime,18
7/31/2017 20:01,2017,7,31,20,-96.62255,50.3718,MB,nickel,21
7/31/2017 20:15,2017,7,31,20,-96.48911,50.2676,MB,golf ball,43
7/31/2017 21:10,2017,7,31,21,-96.57,49.67126,MB,loonie,26.5
7/31/2017 21:30,2017,7,31,21,-96.45664,49.65722,MB,nickel,21
7/31/2017 22:30,2017,7,31,22,-96.29323,49.32465,MB,golf ball,43
7/31/2017 23:30,2017,7,31,23,-95.97879,49.11711,MB,larger than golf ball,50
8/4/2017 18:05,2017,8,4,18,-97.3274,50.13515,MB,dime,18
8/4/2017 18:20,2017,8,4,18,-99.36018,49.8677,MB,pea,8
8/4/2017 18:35,2017,8,4,18,-97.6884,49.8942,MB,pea,8
8/4/2017 18:50,2017,8,4,18,-97.06147,49.92874,MB,nickel,21
8/7/2017 22:20,2017,8,7,22,-108.27567,52.74309,SK,quarter,24
8/7/2017 22:29,2017,8,7,22,-107.76743,53.14163,SK,quarter,24
8/7/2017 23:20,2017,8,7,23,-106.57507,52.31837,SK,dime,18
8/8/2017 1:20,2017,8,8,1,-107.69966,52.49712,SK,nickel,21
8/10/2017 22:30,2017,8,10,22,-114.58591,49.63506,AB,dime,18
8/11/2017 4:25,2017,8,11,4,-114.03798,51.06353,AB,loonie,26.5
8/13/2017 21:45,2017,8,13,21,-114.59539,52.18296,AB,quarter,24
8/13/2017 22:04,2017,8,13,22,-114.6817,52.23782,AB,quarter,24
8/13/2017 22:20,2017,8,13,22,-114.36649,52.35431,AB,quarter,24
8/13/2017 23:35,2017,8,13,23,-113.6197,52.82327,AB,dime,18
8/13/2017 22:50,2017,8,13,22,-114.06826,52.53919,AB,loonie,26.5
8/13/2017 23:20,2017,8,13,23,-113.96936,52.72987,AB,pea,8
8/14/2017 0:20,2017,8,14,0,-113.37725,52.96954,AB,toonie,28
8/14/2017 20:45,2017,8,14,20,-114.01436,51.2917,AB,pea,8
8/14/2017 21:05,2017,8,14,21,-113.08168,49.99755,AB,shot,8
8/14/2017 21:40,2017,8,14,21,-114.09946,50.95868,AB,shot,8
8/14/2017 21:54,2017,8,14,21,-114.05043,50.91147,AB,shot,8
8/15/2017 2:30,2017,8,15,2,-109.909,50.65532,SK,toonie,28
8/17/2017 22:20,2017,8,17,22,-104.01218,49.73029,SK,dime,18
8/17/2017 22:40,2017,8,17,22,-101.28664,50.62447,MB,pea,8
8/20/2017 2:00,2017,8,20,2,-98.14647,50.88572,MB,quarter,24
8/20/2017 3:15,2017,8,20,3,-97.21817,50.9061,MB,pea,8
8/20/2017 3:40,2017,8,20,3,-97.56014,51.31567,MB,dime,18
8/20/2017 3:55,2017,8,20,3,-96.99456,50.71373,MB,toonie,28
8/20/2017 4:40,2017,8,20,4,-97.36125,51.44468,MB,toonie,28
8/21/2017 23:20,2017,8,21,23,-97.21817,50.9061,MB,dime,18
8/24/2017 20:05,2017,8,24,20,-117.33866,55.754,AB,pea,8
8/24/2017 20:40,2017,8,24,20,-117.13279,56.03773,AB,pea,8
8/24/2017 22:28,2017,8,24,22,-114.23574,52.61396,AB,dime,18
8/24/2017 22:40,2017,8,24,22,-113.58324,52.75685,AB,quarter,24
8/24/2017 23:00,2017,8,24,23,-113.67223,52.67591,AB,estimated 24mm,24
8/24/2017 23:20,2017,8,24,23,-114.05227,54.27144,AB,ping pong,40
8/24/2017 23:31,2017,8,24,23,-113.77982,52.38078,AB,nickel,21
8/24/2017 23:50,2017,8,24,23,-113.44721,52.83443,AB,golf ball,43
8/24/2017 23:57,2017,8,24,23,-113.43467,52.74786,AB,estimated 25mm,25
8/25/2017 1:12,2017,8,25,1,-112.95084,52.77892,AB,golf ball,43
8/25/2017 2:25,2017,8,25,2,-111.92487,53.18511,AB,pea,8
9/1/2017 1:30,2017,9,1,1,-102.57907,50.37806,SK,nickel,21
9/1/2017 3:55,2017,9,1,3,-102.05256,50.93806,SK,quarter,24
5/8/2018 19:33,2018,5,8,19,-108.70078,49.89365,SK,quarter,24
5/8/2018 20:30,2018,5,8,20,-108.42158,49.90685,SK,loonie,26.5
5/8/2018 21:55,2018,5,8,21,-107.74372,49.6376,SK,half golf ball,21
5/24/2018 6:35,2018,5,24,6,-100.49161,49.86077,MB,dime,18
5/24/2018 14:00,2018,5,24,14,-98.26758,49.08883,MB,golf ball,43
5/24/2018 19:30,2018,5,24,19,-100.71216,49.68012,MB,dime,18
5/24/2018 21:00,2018,5,24,21,-100.19401,49.73007,MB,toonie,28
5/24/2018 21:40,2018,5,24,21,-99.61406,49.80271,MB,loonie,26.5
5/24/2018 21:40,2018,5,24,21,-99.8911,49.819,MB,nickel,21
5/24/2018 22:00,2018,5,24,22,-99.49968,49.90197,MB,nickel,21
5/24/2018 22:00,2018,5,24,22,-99.43409,49.87311,MB,toonie,28
5/24/2018 22:35,2018,5,24,22,-99.23244,49.96228,MB,quarter,24
5/24/2018 23:30,2018,5,24,23,-101.03736,52.08616,MB,nickel,21
5/25/2018 0:20,2018,5,25,0,-97.97626,50.05692,MB,nickel,21
5/25/2018 19:10,2018,5,25,19,-99.56002,50.88703,MB,nickel,21
5/25/2018 19:20,2018,5,25,19,-99.52688,50.81443,MB,toonie,28
5/25/2018 19:20,2018,5,25,19,-99.56088,50.81745,MB,larger than golf ball,50
5/25/2018 20:00,2018,5,25,20,-99.21909,50.43971,MB,toonie,28
5/25/2018 20:00,2018,5,25,20,-99.1276,50.74567,MB,golf ball,43
5/25/2018 20:50,2018,5,25,20,-98.73937,50.59536,MB,toonie,28
5/25/2018 21:08,2018,5,25,21,-98.66534,50.55261,MB,quarter,24
5/25/2018 23:15,2018,5,25,23,-96.69109,49.52853,MB,penny,19
5/25/2018 23:30,2018,5,25,23,-97.21965,50.08756,MB,nickel,21
5/26/2018 20:05,2018,5,26,20,-106.37727,51.99634,SK,marble,16
5/27/2018 0:50,2018,5,27,0,-106.26913,49.65284,SK,quarter,24
5/29/2018 22:40,2018,5,29,22,-100.23967,50.03286,MB,nickel,21
5/30/2018 8:50,2018,5,30,8,-105.54721,50.42335,SK,nickel,21
5/30/2018 19:05,2018,5,30,19,-106.65942,50.46185,SK,ping pong,40
6/1/2018 19:30,2018,6,1,19,-102.99148,49.13908,SK,pea,8
6/7/2018 20:50,2018,6,7,20,-107.0753,49.42114,SK,toonie,28
6/8/2018 0:25,2018,6,8,0,-106.26913,49.50811,SK,nickel,21
6/8/2018 0:45,2018,6,8,0,-106.26913,49.65284,SK,nickel,21
6/8/2018 1:15,2018,6,8,1,-105.9738,49.27808,SK,nickel,21
6/8/2018 2:30,2018,6,8,2,-105.50628,49.0273,SK,measured 50mm,50
6/8/2018 20:20,2018,6,8,20,-111.68988,53.97057,AB,nickel,21
6/8/2018 20:39,2018,6,8,20,-111.61669,54.49938,AB,quarter,24
6/8/2018 21:15,2018,6,8,21,-111.29531,53.99112,AB,quarter,24
6/8/2018 21:30,2018,6,8,21,-111.68822,53.79111,AB,loonie,26.5
6/9/2018 21:40,2018,6,9,21,-112.3432,53.65354,AB,quarter,24
6/10/2018 1:36,2018,6,10,1,-109.99763,53.7171,SK,nickel,21
6/10/2018 2:00,2018,6,10,2,-109.62974,52.95297,SK,nickel,21
6/10/2018 2:45,2018,6,10,2,-109.62974,52.83719,SK,nickel,21
6/10/2018 13:25,2018,6,10,13,-108.45159,52.19904,SK,nickel,21
6/10/2018 14:15,2018,6,10,14,-108.05215,52.58276,SK,toonie,28
6/10/2018 14:20,2018,6,10,14,-108.31576,52.73259,SK,quarter,24
6/10/2018 15:00,2018,6,10,15,-109.15832,52.44373,SK,quarter,24
6/10/2018 15:25,2018,6,10,15,-109.26993,52.78797,SK,nickel,21
6/10/2018 16:24,2018,6,10,16,-108.92983,53.47549,SK,nickel,21
6/10/2018 23:20,2018,6,10,23,-102.13536,49.85532,SK,loonie,26.5
6/10/2018 23:25,2018,6,10,23,-102.30205,50.04896,SK,loonie,26.5
6/10/2018 23:50,2018,6,10,23,-102.26522,49.00212,SK,nickel,21
6/11/2018 0:45,2018,6,11,0,-104.62091,54.02587,SK,pea,8
6/14/2018 19:48,2018,6,14,19,-102.30874,49.63397,SK,nickel,21
6/14/2018 21:55,2018,6,14,21,-102.89485,49.10249,SK,golf ball,43
6/14/2018 22:00,2018,6,14,22,-102.76833,49.14757,SK,loonie,26.5
6/14/2018 22:00,2018,6,14,22,-102.80867,49.14268,SK,toonie,28
6/14/2018 22:00,2018,6,14,22,-102.98922,49.0171,SK,quarter,24
6/14/2018 22:00,2018,6,14,22,-102.92431,49.1317,SK,golf ball,43
6/14/2018 22:20,2018,6,14,22,-102.54897,49.00224,SK,golf ball,43
6/14/2018 22:40,2018,6,14,22,-102.16953,49.07434,SK,tennis,67
6/14/2018 22:50,2018,6,14,22,-101.961,49.01234,SK,baseball,74
6/14/2018 23:10,2018,6,14,23,-101.63025,49.17544,SK,hen egg,50
6/14/2018 23:15,2018,6,14,23,-100.31279,49.34107,MB,quarter,24
6/14/2018 23:20,2018,6,14,23,-101.44917,49.1144,SK,golf ball,43
6/14/2018 22:30,2018,6,14,22,-100.52153,49.48095,MB,quarter,24
6/14/2018 23:35,2018,6,14,23,-100.0144,49.40272,MB,quarter,24
6/14/2018 23:40,2018,6,14,23,-99.79109,49.41558,MB,quarter,24
6/14/2018 23:45,2018,6,14,23,-99.85706,49.4058,MB,golf ball,43
6/14/2018 23:50,2018,6,14,23,-99.73223,49.40619,MB,golf ball,43
6/14/2018 23:50,2018,6,14,23,-99.63061,49.3995,MB,softball,97
6/15/2018 0:00,2018,6,15,0,-99.54698,49.33139,MB,larger than golf ball,50
6/15/2018 0:10,2018,6,15,0,-98.51452,49.88927,MB,golf ball,43
6/15/2018 0:10,2018,6,15,0,-99.45644,49.40989,MB,golf ball,43
6/15/2018 0:15,2018,6,15,0,-99.35997,49.38505,MB,measured 50mm,50
6/15/2018 0:20,2018,6,15,0,-99.24384,49.38558,MB,estimated 32mm,32
6/15/2018 0:30,2018,6,15,0,-97.83895,49.95724,MB,nickel,21
6/15/2018 0:40,2018,6,15,0,-99.11613,49.29261,MB,loonie,26.5
6/15/2018 0:50,2018,6,15,0,-98.98952,49.36067,MB,golf ball,43
6/15/2018 1:10,2018,6,15,1,-98.7896,49.41092,MB,quarter,24
6/15/2018 2:05,2018,6,15,2,-98.68034,49.23743,MB,loonie,26.5
6/15/2018 2:10,2018,6,15,2,-98.5385,49.24044,MB,golf ball,43
6/15/2018 2:20,2018,6,15,2,-98.53676,49.1446,MB,golf ball,43
6/15/2018 2:30,2018,6,15,2,-98.3724,49.16768,MB,tennis,67
6/15/2018 2:38,2018,6,15,2,-98.37766,49.20503,MB,golf ball,43
6/15/2018 2:40,2018,6,15,2,-98.2305,49.20205,MB,nickel,21
6/15/2018 3:00,2018,6,15,3,-98.09199,49.19208,MB,toonie,28
6/15/2018 3:25,2018,6,15,3,-97.93895,49.18011,MB,estimated 32mm,32
6/22/2018 21:38,2018,6,22,21,-112.55037,54.81902,AB,quarter,24
6/25/2018 20:30,2018,6,25,20,-113.64634,53.79251,AB,nickel,21
6/25/2018 20:45,2018,6,25,20,-113.39754,53.54276,AB,small,5
6/25/2018 21:30,2018,6,25,21,-113.20947,53.70072,AB,pea,8
6/25/2018 22:00,2018,6,25,22,-117.52671,57.44816,AB,severe,25
6/26/2018 0:00,2018,6,26,0,-111.84508,54.71757,AB,quarter,24
6/26/2018 18:30,2018,6,26,18,-102.05256,50.82227,SK,quarter,24
6/26/2018 22:10,2018,6,26,22,-99.48756,50.61217,MB,nickel,21
6/26/2018 23:50,2018,6,26,23,-99.73508,49.86311,MB,larger than toonie,32
6/27/2018 1:20,2018,6,27,1,-99.31256,49.837,MB,golf ball,43
7/1/2018 17:26,2018,7,1,17,-114.6405,51.79722,AB,pea,8
7/1/2018 18:35,2018,7,1,18,-102.49254,49.63907,SK,loonie,26.5
7/1/2018 19:10,2018,7,1,19,-102.26708,49.63397,SK,nickel,21
7/1/2018 19:35,2018,7,1,19,-114.09799,52.30762,AB,pea,8
7/1/2018 20:06,2018,7,1,20,-101.89687,50.89845,SK,nickel,21
7/1/2018 20:09,2018,7,1,20,-114.2216,51.79201,AB,nickel,21
7/1/2018 20:20,2018,7,1,20,-114.13652,51.66084,AB,toonie,28
7/1/2018 21:00,2018,7,1,21,-96.98552,50.16737,MB,nickel,21
7/1/2018 21:40,2018,7,1,21,-100.80233,49.09779,MB,quarter,24
7/1/2018 22:08,2018,7,1,22,-113.28587,51.03785,AB,pea,8
7/1/2018 22:30,2018,7,1,22,-97.49751,50.50703,MB,nickel,21
7/2/2018 19:26,2018,7,2,19,-113.87073,50.5801,AB,non-severe,8
7/2/2018 19:27,2018,7,2,19,-112.84184,49.69349,AB,pea,8
7/2/2018 21:00,2018,7,2,21,-105.24225,52.85058,SK,quarter,24
7/2/2018 21:50,2018,7,2,21,-114.03196,51.43016,AB,pea,8
7/3/2018 0:20,2018,7,3,0,-112.14965,49.78596,AB,pea,8
7/3/2018 19:20,2018,7,3,19,-105.81063,52.92063,SK,pea,8
7/3/2018 19:45,2018,7,3,19,-110.29498,53.03064,AB,small,5
7/3/2018 20:40,2018,7,3,20,-110.85047,52.83307,AB,pea,8
7/3/2018 23:02,2018,7,3,23,-113.49093,53.54439,AB,pea,8
7/4/2018 0:30,2018,7,4,0,-113.26486,51.70712,AB,pea,8
7/6/2018 20:27,2018,7,6,20,-109.43534,56.48196,SK,nickel,21
7/6/2018 21:20,2018,7,6,21,-108.69734,56.47786,SK,quarter,24
7/7/2018 0:30,2018,7,7,0,-110.45847,52.76007,AB,golf ball,43
7/7/2018 1:02,2018,7,7,1,-110.33358,53.3412,AB,nickel,21
7/7/2018 1:16,2018,7,7,1,-112.15896,51.95434,AB,nickel,21
7/7/2018 1:59,2018,7,7,1,-104.77338,55.6034,SK,quarter,24
7/7/2018 2:27,2018,7,7,2,-103.74633,56.1146,SK,quarter,24
7/7/2018 2:39,2018,7,7,2,-114.52514,51.79042,AB,loonie,26.5
7/7/2018 2:40,2018,7,7,2,-109.89786,52.64029,SK,quarter,24
7/7/2018 2:56,2018,7,7,2,-109.62974,52.83719,SK,estimated 50mm,50
7/7/2018 6:30,2018,7,7,6,-105.91819,53.60311,SK,marble,16
7/7/2018 19:36,2018,7,7,19,-109.35981,52.33786,SK,quarter,24
7/7/2018 20:20,2018,7,7,20,-108.53669,52.51111,SK,quarter,24
7/7/2018 21:05,2018,7,7,21,-106.95836,52.35898,SK,golf ball,43
7/7/2018 22:08,2018,7,7,22,-106.51895,52.45898,SK,quarter,24
7/7/2018 22:08,2018,7,7,22,-105.3028,52.4814,SK,nickel,21
7/7/2018 22:26,2018,7,7,22,-104.88868,52.52263,SK,golf ball,43
7/7/2018 22:45,2018,7,7,22,-104.50721,52.57557,SK,nickel,21
7/8/2018 0:04,2018,7,8,0,-102.87072,52.5694,SK,quarter,24
7/9/2018 21:43,2018,7,9,21,-106.26913,49.55153,SK,quarter,24
7/9/2018 22:15,2018,7,9,22,-106.1181,49.55169,SK,hen egg,50
7/9/2018 22:33,2018,7,9,22,-107.03641,50.35548,SK,golf ball,43
7/9/2018 22:45,2018,7,9,22,-110.59578,52.88636,AB,quarter,24
7/9/2018 22:45,2018,7,9,22,-105.63753,49.39173,SK,ping pong,40
7/9/2018 23:00,2018,7,9,23,-105.68832,50.10507,SK,golf ball,43
7/9/2018 23:00,2018,7,9,23,-105.50906,50.24927,SK,quarter,24
7/9/2018 23:00,2018,7,9,23,-105.23107,49.30442,SK,golf ball,43
7/9/2018 23:10,2018,7,9,23,-105.46608,50.26568,SK,golf ball,43
7/9/2018 23:10,2018,7,9,23,-105.44639,49.31117,SK,baseball,74
7/9/2018 23:20,2018,7,9,23,-106.38409,50.1352,SK,nickel,21
7/10/2018 18:55,2018,7,10,18,-112.88213,50.56999,AB,pea,8
7/10/2018 19:37,2018,7,10,19,-111.90824,50.91383,AB,pea,8
7/10/2018 21:17,2018,7,10,21,-110.17417,50.43974,AB,pea,8
7/10/2018 21:30,2018,7,10,21,-109.88402,50.29537,SK,quarter,24
7/10/2018 21:40,2018,7,10,21,-109.75528,50.45573,SK,golf ball,43
7/10/2018 21:50,2018,7,10,21,-114.1258,53.67544,AB,nickel,21
7/10/2018 22:10,2018,7,10,22,-108.81997,49.51404,SK,quarter,24
7/10/2018 22:10,2018,7,10,22,-109.4857,50.46491,SK,nickel,21
7/10/2018 22:32,2018,7,10,22,-107.67134,49.26096,SK,golf ball,43
7/10/2018 22:40,2018,7,10,22,-107.7288,49.24636,SK,softball,97
7/10/2018 23:02,2018,7,10,23,-107.55378,49.26344,SK,tennis,67
7/10/2018 23:10,2018,7,10,23,-108.56181,49.20489,SK,hen egg,50
7/9/2018 23:17,2018,7,9,23,-110.1284,52.90114,AB,dime,18
7/10/2018 23:33,2018,7,10,23,-107.7567,49.43148,SK,measured 75mm,75
7/11/2018 0:50,2018,7,11,0,-105.52936,49.75715,SK,ping pong,40
7/11/2018 1:00,2018,7,11,1,-109.15468,51.46753,SK,quail egg,35
7/11/2018 1:20,2018,7,11,1,-108.93313,51.4468,SK,quarter,24
7/11/2018 1:30,2018,7,11,1,-108.8584,51.47476,SK,nickel,21
7/11/2018 1:35,2018,7,11,1,-108.79639,51.40039,SK,golf ball,43
7/13/2018 20:25,2018,7,13,20,-104.31612,50.12724,SK,quarter,24
7/13/2018 22:20,2018,7,13,22,-103.85321,50.78925,SK,quarter,24
7/13/2018 22:35,2018,7,13,22,-104.26878,50.49212,SK,quarter,24
7/13/2018 23:15,2018,7,13,23,-103.87767,50.46167,SK,quarter,24
7/13/2018 23:35,2018,7,13,23,-103.49298,51.25326,SK,hen egg,50
7/13/2018 23:55,2018,7,13,23,-102.79972,51.20511,SK,quarter,24
7/14/2018 0:05,2018,7,14,0,-102.98324,51.21097,SK,tennis,67
7/14/2018 0:25,2018,7,14,0,-102.44709,51.3707,SK,estimated 19mm,19
7/14/2018 1:55,2018,7,14,1,-109.89203,53.68715,SK,nickel,21
7/14/2018 3:15,2018,7,14,3,-109.61359,53.12237,SK,toonie,28
7/14/2018 22:00,2018,7,14,22,-99.14907,51.13357,MB,nickel,21
7/14/2018 22:30,2018,7,14,22,-98.77745,51.08179,MB,hen egg,50
7/14/2018 23:25,2018,7,14,23,-99.15529,49.25173,MB,nickel,21
7/14/2018 23:30,2018,7,14,23,-98.58211,49.97468,MB,golf ball,43
7/15/2018 0:10,2018,7,15,0,-98.68034,49.23743,MB,ping pong,40
7/15/2018 0:50,2018,7,15,0,-98.2305,49.20205,MB,quarter,24
7/18/2018 2:05,2018,7,18,2,-116.42903,53.53526,AB,pea,8
7/18/2018 19:15,2018,7,18,19,-115.57077,51.17836,AB,pea,8
7/18/2018 19:50,2018,7,18,19,-104.15854,49.80572,SK,dime,18
7/18/2018 23:05,2018,7,18,23,-102.38811,52.8568,SK,ping pong,40
7/18/2018 23:15,2018,7,18,23,-114.93502,51.32359,AB,quarter,24
7/19/2018 0:45,2018,7,19,0,-116.89735,53.54054,AB,nickel,21
7/19/2018 17:20,2018,7,19,17,-95.42974,52.00854,MB,loonie,26.5
7/19/2018 21:50,2018,7,19,21,-96.84258,49.93912,MB,quarter,24
7/20/2018 22:20,2018,7,20,22,-113.41537,53.35243,AB,larger than quarter,27
7/20/2018 22:20,2018,7,20,22,-113.95663,54.05098,AB,tennis,67
7/20/2018 22:33,2018,7,20,22,-113.49093,53.54439,AB,toonie,28
7/20/2018 23:30,2018,7,20,23,-113.14284,53.55161,AB,loonie,26.5
7/21/2018 1:05,2018,7,21,1,-107.80534,50.59701,SK,quarter,24
7/21/2018 1:30,2018,7,21,1,-110.29498,53.03064,AB,loonie,26.5
7/21/2018 1:35,2018,7,21,1,-107.66335,50.60825,SK,quarter,24
7/21/2018 2:20,2018,7,21,2,-110.00449,53.27768,AB,quarter,24
7/21/2018 2:45,2018,7,21,2,-109.77278,53.29306,SK,nickel,21
7/21/2018 2:55,2018,7,21,2,-109.42414,52.96524,SK,toonie,28
7/21/2018 3:15,2018,7,21,3,-109.61348,53.12575,SK,quarter,24
7/21/2018 15:40,2018,7,21,15,-106.48441,51.03724,SK,quarter,24
7/21/2018 16:26,2018,7,21,16,-105.99561,51.29118,SK,quarter,24
7/21/2018 21:00,2018,7,21,21,-106.62507,50.15919,SK,nickel,21
7/22/2018 0:27,2018,7,22,0,-110.85047,52.83307,AB,dime,18
7/22/2018 0:55,2018,7,22,0,-109.82315,52.83966,SK,quarter,24
7/22/2018 1:13,2018,7,22,1,-107.60025,52.98465,SK,nickel,21
7/22/2018 1:30,2018,7,22,1,-109.58183,52.83719,SK,quarter,24
7/22/2018 1:45,2018,7,22,1,-110.00615,53.27796,AB,pea,8
7/22/2018 2:47,2018,7,22,2,-108.82876,52.36574,SK,quarter,24
7/22/2018 3:00,2018,7,22,3,-108.70368,52.40936,SK,quarter,24
7/22/2018 17:10,2018,7,22,17,-101.17786,49.058,MB,quarter,24
7/23/2018 22:38,2018,7,23,22,-114.07085,51.04862,AB,larger than golf ball,50
7/23/2018 22:42,2018,7,23,22,-113.99307,51.20322,AB,nickel,21
7/24/2018 19:50,2018,7,24,19,-115.38707,51.1241,AB,pea,8
7/24/2018 21:53,2018,7,24,21,-113.77467,50.34634,AB,dime,18
7/24/2018 22:30,2018,7,24,22,-113.64079,50.16093,AB,nickel,21
7/24/2018 23:10,2018,7,24,23,-113.30914,49.44129,AB,toonie,28
7/24/2018 23:30,2018,7,24,23,-112.8838,49.39874,AB,pea,8
7/26/2018 21:07,2018,7,26,21,-114.51831,49.634,AB,nickel,21
7/26/2018 23:00,2018,7,26,23,-113.91401,49.08474,AB,loonie,26.5
7/30/2018 20:24,2018,7,30,20,-107.73445,53.75336,SK,golf ball,43
7/30/2018 20:40,2018,7,30,20,-107.55415,53.63275,SK,golf ball,43
7/30/2018 22:00,2018,7,30,22,-114.47454,51.19135,AB,loonie,26.5
7/30/2018 22:40,2018,7,30,22,-114.31116,51.13865,AB,nickel,21
7/30/2018 23:12,2018,7,30,23,-104.53483,53.43379,SK,nickel,21
7/30/2018 23:42,2018,7,30,23,-104.46524,53.10093,SK,nickel,21
7/31/2018 0:55,2018,7,31,0,-114.0986,51.56494,AB,pea,8
7/31/2018 1:48,2018,7,31,1,-113.63546,52.13297,AB,nickel,21
8/1/2018 0:05,2018,8,1,0,-117.32653,53.03247,AB,estimated 40mm,40
8/1/2018 19:55,2018,8,1,19,-119.4233,55.21397,AB,quarter,24
8/1/2018 20:15,2018,8,1,20,-114.50211,51.41618,AB,ping pong,40
8/1/2018 21:00,2018,8,1,21,-114.79516,54.22415,AB,nickel,21
8/1/2018 21:00,2018,8,1,21,-119.4233,55.21397,AB,quarter,24
8/1/2018 21:58,2018,8,1,21,-114.01436,51.2917,AB,loonie,26.5
8/1/2018 22:26,2018,8,1,22,-114.00762,51.1215,AB,nickel,21
8/1/2018 23:45,2018,8,1,23,-114.6107,51.5037,AB,toonie,28
8/1/2018 23:55,2018,8,1,23,-114.42521,51.50392,AB,measured 42mm,42
8/2/2018 0:14,2018,8,2,0,-113.66684,50.9592,AB,toonie,28
8/2/2018 0:25,2018,8,2,0,-114.03196,51.43016,AB,nickel,21
8/2/2018 1:47,2018,8,2,1,-109.3418,52.61627,SK,toonie,28
8/2/2018 2:05,2018,8,2,2,-109.01898,52.82005,SK,toonie,28
8/2/2018 2:10,2018,8,2,2,-112.46864,50.78948,AB,golf ball,43
8/2/2018 2:30,2018,8,2,2,-112.0879,50.75644,AB,ping pong,40
8/3/2018 21:00,2018,8,3,21,-101.27062,52.10509,MB,golf ball,43
8/3/2018 21:05,2018,8,3,21,-101.03736,52.08616,MB,hen egg,50
8/3/2018 22:16,2018,8,3,22,-100.14796,51.98785,MB,golf ball,43
8/3/2018 23:10,2018,8,3,23,-99.5737,51.91861,MB,toonie,28
8/4/2018 0:20,2018,8,4,0,-100.48916,51.14838,MB,larger than golf ball,50
8/4/2018 0:30,2018,8,4,0,-100.2976,51.17729,MB,golf ball,43
8/4/2018 0:30,2018,8,4,0,-100.14362,51.24796,MB,larger than golf ball,50
8/4/2018 0:40,2018,8,4,0,-98.79617,51.43936,MB,quarter,24
8/4/2018 0:45,2018,8,4,0,-100.06429,51.13237,MB,golf ball,43
8/4/2018 1:00,2018,8,4,1,-99.84426,51.14688,MB,larger than golf ball,50
8/4/2018 1:20,2018,8,4,1,-99.00824,51.00532,MB,hen egg,50
8/4/2018 1:40,2018,8,4,1,-98.35034,51.18085,MB,toonie,28
8/4/2018 3:50,2018,8,4,3,-97.87588,50.43846,MB,nickel,21
8/4/2018 5:10,2018,8,4,5,-97.26069,50.38687,MB,quarter,24
8/4/2018 5:30,2018,8,4,5,-97.3274,50.13515,MB,loonie,26.5
8/4/2018 7:20,2018,8,4,7,-96.87543,50.14353,MB,quarter,24
8/4/2018 7:25,2018,8,4,7,-96.94232,50.08211,MB,loonie,26.5
8/4/2018 20:15,2018,8,4,20,-99.84989,50.12306,MB,golf ball,43
8/4/2018 20:20,2018,8,4,20,-100.43132,50.35617,MB,quarter,24
8/4/2018 20:45,2018,8,4,20,-100.59946,50.23853,MB,quarter,24
8/4/2018 20:50,2018,8,4,20,-100.61065,49.94557,MB,loonie,26.5
8/4/2018 21:05,2018,8,4,21,-98.81076,50.81573,MB,larger than golf ball,50
8/4/2018 22:10,2018,8,4,22,-99.64067,49.70304,MB,ping pong,40
8/4/2018 22:20,2018,8,4,22,-99.63962,49.806,MB,quarter,24
8/4/2018 23:10,2018,8,4,23,-98.94191,49.29405,MB,loonie,26.5
8/4/2018 23:30,2018,8,4,23,-98.55801,49.53274,MB,nickel,21
8/5/2018 0:35,2018,8,5,0,-98.09773,49.19233,MB,larger than golf ball,50
8/5/2018 1:35,2018,8,5,1,-96.95362,49.31409,MB,quarter,24
8/28/2018 23:30,2018,8,28,23,-113.4909,53.5444,AB,small,5
8/29/2018 22:13,2018,8,29,22,-115.68498,54.1424,AB,small,5
8/30/2018 21:24,2018,8,30,21,-117.23602,53.59649,AB,pea,8
8/30/2018 23:56,2018,8,30,23,-114.9768,53.2253,AB,pea,8
8/31/2018 0:33,2018,8,31,0,-114.31807,53.18169,AB,pea,8
8/31/2018 0:54,2018,8,31,0,-113.6558,53.09155,AB,small,5
5/3/2019 20:20,2019,5,3,20,-97.14497,49.09544,MB,nickel,21
5/10/2019 21:30,2019,5,10,21,-106.67005,52.13321,SK,pea,8
5/15/2019 20:55,2019,5,15,20,-103.88395,50.10774,SK,larger than pea,12
5/15/2019 21:17,2019,5,15,21,-103.87767,50.39872,SK,pea,8
5/15/2019 21:50,2019,5,15,21,-103.10778,49.95993,SK,dime,18
5/24/2019 21:40,2019,5,24,21,-108.99598,53.3354,SK,estimated half inch,13
5/25/2019 21:15,2019,5,25,21,-104.61632,50.41057,SK,small,5
6/3/2019 2:27,2019,6,3,2,-104.04898,52.8474,SK,dime,18
6/4/2019 1:25,2019,6,4,1,-106.88018,52.82973,SK,nickel,21
6/5/2019 21:10,2019,6,5,21,-101.35232,51.22818,MB,quarter,24
6/5/2019 22:50,2019,6,5,22,-100.70733,51.08684,MB,quarter,24
6/6/2019 23:05,2019,6,6,23,-104.94714,49.90162,SK,nickel,21
6/7/2019 0:42,2019,6,7,0,-104.61347,49.63236,SK,loonie,26.5
6/7/2019 21:58,2019,6,7,21,-97.31342,50.47125,MB,nickel,21
6/7/2019 23:20,2019,6,7,23,-98.5385,49.32728,MB,quarter,24
6/7/2019 23:40,2019,6,7,23,-98.35381,49.98334,MB,golf ball,43
6/8/2019 0:35,2019,6,8,0,-97.52874,49.76855,MB,nickel,21
6/8/2019 0:55,2019,6,8,0,-98.54653,49.64769,MB,nickel,21
6/13/2019 19:10,2019,6,13,19,-115.03333,52.45,AB,toonie,28
6/13/2019 19:44,2019,6,13,19,-112.09616,54.44435,AB,loonie,26.5
6/13/2019 21:15,2019,6,13,21,-111.29531,53.99112,AB,loonie,26.5
6/13/2019 21:55,2019,6,13,21,-113.59421,51.86506,AB,estimated 24mm,24
6/13/2019 23:15,2019,6,13,23,-113.84831,50.85161,AB,quarter,24
6/13/2019 23:40,2019,6,13,23,-109.96119,53.27633,SK,loonie,26.5
6/14/2019 21:15,2019,6,14,21,-103.89317,50.01704,SK,nickel,21
6/18/2019 20:12,2019,6,18,20,-114.42119,50.43854,AB,golf ball,43
6/18/2019 21:16,2019,6,18,21,-114.18244,50.20183,AB,golf ball,43
6/18/2019 21:31,2019,6,18,21,-114.97322,52.37264,AB,nickel,21
6/18/2019 21:32,2019,6,18,21,-114.46786,51.19099,AB,nickel,21
6/18/2019 22:30,2019,6,18,22,-114.63378,51.70831,AB,nickel,21
6/19/2019 0:00,2019,6,19,0,-113.9606,52.12532,AB,nickel,21
6/19/2019 0:20,2019,6,19,0,-113.97456,52.00036,AB,loonie,26.5
6/19/2019 0:25,2019,6,19,0,-114.6107,51.5037,AB,toonie,28
6/19/2019 1:03,2019,6,19,1,-114.39547,51.45468,AB,nickel,21
6/19/2019 1:05,2019,6,19,1,-114.63946,51.94053,AB,toonie,28
6/19/2019 2:00,2019,6,19,2,-114.39547,51.45468,AB,nickel,21
6/19/2019 2:50,2019,6,19,2,-114.13824,51.79201,AB,loonie,26.5
6/19/2019 18:28,2019,6,19,18,-110.05481,50.54059,AB,quarter,24
6/19/2019 19:38,2019,6,19,19,-111.61956,49.08589,AB,toonie,28
6/26/2019 21:05,2019,6,26,21,-114.29508,49.55595,AB,nickel,21
6/26/2019 21:25,2019,6,26,21,-114.6107,51.5037,AB,loonie,26.5
6/26/2019 21:31,2019,6,26,21,-114.4901,51.5451,AB,golf ball,43
6/26/2019 22:45,2019,6,26,22,-114.4901,51.5451,AB,quarter,24
6/27/2019 0:09,2019,6,27,0,-119.47643,56.35309,AB,nickel,21
6/27/2019 18:31,2019,6,27,18,-110.90631,49.87347,AB,toonie,28
6/27/2019 19:01,2019,6,27,19,-110.67643,50.04055,AB,loonie,26.5
6/27/2019 21:20,2019,6,27,21,-109.88402,50.29537,SK,nickel,21
6/27/2019 21:40,2019,6,27,21,-109.62837,50.36434,SK,pea,8
6/27/2019 23:00,2019,6,27,23,-107.28764,50.06099,SK,loonie,26.5
6/28/2019 0:05,2019,6,28,0,-108.79331,50.09855,SK,quarter,24
6/28/2019 0:10,2019,6,28,0,-108.59395,50.40006,SK,nickel,21
6/28/2019 20:05,2019,6,28,20,-113.12581,54.15325,AB,ice cube,29
6/28/2019 22:11,2019,6,28,22,-112.42512,54.50024,AB,quarter,24
6/28/2019 22:46,2019,6,28,22,-113.49093,53.54439,AB,loonie,26.5
6/28/2019 23:22,2019,6,28,23,-111.97251,54.76964,AB,toonie,28
6/29/2019 0:22,2019,6,29,0,-113.49093,53.54439,AB,toonie,28
6/29/2019 1:04,2019,6,29,1,-113.20947,53.70072,AB,nickel,21
6/29/2019 2:00,2019,6,29,2,-110.06558,54.60164,AB,golf ball,43
6/29/2019 2:26,2019,6,29,2,-110.1498,54.59978,AB,quarter,24
6/29/2019 3:20,2019,6,29,3,-105.6615,49.81391,SK,loonie,26.5
6/29/2019 3:30,2019,6,29,3,-105.52936,49.78413,SK,golf ball,43
6/29/2019 4:12,2019,6,29,4,-109.8546,54.34341,SK,toonie,28
6/29/2019 19:50,2019,6,29,19,-104.13117,49.66328,SK,loonie,26.5
6/29/2019 20:30,2019,6,29,20,-102.99148,49.247,SK,golf ball,43
6/29/2019 20:55,2019,6,29,20,-102.62649,49.01078,SK,nickel,21
6/29/2019 21:30,2019,6,29,21,-102.01676,49.20048,SK,quarter,24
6/29/2019 21:35,2019,6,29,21,-102.3479,50.01303,SK,loonie,26.5
6/29/2019 21:40,2019,6,29,21,-101.79581,49.17394,SK,hen egg,50
6/29/2019 23:54,2019,6,29,23,-107.01341,53.94876,SK,loonie,26.5
6/29/2019 23:55,2019,6,29,23,-99.13987,51.30685,MB,quarter,24
6/30/2019 2:00,2019,6,30,2,-100.61294,49.95891,MB,toonie,28
6/30/2019 3:00,2019,6,30,3,-98.37404,51.26034,MB,toonie,28
7/1/2019 19:50,2019,7,1,19,-109.16675,51.07318,SK,ping pong,40
7/1/2019 20:50,2019,7,1,20,-108.7575,51.15063,SK,nickel,21
7/1/2019 22:36,2019,7,1,22,-106.23316,51.94727,SK,quarter,24
7/1/2019 22:48,2019,7,1,22,-107.22344,50.42752,SK,quarter,24
7/1/2019 23:15,2019,7,1,23,-106.62507,50.15919,SK,nickel,21
7/2/2019 0:00,2019,7,2,0,-105.26645,50.07886,SK,quarter,24
7/2/2019 0:50,2019,7,2,0,-104.9587,51.06919,SK,quarter,24
7/2/2019 1:00,2019,7,2,1,-105.52309,49.11364,SK,golf ball,43
7/2/2019 4:30,2019,7,2,4,-101.79581,49.17394,SK,hen egg,50
7/6/2019 23:20,2019,7,6,23,-114.74044,52.09393,AB,nickel,21
6/6/2019 23:35,2019,6,6,23,-109.59213,52.72591,SK,loonie,26.5
7/6/2019 23:55,2019,7,6,23,-113.87945,50.67654,AB,nickel,21
7/7/2019 0:10,2019,7,7,0,-113.69397,50.81342,AB,nickel,21
7/7/2019 0:32,2019,7,7,0,-113.37725,52.96954,AB,quarter,24
7/7/2019 1:00,2019,7,7,1,-114.52384,49.59087,AB,golf ball,43
7/7/2019 1:52,2019,7,7,1,-112.8975,53.2425,AB,nickel,21
6/7/2019 3:15,2019,6,7,3,-110.00209,52.5667,AB,nickel,21
7/7/2019 20:02,2019,7,7,20,-103.34376,53.69462,SK,toonie,28
7/7/2019 21:23,2019,7,7,21,-114.91829,52.37934,AB,nickel,21
7/7/2019 21:30,2019,7,7,21,-107.7288,49.2014,SK,nickel,21
7/7/2019 21:45,2019,7,7,21,-113.51772,53.18365,AB,quarter,24
7/7/2019 22:00,2019,7,7,22,-113.67511,50.26696,AB,ping pong,40
7/7/2019 22:25,2019,7,7,22,-113.66193,50.32835,AB,measured 55mm,55
7/7/2019 23:15,2019,7,7,23,-102.01676,49.06299,SK,golf ball,43
7/7/2019 23:15,2019,7,7,23,-113.3318,50.40317,AB,golf ball,43
7/7/2019 23:50,2019,7,7,23,-105.99959,50.73514,SK,quarter,24
7/8/2019 0:30,2019,7,8,0,-105.4324,49.94454,SK,golf ball,43
7/8/2019 0:50,2019,7,8,0,-105.39381,49.82489,SK,ping pong,40
7/8/2019 1:10,2019,7,8,1,-105.52936,49.7282,SK,golf ball,43
7/8/2019 1:30,2019,7,8,1,-112.00506,50.36838,AB,estimated 1 inch,25
7/8/2019 1:32,2019,7,8,1,-114.15084,51.14478,AB,loonie,26.5
7/8/2019 1:50,2019,7,8,1,-102.54743,49.43533,SK,toonie,28
7/8/2019 1:50,2019,7,8,1,-105.63753,49.39173,SK,loonie,26.5
7/8/2019 2:25,2019,7,8,2,-105.39155,49.42144,SK,golf ball,43
7/8/2019 2:35,2019,7,8,2,-101.90152,51.63127,SK,ping pong,40
7/8/2019 3:25,2019,7,8,3,-105.12793,49.32486,SK,smaller than baseball,70
7/8/2019 14:24,2019,7,8,14,-106.14736,51.37425,SK,nickel,21
7/8/2019 18:37,2019,7,8,18,-108.01254,52.92004,SK,nickel,21
7/8/2019 19:11,2019,7,8,19,-97.61928,49.59218,MB,toonie,28
7/8/2019 19:18,2019,7,8,19,-95.81025,50.14561,MB,loonie,26.5
7/8/2019 19:25,2019,7,8,19,-96.62086,50.37075,MB,quarter,24
7/8/2019 19:50,2019,7,8,19,-95.55139,50.30083,MB,nickel,21
7/8/2019 22:05,2019,7,8,22,-98.34261,49.49974,MB,golf ball,43
7/9/2019 0:06,2019,7,9,0,-99.92656,51.64994,MB,nickel,21
7/10/2019 2:06,2019,7,10,2,-114.50211,51.41618,AB,measured 37mm,37
7/10/2019 23:30,2019,7,10,23,-114.00201,51.97794,AB,tennis,67
7/11/2019 3:00,2019,7,11,3,-114.91829,52.37934,AB,estimated 30mm,30
7/11/2019 22:40,2019,7,11,22,-100.08376,49.87362,MB,loonie,26.5
7/11/2019 22:47,2019,7,11,22,-99.95009,49.84847,MB,golf ball,43
7/11/2019 23:16,2019,7,11,23,-99.64632,49.81687,MB,larger than quarter,27
7/12/2019 0:30,2019,7,12,0,-96.99976,50.99613,MB,quarter,24
7/12/2019 1:06,2019,7,12,1,-96.55241,50.60666,MB,nickel,21
7/12/2019 21:40,2019,7,12,21,-106.38362,49.32526,SK,nickel,21
7/12/2019 22:20,2019,7,12,22,-104.87691,49.03269,SK,dime,18
7/12/2019 22:20,2019,7,12,22,-105.95102,49.17966,SK,dime,18
7/13/2019 20:50,2019,7,13,20,-108.07728,50.46018,SK,quarter,24
7/13/2019 21:30,2019,7,13,21,-102.42782,49.20748,SK,golf ball,43
7/13/2019 21:50,2019,7,13,21,-102.28253,49.26462,SK,nickel,21
7/13/2019 22:00,2019,7,13,22,-102.20231,49.29387,SK,golf ball,43
7/13/2019 22:30,2019,7,13,22,-101.87251,49.38864,SK,golf ball,43
7/14/2019 0:00,2019,7,14,0,-109.24611,51.70233,SK,golf ball,43
7/14/2019 0:35,2019,7,14,0,-109.04818,51.58851,SK,toonie,28
7/14/2019 1:25,2019,7,14,1,-106.86478,51.0522,SK,ping pong,40
7/14/2019 1:35,2019,7,14,1,-108.39457,51.48923,SK,quarter,24
7/14/2019 1:40,2019,7,14,1,-106.5969,51.10233,SK,quarter,24
7/14/2019 1:45,2019,7,14,1,-113.33205,51.16028,AB,quarter,24
7/14/2019 1:50,2019,7,14,1,-106.52444,51.06805,SK,smaller than tennis ball,60
7/14/2019 2:45,2019,7,14,2,-107.65105,51.31012,SK,quarter,24
7/14/2019 3:00,2019,7,14,3,-105.5687,50.85141,SK,golf ball,43
7/14/2019 3:20,2019,7,14,3,-105.40179,50.78622,SK,golf ball,43
7/14/2019 3:35,2019,7,14,3,-103.82106,50.54261,SK,nickel,21
7/14/2019 3:50,2019,7,14,3,-103.6699,50.53336,SK,nickel,21
7/14/2019 4:05,2019,7,14,4,-103.54121,50.45148,SK,golf ball,43
7/14/2019 4:10,2019,7,14,4,-104.94134,50.66018,SK,golf ball,43
7/14/2019 4:55,2019,7,14,4,-103.27699,50.42404,SK,toonie,28
7/14/2019 9:40,2019,7,14,9,-99.83865,50.24704,MB,nickel,21
7/14/2019 20:55,2019,7,14,20,-113.76279,51.39248,AB,quarter,24
7/14/2019 23:10,2019,7,14,23,-109.39018,52.08186,SK,ping pong,40
7/14/2019 23:20,2019,7,14,23,-106.92922,53.8653,SK,quarter,24
7/14/2019 23:55,2019,7,14,23,-111.24408,51.21239,AB,measured 23mm,23
7/15/2019 0:25,2019,7,15,0,-105.51758,53.08736,SK,toonie,28
7/15/2019 1:00,2019,7,15,1,-109.39066,51.1795,SK,estimated 35mm,35
7/15/2019 1:05,2019,7,15,1,-108.56587,51.94304,SK,nickel,21
7/15/2019 1:40,2019,7,15,1,-108.7575,51.09273,SK,toonie,28
7/15/2019 1:40,2019,7,15,1,-108.7575,51.15063,SK,golf ball,43
7/15/2019 2:10,2019,7,15,2,-108.4459,51.09233,SK,ping pong,40
7/15/2019 3:35,2019,7,15,3,-107.13427,50.98308,SK,toonie,28
7/15/2019 23:45,2019,7,15,23,-106.57507,52.31837,SK,nickel,21
7/16/2019 22:10,2019,7,16,22,-109.54195,50.88898,SK,loonie,26.5
7/16/2019 22:40,2019,7,16,22,-109.2671,50.86185,SK,loonie,26.5
7/18/2019 17:24,2019,7,18,17,-112.06559,52.58231,AB,nickel,21
7/18/2019 18:00,2019,7,18,18,-111.43341,52.31769,AB,quarter,24
7/18/2019 19:05,2019,7,18,19,-95.31992,49.67867,MB,quarter,24
7/18/2019 20:28,2019,7,18,20,-106.88018,52.82973,SK,quarter,24
7/18/2019 20:44,2019,7,18,20,-114.32827,51.21301,AB,quarter,24
7/18/2019 20:45,2019,7,18,20,-114.07085,51.04862,AB,measured 35mm,35
7/18/2019 22:12,2019,7,18,22,-113.6004,50.69847,AB,quarter,24
7/18/2019 22:35,2019,7,18,22,-107.58066,51.73375,SK,nickel,21
7/18/2019 22:48,2019,7,18,22,-106.73026,52.52326,SK,nickel,21
7/18/2019 22:56,2019,7,18,22,-107.39537,52.46062,SK,golf ball,43
7/18/2019 23:05,2019,7,18,23,-113.11168,50.12706,AB,quarter,24
7/18/2019 23:20,2019,7,18,23,-112.90135,50.12872,AB,estimated 28mm,28
7/19/2019 1:20,2019,7,19,1,-96.66097,50.08398,MB,toonie,28
7/19/2019 1:30,2019,7,19,1,-97.22791,50.75033,MB,hen egg,50
7/19/2019 1:50,2019,7,19,1,-103.32775,51.67302,SK,golf ball,43
7/19/2019 20:08,2019,7,19,20,-113.66705,53.65014,AB,quarter,24
7/19/2019 21:56,2019,7,19,21,-113.58358,53.1543,AB,quarter,24
7/23/2019 21:55,2019,7,23,21,-115.51253,53.02687,AB,walnut,35
7/24/2019 0:20,2019,7,24,0,-115.00179,52.93147,AB,walnut,35
7/24/2019 0:45,2019,7,24,0,-114.81,52.711,AB,estimated 55mm,55
7/24/2019 0:50,2019,7,24,0,-114.92644,52.93126,AB,measured 32mm,32
7/24/2019 5:20,2019,7,24,5,-110.85047,52.83307,AB,nickel,21
7/24/2019 8:30,2019,7,24,8,-113.55022,53.25801,AB,nickel,21
7/24/2019 9:20,2019,7,24,9,-114.05005,53.22755,AB,loonie,26.5
7/24/2019 21:07,2019,7,24,21,-109.62974,52.80824,SK,larger than dime,21
7/24/2019 21:40,2019,7,24,21,-110.26158,53.22373,AB,toonie,28
7/24/2019 22:06,2019,7,24,22,-108.57385,52.15814,SK,nickel,21
7/24/2019 22:22,2019,7,24,22,-108.45159,52.19904,SK,smaller than golf ball,35
7/24/2019 22:22,2019,7,24,22,-110.72004,54.26818,AB,nickel,21
7/24/2019 22:45,2019,7,24,22,-110.76193,54.45068,AB,nickel,21
7/24/2019 23:50,2019,7,24,23,-106.66652,51.33187,SK,nickel,21
7/25/2019 0:30,2019,7,25,0,-106.38196,49.85987,SK,loonie,26.5
7/25/2019 1:00,2019,7,25,1,-105.96444,49.93884,SK,golf ball,43
7/25/2019 1:10,2019,7,25,1,-106.03833,51.31443,SK,quarter,24
7/25/2019 1:12,2019,7,25,1,-105.98903,51.27733,SK,golf ball,43
7/25/2019 1:27,2019,7,25,1,-106.67005,52.13321,SK,loonie,26.5
7/25/2019 1:54,2019,7,25,1,-105.4452,51.44862,SK,nickel,21
7/25/2019 2:05,2019,7,25,2,-105.91297,52.40306,SK,quarter,24
7/25/2019 3:30,2019,7,25,3,-104.48233,49.35713,SK,golf ball,43
7/25/2019 3:40,2019,7,25,3,-104.32748,49.44262,SK,toonie,28
7/27/2019 20:50,2019,7,27,20,-112.7109,52.32275,AB,nickel,21
7/27/2019 21:05,2019,7,27,21,-112.47571,52.30674,AB,golf ball,43
7/27/2019 21:15,2019,7,27,21,-112.23732,52.32275,AB,loonie,26.5
7/27/2019 21:44,2019,7,27,21,-111.78461,52.43593,AB,quarter,24
7/27/2019 23:12,2019,7,27,23,-110.29498,53.03064,AB,golf ball,43
7/28/2019 0:50,2019,7,28,0,-108.76684,53.18779,SK,nickel,21
7/28/2019 1:08,2019,7,28,1,-108.45472,53.03538,SK,toonie,28
7/28/2019 1:26,2019,7,28,1,-108.30387,52.95922,SK,toonie,28
7/28/2019 1:33,2019,7,28,1,-108.01254,52.92004,SK,baseball,74
7/28/2019 2:29,2019,7,28,2,-106.99624,52.99547,SK,quarter,24
7/28/2019 19:10,2019,7,28,19,-96.57952,49.23389,MB,quarter,24
7/28/2019 19:50,2019,7,28,19,-96.22002,49.31029,MB,nickel,21
7/29/2019 21:40,2019,7,29,21,-111.78559,53.09541,AB,nickel,21
7/30/2019 0:30,2019,7,30,0,-110.32542,53.51219,AB,dime,18
7/30/2019 22:30,2019,7,30,22,-106.52261,51.06798,SK,toonie,28
7/30/2019 22:30,2019,7,30,22,-106.60147,51.09761,SK,golf ball,43
7/30/2019 22:45,2019,7,30,22,-112.88412,52.31824,AB,nickel,21
7/30/2019 22:50,2019,7,30,22,-112.7109,52.32275,AB,golf ball,43
7/30/2019 23:00,2019,7,30,23,-106.55546,51.23008,SK,golf ball,43
7/30/2019 23:40,2019,7,30,23,-112.15396,52.2831,AB,golf ball,43
7/31/2019 0:10,2019,7,31,0,-111.90662,52.21976,AB,golf ball,43
7/31/2019 0:20,2019,7,31,0,-110.26079,52.35595,AB,nickel,21
7/31/2019 0:20,2019,7,31,0,-110.25255,52.31064,AB,larger than tennis ball,70
7/31/2019 0:30,2019,7,31,0,-106.13474,49.11801,SK,quarter,24
7/31/2019 0:33,2019,7,31,0,-109.90707,52.31572,SK,golf ball,43
7/31/2019 1:00,2019,7,31,1,-109.72132,52.22798,SK,quarter,24
7/31/2019 1:05,2019,7,31,1,-106.14713,51.26285,SK,quarter,24
7/31/2019 1:15,2019,7,31,1,-105.95151,49.02406,SK,toonie,28
7/31/2019 2:25,2019,7,31,2,-109.62974,52.89508,SK,quarter,24
7/31/2019 2:45,2019,7,31,2,-109.81869,52.33322,SK,quarter,24
7/31/2019 4:10,2019,7,31,4,-107.92476,52.0115,SK,loonie,26.5
7/31/2019 22:15,2019,7,31,22,-114.23264,50.68839,AB,toonie,28
7/31/2019 23:20,2019,7,31,23,-113.97495,50.72549,AB,toonie,28
7/31/2019 23:40,2019,7,31,23,-98.88125,49.56738,MB,nickel,21
7/31/2019 23:47,2019,7,31,23,-116.37694,53.63765,AB,loonie,26.5
8/1/2019 1:50,2019,8,1,1,-114.37748,52.34317,AB,walnut,35
8/1/2019 2:46,2019,8,1,2,-114.29527,52.28817,AB,toonie,28
8/1/2019 3:03,2019,8,1,3,-114.09799,52.30762,AB,golf ball,43
8/2/2019 23:20,2019,8,2,23,-112.3162,54.87101,AB,quarter,24
8/2/2019 23:40,2019,8,2,23,-114.97668,53.25428,AB,estimated 80mm,80
8/3/2019 0:15,2019,8,3,0,-113.56022,54.84036,AB,golf ball,43
8/3/2019 0:30,2019,8,3,0,-114.44265,53.54151,AB,estimated 2 inches,51
8/3/2019 0:35,2019,8,3,0,-113.90337,53.54278,AB,larger than baseball,80
8/3/2019 1:25,2019,8,3,1,-113.22376,54.81134,AB,loonie,26.5
8/3/2019 1:39,2019,8,3,1,-113.58843,53.54153,AB,measured 83mm,83
8/3/2019 2:11,2019,8,3,2,-113.72413,53.36005,AB,loonie,26.5
8/3/2019 2:13,2019,8,3,2,-113.51772,53.18365,AB,golf ball,43
8/3/2019 2:30,2019,8,3,2,-113.08171,53.72654,AB,golf ball,43
8/3/2019 2:50,2019,8,3,2,-115.36535,54.06652,AB,nickel,21
8/3/2019 19:58,2019,8,3,19,-102.34082,49.82138,SK,nickel,21
8/3/2019 20:16,2019,8,3,20,-113.61053,51.31896,AB,nickel,21
8/3/2019 21:05,2019,8,3,21,-113.21229,51.23312,AB,measured 28mm,28
8/4/2019 0:20,2019,8,4,0,-103.49576,51.22846,SK,toonie,28
8/4/2019 0:45,2019,8,4,0,-103.37258,51.12789,SK,nickel,21
8/4/2019 1:45,2019,8,4,1,-108.15521,55.16735,SK,estimated half inch,13
8/4/2019 1:55,2019,8,4,1,-102.72703,50.91725,SK,quarter,24
8/7/2019 1:20,2019,8,7,1,-112.14974,49.78184,AB,golf ball,43
8/7/2019 2:00,2019,8,7,2,-112.26251,49.76042,AB,loonie,26.5
8/8/2019 1:03,2019,8,8,1,-116.08149,52.46799,AB,quarter,24
8/9/2019 22:30,2019,8,9,22,-107.38356,50.87745,SK,quarter,24
8/9/2019 23:36,2019,8,9,23,-106.56363,50.80874,SK,nickel,21
8/9/2019 23:55,2019,8,9,23,-106.35128,50.77857,SK,quarter,24
8/14/2019 19:32,2019,8,14,19,-113.76346,50.35432,AB,nickel,21
8/14/2019 21:48,2019,8,14,21,-112.78052,49.91094,AB,quarter,24
8/14/2019 22:45,2019,8,14,22,-100.6201,49.58846,MB,nickel,21
8/14/2019 22:50,2019,8,14,22,-100.52153,49.48095,MB,loonie,26.5
8/22/2019 3:10,2019,8,22,3,-116.07167,55.63528,AB,toonie,28
8/22/2019 17:10,2019,8,22,17,-108.70245,50.31541,SK,nickel,21
8/23/2019 0:36,2019,8,23,0,-106.29875,50.87338,SK,quarter,24
8/23/2019 0:52,2019,8,23,0,-106.26357,50.45275,SK,golf ball,43
8/25/2019 0:00,2019,8,25,0,-114.63939,51.79708,AB,nickel,21
8/25/2019 20:22,2019,8,25,20,-101.37245,49.84264,MB,golf ball,43
8/25/2019 20:55,2019,8,25,20,-102.9728,49.95993,SK,quarter,24
8/25/2019 21:35,2019,8,25,21,-102.6071,49.93245,SK,quarter,24
8/28/2019 18:27,2019,8,28,18,-107.38635,54.62167,SK,nickel,21
5/20/2020 17:48,2020,5,20,17,-108.10446,49.94512,SK,quarter,24
5/20/2020 18:20,2020,5,20,18,-108.20238,50.16809,SK,nickel,21
5/20/2020 18:55,2020,5,20,18,-108.07728,50.44571,SK,nickel,21
5/20/2020 19:30,2020,5,20,19,-108.23266,50.53211,SK,pea,8
5/20/2020 19:45,2020,5,20,19,-111.10453,49.47879,AB,nickel,21
5/22/2020 20:12,2020,5,22,20,-100.93465,49.86262,MB,dime,18
5/23/2020 20:50,2020,5,23,20,-97.11707,50.62926,MB,quarter,24
5/23/2020 21:00,2020,5,23,21,-96.9949,50.66998,MB,nickel,21
5/26/2020 20:20,2020,5,26,20,-111.93483,50.45112,AB,quarter,24
5/26/2020 20:25,2020,5,26,20,-111.65235,50.45112,AB,dime,18
5/26/2020 20:30,2020,5,26,20,-111.89783,50.56575,AB,nickel,21
5/26/2020 20:50,2020,5,26,20,-111.65235,50.45112,AB,estimated 1 inch,25
5/31/2020 3:18,2020,5,31,3,-115.1614,51.00997,AB,nickel,21
5/31/2020 20:40,2020,5,31,20,-114.11514,50.92352,AB,nickel,21
5/31/2020 22:36,2020,5,31,22,-113.51028,51.49625,AB,nickel,21
6/1/2020 0:45,2020,6,1,0,-105.98903,51.26285,SK,nickel,21
6/7/2020 23:40,2020,6,7,23,-96.48271,49.02405,MB,toonie,28
6/8/2020 0:10,2020,6,8,0,-95.97678,49.17836,MB,loonie,26.5
6/8/2020 2:25,2020,6,8,2,-97.45073,49.00793,MB,dime,18
6/8/2020 2:35,2020,6,8,2,-97.46376,49.12665,MB,loonie,26.5
6/8/2020 2:54,2020,6,8,2,-97.38933,49.23537,MB,nickel,21
6/8/2020 21:43,2020,6,8,21,-96.26608,49.01671,MB,toonie,28
6/8/2020 22:05,2020,6,8,22,-95.83033,49.09683,MB,quarter,24
6/8/2020 23:50,2020,6,8,23,-99.78944,50.22666,MB,nickel,21
6/11/2020 22:30,2020,6,11,22,-113.34004,53.76102,AB,nickel,21
6/11/2020 23:50,2020,6,11,23,-113.07897,53.75611,AB,pea,8
6/12/2020 1:35,2020,6,12,1,-112.79894,53.74721,AB,nickel,21
6/13/2020 0:25,2020,6,13,0,-113.94406,49.48488,AB,golf ball,43
6/13/2020 0:55,2020,6,13,0,-113.78134,50.16163,AB,loonie,26.5
6/13/2020 1:10,2020,6,13,1,-113.64096,50.16163,AB,estimated 21mm,21
6/13/2020 1:40,2020,6,13,1,-113.42972,50.37671,AB,quarter,24
6/13/2020 2:15,2020,6,13,2,-113.56331,51.59876,AB,quarter,24
6/13/2020 2:20,2020,6,13,2,-113.09524,50.54261,AB,ping pong,40
6/13/2020 2:23,2020,6,13,2,-112.92392,50.5709,AB,golf ball,43
6/13/2020 3:12,2020,6,13,3,-112.866,50.55161,AB,loonie,26.5
6/13/2020 3:24,2020,6,13,3,-112.47167,50.7902,AB,ping pong,40
6/14/2020 0:55,2020,6,14,0,-114.07188,51.04473,AB,quarter,24
6/14/2020 1:00,2020,6,14,1,-114.46672,51.33653,AB,quarter,24
6/14/2020 1:28,2020,6,14,1,-114.07188,51.04473,AB,measured 61mm,61
6/14/2020 2:00,2020,6,14,2,-114.00786,51.21299,AB,ping pong,40
6/14/2020 2:03,2020,6,14,2,-114.30881,51.66392,AB,quarter,24
6/14/2020 2:30,2020,6,14,2,-112.26251,49.76042,AB,golf ball,43
6/14/2020 2:54,2020,6,14,2,-113.5943,51.59029,AB,larger than golf ball,50
6/14/2020 3:05,2020,6,14,3,-112.20142,50.24227,AB,smaller than quarter,23
6/14/2020 3:50,2020,6,14,3,-111.90609,50.73126,AB,smaller than baseball,70
6/14/2020 3:55,2020,6,14,3,-113.23332,51.92133,AB,ping pong,40
6/14/2020 4:03,2020,6,14,4,-113.19971,51.99268,AB,golf ball,43
6/14/2020 5:15,2020,6,14,5,-111.84083,51.63057,AB,loonie,26.5
6/14/2020 9:13,2020,6,14,9,-107.76743,53.03372,SK,toonie,28
6/14/2020 22:43,2020,6,14,22,-105.18191,53.02845,SK,golf ball,43
6/14/2020 22:45,2020,6,14,22,-105.26896,53.00181,SK,severe,25
6/15/2020 8:54,2020,6,15,8,-101.09418,49.55738,MB,nickel,21
6/15/2020 11:55,2020,6,15,11,-100.59983,50.3246,MB,nickel,21
6/15/2020 13:50,2020,6,15,13,-100.03524,51.09414,MB,golf ball,43
6/15/2020 14:17,2020,6,15,14,-99.79901,51.39027,MB,nickel,21
6/15/2020 21:15,2020,6,15,21,-96.12585,50.28408,MB,ping pong,40
6/16/2020 21:19,2020,6,16,21,-104.86757,50.64628,SK,nickel,21
6/16/2020 22:00,2020,6,16,22,-104.49888,50.94035,SK,golf ball,43
6/16/2020 22:45,2020,6,16,22,-106.06676,50.45562,SK,quarter,24
6/17/2020 7:35,2020,6,17,7,-100.16608,49.822,MB,dime,18
6/17/2020 8:50,2020,6,17,8,-98.09773,49.17786,MB,larger than loonie,30
6/17/2020 9:00,2020,6,17,9,-98.16417,49.19233,MB,golf ball,43
6/17/2020 21:30,2020,6,17,21,-96.20729,50.56813,MB,dime,18
6/17/2020 21:55,2020,6,17,21,-95.1864,51.07317,MB,golf ball,43
6/18/2020 0:05,2020,6,18,0,-98.2305,49.17311,MB,baseball,74
6/18/2020 1:00,2020,6,18,1,-97.05176,49.35408,MB,nickel,21
6/18/2020 2:52,2020,6,18,2,-97.32316,49.77327,MB,nickel,21
6/19/2020 20:20,2020,6,19,20,-113.48584,50.01927,AB,nickel,21
6/20/2020 20:40,2020,6,20,20,-97.3923,49.35448,MB,nickel,21
6/20/2020 21:20,2020,6,20,21,-96.95633,49.41358,MB,pea,8
6/20/2020 21:30,2020,6,20,21,-96.98506,49.44033,MB,dime,18
6/20/2020 21:35,2020,6,20,21,-118.60653,56.24723,AB,pea,8
6/20/2020 21:45,2020,6,20,21,-96.85973,49.40879,MB,nickel,21
6/20/2020 22:05,2020,6,20,22,-96.87257,49.48449,MB,dime,18
6/20/2020 22:19,2020,6,20,22,-96.51015,49.45621,MB,pea,8
6/20/2020 22:25,2020,6,20,22,-114.79379,51.89246,AB,pea,8
6/20/2020 22:50,2020,6,20,22,-114.96638,51.85329,AB,pea,8
6/21/2020 21:15,2020,6,21,21,-113.95926,50.95096,AB,quarter,24
6/21/2020 21:52,2020,6,21,21,-113.99026,51.21216,AB,nickel,21
6/21/2020 22:35,2020,6,21,22,-114.07188,51.04473,AB,nickel,21
6/22/2020 0:03,2020,6,22,0,-114.36299,50.9561,AB,quarter,24
6/22/2020 0:50,2020,6,22,0,-114.30185,50.83412,AB,toonie,28
6/22/2020 1:30,2020,6,22,1,-114.23264,50.68839,AB,ping pong,40
6/24/2020 0:35,2020,6,24,0,-111.68988,53.97057,AB,quarter,24
6/24/2020 19:45,2020,6,24,19,-105.44303,51.7197,SK,dime,18
6/24/2020 21:00,2020,6,24,21,-104.23766,51.76523,SK,pea,8
6/24/2020 21:25,2020,6,24,21,-112.20758,49.2831,AB,loonie,26.5
6/24/2020 21:45,2020,6,24,21,-112.20758,49.2831,AB,estimated 1 inch,25
6/24/2020 21:50,2020,6,24,21,-103.01213,50.71313,SK,pea,8
6/24/2020 21:57,2020,6,24,21,-102.97785,50.71313,SK,quarter,24
6/24/2020 22:22,2020,6,24,22,-104.51575,49.99153,SK,pea,8
6/24/2020 22:22,2020,6,24,22,-102.93009,50.4114,SK,pea,8
6/25/2020 2:55,2020,6,25,2,-113.24751,50.17771,AB,toonie,28
6/27/2020 17:15,2020,6,27,17,-113.64096,50.16163,AB,toonie,28
6/27/2020 17:47,2020,6,27,17,-113.64096,50.16163,AB,golf ball,43
6/27/2020 19:30,2020,6,27,19,-113.64096,50.16163,AB,ping pong,40
6/27/2020 20:30,2020,6,27,20,-113.11274,50.12692,AB,quarter,24
6/27/2020 22:12,2020,6,27,22,-101.49108,51.25713,MB,pea,8
6/27/2020 22:30,2020,6,27,22,-100.60096,52.03383,MB,quarter,24
6/27/2020 22:45,2020,6,27,22,-114.27893,50.67394,AB,nickel,21
6/27/2020 23:00,2020,6,27,23,-114.01695,50.83185,AB,nickel,21
6/27/2020 23:10,2020,6,27,23,-100.45797,51.99786,MB,quarter,24
6/28/2020 0:45,2020,6,28,0,-112.42059,49.442,AB,quarter,24
6/28/2020 14:30,2020,6,28,14,-100.59073,50.43809,MB,nickel,21
6/28/2020 16:38,2020,6,28,16,-99.97167,50.62267,MB,nickel,21
6/28/2020 16:42,2020,6,28,16,-99.96362,50.65784,MB,golf ball,43
6/28/2020 17:45,2020,6,28,17,-101.17014,50.14272,MB,loonie,26.5
6/28/2020 19:00,2020,6,28,19,-100.71939,50.51996,MB,nickel,21
6/28/2020 19:18,2020,6,28,19,-100.5829,50.50754,MB,golf ball,43
6/28/2020 19:46,2020,6,28,19,-100.1833,50.02633,MB,nickel,21
6/28/2020 20:15,2020,6,28,20,-100.1833,50.02633,MB,nickel,21
6/28/2020 20:45,2020,6,28,20,-100.0373,50.12062,MB,quarter,24
6/28/2020 21:00,2020,6,28,21,-99.95009,49.84847,MB,nickel,21
6/28/2020 23:45,2020,6,28,23,-111.00431,49.9799,AB,nickel,21
6/29/2020 19:30,2020,6,29,19,-111.37904,56.72666,AB,nickel,21
7/2/2020 19:25,2020,7,2,19,-104.03072,52.69629,SK,quarter,24
7/2/2020 19:42,2020,7,2,19,-104.3298,52.86362,SK,loonie,26.5
7/2/2020 21:25,2020,7,2,21,-103.25433,52.59979,SK,ping pong,40
7/3/2020 22:25,2020,7,3,22,-95.21397,49.74564,MB,dime,18
7/3/2020 22:25,2020,7,3,22,-95.79361,49.65083,MB,quarter,24
7/4/2020 0:25,2020,7,4,0,-106.4992,49.43029,SK,golf ball,43
7/4/2020 0:40,2020,7,4,0,-105.23689,50.04558,SK,nickel,21
7/4/2020 1:35,2020,7,4,1,-105.99941,49.36634,SK,dime,18
7/4/2020 2:20,2020,7,4,2,-105.20412,50.78256,SK,quarter,24
7/4/2020 15:05,2020,7,4,15,-107.79717,50.28507,SK,quarter,24
7/4/2020 20:45,2020,7,4,20,-107.79717,50.28507,SK,nickel,21
7/4/2020 21:30,2020,7,4,21,-107.30172,49.90645,SK,quarter,24
7/4/2020 21:30,2020,7,4,21,-107.91215,53.956,SK,golf ball,43
7/4/2020 21:45,2020,7,4,21,-112.71901,52.32347,AB,loonie,26.5
7/4/2020 22:05,2020,7,4,22,-107.0998,49.79763,SK,softball,97
7/4/2020 23:10,2020,7,4,23,-106.57341,49.70495,SK,ping pong,40
7/5/2020 0:15,2020,7,5,0,-106.26913,49.65284,SK,golf ball,43
7/5/2020 0:35,2020,7,5,0,-105.99179,49.63357,SK,quarter,24
7/5/2020 0:45,2020,7,5,0,-105.99179,49.63357,SK,toonie,28
7/5/2020 9:15,2020,7,5,9,-102.07578,50.65685,SK,nickel,21
7/5/2020 15:55,2020,7,5,15,-98.99727,50.67464,MB,pea,8
7/5/2020 17:55,2020,7,5,17,-98.48307,49.92292,MB,quarter,24
7/5/2020 19:20,2020,7,5,19,-98.00389,49.92944,MB,quarter,24
7/5/2020 19:50,2020,7,5,19,-97.71417,49.90276,MB,quarter,24
7/5/2020 21:10,2020,7,5,21,-97.3778,49.76988,MB,nickel,21
7/5/2020 23:00,2020,7,5,23,-103.80082,49.14517,SK,marble,16
7/6/2020 0:00,2020,7,6,0,-113.77496,50.34939,AB,toonie,28
7/6/2020 22:20,2020,7,6,22,-106.43257,49.1319,SK,larger than toonie,32
7/6/2020 23:00,2020,7,6,23,-106.32078,49.32929,SK,quarter,24
7/7/2020 0:00,2020,7,7,0,-105.99179,49.53226,SK,quarter,24
7/7/2020 20:40,2020,7,7,20,-110.28096,49.66204,AB,walnut,35
7/7/2020 22:00,2020,7,7,22,-109.63025,50.22213,SK,nickel,21
7/12/2020 17:40,2020,7,12,17,-114.47,52.45,AB,nickel,21
7/12/2020 17:50,2020,7,12,17,-114.73948,52.09358,AB,quarter,24
7/12/2020 18:15,2020,7,12,18,-114.199,52.39372,AB,penny,19
7/12/2020 18:20,2020,7,12,18,-114.14522,52.40496,AB,pea,8
7/12/2020 18:30,2020,7,12,18,-114.31118,52.0862,AB,3/4 of golf ball,30
7/12/2020 19:00,2020,7,12,19,-113.82206,52.40915,AB,dime,18
7/12/2020 19:05,2020,7,12,19,-113.9502,52.02739,AB,loonie,26.5
7/12/2020 19:23,2020,7,12,19,-114.11988,51.79504,AB,nickel,21
7/12/2020 19:30,2020,7,12,19,-113.73095,52.02739,AB,quarter,24
7/12/2020 19:40,2020,7,12,19,-113.9502,52.02739,AB,loonie,26.5
7/5/2020 21:45,2020,7,5,21,-114.7216,51.7462,AB,dime,18
7/12/2020 21:55,2020,7,12,21,-111.90609,50.73126,AB,pea,8
7/12/2020 22:13,2020,7,12,22,-114.69396,51.7961,AB,nickel,21
7/12/2020 22:40,2020,7,12,22,-109.54195,50.88898,SK,pea,8
7/12/2020 22:45,2020,7,12,22,-113.73066,52.46847,AB,pea,8
7/12/2020 22:55,2020,7,12,22,-109.40451,50.85345,SK,loonie,26.5
7/12/2020 23:10,2020,7,12,23,-109.2671,50.86185,SK,loonie,26.5
7/12/2020 23:30,2020,7,12,23,-109.99188,51.65952,SK,pea,8
7/13/2020 0:15,2020,7,13,0,-114.20521,51.14151,AB,pea,8
7/13/2020 1:05,2020,7,13,1,-103.85329,49.66328,SK,quarter,24
7/13/2020 1:25,2020,7,13,1,-103.0507,51.01168,SK,quarter,24
7/13/2020 1:25,2020,7,13,1,-114.50211,51.41618,AB,toonie,28
7/13/2020 1:28,2020,7,13,1,-107.38356,50.87745,SK,quarter,24
7/13/2020 1:35,2020,7,13,1,-113.43435,53.45832,AB,dime,18
7/13/2020 2:03,2020,7,13,2,-103.30693,49.81945,SK,pea,8
7/13/2020 20:10,2020,7,13,20,-102.07578,50.65685,SK,quarter,24
7/13/2020 20:49,2020,7,13,20,-106.67005,52.13321,SK,pea,8
7/13/2020 20:52,2020,7,13,20,-101.69001,50.81598,SK,pea,8
7/13/2020 22:00,2020,7,13,22,-105.75307,53.20335,SK,pea,8
7/13/2020 22:45,2020,7,13,22,-101.89842,51.56488,SK,pea,8
7/16/2020 21:04,2020,7,16,21,-114.94352,52.37745,AB,pea,8
7/16/2020 23:00,2020,7,16,23,-113.36608,52.96882,AB,pea,8
7/16/2020 23:03,2020,7,16,23,-113.8055,53.26505,AB,quarter,24
7/16/2020 23:15,2020,7,16,23,-113.41423,53.52855,AB,pea,8
7/16/2020 23:15,2020,7,16,23,-113.48288,53.51238,AB,nickel,21
7/16/2020 23:28,2020,7,16,23,-114.09733,52.30654,AB,pea,8
7/16/2020 23:53,2020,7,16,23,-113.49382,53.41123,AB,pea,8
7/17/2020 0:38,2020,7,17,0,-113.49722,53.54624,AB,pea,8
7/17/2020 1:50,2020,7,17,1,-112.74953,52.03623,AB,walnut,35
7/17/2020 18:15,2020,7,17,18,-98.30735,50.10874,MB,nickel,21
7/17/2020 18:36,2020,7,17,18,-99.43821,49.42788,MB,nickel,21
7/17/2020 18:48,2020,7,17,18,-99.22215,49.57247,MB,nickel,21
7/17/2020 18:55,2020,7,17,18,-97.76332,50.01439,MB,quarter,24
7/17/2020 19:00,2020,7,17,19,-97.78081,49.97506,MB,quarter,24
7/17/2020 23:12,2020,7,17,23,-112.79045,49.63074,AB,quarter,24
7/17/2020 23:39,2020,7,17,23,-112.37943,49.42675,AB,dime,18
7/18/2020 0:40,2020,7,18,0,-114.09438,51.57638,AB,quarter,24
7/18/2020 2:52,2020,7,18,2,-114.07188,51.04473,AB,nickel,21
7/18/2020 23:25,2020,7,18,23,-105.12287,52.20198,SK,pea,8
7/22/2020 20:00,2020,7,22,20,-114.30324,50.80576,AB,quarter,24
7/23/2020 2:15,2020,7,23,2,-114.6107,51.41377,AB,loonie,26.5
7/23/2020 3:10,2020,7,23,3,-114.02608,51.43118,AB,walnut,35
7/23/2020 12:18,2020,7,23,12,-102.26522,49.00212,SK,larger than golf ball,50
7/23/2020 14:33,2020,7,23,14,-99.59059,49.38411,MB,quarter,24
7/23/2020 14:42,2020,7,23,14,-99.2891,49.558,MB,nickel,21
7/23/2020 17:12,2020,7,23,17,-98.00389,49.88602,MB,quarter,24
7/23/2020 18:15,2020,7,23,18,-99.60944,49.63579,MB,nickel,21
7/23/2020 19:35,2020,7,23,19,-99.0887,49.94044,MB,penny,19
7/23/2020 20:10,2020,7,23,20,-98.95076,50.1454,MB,quarter,24
7/23/2020 20:20,2020,7,23,20,-114.2548,51.09913,AB,toonie,28
7/23/2020 21:05,2020,7,23,21,-98.86648,50.90524,MB,loonie,26.5
7/23/2020 21:20,2020,7,23,21,-114.628,51.23605,AB,loonie,26.5
7/23/2020 21:30,2020,7,23,21,-98.77745,51.08179,MB,estimated 1 inch,25
7/23/2020 21:54,2020,7,23,21,-108.43194,54.11462,SK,golf ball,43
7/23/2020 22:00,2020,7,23,22,-114.15256,51.00856,AB,nickel,21
7/23/2020 22:25,2020,7,23,22,-98.37468,51.30513,MB,loonie,26.5
7/23/2020 22:30,2020,7,23,22,-114.03333,51.34407,AB,apple,70
7/23/2020 23:20,2020,7,23,23,-114.07946,51.09187,AB,loonie,26.5
7/23/2020 23:42,2020,7,23,23,-114.60847,51.79793,AB,nickel,21
7/23/2020 23:50,2020,7,23,23,-113.59981,51.11663,AB,quarter,24
7/24/2020 2:52,2020,7,24,2,-111.20898,51.52639,AB,golf ball,43
7/24/2020 12:00,2020,7,24,12,-99.08945,50.3879,MB,golf ball,43
7/24/2020 22:25,2020,7,24,22,-110.66392,51.67631,AB,marble,16
7/24/2020 23:05,2020,7,24,23,-114.39173,51.40556,AB,small,5
7/24/2020 23:50,2020,7,24,23,-109.75046,51.84129,SK,ping pong,40
7/24/2020 23:50,2020,7,24,23,-114.05493,51.43118,AB,measured 31mm,31
7/25/2020 0:05,2020,7,25,0,-109.61906,51.8716,SK,dime,18
7/25/2020 0:06,2020,7,25,0,-114.09001,50.9816,AB,toonie,28
7/25/2020 0:45,2020,7,25,0,-113.77263,50.91622,AB,estimated 60mm,60
7/25/2020 2:05,2020,7,25,2,-112.71076,51.46195,AB,loonie,26.5
7/25/2020 7:30,2020,7,25,7,-109.15832,52.44373,SK,ping pong,40
7/25/2020 15:10,2020,7,25,15,-107.03122,53.83348,SK,pea,8
7/25/2020 19:27,2020,7,25,19,-101.20851,52.23712,MB,quarter,24
7/25/2020 23:20,2020,7,25,23,-96.96703,50.81112,MB,nickel,21
7/26/2020 0:45,2020,7,26,0,-96.06156,50.25944,MB,hen egg,50
7/29/2020 1:48,2020,7,29,1,-115.66542,54.23531,AB,nickel,21
7/29/2020 23:10,2020,7,29,23,-107.48969,49.74631,SK,nickel,21
7/29/2020 23:37,2020,7,29,23,-116.66685,53.477,AB,hen egg,50
7/30/2020 1:30,2020,7,30,1,-114.71137,51.778,AB,walnut,35
7/30/2020 22:45,2020,7,30,22,-104.31949,53.27134,SK,nickel,21
7/30/2020 23:15,2020,7,30,23,-104.35925,53.16452,SK,toonie,28
7/30/2020 23:54,2020,7,30,23,-105.31186,53.02211,SK,golf ball,43
7/31/2020 0:25,2020,7,31,0,-114.6991,51.30919,AB,quarter,24
7/31/2020 0:30,2020,7,31,0,-104.8207,52.31938,SK,nickel,21
7/31/2020 0:35,2020,7,31,0,-105.8224,51.05209,SK,dime,18
7/31/2020 0:55,2020,7,31,0,-104.80951,52.718,SK,larger than golf ball,50
7/31/2020 1:02,2020,7,31,1,-115.01585,51.10273,AB,tennis,67
8/1/2020 15:45,2020,8,1,15,-114.17076,51.10858,AB,pea,8
8/1/2020 16:55,2020,8,1,16,-113.99262,51.49249,AB,dime,18
8/2/2020 0:08,2020,8,2,0,-114.86887,51.53365,AB,measured 45mm,45
8/2/2020 1:50,2020,8,2,1,-114.18886,51.09872,AB,dime,18
8/3/2020 0:30,2020,8,3,0,-118.73125,53.99842,AB,half dollar,31
8/3/2020 14:53,2020,8,3,14,-114.4554,54.28294,AB,nickel,21
8/3/2020 15:33,2020,8,3,15,-113.68508,53.52265,AB,pea,8
8/3/2020 19:25,2020,8,3,19,-114.7121,51.79708,AB,nickel,21
8/3/2020 19:55,2020,8,3,19,-114.52291,51.66215,AB,quarter,24
8/3/2020 20:03,2020,8,3,20,-114.52143,51.6493,AB,hen egg,50
8/3/2020 20:15,2020,8,3,20,-114.36173,51.6653,AB,tennis,67
8/3/2020 20:38,2020,8,3,20,-114.28171,51.65677,AB,golf ball,43
8/3/2020 20:58,2020,8,3,20,-114.02608,51.43118,AB,golf ball,43
8/3/2020 22:06,2020,8,3,22,-113.01106,51.36494,AB,tea cup,80
8/3/2020 22:20,2020,8,3,22,-112.8497,51.37865,AB,tea cup,80
8/3/2020 22:33,2020,8,3,22,-114.58744,51.47451,AB,quarter,24
8/3/2020 22:37,2020,8,3,22,-112.70918,51.41784,AB,toonie,28
8/3/2020 23:05,2020,8,3,23,-112.57483,51.45908,AB,tea cup,80
8/3/2020 23:22,2020,8,3,23,-112.62992,51.2997,AB,nickel,21
8/4/2020 0:55,2020,8,4,0,-112.64473,50.34999,AB,loonie,26.5
8/4/2020 1:50,2020,8,4,1,-109.93643,52.33322,SK,ping pong,40
8/4/2020 23:10,2020,8,4,23,-103.18949,49.18675,SK,toonie,28
8/6/2020 21:18,2020,8,6,21,-117.11906,54.67558,AB,ping pong,40
8/6/2020 21:34,2020,8,6,21,-116.1546,53.72749,AB,quarter,24
8/6/2020 23:30,2020,8,6,23,-109.94943,49.61821,SK,toonie,28
8/7/2020 0:06,2020,8,7,0,-115.34716,55.34716,AB,golf ball,43
8/7/2020 1:10,2020,8,7,1,-113.96362,53.50932,AB,estimated 35mm,35
8/7/2020 11:48,2020,8,7,11,-102.87013,49.65072,SK,quarter,24
8/7/2020 23:18,2020,8,7,23,-101.51301,50.07564,SK,nickel,21
8/7/2020 23:55,2020,8,7,23,-101.24084,49.97536,MB,ping pong,40
8/8/2020 0:25,2020,8,8,0,-101.07893,49.91749,MB,golf ball,43
8/8/2020 0:48,2020,8,8,0,-100.9948,49.80315,MB,larger than golf ball,50
8/8/2020 18:55,2020,8,8,18,-114.91385,52.37761,AB,pea,8
8/8/2020 19:38,2020,8,8,19,-114.29714,52.03559,AB,nickel,21
8/8/2020 20:09,2020,8,8,20,-114.03466,51.93276,AB,quarter,24
8/8/2020 20:55,2020,8,8,20,-113.56518,51.82094,AB,toonie,28
8/11/2020 22:26,2020,8,11,22,-114.96758,52.93121,AB,toonie,28
8/11/2020 22:28,2020,8,11,22,-114.79859,52.95351,AB,quarter,24
8/11/2020 22:50,2020,8,11,22,-114.73766,52.97432,AB,quarter,24
8/11/2020 23:06,2020,8,11,23,-114.42804,52.96526,AB,nickel,21
8/11/2020 23:59,2020,8,11,23,-113.96887,52.87224,AB,non-severe,8
8/12/2020 0:30,2020,8,12,0,-114.36471,52.89254,AB,pea,8
8/12/2020 2:19,2020,8,12,2,-114.8704,52.91372,AB,loonie,26.5
8/12/2020 20:55,2020,8,12,20,-103.24388,52.06576,SK,dime,18
8/12/2020 21:00,2020,8,12,21,-103.37769,52.12807,SK,tennis,67
8/12/2020 23:35,2020,8,12,23,-104.33952,53.48954,SK,golf ball,43
8/13/2020 1:19,2020,8,13,1,-104.81708,50.43102,SK,quarter,24
8/13/2020 1:40,2020,8,13,1,-104.86757,50.64628,SK,quarter,24
8/13/2020 10:30,2020,8,13,10,-101.87251,49.38864,SK,quarter,24
8/13/2020 18:00,2020,8,13,18,-96.22285,50.56664,MB,nickel,21
8/13/2020 21:50,2020,8,13,21,-100.59983,50.10751,MB,quarter,24
8/13/2020 22:20,2020,8,13,22,-100.46333,49.95232,MB,quarter,24
8/13/2020 22:35,2020,8,13,22,-100.3006,49.98266,MB,quarter,24
8/13/2020 23:35,2020,8,13,23,-99.7118,49.85648,MB,nickel,21
8/14/2020 0:10,2020,8,14,0,-99.36018,49.84599,MB,loonie,26.5
8/15/2020 20:43,2020,8,15,20,-96.98771,49.70918,MB,nickel,21
8/15/2020 20:52,2020,8,15,20,-97.59475,49.35458,MB,toonie,28
8/15/2020 21:45,2020,8,15,21,-96.42097,49.52134,MB,dime,18
8/15/2020 23:08,2020,8,15,23,-95.76861,49.16463,MB,nickel,21
8/18/2020 22:45,2020,8,18,22,-119.49374,56.35701,AB,quarter,24
8/18/2020 23:15,2020,8,18,23,-119.22793,56.55363,AB,quarter,24
8/18/2020 23:17,2020,8,18,23,-118.78009,55.3452,AB,dime,18
8/19/2020 1:50,2020,8,19,1,-115.43223,54.67916,AB,dime,18
8/19/2020 22:25,2020,8,19,22,-101.70081,50.84222,SK,nickel,21
8/19/2020 22:52,2020,8,19,22,-101.57852,50.80188,SK,quarter,24
8/19/2020 23:15,2020,8,19,23,-101.3751,50.63306,MB,hen egg,50
8/20/2020 0:40,2020,8,20,0,-101.04495,50.42213,MB,quarter,24
8/20/2020 1:15,2020,8,20,1,-100.80691,50.3141,MB,golf ball,43
8/20/2020 1:30,2020,8,20,1,-101.28494,50.78037,MB,loonie,26.5
8/21/2020 0:30,2020,8,21,0,-114.6343,51.59747,AB,nickel,21
8/21/2020 14:49,2020,8,21,14,-102.6917,50.616,SK,dime,18
8/21/2020 15:45,2020,8,21,15,-102.41499,50.54851,SK,dime,18
8/21/2020 16:55,2020,8,21,16,-102.52344,50.42411,SK,quarter,24
8/21/2020 23:12,2020,8,21,23,-99.95044,49.7698,MB,quarter,24
8/21/2020 23:32,2020,8,21,23,-100.13313,50.18202,MB,quarter,24
8/25/2020 3:00,2020,8,25,3,-112.64058,52.86398,AB,dime,18
8/25/2020 22:35,2020,8,25,22,-101.89842,51.42015,SK,dime,18
8/25/2020 23:08,2020,8,25,23,-101.89842,51.42015,SK,golf ball,43
8/25/2020 23:25,2020,8,25,23,-101.5845,51.36011,SK,toonie,28
8/26/2020 10:07,2020,8,26,10,-113.55274,53.26469,AB,dime,18
8/26/2020 23:03,2020,8,26,23,-110.85052,52.84337,AB,dime,18
8/27/2020 22:22,2020,8,27,22,-107.26678,50.22345,SK,dime,18
8/28/2020 1:14,2020,8,28,1,-102.79972,51.17616,SK,golf ball,43
8/28/2020 1:27,2020,8,28,1,-102.7181,51.15394,SK,ping pong,40
8/28/2020 1:40,2020,8,28,1,-102.13067,51.23308,SK,quarter,24
8/28/2020 1:43,2020,8,28,1,-102.47393,51.10166,SK,loonie,26.5
8/28/2020 2:10,2020,8,28,2,-102.16357,51.03661,SK,loonie,26.5
8/28/2020 2:20,2020,8,28,2,-101.74697,51.15812,SK,nickel,21
8/28/2020 2:20,2020,8,28,2,-102.05256,50.93806,SK,quarter,24
8/28/2020 2:35,2020,8,28,2,-101.89687,50.89845,SK,dime,18
8/28/2020 3:27,2020,8,28,3,-101.39525,50.83516,MB,dime,18
5/20/2021 23:40,2021,5,20,23,-104.57249,50.44147,SK,pea,8
5/30/2021 17:50,2021,5,30,17,-95.55278,49.94271,MB,estimated 12mm,12
6/6/2021 0:50,2021,6,6,0,-97.11182,49.66989,MB,pea,8
6/10/2021 4:10,2021,6,10,4,-108.69946,49.20489,SK,golf ball,43
6/10/2021 18:00,2021,6,10,18,-109.78387,51.48034,SK,nickel,21
7/6/2021 2:30,2021,7,6,2,-113.30148,49.19774,AB,dime,18
7/8/2021 20:15,2021,7,8,20,-104.58666,49.06597,SK,pea,8
7/12/2021 2:50,2021,7,12,2,-104.80921,50.85295,SK,golf ball,43
7/16/2021 0:00,2021,7,16,0,-101.09312,50.39142,MB,pea,8
7/19/2021 9:15,2021,7,19,9,-99.46978,50.37651,MB,,15
7/19/2021 11:45,2021,7,19,11,-99.46677,50.2277,MB,golf ball,43
7/22/2021 2:30,2021,7,22,2,-109.15852,54.02616,SK,smaller than baseball,70
7/23/2021 0:01,2021,7,23,0,-113.74232,53.22149,AB,nickel,21
7/23/2021 2:00,2021,7,23,2,-104.49888,50.94035,SK,pea,8
7/29/2021 16:25,2021,7,29,16,-112.94647,54.0645,AB,dime,18
8/6/2021 0:00,2021,8,6,0,-107.92341,51.56618,SK,dime,18
8/23/2021 23:40,2021,8,23,23,-108.60902,50.6852,SK,pea,8
8/24/2021 21:10,2021,8,24,21,-103.45211,51.20128,SK,marble,16
8/31/2021 23:55,2021,8,31,23,-105.53486,50.39158,SK,marble,16
9/1/2021 1:24,2021,9,1,1,-104.61889,50.44521,SK,golf ball,43
5/7/2022 21:20,2022,5,7,21,-101.69919,49.57708,SK,golf ball,43
5/8/2022 3:41,2022,5,8,3,-113.97493,50.72548,AB,pea,8
5/9/2022 2:03,2022,5,9,2,-111.675,50.70027,AB,dime,18
5/9/2022 2:10,2022,5,9,2,-110.97431,49.87299,AB,toonie,28
5/16/2022 23:00,2022,5,16,23,-118.87381,55.17668,AB,pea,8
5/24/2022 22:00,2022,5,24,22,-110.33404,53.34152,AB,pea,8
5/24/2022 22:45,2022,5,24,22,-110.40206,53.83219,AB,mothball,15
5/26/2022 3:15,2022,5,26,3,-114.00188,53.52943,AB,quarter,24
5/26/2022 3:30,2022,5,26,3,-113.49382,53.54612,AB,toonie,28
5/26/2022 22:12,2022,5,26,22,-99.78,51.06222,MB,dime,18
6/5/2022 21:00,2022,6,5,21,-112.75379,50.48006,AB,mothball,15
6/6/2022 20:45,2022,6,6,20,-112.86685,50.83605,AB,estimated 10mm,10
6/6/2022 21:54,2022,6,6,21,-112.41903,50.16452,AB,pea,8
6/6/2022 22:17,2022,6,6,22,-114.07188,51.04473,AB,pea,8
6/8/2022 19:20,2022,6,8,19,-115.58538,53.6115,AB,pea,8
6/8/2022 20:30,2022,6,8,20,-115.30918,52.73133,AB,nickel,21
6/8/2022 20:45,2022,6,8,20,-115.2374,52.30881,AB,small,5
6/8/2022 21:45,2022,6,8,21,-114.34888,53.44138,AB,pea,8
6/8/2022 22:45,2022,6,8,22,-119.15,55.93333,AB,dime,18
6/8/2022 23:15,2022,6,8,23,-113.9502,52.02739,AB,pea,8
6/8/2022 23:30,2022,6,8,23,-113.48069,52.10971,AB,dime,18
6/9/2022 0:00,2022,6,9,0,-113.7872,53.37094,AB,pea,8
6/9/2022 20:24,2022,6,9,20,-107.98356,52.20187,SK,nickel,21
6/11/2022 0:18,2022,6,11,0,-106.33183,52.66226,SK,pea,8
6/12/2022 13:15,2022,6,12,13,-99.2891,49.558,MB,golf ball,43
6/12/2022 16:40,2022,6,12,16,-97.04019,49.60596,MB,pea,8
6/12/2022 17:15,2022,6,12,17,-96.69109,49.52853,MB,pea,8
6/12/2022 22:15,2022,6,12,22,-114.07188,51.04473,AB,pea,8
6/12/2022 22:30,2022,6,12,22,-113.8425,51.03816,AB,pea,8
6/12/2022 22:35,2022,6,12,22,-112.63791,51.15664,AB,,15
6/12/2022 22:40,2022,6,12,22,-113.54175,51.01462,AB,pea,8
6/13/2022 0:20,2022,6,13,0,-113.40042,51.03782,AB,pea,8
6/14/2022 23:42,2022,6,14,23,-113.26477,51.70715,AB,nickel,21
6/15/2022 0:45,2022,6,15,0,-113.9502,52.02739,AB,pea,8
6/17/2022 3:30,2022,6,17,3,-113.97493,50.72548,AB,pea,8
6/18/2022 20:30,2022,6,18,20,-107.39553,54.62565,SK,,15
6/19/2022 0:30,2022,6,19,0,-114.56923,50.95174,AB,,15
6/19/2022 20:15,2022,6,19,20,-113.19342,52.11384,AB,,15
6/21/2022 0:05,2022,6,21,0,-106.96235,50.11485,SK,dime,18
6/21/2022 0:31,2022,6,21,0,-119.15,55.93333,AB,blueberry,10
6/22/2022 20:58,2022,6,22,20,-113.44797,53.53107,AB,pea,8
6/22/2022 21:00,2022,6,22,21,-113.2957,53.5412,AB,quarter,24
6/22/2022 21:45,2022,6,22,21,-112.74028,51.56149,AB,nickel,21
6/23/2022 13:35,2022,6,23,13,-113.80901,52.269,AB,pea,8
6/23/2022 13:35,2022,6,23,13,-114.09622,51.79502,AB,pea,8
6/23/2022 14:30,2022,6,23,14,-113.93479,51.16153,AB,pea,8
6/23/2022 16:05,2022,6,23,16,-115.1226,51.07807,AB,pea,8
6/23/2022 18:45,2022,6,23,18,-112.45205,50.78893,AB,estimated 10mm,10
6/23/2022 18:55,2022,6,23,18,-111.92766,51.64316,AB,pea,8
6/23/2022 20:00,2022,6,23,20,-113.95137,52.0225,AB,pea,8
6/23/2022 20:15,2022,6,23,20,-110.66646,51.66665,AB,pea,8
6/23/2022 21:46,2022,6,23,21,-113.41086,53.61614,AB,pea,8
6/23/2022 21:49,2022,6,23,21,-109.90848,50.65553,SK,pea,8
6/23/2022 23:35,2022,6,23,23,-107.21663,50.61947,SK,nickel,21
6/23/2022 23:50,2022,6,23,23,-102.51226,50.85149,SK,nickel,21
6/24/2022 0:19,2022,6,24,0,-103.86112,52.43933,SK,dime,18
6/24/2022 0:45,2022,6,24,0,-104.98583,50.79305,SK,golf ball,43
6/24/2022 0:48,2022,6,24,0,-105.40154,50.78711,SK,ping pong,40
6/24/2022 1:39,2022,6,24,1,-101.28591,50.62457,MB,baseball,74
6/24/2022 1:48,2022,6,24,1,-104.49894,50.94006,SK,dime,18
6/24/2022 2:00,2022,6,24,2,-103.73846,50.26319,SK,nickel,21
6/24/2022 2:20,2022,6,24,2,-105.24014,51.21322,SK,toonie,28
6/24/2022 2:20,2022,6,24,2,-102.45672,51.21011,SK,ping pong,40
6/24/2022 3:10,2022,6,24,3,-100.90294,50.688746,MB,nickel,21
6/24/2022 3:14,2022,6,24,3,-104.71034,50.93609,SK,dime,18
6/24/2022 3:20,2022,6,24,3,-100.81067,50.66643,MB,baseball,74
6/24/2022 3:45,2022,6,24,3,-100.57706,50.56485,MB,tennis,67
6/24/2022 4:12,2022,6,24,4,-100.17712,50.52827,MB,loonie,26.5
6/24/2022 4:14,2022,6,24,4,-102.47386,50.68471,SK,loonie,26.5
6/24/2022 4:48,2022,6,24,4,-99.84539,50.49196,MB,pea,8
6/24/2022 6:10,2022,6,24,6,-99.07754,50.32143,MB,toonie,28
6/24/2022 7:15,2022,6,24,7,-99.96407,50.6609,MB,toonie,28
6/24/2022 7:30,2022,6,24,7,-99.96407,50.6609,MB,tennis,67
6/24/2022 19:54,2022,6,24,19,-97.05248,49.35484,MB,nickel,21
6/24/2022 22:15,2022,6,24,22,-97.111362,49.67321,MB,toonie,28
6/24/2022 22:15,2022,6,24,22,-97.13484,49.888776,MB,quarter,24
6/24/2022 22:54,2022,6,24,22,-96.881817,50.01561,MB,pea,8
6/25/2022 18:30,2022,6,25,18,-108.80722,54.15091,SK,pea,8
6/25/2022 19:00,2022,6,25,19,-105.8801,53.56731,SK,pea,8
6/25/2022 19:35,2022,6,25,19,-106.06647,53.40527,SK,pea,8
6/25/2022 22:30,2022,6,25,22,-106.66987,52.13325,SK,pea,8
6/25/2022 23:20,2022,6,25,23,-104.61006,52.86154,SK,quarter,24
6/25/2022 23:24,2022,6,25,23,-104.61809,50.44527,SK,small,5
6/26/2022 0:18,2022,6,26,0,-106.5832,52.14648,SK,pea,8
6/26/2022 20:15,2022,6,26,20,-111.3681,56.7226,AB,small,5
6/26/2022 21:12,2022,6,26,21,-114.0769,54.1284,AB,toonie,28
6/26/2022 21:50,2022,6,26,21,-112.7728,54.7701,AB,nickel,21
6/26/2022 22:40,2022,6,26,22,-108.9273,55.9268,SK,dime,18
6/26/2022 23:25,2022,6,26,23,-113.4977,53.5405,AB,pea,8
6/27/2022 22:48,2022,6,27,22,-98.5586,49.53336,MB,pea,8
6/27/2022 23:30,2022,6,27,23,-98.51443,49.88936,MB,toonie,28
6/27/2022 23:40,2022,6,27,23,-98.1889,49.67048,MB,pea,8
6/27/2022 23:43,2022,6,27,23,-98.29503,49.97584,MB,quarter,24
6/28/2022 0:10,2022,6,28,0,-114.79305,52.486006,AB,golf ball,43
6/28/2022 0:45,2022,6,28,0,-96.88911,49.5911,MB,quarter,24
6/28/2022 0:45,2022,6,28,0,-96.69286,49.5347,MB,pea,8
6/28/2022 0:55,2022,6,28,0,-115.2462,52.4175,AB,,15
6/28/2022 1:18,2022,6,28,1,-114.5526,52.3261,AB,measured 40mm,40
6/28/2022 1:45,2022,6,28,1,-114.4544,52.2611,AB,measured 52mm,52
6/28/2022 1:55,2022,6,28,1,-114.1729,52.123,AB,unknown,43
6/28/2022 2:04,2022,6,28,2,-114.85824,52.09356,AB,,15
6/29/2022 1:30,2022,6,29,1,-113.87945,50.67654,AB,quarter,24
6/29/2022 2:00,2022,6,29,2,-113.46969,50.85228,AB,golf ball,43
6/29/2022 2:20,2022,6,29,2,-114.078,50.88335,AB,mothball,15
6/29/2022 2:28,2022,6,29,2,-113.29148,50.95807,AB,pea,8
6/29/2022 3:00,2022,6,29,3,-113.8425,51.03816,AB,mothball,15
6/29/2022 3:15,2022,6,29,3,-113.76464,50.98515,AB,nickel,21
6/29/2022 17:45,2022,6,29,17,-112.47167,50.7902,AB,nickel,21
6/29/2022 18:00,2022,6,29,18,-111.90609,50.73126,AB,quarter,24
6/29/2022 18:30,2022,6,29,18,-111.92143,50.63411,AB,toonie,28
6/29/2022 23:20,2022,6,29,23,-112.88342,52.45872,AB,pea,8
6/30/2022 0:00,2022,6,30,0,-111.93632,50.42339,AB,dime,18
6/30/2022 2:17,2022,6,30,2,-99.92487,51.64718,MB,nickel,21
7/5/2022 19:20,2022,7,5,19,-112.88342,52.45872,AB,pea,8
7/5/2022 20:00,2022,7,5,20,-111.78452,52.43584,AB,quarter,24
7/5/2022 20:10,2022,7,5,20,-112.54107,52.57983,AB,quarter,24
7/5/2022 20:30,2022,7,5,20,-111.48635,52.14131,AB,loonie,26.5
7/5/2022 21:20,2022,7,5,21,-111.45712,51.99766,AB,golf ball,43
7/5/2022 21:30,2022,7,5,21,-111.11542,52.28123,AB,nickel,21
7/5/2022 23:20,2022,7,5,23,-113.31915,51.56101,AB,nickel,21
7/5/2022 23:30,2022,7,5,23,-113.13928,52.28959,AB,dime,18
7/5/2022 23:55,2022,7,5,23,-109.16778,51.23383,SK,dime,18
7/6/2022 0:00,2022,7,6,0,-112.74028,51.56149,AB,mothball,15
7/6/2022 0:45,2022,7,6,0,-113.54253,53.25904,AB,pea,8
7/6/2022 22:50,2022,7,6,22,-99.63962,49.806,MB,dime,18
7/7/2022 20:41,2022,7,7,20,-114.47428,51.6872,AB,unknown,30
7/7/2022 23:00,2022,7,7,23,-114.07188,51.04473,AB,loonie,26.5
7/8/2022 0:00,2022,7,8,0,-114.13674,51.65677,AB,quarter,24
7/8/2022 0:20,2022,7,8,0,-110.4834,51.35059,AB,golf ball,43
7/8/2022 2:00,2022,7,8,2,-114.19243,53.5732,AB,pea,8
7/8/2022 2:50,2022,7,8,2,-111.85549,52.79242,AB,golf ball,43
7/8/2022 3:00,2022,7,8,3,-113.49382,53.54612,AB,pea,8
7/8/2022 20:00,2022,7,8,20,-108.29746,52.77648,SK,pea,8
7/9/2022 16:35,2022,7,9,16,-106.67016,52.1579,SK,loonie,26.5
7/9/2022 22:10,2022,7,9,22,-114.00226,52.16994,AB,pea,8
7/9/2022 22:30,2022,7,9,22,-113.81293,52.24039,AB,loonie,26.5
7/9/2022 23:00,2022,7,9,23,-113.50403,52.17882,AB,toonie,28
7/9/2022 23:50,2022,7,9,23,-113.23419,52.19745,AB,quarter,24
7/14/2022 23:31,2022,7,14,23,-99.95148,49.84375,MB,nickel,21
7/15/2022 17:13,2022,7,15,17,-106.05823,51.84878,SK,pea,8
7/16/2022 3:15,2022,7,16,3,-115.05082,53.22149,AB,estimated 35mm,35
7/16/2022 3:30,2022,7,16,3,-110.76193,54.45068,AB,quarter,24
7/16/2022 3:35,2022,7,16,3,-104.17882,50.63052,SK,baseball,74
7/16/2022 3:45,2022,7,16,3,-114.8668,53.20956,AB,quarter,24
7/16/2022 21:00,2022,7,16,21,-114.73415,51.79495,AB,ping pong,40
7/17/2022 0:40,2022,7,17,0,-114.91385,52.37761,AB,nickel,21
7/17/2022 11:50,2022,7,17,11,-110.77538,52.00977,AB,large marble,25
7/18/2022 18:10,2022,7,18,18,-111.73096,49.74946,AB,pea,8
7/18/2022 19:20,2022,7,18,19,-110.78777,50.0772,AB,nickel,21
7/19/2022 21:40,2022,7,19,21,-114.29048,52.749,AB,marble,16
7/19/2022 23:45,2022,7,19,23,-113.04524,52.58171,AB,estimated 1 inch,25
7/22/2022 22:16,2022,7,22,22,-114.24893,51.26308,AB,pea,8
7/22/2022 23:00,2022,7,22,23,-102.99148,49.13908,SK,nickel,21
7/24/2022 2:00,2022,7,24,2,-114.31861,53.18386,AB,golf ball,43
7/24/2022 21:00,2022,7,24,21,-111.71748,58.50793,AB,pea,8
7/29/2022 1:45,2022,7,29,1,-111.37901,56.72662,AB,pea,8
7/29/2022 22:15,2022,7,29,22,-115.33101,51.63343,AB,marble,16
7/29/2022 22:30,2022,7,29,22,-114.6107,51.5037,AB,,15
7/29/2022 22:45,2022,7,29,22,-114.56923,50.95174,AB,pea,8
7/29/2022 23:15,2022,7,29,23,-115.26445,51.03968,AB,pea,8
7/30/2022 0:00,2022,7,30,0,-114.46675,51.19174,AB,pea,8
7/30/2022 0:15,2022,7,30,0,-114.1021,51.08141,AB,pea,8
7/30/2022 1:00,2022,7,30,1,-113.8115,52.26903,AB,dime,18
7/30/2022 1:15,2022,7,30,1,-114.09728,52.30658,AB,dime,18
7/30/2022 2:00,2022,7,30,2,-117.01667,53.56667,AB,,15
7/30/2022 2:45,2022,7,30,2,-113.82528,52.95979,AB,nickel,21
7/30/2022 3:15,2022,7,30,3,-118.39228,56.06959,AB,ping pong,40
7/30/2022 3:30,2022,7,30,3,-118.24064,56.07463,AB,ping pong,40
7/31/2022 22:45,2022,7,31,22,-111.92727,52.51401,AB,golf ball,43
8/1/2022 0:00,2022,8,1,0,-110.77531,52.00887,AB,dime,18
8/1/2022 2:20,2022,8,1,2,-116.08149,52.46799,AB,loonie,26.5
8/1/2022 3:03,2022,8,1,3,-107.21726,50.4507,SK,dime,18
8/1/2022 3:30,2022,8,1,3,-115.14,52.2638,AB,tennis,67
8/1/2022 4:00,2022,8,1,4,-117.57941,53.39907,AB,hen egg,50
8/1/2022 9:00,2022,8,1,9,-114.89317,51.98896,AB,ping pong,40
8/1/2022 9:30,2022,8,1,9,-114.6393,51.79707,AB,nickel,21
8/1/2022 21:10,2022,8,1,21,-115.2842,52.41041,AB,pea,8
8/1/2022 21:40,2022,8,1,21,-114.91375,52.37762,AB,dime,18
8/1/2022 23:15,2022,8,1,23,-114.558,52.29957,AB,measured 55mm,55
8/1/2022 23:15,2022,8,1,23,-114.37056,52.36384,AB,hen egg,50
8/2/2022 0:00,2022,8,2,0,-113.87276,52.1365,AB,tennis,67
8/2/2022 0:10,2022,8,2,0,-114.09703,52.25038,AB,tennis,67
8/2/2022 0:15,2022,8,2,0,-114.2733,52.29048,AB,baseball,74
8/2/2022 0:20,2022,8,2,0,-113.94223,52.03712,AB,baseball,74
8/2/2022 0:35,2022,8,2,0,-113.5294,52.05499,AB,golf ball,43
8/2/2022 0:40,2022,8,2,0,-113.59968,51.98553,AB,baseball,74
8/2/2022 1:10,2022,8,2,1,-113.57636,51.88075,AB,tennis,67
8/2/2022 2:15,2022,8,2,2,-113.73053,52.46819,AB,,15
8/2/2022 2:45,2022,8,2,2,-113.87276,52.1365,AB,dime,18
8/2/2022 3:00,2022,8,2,3,-113.59968,51.98553,AB,dime,18
8/4/2022 23:15,2022,8,4,23,-114.64,51.79707,AB,dime,18
8/5/2022 3:15,2022,8,5,3,-105.24972,53.75174,SK,golf ball,43
8/8/2022 23:50,2022,8,8,23,-104.77338,55.6034,SK,small,5
8/12/2022 22:40,2022,8,12,22,-108.38955,49.20818,SK,nickel,21
8/12/2022 23:20,2022,8,12,23,-113.51632,49.36534,AB,golf ball,43
8/13/2022 22:25,2022,8,13,22,-106.27623,52.50008,SK,quarter,24
8/13/2022 23:25,2022,8,13,23,-106.28736,52.3249,SK,dime,18
8/14/2022 0:00,2022,8,14,0,-105.7513,52.79184,SK,marble,16
8/14/2022 0:00,2022,8,14,0,-105.12287,52.20198,SK,quarter,24
8/14/2022 1:35,2022,8,14,1,-103.81177,52.19828,SK,loonie,26.5
8/14/2022 2:00,2022,8,14,2,-103.80147,51.94451,SK,pea,8
8/14/2022 3:10,2022,8,14,3,-102.10113,51.68925,SK,pea,8
8/14/2022 4:00,2022,8,14,4,-115.98775,53.66761,AB,,15
8/15/2022 22:20,2022,8,15,22,-102.28485,49.83249,SK,pea,8
8/16/2022 23:00,2022,8,16,23,-97.7667,51.15626,MB,dime,18
8/18/2022 9:05,2022,8,18,9,-97.11046,49.86493,MB,nickel,21
8/21/2022 2:15,2022,8,21,2,-117.45,53.46667,AB,pea,8
8/21/2022 4:30,2022,8,21,4,-114.35225,53.67795,AB,pea,8
8/21/2022 7:30,2022,8,21,7,-113.62927,53.6539,AB,dime,18
8/22/2022 0:45,2022,8,22,0,-113.05319,49.88384,AB,loonie,26.5
8/22/2022 22:30,2022,8,22,22,-117.57941,53.39907,AB,toonie,28
8/23/2022 23:43,2022,8,23,23,-97.93912,49.18022,MB,pea,8
8/27/2022 0:24,2022,8,27,0,-104.98426,52.39487,SK,pea,8
8/27/2022 0:36,2022,8,27,0,-105.53486,50.39158,SK,pea,8
8/27/2022 20:00,2022,8,27,20,-113.46969,50.85228,AB,dime,18
8/27/2022 21:15,2022,8,27,21,-112.19103,50.95033,AB,quarter,24
8/27/2022 22:45,2022,8,27,22,-111.66675,51.29324,AB,pea,8
8/28/2022 0:00,2022,8,28,0,-111.20515,51.5285,AB,pea,8
7/31/2005 3:15,2005,7,31,3,-96.93,50.07,MB,tennis,67
5/18/2006 3:00,2006,5,18,3,-107.062539,53.305887,SK,marble,16
5/22/2006 22:35,2006,5,22,22,-112.1,50.06,AB,quarter,24
5/28/2006 16:40,2006,5,28,16,-99.95,49.84,MB,smaller than golf ball,35
7/7/2006 23:00,2006,7,7,23,-105.25,52.75,SK,quarter,24
7/12/2006 1:15,2006,7,12,1,-96.45,49.65,MB,golf ball,43
7/23/2006 23:30,2006,7,23,23,-98.88,49.25,MB,quarter,24
7/30/2006 0:53,2006,7,30,0,-114.1,51.78,AB,golf ball,43
7/30/2006 3:30,2006,7,30,3,-108.03,51.2,SK,toonie,28
7/30/2006 20:30,2006,7,30,20,-114.1,51.78,AB,pea,8
7/31/2006 2:25,2006,7,31,2,-106.67,52.15,SK,loonie,26.5
7/31/2006 20:00,2006,7,31,20,-97.87,55.75,MB,golf ball,43
7/31/2006 22:10,2006,7,31,22,-95.6,56.07,MB,penny,19
8/10/2006 22:30,2006,8,10,22,-114.17,52.12,AB,golf ball,43
8/24/2006 1:20,2006,8,24,1,-103.5,51.17,SK,nickel,21
6/22/2007 3:20,2007,6,22,3,-104.5,50.93,SK,loonie,26.5
7/30/2007 0:00,2007,7,30,0,-111.38,56.73,AB,baseball,74
8/10/2007 6:20,2007,8,10,6,-97.15,49.88,MB,loonie,26.5
8/26/2008 18:40,2008,8,26,18,-105.96,53.4,SK,golf ball,43
7/4/2009 21:50,2009,7,4,21,-100.142,51.36,MB,smaller than baseball,70
7/9/2009 21:10,2009,7,9,21,-96.665,51.135,MB,estimated 40mm,40
8/3/2009 5:45,2009,8,3,5,-115.021,52.303,AB,baseball,74
8/3/2009 22:40,2009,8,3,22,-117.583,53.4,AB,quarter,24
5/29/2010 13:30,2010,5,29,13,-97.146,49.884,MB,quarter,24
7/22/2010 20:20,2010,7,22,20,-108.317,52.733,SK,quarter,24
7/27/2010 1:40,2010,7,27,1,-97.264,49.693,MB,golf ball,43
7/27/2010 1:50,2010,7,27,1,-114.083,51.05,AB,quarter,24
8/22/2010 23:30,2010,8,22,23,-112.104,51.506,AB,dime,18
8/27/2010 2:25,2010,8,27,2,-113.467,53.55,AB,penny,19
6/21/2011 22:25,2011,6,21,22,-114.083,52.317,AB,half golf ball,21
7/4/2011 0:00,2011,7,4,0,-110.167,54.45,AB,estimated 20mm,20
7/19/2011 1:50,2011,7,19,1,-106.083,53.917,SK,larger than golf ball,50
7/20/2011 11:10,2011,7,20,11,-102.653,50.6,SK,nickel,21
8/6/2011 14:30,2011,8,6,14,-112.8,53.767,AB,pea,8
8/6/2011 16:26,2011,8,6,16,-111.533,53.367,AB,pea,8
8/6/2011 20:15,2011,8,6,20,-110.533,53.583,AB,pea,8
8/6/2011 23:46,2011,8,6,23,-103.85,49.667,SK,pea,8
8/15/2011 2:26,2011,8,15,2,-103.72,51.75,SK,loonie,26.5
8/19/2011 2:20,2011,8,19,2,-97.146,49.884,MB,quarter,24
8/23/2011 21:00,2011,8,23,21,-100.18,51.784,MB,golf ball,43
8/28/2011 1:39,2011,8,28,1,-104.917,49.583,SK,pea,8
7/11/2012 21:35,2012,7,11,21,-101.267,52.106,MB,pea,8
8/1/2012 1:00,2012,8,1,1,-114.083,51.05,AB,golf ball,43
7/6/2013 21:50,2013,7,6,21,-114.033,51.3,AB,golf ball,43
7/17/2013 23:50,2013,7,17,23,-112.817,49.7,AB,nickel,21
6/9/2014 22:55,2014,6,9,22,-109.51,49.65,SK,quarter,24
6/22/2014 0:10,2014,6,22,0,-97.58,50.14,MB,nickel,21
6/22/2014 1:00,2014,6,22,1,-96.98,50.07,MB,golf ball,43
6/27/2015 19:10,2015,6,27,19,-98.344,49.5,MB,baseball,74
7/12/2015 22:10,2015,7,12,22,-99.991,50.121,MB,large grape,29
6/28/2016 22:30,2016,6,28,22,-113.97495,50.72549,AB,loonie,26.5
7/1/2018 0:35,2018,7,1,0,-116.68421,53.40211,AB,pea,8
6/29/2019 22:45,2019,6,29,22,-108.90013,54.42445,SK,golf ball,43
8/1/2019 0:10,2019,8,1,0,-98.54653,49.64769,MB,estimated 75mm,75
8/1/2019 0:15,2019,8,1,0,-97.49751,50.50702,MB,golf ball,43
8/1/2019 0:30,2019,8,1,0,-97.97626,50.05692,MB,toonie,28
8/1/2019 0:35,2019,8,1,0,-97.25053,50.50482,MB,quarter,24
8/1/2019 0:45,2019,8,1,0,-98.65889,49.41194,MB,golf ball,43
8/1/2019 1:00,2019,8,1,1,-98.69855,49.62839,MB,golf ball,43
8/1/2019 1:25,2019,8,1,1,-98.55801,49.53274,MB,quarter,24
8/1/2019 1:40,2019,8,1,1,-98.5385,49.24044,MB,toonie,28
8/1/2019 2:00,2019,8,1,2,-97.7592,49.90352,MB,nickel,21
8/1/2019 2:20,2019,8,1,2,-98.68034,49.1475,MB,loonie,26.5
8/1/2019 2:35,2019,8,1,2,-98.07717,49.92782,MB,golf ball,43
6/20/2020 20:20,2020,6,20,20,-97.59475,49.35458,MB,nickel,21
6/25/2020 0:15,2020,6,25,0,-114.46672,51.1918,AB,toonie,28
7/4/2020 0:05,2020,7,4,0,-106.68011,49.42378,SK,half dollar,31
7/4/2020 2:15,2020,7,4,2,-105.63753,49.39173,SK,quarter,24
7/24/2020 0:10,2020,7,24,0,-112.78831,53.76246,AB,pea,8
5/15/2007 22:07,2007,5,15,22,-79.41595,43.77943,ON,marble,16
5/15/2007 22:11,2007,5,15,22,-79.41518,43.77968,ON,dime,18
5/15/2007 22:12,2007,5,15,22,-79.42016,43.77069,ON,dime,18
5/15/2007 22:36,2007,5,15,22,-79.2499,43.7833,ON,nickel,21
5/15/2007 23:00,2007,5,15,23,-80.0832,44.1,ON,pea,8
5/15/2007 23:25,2007,5,15,23,-79.8499,43.8667,ON,marble,16
7/8/2007 23:15,2007,7,8,23,-80.9667,43.9667,ON,estimated 70mm,70
7/8/2007 23:30,2007,7,8,23,-80.85,43.8333,ON,tennis,67
8/2/2007 20:03,2007,8,2,20,-81.34909,42.88766,ON,quarter,24
8/3/2007 9:30,2007,8,3,9,-75.6416,45.0167,ON,quarter,24
10/7/2007 0:35,2007,10,7,0,-78.94831,43.96431,ON,quarter,24
10/7/2007 0:45,2007,10,7,0,-78.8499,43.9,ON,quarter,24
10/7/2007 0:50,2007,10,7,0,-78.8499,43.9,ON,measured 50mm,50
8/24/2011 15:40,2011,8,24,15,-83.88888,46.25689,ON,estimated 20mm,20
8/24/2011 22:48,2011,8,24,22,-82.41785,43.00151,ON,estimated 32mm,32
8/24/2011 22:48,2011,8,24,22,-82.4,43,ON,estimated 32mm,32
8/24/2011 23:47,2011,8,24,23,-81.95859,43.21461,ON,golf ball,43
8/24/2011 23:55,2011,8,24,23,-81.3999,43.1833,ON,nickel,21
8/25/2011 0:33,2011,8,25,0,-82.3832,42.9666,ON,quarter,24
8/25/2011 0:38,2011,8,25,0,-82.14657,42.86745,ON,marble,16
8/25/2011 2:00,2011,8,25,2,-81.6833,42.5667,ON,quarter,24
6/17/2014 21:30,2014,6,17,21,-79.5462,44.1345,ON,golf ball,43
6/17/2014 22:00,2014,6,17,22,-79.91186,43.23812,ON,nickel,21
10/6/2014 15:30,2014,10,6,15,-82.45978,45.9114,ON,pea,8
5/22/2015 17:50,2015,5,22,17,-74.0064,45.53255,QC,small,5
5/22/2015 18:40,2015,5,22,18,-74.03729,45.40301,QC,estimated half inch,13
5/22/2015 18:50,2015,5,22,18,-73.81534,45.77277,QC,small,5
5/23/2015 16:00,2015,5,23,16,-63.56774,44.66521,NS,,7
5/23/2015 16:00,2015,5,23,16,-63.53123,44.50065,NS,,7
5/23/2015 17:30,2015,5,23,17,-66.48129,45.84866,NB,small,5
5/23/2015 17:30,2015,5,23,17,-66.64312,45.96359,NB,small,5
5/27/2015 18:55,2015,5,27,18,-82.24159,42.55915,ON,quarter,24
5/27/2015 19:30,2015,5,27,19,-82.18288,42.58696,ON,dime,18
6/10/2015 13:00,2015,6,10,13,-82.64894,46.38353,ON,dime,18
6/10/2015 15:00,2015,6,10,15,-80.36029,43.71868,ON,nickel,21
6/10/2015 20:00,2015,6,10,20,-76.48682,44.23192,ON,dime,18
6/10/2015 21:45,2015,6,10,21,-78.94522,44.10419,ON,dime,18
6/10/2015 22:40,2015,6,10,22,-79.52346,43.64457,ON,estimated 1 inch,25
6/10/2015 23:10,2015,6,10,23,-77.88732,44.00552,ON,estimated 35mm,35
6/23/2015 4:59,2015,6,23,4,-79.56161,44.11421,ON,estimated 10mm,10
7/19/2015 18:01,2015,7,19,18,-81.62189,42.96036,ON,nickel,21
7/19/2015 18:45,2015,7,19,18,-77.49275,46.09022,ON,quarter,24
7/19/2015 19:00,2015,7,19,19,-79.40184,43.72477,ON,nickel,21
7/19/2015 19:12,2015,7,19,19,-80.81303,43.23712,ON,dime,18
7/19/2015 20:00,2015,7,19,20,-80.74762,43.13152,ON,estimated 1 inch,25
7/19/2015 20:00,2015,7,19,20,-77.97787,44.38191,ON,golf ball,43
7/19/2015 20:16,2015,7,19,20,-79.33371,43.85566,ON,quarter,24
7/19/2015 20:24,2015,7,19,20,-79.43828,43.88179,ON,estimated 1 inch,25
7/19/2015 20:30,2015,7,19,20,-77.95577,44.30928,ON,nickel,21
7/19/2015 21:30,2015,7,19,21,-79.33657,43.8486,ON,estimated 20mm,20
7/19/2015 23:00,2015,7,19,23,-78.22884,44.04104,ON,toonie,28
7/19/2015 23:00,2015,7,19,23,-80.60362,42.92648,ON,estimated 1 inch,25
7/28/2015 18:30,2015,7,28,18,-64.77823,46.08782,NB,unknown,
7/31/2015 21:01,2015,7,31,21,-78.32273,44.30444,ON,nickel,21
7/31/2015 23:00,2015,7,31,23,-77.28195,45.8955,ON,quarter,24
8/1/2015 21:56,2015,8,1,21,-79.37571,42.92287,ON,quarter,24
8/1/2015 23:00,2015,8,1,23,-76.48682,44.23044,ON,dime,18
8/1/2015 23:59,2015,8,1,23,-79.36266,43.02429,ON,dime,18
8/2/2015 19:15,2015,8,2,19,-81.27222,44.76717,ON,nickel,21
8/2/2015 19:50,2015,8,2,19,-81.53572,43.78845,ON,nickel,21
8/2/2015 19:55,2015,8,2,19,-81.62567,44.17334,ON,golf ball,43
8/2/2015 21:30,2015,8,2,21,-80.308,43.58818,ON,toonie,28
8/2/2015 21:40,2015,8,2,21,-80.76459,43.47745,ON,loonie,26.5
8/2/2015 21:45,2015,8,2,21,-80.47715,43.41292,ON,golf ball,43
8/2/2015 21:55,2015,8,2,21,-80.51507,43.44686,ON,toonie,28
8/2/2015 21:55,2015,8,2,21,-79.45368,43.638,ON,nickel,21
8/2/2015 22:00,2015,8,2,22,-81.6346,44.17457,ON,loonie,26.5
8/2/2015 23:00,2015,8,2,23,-80.8185,44.17633,ON,severe,25
8/2/2015 23:20,2015,8,2,23,-81.54332,44.26766,ON,golf ball,43
8/2/2015 23:20,2015,8,2,23,-81.62726,44.17105,ON,quarter,24
8/2/2015 23:25,2015,8,2,23,-81.62747,44.17086,ON,quarter,24
8/2/2015 23:30,2015,8,2,23,-81.63657,44.1753,ON,toonie,28
8/2/2015 23:30,2015,8,2,23,-81.58792,44.2856,ON,toonie,28
8/2/2015 23:35,2015,8,2,23,-81.5136,43.96248,ON,estimated 1 inch,25
8/3/2015 0:30,2015,8,3,0,-80.95066,43.73023,ON,quarter,24
8/3/2015 0:30,2015,8,3,0,-79.84241,44.44063,ON,nickel,21
8/3/2015 0:56,2015,8,3,0,-79.17521,44.54461,ON,dime,18
8/3/2015 21:25,2015,8,3,21,-80.14419,43.61887,ON,golf ball,43
8/4/2015 21:30,2015,8,4,21,-67.24122,45.98914,NB,,12
8/4/2015 22:00,2015,8,4,22,-66.73899,46.28332,NB,,12
8/10/2015 22:00,2015,8,10,22,-89.24768,48.3809,ON,estimated 32mm,32
8/13/2015 23:00,2015,8,13,23,-82.15671,42.88752,ON,quarter,24
8/14/2015 21:40,2015,8,14,21,-79.56591,44.11466,ON,dime,18
8/14/2015 22:35,2015,8,14,22,-82.14864,42.88211,ON,quarter,24
8/22/2015 16:28,2015,8,22,16,-94.47083,49.80418,ON,nickel,21
9/3/2015 19:50,2015,9,3,19,-80.71999,43.42075,ON,quarter,24
10/15/2015 18:30,2015,10,15,18,-80.95304,46.5221,ON,estimated 28mm,28
10/17/2015 18:00,2015,10,17,18,-65.59298,43.46617,NS,estimated 10mm,10
10/17/2015 18:00,2015,10,17,18,-65.69978,43.49869,NS,unknown,
11/14/2015 11:46,2015,11,14,11,-61.35855,45.62765,NS,unknown,
11/16/2015 20:00,2015,11,16,20,-64.03966,45.04519,NS,no hail,0
11/16/2015 21:30,2015,11,16,21,-64.8,44.48333,NS,no hail,0
11/16/2015 23:00,2015,11,16,23,-64.36828,45.8979,NB,no hail,0
1/8/2016 9:00,2016,1,8,9,-79.19701,43.79524,ON,estimated 40mm,40
2/3/2016 19:55,2016,2,3,19,-80.55042,44.26185,ON,pea,8
3/7/2016 1:30,2016,3,7,1,-84.34609,46.52186,ON,small,5
3/8/2016 17:00,2016,3,8,17,-93.39553,48.60995,ON,pea,8
3/16/2016 19:00,2016,3,16,19,-80.24817,43.5448,ON,pea,8
3/16/2016 19:40,2016,3,16,19,-81.31166,43.88795,ON,pea,8
3/16/2016 19:40,2016,3,16,19,-80.37783,43.70595,ON,pea,8
3/16/2016 19:55,2016,3,16,19,-81.53377,43.14703,ON,pea,8
3/16/2016 19:56,2016,3,16,19,-80.98223,43.37,ON,pea,8
6/5/2016 16:21,2016,6,5,16,-81.86234,42.81909,ON,nickel,21
6/17/2016 7:00,2016,6,17,7,-98.91845,49.48753,MB,estimated 28mm,28
6/19/2016 14:30,2016,6,19,14,-93.39553,48.60995,ON,estimated 19mm,19
6/19/2016 15:10,2016,6,19,15,-93.18867,48.67818,ON,toonie,28
6/19/2016 16:50,2016,6,19,16,-91.02379,48.68802,ON,ping pong,40
6/19/2016 20:00,2016,6,19,20,-89.79665,48.32402,ON,large,25
6/19/2016 23:51,2016,6,19,23,-94.48939,49.76704,ON,golf ball,43
6/20/2016 0:30,2016,6,20,0,-93.39011,49.8606,ON,golf ball,43
6/20/2016 0:30,2016,6,20,0,-93.00356,49.88022,ON,baseball,74
6/20/2016 20:20,2016,6,20,20,-79.64378,44.70994,ON,golf ball,43
6/20/2016 20:20,2016,6,20,20,-78.81173,44.72745,ON,toonie,28
6/20/2016 21:15,2016,6,20,21,-78.08809,44.7528,ON,estimated 1 inch,25
6/20/2016 21:20,2016,6,20,21,-77.28288,45.89826,ON,dime,18
6/20/2016 23:26,2016,6,20,23,-77.10836,44.22928,ON,golf ball,43
6/20/2016 23:51,2016,6,20,23,-77.57631,44.10113,ON,nickel,21
6/21/2016 0:44,2016,6,21,0,-76.95758,44.24662,ON,dime,18
6/21/2016 1:02,2016,6,21,1,-81.19687,43.4678,ON,ping pong,40
6/21/2016 1:23,2016,6,21,1,-79.24826,42.99216,ON,quarter,24
6/22/2016 15:00,2016,6,22,15,-64.45665,44.73701,NS,marble,16
6/24/2016 21:45,2016,6,24,21,-114.21629,51.08456,AB,pea,8
6/29/2016 15:15,2016,6,29,15,-92.307,50.28923,ON,dime,18
7/2/2016 17:00,2016,7,2,17,-67.61667,46.2,NB,pea,8
7/2/2016 19:30,2016,7,2,19,-66.68482,45.891,NB,nickel,21
7/2/2016 19:30,2016,7,2,19,-66.75164,45.89028,NB,nickel,21
7/5/2016 0:00,2016,7,5,0,-94.36277,49.7885,ON,estimated 20mm,20
7/8/2016 22:00,2016,7,8,22,-80.55042,44.26185,ON,golf ball,43
7/8/2016 22:56,2016,7,8,22,-81.69601,43.56091,ON,dime,18
7/8/2016 23:00,2016,7,8,23,-80.45294,44.56179,ON,larger than toonie,32
7/8/2016 23:45,2016,7,8,23,-83.03636,42.31494,ON,pea,8
7/9/2016 0:24,2016,7,9,0,-79.56191,44.12022,ON,golf ball,43
7/9/2016 3:45,2016,7,9,3,-113.1865,52.39949,AB,nickel,21
7/12/2016 20:30,2016,7,12,20,-63.28694,45.36577,NS,dime,18
7/18/2016 23:32,2016,7,18,23,-114.87966,49.73447,BC,unknown,28
7/22/2016 22:35,2016,7,22,22,-76.78307,45.56633,ON,penny,19
7/23/2016 22:20,2016,7,23,22,-63.90953,44.64071,NS,unknown,
7/30/2016 22:40,2016,7,30,22,-54.60332,48.9698,NL,small,5
8/2/2016 0:20,2016,8,2,0,-118.44514,49.03009,BC,loonie,26.5
8/3/2016 1:00,2016,8,3,1,-118,49,BC,nickel,21
8/3/2016 20:20,2016,8,3,20,-79.98957,46.6395,ON,quarter,24
8/23/2016 2:21,2016,8,23,2,-107.03122,53.83348,SK,marble,16
8/23/2016 23:00,2016,8,23,23,-90.23873,51.23465,ON,estimated 60mm,60
9/2/2016 20:40,2016,9,2,20,-114.07085,51.04862,AB,dime,18
9/2/2016 23:12,2016,9,2,23,-104.41496,50.36731,SK,toonie,28
9/10/2016 22:48,2016,9,10,22,-77.34964,43.95175,ON,nickel,21
9/12/2016 22:00,2016,9,12,22,-89.58511,48.53274,ON,estimated 30mm,30
11/21/2016 15:00,2016,11,21,15,-66.51508,45.83729,NB,small,5
3/27/2017 23:10,2017,3,27,23,-119.49601,49.88795,BC,pea,8
4/20/2017 20:20,2017,4,20,20,-82.73964,42.03787,ON,estimated 2 inches,51
4/20/2017 20:45,2017,4,20,20,-82.59989,42.05316,ON,quarter,24
5/18/2017 18:00,2017,5,18,18,-79.4504,44.00648,ON,quarter,24
5/18/2017 18:00,2017,5,18,18,-79.46126,44.05919,ON,nickel,21
5/18/2017 22:00,2017,5,18,22,-79.46126,44.05919,ON,nickel,21
5/18/2017 22:00,2017,5,18,22,-79.4504,44.00648,ON,quarter,24
5/25/2017 22:00,2017,5,25,22,-115.02033,51.10388,AB,marble,16
5/29/2017 20:41,2017,5,29,20,-82.40013,49.38027,ON,dime,18
5/29/2017 22:40,2017,5,29,22,-81.24528,42.98492,ON,estimated 1 inch,25
5/30/2017 18:00,2017,5,30,18,-80.71111,43.37946,ON,nickel,21
5/30/2017 18:13,2017,5,30,18,-80.50627,43.54453,ON,estimated 19mm,19
5/31/2017 15:20,2017,5,31,15,-70.92329,46.37759,QC,estimated 19mm,19
5/31/2017 18:00,2017,5,31,18,-71.06039,46.40651,QC,nickel,21
5/31/2017 22:00,2017,5,31,22,-115.40259,54.71605,AB,quarter,24
6/1/2017 18:30,2017,6,1,18,-67.69777,46.74581,NB,unknown,
6/2/2017 18:05,2017,6,2,18,-62.64512,45.58717,NS,pea,8
6/3/2017 15:00,2017,6,3,15,-64.73469,45.04523,NS,unknown,
6/3/2017 15:30,2017,6,3,15,-60.60059,46.19473,NS,pea,8
6/3/2017 20:00,2017,6,3,20,-67.06795,45.11701,NB,pea,8
6/4/2017 1:40,2017,6,4,1,-117.13516,58.51635,AB,toonie,28
6/9/2017 17:30,2017,6,9,17,-69.09649,47.5924,QC,estimated 10mm,10
6/10/2017 22:50,2017,6,10,22,-89.41278,48.1583,ON,estimated 80mm,80
6/10/2017 22:55,2017,6,10,22,-89.24768,48.3809,ON,nickel,21
6/11/2017 21:00,2017,6,11,21,-94.48939,49.76704,ON,estimated 20mm,20
6/13/2017 0:00,2017,6,13,0,-66.06331,45.27332,NB,small,5
6/16/2017 19:30,2017,6,16,19,-77.90273,46.19061,ON,dime,18
6/16/2017 22:05,2017,6,16,22,-77.11088,45.82665,ON,penny,19
6/17/2017 17:50,2017,6,17,17,-79.68315,44.00087,ON,loonie,26.5
6/18/2017 19:50,2017,6,18,19,-71.52394,48.44755,QC,estimated 25mm,25
6/19/2017 20:15,2017,6,19,20,-82.42923,42.2644,ON,penny,19
6/20/2017 19:40,2017,6,20,19,-78.89692,43.85745,ON,nickel,21
6/20/2017 21:10,2017,6,20,21,-115.31684,53.0999,AB,small,5
6/20/2017 21:20,2017,6,20,21,-115.03778,53.16344,AB,quarter,24
6/21/2017 16:30,2017,6,21,16,-67.65724,46.17547,NB,pea,8
6/23/2017 18:30,2017,6,23,18,-83.66696,49.68802,ON,pea,8
6/25/2017 18:00,2017,6,25,18,-76.29043,45.33303,ON,estimated 30mm,30
6/25/2017 19:15,2017,6,25,19,-72.48428,45.88029,QC,small,5
6/25/2017 20:25,2017,6,25,20,-73.17513,45.78249,QC,small,5
6/26/2017 19:50,2017,6,26,19,-79.47601,43.15709,ON,dime,18
6/26/2017 23:10,2017,6,26,23,-79.37608,43.13764,ON,quarter,24
6/27/2017 16:30,2017,6,27,16,-75.84396,45.39451,QC,estimated 20mm,20
6/27/2017 17:30,2017,6,27,17,-71.24646,46.73823,QC,estimated 20mm,20
6/27/2017 18:30,2017,6,27,18,-73.51071,45.53694,QC,estimated 20mm,20
6/27/2017 18:40,2017,6,27,18,-71.06849,48.42805,QC,estimated 20mm,20
6/27/2017 22:00,2017,6,27,22,-71.3855,46.69524,QC,estimated 10mm,10
6/27/2017 22:00,2017,6,27,22,-67.62927,46.8542,NB,quarter,24
6/27/2017 22:00,2017,6,27,22,-67.39553,46.90825,NB,nickel,21
6/27/2017 22:20,2017,6,27,22,-71.28647,46.89973,QC,estimated 20mm,20
6/28/2017 2:00,2017,6,28,2,-73.68858,45.44135,QC,estimated 25mm,25
6/28/2017 15:00,2017,6,28,15,-73.32992,46.17249,QC,estimated 10mm,10
6/28/2017 17:30,2017,6,28,17,-71.36413,46.996,QC,estimated 20mm,20
6/28/2017 17:30,2017,6,28,17,-71.18868,46.86156,QC,estimated 20mm,20
6/28/2017 17:30,2017,6,28,17,-71.24646,46.73823,QC,estimated 20mm,20
6/28/2017 18:00,2017,6,28,18,-71.67187,48.69063,QC,estimated 10mm,10
6/28/2017 18:40,2017,6,28,18,-79.72247,47.39533,ON,golf ball,43
6/28/2017 20:40,2017,6,28,20,-77.24117,48.3906,QC,estimated 10mm,10
6/28/2017 21:00,2017,6,28,21,-64.13104,44.99029,NS,unknown,
6/28/2017 22:00,2017,6,28,22,-66.61985,45.80299,NB,pea,8
6/28/2017 22:50,2017,6,28,22,-73.8779,45.31508,QC,estimated 20mm,20
7/3/2017 16:00,2017,7,3,16,-65.50591,47.02957,NB,dime,18
7/4/2017 23:27,2017,7,4,23,-70.15219,47.65697,QC,estimated 10mm,10
7/6/2017 1:45,2017,7,6,1,-101.04495,50.42213,MB,toonie,28
7/6/2017 2:40,2017,7,6,2,-101.24084,49.97536,MB,golf ball,43
7/6/2017 20:15,2017,7,6,20,-99.95009,49.84847,MB,severe,25
7/17/2017 5:55,2017,7,17,5,-77.4058,44.35818,ON,loonie,26.5
7/17/2017 18:00,2017,7,17,18,-72.45077,46.07658,QC,estimated 25mm,25
7/20/2017 18:00,2017,7,20,18,-73.28488,45.87817,QC,estimated 20mm,20
7/20/2017 18:30,2017,7,20,18,-73.22777,46.14954,QC,estimated 20mm,20
7/20/2017 18:50,2017,7,20,18,-73.01647,46.22811,QC,estimated 20mm,20
7/21/2017 17:30,2017,7,21,17,-71.79294,48.54327,QC,estimated 40mm,40
7/21/2017 18:10,2017,7,21,18,-71.10872,48.3092,QC,estimated 19mm,19
7/21/2017 19:50,2017,7,21,19,-71.93672,45.7741,QC,estimated 25mm,25
7/21/2017 20:30,2017,7,21,20,-68.89501,47.65725,QC,estimated 10mm,10
7/21/2017 21:00,2017,7,21,21,-69.70878,47.57428,QC,estimated 20mm,20
7/21/2017 23:00,2017,7,21,23,-62.33733,46.36005,PE,severe,25
7/21/2017 23:40,2017,7,21,23,-62.3574,46.30966,PE,estimated 28mm,28
7/31/2017 16:35,2017,7,31,16,-93.82892,51.0146,ON,golf ball,43
7/31/2017 18:30,2017,7,31,18,-73.75724,45.85244,QC,estimated 20mm,20
8/1/2017 0:20,2017,8,1,0,-66.37579,50.2133,QC,dime,18
8/1/2017 19:30,2017,8,1,19,-79.56242,43.19421,ON,quarter,24
8/2/2017 19:05,2017,8,2,19,-71.13851,48.35167,QC,estimated 20mm,20
8/2/2017 20:30,2017,8,2,20,-73.1435,46.4623,QC,estimated 10mm,10
8/2/2017 21:17,2017,8,2,21,-74.00645,45.02258,QC,estimated 30mm,30
8/2/2017 23:00,2017,8,2,23,-73.5308,45.57298,QC,estimated 15mm,15
8/3/2017 1:00,2017,8,3,1,-73.47673,45.35694,QC,estimated 10mm,10
8/3/2017 1:00,2017,8,3,1,-73.51745,45.38393,QC,estimated 10mm,10
8/3/2017 1:10,2017,8,3,1,-73.58363,45.5517,QC,estimated 10mm,10
8/12/2017 21:50,2017,8,12,21,-74.07987,45.46514,QC,estimated 30mm,30
8/12/2017 21:50,2017,8,12,21,-73.80697,45.53595,QC,estimated 19mm,19
8/12/2017 22:40,2017,8,12,22,-73.28488,45.87817,QC,dime,18
8/13/2017 18:00,2017,8,13,18,-65.07089,47.25531,NB,toonie,28
8/13/2017 21:20,2017,8,13,21,-120.22888,51.45655,BC,small,5
8/14/2017 21:00,2017,8,14,21,-77.94501,48.14526,QC,estimated 10mm,10
8/21/2017 19:50,2017,8,21,19,-71.08267,48.653,QC,small,5
8/21/2017 22:15,2017,8,21,22,-69.54519,48.24351,QC,estimated 10mm,10
8/22/2017 15:00,2017,8,22,15,-74.3398,45.65206,QC,ping pong,40
9/1/2017 3:59,2017,9,1,3,-102.05235,50.9382,SK,nickel,21
9/25/2017 22:55,2017,9,25,22,-81.02993,49.06503,ON,quarter,24
6/13/2018 18:55,2018,6,13,18,-80.59747,42.98766,ON,quarter,24
6/25/2018 15:40,2018,6,25,15,-70.6563,45.95951,QC,estimated 10mm,10
6/25/2018 17:00,2018,6,25,17,-70.50546,46.39921,QC,estimated 10mm,10
6/25/2018 17:45,2018,6,25,17,-71.38857,46.79077,QC,estimated 15mm,15
6/29/2018 20:20,2018,6,29,20,-72.47713,46.38682,QC,cochonnet,30
6/29/2018 20:40,2018,6,29,20,-72.43244,46.21363,QC,estimated 38mm,38
6/29/2018 21:10,2018,6,29,21,-72.2492,46.11189,QC,estimated 20mm,20
6/29/2018 21:20,2018,6,29,21,-72.54207,46.34298,QC,estimated 20mm,20
6/30/2018 10:00,2018,6,30,10,-79.69643,46.00402,ON,nickel,21
6/30/2018 14:00,2018,6,30,14,-84.07828,46.80697,ON,estimated 60mm,60
7/1/2018 2:10,2018,7,1,2,-73.95515,45.39332,QC,nickel,21
7/8/2018 1:30,2018,7,8,1,-93.99721,51.80176,ON,hen egg,50
7/10/2018 18:54,2018,7,10,18,-76.38408,44.43177,ON,quarter,24
7/10/2018 19:40,2018,7,10,19,-64.05972,46.79725,PE,nickel,21
7/18/2018 18:40,2018,7,18,18,-82.19104,42.4048,ON,nickel,21
7/26/2018 3:47,2018,7,26,3,-114.85097,51.16154,AB,loonie,26.5
7/26/2018 4:10,2018,7,26,4,-114.85097,51.07161,AB,quarter,24
7/26/2018 18:10,2018,7,26,18,-81.43179,43.12696,ON,golf ball,43
7/26/2018 18:40,2018,7,26,18,-82.19104,42.4048,ON,nickel,21
7/26/2018 19:01,2018,7,26,19,-79.41968,44.60825,ON,estimated 40mm,40
7/26/2018 19:05,2018,7,26,19,-81.99984,42.33801,ON,toonie,28
7/26/2018 19:40,2018,7,26,19,-80.74717,43.1315,ON,nickel,21
7/26/2018 20:08,2018,7,26,20,-79.34092,43.74485,ON,toonie,28
7/26/2018 20:14,2018,7,26,20,-79.23175,43.77643,ON,toonie,28
7/26/2018 20:30,2018,7,26,20,-79.68608,47.39533,ON,nickel,21
7/26/2018 21:05,2018,7,26,21,-114.45838,49.61905,AB,quarter,24
7/26/2018 21:30,2018,7,26,21,-79.8774,43.5183,ON,unknown,
7/26/2018 22:25,2018,7,26,22,-78.80756,44.80703,ON,golf ball,43
7/26/2018 22:45,2018,7,26,22,-78.72537,44.92718,ON,baseball,74
7/26/2018 23:31,2018,7,26,23,-81.0735,42.96311,ON,ping pong,40
7/27/2018 0:00,2018,7,27,0,-80.79247,42.95852,ON,half dollar,31
7/30/2018 22:10,2018,7,30,22,-81.52711,47.79865,ON,nickel,21
8/3/2018 19:00,2018,8,3,19,-72.72705,46.69766,QC,marble,16
8/7/2018 13:50,2018,8,7,13,-64.72426,46.47228,NB,estimated 10mm,10
8/10/2018 17:40,2018,8,10,17,-64.09948,46.40236,PE,ping pong,40
8/10/2018 19:00,2018,8,10,19,-63.64383,46.28605,PE,larger than toonie,32
8/10/2018 19:00,2018,8,10,19,-63.27739,46.26292,PE,smaller than golf ball,35
8/10/2018 23:00,2018,8,10,23,-57.61049,47.61341,NL,estimated 21mm,21
8/15/2018 21:15,2018,8,15,21,-76.33613,44.36069,ON,nickel,21
8/15/2018 21:45,2018,8,15,21,-76.16186,44.33062,ON,quarter,24
8/29/2018 18:00,2018,8,29,18,-71.30555,46.10283,QC,golf ball,43
9/3/2018 17:25,2018,9,3,17,-72.04181,45.34162,QC,estimated 40mm,40
9/3/2018 17:35,2018,9,3,17,-72.93563,45.3566,QC,estimated 30mm,30
9/13/2018 12:30,2018,9,13,12,-94.48825,49.76548,ON,estimated 30mm,30
9/21/2018 20:50,2018,9,21,20,-76.21424,45.47185,ON,tennis,67
5/15/2019 21:25,2019,5,15,21,-79.21675,45.32693,ON,pea,8
5/15/2019 22:47,2019,5,15,22,-79.38318,43.65323,ON,pea,8
6/1/2019 16:05,2019,6,1,16,-82.40583,42.47273,ON,estimated 21mm,21
6/2/2019 21:29,2019,6,2,21,-75.56147,45.52095,QC,estimated 15mm,15
6/2/2019 22:20,2019,6,2,22,-75.24327,45.59719,QC,estimated 21mm,21
6/2/2019 23:10,2019,6,2,23,-74.86489,45.64416,QC,estimated 20mm,20
6/2/2019 23:10,2019,6,2,23,-74.8982,45.63894,ON,estimated 30mm,30
6/7/2019 0:00,2019,6,7,0,-120.88287,51.53208,BC,unknown,
6/18/2019 18:00,2019,6,18,18,-73.52983,46.23384,QC,estimated 21mm,21
6/24/2019 18:30,2019,6,24,18,-120.51102,50.49123,BC,unknown,
6/27/2019 18:10,2019,6,27,18,-70.50408,47.44241,QC,estimated 20mm,20
6/27/2019 20:30,2019,6,27,20,-80.05501,48.18399,ON,estimated 26mm,26
6/27/2019 21:00,2019,6,27,21,-80.03303,48.15101,ON,estimated 21mm,21
6/27/2019 21:50,2019,6,27,21,-71.23955,48.4236,QC,estimated 25mm,25
6/27/2019 23:00,2019,6,27,23,-71.13988,46.49667,QC,estimated 20mm,20
6/27/2019 23:00,2019,6,27,23,-73.89036,45.46101,QC,estimated 20mm,20
6/27/2019 23:50,2019,6,27,23,-70.80699,46.65301,QC,estimated 20mm,20
6/28/2019 1:10,2019,6,28,1,-74.07658,45.71822,QC,estimated 20mm,20
6/28/2019 1:20,2019,6,28,1,-73.98014,45.62488,QC,estimated 25mm,25
6/30/2019 17:40,2019,6,30,17,-71.13851,48.35167,QC,estimated 25mm,25
7/3/2019 21:55,2019,7,3,21,-67.03235,45.84816,NB,quarter,24
7/9/2019 18:00,2019,7,9,18,-54.61035,48.95441,NL,pea,8
7/11/2019 21:15,2019,7,11,21,-75.08937,45.3107,ON,quarter,24
7/11/2019 21:20,2019,7,11,21,-75.08937,45.3107,ON,quarter,24
7/14/2019 18:45,2019,7,14,18,-65.2701,47.52954,NB,nickel,21
7/14/2019 19:40,2019,7,14,19,-64.68963,47.72722,NB,nickel,21
7/14/2019 19:40,2019,7,14,19,-64.62346,47.739,NB,nickel,21
7/19/2019 17:20,2019,7,19,17,-81.26725,43.05872,ON,estimated 50mm,50
7/25/2019 18:50,2019,7,25,18,-94.48939,49.76704,ON,quarter,24
7/26/2019 20:41,2019,7,26,20,-91.61817,48.75975,ON,quarter,24
7/26/2019 22:50,2019,7,26,22,-90.06667,48.63333,ON,ping pong,40
8/3/2019 1:30,2019,8,3,1,-113.57299,53.51027,AB,baseball,74
8/3/2019 17:30,2019,8,3,17,-66.93207,47.96899,NB,nickel,21
8/3/2019 17:40,2019,8,3,17,-66.77838,47.98528,NB,nickel,21
8/4/2019 17:30,2019,8,4,17,-55.6575,48.92767,NL,small,5
8/9/2019 16:15,2019,8,9,16,-72.95676,46.48849,QC,estimated 20mm,20
8/9/2019 16:24,2019,8,9,16,-70.94266,45.66597,QC,dime,18
8/9/2019 16:36,2019,8,9,16,-73.08652,46.25336,QC,estimated 10mm,10
8/9/2019 16:42,2019,8,9,16,-72.82234,46.5001,QC,estimated 20mm,20
8/9/2019 18:00,2019,8,9,18,-72.39549,46.86185,QC,estimated 15mm,15
8/9/2019 18:20,2019,8,9,18,-71.30555,46.10283,QC,quarter,24
8/9/2019 19:18,2019,8,9,19,-71.95896,46.05567,QC,estimated 20mm,20
8/9/2019 20:12,2019,8,9,20,-70.82313,46.8926,QC,estimated 15mm,15
8/9/2019 20:34,2019,8,9,20,-77.50787,44.12089,ON,nickel,21
8/10/2019 16:30,2019,8,10,16,-64.91551,46.06437,NB,estimated 21mm,21
8/10/2019 17:40,2019,8,10,17,-64.5647,46.237,NB,estimated 38mm,38
8/10/2019 18:30,2019,8,10,18,-64.74866,46.09528,NB,estimated 24mm,24
8/10/2019 19:30,2019,8,10,19,-60.32608,53.30168,NL,small,5
8/10/2019 20:25,2019,8,10,20,-72.65654,46.48759,QC,estimated 15mm,15
8/11/2019 17:30,2019,8,11,17,-57.58937,49.01304,NL,estimated 18mm,18
8/12/2019 20:25,2019,8,12,20,-74.75282,45.49307,ON,estimated 30mm,30
8/12/2019 21:50,2019,8,12,21,-71.26229,49.88827,QC,estimated 15mm,15
8/13/2019 1:30,2019,8,13,1,-70.90548,48.45102,QC,estimated 10mm,10
8/13/2019 1:50,2019,8,13,1,-69.33189,47.8979,QC,dime,18
8/13/2019 2:00,2019,8,13,2,-69.19441,47.95185,QC,dime,18
8/13/2019 23:00,2019,8,13,23,-57.91515,49.59048,NL,pea,8
8/15/2019 18:30,2019,8,15,18,-82.71522,42.14282,ON,smaller than golf ball,35
8/17/2019 18:54,2019,8,17,18,-79.52901,44.46856,ON,estimated 50mm,50
9/23/2019 22:35,2019,9,23,22,-74.482,46.11041,QC,estimated 20mm,20
10/1/2019 17:49,2019,10,1,17,-75.00778,44.9555,ON,larger than quarter,27
10/16/2019 7:55,2019,10,16,7,-80.39569,43.69478,ON,dime,18
10/16/2019 8:15,2019,10,16,8,-80.09431,43.91998,ON,pea,8
3/29/2020 17:30,2020,3,29,17,-79.32876,43.03722,ON,pea,8
3/29/2020 17:55,2020,3,29,17,-80.92217,43.56581,ON,small,5
4/8/2020 1:26,2020,4,8,1,-81.30947,43.0189,ON,golf ball,43
4/8/2020 1:35,2020,4,8,1,-82.42809,42.5936,ON,loonie,26.5
4/8/2020 1:45,2020,4,8,1,-82.31429,42.48849,ON,estimated 20mm,20
4/8/2020 1:56,2020,4,8,1,-80.74293,42.8528,ON,quarter,24
4/8/2020 2:00,2020,4,8,2,-83.08725,42.04539,ON,pea,8
4/8/2020 2:03,2020,4,8,2,-82.0386,42.40582,ON,nickel,21
4/9/2020 18:10,2020,4,9,18,-83.03636,42.31494,ON,marble,16
4/9/2020 19:00,2020,4,9,19,-81.50271,42.66379,ON,marble,16
4/19/2020 23:26,2020,4,19,23,-75.64595,45.01639,ON,pea,8
5/3/2020 22:30,2020,5,3,22,-73.35271,46.35913,QC,marble,16
5/3/2020 23:35,2020,5,3,23,-72.94322,46.25599,QC,dime,18
5/3/2020 23:45,2020,5,3,23,-72.50671,46.36225,QC,estimated 10mm,10
5/4/2020 0:00,2020,5,4,0,-72.43506,46.35062,QC,marble,16
5/26/2020 20:33,2020,5,26,20,-80.93142,48.61814,ON,golf ball,43
5/26/2020 20:48,2020,5,26,20,-80.79405,48.54448,ON,loonie,26.5
5/26/2020 21:41,2020,5,26,21,-80.32974,48.4292,ON,unknown,
5/28/2020 18:00,2020,5,28,18,-65.04978,47.52822,NB,loonie,26.5
5/28/2020 18:00,2020,5,28,18,-65.01529,47.50478,NB,quarter,24
5/28/2020 18:00,2020,5,28,18,-65.17089,47.52584,NB,loonie,26.5
6/3/2020 0:45,2020,6,3,0,-81.51301,43.9634,ON,loonie,26.5
6/3/2020 0:50,2020,6,3,0,-81.40462,43.91821,ON,loonie,26.5
6/3/2020 1:20,2020,6,3,1,-79.46284,43.86584,ON,estimated 20mm,20
6/3/2020 1:30,2020,6,3,1,-81.31166,43.88795,ON,marble,16
6/3/2020 2:04,2020,6,3,2,-80.7074,43.75779,ON,quarter,24
6/3/2020 2:06,2020,6,3,2,-80.73028,43.68573,ON,nickel,21
6/3/2020 2:08,2020,6,3,2,-80.7542,43.64851,ON,estimated 15mm,15
6/3/2020 2:35,2020,6,3,2,-79.65155,43.54523,ON,loonie,26.5
6/3/2020 2:36,2020,6,3,2,-79.63189,43.52306,ON,estimated 20mm,20
6/3/2020 2:36,2020,6,3,2,-79.64283,43.5574,ON,estimated 1 inch,25
6/3/2020 2:39,2020,6,3,2,-79.58563,43.55162,ON,quarter,24
6/3/2020 3:10,2020,6,3,3,-78.94735,42.94395,ON,golf ball,43
6/3/2020 3:30,2020,6,3,3,-79.24826,42.99216,ON,quarter,24
6/3/2020 21:38,2020,6,3,21,-77.22743,44.19492,ON,quarter,24
6/5/2020 16:20,2020,6,5,16,-79.46284,43.86584,ON,estimated 20mm,20
6/6/2020 17:15,2020,6,6,17,-79.11637,45.14875,ON,pea,8
6/6/2020 18:55,2020,6,6,18,-77.38323,44.16276,ON,estimated 15mm,15
6/6/2020 19:55,2020,6,6,19,-71.25434,46.15335,QC,estimated 30mm,30
6/6/2020 19:55,2020,6,6,19,-71.30555,46.10283,QC,estimated 30mm,30
6/6/2020 20:30,2020,6,6,20,-70.93905,46.05546,QC,estimated 10mm,10
6/6/2020 22:15,2020,6,6,22,-76.99256,44.32203,ON,ice cube,29
6/6/2020 22:15,2020,6,6,22,-76.98426,44.29759,ON,estimated 10mm,10
6/8/2020 3:30,2020,6,8,3,-94.55658,49.75864,ON,marble,16
6/8/2020 4:00,2020,6,8,4,-93.39011,49.8606,ON,pea,8
6/9/2020 17:00,2020,6,9,17,-63.17761,46.29386,PE,pea,8
6/10/2020 20:00,2020,6,10,20,-83.02503,42.26737,ON,golf ball,43
6/10/2020 21:36,2020,6,10,21,-83.10248,42.23554,ON,walnut,35
6/10/2020 21:39,2020,6,10,21,-83.01667,42.3167,ON,estimated 50mm,50
6/10/2020 21:39,2020,6,10,21,-83.01113,42.31324,ON,estimated 50mm,50
6/18/2020 3:45,2020,6,18,3,-87.35953,52.98453,ON,estimated 15mm,15
6/19/2020 18:25,2020,6,19,18,-79.56295,44.1149,ON,pea,8
6/19/2020 21:30,2020,6,19,21,-73.57632,45.24209,QC,marble,16
6/21/2020 19:30,2020,6,21,19,-71.02132,46.43903,QC,pea,8
6/21/2020 19:48,2020,6,21,19,-80.92269,43.44443,ON,nickel,21
6/27/2020 23:18,2020,6,27,23,-82.73964,42.03787,ON,quarter,24
6/28/2020 22:45,2020,6,28,22,-75.69719,45.42153,ON,quarter,24
7/3/2020 21:30,2020,7,3,21,-91.33333,52.95,ON,estimated 20mm,20
7/3/2020 23:00,2020,7,3,23,-66.876,50.02125,QC,estimated 24mm,24
7/4/2020 23:10,2020,7,4,23,-82.54167,49.44583,ON,estimated 20mm,20
7/5/2020 2:05,2020,7,5,2,-80.6474,47.9392,ON,estimated 20mm,20
7/5/2020 2:10,2020,7,5,2,-79.65812,47.51487,ON,walnut,35
7/5/2020 20:40,2020,7,5,20,-70.27167,49.66167,QC,mothball,15
7/8/2020 16:30,2020,7,8,16,-75.0191,45.61928,QC,estimated 30mm,30
7/8/2020 18:40,2020,7,8,18,-72.90242,45.50202,QC,estimated 20mm,20
7/8/2020 18:40,2020,7,8,18,-72.2021,45.36334,QC,estimated 10mm,10
7/8/2020 18:50,2020,7,8,18,-73.59822,45.45587,QC,small,5
7/8/2020 21:20,2020,7,8,21,-72.54598,49.00334,QC,estimated 30mm,30
7/9/2020 17:00,2020,7,9,17,-65.91813,46.93015,NB,loonie,26.5
7/9/2020 18:30,2020,7,9,18,-60.32608,53.30168,NL,shot,8
7/9/2020 19:00,2020,7,9,19,-67.39213,47.51192,NB,nickel,21
7/9/2020 21:00,2020,7,9,21,-65.50591,47.02957,NB,pea,8
7/29/2020 15:45,2020,7,29,15,-72.33588,48.59322,QC,estimated 12mm,12
7/29/2020 22:30,2020,7,29,22,-64.61271,46.33092,NB,toonie,28
7/29/2020 22:50,2020,7,29,22,-73.38333,46.26667,QC,marble,16
7/30/2020 21:05,2020,7,30,21,-70.67035,46.12292,QC,estimated 12mm,12
7/30/2020 21:30,2020,7,30,21,-73.49248,45.84697,QC,estimated 12mm,12
8/15/2020 23:41,2020,8,15,23,-94.55658,49.75864,ON,estimated 15mm,15
8/17/2020 19:20,2020,8,17,19,-77.28288,45.89826,ON,golf ball,43
8/17/2020 19:52,2020,8,17,19,-76.68333,45.73333,QC,estimated 10mm,10
8/18/2020 1:00,2020,8,18,1,-72.1341,48.32566,QC,estimated 10mm,10
8/18/2020 1:15,2020,8,18,1,-71.65277,48.55046,QC,estimated 10mm,10
8/18/2020 17:05,2020,8,18,17,-73.4214,46.05371,QC,estimated 21mm,21
9/30/2020 20:27,2020,9,30,20,-79.71956,43.22722,ON,estimated 18mm,18
9/30/2020 21:20,2020,9,30,21,-79.95375,43.17084,ON,estimated 18mm,18
10/23/2020 19:17,2020,10,23,19,-80.87152,43.91346,ON,loonie,26.5
10/23/2020 19:29,2020,10,23,19,-80.73587,43.98109,ON,golf ball,43
10/23/2020 19:38,2020,10,23,19,-79.93368,44.76877,ON,tennis,67
10/23/2020 19:38,2020,10,23,19,-79.89219,44.74952,ON,hen egg,50
10/23/2020 19:44,2020,10,23,19,-80.2169,44.50077,ON,ping pong,40
10/23/2020 20:01,2020,10,23,20,-79.92654,44.65372,ON,ping pong,40
10/23/2020 20:06,2020,10,23,20,-79.85494,44.67565,ON,golf ball,43
10/23/2020 20:20,2020,10,23,20,-79.75723,44.74141,ON,golf ball,43
10/23/2020 20:21,2020,10,23,20,-79.71774,44.75513,ON,ping pong,40
10/23/2020 20:48,2020,10,23,20,-79.3175,44.83964,ON,quarter,24
10/23/2020 21:10,2020,10,23,21,-79.73022,44.44714,ON,estimated 20mm,20
10/23/2020 21:15,2020,10,23,21,-79.68402,44.48199,ON,quarter,24
10/23/2020 21:30,2020,10,23,21,-79.41968,44.60825,ON,estimated 40mm,40
10/23/2020 21:36,2020,10,23,21,-79.34399,44.65325,ON,estimated 10mm,10
10/23/2020 22:14,2020,10,23,22,-80.18722,44.22284,ON,nickel,21
10/23/2020 22:29,2020,10,23,22,-80.09365,44.01295,ON,nickel,21
10/23/2020 22:54,2020,10,23,22,-79.68072,44.26262,ON,quarter,24
3/11/2021 21:50,2021,3,11,21,-80.46869,43.55867,ON,nickel,21
3/11/2021 22:04,2021,3,11,22,-79.42191,44.3111,ON,nickel,21
3/25/2021 3:10,2021,3,25,3,-79.07726,43.255,ON,ping pong,40
3/25/2021 3:57,2021,3,25,3,-79.24686,43.15937,ON,half dollar,31
4/25/2021 19:12,2021,4,25,19,-75.89868,45.30882,ON,pea,8
4/25/2021 19:40,2021,4,25,19,-75.68195,45.31921,ON,estimated 10mm,10
4/25/2021 19:44,2021,4,25,19,-75.68317,45.28153,ON,pea,8
4/25/2021 19:48,2021,4,25,19,-75.59885,45.3184,ON,pea,8
4/25/2021 20:42,2021,4,25,20,-75.08937,45.3107,ON,pea,8
4/27/2021 20:20,2021,4,27,20,-79.30788,45.03896,ON,estimated 10mm,10
4/27/2021 23:11,2021,4,27,23,-81.48057,43.34728,ON,estimated 10mm,10
4/27/2021 23:23,2021,4,27,23,-79.41968,44.60825,ON,pea,8
5/16/2021 17:30,2021,5,16,17,-64.72876,44.54555,NS,pea,8
5/17/2021 19:00,2021,5,17,19,-63.9219,44.98968,NS,marble,16
5/18/2021 21:00,2021,5,18,21,-64.35253,45.06794,NS,small,5
5/18/2021 22:30,2021,5,18,22,-64.56618,44.30314,NS,small,5
5/20/2021 23:40,2021,5,20,23,-104.57363,50.4415,SK,pea,8
6/4/2021 21:10,2021,6,4,21,-92.307,50.28923,ON,severe,25
6/5/2021 0:19,2021,6,5,0,-89.44957,48.68062,ON,quarter,24
6/5/2021 19:10,2021,6,5,19,-114.12681,50.94793,AB,pea,8
6/5/2021 22:00,2021,6,5,22,-114.37179,62.45397,NT,pea,8
6/10/2021 13:35,2021,6,10,13,-110.09167,50.47094,AB,nickel,21
6/10/2021 16:00,2021,6,10,16,-60.22363,46.1437,NS,pea,8
6/13/2021 23:18,2021,6,13,23,-79.14885,43.08326,ON,nickel,21
6/19/2021 18:30,2021,6,19,18,-68.17399,47.39268,NB,estimated 40mm,40
6/19/2021 20:00,2021,6,19,20,-67.39213,47.51192,NB,dime,18
6/29/2021 18:40,2021,6,29,18,-80.31443,43.36162,ON,marble,16
6/29/2021 19:15,2021,6,29,19,-79.38318,43.65323,ON,quarter,24
6/29/2021 21:20,2021,6,29,21,-80.52041,43.46426,ON,quarter,24
7/1/2021 18:49,2021,7,1,18,-63.60471,44.97773,NS,unknown,
7/1/2021 22:25,2021,7,1,22,-79.95813,43.3363,ON,quarter,24
7/6/2021 2:30,2021,7,6,2,-113.30186,49.19878,AB,dime,18
7/11/2021 1:30,2021,7,11,1,-105,50.81195,SK,marble,16
7/16/2021 1:29,2021,7,16,1,-101.23799,50.42099,MB,pea,8
7/18/2021 4:30,2021,7,18,4,-105.18348,53.75769,SK,estimated 25mm,25
7/19/2021 12:00,2021,7,19,12,-99.46677,50.2277,MB,estimated 45mm,45
7/19/2021 14:36,2021,7,19,14,-99.61227,49.10316,MB,pea,8
7/19/2021 15:30,2021,7,19,15,-98.08889,49.13763,MB,pea,8
7/22/2021 19:20,2021,7,22,19,-114.86305,52.38629,AB,pea,8
7/27/2021 16:09,2021,7,27,16,-64.13104,44.99029,NS,nickel,21
7/27/2021 20:18,2021,7,27,20,-61.2652,45.72445,NS,pea,8
7/29/2021 16:25,2021,7,29,16,-113.12583,54.0363,AB,dime,18
8/7/2021 17:40,2021,8,7,17,-102.93977,55.17153,SK,large,25
8/19/2021 5:15,2021,8,19,5,-99.03887,51.02604,MB,pea,8
8/23/2021 5:06,2021,8,23,5,-106.83043,51.9109,SK,pea,8
8/23/2021 21:10,2021,8,23,21,-113.37505,50.6243,AB,pea,8
8/24/2021 2:35,2021,8,24,2,-104.72254,50.09793,SK,dime,18
8/24/2021 3:30,2021,8,24,3,-107.99605,51.44861,SK,marble,16
8/24/2021 9:45,2021,8,24,9,-100.00272,49.76197,MB,quarter,24
8/24/2021 11:00,2021,8,24,11,-99.67147,49.54603,MB,pea,8
9/1/2021 4:00,2021,9,1,4,-112.13333,51.45,AB,unknown,
9/7/2021 21:17,2021,9,7,21,-80.92728,44.05174,ON,toonie,28
9/14/2021 21:45,2021,9,14,21,-80.08548,45.41168,ON,ping pong,40
9/14/2021 21:45,2021,9,14,21,-81.26508,44.6296,ON,ping pong,40
4/22/2022 16:00,2022,4,22,16,-64.31884,44.37701,NS,unknown,
5/8/2022 20:00,2022,5,8,20,-103.6246,50.69592,SK,unknown,7
5/26/2022 22:12,2022,5,26,22,-99.84265,51.14702,MB,dime,18
5/26/2022 22:24,2022,5,26,22,-99.78,51.06222,MB,dime,18
6/5/2022 18:00,2022,6,5,18,-66.68482,45.891,NB,dime,18
6/11/2022 0:30,2022,6,11,0,-106.33183,52.66226,SK,pea,8
6/12/2022 22:40,2022,6,12,22,-105.76519,53.38619,SK,pea,8
6/19/2022 21:00,2022,6,19,21,-114.07188,51.04473,AB,pea,8
6/21/2022 0:30,2022,6,21,0,-119.15,55.93333,AB,blueberry,10
6/22/2022 21:52,2022,6,22,21,-104.68348,53.4895,SK,dime,18
6/23/2022 13:35,2022,6,23,13,-113.77311,52.24207,AB,pea,8
6/23/2022 20:00,2022,6,23,20,-113.9502,52.02739,AB,pea,8
6/23/2022 18:55,2022,6,23,18,-111.92597,51.64442,AB,pea,8
6/23/2022 21:46,2022,6,23,21,-113.42742,53.61906,AB,pea,8
6/23/2022 16:05,2022,6,23,16,-115.14721,50.91725,AB,small,5
6/29/2022 22:25,2022,6,29,22,-113.73066,52.46847,AB,pea,8
6/29/2022 22:04,2022,6,29,22,-113.79542,52.38088,AB,pea,8
6/29/2022 22:30,2022,6,29,22,-111.34674,50.28081,AB,small,5
6/29/2022 21:10,2022,6,29,21,-105.4472,51.71701,SK,loonie,26.5
6/24/2022 22:15,2022,6,24,22,-97.11077,49.67282,MB,toonie,28
6/22/2022 21:00,2022,6,22,21,-113.29574,53.54119,AB,loonie,26.5
6/23/2022 13:35,2022,6,23,13,-114.11988,51.79504,AB,pea,8
6/26/2022 21:12,2022,6,26,21,-114.07683,54.11657,AB,toonie,28
6/26/2022 23:25,2022,6,26,23,-113.49382,53.54612,AB,pea,8
6/26/2022 20:15,2022,6,26,20,-111.37904,56.72666,AB,pea,8
6/24/2022 3:10,2022,6,24,3,-100.91612,50.68849,MB,nickel,21
6/24/2022 1:39,2022,6,24,1,-101.28664,50.62447,MB,baseball,74
6/24/2022 4:12,2022,6,24,4,-100.17741,50.52797,MB,loonie,26.5
6/24/2022 3:45,2022,6,24,3,-100.57689,50.56488,MB,tennis,67
6/28/2022 0:10,2022,6,28,0,-114.793,52.5199,AB,golf ball,43
6/24/2022 6:10,2022,6,24,6,-99.08945,50.3879,MB,toonie,28
6/24/2022 7:15,2022,6,24,7,-99.96362,50.65784,MB,toonie,28
6/28/2022 0:55,2022,6,28,0,-115.2842,52.41041,AB,estimated half inch,13
6/24/2022 3:20,2022,6,24,3,-100.81087,50.66834,MB,baseball,74
6/24/2022 6:10,2022,6,24,6,-98.55801,49.53274,MB,toonie,28
6/24/2022 4:48,2022,6,24,4,-99.84506,50.49267,MB,pea,8
6/24/2022 7:30,2022,6,24,7,-99.96362,50.65784,MB,tennis,67
6/27/2022 23:43,2022,6,27,23,-98.29247,49.97357,MB,quarter,24
6/27/2022 23:40,2022,6,27,23,-98.19594,49.66697,MB,pea,8
6/28/2022 0:45,2022,6,28,0,-96.69121,49.53031,MB,pea,8
6/28/2022 1:42,2022,6,28,1,-98.77819,49.96617,MB,pea,8
6/27/2022 23:30,2022,6,27,23,-98.51452,49.88927,MB,toonie,28
6/28/2022 0:36,2022,6,28,0,-96.88918,49.59081,MB,pea,8
6/23/2022 23:35,2022,6,23,23,-107.21669,50.61125,SK,nickel,21
6/23/2022 23:50,2022,6,23,23,-102.51252,50.85091,SK,nickel,21
6/23/2022 21:49,2022,6,23,21,-109.909,50.65532,SK,pea,8
6/28/2022 1:18,2022,6,28,1,-114.55525,52.32644,AB,estimated 19mm,19
6/28/2022 2:04,2022,6,28,2,-114.73948,52.09358,AB,dime,18
6/28/2022 2:35,2022,6,28,2,-114.03466,51.93276,AB,hen egg,50
6/24/2022 2:00,2022,6,24,2,-103.73837,51.26366,SK,nickel,21
6/24/2022 2:20,2022,6,24,2,-105.25946,51.09467,SK,toonie,28
6/28/2022 1:55,2022,6,28,1,-114.1648,52.12343,AB,golf ball,43
6/24/2022 3:14,2022,6,24,3,-104.70583,50.93336,SK,dime,18
6/24/2022 4:14,2022,6,24,4,-102.47419,50.68439,SK,loonie,26.5
6/25/2022 19:35,2022,6,25,19,-106.10159,53.39661,SK,pea,8
6/25/2022 19:00,2022,6,25,19,-105.91507,53.60948,SK,pea,8
6/25/2022 23:20,2022,6,25,23,-104.6143,52.86084,SK,quarter,24
6/25/2022 22:30,2022,6,25,22,-106.67016,52.1579,SK,pea,8
7/2/2022 23:45,2022,7,2,23,-65.2701,47.52954,NB,quarter,24
7/2/2022 19:00,2022,7,2,19,-66.67221,48.0074,QC,dime,18
7/6/2022 17:50,2022,7,6,17,-101.41563,50.99318,MB,nickel,21
7/7/2022 19:45,2022,7,7,19,-114.66603,51.7327,AB,dime,18
7/8/2022 20:50,2022,7,8,20,-114.21502,52.05419,AB,nickel,21
7/8/2022 23:00,2022,7,8,23,-108.29746,52.77648,SK,pea,8
7/9/2022 2:30,2022,7,9,2,-113.36618,52.84065,AB,dime,18
7/16/2022 3:15,2022,7,16,3,-104.26878,50.49212,SK,pea,8
7/18/2022 16:35,2022,7,18,16,-112.77983,49.87776,AB,quarter,24
7/16/2022 21:00,2022,7,16,21,-114.8344,51.81406,AB,ping pong,40
7/16/2022 23:15,2022,7,16,23,-114.63378,51.70831,AB,unknown,64
7/17/2022 1:05,2022,7,17,1,-113.53627,51.38429,AB,ping pong,40
7/17/2022 1:40,2022,7,17,1,-114.11988,51.79504,AB,unknown,38
7/17/2022 1:40,2022,7,17,1,-113.79653,52.43416,AB,unknown,38
7/17/2022 3:30,2022,7,17,3,-113.88957,52.18168,AB,estimated 28mm,28
7/19/2022 23:40,2022,7,19,23,-113.14218,52.2807,AB,marble,16
7/18/2022 2:15,2022,7,18,2,-105.15562,50.39324,SK,golf ball,43
7/20/2022 2:35,2022,7,20,2,-110.77538,52.00977,AB,pea,8
7/19/2022 22:40,2022,7,19,22,-113.93622,52.46393,AB,estimated 32mm,32
7/19/2022 21:50,2022,7,19,21,-114.23567,52.63958,AB,ping pong,40
7/20/2022 1:15,2022,7,20,1,-112.38104,51.9734,AB,hen egg,50
7/17/2022 0:00,2022,7,17,0,-115.2842,52.41041,AB,pea,8
8/1/2022 23:00,2022,8,1,23,-120.99862,56.32783,BC,nickel,21
8/1/2022 22:30,2022,8,1,22,-121.20712,51.67123,BC,unknown,
8/4/2022 21:45,2022,8,4,21,-113.86483,51.09567,AB,pea,8
8/4/2022 23:15,2022,8,4,23,-114.6393,51.79707,AB,dime,18
8/1/2022 4:00,2022,8,1,4,-117.72345,53.36851,AB,pea,8
8/11/2022 22:05,2022,8,11,22,-120.81369,50.03551,BC,dime,18
8/13/2022 2:20,2022,8,13,2,-116.57448,53.56789,AB,toonie,28
8/14/2022 0:10,2022,8,14,0,-117.2809,55.06863,AB,nickel,21
8/13/2022 23:25,2022,8,13,23,-106.29149,52.3261,SK,dime,18
8/16/2022 22:20,2022,8,16,22,-102.28485,49.83249,SK,pea,8
7/4/2022 22:54,2022,7,4,22,-70.42569,48.25554,QC,estimated 15mm,15
7/15/2022 18:45,2022,7,15,18,-64.67349,48.34711,QC,marble,16
7/24/2022 18:30,2022,7,24,18,-67.39213,47.51192,NB,quarter,24
7/29/2022 21:00,2022,7,29,21,-65.01529,47.50478,NB,toonie,28
8/3/2017 0:40,2017,8,3,0,-73.61586,45.2615,QC,estimated 10mm,10
8/23/2017 16:45,2017,8,23,16,-66.37579,50.2133,QC,estimated 10mm,10
8/10/2018 18:00,2018,8,10,18,-64.53469,46.2202,NB,golf ball,43
5/17/2021 19:00,2021,5,17,19,-62.84543,45.57561,NS,quarter,24
7/18/2016 6:15,2016,7,18,6,-112.86861,49.42364,AB,pea,8
7/19/2016 9:05,2016,7,19,9,-104.58984,50.41765,SK,nickel,21
8/23/2016 2:15,2016,8,23,2,-107.03122,53.83348,SK,quarter,24
5/14/2017 19:18,2017,5,14,19,-104.04898,52.8474,SK,pea,8
5/14/2017 19:20,2017,5,14,19,-104.6143,52.86084,SK,small,5
5/14/2017 22:23,2017,5,14,22,-103.80147,51.94451,SK,marble,16
6/8/2017 23:35,2017,6,8,23,-114.50095,49.63584,AB,nickel,21
6/8/2017 23:55,2017,6,8,23,-114.43746,49.60747,AB,toonie,28
6/20/2017 21:45,2017,6,20,21,-114.89686,53.10646,AB,quarter,24
6/20/2017 22:45,2017,6,20,22,-114.89686,53.10646,AB,toonie,28
6/20/2017 23:20,2017,6,20,23,-114.13035,53.0178,AB,loonie,26.5
6/27/2017 23:21,2017,6,27,23,-114.10656,51.25536,AB,toonie,28
6/28/2017 2:55,2017,6,28,2,-111.89626,50.5855,AB,estimated 24mm,24
7/2/2017 22:00,2017,7,2,22,-113.67022,61.17091,NT,dime,18
7/3/2017 1:32,2017,7,3,1,-115.63817,54.29799,AB,dime,18
7/6/2017 1:12,2017,7,6,1,-101.67572,50.16365,SK,tennis,67
7/6/2017 1:30,2017,7,6,1,-100.91271,50.49005,MB,golf ball,43
7/6/2017 1:45,2017,7,6,1,-101.06006,50.41611,MB,larger than golf ball,50
7/6/2017 2:05,2017,7,6,2,-101.52567,49.83483,SK,quarter,24
7/6/2017 3:00,2017,7,6,3,-101.60171,49.3904,SK,nickel,21
7/6/2017 3:00,2017,7,6,3,-100.93253,49.84867,MB,nickel,21
7/6/2017 3:10,2017,7,6,3,-101.07893,49.91749,MB,quarter,24
7/6/2017 3:15,2017,7,6,3,-100.33443,50.03375,MB,toonie,28
7/29/2017 3:43,2017,7,29,3,-102.80465,50.92945,SK,nickel,21
7/29/2017 4:13,2017,7,29,4,-102.47393,51.21745,SK,larger than toonie,32
7/26/2018 21:00,2018,7,26,21,-114.50259,49.63506,AB,nickel,21
8/2/2018 4:34,2018,8,2,4,-108.7421,51.05383,SK,estimated 21mm,21
6/9/2019 0:27,2019,6,9,0,-114.99195,52.37934,AB,estimated 21mm,21
6/9/2019 0:34,2019,6,9,0,-114.63378,51.70831,AB,estimated 32mm,32
6/9/2019 1:20,2019,6,9,1,-114.46786,51.19099,AB,quarter,24
6/24/2020 0:40,2020,6,24,0,-111.28095,53.97042,AB,estimated 24mm,24
7/23/2020 23:30,2020,7,23,23,-114.63939,51.79708,AB,nickel,21
8/3/2020 2:50,2020,8,3,2,-118.72171,54.86517,AB,ping pong,40
5/18/2021 17:35,2021,5,18,17,-113.9502,52.02739,AB,nickel,21
5/18/2021 23:00,2021,5,18,23,-109.98555,53.27591,SK,pea,8
5/22/2021 7:40,2021,5,22,7,-97.33978,49.88245,MB,small,5
5/22/2021 8:30,2021,5,22,8,-96.70428,50.07686,MB,nickel,21
5/25/2021 19:00,2021,5,25,19,-114.03772,51.05325,AB,pea,8
5/28/2021 0:32,2021,5,28,0,-118.41095,54.27544,AB,pea,8
5/28/2021 2:20,2021,5,28,2,-117.11906,54.67558,AB,quarter,24
5/28/2021 2:35,2021,5,28,2,-117.16803,54.75524,AB,golf ball,43
5/30/2021 17:59,2021,5,30,17,-97.18547,50.25632,MB,pea,8
5/30/2021 18:22,2021,5,30,18,-97.26069,50.38687,MB,pea,8
5/30/2021 18:30,2021,5,30,18,-97.05532,50.16644,MB,nickel,21
5/30/2021 18:43,2021,5,30,18,-95.527,49.91406,MB,nickel,21
5/30/2021 20:16,2021,5,30,20,-95.87984,50.15033,MB,pea,8
6/4/2021 20:54,2021,6,4,20,-113.07505,53.73384,AB,pea,8
6/4/2021 21:13,2021,6,4,21,-113.73051,52.27413,AB,larger than pea,12
6/4/2021 22:53,2021,6,4,22,-113.14215,53.37682,AB,pea,8
6/5/2021 16:05,2021,6,5,16,-113.25027,51.38941,AB,pea,8
6/5/2021 16:50,2021,6,5,16,-112.71426,51.47319,AB,pea,8
6/5/2021 18:09,2021,6,5,18,-114.50605,51.20862,AB,pea,8
6/5/2021 18:40,2021,6,5,18,-114.41157,50.89626,AB,pea,8
6/5/2021 18:49,2021,6,5,18,-111.21042,51.52564,AB,nickel,21
6/5/2021 18:55,2021,6,5,18,-114.0266,50.69797,AB,dime,18
6/5/2021 19:00,2021,6,5,19,-114.32577,50.8882,AB,nickel,21
6/5/2021 19:08,2021,6,5,19,-114.08423,50.90961,AB,pea,8
6/5/2021 19:15,2021,6,5,19,-113.97493,50.72548,AB,quarter,24
6/5/2021 19:24,2021,6,5,19,-113.97694,50.65173,AB,quarter,24
6/5/2021 19:30,2021,6,5,19,-109.39018,52.08186,SK,small,5
6/5/2021 19:39,2021,6,5,19,-114.07188,51.04473,AB,pea,8
6/5/2021 20:02,2021,6,5,20,-114.46672,51.1918,AB,pea,8
6/5/2021 20:10,2021,6,5,20,-109.99188,51.65952,SK,dime,18
6/5/2021 20:45,2021,6,5,20,-108.45121,52.19784,SK,quarter,24
6/5/2021 20:48,2021,6,5,20,-113.26015,50.41893,AB,dime,18
6/5/2021 21:15,2021,6,5,21,-112.97226,50.71423,AB,toonie,28
6/5/2021 21:30,2021,6,5,21,-107.68335,52.38766,SK,half dime,9
6/5/2021 22:00,2021,6,5,22,-107.23966,52.56692,SK,dime,18
6/5/2021 22:05,2021,6,5,22,-107.23966,52.40505,SK,nickel,21
6/5/2021 22:25,2021,6,5,22,-111.98572,50.56575,AB,quarter,24
6/5/2021 23:30,2021,6,5,23,-114.85097,51.16154,AB,pea,8
6/6/2021 0:13,2021,6,6,0,-113.92631,50.92197,AB,pea,8
6/6/2021 0:25,2021,6,6,0,-105.03076,52.95183,SK,pea,8
6/6/2021 0:33,2021,6,6,0,-114.07188,51.04473,AB,pea,8
6/6/2021 0:37,2021,6,6,0,-97.45605,50.18201,MB,nickel,21
6/6/2021 1:15,2021,6,6,1,-112.85167,50.42389,AB,pea,8
6/6/2021 19:35,2021,6,6,19,-114.73633,56.63045,AB,pea,8
6/6/2021 20:00,2021,6,6,20,-102.43701,51.63395,SK,small,5
6/7/2021 20:10,2021,6,7,20,-113.41585,53.52893,AB,pea,8
6/7/2021 20:58,2021,6,7,20,-110.85052,52.84337,AB,pea,8
6/7/2021 23:16,2021,6,7,23,-113.79542,52.38088,AB,pea,8
6/8/2021 0:00,2021,6,8,0,-105.61698,53.39458,SK,dime,18
6/8/2021 0:19,2021,6,8,0,-113.81156,52.26897,AB,pea,8
6/8/2021 23:59,2021,6,8,23,-113.43435,53.45832,AB,pea,8
6/9/2021 23:19,2021,6,9,23,-117.25581,54.85559,AB,pea,8
6/10/2021 2:08,2021,6,10,2,-116.51804,55.43784,AB,pea,8
6/10/2021 2:41,2021,6,10,2,-110.21851,49.00072,AB,dime,18
6/10/2021 3:40,2021,6,10,3,-109.13363,49.14871,SK,estimated 38mm,38
6/10/2021 17:01,2021,6,10,17,-110.21415,51.15776,AB,toonie,28
6/10/2021 17:08,2021,6,10,17,-110.20841,51.15856,AB,quarter,24
6/10/2021 20:38,2021,6,10,20,-108.70368,52.40936,SK,dime,18
6/10/2021 22:10,2021,6,10,22,-106.29148,49.65284,SK,ping pong,40
6/10/2021 23:00,2021,6,10,23,-105.8714,49.43551,SK,estimated 38mm,38
6/10/2021 23:30,2021,6,10,23,-105.64887,49.5835,SK,estimated 1 inch,25
6/10/2021 23:50,2021,6,10,23,-105.84466,49.53818,SK,large,25
6/10/2021 23:50,2021,6,10,23,-105.53486,50.39158,SK,nickel,21
6/11/2021 0:27,2021,6,11,0,-105.73516,52.48964,SK,pea,8
6/11/2021 2:48,2021,6,11,2,-104.67856,50.48158,SK,quarter,24
6/11/2021 3:50,2021,6,11,3,-100.93253,49.84867,MB,pea,8
6/11/2021 4:40,2021,6,11,4,-100.49161,49.86077,MB,pea,8
6/11/2021 5:30,2021,6,11,5,-99.95009,49.84847,MB,pea,8
6/11/2021 12:20,2021,6,11,12,-96.9754,50.50671,MB,nickel,21
6/12/2021 19:21,2021,6,12,19,-114.63939,51.79708,AB,pea,8
6/14/2021 10:04,2021,6,14,10,-114.21861,52.05167,AB,pea,8
6/14/2021 15:34,2021,6,14,15,-116.17726,51.42537,AB,estimated 15mm,15
6/14/2021 19:14,2021,6,14,19,-115.90599,51.26012,AB,nickel,21
6/14/2021 21:24,2021,6,14,21,-114.60655,52.38404,AB,nickel,21
6/15/2021 0:10,2021,6,15,0,-114.81173,51.58203,AB,toonie,28
6/15/2021 0:24,2021,6,15,0,-114.42782,52.96487,AB,pea,8
6/15/2021 0:50,2021,6,15,0,-114.15059,51.09693,AB,nickel,21
6/15/2021 1:10,2021,6,15,1,-114.27496,52.02783,AB,nickel,21
6/15/2021 1:27,2021,6,15,1,-115.71028,54.14242,AB,quarter,24
6/15/2021 2:03,2021,6,15,2,-114.84568,51.14425,AB,quarter,24
6/15/2021 3:10,2021,6,15,3,-114.47722,51.91327,AB,toonie,28
6/15/2021 3:50,2021,6,15,3,-114.09733,52.30654,AB,estimated 50mm,50
6/15/2021 4:30,2021,6,15,4,-114.7954,52.95262,AB,toonie,28
6/15/2021 15:14,2021,6,15,15,-110.19189,54.46695,AB,pea,8
6/15/2021 15:15,2021,6,15,15,-114.50211,51.41618,AB,nickel,21
6/15/2021 15:30,2021,6,15,15,-114.48532,51.70169,AB,ping pong,40
6/15/2021 16:00,2021,6,15,16,-114.24028,51.94073,AB,loonie,26.5
6/15/2021 16:20,2021,6,15,16,-113.96727,52.2815,AB,quarter,24
6/15/2021 16:38,2021,6,15,16,-113.93622,52.46393,AB,quarter,24
6/15/2021 23:55,2021,6,15,23,-108.48475,51.70683,SK,quarter,24
6/16/2021 0:40,2021,6,16,0,-110.33267,54.45717,AB,golf ball,43
6/16/2021 0:50,2021,6,16,0,-107.99103,51.55549,SK,ping pong,40
6/16/2021 1:20,2021,6,16,1,-108.67011,54.19504,SK,quarter,24
6/16/2021 1:29,2021,6,16,1,-112.7659,51.65982,AB,golf ball,43
6/16/2021 1:30,2021,6,16,1,-108.26541,54.03629,SK,golf ball,43
6/16/2021 2:20,2021,6,16,2,-106.70407,52.11879,SK,nickel,21
6/16/2021 9:25,2021,6,16,9,-103.74402,53.51849,SK,nickel,21
6/16/2021 15:20,2021,6,16,15,-105.95337,53.18165,SK,quarter,24
6/16/2021 16:40,2021,6,16,16,-105.75307,53.20335,SK,nickel,21
6/22/2021 23:55,2021,6,22,23,-119.81911,56.21628,AB,penny,19
6/23/2021 0:23,2021,6,23,0,-118.71145,55.75596,AB,quarter,24
6/23/2021 0:37,2021,6,23,0,-118.6354,55.74572,AB,loonie,26.5
6/26/2021 21:25,2021,6,26,21,-96.90385,49.7587,MB,marble,16
6/26/2021 21:54,2021,6,26,21,-97.03289,49.75995,MB,pea,8
6/27/2021 20:30,2021,6,27,20,-101.17786,49.058,MB,marble,16
6/29/2021 7:30,2021,6,29,7,-119.39955,58.49991,AB,dime,18
7/2/2021 21:20,2021,7,2,21,-114.32635,50.88536,AB,ping pong,40
7/2/2021 22:20,2021,7,2,22,-114.10049,50.9548,AB,golf ball,43
7/2/2021 23:20,2021,7,2,23,-114.41157,50.89626,AB,golf ball,43
7/2/2021 23:35,2021,7,2,23,-114.07188,50.9548,AB,larger than loonie,30
7/3/2021 0:04,2021,7,3,0,-114.02897,50.9548,AB,golf ball,43
7/3/2021 0:18,2021,7,3,0,-111.20512,51.5286,AB,golf ball,43
7/3/2021 0:50,2021,7,3,0,-113.67956,50.97324,AB,estimated 1.5 inch,38
7/3/2021 1:30,2021,7,3,1,-113.40042,51.03782,AB,quarter,24
7/3/2021 1:50,2021,7,3,1,-112.98318,51.10961,AB,loonie,26.5
7/3/2021 2:30,2021,7,3,2,-112.74028,51.56149,AB,toonie,28
7/3/2021 21:55,2021,7,3,21,-105.22044,51.35181,SK,dime,18
7/3/2021 23:20,2021,7,3,23,-114.9227,51.85329,AB,walnut,35
7/4/2021 0:05,2021,7,4,0,-114.6107,51.5037,AB,golf ball,43
7/4/2021 0:30,2021,7,4,0,-102.19065,51.35256,SK,marble,16
7/4/2021 0:49,2021,7,4,0,-113.64116,50.16044,AB,toonie,28
7/4/2021 0:58,2021,7,4,0,-114.28293,51.43294,AB,ping pong,40
7/4/2021 2:10,2021,7,4,2,-114.59954,51.47471,AB,walnut,35
7/4/2021 3:55,2021,7,4,3,-101.8908,51.2534,SK,smaller than golf ball,35
7/4/2021 22:31,2021,7,4,22,-114.27893,50.67394,AB,nickel,21
7/5/2021 0:20,2021,7,5,0,-112.88284,50.56959,AB,dime,18
7/5/2021 0:50,2021,7,5,0,-113.64116,50.16044,AB,toonie,28
7/5/2021 1:23,2021,7,5,1,-111.91009,50.45198,AB,quarter,24
7/5/2021 2:18,2021,7,5,2,-112.0938,50.16538,AB,loonie,26.5
7/6/2021 1:45,2021,7,6,1,-113.93016,49.35244,AB,golf ball,43
7/6/2021 22:15,2021,7,6,22,-111.66675,51.29324,AB,pea,8
7/6/2021 23:24,2021,7,6,23,-108.93833,49.4783,SK,toonie,28
7/6/2021 23:54,2021,7,6,23,-111.11053,51.15902,AB,golf ball,43
7/7/2021 0:30,2021,7,7,0,-108.74107,49.20339,SK,pea,8
7/7/2021 1:22,2021,7,7,1,-114.44216,51.42729,AB,toonie,28
7/7/2021 1:35,2021,7,7,1,-116.0509,52.49,AB,quarter,24
7/7/2021 1:40,2021,7,7,1,-110.03283,50.4847,AB,hen egg,50
7/7/2021 4:00,2021,7,7,4,-109.88402,50.29537,SK,golf ball,43
7/8/2021 0:45,2021,7,8,0,-106.43949,51.62797,SK,nickel,21
7/8/2021 3:20,2021,7,8,3,-114.07188,51.04473,AB,nickel,21
7/8/2021 3:45,2021,7,8,3,-114.01341,51.2927,AB,nickel,21
7/8/2021 6:50,2021,7,8,6,-107.62753,49.96173,SK,pea,8
7/8/2021 17:20,2021,7,8,17,-105.99179,49.63357,SK,chocolate chip,8
7/10/2021 19:30,2021,7,10,19,-114.73749,53.57587,AB,dime,18
7/10/2021 20:17,2021,7,10,20,-114.04811,53.2273,AB,dime,18
7/10/2021 20:18,2021,7,10,20,-114.19282,53.70268,AB,quarter,24
7/10/2021 21:12,2021,7,10,21,-113.59547,53.94904,AB,toonie,28
7/10/2021 23:11,2021,7,10,23,-118.86509,55.0106,AB,loonie,26.5
7/11/2021 18:35,2021,7,11,18,-114.50085,49.63623,AB,dime,18
7/11/2021 19:20,2021,7,11,19,-114.19194,49.46578,AB,dime,18
7/11/2021 20:05,2021,7,11,20,-113.51629,49.36537,AB,golf ball,43
7/11/2021 20:47,2021,7,11,20,-112.82115,49.02782,AB,quarter,24
7/11/2021 21:50,2021,7,11,21,-104.62581,51.97039,SK,nickel,21
7/11/2021 23:00,2021,7,11,23,-98.62942,54.90939,MB,dime,18
7/11/2021 23:20,2021,7,11,23,-104.36082,51.70111,SK,quarter,24
7/12/2021 0:37,2021,7,12,0,-104.51106,51.2182,SK,dime,18
7/12/2021 0:50,2021,7,12,0,-106.50684,50.79654,SK,golf ball,43
7/12/2021 1:10,2021,7,12,1,-104.52738,51.30755,SK,larger than toonie,32
7/12/2021 1:20,2021,7,12,1,-107.07505,49.41905,SK,golf ball,43
7/12/2021 2:00,2021,7,12,2,-106.38362,49.37023,SK,golf ball,43
7/12/2021 2:00,2021,7,12,2,-105.56721,50.91045,SK,estimated 32mm,32
7/12/2021 2:00,2021,7,12,2,-104.53815,51.05609,SK,larger than toonie,32
7/12/2021 2:20,2021,7,12,2,-105.99941,49.36634,SK,golf ball,43
7/12/2021 2:20,2021,7,12,2,-105.25423,50.86588,SK,loonie,26.5
7/12/2021 3:00,2021,7,12,3,-105.1077,49.46172,SK,larger than golf ball,50
7/14/2021 23:40,2021,7,14,23,-100.94237,49.8614,MB,pea,8
7/14/2021 23:50,2021,7,14,23,-100.35538,50.40298,MB,pea,8
7/15/2021 22:47,2021,7,15,22,-100.78846,50.51308,MB,toonie,28
7/17/2021 0:40,2021,7,17,0,-109.80723,50.46436,SK,nickel,21
7/17/2021 2:05,2021,7,17,2,-115.58405,52.96569,AB,pea,8
7/17/2021 16:10,2021,7,17,16,-104.15854,49.80572,SK,blueberry,10
7/17/2021 18:13,2021,7,17,18,-113.62936,53.65394,AB,dime,18
7/17/2021 19:05,2021,7,17,19,-113.27425,53.72779,AB,pea,8
7/17/2021 23:40,2021,7,17,23,-100.99302,49.27206,MB,pea,8
7/17/2021 23:50,2021,7,17,23,-100.84269,49.32288,MB,marble,16
7/18/2021 2:00,2021,7,18,2,-106.38842,53.22314,SK,golf ball,43
7/18/2021 2:05,2021,7,18,2,-100.99302,49.27206,MB,pea,8
7/18/2021 2:13,2021,7,18,2,-101.05636,54.05702,MB,dime,18
7/18/2021 2:50,2021,7,18,2,-105.76519,53.38619,SK,dime,18
7/18/2021 3:10,2021,7,18,3,-106.08181,53.92318,SK,golf ball,43
7/18/2021 4:20,2021,7,18,4,-105.24972,53.75174,SK,estimated 25mm,25
7/18/2021 5:00,2021,7,18,5,-103.49115,54.5778,SK,quarter,24
7/19/2021 8:54,2021,7,19,8,-99.96362,50.65784,MB,dime,18
7/19/2021 10:15,2021,7,19,10,-99.46677,50.3716,MB,nickel,21
7/19/2021 14:00,2021,7,19,14,-100.36261,49.00159,MB,quarter,24
7/19/2021 14:30,2021,7,19,14,-99.66495,49.18166,MB,nickel,21
7/19/2021 15:30,2021,7,19,15,-98.09773,49.19233,MB,pea,8
7/19/2021 23:37,2021,7,19,23,-99.09976,49.14627,MB,dime,18
7/20/2021 17:48,2021,7,20,17,-115.07917,55.36804,AB,pea,8
7/20/2021 23:34,2021,7,20,23,-117.61489,53.38253,AB,quarter,24
7/22/2021 2:10,2021,7,22,2,-115.01272,52.27339,AB,pea,8
7/22/2021 2:26,2021,7,22,2,-114.7954,52.95262,AB,pea,8
7/22/2021 3:15,2021,7,22,3,-114.15426,52.52867,AB,loonie,26.5
7/22/2021 3:25,2021,7,22,3,-114.60141,52.38433,AB,golf ball,43
7/22/2021 18:25,2021,7,22,18,-114.66175,51.79503,AB,nickel,21
7/22/2021 18:35,2021,7,22,18,-114.42007,51.66268,AB,quarter,24
7/22/2021 19:00,2021,7,22,19,-114.91385,52.37761,AB,quarter,24
7/22/2021 19:09,2021,7,22,19,-114.13973,51.57601,AB,dime,18
7/22/2021 19:45,2021,7,22,19,-105.30061,55.06757,SK,nickel,21
7/22/2021 20:10,2021,7,22,20,-114.09733,52.30654,AB,walnut,35
7/22/2021 20:15,2021,7,22,20,-113.73066,52.46847,AB,estimated 35mm,35
7/22/2021 20:25,2021,7,22,20,-113.79542,52.38088,AB,pea,8
7/22/2021 20:50,2021,7,22,20,-113.52009,51.82409,AB,walnut,35
7/22/2021 21:05,2021,7,22,21,-112.09209,52.3621,AB,dime,18
7/22/2021 22:57,2021,7,22,22,-110.00615,53.27796,AB,pea,8
7/22/2021 23:20,2021,7,22,23,-105.05487,50.01575,SK,quarter,24
7/22/2021 23:30,2021,7,22,23,-109.17293,52.83995,SK,nickel,21
7/22/2021 23:50,2021,7,22,23,-103.37777,54.90968,SK,loonie,26.5
7/23/2021 0:33,2021,7,23,0,-113.49035,53.28393,AB,nickel,21
7/23/2021 0:45,2021,7,23,0,-107.06234,53.3062,SK,golf ball,43
7/23/2021 0:55,2021,7,23,0,-102.82187,54.89795,SK,nickel,21
7/23/2021 1:00,2021,7,23,1,-107.03122,53.83348,SK,loonie,26.5
7/23/2021 1:00,2021,7,23,1,-107.01809,53.16899,SK,dime,18
7/23/2021 1:03,2021,7,23,1,-107.13681,53.19891,SK,toonie,28
7/23/2021 2:00,2021,7,23,2,-105.78923,53.53997,SK,toonie,28
7/23/2021 2:30,2021,7,23,2,-105.24972,53.75174,SK,pea,8
7/23/2021 3:00,2021,7,23,3,-103.85329,49.66328,SK,loonie,26.5
7/23/2021 3:12,2021,7,23,3,-103.53149,51.64158,SK,smaller than tennis ball,60
7/23/2021 3:30,2021,7,23,3,-103.15521,51.80697,SK,larger than golf ball,50
7/23/2021 3:35,2021,7,23,3,-103.10083,52.0117,SK,tennis,67
7/23/2021 5:00,2021,7,23,5,-101.24761,53.82553,MB,pea,8
7/26/2021 4:04,2021,7,26,4,-113.81156,52.26897,AB,walnut,35
7/26/2021 19:30,2021,7,26,19,-96.69109,49.52853,MB,pea,8
7/26/2021 20:45,2021,7,26,20,-97.18982,49.86358,MB,dime,18
7/26/2021 21:25,2021,7,26,21,-96.52481,49.74313,MB,dime,18
7/27/2021 5:50,2021,7,27,5,-115.71404,54.14381,AB,nickel,21
7/28/2021 3:35,2021,7,28,3,-101.93163,51.85587,SK,ping pong,40
7/28/2021 3:55,2021,7,28,3,-101.6487,51.63701,SK,golf ball,43
7/29/2021 23:10,2021,7,29,23,-113.98949,54.45589,AB,pea,8
7/29/2021 23:25,2021,7,29,23,-112.0875,51.12866,AB,nickel,21
7/29/2021 23:50,2021,7,29,23,-113.331,54.75708,AB,pea,8
7/30/2021 0:30,2021,7,30,0,-113.25702,54.77907,AB,dime,18
7/30/2021 1:00,2021,7,30,1,-106.43,52.1,SK,pea,8
7/30/2021 21:00,2021,7,30,21,-101.54791,51.91394,MB,pea,8
7/30/2021 22:20,2021,7,30,22,-99.78,51.06222,MB,nickel,21
7/30/2021 22:45,2021,7,30,22,-114.24711,50.01839,AB,nickel,21
7/30/2021 22:50,2021,7,30,22,-97.65074,50.87498,MB,pea,8
7/30/2021 23:50,2021,7,30,23,-97.25053,50.47588,MB,quarter,24
7/31/2021 0:00,2021,7,31,0,-99.96362,50.65784,MB,pea,8
7/31/2021 0:30,2021,7,31,0,-99.84333,50.49832,MB,pea,8
7/31/2021 0:33,2021,7,31,0,-96.88705,50.02758,MB,golf ball,43
7/31/2021 0:50,2021,7,31,0,-96.51585,50.06173,MB,small,5
7/31/2021 1:30,2021,7,31,1,-95.18135,50.45165,MB,golf ball,43
8/3/2021 23:22,2021,8,3,23,-117.08599,56.35368,AB,quarter,24
8/3/2021 23:42,2021,8,3,23,-116.40698,53.58143,AB,quarter,24
8/4/2021 0:42,2021,8,4,0,-115.97764,55.50717,AB,unknown,24
8/4/2021 1:58,2021,8,4,1,-115.31684,53.0999,AB,pea,8
8/4/2021 22:27,2021,8,4,22,-112.88445,52.31894,AB,nickel,21
8/4/2021 22:40,2021,8,4,22,-112.37388,51.63208,AB,dime,18
8/4/2021 22:44,2021,8,4,22,-112.32365,51.23524,AB,nickel,21
8/5/2021 0:38,2021,8,5,0,-113.77794,51.49077,AB,quarter,24
8/6/2021 20:53,2021,8,6,20,-104.94714,49.93057,SK,pea,8
8/6/2021 23:35,2021,8,6,23,-111.17802,56.44011,AB,nickel,21
8/7/2021 0:00,2021,8,7,0,-107.92341,51.56618,SK,dime,18
8/7/2021 0:50,2021,8,7,0,-111.36999,54.48336,AB,pea,8
8/7/2021 2:20,2021,8,7,2,-108.53687,53.42503,SK,pea,8
8/7/2021 16:05,2021,8,7,16,-113.55651,53.48366,AB,pea,8
8/7/2021 17:40,2021,8,7,17,-112.65822,53.36724,AB,dime,18
8/7/2021 22:06,2021,8,7,22,-113.55274,53.26469,AB,loonie,26.5
8/7/2021 22:23,2021,8,7,22,-113.9615,54.45789,AB,dime,18
8/7/2021 22:40,2021,8,7,22,-113.14722,53.27238,AB,quarter,24
8/7/2021 23:00,2021,8,7,23,-112.65822,53.36724,AB,pea,8
8/8/2021 0:29,2021,8,8,0,-113.62841,53.52164,AB,dime,18
8/10/2021 2:20,2021,8,10,2,-96.69109,49.52853,MB,small,5
8/10/2021 2:40,2021,8,10,2,-97.55549,49.1035,MB,toonie,28
8/16/2021 0:26,2021,8,16,0,-116.407,58.18747,AB,pea,8
8/16/2021 1:55,2021,8,16,1,-114.53609,58.46493,AB,pea,8
8/18/2021 8:30,2021,8,18,8,-100.99302,49.27206,MB,pea,8
8/20/2021 19:29,2021,8,20,19,-113.21638,53.69632,AB,small,5
8/22/2021 1:55,2021,8,22,1,-119.97616,55.47641,AB,pea,8
8/22/2021 22:20,2021,8,22,22,-114.20346,51.13041,AB,walnut,35
8/23/2021 0:45,2021,8,23,0,-113.65594,50.98027,AB,pea,8
8/23/2021 2:00,2021,8,23,2,-112.83441,51.08563,AB,golf ball,43
8/23/2021 22:13,2021,8,23,22,-109.61906,51.8716,SK,ping pong,40
8/23/2021 22:30,2021,8,23,22,-109.31367,51.47583,SK,quarter,24
8/23/2021 23:15,2021,8,23,23,-107.70234,50.01873,SK,nickel,21
8/23/2021 23:15,2021,8,23,23,-107.62753,49.96173,SK,nickel,21
8/24/2021 0:20,2021,8,24,0,-106.06927,50.38671,SK,nickel,21
8/24/2021 0:31,2021,8,24,0,-111.05693,52.56475,AB,dime,18
8/24/2021 1:10,2021,8,24,1,-105.53486,50.39158,SK,golf ball,43
8/24/2021 1:20,2021,8,24,1,-109.28774,51.92939,SK,nickel,21
8/24/2021 1:55,2021,8,24,1,-104.98151,50.41582,SK,nickel,21
8/24/2021 22:53,2021,8,24,22,-102.11288,50.65809,SK,pea,8
8/27/2021 7:00,2021,8,27,7,-107.05784,51.48736,SK,pea,8
8/27/2021 9:00,2021,8,27,9,-106.27062,51.50061,SK,pea,8
8/27/2021 22:21,2021,8,27,22,-110.4834,51.35059,AB,pea,8
8/28/2021 0:24,2021,8,28,0,-109.69175,51.26175,SK,marble,16
8/28/2021 22:20,2021,8,28,22,-105.44018,50.15403,SK,pea,8
8/30/2021 2:20,2021,8,30,2,-115.40279,54.71669,AB,nickel,21
8/31/2021 5:30,2021,8,31,5,-111.96606,54.77417,AB,golf ball,43
8/31/2021 14:35,2021,8,31,14,-105.99014,49.62365,SK,larger than golf ball,50
8/31/2021 22:15,2021,8,31,22,-114.46672,51.1918,AB,dime,18
8/31/2021 22:45,2021,8,31,22,-114.31116,51.13866,AB,nickel,21
8/31/2021 22:45,2021,8,31,22,-114.13674,51.65677,AB,pea,8
8/31/2021 23:00,2021,8,31,23,-114.01341,51.2927,AB,walnut,35
8/31/2021 23:45,2021,8,31,23,-114.0966,50.92543,AB,golf ball,43
9/1/2021 0:00,2021,9,1,0,-114.10731,50.95431,AB,dime,18
9/1/2021 0:05,2021,9,1,0,-113.22923,51.82376,AB,loonie,26.5
9/1/2021 1:05,2021,9,1,1,-113.54175,51.01462,AB,quarter,24
9/1/2021 1:30,2021,9,1,1,-112.36427,51.71469,AB,toonie,28
9/1/2021 4:09,2021,9,1,4,-105.46608,50.26568,SK,toonie,28
9/1/2021 6:18,2021,9,1,6,-104.70473,50.4439,SK,nickel,21
9/1/2021 14:27,2021,9,1,14,-104.26878,50.49212,SK,dime,18
5/7/2022 20:00,2022,5,7,20,-103.02985,49.67859,SK,pea,8
5/8/2022 20:16,2022,5,8,20,-114.07188,51.04473,AB,pea,8
5/8/2022 21:39,2022,5,8,21,-101.45883,49.56901,SK,estimated 20mm,20
5/10/2022 20:35,2022,5,10,20,-114.07188,51.04473,AB,dime,18
5/18/2022 3:45,2022,5,18,3,-102.12406,51.03402,SK,pea,8
5/18/2022 10:00,2022,5,18,10,-97.12067,49.80406,MB,pea,8
5/19/2022 20:30,2022,5,19,20,-113.49382,53.54612,AB,pea,8
5/19/2022 21:00,2022,5,19,21,-109.9555,53.29502,SK,pea,8
5/19/2022 21:00,2022,5,19,21,-103.85329,49.66328,SK,pea,8
5/19/2022 21:05,2022,5,19,21,-104.61958,50.42859,SK,pea,8
5/19/2022 21:20,2022,5,19,21,-113.49677,53.53377,AB,pea,8
5/19/2022 22:30,2022,5,19,22,-113.11168,52.4647,AB,pea,8
5/21/2022 0:00,2022,5,21,0,-114.07188,51.04473,AB,pea,8
5/24/2022 3:40,2022,5,24,3,-111.96606,54.77417,AB,pea,8
5/26/2022 19:06,2022,5,26,19,-101.20851,52.23712,MB,estimated 12mm,12
5/26/2022 23:05,2022,5,26,23,-98.73937,50.59536,MB,pea,8
5/27/2022 23:53,2022,5,27,23,-113.9502,52.02739,AB,pea,8
5/28/2022 1:55,2022,5,28,1,-111.99932,51.76686,AB,nickel,21
5/28/2022 1:55,2022,5,28,1,-111.99009,51.8184,AB,nickel,21
5/29/2022 0:00,2022,5,29,0,-105.73813,52.65586,SK,nickel,21
5/29/2022 23:47,2022,5,29,23,-100.0595,49.23044,MB,nickel,21
5/30/2022 0:10,2022,5,30,0,-100.05946,49.23065,MB,golf ball,43
5/30/2022 0:43,2022,5,30,0,-100.0595,49.23044,MB,estimated 14mm,14
6/6/2022 19:40,2022,6,6,19,-113.40312,49.72244,AB,pea,8
6/6/2022 20:45,2022,6,6,20,-112.84514,49.69559,AB,pea,8
6/6/2022 22:00,2022,6,6,22,-113.8425,51.03816,AB,pea,8
6/7/2022 21:50,2022,6,7,21,-113.49382,53.54612,AB,pea,8
6/8/2022 20:00,2022,6,8,20,-116.08149,52.46799,AB,pea,8
6/8/2022 23:00,2022,6,8,23,-115.40279,54.71669,AB,pea,8
6/9/2022 0:00,2022,6,9,0,-113.64929,53.80178,AB,pea,8
6/9/2022 19:21,2022,6,9,19,-104.87272,50.39497,SK,dime,18
6/9/2022 19:32,2022,6,9,19,-105.71849,50.62036,SK,pea,8
6/9/2022 20:42,2022,6,9,20,-108.30524,52.73627,SK,pea,8
6/9/2022 20:54,2022,6,9,20,-107.99103,51.77259,SK,pea,8
6/9/2022 21:40,2022,6,9,21,-110.08627,54.36028,AB,pea,8
6/9/2022 21:42,2022,6,9,21,-104.52897,50.25105,SK,pea,8
6/9/2022 22:07,2022,6,9,22,-107.65214,51.49791,SK,nickel,21
6/9/2022 23:20,2022,6,9,23,-111.37904,56.72666,AB,pea,8
6/11/2022 21:07,2022,6,11,21,-112.65658,53.79888,AB,pea,8
6/11/2022 21:36,2022,6,11,21,-110.36667,54.5,AB,dime,18
6/11/2022 22:40,2022,6,11,22,-108.13496,50.28507,SK,pea,8
6/12/2022 0:18,2022,6,12,0,-117.29808,55.05518,AB,estimated 10mm,10
6/12/2022 16:30,2022,6,12,16,-97.18415,49.569,MB,toonie,28
6/12/2022 21:25,2022,6,12,21,-102.06539,50.01566,SK,pea,8
6/12/2022 22:45,2022,6,12,22,-102.3954,50.54408,SK,pea,8
6/13/2022 1:00,2022,6,13,1,-117.57939,53.39915,AB,pea,8
6/14/2022 23:35,2022,6,14,23,-113.14403,51.2417,AB,estimated half inch,13
6/15/2022 19:00,2022,6,15,19,-104.56259,50.44827,SK,pea,8
6/15/2022 21:06,2022,6,15,21,-95.23962,49.01244,MB,pea,8
6/17/2022 2:58,2022,6,17,2,-114.22851,50.42119,AB,pea,8
6/18/2022 12:40,2022,6,18,12,-112.14974,49.78184,AB,nickel,21
6/18/2022 13:12,2022,6,18,13,-99.14907,51.09015,MB,nickel,21
6/18/2022 13:30,2022,6,18,13,-111.65235,50.45112,AB,nickel,21
6/18/2022 14:43,2022,6,18,14,-98.42486,51.29213,MB,golf ball,43
6/18/2022 15:12,2022,6,18,15,-97.13837,49.89514,MB,nickel,21
6/18/2022 16:00,2022,6,18,16,-109.81201,52.11439,SK,golf ball,43
6/18/2022 16:25,2022,6,18,16,-110.14341,52.69764,AB,,12
6/18/2022 16:42,2022,6,18,16,-109.15832,52.44373,SK,golf ball,43
6/18/2022 16:57,2022,6,18,16,-98.42292,51.28988,MB,,21
6/18/2022 17:10,2022,6,18,17,-109.04556,52.91486,SK,dime,18
6/18/2022 17:12,2022,6,18,17,-109.02061,52.74784,SK,loonie,26.5
6/18/2022 17:15,2022,6,18,17,-108.93708,53.01369,SK,loonie,26.5
6/18/2022 17:25,2022,6,18,17,-96.95586,50.35856,MB,dime,18
6/18/2022 17:42,2022,6,18,17,-98.64986,51.60858,MB,dime,18
6/18/2022 18:10,2022,6,18,18,-108.35522,53.36035,SK,dime,18
6/18/2022 18:35,2022,6,18,18,-95.87984,50.15033,MB,nickel,21
6/18/2022 20:50,2022,6,18,20,-114.07188,51.04473,AB,,30
6/18/2022 22:30,2022,6,18,22,-105.28599,55.10823,SK,,7
6/18/2022 23:30,2022,6,18,23,-113.29148,50.95807,AB,,12
6/19/2022 0:36,2022,6,19,0,-108.89815,49.20338,SK,loonie,26.5
6/19/2022 1:00,2022,6,19,1,-113.36942,50.88427,AB,dime,18
6/19/2022 1:00,2022,6,19,1,-108.38955,49.20818,SK,estimated 35mm,35
6/19/2022 2:50,2022,6,19,2,-114.63378,51.70831,AB,unknown,18
6/19/2022 3:45,2022,6,19,3,-114.03466,51.93276,AB,,7
6/19/2022 7:00,2022,6,19,7,-114.68678,53.54291,AB,,7
6/19/2022 13:50,2022,6,19,13,-114.02608,51.43118,AB,,7
6/19/2022 18:25,2022,6,19,18,-102.91856,49.96038,SK,baseball,74
6/19/2022 21:40,2022,6,19,21,-102.30205,50.04896,SK,tennis,67
6/19/2022 21:40,2022,6,19,21,-101.97201,50.26156,SK,softball,97
6/19/2022 21:41,2022,6,19,21,-101.60447,51.08398,SK,measured 50mm,50
6/19/2022 22:14,2022,6,19,22,-101.70063,50.38184,SK,golf ball,43
6/19/2022 22:20,2022,6,19,22,-101.35232,51.22818,MB,toonie,28
6/19/2022 22:30,2022,6,19,22,-113.39957,52.31771,AB,,7
6/19/2022 22:33,2022,6,19,22,-101.29946,50.4446,MB,pea,8
6/19/2022 22:50,2022,6,19,22,-114.42683,51.76581,AB,,7
6/19/2022 23:06,2022,6,19,23,-102.3479,50.01303,SK,apple,70
6/19/2022 23:06,2022,6,19,23,-101.28573,51.96485,MB,pea,8
6/20/2022 2:00,2022,6,20,2,-113.60427,51.79453,AB,,7
6/20/2022 20:45,2022,6,20,20,-108.4853,50.10112,SK,pea,8
6/20/2022 21:30,2022,6,20,21,-109.49899,49.65912,SK,pea,8
6/20/2022 22:05,2022,6,20,22,-118.6843,55.79483,AB,loonie,26.5
6/20/2022 23:15,2022,6,20,23,-118.49569,56.07044,AB,pea,8
6/20/2022 23:20,2022,6,20,23,-113.9502,52.02739,AB,small,5
6/21/2022 1:06,2022,6,21,1,-106.38409,50.1352,SK,pea,8
6/21/2022 21:50,2022,6,21,21,-119.39955,58.49991,AB,nickel,21
6/21/2022 21:50,2022,6,21,21,-114.01341,51.2927,AB,pea,8
6/21/2022 22:20,2022,6,21,22,-112.95173,53.12074,AB,pea,8
6/21/2022 23:00,2022,6,21,23,-114.31869,53.18376,AB,pea,8
6/21/2022 23:55,2022,6,21,23,-113.55274,53.26469,AB,,7
6/22/2022 18:40,2022,6,22,18,-114.53788,51.88084,AB,pea,8
6/22/2022 19:05,2022,6,22,19,-115.50002,52.8532,AB,quarter,24
6/22/2022 19:25,2022,6,22,19,-115.327,52.80027,AB,dime,18
6/22/2022 19:50,2022,6,22,19,-114.07593,51.79292,AB,small,5
6/22/2022 21:15,2022,6,22,21,-113.36181,53.46451,AB,pea,8
6/22/2022 21:50,2022,6,22,21,-112.69733,51.63336,AB,pea,8
6/22/2022 22:12,2022,6,22,22,-99.13325,51.10927,MB,dime,18
6/22/2022 22:15,2022,6,22,22,-114.53788,51.88084,AB,pea,8
6/22/2022 22:18,2022,6,22,22,-113.95513,52.14176,AB,dime,18
6/22/2022 22:35,2022,6,22,22,-113.89227,52.09931,AB,,12
6/22/2022 22:52,2022,6,22,22,-104.01301,53.36235,SK,dime,18
6/22/2022 23:17,2022,6,22,23,-112.95084,52.86885,AB,pea,8
6/22/2022 23:55,2022,6,22,23,-98.77745,51.08179,MB,pea,8
6/29/2022 0:05,2022,6,29,0,-114.84376,51.14798,AB,pea,8
6/29/2022 0:55,2022,6,29,0,-114.23106,50.53251,AB,pea,8
6/29/2022 1:25,2022,6,29,1,-113.97493,50.72548,AB,quarter,24
6/29/2022 3:00,2022,6,29,3,-113.14129,51.23375,AB,large marble,25
6/29/2022 4:30,2022,6,29,4,-115.34419,51.08999,AB,pea,8
6/29/2022 6:00,2022,6,29,6,-113.78363,51.75128,AB,pea,8
6/29/2022 14:30,2022,6,29,14,-114.07188,51.04473,AB,pea,8
6/29/2022 18:00,2022,6,29,18,-114.63378,51.70831,AB,pea,8
6/29/2022 18:40,2022,6,29,18,-105.75307,53.20335,SK,pea,8
6/29/2022 19:44,2022,6,29,19,-110.73333,50.91667,AB,mothball,15
6/29/2022 19:45,2022,6,29,19,-114.01341,51.2927,AB,pea,8
6/29/2022 21:00,2022,6,29,21,-109.39066,51.22292,SK,dime,18
6/29/2022 21:45,2022,6,29,21,-104.71573,51.78616,SK,nickel,21
6/29/2022 21:50,2022,6,29,21,-105.02933,51.84458,SK,golf ball,43
6/29/2022 22:09,2022,6,29,22,-104.43589,51.7506,SK,baseball,74
6/29/2022 23:00,2022,6,29,23,-113.16263,52.00452,AB,,7
6/29/2022 23:20,2022,6,29,23,-104.99748,51.31127,SK,quarter,24
6/30/2022 1:00,2022,6,30,1,-100.94398,52.21593,MB,golf ball,43
6/30/2022 1:10,2022,6,30,1,-101.20851,52.23712,MB,baseball,74
6/30/2022 1:20,2022,6,30,1,-101.03702,52.09798,MB,dime,18
6/30/2022 1:25,2022,6,30,1,-100.48681,51.79841,MB,nickel,21
6/30/2022 2:20,2022,6,30,2,-99.6374,51.89355,MB,nickel,21
6/30/2022 18:55,2022,6,30,18,-97.85092,55.7451,MB,pea,8
7/1/2022 19:30,2022,7,1,19,-112.23498,53.23314,AB,chickpea,9
7/1/2022 19:40,2022,7,1,19,-110.78485,53.13941,AB,estimated 10mm,10
7/1/2022 20:08,2022,7,1,20,-111.52463,53.1269,AB,pea,8
7/1/2022 20:25,2022,7,1,20,-114.07188,51.04473,AB,mothball,15
7/1/2022 20:50,2022,7,1,20,-111.77547,53.09713,AB,pea,8
7/1/2022 21:00,2022,7,1,21,-111.92597,51.64442,AB,pea,8
7/1/2022 21:00,2022,7,1,21,-111.85549,52.79242,AB,pea,8
7/1/2022 21:35,2022,7,1,21,-114.53788,51.88084,AB,dime,18
7/1/2022 22:35,2022,7,1,22,-113.40042,51.03782,AB,pea,8
7/1/2022 22:50,2022,7,1,22,-113.93097,51.9699,AB,estimated 11mm,11
7/1/2022 23:00,2022,7,1,23,-110.87455,52.87363,AB,pea,8
7/2/2022 0:00,2022,7,2,0,-113.01693,51.83344,AB,quarter,24
7/2/2022 0:30,2022,7,2,0,-114.93308,52.46555,AB,marble,16
7/2/2022 1:00,2022,7,2,1,-113.60841,52.12742,AB,pea,8
7/2/2022 1:19,2022,7,2,1,-113.23419,52.19745,AB,pea,8
7/2/2022 20:12,2022,7,2,20,-104.65818,49.64683,SK,pea,8
7/5/2022 2:00,2022,7,5,2,-113.76274,53.55223,AB,pea,8
7/5/2022 16:40,2022,7,5,16,-113.73066,52.46847,AB,pea,8
7/5/2022 18:30,2022,7,5,18,-114.82072,51.79454,AB,pea,8
7/5/2022 21:15,2022,7,5,21,-114.11988,51.79504,AB,pea,8
7/5/2022 23:09,2022,7,5,23,-114.63939,51.79708,AB,pea,8
7/5/2022 23:20,2022,7,5,23,-113.73066,52.46847,AB,pea,8
7/6/2022 0:20,2022,7,6,0,-111.58333,52.33333,AB,pea,8
7/6/2022 1:30,2022,7,6,1,-113.33535,51.5016,AB,pea,8
7/6/2022 15:55,2022,7,6,15,-102.60851,51.21143,SK,toonie,28
7/6/2022 17:50,2022,7,6,17,-101.25801,50.99235,MB,loonie,26.5
7/6/2022 18:45,2022,7,6,18,-98.73937,50.59536,MB,quarter,24
7/6/2022 19:05,2022,7,6,19,-98.98816,49.85084,MB,loonie,26.5
7/6/2022 19:50,2022,7,6,19,-99.27964,51.53491,MB,nickel,21
7/6/2022 20:10,2022,7,6,20,-98.65608,50.3996,MB,pea,8
7/6/2022 20:20,2022,7,6,20,-97.89108,50.37007,MB,quarter,24
7/6/2022 21:15,2022,7,6,21,-100.57924,50.15612,MB,pea,8
7/6/2022 21:55,2022,7,6,21,-99.83087,49.8675,MB,pea,8
7/7/2022 19:40,2022,7,7,19,-114.67784,51.75289,AB,dime,18
7/7/2022 21:47,2022,7,7,21,-114.46672,51.1918,AB,estimated 19mm,19
7/7/2022 22:05,2022,7,7,22,-114.54902,51.06639,AB,measured 50mm,50
7/7/2022 22:20,2022,7,7,22,-115.41854,53.28016,AB,marble,16
7/7/2022 22:20,2022,7,7,22,-114.54078,51.09012,AB,golf ball,43
7/7/2022 22:30,2022,7,7,22,-114.56923,50.95174,AB,unknown,45
7/7/2022 22:55,2022,7,7,22,-114.33317,51.7307,AB,pea,8
7/7/2022 23:57,2022,7,7,23,-110.24436,51.23436,AB,ping pong,40
7/8/2022 1:10,2022,7,8,1,-114.34561,53.52513,AB,estimated 12mm,12
7/8/2022 1:28,2022,7,8,1,-110.13694,51.92472,AB,ping pong,40
7/8/2022 1:50,2022,7,8,1,-114.12503,53.5554,AB,dime,18
7/8/2022 20:45,2022,7,8,20,-114.31101,52.02783,AB,nickel,21
7/8/2022 20:45,2022,7,8,20,-113.82528,52.95979,AB,pea,8
7/8/2022 21:25,2022,7,8,21,-114.02306,52.0826,AB,nickel,21
7/8/2022 21:37,2022,7,8,21,-113.6088,52.95829,AB,pea,8
7/8/2022 22:00,2022,7,8,22,-114.84142,53.10546,AB,pea,8
7/8/2022 23:18,2022,7,8,23,-107.86553,52.93533,SK,pea,8
7/9/2022 0:24,2022,7,9,0,-106.79102,52.92721,SK,toonie,28
7/9/2022 0:48,2022,7,9,0,-114.14794,52.81361,AB,quarter,24
7/9/2022 1:38,2022,7,9,1,-113.65687,52.79214,AB,ping pong,40
7/9/2022 2:02,2022,7,9,2,-113.45649,52.81938,AB,tennis,67
7/9/2022 3:30,2022,7,9,3,-110.17325,54.46426,AB,pea,8
7/9/2022 6:30,2022,7,9,6,-113.36608,52.96882,AB,pea,8
7/9/2022 14:30,2022,7,9,14,-108.75243,52.37794,SK,nickel,21
7/9/2022 14:30,2022,7,9,14,-108.49623,52.21334,SK,loonie,26.5
7/9/2022 15:50,2022,7,9,15,-107.51937,52.26001,SK,dime,18
7/9/2022 16:35,2022,7,9,16,-106.96076,52.34996,SK,marble,16
7/9/2022 21:00,2022,7,9,21,-102.07991,54.66094,SK,pea,8
7/9/2022 21:55,2022,7,9,21,-104.7386,52.00021,SK,dime,18
7/9/2022 22:00,2022,7,9,22,-114.31118,52.0862,AB,dime,18
7/10/2022 4:10,2022,7,10,4,-112.75,52.26667,AB,nickel,21
7/10/2022 20:15,2022,7,10,20,-104.37246,49.9186,SK,pea,8
7/10/2022 22:30,2022,7,10,22,-102.91818,49.10433,SK,pea,8
7/10/2022 23:08,2022,7,10,23,-105.29164,52.48002,SK,nickel,21
7/11/2022 1:36,2022,7,11,1,-100.13435,49.84247,MB,toonie,28
7/11/2022 20:20,2022,7,11,20,-97.95319,49.16675,MB,mothball,15
7/13/2022 5:45,2022,7,13,5,-111.43329,56.81546,AB,nickel,21
7/13/2022 20:30,2022,7,13,20,-115.98301,53.72317,AB,pea,8
7/13/2022 22:45,2022,7,13,22,-107.1829,59.32806,SK,pea,8
7/14/2022 0:54,2022,7,14,0,-107.90363,55.45056,SK,nickel,21
7/14/2022 1:40,2022,7,14,1,-107.60729,55.15218,SK,nickel,21
7/15/2022 0:47,2022,7,15,0,-99.86276,49.6015,MB,loonie,26.5
7/15/2022 1:29,2022,7,15,1,-99.82444,49.3991,MB,nickel,21
7/15/2022 12:00,2022,7,15,12,-105.76519,53.38619,SK,pea,8
7/16/2022 0:05,2022,7,16,0,-105.23732,51.24127,SK,pea,8
7/16/2022 0:17,2022,7,16,0,-115.65085,54.29194,AB,nickel,21
7/16/2022 1:30,2022,7,16,1,-115.94419,53.59691,AB,nickel,21
7/16/2022 1:30,2022,7,16,1,-104.51124,50.85591,SK,toonie,28
7/16/2022 2:10,2022,7,16,2,-115.71136,53.79644,AB,pea,8
7/16/2022 2:10,2022,7,16,2,-115.41854,53.28016,AB,dime,18
7/16/2022 2:30,2022,7,16,2,-104.43004,50.76558,SK,ping pong,40
7/16/2022 2:39,2022,7,16,2,-115.6288,54.02923,AB,nickel,21
7/16/2022 3:30,2022,7,16,3,-110.17325,54.46426,AB,pea,8
7/16/2022 3:30,2022,7,16,3,-104.253,50.6347,SK,hen egg,50
7/16/2022 3:30,2022,7,16,3,-103.62185,50.69549,SK,pea,8
7/16/2022 21:30,2022,7,16,21,-114.73415,51.79495,AB,ping pong,40
7/16/2022 21:45,2022,7,16,21,-114.11988,51.79504,AB,golf ball,43
7/16/2022 22:20,2022,7,16,22,-114.4257,51.88147,AB,estimated 50mm,50
7/16/2022 22:30,2022,7,16,22,-114.63939,51.79708,AB,toonie,28
7/16/2022 22:45,2022,7,16,22,-114.11988,51.79504,AB,baseball,74
7/16/2022 23:00,2022,7,16,23,-114.4257,51.88147,AB,estimated 60mm,60
7/16/2022 23:00,2022,7,16,23,-114.03466,51.93276,AB,unknown,45
7/16/2022 23:10,2022,7,16,23,-114.47428,51.6872,AB,baseball,74
7/16/2022 23:10,2022,7,16,23,-113.91528,52.66806,AB,estimated 25mm,25
7/16/2022 23:25,2022,7,16,23,-113.58345,52.67591,AB,severe,25
7/16/2022 23:35,2022,7,16,23,-114.13674,51.65677,AB,tennis,67
7/16/2022 23:40,2022,7,16,23,-113.50998,52.65425,AB,estimated 35mm,35
7/17/2022 0:00,2022,7,17,0,-114.94136,52.93126,AB,unknown,24
7/17/2022 0:15,2022,7,17,0,-114.13674,51.65677,AB,unknown,21
7/17/2022 0:15,2022,7,17,0,-113.58345,52.67591,AB,,24
7/17/2022 1:00,2022,7,17,1,-114.09698,51.56203,AB,estimated 30mm,30
7/17/2022 1:00,2022,7,17,1,-113.91528,52.66806,AB,unknown,28
7/17/2022 1:05,2022,7,17,1,-113.58345,52.67591,AB,,24
7/17/2022 1:25,2022,7,17,1,-113.93622,52.46393,AB,estimated 25mm,25
7/17/2022 1:30,2022,7,17,1,-114.37049,52.36294,AB,unknown,24
7/17/2022 1:30,2022,7,17,1,-113.4865,51.59065,AB,golf ball,43
7/17/2022 1:45,2022,7,17,1,-113.73066,52.46847,AB,estimated 1 inch,25
7/17/2022 2:00,2022,7,17,2,-114.597,52.17339,AB,estimated 45mm,45
7/17/2022 2:00,2022,7,17,2,-114.55525,52.32644,AB,unknown,24
7/17/2022 2:00,2022,7,17,2,-114.27536,52.3058,AB,estimated 1 inch,25
7/17/2022 2:10,2022,7,17,2,-114.13674,51.65677,AB,larger than quarter,27
7/17/2022 2:25,2022,7,17,2,-113.23419,52.19745,AB,unknown,24
7/17/2022 2:30,2022,7,17,2,-114.09733,52.30654,AB,dime,18
7/17/2022 2:30,2022,7,17,2,-113.93622,52.46393,AB,unknown,26
7/17/2022 2:30,2022,7,17,2,-113.81156,52.26897,AB,estimated 32mm,32
7/17/2022 2:30,2022,7,17,2,-113.19293,52.39888,AB,estimated 45mm,45
7/17/2022 2:40,2022,7,17,2,-114.09698,51.56203,AB,estimated 50mm,50
7/17/2022 3:00,2022,7,17,3,-113.81156,52.26897,AB,estimated 32mm,32
7/17/2022 3:15,2022,7,17,3,-114.1648,52.12343,AB,measured 49mm,49
7/17/2022 3:30,2022,7,17,3,-113.23489,52.19762,AB,estimated 38mm,38
7/17/2022 3:30,2022,7,17,3,-113.19293,52.39888,AB,golf ball,43
7/17/2022 3:35,2022,7,17,3,-113.02785,52.33227,AB,quarter,24
7/17/2022 3:45,2022,7,17,3,-113.78959,52.27611,AB,measured 43mm,43
7/17/2022 3:55,2022,7,17,3,-113.23419,52.19745,AB,smaller than golf ball,35
7/17/2022 4:00,2022,7,17,4,-113.60427,51.79453,AB,ping pong,40
7/17/2022 4:00,2022,7,17,4,-112.52305,52.30674,AB,unknown,28
7/17/2022 4:15,2022,7,17,4,-113.81156,52.26897,AB,unknown,24
7/17/2022 4:30,2022,7,17,4,-113.73066,52.46847,AB,unknown,28
7/17/2022 5:00,2022,7,17,5,-111.78452,52.43584,AB,unknown,28
7/17/2022 12:45,2022,7,17,12,-109.39051,52.08111,SK,pea,8
7/17/2022 13:24,2022,7,17,13,-108.45159,52.19904,SK,toonie,28
7/17/2022 14:10,2022,7,17,14,-108.61283,51.94304,SK,nickel,21
7/17/2022 14:20,2022,7,17,14,-108.37847,51.97252,SK,nickel,21
7/17/2022 22:00,2022,7,17,22,-104.91707,49.57484,SK,dime,18
7/17/2022 22:31,2022,7,17,22,-104.57876,49.4628,SK,golf ball,43
7/17/2022 23:11,2022,7,17,23,-103.83971,49.41497,SK,pea,8
7/17/2022 23:30,2022,7,17,23,-104.0763,49.12749,SK,golf ball,43
7/18/2022 0:10,2022,7,18,0,-106.82014,51.15979,SK,golf ball,43
7/18/2022 0:36,2022,7,18,0,-106.49011,51.03848,SK,golf ball,43
7/18/2022 0:50,2022,7,18,0,-106.14917,50.80216,SK,ping pong,40
7/18/2022 0:52,2022,7,18,0,-96.67464,51.11627,MB,ping pong,40
7/18/2022 0:55,2022,7,18,0,-105.48689,50.62942,SK,toonie,28
7/18/2022 2:33,2022,7,18,2,-95.97686,49.95343,MB,quarter,24
7/18/2022 2:40,2022,7,18,2,-104.61889,50.44521,SK,pea,8
7/18/2022 15:30,2022,7,18,15,-112.41903,50.16452,AB,dime,18
7/18/2022 16:30,2022,7,18,16,-112.84627,49.85216,AB,quarter,24
7/18/2022 17:15,2022,7,18,17,-112.34213,50.15,AB,nickel,21
7/18/2022 17:25,2022,7,18,17,-112.20316,49.33408,AB,estimated 10mm,10
7/18/2022 18:05,2022,7,18,18,-111.91091,49.59383,AB,pea,8
7/18/2022 18:27,2022,7,18,18,-111.44712,49.83788,AB,estimated half inch,13
7/18/2022 23:48,2022,7,18,23,-105.58242,50.57572,SK,tennis,67
7/19/2022 21:40,2022,7,19,21,-114.47076,52.72201,AB,golf ball,43
7/19/2022 22:15,2022,7,19,22,-114.07732,52.60542,AB,ping pong,40
7/19/2022 22:22,2022,7,19,22,-113.93347,52.53833,AB,golf ball,43
7/19/2022 23:00,2022,7,19,23,-113.60569,52.4308,AB,hen egg,50
7/19/2022 23:00,2022,7,19,23,-113.38996,52.36134,AB,golf ball,43
7/19/2022 23:30,2022,7,19,23,-113.22858,52.26137,AB,nickel,21
7/19/2022 23:45,2022,7,19,23,-113.39271,52.36637,AB,golf ball,43
7/19/2022 23:51,2022,7,19,23,-112.90087,52.20351,AB,loonie,26.5
7/20/2022 0:15,2022,7,20,0,-112.73856,52.40356,AB,quarter,24
7/20/2022 1:10,2022,7,20,1,-112.32148,51.94974,AB,hen egg,50
7/20/2022 2:00,2022,7,20,2,-111.61197,51.85253,AB,estimated 22mm,22
7/20/2022 2:14,2022,7,20,2,-111.12059,52.04265,AB,golf ball,43
7/22/2022 22:53,2022,7,22,22,-114.02637,51.29384,AB,pea,8
7/22/2022 23:47,2022,7,22,23,-102.80867,49.14268,SK,estimated half inch,13
7/22/2022 23:48,2022,7,22,23,-113.40033,51.03774,AB,pea,8
7/23/2022 0:54,2022,7,23,0,-101.79581,49.17394,SK,toonie,28
7/23/2022 1:00,2022,7,23,1,-112.86685,50.83605,AB,nickel,21
7/23/2022 2:42,2022,7,23,2,-99.86276,49.6015,MB,dime,18
7/24/2022 1:00,2022,7,24,1,-114.16893,50.08099,AB,pea,8
7/24/2022 21:57,2022,7,24,21,-108.87438,53.33422,SK,quarter,24
7/25/2022 19:25,2022,7,25,19,-111.37901,56.72662,AB,,7
7/26/2022 5:30,2022,7,26,5,-98.46874,49.1288,MB,estimated half inch,13
7/26/2022 18:52,2022,7,26,18,-101.89842,51.56488,SK,pea,8
7/26/2022 19:23,2022,7,26,19,-96.56147,50.70239,MB,pea,8
7/27/2022 2:00,2022,7,27,2,-97.01616,49.89515,MB,pea,8
7/29/2022 22:25,2022,7,29,22,-115.24779,51.54606,AB,measured 50mm,50
7/30/2022 1:10,2022,7,30,1,-114.02637,51.29384,AB,pea,8
7/30/2022 1:45,2022,7,30,1,-113.79537,52.3812,AB,nickel,21
7/30/2022 10:30,2022,7,30,10,-118.78848,55.17069,AB,dime,18
7/30/2022 21:15,2022,7,30,21,-116.12337,52.46924,AB,mothball,15
7/30/2022 22:15,2022,7,30,22,-113.9743,50.72323,AB,pea,8
7/31/2022 0:15,2022,7,31,0,-114.51817,52.36293,AB,estimated 35mm,35
7/31/2022 1:00,2022,7,31,1,-113.5841,50.01908,AB,pea,8
7/31/2022 1:52,2022,7,31,1,-102.66776,51.50225,SK,golf ball,43
7/31/2022 2:20,2022,7,31,2,-112.83412,49.72759,AB,pea,8
7/31/2022 20:20,2022,7,31,20,-113.32492,53.82774,AB,pea,8
7/31/2022 20:35,2022,7,31,20,-113.21637,53.69622,AB,pea,8
7/31/2022 21:05,2022,7,31,21,-112.86378,53.60288,AB,dime,18
7/31/2022 21:10,2022,7,31,21,-112.7957,53.56845,AB,dime,18
7/31/2022 21:25,2022,7,31,21,-112.22379,52.67005,AB,ping pong,40
7/31/2022 22:15,2022,7,31,22,-112.06303,52.58358,AB,hen egg,50
7/31/2022 22:25,2022,7,31,22,-116.42686,53.61639,AB,golf ball,43
7/31/2022 23:10,2022,7,31,23,-111.57142,52.11383,AB,golf ball,43
7/31/2022 23:10,2022,7,31,23,-109.60315,51.47604,SK,nickel,21
7/31/2022 23:25,2022,7,31,23,-110.01238,52.58352,AB,loonie,26.5
7/31/2022 23:25,2022,7,31,23,-109.8428,52.38888,SK,golf ball,43
7/31/2022 23:25,2022,7,31,23,-109.39066,51.32044,SK,golf ball,43
7/31/2022 23:55,2022,7,31,23,-109.16675,51.23706,SK,toonie,28
8/1/2022 1:35,2022,8,1,1,-107.74514,51.61612,SK,pea,8
8/1/2022 1:53,2022,8,1,1,-107.99185,50.64166,SK,golf ball,43
8/1/2022 2:12,2022,8,1,2,-107.80534,50.59701,SK,baseball,74
8/1/2022 3:35,2022,8,1,3,-105.89941,50.22563,SK,marble,16
8/1/2022 16:05,2022,8,1,16,-117.57941,53.39907,AB,pea,8
8/1/2022 18:00,2022,8,1,18,-117.32653,53.03247,AB,ping pong,40
8/1/2022 19:45,2022,8,1,19,-117.92715,53.20525,AB,nickel,21
8/1/2022 22:15,2022,8,1,22,-115.00439,52.31386,AB,pea,8
8/1/2022 23:25,2022,8,1,23,-118.78848,55.17069,AB,pea,8
8/2/2022 1:10,2022,8,2,1,-115.10612,52.41567,AB,pea,8
8/2/2022 1:15,2022,8,2,1,-113.8115,52.26903,AB,nickel,21
8/2/2022 2:15,2022,8,2,2,-113.62927,53.6539,AB,pea,8
8/2/2022 9:24,2022,8,2,9,-106.67016,52.1579,SK,dime,18
8/2/2022 9:30,2022,8,2,9,-104.93915,50.78104,SK,pea,8
8/2/2022 21:40,2022,8,2,21,-103.27699,50.42404,SK,pea,8
8/2/2022 22:18,2022,8,2,22,-102.57955,50.37783,SK,dime,18
8/2/2022 23:24,2022,8,2,23,-97.24989,50.50474,MB,golf ball,43
8/2/2022 23:25,2022,8,2,23,-97.26135,50.38887,MB,nickel,21
8/2/2022 23:40,2022,8,2,23,-96.95558,50.47063,MB,toonie,28
8/3/2022 0:10,2022,8,3,0,-96.62218,50.36116,MB,larger than golf ball,50
8/3/2022 0:24,2022,8,3,0,-96.09843,50.51264,MB,dime,18
8/4/2022 20:15,2022,8,4,20,-114.3134,51.14221,AB,pea,8
8/4/2022 20:45,2022,8,4,20,-114.01341,51.2927,AB,quarter,24
8/4/2022 21:15,2022,8,4,21,-113.64999,51.2152,AB,quarter,24
8/4/2022 22:05,2022,8,4,22,-113.05157,50.86615,AB,pea,8
8/4/2022 22:10,2022,8,4,22,-114.07188,51.04473,AB,pea,8
8/4/2022 22:15,2022,8,4,22,-112.82926,51.0962,AB,quarter,24
8/4/2022 22:30,2022,8,4,22,-113.67956,50.97324,AB,pea,8
8/4/2022 23:40,2022,8,4,23,-108.67247,54.24818,SK,pea,8
8/5/2022 0:40,2022,8,5,0,-107.12968,53.57078,SK,golf ball,43
8/5/2022 2:35,2022,8,5,2,-104.6143,52.86084,SK,nickel,21
8/5/2022 3:00,2022,8,5,3,-104.01301,53.36235,SK,quarter,24
8/5/2022 8:55,2022,8,5,8,-106.69213,52.11913,SK,chickpea,9
8/9/2022 0:10,2022,8,9,0,-98.0035,55.50643,MB,hen egg,50
8/11/2022 23:15,2022,8,11,23,-111.09136,51.79809,AB,pea,8
8/12/2022 0:30,2022,8,12,0,-110.26067,51.68354,AB,pea,8
8/12/2022 4:30,2022,8,12,4,-109.39066,51.22292,SK,dime,18
8/12/2022 22:40,2022,8,12,22,-112.2309,49.07992,AB,pea,8
8/12/2022 23:06,2022,8,12,23,-104.52213,51.95771,SK,dime,18
8/12/2022 23:40,2022,8,12,23,-105.0593,51.64316,SK,quarter,24
8/13/2022 1:50,2022,8,13,1,-117.01667,53.56667,AB,toonie,28
8/13/2022 19:55,2022,8,13,19,-97.44434,51.41236,MB,dime,18
8/13/2022 21:20,2022,8,13,21,-118.3739,55.58108,AB,pea,8
8/13/2022 21:45,2022,8,13,21,-106.05548,51.89401,SK,marble,16
8/13/2022 21:50,2022,8,13,21,-107.23966,52.40505,SK,loonie,26.5
8/13/2022 21:53,2022,8,13,21,-119.82734,55.91257,AB,pea,8
8/13/2022 22:00,2022,8,13,22,-105.98055,53.02593,SK,loonie,26.5
8/13/2022 22:00,2022,8,13,22,-104.37693,52.43435,SK,pea,8
8/13/2022 22:10,2022,8,13,22,-118.97979,55.77727,AB,pea,8
8/13/2022 22:21,2022,8,13,22,-104.68863,52.9088,SK,quarter,24
8/13/2022 22:25,2022,8,13,22,-104.18867,52.58083,SK,quarter,24
8/13/2022 22:50,2022,8,13,22,-119.82734,55.91257,AB,pea,8
8/13/2022 23:00,2022,8,13,23,-106.57507,52.31837,SK,toonie,28
8/13/2022 23:50,2022,8,13,23,-108.29746,52.77648,SK,pea,8
8/13/2022 23:50,2022,8,13,23,-104.25294,52.71385,SK,loonie,26.5
8/13/2022 23:55,2022,8,13,23,-103.78341,52.51886,SK,tennis,67
8/14/2022 0:05,2022,8,14,0,-102.65324,50.55396,SK,pea,8
8/14/2022 0:10,2022,8,14,0,-106.57507,52.31837,SK,pea,8
8/14/2022 0:15,2022,8,14,0,-106.72578,52.1341,SK,pea,8
8/14/2022 0:30,2022,8,14,0,-114.09919,52.31202,AB,pea,8
8/14/2022 0:50,2022,8,14,0,-106.6618,52.28205,SK,marble,16
8/14/2022 0:55,2022,8,14,0,-114.1422,52.56147,AB,,7
8/14/2022 2:00,2022,8,14,2,-116.87867,53.54301,AB,,7
8/14/2022 2:00,2022,8,14,2,-103.15933,51.85535,SK,pea,8
8/14/2022 2:30,2022,8,14,2,-116.43372,53.58542,AB,,7
8/14/2022 2:40,2022,8,14,2,-106.43686,51.65173,SK,loonie,26.5
8/14/2022 2:45,2022,8,14,2,-102.53451,51.57595,SK,toonie,28
8/14/2022 2:50,2022,8,14,2,-113.37988,53.58071,AB,pea,8
8/14/2022 2:55,2022,8,14,2,-102.36865,51.56302,SK,toonie,28
8/14/2022 3:00,2022,8,14,3,-113.64928,53.8018,AB,unknown,18
8/14/2022 4:45,2022,8,14,4,-112.78651,54.0931,AB,estimated 10mm,10
8/14/2022 6:10,2022,8,14,6,-105.00704,51.42335,SK,quarter,24
8/14/2022 14:45,2022,8,14,14,-101.68546,49.57683,SK,pea,8
8/15/2022 0:10,2022,8,15,0,-103.73862,49.66817,SK,tennis,67
8/15/2022 1:15,2022,8,15,1,-103.43363,49.88126,SK,tennis,67
8/15/2022 2:06,2022,8,15,2,-103.41105,49.39593,SK,marble,16
8/15/2022 2:15,2022,8,15,2,-105.12287,52.20198,SK,pea,8
8/15/2022 6:30,2022,8,15,6,-104.60896,50.45133,SK,golf ball,43
8/15/2022 7:18,2022,8,15,7,-103.86871,50.10041,SK,golf ball,43
8/15/2022 8:59,2022,8,15,8,-101.89687,50.89845,SK,toonie,28
8/15/2022 10:24,2022,8,15,10,-102.25,49.76667,SK,golf ball,43
8/15/2022 12:54,2022,8,15,12,-99.77751,49.15442,MB,pea,8
8/15/2022 21:40,2022,8,15,21,-98.77819,49.96617,MB,pea,8
8/15/2022 22:12,2022,8,15,22,-98.6197,49.82746,MB,quarter,24
8/15/2022 22:36,2022,8,15,22,-98.50679,49.6866,MB,golf ball,43
8/15/2022 23:12,2022,8,15,23,-98.34657,49.59268,MB,estimated 75mm,75
8/16/2022 22:28,2022,8,16,22,-101.10389,52.39611,MB,ping pong,40
8/17/2022 0:00,2022,8,17,0,-116.00184,52.49726,AB,toonie,28
8/17/2022 1:00,2022,8,17,1,-115.2842,52.41041,AB,pea,8
8/17/2022 21:58,2022,8,17,21,-99.49373,50.77462,MB,loonie,26.5
8/18/2022 22:10,2022,8,18,22,-100.00059,49.38623,MB,quarter,24
8/20/2022 1:20,2022,8,20,1,-118.83929,55.60474,AB,pea,8
8/21/2022 5:05,2022,8,21,5,-114.00182,53.52914,AB,pea,8
8/21/2022 9:45,2022,8,21,9,-112.77741,53.75992,AB,pea,8
8/23/2022 3:45,2022,8,23,3,-117.57941,53.39907,AB,dime,18
8/23/2022 4:25,2022,8,23,4,-114.46675,51.19174,AB,loonie,26.5
8/23/2022 4:54,2022,8,23,4,-114.07188,51.04473,AB,nickel,21
8/23/2022 5:25,2022,8,23,5,-114.01341,51.2927,AB,pea,8
8/23/2022 11:30,2022,8,23,11,-116.43372,53.58542,AB,pea,8
8/23/2022 20:41,2022,8,23,20,-100.75392,49.56727,MB,loonie,26.5
8/23/2022 21:20,2022,8,23,21,-99.83169,49.70731,MB,quarter,24
8/23/2022 22:00,2022,8,23,22,-100.52008,49.15383,MB,ping pong,40
8/26/2022 0:36,2022,8,26,0,-112.5264,49.50442,AB,,7
8/26/2022 21:20,2022,8,26,21,-113.87945,50.67654,AB,pea,8
8/27/2022 19:45,2022,8,27,19,-114.15703,51.06372,AB,pea,8
8/27/2022 19:50,2022,8,27,19,-114.32635,50.88536,AB,pea,8
8/27/2022 23:00,2022,8,27,23,-102.43701,51.63395,SK,pea,8
8/28/2022 0:17,2022,8,28,0,-109.69175,51.26175,SK,pea,8
8/28/2022 0:45,2022,8,28,0,-106.72632,52.32194,SK,pea,8
8/1/2022 23:35,2022,8,1,23,-114.196725,52.16977,AB,measured 123mm,123
7/17/2022 1:05,2022,7,17,1,-13.95,51.6228,AB,measured 30mm,30
7/16/2022 23:50,2022,7,16,23,-114.11988,51.79504,AB,larger than golf ball,50
