intersection,lat,lon,n_crosswalks
16 AV NW & BOWNESS RD NW,51.06577295729289,-114.1517145678844,5
CROWCHILD TR SW & GLENMORE TR SW,50.99983926358747,-114.11797266254428,3
16 AVE NW & UNIVERSITY DR NW,51.06816630652665,-114.12419947215051,3
COUNTRY HILLS VILLAGE WY NE & COUNTRY VILLAGE LI NE,51.15784418454836,-114.06887996530645,3
53 ST NW & VARSITY ESTATES DR NW,51.10101408872473,-114.16515371565389,3
MEMORIAL DR & ST GEORGES DR NE,51.047895000367234,-114.03193015529286,2
QUEENSLAND CIRCLE SE & QUEENSLAND DR SE,50.93985747251333,-114.02287738917977,2
68 AVE N & CENTRE ST N,51.114650876920024,-114.06613577245946,2
SIGNATURE WAY SW & SIROCCO DR SW,51.03337976008823,-114.17145769984542,2
83 ST NW & BOWFORT RD NW,51.08526509610256,-114.21044732951506,2
52 ST NW & HOME RD NW,51.07920155813313,-114.1665901087892,2
16 AVE NE & 36 ST NE,51.06690612889835,-113.9817020291901,2
16 AVE NE & 52 ST NE,51.06704343535144,-113.95876869886234,2
SILVER CREST DR NW & SILVER RIDGE DR NW,51.10346442905616,-114.19627307999113,2
FAIRMOUNT DR SE & FARRELL RD SE,50.98892530197519,-114.06186415394413,2
11 AVE SW & 2 ST SW,51.04274546166593,-114.06820591953559,2
39 AVE SE & 42 AVE SE,51.0166946504185,-114.0580847319108,2
64 ST NE & TEMPLE DR NE,51.08882068955713,-113.94189482094637,2
64 ST NW & BOWNESS RD NW,51.08675260914387,-114.1823731592889,2
COVEPARK DR NE & COVEPARK WAY NE,51.1655317210072,-114.05218321030699,2
FAIRMOUNT DR & GLENMORE TR,50.993995022945384,-114.0638219986451,2
INVERNESS PARK SE & MCKENZIE TOWNE DR SE,50.911063161483,-113.96918893179125,2
12 ST NE & 32 AVE NE,51.0814878504011,-114.02843180762146,2
CALIFORNIA BLVD NE & CATALINA BLVD,51.07521579483655,-113.9319216799764,2
52 ST SE & ERIN WOODS DR SE,51.02159626928773,-113.9584145316773,2
1A ST SW & 58 AVE SW,51.00137186544532,-114.06741339306683,2
BRAESIDE DR SW & BRANIFF RD SW,50.954250965711644,-114.10338119678022,2
BRACEWOOD DR SW & BRAESIDE DR SW,50.95411750174223,-114.11355112233136,2
BARLOW TR SE & GLENMORE TR SE,50.97911931982054,-113.98174413494634,2
16 ST NW & 24 AVE NW,51.07428816422179,-114.09938744622646,2
CROWFOOT CIRCLE NW & CROWFOOT WAY NW,51.12498300242417,-114.20481447209008,2
HIDDEN RANCH CR NW & HIDDEN VALLEY DR NW,51.15072413120115,-114.11979911685715,2
16 ST SW & 26 AVE SW,51.03044510502794,-114.09952726407954,2
SILVER RIDGE DR NW & SILVER SPRINGS BLVD NW,51.106116782958004,-114.19303955338293,2
130 AVE SE & 52 ST SE,50.93012825531703,-113.95810399739787,2
8 AVE SW & WESTMINSTER DR SW,51.04512930244047,-114.15887672810851,2
7 AVE SW & 9 ST SW,51.04692488782787,-114.083605343084,2
137 AVE SE & DEER RIDGE DR SE,50.92923347982648,-114.02143744478579,2
25 AV SE & SPILLER RD SE,51.02967560091355,-114.05105332022521,2
RICHMOND RD SW & SARCEE TR SW,51.01800831324978,-114.16514968016736,2
14 AVE NW & 14 ST NW,51.06440137981903,-114.09468731717502,2
TEMPLE DR NE & TEMPLEMONT DR NE,51.09188935646,-113.95228194773495,2
CEDAR CR SW & SPRUCE DR SW,51.0496476240328,-114.13563204679659,2
ACADIA DR SE & LAKE BONAVISTA DR SE,50.93976891237759,-114.046299087417,2
MILLBANK DR SW & MILLRISE DR SW,50.91691111192961,-114.08134128530902,2
RICHMOND RD SW & STEWART GREEN SW,51.01751395474436,-114.1694885726205,2
GLENMORE TR SE & OGDEN RD SE,50.97905138769795,-113.99877047987708,2
19 ST NE & AIRPORT TR NE,51.14008170736584,-114.01394671685802,2
68 ST SE & APPLEWOOD DR SE,51.04413360718003,-113.93510818364668,2
DALHOUSIE DR NW & DALTON DR NW,51.104120861243345,-114.15116474575727,2
CROWCHILD TR NW & SARCEE TR NW,51.11049090226361,-114.17848200851229,2
TUSCANY BLVD NW & TUSCANY WAY NW,51.123675980416216,-114.24697924026711,2
RANCHLANDS BLVD NW & RANCHVIEW DR NW,51.118108827648044,-114.18006186438183,2
DALTON BAY NW & DALTON DR NW,51.105524747714284,-114.14702763449284,2
11 ST SE & 21 AVE SE,51.03433133646284,-114.03675526377933,2
SUNPARK DR SE & SUNPARK PLAZA SE,50.902678044010464,-114.05515822430274,2
80 AVE NE & SADDLETOWNE CIRCLE NE,51.12493177235053,-113.94952615079103,2
MAHOGANY PLAZA SE & MAHOGANY ST SE,50.897058254289604,-113.94028975811398,2
4 ST SW & EAU CLAIRE AVE SW,51.0522066758439,-114.07147064661358,2
CROWCHILD TR NW & NOSE HILL DR NW,51.12071364121472,-114.20192052520252,2
63 ST NW & BOWNESS RD NW,51.085905160612796,-114.18046135601652,2
BOWNESS RD NW & POINT DR NW,51.061590706453174,-114.14478127958212,2
SACRAMENTO DR SW & SHILLINGTON CR SW,50.95920239779282,-114.07699305585325,2
CANOVA RD SW & CANTERBURY DR SW,50.94578243274404,-114.0890666461413,2
17 AVE SE & 26 ST SE,51.03743975000337,-113.995575472523,2
18 ST SE & GLENMORE TR SE,50.980366327195554,-114.01577927434658,2
23 ST NW & 24 AVE NW,51.07429899365248,-114.11578852810473,2
EDGEBURN CR NW & EDGEPARK BLVD NW,51.13488895033808,-114.1575516176278,2
55 ST NE & TEMPLE DR NE,51.088832943027796,-113.95330766394117,2
EDGEBYNE CR NW & EDGEPARK BLVD NW,51.12779005380317,-114.15461920114913,2
18 ST SE & QUARRY PARK BLVD SE,50.96145581047531,-114.0107793718403,2
STRATHCONA DR SW & STRATHLEA CRESCENT SW,51.050733256694684,-114.20613394374462,2
KISS AND RIDE ENTRANCE & SCENIC ACRES PARADE NW,51.122138989488406,-114.20793434037677,2
ROYAL BIRKDALE CR NW & ROYAL BIRKDALE DR NW,51.1459514307232,-114.22383311471472,2
BONAVENTURE DR SE & LAKE BONAVISTA DR SE,50.943767182821986,-114.06125003920464,2
49 AVE SW & 8 ST SW,51.00960970203353,-114.08264788208953,2
CANTERBURY DR SW & ELBOW DR SW,50.944744087931795,-114.08506975453972,2
ERIN PARK DR SE & ERIN WOODS DR SE,51.02116470212184,-113.96418728999154,2
5 AVE SE & MACLEOD TR S,51.04849172458705,-114.05787078186752,2
1 AVE SW & 7 ST SW,51.052310953681,-114.07766965811788,2
34 AVE SE & 9 ST SE,51.02309449850269,-114.04123602893787,2
MARTINDALE BLVD NE & MARTINDALE DR NE,51.11792071728646,-113.95377627738279,2
COVENTRY HILLS WAY NE & COVEPARK DR NE,51.16698681591949,-114.05280683265485,2
4 AVE SE & MACLEOD TR S,51.04948917292727,-114.05779470279693,2
SETON CR & SETON WAY SE,50.87823614256783,-113.95696903214451,2
BLACKFOOT TR SE & OGDEN RD SE,51.029849393040394,-114.0317918166784,2
33 AVE SW & CROWCHILD TR SW,51.0239671144518,-114.11787917555358,2
4 AVE SW & 6 ST SW,51.049381596822066,-114.07604626581809,2
1 AVE NE & 4 ST NE,51.05336514220163,-114.0517028955536,2
HAWKSBROW DR NW & HAWKWOOD BLVD NW,51.127670603605516,-114.17181067748382,2
LEGACY CIRCLE SE & LEGACY VIEW SE,50.85762497053434,-114.01080108469982,2
14 ST NW & MACEWAN DR NW,51.137559661362815,-114.10800593871596,2
CASTLERIDGE BLVD NE & WESTWINDS DR,51.10473802786413,-113.96502066921579,2
17 AVE SW & 38 ST SW,51.037837852643705,-114.14331896274686,2
5 ST SE & 7 AVE SE,51.04592323533127,-114.05070515928031,2
4 ST NE & HUNTSTROM DR NE,51.122434786857546,-114.05359813631969,2
53 ST NW & CROWCHILD TR NW,51.105070037568225,-114.16513549539175,2
1 ST SE & RIVERFRONT AVE SE,51.05073697616426,-114.06010198661681,2
NOLANRIDGE CR NW & SARCEE TR NW,51.17067728345722,-114.17076508086362,2
VARSITY ESTATES CR NW & VARSITY ESTATES DR NW,51.10516284296039,-114.17865216920008,2
53 ST NW & DALHOUSIE DR NW,51.11070545825023,-114.15917470448416,2
CHARLESWOOD DR NW & JOHN LAURIE BLVD NW,51.09661630306341,-114.11682412473905,2
17 AVE SW & 5 ST SW,51.03793790278027,-114.07427960223055,2
12 AVE SW & 14 ST SW,51.04235241996536,-114.09486348184589,2
EVERBROOK DR SW & FISH CREEK BLVD SW,50.919799745216565,-114.11263057448427,2
1 ST SW & 18 AVE SW,51.03706530743509,-114.06588276841862,2
54 AVE NW & SILVER SPRINGS BLVD NW,51.10185392476866,-114.18978451966387,2
EVANSTON VIEW NW & SYMONS VALLEY PARKWAY NW,51.16822440886371,-114.11743487014922,2
PARKLAND BLVD SE & PARKSIDE DR SE,50.92607498261814,-114.03266498363067,2
EVANSTON DR NW & SYMONS VALLEY PARKWAY NW,51.17583424111727,-114.10677992979659,2
62 ST NW & BOWNESS RD NW,51.084969855011934,-114.17846612872158,2
CASTLEBROOK DR NE & CASTLEBROOK RD NE,51.104390418028174,-113.96197789981608,1
CARLTON ST SW & FRONTENAC AVE SW,51.0296991669129,-114.08895272701584,1
CAROL DR NW & NORTHMOUNT DR NW,51.08306979192122,-114.09706462685116,1
CASTLERIDGE BLVD NE & REGIONAL PARK ENTRANCE,51.103488794351144,-113.96898368019386,1
CASTLERIDGE BLVD NE & WESTWINDS CR,51.10555691397683,-113.96980690204168,1
CASTLEGLEN RD/C-RIDGE W & CASTLERIDGE DR NE,51.107313306551085,-113.95075166431783,1
CANYON MEADOWS DR SW & ELBOW DR SW,50.93945248609623,-114.08536065482944,1
CANYON MEADOWS DR SE & QUEEN CHARLOTTE DR SE,50.93183167600295,-114.02302462301316,1
CAPITOL HILL CR NW & MORLEY TR NW,51.08157716691332,-114.11993709957504,1
CASTLEBROOK DR NE & CASTLEBURY WAY NE,51.10384860985854,-113.96113369562428,1
CARLETON ST SW & PREMIER WAY SW,51.02607102957192,-114.0902541736388,1
CASTLEBROOK DR NE & CASTLEFALL RD,51.10346731262925,-113.95890230298647,1
CAPRI AVE NW & CHARLESWOOD DR NW,51.091623572341355,-114.11547158069352,1
CARLETON ST SW & MONTCALM CR SW,51.02712737990144,-114.09063041619436,1
CARLETON ST SW & COUNCIL WAY SW,51.02411526509622,-114.09047917181827,1
CARDELL ST NE & COLGROVE AV/ CHILD AV,51.05556629287296,-114.03052014543904,1
CASTLEBROOK DR NE & CASTLEGROVE RD NE,51.105849386057315,-113.96275939102048,1
CASTLEDALE CRES NE & CASTLERIDGE DR NE,51.108014248129166,-113.95932215524246,1
CASTLEBROOK DR NE & CASTLERIDGE DR NE,51.107425078484894,-113.96276352261935,1
CARMANGAY CRES NW & COLLINGWOOD DR NW,51.08505445624345,-114.1051376588644,1
CENTRE ST N & SAMIS RD N,51.05521355762474,-114.06241674954076,1
CASTLERIDGE DR NE & CASTLERIDGE RD/WEST LEG,51.10814334027324,-113.9523549866201,1
CASTLERIDGE PLAZA ENT. & FALCONRIDGE BLVD NE,51.09838811157077,-113.9584788477513,1
CHAPARRAL VALLEY DR SE & CHAPARRAL VALLEY SQUARE SE,50.88592646507519,-114.01529805794344,1
CHARLESWOOD DR NW & CHICOUTIMI DR NW,51.08630199855437,-114.12100265879126,1
CHARLESWOOD DR NW & MORLEY TR NW,51.083892152991595,-114.1243411335559,1
CHARLESWOOD DR NW & NORTHMOUNT DR NW,51.08928300006589,-114.11732035170684,1
CHARLOTTE WY SE & QUEEN CHARLOTTE DR SE,50.93406003012348,-114.02341345070796,1
CHILCOTIN RD NW & NORTHMOUNT DR NW,51.0886744692338,-114.11451992562122,1
CHILDRENS DR NW & CHILDRENS WY NW,51.07642917987494,-114.14770920563384,1
CHILDRENS WY NW & MCLAURIN ST NW,51.0767250973058,-114.14699152123696,1
CHISHOLM CR NW & NORTHMOUNT DR NW,51.08804825435243,-114.11152163076768,1
CHRISTIE ESTATES BLVD & CHRISTIE KNOLL  HTS,51.04105370001061,-114.18280571101494,1
CHURCHILL DR SW & COLLEEN AVE SW,50.98099092391755,-114.09145551695946,1
CHURCHILL DR SW & HERITAGE DR SW,50.979576716478306,-114.0916738151022,1
CITADEL BLUFF CLOSE NW & CITADEL WAY NW,51.14649759889251,-114.19250396930424,1
CITADEL BLVD NW & CITADEL DR NW,51.14465027776925,-114.17320874465888,1
CITADEL BLVD NW & CITADEL PEAK CIRCLE NW,51.14465024740825,-114.17052644615823,1
CITADEL BLVD NW & SARCEE TR NW,51.14463622821521,-114.16823131682185,1
CITADEL CREST CIR NW & CITADEL DR NW,51.1442147126866,-114.18186923239112,1
CITADEL CREST PARK NW & CITADEL DR NW,51.146860570587705,-114.1726237127462,1
CITADEL DR NW & CITADEL GATE,51.142494852669486,-114.18014069558065,1
CITADEL DR NW & CITADEL LI NW,51.14037067101486,-114.17282574756952,1
CITADEL DR NW & CITADEL MEADOWS CL NW,51.14793866234137,-114.1808823733695,1
CITADEL DR NW & CITADEL WAY NW,51.14652006246202,-114.18171605103296,1
CITADEL HILLS GREEN & CITADEL LINK NW,51.13872607935605,-114.1718324890726,1
CITADEL LINK NW & COUNTRY HILLS BLVD NW,51.13735639564051,-114.1721100001088,1
CITADEL MEADOWS PT & CITADEL WAY NW,51.146871825845565,-114.18610594576862,1
CITADEL RIDGE PARK NW & CITADEL WAY NW,51.14690462945809,-114.18854398645212,1
CITADEL VISTA CL NW & CITADEL WAY NW,51.14396463830583,-114.19556857362636,1
CHAPARRAL RIDGE CIRCLE SE & CHAPARRAL RIDGE DR SE,50.88602947846633,-114.02287093503976,1
CHAPARRAL DR SE & CHAPMAN GR SE,50.88559001918506,-114.02668062111276,1
CHAPARRAL DR SE & CHAPARRAL WAY SE,50.886575563704056,-114.03193683672065,1
CENTRE ST N & MCKNIGHT BLVD N,51.09603250166948,-114.0624149084434,1
CATALINA BLVD & COSTA MESA CLOSE,51.08636093494255,-113.93086138566665,1
CATALINA BLVD & LAGUNA WAY,51.084054289329046,-113.93124841194962,1
CATALINA BLVD & PASADENA GARDENS,51.076976847454105,-113.93140961340636,1
CAWDER DR NW & NORTHMOUNT DR NW,51.08410087366033,-114.09898906193084,1
CAYLEY RD SE & LONGVIEW COMMON SE,50.86413626898,-114.0312488457524,1
CEDARDALE HILL SW & CEDARILLE DR SW,50.95739032628359,-114.13610432871737,1
CEDARILLE DR SW & CEDARILLLE CR SW,50.958202058628835,-114.13610520826548,1
CEDARILLE DR SW & OAKFIELD DR SW,50.959718050707224,-114.13238310381443,1
CENTRE ST N & HOWSE LN NE,51.18839506858808,-114.07130841291342,1
CENTRE ST N & LIVINGSTON AV NE,51.18666375672896,-114.071305181981,1
CENTRE ST N & LIVINGSTON PR NE,51.18502634150717,-114.07127860353796,1
CENTRE ST N & LIVINGSTON VW NE,51.189851329073875,-114.07128167905924,1
CENTRE ST N & NORTHMOUNT DR NW,51.10264598181308,-114.06245061430532,1
CHAPARRAL DR SE & CHAPARRAL VILLA SE,50.88510359317816,-114.0462640565228,1
CENTRE ST N & TACHE AVE NW,51.10806236283062,-114.06243133083862,1
CENTRE ST S & MEMORIAL DR NE,51.05377118157098,-114.06247714450188,1
CENTRE ST S & RIVERFRONT AVE S,51.052023859809054,-114.06258035580404,1
CHAPALA CR SE & CHAPALA DR SE,50.88358788893823,-114.02994392358202,1
CHAPALA DR SE & CHAPARRAL DR SE,50.88531113039392,-114.0299911131504,1
CHAPALA GA SE & CHAPARRAL DR SE,50.87969125714074,-114.0375189519908,1
CHAPALA WAY SE & CHAPARRAL BLVD SE,50.880688779700435,-114.02444906769108,1
CHAPALINA CL SE & CHAPRRAL DR SE,50.88296935628104,-114.04384092731269,1
CHAPALINA CLOSE SE & CHAPALINA CLOSE SE,50.88236380381835,-114.04441329423982,1
CHAPARRAL BLVD SE & CHAPARRAL DR SE,50.8858419114076,-114.02469412593987,1
CHAPARRAL DR SE & CHAPARRAL PARK SE,50.88678637303516,-114.03740175226548,1
CHAPARRAL DR SE & CHAPARRAL RD SE,50.88529999240379,-114.02858038030188,1
CANYON MEADOWS DR SE & PARKLAND BLVD,50.930242723286504,-114.0385493561983,1
#99 WOODBOROUGH RD SW & WOODBOROUGH RD SW,50.94359560422506,-114.1330351991283,1
CANYON MEADOWS DR SE & MACLEOD TR S,50.931855864407694,-114.06958152304114,1
BRANTFORD CR NW & NORTHMOUNT DR NW,51.09005676023151,-114.1209788768486,1
BOW TR SW & STRATHCONA BLVD SW,51.05221550408255,-114.18175457034688,1
BOW TR SW & W OF 45 ST SW,51.05091142792145,-114.15956952135863,1
BOWFORT RD NW & BOWRIDGE CR NW,51.08386905204708,-114.208834480515,1
BOWFORT RD NW & GREENBRIAR VIEW NW,51.08798432757551,-114.22402940666716,1
BOWFORT RD NW & GREENBRIAR WY NW,51.086307631749506,-114.21764654237896,1
BOWLEN ST NW & CAPRI AVE NW,51.09328563663567,-114.1210473816512,1
BOWLEN ST NW & NORTHMOUNT DR NW,51.09084920147509,-114.12370456842592,1
BOWNESS RD NW & HOME RD NW,51.07528040151985,-114.16441541845002,1
BOWNESS RD NW & MONSERRAT DR NW,51.076799757747565,-114.1699045800512,1
BOWNESS RD NW & SHAGANAPPI TR NW,51.06340458181486,-114.14908173053972,1
BRADBURY DR SW & SOUTHLAND DR SW,50.961427046367646,-114.09892443012004,1
BRAESIDE DR SW & SOUTHLAND DR SW,50.9614510771733,-114.10334443110976,1
BRANTFORD DR NW & BRENTWOOD BLVD NW,51.08671672084983,-114.12559897429324,1
BRIDLERIDGE HT SW & BRIDLERIDGE WAY SW,50.90324782489593,-114.11047383246743,1
BRANTFORD DR NW & BURGESS DR NW,51.08801535611972,-114.12375879371382,1
BRENNER CR NW & BRENNER DR NW,51.1047161213725,-114.13600984558728,1
BRENNER DR NW & JOHN LAURIE BV NW,51.106058712926675,-114.13259981061152,1
BRENTWOOD BLVD NW & BRISEBOIS DR NW,51.09132345677486,-114.13078760055686,1
BRENTWOOD MALL & CHARLESWOOD DR NW,51.08459804427052,-114.12350458229818,1
BRENTWOOD RD NW & BRISEBOIS DR NW,51.089608431461315,-114.1335770047212,1
BRENTWOOD RD NW & CROWCHILD TR NW,51.08573634999035,-114.1283235983514,1
BRENTWOOD RD NW & DRIVE WAY INTO CO-OP,51.08762737273768,-114.13152220294285,1
BRIDLECREEK GATE & BRIDLEWOOD DR SW,50.89735590918334,-114.09936184646638,1
BRIDLECREEK PARK SW & BRIDLEWOOD DR SW,50.89956012040449,-114.09928663923132,1
BRIDLECREST BV SW & BRIDLECREST DR SW,50.905049578442856,-114.1197872362782,1
BRIDLEGLEN MR SW & BRIDLERIDGE WAY SW,50.90562932766445,-114.1104469732286,1
BOW TR SW & SARCEE TR SW,51.052649578196934,-114.16433985486626,1
BOW TR SW & ROSSCARROCK GATE SW,51.04696186627386,-114.14687864243416,1
BOW CR/BOWWOOD DR NW & BOWNESS RD NW,51.08016705842789,-114.17329426533664,1
BOW BOTTOM TR SE & FISH CREEK PARK,50.90976376938288,-114.0161469600505,1
BISHOP WAY SW & DIEPPE DR SW,51.01763809740768,-114.12856727712791,1
BISHOP WY SW & RICHARDSON WAY SW,51.01483642794073,-114.12931143867368,1
BLACKFOOT TR SE & GLENMORE TR SE,50.99252114971837,-114.0532233772982,1
BLACKFOOT TR SE & HERITAGE DR SE,50.980752377336714,-114.05007355717878,1
BLACKFOOT TR SE & HIGHFIELD RD SE,51.02092953753907,-114.04789518803724,1
BLACKFOOT TR SE & MANHATTAN RD SE,51.0112169543208,-114.04863532784272,1
BLACKFOOT TR SE & SOUTHLAND DR SE,50.96579237150498,-114.03856696720298,1
BLACKTHORN RD NE & CENTRE ST N,51.107208904162576,-114.06243904172594,1
BLAKISTON DR NW & BRENTWOOD RD NW,51.08901965787846,-114.13272500024902,1
BONAVENTURE DR & CANYON MEADOWS DR SE,50.930226139948346,-114.06261243046724,1
BONAVENTURE DR SE & BTW 86 & 90 AVE SE,50.97422735650149,-114.06860582012656,1
BONAVENTURE DR SE & BTW 90 & 94 AVE,50.97042143107919,-114.06878812166232,1
BONAVENTURE DR SE & FAIRMOUNT DR SE,50.95353903115459,-114.0608509416918,1
BONAVENTURE DR SE & HEARTHSTONE PL (W INT),50.954930960172106,-114.067944029539,1
BONAVENTURE DR SE & HERITAGE DR SE,50.97958502554358,-114.06791828372148,1
BONAVENTURE DR SE & LAKE MORAINE RD SE,50.94365849030313,-114.06089876083088,1
BONAVENTURE DR SE & LAKE SIMCOE CR SE,50.93423707492471,-114.06483130841256,1
BONAVENTURE DR SE & S OF 99 AVE,50.96002343372471,-114.06884636655728,1
BONAVENTURE DR SE & SOUTHCENTRE EAST ENT,50.95226602937225,-114.0602845483128,1
BONAVENTURE DR SE & SOUTHLAND DR SE,50.96504269846046,-114.06809594701345,1
BONAVENTURE DR SE & TWO BLOCKS WEST OF FAIRMOUNT DR,50.95416766946986,-114.0657928798578,1
BONAVENTURE DR SE & WILLOW PARK DR SE,50.95792417376704,-114.06892586464302,1
BOULTON RD NW & NORTHMOUNT DR NW,51.096020585589905,-114.13969096433114,1
BOW BOTTOM TR SE & CANYON MEADOWS DR SE,50.93121465148638,-114.03230134914097,1
BOW BOTTOM TR SE & DIAMOND DR SE,50.94120794767815,-114.02927076062784,1
BRIDLERANGE GA SW & BRIDLERIDGE HT SW,50.903134111030305,-114.11314452679558,1
BRIDLERIDGE WAY SW & BRIDLEWOOD RD SW,50.90214202559137,-114.10923515575196,1
CANYON MEADOWS DR SE & LAKE LUCERNE RD SE,50.92930432684951,-114.04521865937976,1
CANDLE CRESCENT SW & ELBOW DR SW,50.93850782662367,-114.08510569472416,1
BY LRT BUS LOOP EAST SIDE & HERITAGE DR SW,50.97941886675327,-114.07423720095596,1
BY LRT BUS LOOP WEST SIDE & HERITAGE DR SW,50.97944196713585,-114.07530730365534,1
Bergen RD NW & Bermuda DR NW,51.12940827234637,-114.07499786691228,1
CALANDAR RD NW & NORTHMOUNT DR NW,51.0856771856092,-114.10179113312957,1
CITY WORKS ROAD & RICHMOND RD SW,51.01658773180112,-114.1727567150282,1
CALIFORNIA BLVD & DEL RAY ROAD,51.0710118886384,-113.92782049585772,1
CAMBRIAN DR NW & COMMERCE ST NW,51.08229544510424,-114.09135997029524,1
CAMBRIAN DR NW & NORTHMOUNT DR NW,51.083026595716454,-114.09247996420612,1
CAMBRIAN DR NW & ROSEHILL DR NW,51.078970470987024,-114.08616299356652,1
CAMBRIAN DR NW & ROSEWOOD RD NW,51.081140616623095,-114.08952981233983,1
CANATA CLOSE  SW & CANATA CLOSE ST. CATHERINE,50.94435635323455,-114.08685875239937,1
CANATA CLOSE SW & ELBOW DR SW,50.94433312013469,-114.08575853917029,1
CANFIELD CR SW & CANTERBURY DR SW,50.94787398106101,-114.078981770963,1
BRIDLEWOOD DR SW & BRIDLEWOOD RD SW,50.90239766625604,-114.09998044503556,1
CANMORE RD & COCHRANE RD NW,51.08078938930285,-114.11610089070462,1
CANNELL RD SW & CANTERBURY DR SW,50.94069917597968,-114.07516026533352,1
CANSO CRESCENT SW & CANYON MEADOWS DR SW,50.93990194839311,-114.09034208728602,1
CANTABRIAN DR SW & CANTERBURY DR SW,50.9462525530296,-114.07597547322692,1
CANTABRIAN DR SW & ELBOW DR SW,50.945970070597454,-114.08484218929443,1
CANTERBURY DR SW & CANTREE RD SW,50.93887981371765,-114.0747041020922,1
CANTERBURY DR SW & CANYON MEADOWS DR SW,50.93688360082139,-114.0809385762818,1
CANYON MEADOWS DR & E LEG,50.93103191876107,-114.06780521278384,1
CANYON MEADOWS DR SE & DEER RIDGE DR SE E LEG,50.932048683570535,-114.01745232513126,1
CANYON MEADOWS DR SE & DEER RIDGE DR SE W LEG,50.931838430460495,-114.02705630366158,1
CANYON MEADOWS DR SE & DERR RUN BLVD SE,50.93337264226871,-114.01019204315593,1
CANYON MEADOWS DR SE & LAKE FRASER DR SE,50.930459297761146,-114.06599366026671,1
BY DOLLARAMA & NA'A DR SW,51.08077306855644,-114.1991958731772,1
BY 6841 & COACH HILL RD SW,51.05824686857842,-114.187657709767,1
BY 67 DOUGLASBANK DR SE & DOUGLASBANK DR SE,50.94531804700033,-114.00792977778455,1
BY 476 AT TRAFFIC CIRCLE & SHAWNEE BLVD SW,50.92529350395423,-114.08987357410372,1
BRIDLEWOOD DR SW & S OF 200 BRIDLEWOOD PL SW,50.90115548199889,-114.09935975230388,1
BRIDLEWOOD GARDEN SW & BRIDLEWOOD ST SW,50.90140700639037,-114.10448740955285,1
BRIDLEWOOD LINK SW & BRIDLEWOOD RD SW,50.90223626817141,-114.10125266828533,1
BRIDLEWOOD RD SW & BRIDLEWOOD ST SW,50.90219789900367,-114.10448917117192,1
BRIDLEWOOD RD SW & JAMES MCKEVITT RD SW,50.902867494061674,-114.09836734262542,1
BRIGHTONCREST RI SE & NEW BRIGHTON DR SE,50.92179463997857,-113.94651695134895,1
BRIGHTONCREST TC SE & NEW BRIGHTON DR SE,50.923281693547345,-113.9383897501436,1
BRIGHTONDALE PARK SE & NEW BRIGHTON DR SE,50.91647242247185,-113.9454419218502,1
BRIGHTONSTONE BA SE & BRIGHTONSTONE GD SE,50.920195154499766,-113.95346566741168,1
BRIGHTONWOODS SE & NEW BRIGHTON DR SE,50.92096467469541,-113.93608341322002,1
BRISEBOIS DR NW & BULYEA RD NW,51.09906043167486,-114.12852098595825,1
BRISEBOIS DR NW & CAPRI AVE NW,51.095516656353865,-114.1262232616414,1
BRISEBOIS DR NW & NORTHMOUNT DR NW,51.093093205186065,-114.12886567363132,1
BROOKLYN CR NW & CHARLESWOOD DR NW,51.08853081658605,-114.1179350326798,1
BROOKPARK BLVD SW & SOUTHLAND DR SW,50.96133410271268,-114.10943151334988,1
BROOKPARK DR SW & N OF 239 BROOKPARK DR,50.955713103018496,-114.11405011203176,1
BTW GSL & GREYHOUND STA & GREYHOUND WAY,51.046458591973824,-114.09978349450326,1
BTW LANCING AV & LARKS WY SW & LONGRIDGE DR SW,50.99498146384705,-114.11580384568396,1
BUFFALO RUBBING STONE ELEMENTARY SCHOOL & PANATELLA HILL NW,51.16787580025197,-114.08816143469464,1
BULYEA RD NW & NORTHMOUNT DR NW,51.09534834382417,-114.13411259133896,1
BUS ONLY LRT ENTRANCE & WESTWINDS DR NE,51.108003988855344,-113.97439769723492,1
BUTTON RD NW & NORTHMOUNT DR NW,51.096013933456774,-114.13845960586607,1
BY 104 SILVERADO WAY SW & SILVERADO WAY SW,50.881420565040365,-114.07364004908224,1
BY 130 GREENBRIAR DR NW & GREENBRIAR DR NW,51.08877083009437,-114.22132152022398,1
BY 150 PANATELLA CIR NW & PANATELLA CIR NW,51.16164141348888,-114.07330252736617,1
CITADEL WAY NW & COUNTRY HILLS BLVD NW,51.142704682654994,-114.19544735696768,1
CORAL SPRINGS BLVD & CORAL SPRINGS CIR,51.10798722891998,-113.9330207888007,1
CITYSCAPE BLVD NE & CITYSCAPE DR NE,51.14719083634012,-113.9663235857448,1
DALFORD RD NW & DALHART RD NW,51.10907836296178,-114.15419829082404,1
DALGETTY DR NW & DALGETTY PL NW,51.104339982120415,-114.15020541975515,1
DALGETTY DR NW & DALHOUSIE DR NW,51.10341294843043,-114.15019111529938,1
DALGHETTY DR NW & DALLYN ST NW,51.1055590965308,-114.14978025797124,1
DALGLEISH RD NW & DALHART RD NW,51.10852953266909,-114.15175619640128,1
DALGLEISH RD NW & DALLYN ST NW,51.10662892432601,-114.15287778424324,1
DALHAM CR NW & DALHOUSIE DR NW,51.10657914209693,-114.15877926529298,1
DALHART RD NW & DALTON DR NW,51.107383249742306,-114.14612775844128,1
DALHOUSIE DR NW & DALHOUSIE LRT STATION,51.10410134386006,-114.15781367641856,1
DALHOUSIE DR NW & DALMENY GATE NW,51.115801190759534,-114.16127739365906,1
DALHOUSIE DR NW & N OF DALRYMPLE WAY NW,51.11377319352087,-114.1661574889928,1
DALHOUSIE DR NW & SHAGANAPPI TR NW,51.10266677157146,-114.14276953556596,1
DEER RIDGE DR SE & DEER RIDGE WAY SE,50.92553399258934,-114.02232339989403,1
DEER RIDGE DR SE & DEERPOINT RD,50.926437300920895,-114.02449550857882,1
DEER RUN BLVD SE & DEERCROSS RD SE S. LEG,50.92538621576146,-114.00635100196838,1
DEER RUN BLVD SE & DEERMOSS CRES SE,50.92900790220527,-114.01088931114025,1
DEER RUN BLVD SE & DEERWOOD RD SE/S LEG,50.926787884800575,-114.00874495182626,1
DEER RUN DR SE & DEERCROFT WAY SE,50.919680265855256,-113.9994149031154,1
DEER RUN DR SE & DEERFIELD DR SE,50.917737538535874,-114.012208483832,1
DEER RUN DR SE & DEERPARK RD/DEERSIDE DR,50.918065439804785,-114.0083995727086,1
DEERFEILD TER/CIRCLE SE & DEERFIELD DR SE,50.92338664471071,-114.02002035440496,1
DEERFIELD DR SE & DEERSAXSON GATE SE,50.92133416796327,-114.01694869833293,1
DEERVIEW DR SE & S. OF 200 DEERVIEW CT,50.92818361060928,-114.02082733146524,1
DIAMOND DR SE & DIAMOND VW SE,50.9461533226638,-114.02200669350556,1
DISCOVERY RIDGE BLVD SW & DISCOVERY RIDGE COVE,51.01238441606532,-114.2078405277824,1
DISCOVERY RIDGE BLVD SW & DISCOVERY RIDGE DR,51.011837358369135,-114.19999071369884,1
DISCOVERY RIDGE BLVD SW & DISCOVERY RIDGE LANE,51.015216810849395,-114.21397017875918,1
DOUGLAS GLEN BLVD SE & DOUGLAS GLEN CR SE,50.9531102903627,-114.00461986791576,1
DALFORD RD NW & DALHOUSIE DR NW,51.10552924936656,-114.15637246297652,1
DALFORD HILL NW & DALFORD RD NW,51.10717330486467,-114.15506449323432,1
DOUGLAS PARK BLVD SE & DOUGLAS VIEW RD SE,50.93535281907879,-113.98955754448468,1
CROWFOOT RD NW & NOSE HILL DR NW,51.125947174952245,-114.1963785218425,1
CREEKSIDE BV & CREEKSTONE DR SW,50.858895066916894,-114.06485635667612,1
CREEKSIDE BV SW & SHERIFF KING ST SW,50.85889262547975,-114.07087498865218,1
CREEKSTONE DR SW & CREEKVIEW DR SW,50.85417821867488,-114.06481645608524,1
CREEKVIEW DR SW & SHERIFF KING ST SW,50.854238615640135,-114.07089323515694,1
CRESCENT BLVD SW & LANSDOWNE AVE SW,51.0141969771453,-114.07485360041844,1
CRESTBROOK WY SW & CRESTMONT BV SW,51.085770878589805,-114.2703507675372,1
CRESTMONT BLVD SW & CRESTMONT DR SW,51.08627445337656,-114.26346860608622,1
CRESTMONT BV SW & CRESTRIDGE HL SW,51.0850083547174,-114.27409480005136,1
CRIMSON RIDGE GA NW & NOSE HILL DR NW,51.10829477258887,-114.26513923108918,1
CROSSROADS HOTEL ENTRAN & NORTH SERVICE RD,51.067228509564075,-114.01068755765355,1
CROWCHILD TR & SCENIC ACRES PARADE NW,51.12113379282254,-114.206473433975,1
CROWCHILD TR NW & CROWFOOT PARADE NW,51.1238329230954,-114.20890734918662,1
CROWCHILD TR NW & DALHOUSIE LRT ACCESS,51.104596935677264,-114.16041091548009,1
CROWCHILD TR NW & KENSINGTON RD NW,51.05249676744863,-114.1179427367888,1
CROWCHILD TR NW & NORTHLAND DR NW,51.09374270274406,-114.14215958276536,1
CROWCHILD TR NW & SHAGANAPPI TR NW,51.09806779205612,-114.14948152370364,1
CROWCHILD TR NW & TWELVE MILE COULEE RD NW,51.143435198021834,-114.25699102262888,1
CROWCHILD TR SW & FLANDERS AVE SW,51.01611217734435,-114.11764660942808,1
CROWCHILD TR SW & LINDEN DR SW,50.99136381330665,-114.11806816889651,1
CROWCHILD TR SW & LONGRIDGE DR SW,50.995335545071725,-114.1179121118478,1
CROWCHILD TR SW & RICHARD RD SW,51.01486963442385,-114.1192971321983,1
CROWFOOT CIRCLE NW & CROWFOOT PARADE NW,51.124643564633146,-114.2078040326018,1
CROWFOOT CIRCLE NW & E OF CROWFOOT PARADE NW,51.12373710477227,-114.20658231707012,1
CROWFOOT CRESCENT NW & CROWFOOT RD NW,51.126609084444,-114.19795987712764,1
CROWFOOT CRESCENT NW & CROWFOOT TERRACE NW,51.12826560457184,-114.20420386797308,1
CROWFOOT CRESCENT NW & CROWFOOT WAY NW,51.12493517908397,-114.20016467498924,1
CROWFOOT PARADE NW & SCENIC ACRES PARADE NW,51.12218232653635,-114.21055546415934,1
DOUGLAS PARK BLVD SE & DOUGLAS VIEW BLVD SE,50.93768491788856,-113.99325949135786,1
DOUGLAS PARK BLVD SE & DOUGLASDALE BLVD SE,50.94220460236595,-114.00011445431343,1
CITYSCAPE DR NE & CITYSCAPE GATE NE,51.152345976343895,-113.95839123201392,1
EDGEBROOK DR NW & EDGEBROOK LANDING NW,51.13662304832603,-114.1316976892486,1
EDGEBROOK DR NW & EDGEBROOK RISE NW,51.13468162145326,-114.13414127240416,1
EDGEBROOK DR NW & EDGEMONT BLVD NW,51.12774921588836,-114.13859453787002,1
EDGEBROOK DR NW & N OF EDGEBROOK CLOSE NW,51.13235690165231,-114.13446068611444,1
EDGEDALE DR NW & EDGEDALE RD NW,51.11859645257158,-114.15655954700917,1
EDGEDALE DR NW & EDGELAND RD NW,51.126011036814745,-114.15538505798078,1
EDGEDALE DR NW & EDGEMONT BLVD NW,51.11873569207942,-114.15546987505944,1
EDGEHILL DR NW & EDGEMONT BLVD NW,51.121580589092986,-114.1542707918998,1
EDGEMONT BLVD NW & EDGEMONT DR NW,51.116983614051875,-114.15347152792968,1
EDGEMONT BLVD NW & EDGEPARK BLVD NW,51.12526394040872,-114.15078512298348,1
EDGEMONT BLVD NW & EDGEVALLEY DR NW,51.12722222627699,-114.14489675703084,1
EDGEMONT BLVD NW & SHAGANAPPI TR NW,51.126794579206496,-114.1331835641238,1
EDGEMONT DR NW & EDGEMONT HILL NW,51.11414330667191,-114.14739492514744,1
EDGEMONT DR NW & JOHN LAURIE BLVD NW,51.1123547245682,-114.14806040303482,1
EDGEPARK BLVD NW & EDGEPARK RISE NW,51.13247779577248,-114.1581603147188,1
EDGEPARK RISE NW & EDGEPARK WY NW,51.132476475515624,-114.15558642355852,1
EDGEVALLEY CIRCLE NW & EDGEVALLEY CIRCLE NW,51.12975798722784,-114.1451789498045,1
EDGEVALLEY DR NW & EDGEVIEW DR NW,51.12913261234027,-114.14619522604784,1
EDMONTON TR NE & GREENVIEW DR NE,51.09134614321535,-114.0524901470322,1
EDMONTON TR NE & MCKNIGHT BLVD NE,51.096046028931305,-114.05394805100252,1
EDMONTON TR NE & MEMORIAL DR,51.05070862203068,-114.05031677111816,1
EDMONTON TR NE & MEREDITH RD,51.051904097126865,-114.05027480879006,1
ELBOW DR SW & GARDEN CR SW,51.02866085285557,-114.0759779234777,1
ELBOW DR SW & GLENMORE TR SW - INTERCHANGE,50.99438380244859,-114.08314289393344,1
ELBOW DR SW & HARCOURT RD SW,50.9767305621077,-114.08385441842202,1
ELBOW DR SW & HERITAGE DR SW,50.97956800188741,-114.0831695107299,1
ELBOW DR SW & HILLARY CR SW,50.971145456398965,-114.08462270317624,1
ELBOW DR SW & LANSDOWNE AVE SW,51.01660229400918,-114.0784194708732,1
EDGEBROOK DR NW & EDGEBROOK RD NW,51.1305708002707,-114.1350576073863,1
EDGEBROOK CIRCLE NW & EDGEBROOK RISE NW,51.13268688647164,-114.12995966617213,1
DOUGLAS WOODS DR SE & DOUGLAS WOODS GROVE SE,50.94206197301785,-113.98934843629344,1
EDGEBRIDGE VIEW NW & EDGEBROOK BLVD NW,51.13892861637262,-114.12976937495068,1
DOUGLAS WOODS DR SE & DOUGLASDALE BLVD SE,50.94305213211895,-114.0030193160266,1
DOUGLAS WOODS VIEW SE & DOUGLASDALE BLVD SE,50.941313317026086,-113.99379174056848,1
DOUGLASBANK DR SE & DOUGLASDALE BLVD SE,50.944602786954825,-114.00484562560128,1
DOUGLASDALE BLVD SE & DOUGLASRIDGE CIRLE SE,50.93442941618804,-113.9824618551415,1
DOUGLASDALE BLVD SE & DOUGLASRIDGE GREEN SE,50.93679283232775,-113.98158372722466,1
DOUGLASDALE BLVD SE & DOUGLASVIEW BLVD SE,50.94073965143473,-113.99119350423967,1
DOUGLASDALE BLVD SE & DOUGLASWOODS DR SE,50.94071401626199,-113.989157241903,1
DOVER MEADOW CL SE & DOVERIDGE DR SE,51.02111559975165,-113.98004618486368,1
DR HIGGINS SCHOOL & RUNDLEHILL DR NE,51.07490073263405,-113.96988877483923,1
E OF 14 ST NW & SANDARAC DR NW,51.140446433708,-114.10676454317527,1
E OF 600 SANDRINGHAM PL NW & SANDRINGHAM WAY NW,51.13450199996048,-114.10445861654956,1
E OF HIDDEN RDG VIEW NW & HIDDEN VALLEY DR NW,51.15150267238836,-114.11318863798806,1
E. OF 1000 VARSITY ESTATES PL NW & VARSITY ESTATES DR NW,51.0986315222454,-114.17315899007606,1
E. OF SHAWMEADOWS RD SW & SHAWNESSY DR SW,50.909733375352,-114.07413400998988,1
E. OF SILVERVALLEY DR NW & SILVER SPRINGS RD NW,51.109189690209135,-114.2034782228055,1
EAGLE RIDGE DR SW & TRANSIT WAY,50.98767296831503,-114.09596339015758,1
EAMON RD NW & ROCKY RIDGE RD NW,51.135304107947704,-114.2343704991381,1
EARL GREY SCHOOL & HILLCREST AVE SW,51.03126432575215,-114.0821291094114,1
EAST LRT PARKING LOT ENTRANCE & SHAWVILLE GATE SE,50.898580882657065,-114.06739646711534,1
EAST OF FAIRMONT DR & WILLINGTON BLVD SE,50.95395958181956,-114.0601186936638,1
EAST OF SHAGANAPPI TR NW & SAGE HILL BLVD NW,51.16996744663897,-114.14964002469868,1
EAST SIDE OF MACDONALD BRIDGE & MACDONALD AVE SE,51.04112554109182,-114.04411181483512,1
EDELWEISS DR NW & EDENWOLD DR NW,51.121084074629024,-114.13856377084592,1
EDENWOLD CR NW & EDENWOLD DR NW,51.12495328359133,-114.13838892471578,1
EDENWOLD DR NW & EDFORTH CR NW,51.124645672838696,-114.14500107922096,1
EDENWOLD DR NW & EDFORTH WAY NW,51.12622177942422,-114.1385883881136,1
EDGEBANK CIRCLE NW & EDGEBROOK DR NW,51.12874767242263,-114.1384120260677,1
CRANSTON WAY SE & CRANWELL CR SE,50.88615954399761,-113.9855287675888,1
CRANSTON RD SE & CRANWELL COMMON,50.88301630853968,-113.97910639494124,1
CRANSTON RD SE & CRANSTON WAY,50.886177564996935,-113.98020374909132,1
CORNER MEADOWS AV NE & CORNERSTONE WY NE,51.15065333371483,-113.93016465440992,1
CORNERBROOKE GREEN NE & CORNERSTONE BLVD NE,51.15802180543132,-113.93021650419269,1
CORNERSTONE AV NE & CORNERSTONE BV NE,51.16096596994049,-113.93812598446716,1
CORNERSTONE AV NE & CORNERSTONE ST NE,51.16099493663757,-113.94240327601966,1
CORNERSTONE BLVD NE & COUNTRY HILLS BLVD NE,51.15430797029069,-113.93821081670936,1
CORNERSTONE BV NE & CORNERSTONE CI NE,51.162646519151096,-113.93813088617183,1
CORNERSTONE BV NE & CORNERSTONE HT NE,51.15802030596734,-113.93810353647936,1
CORNERSTONE DR & CORNERSTONE WY NE,51.1506501106922,-113.93516137875484,1
CORNERSTONE ST NE & CORNERTSTONE HEIGHTS NE,51.15800925995263,-113.94227654552262,1
CORNERSTONE ST NE & COUNTRY HILLS BLVD NE,51.1542898611417,-113.94240602616476,1
CORNWALLIS DR NW & CUMBERLAND DR NW,51.08487773524439,-114.08868334548856,1
CORNWALLIS DR NW & NORTHMOUNT DR NW,51.08533746992668,-114.08972357974577,1
COUGAR RIDGE AVE SW & COUGAR RIDGE CIRCLE SW,51.06884787318435,-114.20195375106944,1
COUGAR RIDGE DR SW & COUGARSTONE COURT,51.069815325389264,-114.21818310151998,1
COUGAR RIDGE DR SW & COUGARSTONE GATE SW,51.0725130411141,-114.21946379906731,1
COUGAR RIDGE DR SW & COUGARTOWN CL SW,51.07175490266664,-114.2085904960019,1
COUGAR RIDGE LD SW & OLD BANFF COACH RD SW,51.06536241865458,-114.18865544623026,1
COUNTRY HILLS BLVD NE & COUNTRY VILLAGE WAY NE,51.15421723147536,-114.0609494563029,1
COUNTRY HILLS BLVD NE & COVENTRY BLVD NE,51.1542719103274,-114.0424333495318,1
COUNTRY HILLS BLVD NE & COVENTRY HILLS BLVD NE,51.154242066582874,-114.05248249519263,1
COUNTRY HILLS BLVD NE & ENT TO COUNTRYHILLS CNT NE,51.15422208940731,-114.05601364322963,1
COUNTRY HILLS BLVD NE & FREEPORT DR NE,51.15433465969072,-114.00656502768967,1
COUNTRY HILLS BLVD NE & HARVEST HILLS BLVD NE,51.153283145337554,-114.06663989375872,1
COUNTRY HILLS BLVD NE & HARVEST HILLS GATE NE,51.15424584592358,-114.04801635162984,1
COUNTRY HILLS BLVD NE & HOME DEPOT ENTRANCE,51.154118107809765,-114.06385838265751,1
COUNTRY HILLS BLVD NE & METIS TR NE,51.15416042515423,-113.970016437666,1
COUNTRY HILLS BLVD NE & SKYVIEW CIRCLE NE,51.15429980765093,-113.9524724942876,1
COUNTRY HILLS BLVD NE & SKYVIEW LINK NE,51.15443301177579,-113.9552400065015,1
CORNER MEADOWS GATE NE & COUNTRY HILLS BLVD NE,51.15431151694858,-113.9337516446485,1
CORAL SPRINGS BLVD & CORAL SPRINGS MEWS,51.1087298468688,-113.93036205609413,1
CRANSTON DR SE & CRANSTON WY SE,50.887393815942445,-113.9747455828054,1
BETWEEN STRATHRIDGE GARDEN AND STRATHRIDGE GROVE & STRATHCONA DR SW,51.050829216851184,-114.19438604937427,1
CITYSCAPE GATE NE & COUNTRY HILLS BLVD NE,51.15430870339656,-113.95837643178768,1
CLARENDON RD NW & NORTHMOUNT DR NW,51.08513330240816,-114.10078655255944,1
CLEM GARDNER SCHOOL & LEWIS DR SW,51.00067943550276,-114.13497407578473,1
CLIFF ST SW & ROYAL AVE SW,51.03483118340559,-114.0757421679084,1
CO-OP CENTRE & SOUTHLAND DR SW,50.96132071834486,-114.12122635779104,1
COACH HILL RD SW & COACH MANOR RISE SW,51.05668479961238,-114.17558965536502,1
COACH HILL RD SW & COACK RIDGE RD SW,51.05638089454061,-114.18688423012809,1
COACH HILL RD SW & OLD BANFF COACH RD SW,51.05658002538353,-114.17816200457293,1
COACH WAY RD SW & OLD BANFF COACH RD SW,51.06124880988393,-114.18250828686344,1
COLERIDGE RD NW & NORTHMOUNT DR NW,51.08755325571074,-114.08705155449512,1
COLLINGWOOD DR NW & NORTHMOUNT DR NW,51.08654739802629,-114.10432794566889,1
COLONEL SCOTT SCHOOL & WHITEHORN RD NE,51.0875475726897,-113.96748196942244,1
CONFLUENCE WAY SE & RIVERFRONT AVE SE,51.04779691209284,-114.05053224480388,1
CONNAUGHT DR NW & NORTHMOUNT DR NW,51.084113682295104,-114.09123830421622,1
COOPERFIELD BLVD SE & MCIVOR BLVD SE,50.91933620617245,-113.93223945562453,1
COPPERFIELD BLVD SE & COPPERFIELD GATE SE,50.91143759168591,-113.94602241828396,1
COPPERFIELD BLVD SE & COPPERFIELD MR SE,50.91054702682681,-113.93757348711212,1
COPPERFIELD BLVD SE & COPPERLEAF LINK SE,50.9111354813599,-113.93378560354536,1
COPPERFIELD BLVD SE & COPPERSTONE BLVD,50.918243927650174,-113.92684839484671,1
COPPERFIELD BLVD SE & COPPERSTONE GATE SE,50.91116888690162,-113.936071072455,1
COPPERPOND BV SE & COPPERPOND RD SE,50.924008938250616,-113.9300564762479,1
COPPERPOND PS SE & MCIVOR BV SE,50.92604119409874,-113.93480284226015,1
COPPERSTONE BLVD SE & COPPERSTONE RD SE,50.91483496520941,-113.9302409925782,1
COPPERSTONE ST SE & MCIVOR BLVD SE,50.91567154611826,-113.93472175749048,1
CORAL SANDS TERRACE & CORAL SPRINGS BLVD,51.09883352845211,-113.92821459457298,1
CORAL SHORES DR & CORAL SPRINGS BLVD,51.098785420494934,-113.9312469901347,1
CORAL SHORES DR NE & CORAL SPRINGS BV,51.10409086735875,-113.92581115623317,1
COUNTRY HILLS BLVD NW & COUNTRY HILLS DR NW,51.14752055240434,-114.07734629144068,1
COUNTRY HILLS BLVD NW & COUNTRY HILLS GOLF CLUB,51.146069283762664,-114.08391051924694,1
COUNTRY HILLS BLVD NW & EDGEBROOK BLVD NW,51.14038713333162,-114.1319334888206,1
COUNTRY HILLS BLVD NW & EDGEPARK BLVD NW,51.13878208614178,-114.1569858719275,1
COVENTRY HILLS DR NE & COVENTRY HILLS WAY NE,51.165555398848326,-114.06010701444998,1
COVENTRY HILLS WAY NE & COVEPARK CL NE,51.164385599167574,-114.0583484923978,1
COVENTRY HILLS WAY NE & COVEPARK SQ NE,51.1661434880668,-114.0608058175114,1
COVENTRY HILLS WAY NE & COVETTE BAY NE,51.16521119675668,-114.04447981843852,1
COVENTRY HILLS WAY NE & COVEWOOD CL NE,51.16612085308931,-114.04178415103338,1
CRANARCH CLOSE & CRANFORD DR SE,50.87723072726891,-113.97329903858318,1
CRANARCH PL & CRANSTON GATE SE,50.8746098649609,-113.96937347759643,1
CRANARCH RD & CRANARCH WAY SE,50.87714355932982,-113.97606770399896,1
CRANBERRY AVE & CRANBERRY RD SE,50.88119274087491,-113.97551470852862,1
CRANBERRY RD & CRANSTON DR SE,50.88255820284464,-113.97657976021328,1
CRANBERRY RD SE & CRANSTON AVE SE,50.879151207910304,-113.97603354923667,1
CRANBERRY SQ & CRANSTON DR SE,50.89078369088538,-113.9768998200996,1
CRANBERRY WAY SE & CRANSTON DR SE,50.88851723695063,-113.97551532757844,1
CRANFIELD MR SE & CRANSTON WY SE,50.88699444064444,-113.975832548178,1
CRANFIELD PARK SE & CRANSTON DR SE,50.89231415516009,-113.97949471757272,1
CRANFORD DR & CRANSTON GATE SE,50.87032624179868,-113.9712919207586,1
CRANFORD DR SE & CRANFORD ST,50.87729540689091,-113.97026876797948,1
CRANFORD DR SE & CRANSTON GATE,50.875077128400385,-113.96776851160892,1
CRANFORD GARDEN & CRANFORD ST SE,50.878096938464495,-113.97003703900916,1
CRANFORD WAY SE & CRANSTON GATE SE,50.86845850334015,-113.96979121547784,1
CRANLEIGH DR SE & CRANSTON BLVD SE,50.89360558146583,-113.98708404159662,1
CRANLEIGH GA SE & CRANLEIGH WY SE,50.88849211751509,-113.99086345259823,1
CRANLEIGH GATE & CRANSTON DR SE,50.88849772417249,-113.988025453679,1
CRANSTON  WAY SE & CRANSTON DR SE,50.88606024349269,-113.98803903148136,1
CRANSTON AVE SE & CRANSTON RD SE,50.87978741352541,-113.97890415811854,1
CRANSTON BLVD SE & CRANSTON DR SE,50.89186496628014,-113.9852126054022,1
CRANSTON DR SE & CRANSTON RD,50.88218474447524,-113.97902382604936,1
COVENTRY HILLS BLVD NE & COVENTRY WAY NE,51.16125268647268,-114.05417283163509,1
COVENTRY DR NE & COVINGTON RD NE,51.1598514860254,-114.04357669682852,1
COVENTRY DR NE & COVINGTON CLOSE NE,51.161693986958454,-114.04310567363903,1
COUNTRY HILLS BLVD NW & SUPER STORE ENTRANCE,51.138722297022504,-114.1600859523775,1
COUNTRY HILLS BLVD NW & EDGERIDGE GATE NW,51.138526410784685,-114.14569793864408,1
COUNTRY HILLS BLVD NW & FIRST INT WEST/112 AVE NW,51.15218487760452,-114.21576228758984,1
COUNTRY HILLS BLVD NW & HAMPTONS BLVD NW,51.13878543786361,-114.14970436959636,1
COUNTRY HILLS BLVD NW & NORTH MALL ENTRANCE,51.15359187238125,-114.2180270517365,1
COUNTRY HILLS BLVD NW & NOSE HILL DR NW,51.14116408397524,-114.18194216867104,1
COUNTRY HILLS BLVD NW & PANORAMA HILLS BLVD NW,51.148543123452725,-114.07365602105622,1
COUNTRY HILLS BLVD NW & PANORAMA HILLS WAY NW,51.15139885565657,-114.06912433249488,1
COUNTRY HILLS BLVD NW & ROCKY RIDGE RD NW,51.154057715782905,-114.23421182097591,1
COUNTRY HILLS BLVD NW & ROYAL BIRCH BLVD NW,51.14985998134144,-114.21336613393056,1
COUNTRY HILLS BLVD NW & SARCEE TR NW,51.13767773449244,-114.1643664051608,1
COUNTRY HILLS BLVD NW & SHAGANAPPI TR NW,51.1426375359073,-114.1237342024856,1
COUNTRY HILLS BLVD NW & STONEY TR NW,51.14570597494664,-114.20712199566955,1
COUNTRY HILLS BV NW & TWELVE MILE COULEE RD,51.153954269328544,-114.25744901639892,1
COVENTRY DR NE & COVENTRY HILLS WAY NE,51.165515066832675,-114.04318172663372,1
COUNTRY HILLS DR NW & COUNTRY HILLS GATE NW,51.145650835248,-114.07533832904356,1
COUNTRY HILLS DR NW & COUNTRY HILLS RD NW,51.14544769897478,-114.07294522879056,1
COUNTRY VILLAGE LINK NE & COUNTRY VILLAGE RD NE,51.16042849249117,-114.0677417264857,1
COUNTRY VILLAGE LINK NE & COUNTRY VILLAGE WAY NE,51.15674696644814,-114.06775079053128,1
COUNTRY VILLAGE RD NE & COVENTRY HILLS WAY NE,51.16313825387042,-114.05650869827367,1
COUNTRY VILLAGE RD NE & VIVO PL ENTRANCE,51.16056088465531,-114.06448029433317,1
COVECREEK GA NE & COVEPARK GA NE,51.17056941898635,-114.05102007346385,1
COVEMEADOW RD & COVENTRY HILLS WY NE,51.168811791458786,-114.06208970059012,1
COVENTRY BLVD NE & COVENTRY DR NE,51.15795082031007,-114.04442768024444,1
COVENTRY CLOSE NE & COVENTRY DR NE,51.15697416474696,-114.04732994606653,1
COVENTRY DR NE & COVENTRY GREEN NE,51.15719616162819,-114.05026160981517,1
COVENTRY DR NE & COVENTRY HILLS BLVD NE,51.15725882252256,-114.0524965062058,1
BISHOP CARROLL SCH. & RICHARD RD SW,51.01372672030065,-114.1205677613769,1
BEDDINGTON TR NE & HARVEST HILLS BLVD NE,51.135245889591786,-114.07193835224558,1
BETWEEN NOTRE DAME HIGH SCHOOL AND VIVO CENTRE & COUNTRY VILLAGE LINK NE,51.1586063832531,-114.06778943470404,1
78 AVE SE & MACLEOD TR,50.983217826424514,-114.07216804190207,1
77 AV SE & BLACKFOOT TR SE,50.98541242442231,-114.052561858945,1
77 AVE SE & HERITAGE DR SE,50.9844252076112,-114.04846581592132,1
77 ST NW & BOWNESS RD NW,51.08892710711602,-114.19934239727864,1
77 ST SW & 9 AVE SW,51.059673123942794,-114.19944493737908,1
77 ST SW & COUGAR RIDGE DR SW,51.06973562026062,-114.19936652333512,1
77 ST SW & OLD BANFF COACH RD SW,51.06700975231526,-114.199367950758,1
7721 80 Ave NE & SADDLESTONE PL,51.12520077665219,-113.9229798524205,1
78 AV SE & OGDEN DALE RD SE,50.98340931471186,-113.99329567477965,1
78 AVE N & CENTRE ST N,51.122588237870325,-114.07142096030566,1
78 AVE NE & HUNTRIDGE HILL,51.1212319034159,-114.06255409684135,1
78 AVE NE & HUNTWICK WY NE,51.121229958906106,-114.06055245810455,1
78 AVE NW & HUNTINGTON ST NW,51.120997495809576,-114.0540632609622,1
78 AVE SE & FAIRMOUNT DR SE,50.983939033082635,-114.06051261913194,1
78 AVE SE & OGDEN RD SE,50.983215737732095,-113.9987969632926,1
8 AVE NE & REGAL CR NE,51.05961930375051,-114.03679148532812,1
78 AVE SW & CHURCHILL DR SW,50.984271838103794,-114.09081636163076,1
78 ST NW & SILVERGROVE DR NW,51.11658125530281,-114.20001546445116,1
79 AVE SE & HERITAGE DR SE,50.98268408325035,-114.04847129339264,1
79 ST NW & BOWNESS RD NW,51.08894047378044,-114.20153017835896,1
7A ST NE & CENTRE AV NE,51.05205970561806,-114.04419748645265,1
7A ST NE & MCDOUGALL RD NE,51.05080897772629,-114.04419823714488,1
7A ST NW & CRESCENT RD NW,51.06081315137843,-114.07992372769776,1
8 AVE N & CENTRE ST N,51.059772195445966,-114.06255224883152,1
8 AVE NE & EDMONTON TR NE,51.05973727512428,-114.05437737907296,1
8 AVE NE & MADIGAN DR NE,51.05963774446107,-113.94053085326809,1
8 AVE NE & MAYLAND DR NE,51.06032584250664,-114.00733485076492,1
8 AVE NE & MICKINNON DR NE,51.06031047437346,-114.00483514158093,1
8 AVE NE & MIDDLETON DR NE,51.0600786935116,-114.0085193128919,1
76 AVE SE & OGDEN RD SE,50.98505562804743,-113.99879691573902,1
76 AVE SE & BARLOW TR SE,50.9851632889056,-113.98182096110452,1
76 AVE E OF BARLOW TR & RAILROAD CROSSING,50.985159354680135,-113.97868657648183,1
75 ST NW & BOWNESS RD NW,51.08896702479665,-114.1964344729589,1
7 ST SW & SIFTON BLVD SW,51.01917882465804,-114.08075371481443,1
70 AVE SW & ELBOW DR SW,50.99053048549165,-114.08312716100392,1
70 MARTINVALLEY COURT NE & MARTINVALLEY RD,51.12379756289052,-113.9541281072288,1
70 ST NW & BOWNESS RD NW,51.08898311784912,-114.19022936437432,1
700 WENTWORTH PLACE SW & WENTWORTH DR SW,51.054342613194684,-114.20623077983032,1
71 AVE & BLACKFOOT TR SE,50.98830755260966,-114.05356225153828,1
71 AVE SE & FISHER ST SE,50.989624378591074,-114.0696676075204,1
71 AVE SE & MACLEOD TR S,50.98963638812592,-114.07153453107642,1
72 AVE N & CENTRE ST N,51.118004142148486,-114.0695615649553,1
72 AVE NE & HUNTBOURNE GATE NE,51.11784720960094,-114.05994336455224,1
72 AVE NE & HUNTRIDGE HILL NE,51.11799106076117,-114.06332711911672,1
72 AVE NW & HUNTERCREST RD NW,51.11678401649063,-114.07983826094996,1
72 AVE NW & HUNTERVIEW DR,51.11628375697383,-114.0808841337914,1
72 AVE SE & BARLOW TR SE,50.9895592932171,-113.98192126314925,1
72 AVE SE & OGDEN RD SE,50.98875321836066,-114.00001928850304,1
72 ST NW & SILVER MEAD RD NW,51.106246549007714,-114.1916511394208,1
73 AVE SW & ELBOW DR SW,50.98778845601874,-114.0831576562552,1
73 ST NW & BOWNESS RD NW,51.08897755362045,-114.19361903525429,1
73 ST SW & OLD BANFF COACH RD SW,51.06703574644248,-114.19355055199536,1
73 ST SW & WESTON DR SW,51.06316126119346,-114.19411232038472,1
74 AVE SE & OGDEN RD SE,50.98688364781053,-113.99881567480568,1
75 AVE SE & MACLEOD TR S,50.98598627655421,-114.07154772699371,1
75 AVE SW & ABOUT 30M EAST OF KEW ST SW,50.98695833707661,-114.0943647425118,1
75 AVE SW & CHEROVAN DR SW,50.98547590930483,-114.0881799021198,1
75 AVE SW & CHURCHILL DR SW,50.98570553371559,-114.09017033872654,1
75 AVE SW & EAGLE RIDGE DR SW,50.9881503070467,-114.09626852838112,1
75 AVE SW & ELBOW DR SW,50.98601258138546,-114.08314563585432,1
8 AVE NE & MILLAR RD,51.059604881459826,-114.01144076645566,1
8 AVE NE & REMINGTON RD NE,51.05958763251853,-114.04292763768164,1
8524 CENTRE ST N & BEDDINGTON TR NE,51.13224341967141,-114.07142104648403,1
84 ST SE & PEIGAN TR SE,51.01587972208241,-113.91192513883831,1
81 ST SW & 9 AVE SW,51.05966647687036,-114.20506552462696,1
816 MCDOUGALL RD & MACDOUGALL RD NE,51.05085023670911,-114.04496023799004,1
83 AVE SE & ARLINGTON DR SE,50.97811869264955,-114.05850977193654,1
83 AVE SE & FAIRMOUNT DR SE,50.97819282820282,-114.05994784429396,1
83 ST NW & BOWNESS RD NW,51.090416798570494,-114.20803631816338,1
84 AVE SE & BONAVENTURE DR SE,50.97775027764332,-114.06855318357348,1
84 AVE SW & HADDON RD SW,50.97743395107881,-114.07686587397548,1
84 ST S OF 16 AVE & AT RAIL ROAD TRACKS,51.06201987980275,-113.91189392873513,1
84 ST SE & 9 AVE SE,51.04430749338701,-113.9118288191018,1
84 ST SE & BELVEDERE AVE SE,51.04035435328325,-113.90814678203962,1
84 ST SE & BELVEDERE DR & BELVEDERE AV SE,51.04170909026517,-113.90958686141056,1
84 ST SE & BELVEDERE DR SE,51.042568001028144,-113.91063599935958,1
84 ST SE & FRONTIER RD SE,51.01299327953852,-113.91193029836718,1
84 ST SE & VENTURE AV SE,50.97034200156081,-113.91196449461576,1
8 AVE NE & ROBERT RD NE,51.05944492295731,-114.03269698186496,1
85 AVE SE & BLACKFOOT TR SE,50.97635502167233,-114.04671375683336,1
85 ST NW & BEARSPAW DAM RD NW,51.101923488671105,-114.21008801117964,1
85 ST NW & SCENIC BOW RD NW,51.100802585394504,-114.2101174619118,1
85 ST SW & 8A AVE SW,51.061554904136415,-114.21098049765448,1
85 ST SW & 9 AVE SW,51.05966076414235,-114.21099761909524,1
85 ST SW & ASPEN STONE BLVD SW,51.04106686299502,-114.21098472871792,1
85 ST SW & ASPEN SUMMIT BLVD SW,51.04329876183469,-114.21085061313322,1
85 ST SW & BOW TR SW,51.05243346435227,-114.21100689183432,1
85 ST SW & BROADCAST AVE,51.064681187317674,-114.2109599646024,1
85 ST SW & COUGAR RIDGE DR SW,51.07142220372474,-114.21095904177989,1
85 ST SW & FORTRESS DR SW,51.0215792440839,-114.21096510388796,1
85 ST SW & OLD BANFF COACH RD SW,51.06703161961487,-114.21097198265257,1
85 ST SW & STRATHLEA DR SW,51.04885059449802,-114.21098073986872,1
81 M WEST OF ROCKY RIDGE RD NW & EAMON RD NW,51.13573873765592,-114.23546118298478,1
80M SOUTH OF PRESTWICK AVE SE & PRESTWICK CIRCLE SE,50.921442305575376,-113.96073671952188,1
80 AVE SW & ELBOW DR SW,50.98141090571032,-114.08316395656,1
80 AVE SE & OGDEN RD SE,50.98139708108894,-113.998737775378,1
8 AVE SE & 8 ST SE,51.0441737563087,-114.04095865398222,1
8 AVE SE & FORLEE DR SE,51.045175915030946,-113.96134115413994,1
8 AVE SE & MACLEOD TR SE,51.0454083126622,-114.05811804634138,1
8 AVE SE & PENSACOLA WAY SE,51.04518756552214,-113.95097741684503,1
8 AVE SW & 8 ST SW,51.04606430855225,-114.08126301894411,1
8 AVE SW & 85 ST SW,51.06328595594313,-114.21092635590254,1
8 AVE SW & 9 ST SW,51.04612957051081,-114.0836973290479,1
8 AVE SW & CENTRE ST S,51.045527550823394,-114.06302516219846,1
8 AVE SW & POPLAR RD SW,51.04505272009045,-114.13686886806012,1
8 AVE SW & SPRUCE DR SW,51.045032056800174,-114.13541904166506,1
8 ST NE & CENTRE AV NE,51.05235508365338,-114.0430215376582,1
8 ST NE & MCDOUGALL RD NE,51.05078791613817,-114.04231943390484,1
8 ST SE & 9 AVE SE,51.04333712996006,-114.04148191724634,1
8 ST SE & MACDONALD AVE SE,51.041233257814035,-114.04194628450944,1
8 ST SW & AMHERST ST SW,51.03363054824211,-114.08301766298077,1
8 ST SW & DORCHESTER AVE SW,51.03042413217516,-114.0836038038366,1
8 ST SW & DURHAM AVE SW,51.0343204728194,-114.08261834303975,1
8 ST SW & FRONTENAC AVE SW,51.02940415176324,-114.08345004203862,1
8 ST SW & HILLCREST AVE SW,51.03127282766925,-114.08359689089552,1
8 ST SW & RIVERDALE AVE SW,51.01798238864864,-114.08311327595617,1
8 ST SW & ROYAL AVE SW,51.035139454249816,-114.08206346871226,1
8 ST SW & SIFTON BLVD SW,51.01928011384866,-114.0835823103456,1
80 AV NE & TARAWOOD RD NE,51.12519604186228,-113.93711506923654,1
80 AVE NE & MARTHAS WAY NE,51.12520024504556,-113.9584325919556,1
80 AVE NE & METIS TR NE,51.12522587802269,-113.97013667475474,1
80 AVE NE & SADDLETOWNE CIR,51.12520339508544,-113.9443238299244,1
80 AVE NE & TARADALE DR,51.125199996073874,-113.92994624975675,1
7 ST SW & SACRAMENTO DR SW,50.95309569967329,-114.0816327862608,1
7 ST SW & ROYAL AVE SW,51.03516811982699,-114.07935455888548,1
7 ST SW & HILLCREST AVE SW,51.03126524199998,-114.0793348262924,1
61 ST NW & BOWNESS RD NW,51.084064634415306,-114.1763092209842,1
60 ST NW & BOWNESS RD NW,51.083357603211766,-114.17325988418484,1
60 ST SE & 8 AVE SE,51.045212505187074,-113.94695320217647,1
60M NORTH OF 12025 LAKE FRASER DR & LAKE FRASER DR SE,50.94632840127537,-114.06844566101398,1
61 AVE  S & CENTRE ST W,50.99772883952947,-114.06383724383376,1
61 AVE SE & 68 ST SE,50.99800220258231,-113.93524000294292,1
61 AVE SE & 84 ST SE,50.99786913940768,-113.91195132353836,1
61 AVE SE & BARLOW TR SE,50.99890727042068,-113.98427793220615,1
61 AVE SE & E. OF 1A ST,50.99774562194752,-114.06564894463229,1
61 AVE SE & MACLEOD TR S,50.99774375656127,-114.07154699589933,1
61 AVE SW & ELBOW DR SW,50.997745679765245,-114.08315775286825,1
61 ST NE & PINERIDGE RD NE,51.070087010233046,-113.94457385328502,1
61 ST NE & RUNDLEHORN DR NE,51.07091896320777,-113.94457941459304,1
61 ST NW & BOW CR NW,51.08481764710873,-114.17548391195648,1
63 AVE SW & CROWCHILD TR SW,50.997181903259566,-114.11795215122388,1
7 ST SW & 9 AVE SW,51.04504909093895,-114.07884642100704,1
63 AVE SW & LACOMBE WAY SW,50.997183863059725,-114.11929270276488,1
63 AVE SW & LAKEVIEW DR SW,50.996375974072855,-114.13214690286549,1
63 AVE SW & LANCASTER WAY SW,50.99764923198052,-114.12650863036544,1
63 AVE SW & LYNCH CR SW,50.99751160320533,-114.12193354362324,1
63 ST NW & BOWWOD DR NW,51.0849543977864,-114.18081973435076,1
64  AVE N & CENTRE ST N,51.11061666512671,-114.06240063092616,1
64 AV NE & FALCONRIDGE BLVD,51.1106384396772,-113.94692070873846,1
64 AV NE & HUNTERHORN RD NE,51.11061601743073,-114.05280197344038,1
64 AV NE & HUNTRIDGE HL NE,51.11066031948904,-114.05998739603378,1
64 AVE & 9 ST NE,51.11056687142183,-114.04135015157334,1
64 AVE NE & 68 ST NE,51.110648988938145,-113.93506614851162,1
64 AVE NE & FALTON DR,51.11066775067769,-113.9407006929182,1
64 AVE NE & MALL ENTRANCE,51.10846170014336,-114.03645539632704,1
60 ST NE & TEMPLE DR NE,51.08490610614002,-113.94675077997708,1
60 ST NE & SKYVIEW RANCH AVE NE,51.16096808295363,-113.94663375633723,1
60 ST NE & SKYVIEW CIRCLE NE,51.15807585578984,-113.94667491761663,1
60 ST NE & SADDLETOWNE CIRCLE NE,51.126505899588054,-113.94713107549464,1
6 AVE SW & 9 ST SW,51.048047572279096,-114.08376840585414,1
6 AVE SW & CENTRE ST S,51.0474517750003,-114.06287321771076,1
6 ST & SHAWNEE DR SW,50.92417544760136,-114.07740458264811,1
6 ST NE & 8 AVE NE,51.05961475388422,-114.04834056406204,1
6 ST SE & 7 AVE SE,51.046100815620626,-114.0483724746299,1
6 ST SE & 8 AVE SE,51.04512048163645,-114.04836179482132,1
6 ST SE & 8 ST SE & 9 AV SE,51.04384613507038,-114.04464405239196,1
6 ST SE & 9 AVE SE,51.04403663832696,-114.04834134772206,1
6 ST SE & ACADIA DR SE,50.9697934194175,-114.048925487624,1
6 ST SE & AVONLEA PL SE,50.97334026743092,-114.0483813154652,1
6 ST SE & MIDLAKE BLVD SE,50.911905493138214,-114.0477859283494,1
6 ST SE & SPILLER RD SE,51.03086610712888,-114.0483417050558,1
6 ST SW & 69 AVE SW,50.99144832758916,-114.07889995287528,1
6 ST SW & 7 AVE SW,51.04688362617176,-114.07624142643692,1
6 ST SW & 8 AVE SW,51.04590933345679,-114.07630744270595,1
6 ST SW & 8 AVE SW TO 9 AVE SW,51.04544110554695,-114.07621842588014,1
6 ST SW & 9 AVE SW,51.04498374685087,-114.07638319651996,1
6 ST SW & CANTERBURY DR SW,50.937795748325975,-114.07620468876438,1
6 ST SW & CANYON MEADOWS DR SW,50.93374852464112,-114.07638875743426,1
6 ST SW & SHAWVILLE GATE SW,50.897759105396794,-114.0722800105038,1
6 ST SW & SOMERSET GATE SW,50.89988555902925,-114.07535432068612,1
60 AVE N & CENTRE ST N,51.10541274119824,-114.06244548212432,1
60 ST NE & 88 AVE NE,51.13252159934522,-113.9467458597228,1
60 ST NE & 96 AVE NE,51.139614879426965,-113.94672955287982,1
60 ST NE & COUNTRY HILLS BLVD NE,51.15420132911977,-113.94675880578204,1
60 ST NE & REDSTONE DR NE,51.168326307504266,-113.94637132684892,1
60 ST NE & SADDLEHORN DR NE,51.12946330793165,-113.94676633960394,1
64 AVE NE & MARTINDALE GATE NE,51.11060802585712,-113.96531332723784,1
64 AVE NE & MARTINGROVE DR NE,51.11068753424583,-113.95213264161328,1
64 AVE NE & METIS TR NE,51.11191329669711,-113.97404653524072,1
68 ST SE & GLENMORE TR SE,50.97953336827578,-113.9346348934677,1
69 AVE SE & OGDEN RD SE,50.991067905565416,-114.00167440710058,1
69 AVE SE & OGDENDALE RD SE,50.99114408638096,-114.00048221028622,1
69 AVE SW & 7 ST SW,50.99143085049716,-114.08136794581029,1
69 ST NW & SPY HILL CITY DUMP,51.156730429856395,-114.18743390659688,1
69 ST SW & ERNEST MANNING HIGH SCHOOL ENTRANCE,51.03666675375125,-114.18760191635349,1
69 ST SW & SPRINGBANK BLVD SW,51.01757841924186,-114.19156718743244,1
69 ST SW & SPRINGBOROUGH BLVD SW,51.03550656964103,-114.18756009871636,1
69 ST SW & STRATHCONA DR SW,51.047642589935904,-114.187653698836,1
6A ST NE & CENTRE AV NE,51.052375676600114,-114.04700576478852,1
6A ST NE & MCDOUGALL RD NE,51.05080720485007,-114.04702291656044,1
6A ST NW & CRESCENT RD NW,51.06220535078141,-114.07710904974785,1
7  ST NW & MEMORIAL DR NW,51.05576218822044,-114.0776697320264,1
7 AVE N & CENTRE ST N,51.05887970184097,-114.06252449199332,1
7 AVE NE & BARLOW TR NE,51.05859065516114,-114.00169828003406,1
7 AVE NE & EDMONTON TR NE,51.05842497066673,-114.0542783660332,1
7 AVE NE & MERIDIAN RD NE,51.058582164438064,-114.00109037611628,1
7 AVE SW & 7 ST SW,51.046955048908615,-114.07872408159058,1
7 AVE SW & 8 ST SW,51.04703859728164,-114.08120676561325,1
7 AVE SW & CENTRE ST S,51.04649576215937,-114.06292988089214,1
7 AVE SW & MACLEOD TR S,51.04637651525478,-114.05803232203624,1
7 ST NE & 8 AVE NE,51.059613670691355,-114.04592357319244,1
7 ST NE & MCDOUGALL RD NE,51.0508085950654,-114.0456821665328,1
7 ST NW & WALKWY N HUNTERHAVEN RD,51.11870586520298,-114.07597948730034,1
7 ST SE & ACADEMY DR SE,50.966881324690206,-114.0451883622292,1
7 ST SE & MACDONALD AVE SE,51.041499919021554,-114.04502817368277,1
7 ST SW & 75 AVE SW,50.98601632328021,-114.08128908263582,1
7 ST SW & 8 AVE SW,51.04599902845363,-114.07878041788962,1
68 ST SE & N OF APPLEWOOD DR SE,51.047311171017014,-113.9351764623884,1
68 ST SE & ABERCOVE DR SE,51.04995790243302,-113.9352379248482,1
64 AVE NW & HUNTERVIEW DR NW,51.110273945725694,-114.0780960776728,1
68 ST SE & 90 AVE SE,50.973070893318074,-113.9352323741693,1
64 AVE NW & HUNTS CR NW,51.11156568855715,-114.07568146205256,1
64 AVE NW & TRAVOIS CR NW,51.11062917335096,-114.06884814550304,1
65 AVE NE & 9  ST NE,51.11214192513473,-114.04137717794411,1
65 ST NW & BOWNESS RD NW,51.08741182827761,-114.18374748654249,1
66 AVE NW & DALHOUSIE DR NW,51.112352703160525,-114.1673159082915,1
66 AVE SW & CROWCHILD TR SW,50.99461036657143,-114.1179191133426,1
66 AVE SW & LAKEVIEW DR SW,50.99458387553569,-114.1318164258026,1
66 AVE SW & LEGARE DR SW,50.994605982849635,-114.12659801727273,1
66 ST NW & BOWNESS RD NW,51.0883193770318,-114.18586455851585,1
67 AV SW & MACLEOD TR S,50.99326629127978,-114.07167637034166,1
67 ST NW & BOWNESS RD NW,51.088870821286974,-114.1870817282494,1
68 AVE NE & 9 ST NE,51.11574068123263,-114.04135417223156,1
68 AVE SW & 9 ST SW,50.99244336498729,-114.08581770361027,1
68 AVE SW & ELBOW DR SW,50.99237336064824,-114.08315700066632,1
68 ST / CORNERSTONE DR NE & 96 AVE NE,51.13965298682108,-113.9350945745322,1
68 ST NE & 8 AVE NE,51.05965936048514,-113.93515197981888,1
68 ST NE & ABBOTSFORD DR NE,51.06280799194589,-113.93511861494316,1
68 ST NE & CORAL SPRINGS BLVD NE,51.099140554404286,-113.9351112591463,1
68 ST NE & FALCONRIDGE DR NE,51.101438335926424,-113.93514445731266,1
68 ST NE & FALSHIRE DR NE,51.10796001606656,-113.93505531643048,1
68 ST NE & FALTON CLOSE  NE,51.103398049156446,-113.93511254811212,1
68 ST NE & LAGUNA WY NE,51.08413986607542,-113.93507666982696,1
68 ST NE & MCKNIGHT BLVD NE,51.09610600295964,-113.93510825978962,1
68 ST NE & MEMORIAL DR NE,51.052427617495,-113.93512693739014,1
68 ST NE & NORTH OF 16 AVE NE,51.07010918703391,-113.93508667917595,1
68 ST SE & 72 AV SE,50.989514805278645,-113.93534768568972,1
68 ST SE & 76 AVE SE,50.98508990269787,-113.93524184307869,1
85 ST SW & WENTWORTH DR SW,51.05695617890518,-114.21096849361,1
86 AVE SE & AVONBURN RD SE,50.975906317569816,-114.06567428828542,1
BETWEEN MAHOGANY RO AND MAHOGANY ST & MAHOGANY PLAZA SE,50.89763886347621,-113.94030580202948,1
AUBURN BAY AVE SE & AUBURN BAY DR,50.893309377376326,-113.95690215324072,1
AT 7812 (PATHWAY) & SPRINGBANK WAY SW,51.02139787794273,-114.20026489559368,1
AT 9840 (FIRE SIGNAL) & HORTON RD SW,50.965921475977545,-114.0747093891448,1
AT BATALLION PARK SCHL & SIENNA PARK DR SW,51.023906925352655,-114.18178119432056,1
AT FIRST PARKING LOT ENTRANCE & SCURFIELD DR NW,51.121951109101566,-114.21088361441258,1
AT LRT ENTRANCE & LAKE FRASER DR SE,50.936760533982195,-114.06679905830734,1
AT LRT PATHWAY & SCENIC COVE DR NW,51.12146363295248,-114.20935867164997,1
AT MAZDA DEALERSHIP & LAKE FRASER DR SE,50.949000368385285,-114.06936919701938,1
AT MCKENZIE TOWNE CIRCLE (WEST) & MCKENZIE TOWNE BLVD SE,50.91650243974275,-113.96499344650506,1
AT NOTRE DAME SCHOOL PARKING ENTRANCE & COUNTRY VILLAGE WAY NE,51.15643968632109,-114.0666835390672,1
AT SUPER STORE ENTRANCE & HERITAGE MEADOWS WAY SE,50.98586123054473,-114.043997770759,1
AT TRAFFIC CIRCLE BY CONDO ENTRANCE & MCKENZIE TOWNE AVE SE,50.91635978128762,-113.96006325632534,1
AUBURN BAY AV SE & AUBURN SPRINGS BV SE,50.891195183611835,-113.94701418777774,1
AUBURN BAY AVE & AUBURN BAY BLVD SE,50.89755123345833,-113.96176374147228,1
AUBURN BAY AVE SE & AUBURN MEADOWS BV SE,50.89249326382825,-113.94922006351592,1
AUBURN BAY LINK SE & SETON BLVD SE,50.883286963245446,-113.95318802154851,1
AUBURN BAY AVE SE & AUBURN SPRINGS COVE SE,50.89303799976893,-113.95154368518334,1
AUBURN BAY BLVD SE & AUBURN BAY GA SE,50.88489934828336,-113.9586680533119,1
AUBURN BAY BLVD SE & AUBURN BAY ST,50.88661911327575,-113.9510168671282,1
AUBURN BAY BLVD SE & AUBURN SOUND GREEN SE,50.88726496207485,-113.96569658685928,1
AUBURN BAY BLVD SE & AUBURN SOUND MANOR SE,50.89041337488232,-113.96699255134118,1
AUBURN BAY BLVD SE & AUBURN SOUND VIEW SE,50.88481291375287,-113.96289789090068,1
AUBURN BAY BLVD SE & AUTUMN CL SE,50.89735192271898,-113.96323404597318,1
AUBURN BAY BLVD SE & AUTUMN CR SE,50.896184579952326,-113.96748268935792,1
AUBURN BAY BLVD SE & AUTUMN GATE,50.89687254376086,-113.96528672798996,1
AUBURN BAY BLVD SE & AUTUMN GR SE,50.89479372289541,-113.96980607855828,1
AUBURN BAY DR NE & AUBURN GLEN DR NE,50.89823240771717,-113.95256648900548,1
AUBURN BAY DR SE & AUBURN GLEN GREEN SE,50.896444987314446,-113.95460329341722,1
AUBURN BAY DR SE & AUBURN GLEN WAY SE,50.89574718619703,-113.9551659265943,1
AT 75 & NOLAN HILL BLVD NW,51.17198350717511,-114.157588329393,1
AT 69 KINCORA HT NW & KINCORA HEIGHTS NW,51.15750018621895,-114.13379369655766,1
AT 6724 RANCHWIEW DR NW & RANCHVIEW DR NW,51.11669878298938,-114.175924605914,1
AT 6004 & LAKEVIEW DR SW,51.000762597396765,-114.1330775966025,1
ASPEN STONE RD SW & ASPEN STONE VIEW SW,51.04269682879805,-114.21550928247636,1
ASPEN SUMMIT BLVD SW & ASPEN SUMMIT DR SW,51.0432845151878,-114.20507050073007,1
AT  #7604 & FARRELL RD SE,50.98705819739306,-114.05838107941628,1
AT  215 & PARKSIDE CR SE,50.92478715967572,-114.03408811003756,1
AT 1017 & PANORAMA HILLS DR NW,51.154203933687405,-114.08570894519958,1
AT 108 & KINCORA GLEN RISE NW,51.16307467580883,-114.138475185422,1
AT 108 & QUARRY PARK RD SE,50.96112339835554,-114.00725042544504,1
AT 13201 & LAKE FRASER DR SE,50.9341428541366,-114.06603676769016,1
AT 135 (PATHWAY) & SPRINBLUFF BLVD SW,51.02064589889978,-114.19502465122804,1
AT 1416 & NUTANA PL NW,51.09128015898183,-114.0936108490816,1
AT 1551 N OF EVERGREEN TERRACE SW & EVERGREEN HILL SW,50.93171119257423,-114.09751493383288,1
AT 175 & EDGEVIEW DR NW,51.13100537332335,-114.1519716926881,1
AT 1815 & VARSITY ESTATES DR NW,51.09743148905208,-114.17216912267742,1
AT 221 PATTERSON BLVD SW & PATTERSON BLVD SW,51.066417739176735,-114.18236497117068,1
AT 232 & RUNDLEHILL DR,51.07497925971167,-113.96750638747643,1
AT 249 & KINCORA HEIGHTS NW,51.15685629487667,-114.13292657613071,1
AT 255 EVANSTON WAY NW & EVANSTON WAY NW,51.17603194898235,-114.10168599428432,1
AT 256 & CRANBROOK DR SE,50.8780859359293,-113.98842728986376,1
AT 283 (PATHWAY) & DOUGLASDALE POINT SE,50.9341519560278,-113.9880581170474,1
AT 32 EDCATH RISE & EDCATH RISE NW,51.12316409685857,-114.13999142255288,1
AT 325 & MANNING RD,51.05423459477723,-114.01793319885046,1
AT 37 & EDGEVALLEY WAY NW,51.13189681387487,-114.1455450914914,1
AT 3830 & BRENTWOOD RD NW,51.08668027165625,-114.13024980803048,1
AT 4618 & BOWNESS RD NW,51.07194415398806,-114.15960781852436,1
AT 4784 & DALTON DR NW,51.103383154370405,-114.15589175002846,1
AT 5029 TIM HORTON AND A&W ENTRANCE & NOSE HILL DR NW,51.10709008362457,-114.23976386540316,1
AT 5510 & FORAND ST SW,51.0047504029767,-114.12096876874732,1
AUBURN BAY GATE SE & SETON BLVD SE,50.88249769663795,-113.95736999667253,1
AUBURN BAY ST SE & SETON BLVD SE,50.88401981686409,-113.94911069978164,1
86 AVE SE & BONAVENTURE DR SE,50.97592038482438,-114.06855048933936,1
BELMONT WY SW & SHERIFF KING ST SW,50.87480760941287,-114.070853930417,1
BEDDINGTON DR N & CENTRE ST N,51.1289863263546,-114.07143969275774,1
BEDDINGTON DR NE & BEDFORD DR NE,51.12774104120674,-114.0634623752345,1
ELBOW DR SW & MALIBOU RD SW,50.99551183898972,-114.08319800703065,1
BEDDINGTON TR NW & COUNTRY HILLS BLVD NW,51.143853394429335,-114.09256448375956,1
BEDDINGTON TRAIL NW & BERKSHIRE BLVD NW,51.1382443201792,-114.08150208519191,1
BEDDINGTON TRAIL NW & HIDDEN VALLEY LINK NW,51.15366397799655,-114.10597326913184,1
BEDFORD DR NE & BEDWOOD RD NE,51.1279963152791,-114.0598563529666,1
BELAIRE DR SW & ELBOW DR SW,50.999806379842845,-114.0831437346374,1
BELLE NORTH RD NW & DALTON DR NW,51.101182180445846,-114.1503468689989,1
BELLE RD NW & SHAGANAPPI TR NW,51.101239102075056,-114.14602980466496,1
BELMONT AVE & BELMONT DR,50.86535996215985,-114.0648326012771,1
BELMONT BLVD & BELMONT ST,50.87035447369029,-114.0611145155262,1
BELMONT BV SW & SHERIFF KING ST SW,50.87040613805623,-114.0708690687096,1
BERKLEY DR NW & BERKLEY GT NW,51.12670383376581,-114.0977782127436,1
AUBURN CREST  PLACE SE & AUBURN CREST PARK SE,50.887553574107535,-113.94750733132987,1
BERKLEY DR NW & BERKLEY RISE NW,51.12685589290145,-114.07772301094928,1
BERKLEY DR NW & BERWICK RD NW,51.12814837154796,-114.08996923046764,1
BERKLEY DR NW & HUNTERVIEW DR NW,51.12680214699473,-114.0846035898716,1
BERKSHIRE BLVD NW & SANDARAC DR NW,51.13211405339431,-114.09968084182012,1
BERKSHIRE RD NW & BERMUDA DR NW,51.13243730279751,-114.08323649915664,1
BERMUDA CL NW & BERMUDA RD NW,51.13020100311199,-114.07880058015124,1
BERMUDA DR NW & BERMUDA GATE NW,51.130376308251485,-114.07477542052106,1
BERMUDA DR NW & BERMUDA RD NW,51.13244557589909,-114.07874084024157,1
BERMUDA DR NW & BERNARD DR NW,51.13247249394354,-114.08044549682116,1
BERMUDA DR NW & PATH W OF BERNARD NW,51.13243311888876,-114.08130828092963,1
BERMUDA RD NW & BERMUDA WAY NW,51.13160043915939,-114.07869570366444,1
BETWEEN 51 AND 55 SUNWOOD WAY & SUNWOOD WAY SE,50.89983686748484,-114.03318772868433,1
BETWEEN 7 AND 8 AVE SW & ON 3RD ST SW,51.046193567344616,-114.07034326944488,1
BEDDINGTON BLVD NW & BERWICK WAY NW,51.1301572721246,-114.0837338386704,1
BEDDINGTON BLVD NW & BERWICK DR NW,51.13178125129912,-114.08666775050447,1
BEDDINGTON BLVD NW & BERMUDA DR NW,51.12737825559063,-114.0771691697516,1
BEDDINGTON BLVD NW & BERKSHIRE BLVD NW,51.133557758795945,-114.08900435611586,1
AUBURN CREST GREEN SE & AUBURN CREST PARK SE,50.887323776514926,-113.94643402303964,1
AUBURN CREST LANE SE & AUBURN SPRINGS BLVD SE,50.8870789505319,-113.94991064135318,1
AUBURN CREST PARK SE & AUBURN SPRINGS BLVD SE,50.8879721328836,-113.94862859078312,1
AUBURN CREST WAY SE & AUBURN SPRINGS BLVD SE,50.889271223641735,-113.94772079627784,1
AUBURN MEADOWS BLVD SE & AUBURN MEADOWS DR SE,50.893933346543236,-113.94834996152444,1
Auburn Bay DR SE & Auburn Meadows BV SE,50.89922173486477,-113.9481315958304,1
BANFFTR NW & CROWCHILD TR NW,51.07252575863321,-114.11778028328315,1
BANNISTER RD SE & MIDLAKE BLVD SE,50.91410835259167,-114.06482682896416,1
BANNISTER ROAD SW & SHAWNEE GATE SW,50.92655975828202,-114.07276303397552,1
BARLOW TR NE & CENTRE AVE N,51.05240915980461,-114.00163939741728,1
BARLOW TR NE & COUNTRY HILLS BLVD NE,51.15432631024337,-114.00170748392614,1
BARLOW TR NE & FREEPORT BLVD NE,51.150799230412616,-114.00177555278007,1
BARLOW TR NE & MCKNIGHT BLVD NE,51.092761148642666,-114.00164953172906,1
BARLOW TR NE & STONEHILL DR NE,51.16617778765213,-113.99339387289652,1
BARLOW TR NE & STONEHILL GATE NE,51.15676404337445,-114.00167831033065,1
BARLOW TR SE & MEMORIAL DR S,51.043765823742014,-114.00206222769889,1
BARLOW TR SE & MEMORIAL DR SE,51.04580560183887,-114.0017567202316,1
BARLOW TR SE & RAMP TO 17 AV WBND,51.037794383872395,-113.99697641866554,1
BARLOW TR SE & RRX'S S OF 50 AV SE,51.00662942189755,-113.999500738487,1
BARR RD NW & BRISEBOIS DR NW,51.090753385371464,-114.13187745258364,1
BEARSPAW DAM RD NW & SOUTH OF SOCCER CENTRE (RRXING),51.104024669708686,-114.25293972571488,1
BEDDINGTON BLVD N & CENTRE ST N,51.12523784714123,-114.07141618221075,1
BEDDINGTON BLVD NE & BEDDINGTON DR NE,51.125176503271945,-114.06277220826136,1
BEDDINGTON BLVD NE & BEDDINGTON TR,51.12797582095301,-114.05306679712744,1
BEDDINGTON BLVD NE & BEDFORD DR NE,51.12625493941671,-114.05540518991538,1
BEDDINGTON BLVD NE & HUTINGTON RD NE,51.125156177339605,-114.0592596918661,1
BEDDINGTON BLVD NW & BERKLEY RD NW,51.128751543346056,-114.08017007509424,1
ASPEN STONE BLVD SW & ASPEN STONE RD SW,51.04095248586363,-114.2135012881417,1
ASPEN HILLS DR SW & ASPEN STONE BLVD SW,51.039815722685915,-114.21603002802402,1
ASPEN GLEN WAY SW & ASPEN SUMIT DR SW,51.03931615499566,-114.20353042396655,1
93 ST SW & ASPEN HILLS WY SW,51.0443894108455,-114.22256537796306,1
9 ST NE & ST MATTHEW SQ NE,51.051637843262945,-114.04032061967636,1
90 AVE SE & BARLOW TR SE,50.972291817181905,-113.9817978640426,1
90 AVE SE & BONAVENTURE DR SE,50.9722696135235,-114.06873303231885,1
90 AVE SE & E OF BONAVENTURE DR,50.972248522944966,-114.06582739810774,1
90 AVE SE & FAIRMOUNT DR SE,50.97058990723493,-114.05920314701514,1
90 AVE SE & MACLEOD TR S,50.97224640856219,-114.0715924158921,1
90 AVE SW & BAY RIDGE DR SW,50.97227141611483,-114.10910007684116,1
90 AVE SW & BAY VIEW DR SW,50.97226352897483,-114.11175653045352,1
90 AVE SW & OAKMOUNT DR SW,50.97674886952171,-114.13593940294194,1
90 AVE SW & OAKSIDE GATE SW,50.97401247405499,-114.1258269389904,1
900 M EAST OF 85 ST & BOW TR SW,51.05258002129625,-114.19860157172968,1
90M S OF & VALLEY RIDGE BLVD NW,51.09110400658358,-114.24927237714394,1
93 ST SW & ASPEN HILLS DR SW,51.04260253933035,-114.22256619911002,1
94 AVE SE & ACADIA DR SE,50.968521741906756,-114.04842546820764,1
ASHWORTH RD SE & HERITAGE DR SE,50.97987277298906,-114.05347609504432,1
94 AVE SE & ADAMS CRES  SE,50.96864315431657,-114.06422120607988,1
94 AVE SE & BONAVENTURE DR SE,50.96861892819506,-114.0687637787803,1
94 AVE SE & FAIRMOUNT DR SE,50.96864430621759,-114.05920067376624,1
94 AVE SE & MACLEOD TR S,50.96864971433621,-114.07158688691143,1
94 AVE SW & HADDON RD SW,50.96866628613948,-114.07951267203951,1
95M SOUTH OF (AT PATHWAY) & SHERWOOD BLVD NW,51.16175189063267,-114.15078513685188,1
96 AVE NE & AURORA PARK DR NE,51.142041049268975,-114.0508417743444,1
96 AVE NE & AURORA PARK LI NE,51.14116506667172,-114.05952078725112,1
96 AVE NE & HARVEST GOLD MANOR NE,51.141661651699465,-114.06564260378876,1
96 AVE NE & HARVEST HILLS BLVD NE,51.142369009909,-114.06920113012455,1
96 AVE NE & HARVEST HILLS LINK NE,51.14125130408094,-114.05472697895335,1
96 AVE NE & HARVEST ROSE PARK NE,51.14159397067382,-114.0626213577807,1
96 AVE SE & FAIRMOUNT DR SE,50.966684031580776,-114.058845380596,1
9 ST NE & MEMORIAL DR,51.04945852811073,-114.04040931732024,1
9 ST NE & MCPHERSON RD NE,51.05001860943669,-114.0403629617538,1
9 ST NE & MCDOUGALL RD NE,51.05091935912794,-114.04036828587954,1
9 ST NE & CENTRE AV NE,51.05236243263185,-114.04036294666156,1
86 AVE SE & FAIRMOUNT DR SE,50.97591432985552,-114.059953756265,1
86 AVE SE & MACLEOD TR S,50.975914345550294,-114.07156045178198,1
86 AVE SW & HADDON RD SW,50.97588232657176,-114.077374699598,1
87 AVE SW & ELBOW DR SW,50.97525590515681,-114.08432057873,1
87 ST NW & BEARSPAW DAM RD NW,51.1020944748668,-114.21599689504156,1
87 ST NW & NOSE HILL DR NW,51.104745064496576,-114.21713344180512,1
8710 HORTON RD SW & HULL AV SW,50.97606220759776,-114.0725865045543,1
88 AV NE & SADDLECREST BLVD NE,51.13250376229687,-113.9408957339738,1
88 AVE & METIS TR NE,51.132646389075184,-113.97021082119367,1
88 AVE NE & SAVANNA CR NE,51.1325957129532,-113.94871458869947,1
88 AVE NE & SAVANNA ST NE,51.13256729964679,-113.9523272703789,1
88 AVE SE & FAIRMOUNT DR SE,50.97398100790272,-114.05949087903647,1
88 ST SE & RANGEVIEW BV SE (196 AVE SE),50.88502859126924,-113.90623282121996,1
89 AVE SW & ELBOW DR SW,50.97353572467413,-114.08451205853522,1
89 AVE SW & HAYSBORO COM. ASSO.,50.97401691162955,-114.08818242776368,1
89 ST SW & 9 AVE SW,51.05965577819704,-114.21669254364852,1
89 ST SW & OLD BANFF COACH RD SW,51.0669535557388,-114.2167802063556,1
89 ST SW & WENTWORTH AV SW,51.05895095644085,-114.21669423072058,1
"9 ""A"" ST NW & SOUTH OF 2 AVE",51.05300929032577,-114.08451443623214,1
9 AVE EBND & SBND EXIT FR 14 ST SW,51.04659290405037,-114.09487464363951,1
9 AVE SE & 9 ST SE,51.04285311779438,-114.0394576501198,1
9 AVE SE & MACLEOD TR SE,51.044464480145635,-114.05817482019812,1
9 AVE SW & 9 ST SW,51.04519180174259,-114.0837729139774,1
9 AVE SW & CENTRE ST S,51.04462025544484,-114.06307222740573,1
9 AVE SW & WENTWORTH RISE SW,51.05963148432564,-114.21343745554238,1
9 AVE SW/16 ST SW & GREYHOUND WAY,51.04549082834881,-114.09743491277764,1
9 ST & MEMORIAL DR,51.053690203916,-114.08126320253592,1
96 AVE SW & ELBOW DR SW,50.96873282251851,-114.08476867287582,1
96 AVE SW & HILLGROVE CR SW,50.968629859615746,-114.08627574018983,1
98 AVE SW & PALISCLIFFE RD SW,50.96498054371656,-114.1149109356,1
AIRPORT TR & METIS TR NE,51.13983947723644,-113.97020989052382,1
AIRPORT TR NE & BARLOW TR NE,51.13853521841656,-114.00166548897484,1
ALDERSYDE GATE SE & LONGVIEW COMMON SE,50.86422683157553,-114.0298090433304,1
ALPINE AV SW & VERANDA BV SW,50.91725348490333,-114.15753491133648,1
ALYTH RD & BLACKFOOT TR SE,51.03407258854053,-114.02525022071596,1
AMIENS RD SW & FLANDERS AVE SW,51.016047822097946,-114.11491845902528,1
AMIENS RD SW & PASSCHENDAELE AV SW,51.01448088094327,-114.11440318072296,1
ANCOURT RD SE & ARLINGTON DR SE,50.97589617494979,-114.05461318530064,1
ANDERSON RD S & MACLEOD TR S,50.95048847969945,-114.07102342038267,1
ANDERSON RD SE & BONAVENTURE DR SE,50.94920899285007,-114.0600474554786,1
ANDERSON RD SW & ELBOW DR SW,50.95044719040143,-114.08455329153009,1
ANDERSON RD SW & WOODPARK BLVD SW,50.9505442538198,-114.10898934034276,1
ANNE FOOT SCHOOL & TEMPLE DR NE,51.08563070332835,-113.9397989323486,1
ANNETTE LD NW & MARMOT GR NW,51.192241003039456,-114.16850584606064,1
APPLESTONE PARK SE & APPLEWOOD DR SE,51.04249503144783,-113.92622757501422,1
AQUILA DR NW & SHAGANAPPI TR NW,51.187144192496454,-114.16335968440424,1
ARBOUR CLIFF CLOSE NW & ARBOUR LAKE WAY NW,51.13523205996208,-114.1918503852774,1
ARBOUR CREST CIRCLE NW & ARBOUR CREST DR NW,51.13515114217829,-114.20840779520164,1
ARBOUR CREST CLOSE NW & ARBOUR LAKE DR NW,51.13383009793579,-114.20297309407395,1
ARBOUR CREST DR NW & ARBOUR LAKE RD NW,51.134061465493,-114.20840612345208,1
ARBOUR CREST RD NW & ARBOUR LAKE DR NW,51.13577201232569,-114.20129583625376,1
ARBOUR LAKE DR NW & JOHN LAURIE BLVD NW,51.1331760569065,-114.20428013587214,1
ARBOUR LAKE RD NW & ARBOUR LAKE RISE NW,51.12853765239289,-114.2137868628856,1
ARBOUR LAKE RD NW & ARBOUR STONE WAY NW,51.13271727827139,-114.21810721412456,1
ARBOUR LAKE RD NW & CROWFOOT RISE NW,51.126552517304255,-114.20927839707969,1
ARBOUR LAKE WAY NW & ARBOUR SUMMIT CLOSE NW,51.13766712425086,-114.18889079410854,1
ARBOUR LAKE WAY NW & NOSE HILL DR NW,51.1374681429309,-114.1847389148165,1
ARLINGTON DR SE & ASHWORTH RD SE,50.975899699488544,-114.05148418526866,1
AIRPORT TR NE & BARLOW TR,51.14110276951247,-114.00176254102936,1
AIMENS RD SW & MONS AVE SW,51.01523612456287,-114.1144864383495,1
99 AVE SE & BONAVENTURE DR SE,50.96097288467765,-114.06883742512116,1
ACADIA DR SE & WILLOWFERN DR SW,50.955110818170375,-114.04085490978768,1
99 AVE SE & FAIRMOUNT DR SE,50.96147107555202,-114.05869768978565,1
99 AVE SE & MACLEOD TR S,50.96098742343591,-114.07160330572916,1
99 AVE SW & SOUTHPORT RD SW,50.96102025684944,-114.07295339538013,1
9A ST NE & MCDOUGALL RD NE,51.050903770840115,-114.03882956433718,1
@ DEER VALLEY SHOPPING & DEER RIDGE DR SE S. CMD,50.93008397190855,-114.02723993477365,1
ABALONE CR/ABERGALE DR & ABBEYDALE DR NE,51.05632189492805,-113.9285359855042,1
ABBEYDALE DR & ABBOTSFORD DR,51.06105543306938,-113.92753333019066,1
ABBEYDALE DR NE & ABINGER RD NE,51.05551535404263,-113.92983197343467,1
ABBEYDALE DR NE & ABOYNE WAY NE,51.06006994241511,-113.93186828244988,1
ABBEYDALE DR NE & MEMORIAL DR NE,51.05241329414712,-113.93124397166466,1
ABBOTSFORD DR & ABINGDON CR  E. LEG,51.062335098395685,-113.92689395298328,1
ABBOTSFORD DR & ABINGDON CR  W. LEG,51.063851447057914,-113.92907859242185,1
ABERDEEN RD SE & ANCOURT RD SE,50.974919676534405,-114.05449639173568,1
ABERGALE DR NE & ABERGALE PL NE,51.0569206466482,-113.92951125760688,1
ACADEMY DR SE & ACADIA DR SE,50.96688558355032,-114.04841398924732,1
ACADIA DR SE & ANCOURT RD SE,50.97219058735147,-114.0534063308628,1
ACADIA DR SE & ANDERSON RD SE,50.94825370770971,-114.04197434574084,1
ACADIA DR SE & ATHENS RD SE,50.96610419527126,-114.04842264576904,1
ACADIA DR SE & CANYON MEADOWS DR SE,50.92982102593096,-114.0486599753276,1
ACADIA DR SE & FAIRMOUNT DR SE,50.9722533329318,-114.05918173990936,1
ACADIA DR SE & LAKE PLACID HILL SE,50.9318463671231,-114.04820287926736,1
ACADIA DR SE & LAKE SYLVAN DR SE,50.943582805487864,-114.04291665693395,1
ACADIA DR SE & MAPLECROFT RD SE,50.95805549776682,-114.0420403781744,1
ACADIA DR SE & MAPLETON DR SE,50.96116892929349,-114.04681633363792,1
ACADIA DR SE & SOUTHLAND DR SE,50.964071918642055,-114.04844626168617,1
ACADIA DR SE & WILLINGDON BLVD SE,50.95170245795211,-114.0413992983138,1
ACADIA DR SE & WILLOW PARK DR SE,50.95994404584367,-114.04410488644872,1
ELBOW DR SW & MADISON AVE SW,51.01393787540354,-114.07931797633498,1
EVANSPARK BLVD NW & EVANSVIEW GA NW,51.17035056673986,-114.11791987552652,1
ELBOW DR SW & RIVERDALE AVE SW,51.01722798328653,-114.07808409184622,1
SCARBORO AVE SW & SHELBOURNE ST SW,51.041778010337744,-114.10630279224536,1
SANDALWOOD GATE NW & SANDARAC DR NW,51.13990426142473,-114.10437852720464,1
SANDARAC DR NW & SANDARAC RD NW,51.134032547200285,-114.099682900538,1
SANDARAC DR NW & SANDSTONE DR NW,51.13838014664096,-114.1008984386937,1
SANDERLING RISE NW & SANDSTONE DR NW,51.1366760548943,-114.09086612806516,1
SANDSTONE DR NW & SANDSTONE HILL NW,51.134450381833425,-114.09008917704426,1
SARCEE TR NW & SHERWOOD BLVD NW,51.162588895947934,-114.16293977424756,1
SARCEE TR NW & SHOPPING CENTRE (S ENTRANCE),51.15734782565703,-114.16237068119972,1
SARCEE TR NW & SYMONS VALLEY PARKWAY NW,51.167522053940075,-114.16457578751312,1
SAVANNA BLVD NE & SAVANNA ST NE,51.13503618089252,-113.95238289062226,1
SAVANNA BV NE & SAVANNA CR NE,51.13503317457177,-113.94870859943222,1
SAVANNA RD NE & SAVANNA ST NE,51.133733959521635,-113.9524086181662,1
SBND 14 ST & WBND BOW TR TO,51.04594038595319,-114.09483711485224,1
SCANLON PL NW & SCURFIELD DR NW,51.12378762476164,-114.2188757636713,1
SCARBORO AVE SW & SUPERIOR AVE SW,51.03881701424345,-114.10137354832352,1
SCOTIA POINT NW & SCURFIELD DR NW,51.12240991578059,-114.21529070020308,1
SCENIC ACRES BLVD NW & SCENIC ACRES DR NW,51.11599108790373,-114.22238559118088,1
SCENIC ACRES BLVD NW & SCENIC PARK GATE NW,51.11748318639819,-114.21846829785623,1
SCENIC ACRES BLVD NW & SCURFIELD DR NW,51.11951652771179,-114.2109281712356,1
SCENIC ACRES BLVD NW & SCURFIELD WAY NW,51.11935201890398,-114.2146603772563,1
SCENIC ACRES DR NW & SCENIC ACRES GATE NW,51.114578681363426,-114.2113913796217,1
SCENIC ACRES DR NW & SCENIC RIDGE GATE NW,51.11104458928007,-114.21866544507114,1
SCENIC ACRES DR NW & SCIMITAR POINT NW,51.11120171280787,-114.21431572640456,1
SCENIC ACRES LINK NW & SCURFIELD DR NW,51.12070564875558,-114.2231224694968,1
SCENIC ACRES PARADE NW & SOUTH PARKING LOT,51.12160752153982,-114.20849786431954,1
SCENIC ACRES PARADE NW & SW PARKING LOT ENTRANCE,51.12194780683946,-114.20959667996988,1
SCENIC COVE DR NW & SCURFIELD DR NW,51.12094354145605,-114.2109695283337,1
SCENIC RIDGE CRESCENT NW & SCENIC RIDGE PLACE NW,51.108713340160286,-114.21878664310697,1
SCEPTRE CL NW & SCURFIELD DR NW,51.11893187201161,-114.22286518033364,1
SALINA ST SW & SOUTHAMPTON DR SW,50.96012297112875,-114.08865787429238,1
SAGE VALLEY DR NW & SAGE VALLEY RD NW,51.17978741804544,-114.15411971083292,1
SAGE VALLEY CM NW & SHAGANAPPI TR NW,51.18160925397122,-114.1607629465864,1
SAGE VALLEY BLVD NW & SHAGANAPPI TR NW,51.17521149079775,-114.15673415700576,1
SADDLELAND CR & SADDLELAKE DR & SADDLEMONT BV NE,51.12973517621926,-113.93517850956286,1
SADDLELAND DR NE & SADDLEMONT BLVD NE,51.129581525332725,-113.9392049304733,1
SADDLEMONT BLVD NE & SADDLETOWNE CIRCLE NE,51.12602104904355,-113.94470001510652,1
SADDLERIDGE DR NE & SADDLETOWNE CIRCLE NE,51.12613196149141,-113.94913768884707,1
SADDLERIDGE DR NE & SADDLETREE DR NE,51.129751832646384,-113.9523896121148,1
SADDLETOWNE CIRCLE NE & TARAVISTA DR NE,51.121723018908355,-113.94464350271556,1
SADDLETREE CL NE & SADDLETREE DR NE,51.13012864394691,-113.95491790089623,1
SAFE HILL DR NW & SAGE HILL ROW NW,51.174631603854344,-114.141269307486,1
SAGE BANK WAY BW & SAGE VALLEY DR NW,51.18022333724246,-114.15690301269883,1
SAGE BLUFF BLVD NW & SYMONS VALLEY RD NW,51.18066507403086,-114.13401204225768,1
SAGE HILL BLVD NW & SAGE HILL GATE NW,51.171105345306685,-114.14499080035064,1
SAGE HILL BLVD NW & SAGE HILL LINK,51.17226913718335,-114.14465580738089,1
SAGE HILL BLVD NW & SAGE HILL PASS NW,51.17052242727781,-114.14704713630287,1
SAGE HILL BLVD NW & SAGE HILL RD NW,51.1736245575293,-114.14497621202824,1
SAGE HILL BLVD NW & SAGE VALLEY BLVD NW,51.17590709020371,-114.1454050927168,1
SAGE HILL BLVD NW & SHAGANAPPI TR NW,51.170431211833545,-114.15285744547585,1
SAGE HILL BV NW & SAGE HILL ROW NW,51.17463040891771,-114.14531446669476,1
SAGE HILL DR NW & SAGE HILL GARDEN NW,51.1713263938015,-114.13760174667104,1
SAGE HILL DR NW & SAGE HILL RD NW,51.17361130821014,-114.14122468876656,1
SAGE HILL DR NW & SAGE HILL WAY NW,51.17885577607023,-114.14119134369793,1
SAGE HILL DR NW & SAGE VALLEY BLVD NW,51.17589101829437,-114.1411709363936,1
SAGE HILL DR NW & SYMONS VALLEY RD NW,51.169788253119414,-114.13294952729964,1
SAGE HILL RD & SAGE VALLEY BLVD NW,51.1758326915497,-114.14969644377167,1
SAGE MEADOWS CI NW & SYMONS VALLEY RD NW,51.17296256117728,-114.13374065319726,1
SAGE MEADOWS GREEN NW & SYMONS VALLEY PARKWAY NW,51.16817687288401,-114.12528368803474,1
SAGE MEADOWS PARK NW & SYMONS VALLEY RD NW,51.17832997698503,-114.13320922065417,1
SAGE VALLEY BLVD NW & SAGE VALLEY RD NW,51.17590244948505,-114.15361749057932,1
SCHOONER CL NW & SCURFIELD DR NW,51.12216942465248,-114.22456058409266,1
SCOTLAND ST SW & SONORA AVE SW,51.04057003964425,-114.10874301466602,1
ELBOW DR SW & SABRINA RD SW,50.956994139117825,-114.08467657814796,1
SHAWVILLE LI SE & SHAWVILLE WY SE,50.89970111388289,-114.066336143423,1
SHAWNEE BLVD SW & SHAWNEE ST SW,50.92323270058697,-114.08089408568313,1
SHAWNEE CO SW & SHAWNEE DR SW,50.925515760060655,-114.08095537401547,1
SHAWNEE CR & SHAWNEE DR SW,50.92613873154702,-114.08126761696631,1
SHAWNEE CR W. LEG & SHAWNEE DR SW,50.926555483716385,-114.08397871167956,1
SHAWNEE DR SW & SHAWNEE GATE SW,50.92417251216071,-114.07503597780568,1
SHAWNESSY BLVD SW & SHAWNESSY DR SW,50.91401359840061,-114.08272628915454,1
SHAWVILLE BLVD SE & SHAWVILLE GATE SE,50.89948258439484,-114.06327632098818,1
SHAWVILLE BLVD SE & SHAWVILLE LINK SE,50.90123966260445,-114.06439443032464,1
SHAWVILLE BLVD SE & SHAWVILLE PLACE SE,50.91032555341733,-114.06944380004036,1
SHAWVILLE BLVD SE & SHAWVILLE RD SE,50.901918802716025,-114.0647532975221,1
SHAWVILLE BLVD SE & SHAWVILLE RISE SE,50.90576913306676,-114.0668582060366,1
SHAWVILLE GATE SE & SHAWVILLE LINK SE,50.8988199422854,-114.06620318860408,1
SHAWVILLE GATE SW & SOMERVALE CO SW,50.898117680967275,-114.070058742337,1
SHERIFF KING ST SW & SILVERADO BLVD SW,50.886853488185345,-114.07117691733151,1
SCOTLAND ST SW & SUNDERLAND AVE SW,51.03952521563265,-114.1085883608529,1
SHERIFF KING ST SW & SILVERADO WAY SW,50.88116585906574,-114.07093957987348,1
SHERVIEW DR NW & SHERWOOD BLVD NW,51.162553399437314,-114.15959403739912,1
SHERWOOD BLVD NW & SHERWOOD PARADE NW,51.15750806723606,-114.14832654117536,1
SHERWOOD BLVD NW & SHERWOOD ST NW,51.163457911373435,-114.15040204910652,1
SHERWOOD BLVD NW & SHERWOOD WAY NW,51.160079061829165,-114.14674467685438,1
SHERWOOD BLVD SW & SHERWOOD MT NW,51.16117654720599,-114.1554303059433,1
SHERWOOD CIRCLE NW & SHERWOOD PARADE NW,51.15939421445771,-114.1496351226306,1
SHERWOOD COVE NW & SHERWOOD PARADE NW,51.15887206683003,-114.14875590892927,1
SIENNA HTS WAY SW & SIGNAL HILL DR SW,51.026689373551285,-114.17893316012989,1
SIENNA MORENA RD SW & SIENNA PARK DR SW,51.024327700773064,-114.18389276339524,1
SIENNA PARK DR SW & SIENNA PARK PL SW,51.025189040087355,-114.18046718364984,1
SIENNA PARK DR SW & SIENNA PARK VIEW SW,51.0259185787624,-114.18032929370744,1
SIENNA PARK TC SW & SIENNA PARK VW SW,51.026204940311,-114.1822413686098,1
SHAWNEE BLVD SW & SHAWNEE HEATH,50.92445431085205,-114.08576035636176,1
SHAWNEE BAY & SHAWNEE DR SW,50.92648298993816,-114.0850667043653,1
SHAWMEADOWS ROAD SW & SHAWNESSY DR SW,50.908713957030784,-114.07594407856864,1
SHAWINIGAN DR SW & SHAWNESSY BLVD SW,50.91399609067496,-114.08938258410384,1
SCOTLAND ST SW & SUPERIOR AVE SW,51.04155691440063,-114.10902890814128,1
SCRIPP LANDING NW & SCURFIELD DR NW,51.11970553086119,-114.22273807942182,1
SENLAC ST SW & SUPERIOR AVE SW,51.03935826488897,-114.1049727696278,1
SETON AVE SE & SETON WAY,50.87132033063611,-113.9558455040839,1
SETON CIRCLE & SETON WAY SE,50.868290234486054,-113.95343517070664,1
SETON CR & SETON CR SE,50.87691988414197,-113.95988914751636,1
SETON GV DR & SETON WAY & 202 AV,50.866263377125165,-113.95191252461429,1
SETON WAY SE & WATER ST SE,50.87403716303277,-113.95719109964598,1
SHAGANAPPI TR NW & SHERWOOD GA NW,51.163348713045565,-114.14375770569032,1
SHAGANAPPI TR NW & SYMONS VALLEY PARKWAY NW,51.16806171187983,-114.15191402275934,1
SHAGANAPPI TR NW & TEKARRA DR NW,51.189700512927246,-114.16469497253088,1
SHAGANAPPI TR NW & UNIVERSITY AVE NW,51.07677444930201,-114.15219083023644,1
SHAGANAPPI TR NW & VARSITY DR NW,51.09335718047438,-114.1548329080528,1
SHANNON AVE SW & SHANNON GARDEN SW,50.90934805342997,-114.09757667590976,1
SHANNON CIRCLE SW & SHAWINIGAN DR SW,50.91226246560311,-114.08936124958804,1
SHANNON CR SW & SHANNON DR SW,50.91018782900935,-114.08451830442958,1
SHANNON DR SW & SHANNON MEWS SW,50.90974121274981,-114.08546114387192,1
SHANNON DR SW & SHAWINIGAN DR SW,50.90853204770041,-114.08889439344595,1
SHANNON DR SW & SHAWNESSY DR SW,50.91154627886749,-114.08182708172352,1
SHANNON SQUARE SW & SHAWNESSY BLVD SW,50.914022553726234,-114.09693079429792,1
SHAWBROOKE CLOSE SW & SHAWINIGAN DR SW,50.907372769861915,-114.08802569136132,1
SHAWBROOKE DR SW & SHAWINIGAN DR SW,50.90628170316514,-114.08720114837762,1
SHAWCLIFFE CIRCLE SW & W OF SHAWCLIFFE BAY SW,50.91214565148784,-114.08083746549951,1
SHAWCLIFFE GATE SW & SHAWNESSY DR SW,50.91172424044893,-114.0738428622624,1
SHAWFIELD DR SW & SHAWINIGAN DR SW,50.905200817219594,-114.0810887347601,1
SHAWGLEN RISE SW & SHAWINIGAN DR SW,50.904718462818536,-114.07698158493966,1
SHAWINIGAN DR SW & SHAWINIGAN WAY (E LEG),50.90525389065535,-114.0791877072716,1
SADDLEHORN DR NE & SADDLEMONT BLVD NE,51.12863369256536,-113.9412927281859,1
SADDLEHORN DR NE & SADDLEMEAD GR NE,51.12942582792373,-113.94290200163618,1
SADDLECREST PARK NE & SADDLECREST TERRACE NE,51.13655961060303,-113.93807248255526,1
RANCHLANDS BLVD NW & RANCHLANDS SCHOOL,51.11819791319237,-114.17871363649284,1
QUEEN ISABELLA CL SE & QUEENSLAND DR SE,50.934723602800005,-114.02863381097052,1
QUEENSLAND DR SE & QUEENSLAND PL SE (200),50.93926937173369,-114.0253719873946,1
QUEENSLAND DR SE & QUEENSLAND PL SE (500),50.93404923014019,-114.01810566916032,1
RADCLIFFE CR SE & RADCLIFFE DR SE,51.04814649345723,-113.98416320253168,1
RADCLIFFE DR SE & RADCLIFFE PL SE,51.046641716865594,-113.99227812636272,1
RADCLIFFE DR SE & RADLEY WAY SE,51.048172834173975,-113.98294238488712,1
RADFORD RD NE & REGAL CR NE,51.06129029326939,-114.03739375720188,1
RADISSON DR SE & ROULEAU CR SE,51.04089351188139,-113.98707141443045,1
RADNOR AVE NE & RUSSET RD NE,51.064158022330346,-114.04261980137838,1
RADNOR AVE NE & ST. ALPHONSUS SCHOOL,51.064082266046725,-114.04116757739229,1
RANCH ESTATES DR NW & RANCHVIEW DR NW,51.1196583160268,-114.17688057634771,1
RANCHERO DR NW & RANCHLANDS BLVD NW,51.12055448205489,-114.19382152971636,1
RANCHERO RISE NW & RANCHLANDS BLVD NW,51.11820925396531,-114.18822192678708,1
RANCHLANDS BLVD NW & RANCHLANDS WAY NW,51.12290225460921,-114.19569474186537,1
SADDLECREST BLVD NE & SADDLECREST TC NE,51.13744934278346,-113.93814543884204,1
RANCHLANDS BLVD NW & RANCHVIEW RD NW,51.11752053994556,-114.18531948611388,1
RANCHRIDGE RD NW & RANCHVIEW DR NW,51.12026248505536,-114.18169149236054,1
RANCHVIEW DR NW & RANCHVIEW RD NW,51.12053704320583,-114.18402931782754,1
RANGEVIEW BV SE & RANGEVIEW GA SE,50.88497971661238,-113.92535854334416,1
RED EMBERS GA NE & REDSTONE DR NE,51.1683612222918,-113.95778129685142,1
RED SKY WAY NE & REDSTONE BLVD NE,51.17169721152237,-113.95110218533418,1
REDSTONE AVE NE & REDSTONE BLVD,51.172935036813634,-113.95103621813088,1
REDSTONE BLVD & REDSTONE DR NE,51.16836694652926,-113.95105703844068,1
REDSTONE DR & REDSTONE ST NE,51.16837789877934,-113.96202229659312,1
REDSTONE PLAZA NE & REDSTONE ST NE,51.17095233756236,-113.96191121970718,1
REDWOOD CR SE & SABLE DR SE,51.03305527541095,-113.98681026643456,1
REGAL CR NE & RUSSET RD NE,51.06326196716753,-114.04262254945893,1
RICHARD RD SW & RICHARD WAY SW,51.00580332233897,-114.12943887815383,1
QUEEN CHARLOTTE DR SE & QUEEN CHARLOTTE GATE SE,50.93737519347025,-114.0242096564776,1
QUARRY PARK BLVD SE & QUARRY PARK RD SE,50.96343981679778,-114.00724795450088,1
QUARRY GATE SE & QUARRY WAY SE,50.961193169382625,-114.01960166151282,1
QUARRY GATE SE & QUARRY PARK BLVD SE,50.96143075362105,-114.01759639154432,1
PARKLAND BLVD SE & PARKLAND WAY SE,50.9257464218272,-114.0301735122718,1
PARKLAND BLVD SE & PARKVALLEY DR SE,50.9192329147103,-114.02568550456508,1
PARKLAND BLVD SE & PARKVALLEY DR/S. LEG SE,50.913619068779525,-114.02359084729102,1
PARKLAND BLVD SE & PARKWOOD WAY SE,50.92775249484556,-114.03263621216266,1
PARKLAND RISE SE & PARKLAND WAY SE,50.924128967195045,-114.03280444416092,1
PARKLAND WAY SE & PARKSIDE DR SE,50.9222120245692,-114.03307249668369,1
PARKSIDE DR SE & PARKSIDE WAY SE,50.92773165630296,-114.03755930836329,1
PATH E OF V SPR. TERRACE NW & VALLEY SPRINGS RD NW,51.09508197592227,-114.24375583426492,1
PATINA DR SW & PATTERSON BLVD SW,51.06297301160558,-114.17854805584795,1
PATINA DR SW & PROMINENCE WY SW,51.062979436597374,-114.17452766257396,1
PATTERSON BLVD SW & PATTERSON DR SW,51.06557619189383,-114.17916457084844,1
PATTERSON BLVD SW & PATTERSON HILL SW,51.06116138668457,-114.17855950161338,1
PEIGAN TR SE & W OF 36 ST SE,51.01529883339339,-113.9859204378103,1
PENBROOKE CL SE & PENBROOKE DR SE,51.04584260485425,-113.94265364455428,1
PENBROOKE DR SE & PENEDO WAY SE,51.04531123959984,-113.9441948299154,1
PENSACOLA CR SE & PENSACOLA WAY SE,51.04097272924884,-113.95310862841156,1
PRESTWICK AVE SE & PRESTWICK BLVD SE,50.92219491178603,-113.96597773423989,1
PRESTWICK AVE SE & PRESTWICK CIRCLE,50.92218766106663,-113.96073944886204,1
PRESTWICK BLVD SE & PRESTWICK CIRCLE SE,50.91927700515507,-113.96580285342336,1
PRESTWICK CIRCLE SE & PRESTWICK ST SE,50.92659771867217,-113.96680254258816,1
PRESTWICK CIRCLE SE & PRESTWICK VILLA SE,50.92662084493407,-113.96550805667444,1
PRESTWICK DR SE & PRESTWICK ST SE,50.92331102290171,-113.96683921423102,1
PROMENADE PLAZA & PROMENADE WAY SE,50.91349030240339,-113.96252667762889,1
PROMENADE PLAZA SE & PROMENADE WAY SE,50.913170121830994,-113.96089702828188,1
PUMPHOUSE AVE SW & PUMPHOUSE RD SW,51.04557010754986,-114.10749297313616,1
QN CHARLOTTE RD W LEG & QUEEN CHARLOTTE WAY SE,50.93445399919684,-114.02227362770228,1
QUARRY DR SE & QUARRY PARK BLVD SE,50.9594866801523,-114.0113423938168,1
RICHARD RD SW & RICHARDSON WAY SW,51.01231225166462,-114.12240813584022,1
RICHARD RD SW & WESTMOUNT WAY SW,51.01102547529747,-114.126901829595,1
RICHARD WAY SW & RICHARD WAY SW,51.00580460926703,-114.13124924122732,1
ROYAL BIRCH BLVD NW & ROYAL OAK WAY NW,51.14888680178647,-114.21583007125706,1
ROYAL BIRCH GATE NW & ROYAL OAK DR NW,51.14360640700968,-114.21515119548629,1
ROYAL BIRKDALE DR NW & ROYAL OAK WAY NW,51.14933298496235,-114.22525278195296,1
ROYAL ELM DR NW & ROYAL RIDGE MT NW,51.141022739790714,-114.23089101882992,1
ROYAL OAK CIRCLE NW & ROYAL OAK WAY NW,51.15043607988249,-114.22340826267737,1
ROYAL OAK PARK NW & ROYAL OAK WAY NW,51.15088213000133,-114.22053008240046,1
ROYAL VISTA DR NW & ROYAL VISTA LINK NW,51.150538222962325,-114.20368709780558,1
ROYAL VISTA DR NW & ROYAL VISTA WAY NW,51.15117610785495,-114.2074689567782,1
ROYAL VISTA LI NW & ROYAL VISTA WY NW,51.15279972978616,-114.20462348480392,1
RUNDLE HILL DR NE & RUNDLEHILL WY/NORTH LEG,51.07655335577864,-113.969905613025,1
RUNDLEHILL DR NE & RUNDLEHILL WAY,51.07491060370117,-113.9686086698336,1
RUNDLEHORN DR NE & RUNDLEVILLE DR NE,51.0706497983598,-113.97199244207702,1
RUNDLEHORN DR NE & RUNDLEWOOD DR NE,51.07064335090077,-113.96992942206737,1
RUNDLEVILLE DR NE & RUNDLEWOOD DR NE,51.07442332088096,-113.96990956462156,1
S OF 162 AVE SE & SHAWVILLE WAY SE,50.900191243599885,-114.06903609127032,1
S OF HOME DEPOT SE & SHAWVILLE BLVD SE,50.89606591841495,-114.06105370109653,1
SABRINA RD SW & SACRAMENTO DR SW,50.956954496654795,-114.07846795637909,1
SACKVILLE DR SW & SACKVILLE DR SW,50.954771316568824,-114.08981109347246,1
SACKVILLE DR SW & SOUTHAMPTON DR SW,50.95476934986492,-114.0911038461824,1
SACRAMENTO DR SW & SEYMOUR AVE SW,50.96147427034141,-114.077563110357,1
SACRAMENTO DR SW & SHAMROCK AVE SW,50.9552327901646,-114.07899399048054,1
SADDLEBROOK CIRCLE NE & SADDLEBROOK DR NE,51.133936065822176,-113.93089412889172,1
SADDLEBROOK DR NE & SADDLELAKE DR NE,51.13217775823358,-113.9299425438213,1
SADDLEBROOK DR NE & SADDLELAKE WAY NE,51.13129779288459,-113.92935904140997,1
SADDLEBROOK DR NE & SADDLEMONT BLVD NE,51.129726045402464,-113.92942885856606,1
SADDLEBROOK WY NE & SADDLECREST BV NE,51.13729358913425,-113.9351481188839,1
SADDLECREST BLVD NE & SADDLECREST GD NE,51.13742585113011,-113.93697333721506,1
SADDLECREST BLVD NE & SADDLECREST PARK NE,51.13447537467255,-113.94202652127838,1
ROYAL BIRCH BV NW & ROYAL BIRCH ST NW,51.145771639472706,-114.22060314411463,1
ROYAL BIRCH BLVD NW & ROYAL OAK DR NW,51.14791407959101,-114.21752977572172,1
RICHARDSON LINK SW & RICHARDSON WAY SW,51.01504021208149,-114.13420189924504,1
ROYAL BIRCH BLVD NW & ROYAL BIRCH HEIGHTS NW,51.1452278646935,-114.22146693563975,1
RICHARDSON RD SW & RICHARDSON WAY SW,51.01333419505197,-114.13648326103196,1
RICHARDSON WAY SW & SARCEE RD/LINCON WY,51.012453121718536,-114.13875751043383,1
RICHMOND RD SW & S OF 17 AVE SW,51.036917017553776,-114.1112506203354,1
RICHMOND RD SW & SIERRA MORENA BLVD SW,51.0161367669639,-114.17601767534606,1
RIVER CREST DR SE & RIVER GLEN DR SE,50.976275148358624,-114.01239040318164,1
RIVER GLEN DR SE & RIVER STONE CLOSE SE,50.97536467151124,-114.00516941000092,1
RIVERBEND DR SE & RIVERBEND GATE SE,50.97569817874925,-114.01869400032554,1
RIVERBEND DR SE & RIVERSIDE CLOSE SE,50.97713350130804,-114.0252288607994,1
RIVERFRONT AVE SE & RIVERFRONT LANE,51.04878018745812,-114.05123124219872,1
RIVERVALLEY DR SE & RIVERVIEW PARK SE,50.973362797603784,-114.02044892386996,1
ROCKBLUFF CL NW & ROCKY RIDGE BLVD NW,51.147959028175826,-114.24887122135172,1
ROCKBOROUGH PARK NW & ROCKY RIDGE RD NW,51.15209641531053,-114.23419672399382,1
ROCKY RIDGE BLVD NW & ROCKY RIDGE CL NW,51.1460084477697,-114.24708589067014,1
ROCKY RIDGE BLVD NW & ROCKY RIDGE DR NW,51.14320687981922,-114.23764318944434,1
ROCKY RIDGE BLVD NW & ROCKY RIDGE GATE NW,51.144304492592546,-114.24240892875012,1
ROCKY RIDGE BLVD NW & ROCKY RIDGE HEATH NW,51.14540864729607,-114.24580091975572,1
ROCKY RIDGE BLVD NW & ROCKY RIDGE RD NW,51.14323882298923,-114.23418069546187,1
ROCKY RIDGE BLVD NW & ROCKYVALLEY DR NW,51.14946386953635,-114.24925873016156,1
ROCKY RIDGE BV NW & ROCKY RIDGE CI,51.144807125661224,-114.24444836874336,1
ROCKY RIDGE DR NW & ROCKYVALLEY DR NW,51.14866172259321,-114.25275319552578,1
ROCKY RIDGE RD NW & ROYAL HIGHLAND RD NW,51.1453743191424,-114.23418973197738,1
ROCKY RIDGE RD NW & ROYAL OAK DR NW,51.13863482878536,-114.2341883973652,1
ROCKY RIDGE RD NW & ROYAL OAK WAY NW,51.14871055228564,-114.23419644693512,1
ROCKYLEDGE ST NW & ROCKYVALLEY DR NW,51.14847502584459,-114.25481041508148,1
ROCKYVALLEY DR NW & TWELVE MILE COULEE RD NW,51.148481787109894,-114.2573508488024,1
ROSEHILL DR NW & ROSEWOOD RD NW,51.07708129573358,-114.08947023753156,1
ROSEMOUNT SCHOOL & ROSEVALE DR NW,51.0779827631294,-114.09181264940588,1
SIERRA MORENA BLVD SW & SIERRA MORENA CIRCLE SW,51.01811977271973,-114.17607587199169,1
SIERRA MORENA BLVD SW & SIERRA MORENA CLOSE SW,51.01479725807394,-114.17605052611523,1
SIERRA MORENA BLVD SW & SIERRA MORENA RD SW,51.02047999253805,-114.18378589837872,1
TUSCANY SPRINGS HILL NW & TUSSLEWOOD DR NW,51.13462851857418,-114.24959600724377,1
TUSCANY HILLS RD NW & TUSCANY HILLS WAY NW,51.122867563734154,-114.2424518907714,1
TUSCANY LRT BUS ENTRANCE & TUSCANY SPRINGS BLVD NW,51.13247835604982,-114.2371066241656,1
TUSCANY LRT ENTRANCE & TUSCANY SPRINGS BLVD NW,51.13305232436577,-114.23754989042568,1
TUSCANY MEADOWS CL & TUSCANY MEADOWS DR NW,51.11451606227847,-114.24397661800258,1
TUSCANY MEADOWS DR NW & TUSCANY RAVINE RD,51.114602922532576,-114.2406548989191,1
TUSCANY RIDGE CLOSE NW & TUSCANY RIDGE CLOSE NW,51.1199056861733,-114.2506087254028,1
TUSCANY RIDGE COMMON NW & TUSCANY RIDGE WAY NW,51.127401887600094,-114.25163715248208,1
TUSCANY RIDGE HEIGHTS NW & TUSCANY WAY NW,51.13064234283648,-114.25155617137987,1
TUSCANY SPRINGS BLVD NW & TUSCANY SUMMIT GREEN NW,51.13890602270787,-114.2522588348764,1
TUSCANY SPRINGS BLVD NW & TUSCARORA CL NW,51.12687081779784,-114.23847535080596,1
TUSCANY SPRINGS BLVD NW & TUSCARORA MEWS NW,51.1304309383396,-114.23688948657625,1
TUSCANY SPRINGS BLVD NW & TUSCARORA WAY NW,51.12894249150957,-114.23700388365526,1
TUSCANY SPRINGS HILL NW & TUSCANY WY NW,51.13225588603009,-114.2531363390639,1
TUSCANY VALLEY GATE NW & TUSCANY VALLEY VIEW NW,51.127185624111135,-114.24361703103916,1
TARADALE DR NE & TARARIDGE DR,51.113862716434554,-113.9405416481036,1
TUSCANY VALLEY PARK NW & TUSCANY WAY NW,51.12686837616737,-114.24829748798382,1
TUSCANY VILLAGE COURT NW & TUSCANY WAY NW,51.12253160560648,-114.24486959820103,1
TUSCANY WAY NW & TWELVE MILE COULEE RD NW,51.13238630464116,-114.25735315669112,1
TUSSLEWOOD DR NW & TUSSLEWOOD HT NW,51.13612076846361,-114.25093678506695,1
TUSSLEWOOD DR NW & TWELVE MILE COULEE RD,51.13870553317357,-114.25738919893772,1
ULSTER RD NW & UNWIN RD NW,51.07169907414203,-114.12775988507686,1
ULSTER RD NW & UXBRIDGE DR NW,51.06988041382243,-114.12938199905062,1
ULYSSES ST NW & UXBRIDGE DR NW,51.07150538005517,-114.13596740438096,1
UNIVERSITY DR NW & UNWIN RD NW,51.07218533737029,-114.12641963315647,1
UNWIN RD NW & UXBRIDGE DR NW,51.07082128953906,-114.13016147908684,1
URBANA RD NW & UTAH DR NW,51.06910760781573,-114.13497309459616,1
UTAH DR NW & UXBRIDGE DR NW,51.071481596439725,-114.133904696164,1
VALANCE CR NW & VARSITY DR NW,51.09330974917559,-114.16301873929424,1
TUSCANY HILLS PARK NW & TUSCANY WAY NW,51.12113720548649,-114.24373330761058,1
TUSCANY HILL NW & TUSCANY MEADOWS DR NW,51.114489510850674,-114.24675575208346,1
TUSCANY GLEN GATE NW & TUSCANY HILL NW,51.11601435836819,-114.24669598436664,1
TUSCANY DR NW & TUSCANY WAY NW,51.1290544438904,-114.25018467125184,1
TARADALE DR NE & TARAVISTA WAY,51.11664397413475,-113.92708923625882,1
TARADALE DR NE & TARINGTON RD NE,51.11408909466777,-113.93138702870056,1
TARALAKE WAY & TARAVISTA DR NE,51.12063778698577,-113.9348318920472,1
TARALEA MANOR & TARALEA PARK NE,51.115724602173096,-113.93844001971696,1
TARAVISTA DR & TARAWOOD LN NE,51.12138021771117,-113.94179180203942,1
TARAVISTA DR NE & TARAWOOD RD NE,51.12116157170277,-113.9385144822934,1
TARAVISTA GARDEN & TARAVISTA WAY NE,51.11664389029184,-113.92855408707732,1
TARINGTON GR NE & TARINGTON RD NE,51.113257645341626,-113.93139545510655,1
TAYLOR CR NE & THOMAS ST NE,51.10025222960972,-114.05921049855354,1
TEMPLE DR NE & TEMPLEGREEN DR NE,51.088345685878906,-113.93929148306997,1
TEMPLE HILL CRES NE & TEMPLE HILL DR NE,51.08712614021421,-113.95162194940434,1
TEMPLEGREEN DR NE & TEMPLEGREEN RD NE,51.08842579289843,-113.94338208131526,1
TEMPLEGREEN DR NE & TEMPLEVALE DR NE,51.09105344626661,-113.94534803695144,1
TEMPLEHILL DR NE & TEMPLEHILL RD NE,51.0863244518097,-113.95228567439742,1
THIRSK ST NW & UNIVERSITY AV NW,51.07815435770728,-114.14610896592666,1
TOWNSHIP RD 252 & TWELVE MILE COULEE RD NW,51.12509406755005,-114.25749374856711,1
TUSCANY BLVD NW & TUSCANY DR NW,51.12134113448269,-114.25425050688196,1
TUSCANY BLVD NW & TUSCANY RIDGE VIEW NW,51.1223119146436,-114.25116337240908,1
TUSCANY BLVD NW & TUSCANY SPRINGS BLVD NW,51.12547533112191,-114.23862144838132,1
TUSCANY BLVD NW & TUSCANY VALLEY VW NW,51.12500769097829,-114.24281592553488,1
TUSCANY DR NW & TUSCANY GLEN RD NW,51.11843985431078,-114.24895540089162,1
TUSCANY DR NW & TUSCANY HILL NW,51.11816064733232,-114.24652113909764,1
TUSCANY DR NW & TUSCANY RAVINE RD NW,51.11880192298028,-114.24181645855482,1
TUSCANY DR NW & TUSCANY RIDGE CL NW,51.119186755615104,-114.2512667691506,1
TUSCANY DR NW & TUSCANY RIDGE COMMON NW,51.12812987001104,-114.25237265379934,1
TUSCANY DR NW & TUSCANY RIDGE CRESCENT NW,51.125517135785266,-114.2540772249007,1
TUSCANY DR NW & TUSCANY VISTA RD NW,51.11970651196247,-114.25236689711345,1
VALIANT DR NW & VAUXHALL CR  NW,51.090729762553195,-114.1486217676366,1
VALLEY CREEK RD NW & VALLEY RIDGE DR NW,51.09077686133666,-114.2589682535837,1
VALLEY MEADOW CL NW & VALLEY RIDGE DR NW,51.09202131418458,-114.24512034071736,1
WOLF CREEK PA SE & WOLF WILLOW BV SE,50.87339978490192,-114.0037077926172,1
WOODACRES DR & WOODPARK BLVD SW,50.93601705412989,-114.12167396207104,1
WOODBINE BLVD SW & WOODBINE BLVD SW,50.938256319425385,-114.1324068445099,1
WOODBINE BLVD SW & WOODBOROUGH RD SW/S. L,50.94421968023851,-114.13544161929993,1
WOODBINE BLVD SW & WOODBROOK COURT SW,50.9468588531837,-114.13327177965616,1
WOODBINE BLVD SW & WOODBROOK WAY SW,50.94685876275046,-114.13456276430632,1
WOODBINE BLVD SW & WOODFIELD WAY SW,50.93867145473312,-114.12830528396992,1
WOODBINE BLVD SW & WOODGLEN WAY SW,50.94686490588008,-114.12964992490342,1
WOODBINE BLVD SW & WOODMONT DR  SW/ N LEG,50.941461956685394,-114.13321971652508,1
WOODBINE BLVD SW & WOODMOUNT RD SW,50.94308414079198,-114.12589414683256,1
WOODBINE BLVD SW & WOODVIEW DR SW,50.94129667674633,-114.12590359280324,1
WOODFIELD COURT SW & WOODFIELD CR,50.9360055888068,-114.12693541996674,1
WOODFIELD CR N LEG & WOODFIELD WAY SW,50.937829521457026,-114.1281645963461,1
WOODFIELD CR SW & WOODHAVEN  RD SW,50.93600583898215,-114.1257184880925,1
WOODFIELD CRESCENT & WOODFIELD WAY SW,50.93600532768048,-114.12811472330048,1
WOODFIELD CRESCENT SW & WOODFIELD DR SW,50.93736608277383,-114.12571914231232,1
WOODFIELD RD SW & WOODPARK BLVD SW,50.93606741673623,-114.12444979147786,1
WOODGLEN GATE SW & WOODVIEW DR SW,50.94125108180803,-114.121721299307,1
WOODGLEN RD SW & WOODGLEN RISE SW,50.946303797067806,-114.12068475123444,1
WOODGREEN DR SW & WOODPARK BLVD SW,50.9385811897564,-114.109129725469,1
WOODGREEN DR SW & WOODWILLOW CLOSE SW,50.93831620271152,-114.10557952483946,1
WOODHILL RD SW & WOODVIEW DR SW,50.94122786809444,-114.11276634573042,1
WOODPARK BLVD SW & WOODPARK/WOODSTOCK RD'S,50.94497483388828,-114.1089586095394,1
WOODPARK BLVD SW & WOODRIDGE DR SW,50.93604510576456,-114.11104670215568,1
WOODPARK BLVD SW & WOODSIDE GATE SW,50.93769746201608,-114.10961423307614,1
WOODPARK BLVD SW & WOODVIEW DR SW,50.94150795186034,-114.1089352130382,1
WOODPARK CLOSE SW & WOODPARK CLOSE SW,50.9472400220135,-114.11600027119572,1
WOODPARK WAY SW & WOODVIEW DR SW,50.9415423066082,-114.10678019806105,1
WOOD PARK CLOSE SW & WOODPARK AVE SW,50.946377947288234,-114.1160357369812,1
WILLIAMETTE DR SE & WILLINGDON BLVD SE,50.95157968870268,-114.04347728122914,1
VALLEY PONDS WAY NW & VALLEY RIDGE DR NW,51.090864870000686,-114.2537217607723,1
WILDERNESS DR SE & WILLINGTON BLVD SE,50.95289479005627,-114.0573740443916,1
VALLEY RIDGE  GREEN NW & VALLEY RIDGE BLVD NW,51.093732220784105,-114.25021121255864,1
VALLEY RIDGE BLVD NW & VALLEY RIDGE DR NW,51.09196434945157,-114.24952984566106,1
VARDANA RD NW & VARDELL RD NW,51.08613844204933,-114.14810623997312,1
VARSITY DR NW & VEGAS RD NW,51.09198232338367,-114.14731051733266,1
VARSITY DR NW & VERONICA RD NW,51.0936927429421,-114.16002081716516,1
VARSITY DR NW & VISCOUNT DR NW,51.092889826446424,-114.152152844407,1
VARSITY ESTATES CLOSE NW & VARSITY ESTATES DR NW,51.10711707386012,-114.17461532429738,1
VARSITY ESTATES DR NW & VARSITY ESTATES RD NW,51.103362775294904,-114.1657171102386,1
WAKEFIELD DR SW & WESTMINSTER DR SW,51.04436822917882,-114.15996064767778,1
WALDEN BLVD SE & WALDEN DR SE,50.86811968978235,-114.0302781569429,1
WALDEN BLVD SE & WALDEN GV SE,50.86963165967089,-114.02981287247286,1
WALDEN COMMON & WALDEN DR SE,50.8674333642039,-114.02727955132904,1
WALDEN DR SE & WALDEN GATE SE,50.87454019278264,-114.034934440001,1
WALDEN DR SE & WALDEN WAY,50.86982291956448,-114.0373014394696,1
WALDEN DR SE & WALGROVE DR,50.86552692272437,-114.02242097020834,1
WALDEN GATE SE & WALDEN LI SE,50.87580769426687,-114.03576215601196,1
WALGROVE BLVD SE & WALGROVE GATE,50.86533537352292,-114.0131921912314,1
WATSON RD SE & WILLOW PARK DR SE,50.958349039956445,-114.06176790753727,1
WENTWORTH AVE SW & WENTWORTH RISE SW,51.05894814502418,-114.21343934216068,1
WENTWORTH DR SW & WENTWORTH LINK SW,51.05518747949809,-114.20705212404194,1
WENTWORTH DR SW & WENTWORTH RD SW,51.056422032891454,-114.2074038556131,1
WENTWORTH DR SW & WENTWORTH RISE SW,51.056781457693354,-114.21344071538115,1
WENTWORTH HL SW & WEXFORD BA SW,51.062440684771865,-114.2203107632962,1
WENTWORTH RD SW & WENTWORTH WAY SW,51.05675901398952,-114.20554100464608,1
WHITEHORN CR NE & WHITEHORN DR NE,51.084730057712584,-113.96991021317244,1
WHITEHORN DR NE & WHITEHORN RD NE,51.08473770227341,-113.96746887159362,1
WHITESTONE CRES NE/W LG & WHITESTONE WAY NE,51.08256922745,-113.96250324590412,1
TARADALE DR NE & TARAVISTA DR NE,51.12159421483772,-113.9298414587192,1
TARADALE DR NE & TARALAKE WAY,51.11893523916309,-113.92711978457956,1
SIERRA MORENA BLVD SW & SIERRA NEVADA CL SW,51.01326393462012,-114.18116140544552,1
SOMERGLEN COMMON & SOMERSET DR SW,50.896992342834615,-114.08424853657029,1
SIMCOE BLVD SW & SIROCCO DR SW,51.03053654014809,-114.18224842436835,1
SIROCCO DR SW & SIROCCO PL SW,51.033984922473046,-114.16675620649076,1
SKYVIEW CIRCLE NE & SKYVIEW PARADE NE,51.15584836120051,-113.95225107571008,1
SKYVIEW CIRCLE NE & SKYVIEW RANCH DR NE,51.1569976708506,-113.95107761800632,1
SKYVIEW POINT HEATH NE & SKYVIEW RANCH ST NE,51.1613628097335,-113.95562410139026,1
SKYVIEW POINT RD NE & SKYVIEW RANCH ST NE,51.15972689946353,-113.95542752041533,1
SKYVIEW RANCH BLVD NE & SKYVIEW RANCH RD NE,51.16285381397717,-113.95102293403586,1
SKYVIEW RANCH DR NE & SKYVIEW RANCH ST NE,51.15805886895711,-113.95538453274798,1
SKYVIEW RANCH DR NE & SKYVIEW SHORES MANOR NE,51.158371909170306,-113.96085463197733,1
SKYVIEW RANCH RD NE & SKYVIEW RANCH ST NE,51.16286216430666,-113.95572073609272,1
SKYVIEW RANCH RD NE & SKYVIEW RANCH WY NE,51.16412694323807,-113.96188990056488,1
SMITH ST NW & UNIVERSITY AV NW,51.07700932603996,-114.14930916095857,1
SOMERCREST ST SW & SOMERSET DR SW,50.90036504440864,-114.08928574936732,1
SOMERSET CIRCLE & SOMERSET DR SW,50.8965689507074,-114.08125896794044,1
TARADALE CL & TARADALE DR NE,51.1141493748879,-113.94466812811734,1
SOMERSET CR SW & SOMERSET MANOR SW,50.89786326801225,-114.0856887977522,1
SOMERSET DR SW & SOMERSET GA SW,50.899092353405265,-114.07696799077904,1
SOMERSET DR SW & SOMERSET MANOR SW,50.89703880217437,-114.0858013084582,1
SOMERSET DR SW & SOMERSIDE CL SW,50.898901084713565,-114.09027539298756,1
SONORA AVE SW & SUMMIT ST SW,51.04088509041168,-114.11105867997564,1
SORA BV SE & SORA GA SE,50.91073343608363,-113.88515743013858,1
SORA BV SE & SORA VI SE,50.90869774101405,-113.88517288447018,1
SOUTH CALGARY HEALTH CENTRE ENTRANCE & SUNPARK PLAZA SE,50.90234515933343,-114.05791869359348,1
SOUTH LRT PARKING LOT ENT & WESTWINDS DR NE,51.107128895323584,-113.97547509468733,1
SOUTHLAND PLZ ENTRANCE & SOUTHPORT RD SW,50.96344207790957,-114.07223911100716,1
SOUTHPORT RD SW & SOUTHPORT WAY SW,50.95777320545977,-114.07294856577616,1
SPRING CRESCENT SW & SPRINGBANK BLVD SW,51.01850646588563,-114.19753771336195,1
SPRING MEWS SW & SPRINGBANK BLVD SW,51.01848583693839,-114.19627763387474,1
SIMCOE BLVD SW & SIMCREST MANOR SW,51.031629198675226,-114.18120232615884,1
SIMCOE BLVD SW & SIMCOE RD SW,51.03508808168722,-114.17896783670392,1
SIMCOE BLVD SW & SIMCOE GATE SW,51.03262813195615,-114.18017261438376,1
SILVERGROVE DR NW & SILVERSTONE PL NW,51.11455489563489,-114.19369456947275,1
SIERRA MORENA BLVD SW & SIERRA VISTA CIRCLE SW,51.02045520244905,-114.18229359508037,1
SIERRA MORENA BLVD SW & SIERRA VISTA CLOSE SW,51.020377090363915,-114.18068087193672,1
SIGNAL HILL CIRCLE SW & SIGNAL HILL HEIGHTS SW,51.0305124951389,-114.16691572181196,1
SIGNAL HILL DR SW & SIGNAL RIDGE HEIGHTS SW,51.03051823287729,-114.17028219836163,1
SIGNAL HILL DR SW & SIROCCO DR SW,51.03258748899635,-114.17030443166972,1
SIGNAL HILL HEIGHTS SW & SIROCCO DR SW,51.03268883406913,-114.1672568539743,1
SILVER GROVE DR NW & SILVER SPRINGS BLVD NW,51.11491953639472,-114.2038833188432,1
SILVER MEAD RD NW & SILVER RIDGE DR NW,51.10660892414097,-114.19806981309272,1
SILVER MEAD RD NW & SILVER SPRINGS BLVD NW,51.10617812523087,-114.18859635091852,1
SILVER SPRINGS BLVD NW & SILVER SPRINGS RD NW,51.11019114944909,-114.19977477118633,1
SILVER SPRINGS BLVD NW & SILVER THORN RD NW,51.11380260686307,-114.20127170517328,1
SILVER SPRINGS BLVD NW & SILVERGROVE DR NW,51.10869196071222,-114.19164651413834,1
SILVER SPRINGS BLVD NW & W OF 72 ST NW,51.10869960564305,-114.19402159860591,1
SILVER SPRINGS GATE NW & SILVERDALE DR NW,51.10347385322907,-114.18629148652614,1
SILVER SPRINGS RD NW & SILVERGROVE DR NW,51.11049010829918,-114.19164842004854,1
SILVER SPRINGS RISE NW & SILVERGROVE DR NW,51.11345222861413,-114.1931782675963,1
SILVERADO BLVD SW & SILVERADO CREST PL SW,50.88004171322172,-114.08687522263472,1
SILVERADO BLVD SW & SILVERADO DR SW,50.88659956139126,-114.07798408547916,1
SILVERADO BLVD SW & SILVERADO PONDS WAY SW,50.88656736549247,-114.07353461948036,1
SILVERADO BLVD SW & SILVERADO RANCH WAY SW,50.88529813076202,-114.08682123356428,1
SILVERADO BLVD SW & SILVERADO RIDGE LINK SW,50.88640242169544,-114.0852902617886,1
SILVERADO BLVD SW & SILVERADO TERRACE SW,50.88655136121199,-114.0821094127359,1
SILVERADO BLVD SW & SILVERADO WAY SW,50.88151001664066,-114.08680634500811,1
SILVERADO DR SW & SILVERADO RANGE CL SW,50.88573101771123,-114.07798157523752,1
SILVERADO DR SW & SILVERADO SADDLE AV SW,50.88319724424668,-114.07795309266048,1
SILVERADO DR SW & SILVERADO WAY SW,50.88153302952552,-114.07765123195392,1
SILVERADO PLAINS CI SW & SILVERADO WAY SW,50.88151122421385,-114.0838818688102,1
SPRINGBANK BLVD SW & SPRINGBANK DR SW,51.01912628525695,-114.20228663972516,1
SPRINGBLUFF BLVD SW & SPRINGBLUFF LANE SW,51.02254246691174,-114.1992475901361,1
SPRINGBOROUGH BLVD SW & SPRINGBOROUGH GATE SW,51.03377709550788,-114.19200824527734,1
SUN VALLEY BLVD SE & SUNVALLEY DR SE (W LEG),50.90663673971889,-114.04452308277352,1
SUNBANK RD SE & SUNMILLS DR SE,50.90465360218238,-114.04777715500254,1
SUNBANK WY SE & SUNMILLS DR SE,50.90255265158991,-114.0481178897959,1
SUNCASTLE DR & SUNMILLS DR SE,50.90266198237635,-114.030281060407,1
SUNCASTLE DR SE & SUNCREST WAY,50.90439718563019,-114.04045049224388,1
SUNCASTLE DR SE & SUNHAVEN CLOSE,50.90228838787616,-114.03248475827615,1
SUNCASTLE DR SE & SUNHCASTLE CR E LEG,50.902138098903485,-114.034418690815,1
SUNCREST WAY & SUNMILLS DR SE,50.90397736483808,-114.04811149317436,1
SUNCREST WAY SE & SUNHURST RD,50.90359362510067,-114.04541130564316,1
SUNDOWN RD SE & SUNVALE  DR SE,50.89961456449617,-114.05028843210223,1
SUNLAKE WY SE & SUNMILLSDR SE,50.89941403327877,-114.04675456885384,1
SUNMILLS DR SE & SUNRISE GATE SE,50.90190280308503,-114.02965478604946,1
SUNMILLS DR SE & SUNSET CR SE,50.898754820318345,-114.04543372046024,1
SUNMILLS DR SE & SUNVALE DR SE,50.899912176239056,-114.04742673182824,1
SUNMILLS DR SE & SUNVISTA CL SE,50.897783170524555,-114.03299466120733,1
SUNMILLS DR SE & SUNWOOD  RD,50.90120565490497,-114.02911404025892,1
SUNMILLS DR SE & SUNWOOD GATE SE,50.89778143704492,-114.0303683069344,1
SUNMILLS DR SE & SUNWOOD WAY,50.89852064398574,-114.0349891631752,1
SUNPARK DR SE & SUNVALE DR SE,50.89969526736346,-114.05504735528454,1
SUNPARK GATE SE & SUNPARK PLAZA SE,50.90416688381101,-114.05673134939902,1
SUNVALE DR SE & SUNVALE RD SE,50.89962027263966,-114.0529233791348,1
SUNVISTA CL - 62m E OF & SUNVISTA RD SE,50.8975687193027,-114.03623954213636,1
SUPERSTORE ENTRANCE & WESTWINDS DR NE,51.10888206993588,-113.96858492009493,1
SYMONS VALLEY PARKWAY NW & SYMONS VALLEY RD NW,51.16799729725074,-114.13181671203436,1
TARACOVE RD & TARADALE DR NE,51.114088942771055,-113.93707084009472,1
TARACOVE RD NE & TARALEA CIR,51.11657067665928,-113.9370717210276,1
TARACOVE RD NE & TARALEA PARK,51.115726494864646,-113.93706932706468,1
TARACOVE RD NE & TARAVISTA DR NE,51.12060125852752,-113.93642084412068,1
SUN VALLEY BLVD SE & W OF SUNMILLS DR SE,50.90576379212354,-114.03569115969503,1
SUN VALLEY BLVD SE & SUNVALLEY DR SE,50.903855348533,-114.02701905806222,1
SPRINGBOROUGH BLVD SW & SPRINGBOROUGH WAY SW,51.031349712236974,-114.19350384797764,1
SUN VALLEY BLVD SE & SUNPARK GATE SE,50.90599362835531,-114.058076785653,1
SPRUCE DR SW & WEDGEWOOD DR SW,51.05233786493484,-114.15031472260586,1
SPRUCE DR SW & WHITE OAK CR SW,51.05234431318738,-114.1552981713612,1
SPRUCE DR SW & WILDFLOWER ARTS CENTRE,51.04639771192736,-114.13508037098858,1
SPRUCE DR SW & WORCESTER DR SW,51.05233800418968,-114.15924347423493,1
ST JULIEN DR SW & VIMY WY SW,51.0176419575138,-114.11190413537145,1
STATHLEA AV SW & STRATHCONA DR SW,51.048794710597896,-114.20793730296384,1
STONE HILL DR NE & STONE HILL GATE NE,51.15678389663142,-114.00655981445549,1
STRANDELL CR SW & STRATHCONA HILL SW,51.05063761741129,-114.16803976554353,1
STRATFORD PL & STRATHCONA DR SW,51.049542464788544,-114.17563912852177,1
STRATHAM BAY SW & STRATHCONA DR SW,51.04226178266723,-114.17374302942288,1
STRATHAVEN GT SW & STRATHCONA DR SW,51.04669137228816,-114.18089912595298,1
STRATHBURY GATE SW & STRATHCONA DR SW,51.0492958281822,-114.17719816790714,1
STRATHCONA BLVD SW & STRATHCONA DR SW,51.04698809096539,-114.18611719348152,1
STRATHCONA CRES/S LEG & STRATHCONA DR SW,51.047815626709145,-114.16802655097206,1
STRATHCONA DR SW & STRATHCONA HL SW,51.04971205759503,-114.16867844924506,1
STRATHCONA DR SW & STRATHCONA RD WEST LEG,51.04772398671996,-114.18048915504136,1
STRATHCONA DR SW & STRATHDALE CL SW,51.04541499771405,-114.18232381206168,1
STRATHCONA DR SW & STRATHRIDGE GA SW,51.048930260218015,-114.19040242999172,1
STRATHCONA DR SW & STRATHWOOD BAY,51.048635897964495,-114.17965329431476,1
STRATHCONA RD SW & STRATTON CR SW,51.0471453616538,-114.1779963969074,1
SUN HARBOUR CR S LEG & SUNMILLS DR SE,50.89848526162936,-114.02806308022365,1
SUN HARBOUR RD & SUN VALLEY BLVD SE,50.90072940516379,-114.02442719849304,1
SUN HARBOUR RD & SUNMILLS DR SE,50.900501714261594,-114.02789949856886,1
SUN VALLEY BLVD SE & SUNCREST WAY SE,50.90653722122455,-114.04055213411053,1
SUN VALLEY BLVD SE & SUNMILLS DR E LEG,50.904183112514275,-114.03018503158856,1
SUN VALLEY BLVD SE & SUNMILLS DR/MIDLAKE BLV,50.90661268525757,-114.0473697318064,1
SUN VALLEY BLVD SE & SUNPARK DR SE,50.90660943622516,-114.05524615052968,1
PARKLAND BLVD SE & PARKLAND PLACE SE,50.928141718357814,-114.03462842696348,1
PANORAMA HILLS DR NW & PANORAMA HILLS RISE NW,51.15351448603044,-114.08571514809144,1
PANORAMA HILLS DR NW & PANORAMA HILLS GREEN NW,51.14915414228119,-114.07989173164096,1
HERITAGE DR SW & HORTON RD SW,50.97943875901797,-114.0728657385474,1
HAWKSTONE DR NW & HAWKWOOD BLVD NW,51.12959538648487,-114.1693223388094,1
HAWKVILLE CL NW & HAWKWOOD DR NW,51.133985946297834,-114.1831002552116,1
HAWKWOOD BLVD NW & HAWKWOOD DR NW,51.130442610323946,-114.18360053054028,1
HAWKWOOD BLVD NW & HAWKWOOD ELEM. SCHOOL,51.13020261048766,-114.17964483865715,1
HAWKWOOD BLVD NW & JOHN LAURIE BLVD NW,51.12310455329146,-114.17010058201102,1
HAWKWOOD DR NW & HAWKWOOD RD NW,51.12669171289585,-114.18680070359972,1
HAWKWOOD RD NW & NOSE HILL DR NW,51.13020402152154,-114.19174724503064,1
HEIRLOOW PS SE & RANGEVIEW BV SE,50.88505535850916,-113.9228014732142,1
HEMLOCK CR SW & SPRUCE DR SW,51.047666018318075,-114.1349780354212,1
HENDON DR NW & NORTHMOUNT DR NW,51.095316334135106,-114.07857401490672,1
HERITAGE DR SE & HERITAGE MEADOWS WAY SE,50.98720166322988,-114.044101255583,1
HERITAGE DR SE & MACLEOD TR S,50.97958820378483,-114.07154729540326,1
HERITAGE DR SE & RAILWAY ST SE,50.98730643152898,-114.04212060299564,1
HERITAGE DR SW & W. OF MACLEOD TR,50.97956313261701,-114.07324935437032,1
HAMPSTEAD TERRACE NW & HAMPTONS DR NW,51.14475659636234,-114.13391371792017,1
HERITAGE MEADOWS RD SE & HERITAGE MEADOWS WAY SE,50.98209761271343,-114.0353509293789,1
HIDDEN CREEK BLVD NW & HIDDEN CREEK DR NW,51.15631344075206,-114.10045372295856,1
HIDDEN CREEK BLVD NW & HIDDEN CREEK WAY NW,51.16002495711862,-114.10088297055194,1
HIDDEN CREEK CIRCLE NW & HIDDEN CREEK WAY NW,51.159835864722375,-114.09718088612289,1
HIDDEN CREEK DR NW & HIDDEN CREEK GREEN NW,51.15493939596245,-114.1042658774463,1
HIDDEN GREEN NW & HIDDEN VALLEY DR NW,51.14677591148481,-114.11526899175948,1
HIDDEN HILLS TC NW & HIDDEN VALLEY DR NW,51.149344388046615,-114.12948075883502,1
HIDDEN RANCH TR NW & HIDDEN VALLEY DR NW,51.15024908652088,-114.12540873506708,1
HIDDEN RIDGE VIEW NW & HIDDEN VALLEY DR NW,51.15100080254792,-114.1157579668282,1
HIDDEN SPRING CL NW & HIDDEN SPRING CL NW,51.15073054276407,-114.10947573713317,1
HIDDEN SPRINGS CLOSE NW & HIDDEN VALLEY DR NW,51.15151858566048,-114.1092979650102,1
HIDDEN SPRINGS GREEN NW & HIDDEN VALLEY DR NW,51.15162434098474,-114.11144427456304,1
HIDDEN VALLEY DR NW & HIDDEN VALLEY GATE NW,51.14714923776795,-114.10023489592824,1
HAWKSTONE DR NW & HAWKTREE CL NW,51.1350898220789,-114.17073336565151,1
HAWKSTONE DR NW & HAWKSTONE GATE NW,51.13518148356069,-114.17278169917496,1
HAWKSIDE RD NW & HAWKWOOD DR NW,51.128631680931086,-114.18378081879617,1
HAWKSIDE PARK NW & HAWKWOOD BLVD NW,51.129995399859624,-114.17813386394052,1
HAMPTONS BLVD NW & HAMPTONS CIRCLE NW,51.14430529097807,-114.15343426536538,1
HAMPTONS BLVD NW & HAMPTONS DR NW,51.1441670233088,-114.151475297717,1
HAMPTONS BLVD NW & HAMPTONS GROVE NW,51.144441267131214,-114.15538144813766,1
HAMPTONS BLVD NW & HAMPTONS PARK NW,51.14413472893403,-114.1608123155765,1
HAMPTONS BLVD NW & HAMPTONS TERRACE NW,51.14377437652557,-114.14709893949484,1
HARLOW AVE NW & NORTHMOUNT DR NW,51.091432181770514,-114.0824220206599,1
HARTELL WAY SE & LONGVIEW COMMOM SE,50.86384179516716,-114.02802925501103,1
HARVEST HILLS BLVD NE & HARVEST OAK DR NE,51.151784862395665,-114.06457674894504,1
HARVEST HILLS BLVD NE & HARVEST OAK GATE NE,51.147015381446536,-114.06371188961177,1
HARVEST HILLS BLVD NE & PANAMOUNT BLVD NW,51.16015512892074,-114.07077279935096,1
HARVEST HILLS BLVD NE & PANAMOUNT GATE NW,51.15656700442396,-114.06984787770782,1
HARVEST HILLS BLVD NE & PANATELLA BLVD NW,51.16429756344445,-114.07038234500138,1
HARVEST HILLS BLVD NE & PANATELLA GATE NE,51.166682134674645,-114.0684457580908,1
HARVEST HILLS BLVD NE & SOUTH ROAD NE,51.139889791364745,-114.07129459024426,1
HARVEST HILLS DR NE & HARVEST HILLS GATE NE,51.15122240944457,-114.04806615111924,1
HARVEST HILLS DR NE & HARVEST HILLS LINK NE,51.14341358995405,-114.0551844786646,1
HARVEST HILLS DR NE & HARVEST HILLS WAY NE,51.14997686613157,-114.04535505425616,1
HARVEST HILLS DR NE & HARVEST LAKE DR NE,51.146327588516186,-114.04934285712102,1
HARVEST HILLS DR NE & HARVEST OAK GATE NE,51.14692174580712,-114.06044832771651,1
HARVEST HILLS DR NE & HARVEST OAK VIEW NE,51.14803354245958,-114.06004310866837,1
HARVEST HILLS GATE NE & HARVEST HILLS WOOD NE,51.15294000938855,-114.04815771725198,1
HASKAYNE DR NW & NOSE HILL DR NW,51.10809816347479,-114.26875771160148,1
HAWKCLIFF GATE & HAWKWOOD BLVD NW,51.12691145029315,-114.16672958474776,1
HAWKDALE CL NW & HAWKWOOD BLVD NW,51.130429716705194,-114.1806819114894,1
HAWKFIELD WAY NW & HAWKWOOD RD NW,51.12867639168904,-114.18867108642284,1
HAWKMOUNT CLOSE NW & HAWKSTONE DR NW,51.13486168203065,-114.17551789020936,1
HAWKMOUNT GREEN NW & HAWKSTONE DR NW,51.134998846637274,-114.17847299708131,1
HIDDEN VALLEY DR NW & HIDDEN VALLEY GREEN NW,51.146003931520745,-114.09833999594454,1
HIDDEN VALLEY DR NW & HIDDEN VALLEY GROVE NW,51.14895899732544,-114.10259929163716,1
HIDDEN VALLEY DR NW & HIDDEN VALLEY HEIGHTS NW,51.14682334491904,-114.10704870292024,1
JAMES MCKEVITT RD SW & PATH S OF SHOPPING CNT,50.89940777499104,-114.09440943613016,1
JAMES MCKEVITT RD SW & SHAWNESSY BLVD,50.91401971087522,-114.10004959266116,1
JAMES MCKEVITT RD SW & W OF MACLEOD TRAIL SW,50.92146338534497,-114.07253764068626,1
JOHN LAURIE BLVD NW & MCKNIGHT BV NW,51.09727770206186,-114.083313159416,1
JOHN LAURIE BLVD NW & N OF 52 AVE NW,51.10308634350535,-114.12728147375952,1
JOHN LAURIE BLVD NW & NOSE HILL DR NW,51.1276952649906,-114.1944618452604,1
JOHN LAURIE BLVD NW & RANCHERO DR NW,51.12535665063398,-114.18899338151904,1
JOHN LAURIE BLVD NW & RANCHLANDS BLVD NW,51.12400670261767,-114.17940591947956,1
JOHN LAURIE BLVD NW & SARCEE TR NW,51.12080276053314,-114.16672847877072,1
JOHN LAURIE BLVD NW & SHAGANAPPI TR NW,51.10898314818227,-114.14005039424036,1
KENSINGTON CR NW & at 1167,51.05218017084045,-114.0895878158441,1
KENSINGTON RD NW & PARKDALE BLVD NW,51.05218113700802,-114.12116249834396,1
KERRYDALE RD SW & RICHMOND RD SW,51.023304795839614,-114.1381694684548,1
KINCORA BLVD NW & KINCORA DR NW,51.159183319593865,-114.12844370589684,1
KINCORA BLVD NW & SYMONS VALLEY RD NW,51.16123150686086,-114.12537375394749,1
KINCORA GA NW & SHAGANAPPI TR NW,51.165531858494646,-114.14876652224773,1
KINCORA GATE NW & KINCORA GLEN RD NW,51.16663979256573,-114.14707037958144,1
KINCORA GATE NW & SYMONS VALLEY PARKWAY NW,51.168060633601094,-114.14672996387844,1
KINCORA GLEN GREEN NW & KINCORA GLEN RD NW,51.16505813075256,-114.13556032004698,1
KINCORA GLEN GREEN NW & KINCORA GLEN RISE NW,51.16361033552361,-114.13454001589808,1
KINCORA GLEN RD NW & SYMONS VALLEY RD NW,51.165636634364674,-114.13015800550768,1
LAKE ARROW RD SE & LAKE BONAVISTA DR SE,50.93477017208734,-114.0415827738658,1
LAKE BONAVISTA DR & LAKE WATERTON WY SE,50.943120154205594,-114.04686702739184,1
LAKE BONAVISTA DR SE & LAKE CRIMSON DR SE,50.93338792876417,-114.03853091938768,1
LAKE BONAVISTA DR SE & LAKE ERIE RD SE,50.939568001656745,-114.05798769190902,1
LAKE BONAVISTA DR SE & LAKE MORAINE WAY SE,50.93738870166271,-114.05294582924576,1
LAKE BONAVISTA DR SE & LAKE ROSEN CR SE,50.946305278242455,-114.06156186204603,1
LAKE BONAVISTA DR SE & LAKE TWINTREE DR SE,50.94084122209021,-114.04274206531284,1
JAMES MCKEVITT RD SW & SHANNON AVE SW,50.908926619259525,-114.09947189282629,1
JAMES MCKEVITT RD SW & MILLRISE WAY SW,50.92134288830432,-114.08099758699812,1
HIDDEN VALLEY DR NW & HIDDEN VALLEY LINK NW,51.15095479049807,-114.10638514446704,1
JAMES MCKEVITT RD SW & MILLRISE HILL SW,50.9213221687075,-114.08925211526626,1
HIDDEN VALLEY DR NW & S /200 HIDDEN VALLEY PL NW,51.14405672200379,-114.0976358147213,1
HIGH ST SE & MCKENZIE TOWNE GA SE,50.91501615930712,-113.96084349381944,1
HIGHWOOD ELEMENTARY. & HOLMWOOD AVE NW,51.09262673782668,-114.07736087831464,1
HILLGROVE CR SW & HILLGROVE DR SW,50.96635589158186,-114.0875702494322,1
HOLLAND ST NW & HURON AVE NW,51.09311005935167,-114.08672287797594,1
HOLMWOOD AVE NW & HUDSON RD NW,51.092451736316946,-114.0754929101546,1
HOLMWOOD AVE NW & NORTHMOUNT DR NW,51.09327518949594,-114.08013638861227,1
HOME RD NW & MONTGOMERY BLVD NW,51.068282993226184,-114.1644001700299,1
HOMESTEAD AV NE & HOMESTEAD VW NE,51.12519591200997,-113.91663399942608,1
HORTON RD SW & HULL AVE SW,50.9771299209458,-114.07374350028309,1
HORTON RD SW & SOUTHLAND DR SW,50.9650442929937,-114.0746072766204,1
HOSPITAL DR NW & WEST CAMPUS BLVD,51.065519645851104,-114.13811593425925,1
HUNTERBROOK RD NW & HUNTERVIEW DR NW,51.123961274171776,-114.0853341812789,1
HUNTERBURN HILL NW & HUNTERVIEW DR NW,51.117818473928246,-114.08319020738438,1
HUNTERCREST RD & HUNTERVIEW DR NW,51.112951295382416,-114.0798608995191,1
HUNTERVIEW DR NW & HUNTSBAY RD/NORTH LEG,51.11172881765367,-114.07993907306388,1
HUNTERVIEW DR NW & WALKWAY S OF BERKLEY DR,51.12519333147292,-114.08534957110028,1
HUNTRIDGE HILL NE & HUNTRIDGE RD NE,51.11879999812795,-114.0628570550018,1
HUNTRIDGE HILL NE & HUNTRIDGE WAY NE,51.120405614437544,-114.06255631197922,1
HUNTRIDGE HILL NE & N OF HUNTFORD CL NE,51.112473649538366,-114.05999056485776,1
HUNTSTROM DR NE & HUNTWELL RD NE,51.12127069667859,-114.05042047696304,1
IN FRONT OF 20 NEW ST SE & NEW ST SE,51.04133616248389,-114.02941682673662,1
IN TRANSIT BUS TERMINAL & SANDSTONE DR NW,51.13411857337593,-114.08919744119076,1
INVERNESS GATE SE & MCKENZIE TOWNE BLVD SE,50.91611967642236,-113.96454690091517,1
INVERNESS GATE SE & PROMENADE WAY SE,50.9136875592714,-113.96527047825094,1
INVERNESS SQUARE SE & PROMENADE WAY SE,50.913668813058,-113.96834292603288,1
JAMES MCKEVITT RD SW & MILLRISE BLVD SW,50.921346492600165,-114.07503083067748,1
HAMPSTEAD WAY NW & HAMPTONS BLVD NW,51.14116861936045,-114.14511055462428,1
HAMPSTEAD RD NW & HAMPTONS DR NW,51.14171140295129,-114.13218689844491,1
LAKE CHRISTINA WAY SE & LAKE SYLVAN DR SE,50.94313979243637,-114.04091084496972,1
EVERMEADOWS AVE SW & EVERRIDGE DR SW,50.91398712684235,-114.12348259239296,1
EVANSRIDGE PL NW & EVANSTON DR NW,51.177939757226,-114.12173239130895,1
EVANSTON RISE NW & EVANSTON VIEW NW,51.16434382888605,-114.11793366467442,1
EVANSTON WAY NW & SYMONS VALLEY PARKWAY NW,51.18078415431629,-114.10056025859312,1
EVERBROOK CRESCENT & EVERBROOK DR SW,50.919885210045784,-114.11521936831608,1
EVERBROOK DR SW & EVERBROOK WAY,50.92045015199898,-114.11519254018783,1
EVERGREEN DR SW & EVERGREEN MANOR SW,50.92370354006864,-114.10294971102677,1
EVERGREEN DRIVE SW & EVERGREEN HILL,50.92732050440651,-114.10080720221558,1
EVERGREEN DRIVE SW & FISH CREEK BLVD SW,50.91762982607115,-114.10274860898284,1
EVERGREEN GA SW & FISH CREEK BV SW,50.91765566617221,-114.10781825713386,1
EVERGREEN ST SW & JAMES MCKEVITT RD SW,50.92133888856678,-114.09482001445338,1
EVERHOLLOW WAY SW & EVERRIDGE DR SW,50.91872235347456,-114.12421923039022,1
EVERMEADOW AVE SW & EVEROAK DR SW,50.91414497431179,-114.1139670545848,1
EVERMEADOWS AVE SW & EVERMEADOWS MANOR SW,50.91406731990868,-114.1209504810354,1
EVERMEADOWS GATE SW & EVERRIDGE DR SW,50.91104026598237,-114.12157576699076,1
HAMPSTEAD GARDEN NW & HAMPTONS DR NW,51.14356222199475,-114.13078201078994,1
EVEROAK DR SW & EVERRIDGE DR SW,50.91100347184751,-114.11318319032416,1
EVERRIDGE DR & EVERSTONE DR SW,50.91134608233672,-114.1055020970169,1
EVERRIDGE DR SW & EVERSYDE BLVD SW,50.911130370485004,-114.11038658615344,1
EVERRIDGE DR SW & EVERWOODS GATE,50.91744504462186,-114.12398684912206,1
EVERRIDGE DR SW & FISH CREEK BLVD SW,50.921272161702994,-114.12329751561674,1
EVERSTONE BLVD SW & EVERSTONE DR SW,50.910830100397696,-114.10526665998124,1
EVERSTONE BLVD SW & JAMES MCKEVITT RD SW,50.91084220497202,-114.10014259282744,1
EVERSTONE DR SW & EVERSYDE CL SW,50.916235736747055,-114.10573297849704,1
EVERSTONE DR SW & EVERWILLOW BLVD SW,50.91401563561448,-114.10568563880196,1
EVERSTONE DR SW & FISH CREEK BLVD SW,50.91759752812935,-114.10570045319878,1
EVERSYDE AVE SW & EVERSYDE BV SW,50.90808096795453,-114.11046781379471,1
EVERSYDE CL SW & EVERSYDE CL SW,50.916213405848126,-114.10703731138516,1
FAIRMOUNT DR SE & FAIRVIEW DR SE,50.987701805359514,-114.06280027898094,1
EVANSRIDGE LINK NW & EVANSTON DR NW,51.17366889457935,-114.12145592235608,1
EVANSPARK WY NW & EVANSTON DR NW,51.173804593356465,-114.11337098299896,1
EVANSPARK HT NW & EVANSPARK WY NW,51.17297988714763,-114.11309575767883,1
EVANSPARK CIRCLE NW & SYMONS VALLEY PARKWAY NW,51.170810482542485,-114.1099442746776,1
ELBOW DR SW & SIFTON BLVD SW,51.01918271922585,-114.07784831865922,1
ELBOW DR SW & SOUTH HAMPTON DR SW,50.960651929040495,-114.08481586844071,1
ELBOW DR SW & SOUTHAMPTON DR SW,50.95309622953967,-114.08451034922336,1
ELBOW DR SW & SOUTHGLEN DR SW,50.954564752227455,-114.08481362956448,1
ELBOW DR SW & SOUTHLAND DR SW,50.963516792943416,-114.08483877115872,1
ELBOW DR SW & STONEHAVEN RD SW,50.95616754704354,-114.08478117820452,1
ELBOW DR SW & SYLVESTER CRESCENT SW,50.95895424212815,-114.08478624919697,1
ELGIN MEADOWS WAY SE & MCKENZIE TOWNE DR SE,50.91072236264363,-113.95642257308111,1
ELGIN RI SE & MCKENZIE TOWNE DR SE,50.906697405076585,-113.96344769203073,1
ELGIN WAY SE & MCKENZIE TOWNE DR SE,50.90647781872956,-113.96886380844488,1
ENTRANCE 200m W OF 14 ST NW & SYMONS VALLEY PARKWAY NW,51.18139036410949,-114.09763804435433,1
ENTRANCE TO THE BEACH H & MCKENZIE LAKE WAY SE,50.906939255487536,-113.98378678637634,1
ERIN DALE CRES SE & ERIN WOODS BLVD SE,51.018568170306146,-113.97841446335757,1
ERIN PARK CL SE & ERIN WOODS DR SE,51.0200774524711,-113.97319964731932,1
ERIN WOODS BLVD SE & ERIN WOODS DR SE,51.019208893668946,-113.973194472572,1
ERIN WOODS BLVD SE & ERIN WOODS PL SE,51.01921288130021,-113.97561927735156,1
EVANSBOROUGH GATE NW & EVANSTON DR NW,51.179743949951074,-114.12161277046803,1
EVANSBOROUGH WAY NW & EVANSTON DR NW,51.17976337288261,-114.11995813377273,1
EVANSBROOKE LINK NW & EVANSTON VIEW NW,51.164676213223366,-114.12023405327147,1
EVANSCOVE CIRCLE NW & EVANSTON VIEW NW,51.16442214679842,-114.1169342183399,1
EVANSDALE COMMON NW & EVANSTON WAY NW,51.17511796851326,-114.10309958579484,1
EVANSDALE WAY NW & EVANSTON WAY NW,51.17367322690177,-114.10542879255786,1
EVANSFIELD GATE NW & EVANSTON DR NW,51.17977953601996,-114.1148701101403,1
EVANSGLEN DR NW & EVANSTON WAY NW,51.176802999245346,-114.10051136973551,1
EVANSPARK BLVD NW & EVANSTON DR NW,51.17357145861787,-114.11791830189328,1
6 AVE SW & 7 ST SW,51.04789889730883,-114.0786580615666,1
EVANSPARK BLVD NW & SYMONS VALLEY PARKWAY NW,51.168175531926735,-114.1179494278605,1
FAIRMOUNT DR SE & FLINT RD SE,50.988306215407725,-114.06365730396612,1
FAIRMOUNT DR SE & FRANKLIN DR SE,50.988862841766995,-114.06381053631786,1
FAIRMOUNT DR SE & FREDSON DR SE,50.98217460187038,-114.05996181865264,1
FREEPORT BLVD NE & FREEPORT DR,51.150780993752505,-114.0065413397585,1
FRONT ST SE & SETON SQUARE SE,50.88076242580395,-113.95223525888105,1
FRONTENAC AVE SW & MARQUETTE ST SW,51.02911738817062,-114.08499332743106,1
FULLHAM ST SE & FYFFE RD SE,50.98373986613727,-114.05683236256054,1
GARRISON BLVD SW & GARRISON SQUARE SW,51.02114145782819,-114.11368126598109,1
GARRISON BLVD SW & YPRESS GREEN SW,51.01849860913829,-114.11390139522732,1
GARRISON BV SW & ST JULIEN DR SW,51.01703641867509,-114.11361451331474,1
GARRISON GATE SW & GARRISON SQUARE SW,51.02173908600896,-114.1144991596138,1
GARRISON SQUARE SW & MARDA LINK SW,51.021519816187286,-114.11355048883216,1
GARRISON SQUARE SW & SORREL MEWS SW,51.02151640423751,-114.11464282385109,1
GATEFIELD AV SW & GROVE HILL RD SW,51.03270698013528,-114.14643824077478,1
GATEFIELD AVE SW & KELWOOD DR SW,51.03274685461461,-114.14504228093232,1
GATEWAY DR SW & GROVE HILL RD SW,51.034950842389506,-114.15691550956042,1
GLAMORGAN SCHOOL & GRAFTON DR SW,51.01482072262468,-114.1459513178266,1
GLENDEER CIRCLE SE & HERITAGE DR SE,50.9870556009338,-114.02918268587273,1
GLENMORE TR SE & MACLEOD TR S,50.99428954945204,-114.07149465974632,1
GLENPATRICK DR SW & N OF 35 AVE SW,51.023393143476405,-114.157449292918,1
GOVERNOR DR SW & GRAFTON DR SW,51.015215233093045,-114.14739515401814,1
GRANLEA PLACE SW & GROVE HILL RD SW,51.035343312019435,-114.15802217471015,1
GREENBRIAR PL NW & GREENBRIAR WY NW,51.08788275608815,-114.2178685401419,1
HADDON RD SW & HERITAGE DR SW,50.97955744369228,-114.0762037531902,1
HADDON RD SW & HOGARTH CR SW,50.973555814924225,-114.0781371755612,1
HADDON RD SW & SOUTHLAND DR SW,50.9646847332828,-114.07914165438572,1
HAMLET RD SW & HERITAGE DR SW,50.979581075643715,-114.08593950269584,1
HAMPSHIRE CIRCLE NW & HAMPTONS BLVD NW,51.14117820519882,-114.15910968512684,1
HAMPSHIRE GROVE NW & HAMPTONS BLVD NW,51.142003387846486,-114.1611686000708,1
HAMPSTEAD CIRCLE NW & HAMPTONS BLVD NW,51.14083912457167,-114.14708702886692,1
HAMPSTEAD CLOSE NW & HAMPTONS BLVD NW,51.1401233286376,-114.14974915584378,1
FRONT ST & SETON WAY SE,50.88070301778243,-113.95666720692456,1
FR NB 14 ST & NB EXIT TO 9 AVE SW,51.04593776299021,-114.0944994075648,1
FAIRMOUNT DR SE & FYFFE RD SE,50.98494439603564,-114.0602308091059,1
FORTRESS DR SW & FORTRESS RISE SW,51.020766392972085,-114.20798691654694,1
FAIRMOUNT DR SE & HERITAGE DR SE,50.97957072955579,-114.05989793209496,1
FAIRMOUNT DR SE & SOUTHLAND DR SE,50.96406723443476,-114.0586630011278,1
FAIRMOUNT DR SE & WILLOW PARK DR SE,50.95835196716496,-114.05909353104204,1
FAIRVIEW DR SE & HERITAGE DR SE,50.97968285248413,-114.06375898468627,1
FALCHURCH RD/FALWOOD WY & FALCONRIDGE DR NE,51.0999202400098,-113.94431524906815,1
FALCONRIDGE BLVD & TARADALE DR NE,51.114145137610414,-113.94674471633046,1
FALCONRIDGE BLVD NE & FALCONRIDGE DR,51.09988783524023,-113.95834050953422,1
FALCONRIDGE BLVD NE & FALSHIRE DR,51.106635334689045,-113.9497931866384,1
FALCONRIDGE BLVD NE & FALWORTH RD,51.102960536089206,-113.95624438743592,1
FALCONRIDGE BLVD NE & FALWORTH WAY,51.105105020751886,-113.95245025094952,1
FALCONRIDGE BLVD NE & SADDLETOWN CIRCLE NE,51.12140235138349,-113.94673241179736,1
FALCONRIDGE BLVD NE & TARACOVE ESTATE DR NE,51.118919125660696,-113.94684022358358,1
FALCONRIDGE CR/EAST LEG & FALCONRIDGE DR NE,51.099255052615554,-113.94817909850892,1
FALCONRIDGE DR NE & FALSBRIDGE DR NE,51.09967764013541,-113.95650121789342,1
FALCONRIDGE DR NE & FALWOOD WAY / EAST LEG,51.10081935884711,-113.93915787225508,1
FALCONRIDGE DR NE & FALWORTH RD NE,51.098705618324104,-113.95075335817928,1
FALMERE WAY & FALTON DR NE,51.107712062672825,-113.94183805580404,1
FALSHIRE CLOSE & FALSHIRE DR NE,51.10532724648817,-113.94499641078087,1
FALSHIRE DR NE & FALTON DR,51.106525374850314,-113.94097881301109,1
FALSHIRE DR NE & FALTON RISE,51.10609774455711,-113.94209829517236,1
FALTON DR NE & FALTON WY,51.103276449858306,-113.94048846978193,1
FISH CREEK BLVD SW & JAMES MCKEVITT RD SW,50.91764007865635,-114.10006910563544,1
FLANDERS AVE SW & GARRISON BLVD SW,51.01627560164194,-114.11347044295287,1
FLANDERS AVE SW & RICHARD RD SW,51.01630955559603,-114.11900099790218,1
FLEETWOOD DR SE & FYFFE RD SE,50.984667410449774,-114.05881758560396,1
FORAND ST SW & MOUNT ROYAL GATE SW,51.00872456160347,-114.12007631870677,1
FORITANA RD SE & FORTALICE CR SE,51.04868025260912,-113.9619344746457,1
LAKE BONAVISTA DR SE & LAKE WILLOW RD SE,50.943744353314656,-114.0650459303464,1
LAKE FRASER DR SE & LAKE FRASER GA SE,50.9395944939894,-114.0675439724882,1
PANORAMA HILLS BLVD NW & PANORAMA HILLS MANOR NW,51.15270799391322,-114.07685241729378,1
NA'A DR SW & PIITA RI SW,51.08097382723197,-114.20762556853347,1
MT ABERDEEN CIRCLE SE & MT MCKENZIE DR SE,50.92777739056984,-113.98154022714944,1
MT ALBERTA VIEW SE & MT MCKENZIE WAY SE,50.9161469701995,-113.98817048322007,1
MT ALLAN CIRCLE SE & MT MCKENZIE DR SE,50.92217392270952,-113.98144104784684,1
MT APEX GREEN SE & MT MCKENZIE DR SE,50.924975062242154,-113.98042151608183,1
MT DOUGLAS CL SE & MT MCKENZIE DR SE,50.92309456060152,-113.98130983047648,1
MT GIBRALTER PLACE SE & MT KIDD RD SE,50.90024834224514,-113.9954652343556,1
MT LORETTE CLOSE SE & MT MCKENZIE DR SE,50.92022272524125,-113.9816456642524,1
MT MCKENZIE BAY SE & MT MCKENZIE DR SE,50.93002220972462,-113.9829246541857,1
MT MCKENZIE DR SE & MT. SELKIRK CL SE,50.9177370888038,-113.98175128447758,1
MURMANSK WAY SW & SARCEE RD SW,51.018835491478605,-114.1337120623288,1
N LRT ENTRANCE & WESTWINDS DR NE,51.10852895525514,-113.97346038284444,1
N OF OAKHILL DR & OAKWOOD DR SW,50.96750030498522,-114.12596152538774,1
N OF WHITEFIELD PL & WHITEFIELD DR NE,51.088775417630394,-113.97330172836465,1
NA'A DR SW & by 1801,51.080567167289146,-114.20422113483548,1
MEMORIAL DR NW & TO 14 ST SBND,51.04899778589234,-114.0948288797143,1
NBND 14 ST RAMP & WBND BOW TR TO,51.04641524720542,-114.09449060878949,1
NEW BRIGHTON AVE SE & NEW BRIGHTON DR SE,50.92186048509211,-113.936649864212,1
NEW BRIGHTON CI SE & NEW BRIGHTON DR SE,50.91984772798904,-113.95477672666414,1
NEW BRIGHTON DR SE & NEW BRIGHTON GARDEN,50.91589676503004,-113.95168116266052,1
NEW BRIGHTON DR SE & NEW BRIGHTON GATE SE,50.91834490158227,-113.95460781558184,1
NEW BRIGHTON DR SE & NEW BRIGHTON HEATH SE,50.92522445278587,-113.9540156717157,1
NEW BRIGHTON DR SE & NEW BRIGHTON MANOR SE,50.91736236456908,-113.95421484275327,1
NEW BRIGHTON DR SE & NEW BRIGHTON WAY SE,50.91654400556509,-113.94309289566031,1
NIPAWIN CR NW & NORTH HAVEN DR NW,51.096241530725166,-114.08697524308536,1
NOLAN HILL AVE NW & NOLAN HILL BLVD NW,51.17590121062871,-114.17168066737244,1
NOLAN HILL AVE NW & SARCEE TR NW,51.17593328825525,-114.17596557905556,1
NOLAN HILL BLVD NW & NOLAN HILL DR NW,51.1714880737639,-114.1606137826024,1
NOLAN HILL BLVD NW & NOLAND HILL DR NW,51.17874340902248,-114.17048927792231,1
MOUNTAIN PARK DR SE & S OF MT BALCHER PL,50.90971055534141,-113.99401204217848,1
MOUNTAIN PARK DR SE & MT NORQUAY GATE SE,50.9056233910271,-113.99726241282184,1
MOUNT ROYAL GATE SW & RICHARD RD SW,51.008708754081,-114.12940409606078,1
MOUNT ROYAL GATE SW & PEACEKEEPERS GATE SW,51.00871331403115,-114.12538577378028,1
MIDCREST CR SE/NORTHLEG & MIDRIDGE DR SE,50.91950544596905,-114.06028560406077,1
MIDGLEN WY SE & MIDRIDGE DR SE,50.9186967693799,-114.05252729142568,1
MIDLAKE BLVD SE & MIDLAKE GREEN,50.913618382654526,-114.0507687091652,1
MIDLAKE BLVD SE & MIDPARK RS/MIDRIDGE RD SE,50.915999469153085,-114.0559697008114,1
MIDLAKE BLVD SE & MIDRIDGE DR SE,50.914348146703645,-114.05098605235813,1
MIDLAKE BLVD SE & MIDRIDGE DR/MIDPARK BV SE,50.91488381868298,-114.0615328292624,1
MIDLAKE BLVD SE & MIDVALLEY DR,50.910433451777685,-114.04614482287164,1
MIDLAWN PL & MIDRIDGE DR SE,50.91768701230188,-114.06313363999216,1
MIDPARK BLVD SE & MIDPARK DR SE,50.90808531089935,-114.0565445145986,1
MIDPARK BLVD SE & MIDPARK GATE SE,50.910306977253285,-114.06205406569012,1
MIDPARK BLVD SE & MIDPARK WAY SE,50.90820672122908,-114.05852535794742,1
MIDPARK BLVD SE & MIDPARK WY SE,50.91260807779357,-114.0612737736334,1
MIDPARK CR SE & N OF MIDPARK PL SE,50.913161506112125,-114.05707199578848,1
MIDRIDGE CRES SE & MIDRIDGE GARDENS SE,50.91611433758392,-114.05758282226311,1
MIDRIDGE DR SE & MIDRIDGE RD,50.91837425330377,-114.05502520405828,1
MILLCREST RD & MILLRISE DR SW,50.9178053099517,-114.08734565944364,1
MILLICAN RD SE & OGDEN RD SE,50.999637818128576,-114.00980133632096,1
MILLRISE BLVD SW & MILLRISE DR SW,50.91648672658248,-114.07431939789532,1
MILLRISE BLVD SW & SHAWNESSY BLVD SW,50.912902890369025,-114.07385197680792,1
MILLRISE DR SW & MILLRISE HILL SW,50.91812349175191,-114.08925574969156,1
MILLRISE DR SW & MILLRISE MANOR/154 AVE SW,50.91556121047109,-114.09251310158928,1
MILLRISE DR SW & MILLRISE WAY,50.91753398472558,-114.08171015131452,1
MILLRISE DR SW & SHAWNESSY BLVD SW,50.91403748620868,-114.09250307137977,1
MILLRISE HILL SW & MILLVIEW DR,50.91999255073934,-114.0892516338774,1
MILLVIEW COMMON SW & MILLVIEW RD SW,50.9182695433894,-114.09477690193656,1
MISSION RD SW & PARKHILL ST SW,51.022671131510315,-114.0642924425974,1
MONTGOMERY BLVD NW & MONTGOMERY RD NW,51.06784635069404,-114.1618782411365,1
NOLAN HILL BLVD NW & SHAGANAPPI TR NW,51.17283966599182,-114.15473398998692,1
NOLAN HILL BV NW & NOLANCREST GA NW,51.17463294096928,-114.17165507998406,1
NOLAN HILL DR NW & NOLANCREST HEIGHTS NW,51.17651273479118,-114.16223712742762,1
OGDEN DALE RD SE & RRXING 260M SOUTH OF,50.98917883469443,-113.9983214988872,1
OLD BANFF COACH RD SW & PATTERSON BLVD SW,51.05997287018871,-114.17981819559266,1
OLD BANFF COACH RD SW & PATTERSON HILL SW,51.06279028637422,-114.1848379891246,1
ON ZOO RD S OF BAINES B & S OF MEMORIAL DR,51.045900718044585,-114.03545032508762,1
PALISWOOD WAY SW & PALLISER DR SW,50.96873820415015,-114.11214064732054,1
PALLISER DR SW & PUMPHILL GATE SW,50.96324577348844,-114.1022427337945,1
PANAMOUNT BLVD NW & PANAMOUNT DR NW,51.15985963883674,-114.07386823362567,1
PANAMOUNT BLVD NW & PANAMOUNT HILL NW,51.15921940924674,-114.07688397991146,1
PANAMOUNT BLVD NW & PANAMOUNT LANE NW,51.15713609216898,-114.08264935959276,1
PANAMOUNT BLVD NW & PANAMOUNT SQUARE NW,51.15815638661348,-114.07958728197578,1
PANAMOUNT BLVD NW & PANAMOUNT ST NW,51.156742963061426,-114.0864093204568,1
PANAMOUNT BLVD NW & PANORAMA HILLS BLVD NW,51.15784570319763,-114.08023435378848,1
PANAMOUNT BLVD NW & PANORAMA HILLS DR NW,51.15679342809736,-114.08490372112064,1
PANAMOUNT GARDEN NW & PANORAMA HILLS DR NW,51.155662528554146,-114.0849730038039,1
PANAMOUNT HILL NW & PANATELLA BLVD NW,51.16314015771701,-114.08025296434244,1
PANAMOUNT ST NW & PANAMOUNT VIEW NW,51.160655106140496,-114.0869270738488,1
PANAMOUNT ST NW & PANATELLA BLVD NW,51.16329779937496,-114.08801049539171,1
PANATELLA BLVD NW & PANATELLA CLOSE NW,51.164227991381665,-114.07642291802745,1
PANATELLA BLVD NW & PANATELLA DR NW,51.16475602299763,-114.0742184746405,1
PANATELLA BLVD NW & PANATELLA HILL NW,51.16867562440299,-114.08850891672022,1
PANATELLA BLVD NW & PANATELLA ST NW,51.162895706265346,-114.0907975331863,1
PANATELLA BLVD NW & PANORA SQUARE NW,51.16819833391147,-114.09545329785388,1
PANATELLA BLVD NW & PANTON GATE NW,51.16933717431291,-114.08637711017866,1
PANATELLA BLVD NW & PANTON VIEW NW,51.17039721359548,-114.08404480113153,1
PANATELLA BV NW & PANATELLA MR NW,51.1646168451792,-114.08303647189288,1
PANATELLA HI NW & PANATELLA RI NW,51.16670338324101,-114.08637851178676,1
PANATELLA ST NW & PANORA CL NW,51.1658891215219,-114.09142872297062,1
PANORAMA HILLS BLVD NW & PANORAMA HILLS DR NW,51.150718759543096,-114.07549820341904,1
OGDEN RD SE & S. OF 50 AVE SE,51.00417561744266,-114.01241697767976,1
OGDEN DALE RD SE & RRXING 160M W OF OGDEN DALE PL,50.98722891403575,-113.99421691164449,1
NOLAN HILL DR NW & SYMONS VALLEY PARKWAY NW,51.16803761248431,-114.1605002930844,1
OGDEN DALE RD SE & RRXING 105M WEST OF OGDEN DALE PL,50.98747739342027,-113.9934470709662,1
NOLAN HILL GA NW & SHAGANAPPI TR NW,51.18007439973159,-114.16012630080108,1
NORFORD AV NW & THIRSK ST NW,51.0799079697587,-114.14739070345318,1
NORHTLAND DR NW & NORHTLAND VILLAGE MALL,51.09889582034062,-114.14133084325654,1
NORQUAY DR NW & NORTH HAVEN DR NW,51.09786106374681,-114.08721534059616,1
NORTH OF 100 OAKIELD PL & OAKFIELD DR SW,50.968169476683656,-114.13300982455306,1
NORTHLAND DR NW & NORTHMOUNT DR NW,51.0960292170928,-114.14132210432322,1
NORTHMOUNT CR NW & NORTHMOUNT DR NW,51.09989998438649,-114.07581992483593,1
NORTHMOUNT DR NW & THORNCLIFFE DR NW,51.10263051647552,-114.0652759173674,1
NORTHMOUNT DR NW & THORNEYCROFT DR NW,51.10156844859076,-114.07469147653887,1
NORTHMOUNT DR NW & THORNTON RD NW,51.10264075151031,-114.06814164718476,1
NOSE HILL DR NW & RANCHLANDS BLVD NW,51.12425264313744,-114.1981915404766,1
NOSE HILL DR NW & SCENIC ACRES BLVD NW,51.11784877977589,-114.20507618816995,1
NOSE HILL DR NW & SCENIC ACRES GATE NW,51.11398858747992,-114.2091338053115,1
NOSE HILL DR NW & SILVER SPRINGS BLVD NW,51.11616611475613,-114.2068131906356,1
NOSE HILL DR NW & SILVER SPRINGS RD NW,51.10987198348642,-114.21116114079322,1
NOSE HILL DR NW & TUSCANY HILL NW,51.107253232075685,-114.24408826427984,1
OAKFIELD DR SW & OAKFIELD PLACE SW,50.96776591232881,-114.13302937983184,1
OAKFIELD DR SW & OAKWOOD DR SW,50.96622242618782,-114.13255199082904,1
OAKFIELD DR SW & PALLISER DR SW,50.97070325663037,-114.13112189994509,1
OAKFIELD DR SW & SOUTH OF OAKWOOD DR,50.96509769499486,-114.13234257248196,1
OAKFIELD DR SW & SOUTHLAND DR SW,50.961305180763105,-114.13234954365232,1
OAKMOOR DR SW & OAKMOOR WAY SW,50.96345910431122,-114.1248903878394,1
OAKMOOR DR SW & SOUTHLAND DR SW,50.96138069907452,-114.11460863610247,1
OAKMOOR WAY SW & SOUTHLAND DR SW,50.961278238019695,-114.1243618022103,1
OAKWOOD DR SW & S OF OAKHILL DR SW,50.96700703354234,-114.126231962346,1
OFF RAMP FR BOW TR WBND & PUMPHOUSE RD SW,51.047179472926565,-114.104410906892,1
OFF RAMP FROM METIS TR & WESTWINDS DR NE,51.1087620372368,-113.97248643417264,1
MIDBLOCK AT #88 & WOODGREEN DR SW,50.93834135713264,-114.10744373586746,1
MEMORIAL DR & ZOO RD NE,51.0476444921135,-114.03617167901548,1
LAKE FRASER DR SE & MACLEOD TR (OFF RAMP),50.94348996439285,-114.06833504132597,1
MAHOGANY BLVD SE & MAHOGANY DR SE,50.89098845447264,-113.93734607298192,1
MACLEOD TR SE & SHAWNESSY BLVD SE,50.912957427616746,-114.06965068595326,1
MADEIRA DR/EAST LEG NE & MADIGAN DR NE,51.06326905913294,-113.94628792492864,1
MADIERA GATE & MAIDSTONE DR  NE,51.059367520748495,-113.94829029691766,1
MADIGAN DR NE & MALVERN GATE,51.0569600650114,-113.94113128341188,1
MADIGAN DR NE & MANORA DR/EAST LEG NE,51.063288015751056,-113.94346279902196,1
MADIGAN DR NE & MANORA PL/MADEIRA WY NE,51.06227203857064,-113.95513091567672,1
MADIGAN DR NE & MEMORIAL DR NE,51.05241929034034,-113.94185974747312,1
MAGNILOA HE SE & MAGNOLIA LI SE,50.891434656926826,-113.91553428682036,1
MAGNOLIA HEIGHTS SE & MAGNOLIA RD SE,50.8907121538947,-113.92002161262327,1
MAGNOLIA LINK SE & MASTERS RD SE,50.89237188571231,-113.91562874266536,1
MAGNOLIA ST SE & RANGEVIEW BV SE,50.88499295744729,-113.91763598056944,1
MAHOGANY AVE & MAHOGANY BLVD SE,50.8969017913297,-113.9365761815637,1
MAHOGANY BLVD & MAHOGANY GATE SE,50.899544517683374,-113.93725609831738,1
MAHOGANY BLVD SE & MAHOGANY RD SE,50.89461575009703,-113.93649976929524,1
MEDICINE HILL SW & NA'A DR SW,51.0787169677044,-114.19230509276224,1
MAHOGANY BLVD SE & MAHOGANY VIEW,50.90092090469055,-113.93662562785616,1
MAHOGANY BLVD SE & MAHOGANY WAY SE,50.90201788193821,-113.92528973613337,1
MAHOGANY BLVD SE & MARQUIS COMMON SE,50.90245779428241,-113.92205355020648,1
MAHOGANY BLVD SE & MARQUIS GREEN,50.9028772675415,-113.91388761031382,1
MAHOGANY BLVD SE & MASTERS ROAD SE,50.8923065543699,-113.9115864860198,1
MAHOGANY BV SE & MAHOGANY NR SE & MAHOGANY GV SE,50.90269764500442,-113.93039582222995,1
MAHOGANY BV SE & MASTERS DR SE,50.89471176001925,-113.91189038408294,1
MAHOGANY GARDEN SE & MARINE DR SE,50.89599618046672,-113.92915088532384,1
MAHOGANY GATE SE & MAHOGANY TERRACE,50.89954510602954,-113.94030522003418,1
MAHOGANY LINK SE & MARINE DR SE,50.90060470475933,-113.925309317619,1
MAHOGANY PLAZA SE & MAHOGANY ROW,50.89852306792978,-113.9403259968776,1
MAHOGANY PR & MAHOGANY RD SE,50.89389488988434,-113.93959897672632,1
MAHOGANY RD & MARINE DR SE,50.89463273357595,-113.92915100798996,1
MACLEOD TR SE & RIVERFRONT AVE SE,51.0506254052258,-114.05774345041216,1
MACLEOD TR S & WILLOW PARK DR SE,50.95759250612661,-114.07161688270271,1
MACLEOD TR S & SOUTHLAND DR SE,50.96505896359989,-114.0715625706948,1
MACLEOD TR S & NORTH OF 60 AVE SE,50.99937067240069,-114.07161727384856,1
LAKE FRAZER GATE SE & MACLEOD TR S,50.939438194200655,-114.06935330084414,1
LAKE LUCERNE DR SE & LAKE LUCERNE RD SE,50.932459397472,-114.04520770008529,1
LAKE ONTARIO DR & LAKE SYLVAN DR,50.942484473216,-114.03375089553823,1
LAKEVIEW DR SW & LANCASTER WAY SW,50.99866596492734,-114.13302220368634,1
LANGRIVILLE DR SW & LEGSBY RD SW,50.99951633609314,-114.11291876577316,1
LAVENDER RD SE & RANGEVIEW BV SE,50.884879739649385,-113.9114385789683,1
LEGACY BV SE & LEGACY MAIN ST SE,50.86087430686215,-114.02159314655314,1
LEGACY CI SE & LEGACY REACH MR SE,50.86078314213749,-114.0066447541321,1
LEGACY CIRCLE & LEGACY GATE,50.860866894321944,-114.01731177933424,1
LEGACY CIRCLE SE & LEGACY GLEN WAY SE,50.85274759325912,-114.00312830244836,1
LEGACY CO SE & LEGACY VW SE,50.859925070241104,-114.00923255644028,1
LEGACY VILLAGE LINK & LEGACY VILLAGE RD SE,50.86091408907426,-114.02873399392531,1
LEGACY VILLAGE LINK SE & NAPHTHA PLAZA,50.861768504726086,-114.02754475094476,1
LEGACY VILLAGE RD SE & LEGACY VILLAGE WAY,50.85967419160557,-114.02474051813827,1
LINCOLN WAY SW & LINCOLN WAY SW,51.01181077978952,-114.13870975258124,1
LINDEN DR SW & WEST OF LIVINGSTON DR SW,50.991939182728295,-114.13012428577596,1
LINDSTROM DR SW & NORTH OF LINDEN DR SW,50.992295454511265,-114.12044674711596,1
LRT N/ PARKNG LOT ENTRN & SHAWNEE GATE SW,50.92546389161045,-114.07554646699728,1
LRT S/ PARKNG LOT ENTRN & SHAWNEE GATE SW,50.92258778318752,-114.07495593192068,1
LYNNVIEW RD SE & MILLICAN RD SE,50.9986731500812,-114.01170691641,1
MACEWAN DR NW & MACEWAN PARK GATE NW,51.134517459438136,-114.1100138809113,1
MACEWAN DR NW & MACEWAN PARK RD NW,51.13549736816328,-114.11453202588844,1
MACEWAN DR NW & MACEWAN RIDGE GATE NW,51.13960865724588,-114.11600775291848,1
MACEWAN DR NW & MACEWAN VALLEY GATE NW,51.140172000006615,-114.11277382789062,1
MACEWAN GLEN DR NW & MACEWAN PARK VIEW NW,51.13148347128718,-114.11354110856502,1
MACKID RD NE & MAYLAND DR NE,51.063870911719206,-114.01207562747464,1
MACLEOD TR S & MISSION RD SE,51.02145470743739,-114.0606958527364,1
MAHOGANY WAY SE & MARQUIS COMMON SE,50.90455914784995,-113.9252901091947,1
MAIN ST SE & SETON DR SE,50.8768036424917,-113.95220761611924,1
MALL ENTRANCE BY CINEMAS & SHAWVILLE BLVD SE,50.90836586876831,-114.0682885144939,1
MARTINDALE CROSSING DR NE & MARTINDALE DR NE,51.11879779133301,-113.9537647319642,1
MARTINDALE DR NE & SADDLETOWNE CIRCLE NE,51.12380340564664,-113.947906826841,1
MASTERS AVE SE & MASTERS BLVD SE,50.895310124483935,-113.91848560800612,1
MASTERS AVE SE & MASTERS COMMON SE,50.89763622105315,-113.92019140204188,1
MASTERS AVE SE & MASTERS RD SE,50.89293118796312,-113.92029350005072,1
MAUNSELL DR/CLOSE NE & MCKINNON DR NE,51.058477192239806,-114.00482812490768,1
MCCALL WY NE & PEGASUS RD,51.09408739048691,-114.01152253371627,1
MCDOUGALL CO NE & MCDOUGALL RD NE,51.050807407104415,-114.04650164259678,1
MCIVOR BLVD SE & NEW BRIGHTON AV SE,50.923019639062765,-113.93287242123144,1
MCIVOR BLVD SE & NEW BRIGHTON WY SE,50.91406804040943,-113.94306212401906,1
MCKENZIE DR SE & MCKENZIE LAKE WAY SE,50.90692287410521,-113.9822011924965,1
MCKENZIE LAKE BLVD SE & MCKENZIE LAKE GATE SE,50.91149066968484,-113.9865963035082,1
MCKENZIE LAKE BLVD SE & MCKENZIE LAKE WAY,50.91564917419705,-113.98440366397,1
MCKENZIE LAKE BLVD SE & MCKENZIE LAKE WAY S LEG,50.907693495874035,-113.98732702598112,1
MCKENZIE LAKE BLVD SE & MOUNTAIN PK DR/MCK DR,50.902126926676424,-113.99104866090867,1
MCKENZIE LAKE BLVD SE & MT MCKENZIE DR SE,50.91643319941878,-113.98138848227032,1
MCKENZIE LAKE BLVD SE & MT SPARROW HAWK LANDING,50.90597328863532,-113.98904309280428,1
MCKENZIE TOWNE AVE SE & MCKENZIE TOWNE BLVD SE,50.917497967225074,-113.96178922796466,1
MCKENZIE TOWNE BLVD & MCKENZIE TOWNE BLVD SE,50.91672844923481,-113.96380487545792,1
MCKENZIE TOWNE BLVD SE & MCKENZIE TOWNE GATE SE,50.91626769679168,-113.96381790976224,1
MCKENZIE TOWNE BLVD SE & PRESTWICK BLVD SE,50.91689094990668,-113.96456849761226,1
MCKENZIE TOWNE LINK & PROMENADE WAY SE,50.91232591097458,-113.95885396051528,1
MCKINNON DR NE & MCKINNON RD,51.06572538102424,-114.00847784345356,1
MCKNIGHT BLVD NW & TRAFFORD DR NW,51.096076924508026,-114.06790052997754,1
MCLAURIN ST NW & PARRATON AV NW,51.07634329820427,-114.14650434760254,1
MCLAURIN ST NW & UNIVERSITY AV NW,51.077549933210115,-114.1477157937038,1
MCMAHON STADIUM ENT. & UNIVERSITY DR NW,51.07059009834774,-114.12499370286206,1
MEADOWVIEW RD SW & MOOR ST SW,51.000377768835136,-114.07853138840404,1
MARTINDALE DR NE & MARTINWOOD RD NE,51.11643192991462,-113.9526194420935,1
MARTINDALE BLVD NE & MARTINVIEW RD NE,51.11328447686707,-113.96159432684463,1
MAPLE BROOK PL SE & MAPLETON DR SE,50.96195693689731,-114.04450662398482,1
MARTINDALE BLVD NE & MARTINDALE GATE NE,51.11244930055248,-113.96523690833872,1
MAPLECREEK DR SE & MAPLEMONT RD SE,50.96195259526094,-114.04027437957689,1
MAPLECREEK DR SE & MAPLETON DR SE,50.963035551727415,-114.0411842434433,1
MAPLECREEK DR SE & SOUTHLAND DR SE,50.964519994989686,-114.04238543907748,1
MAPLETON DR SE & MAPLEWOOD CR SE,50.9626842255292,-114.04227320304489,1
MARANDA CL & MARBOROUGH WAY NE,51.062698098776686,-113.97507591891726,1
MARBANK DR & MARLBOROUGH WAY NE,51.06345667409734,-113.97507897973792,1
MARBANK DR NE & MARDALE DR/WEST LEG,51.06346899922851,-113.9692851281569,1
MARBANK DR NE & MARLYN WAY,51.063209198888096,-113.97667614963817,1
MARCOMBE DR/WEST LEG & MARLBOROUGH DR NE,51.05955175237521,-113.96792343825,1
MARINE DR SE & MASTERS AVE,50.89227224474766,-113.9253144690103,1
MARINE DR SE & MASTERS AVE SE,50.898380079882216,-113.92529090433418,1
MARLBOROUGH DR & MARLBOROUGH WAY,51.05951222128481,-113.97507766227076,1
MARLBOROUGH DR & MARPOLE RD NE,51.05952021628734,-113.97756979734538,1
MARLBOROUGH WAY & SHOPPING CENTRE,51.0546808383484,-113.97694143235827,1
MARLBOROUGH WAY NE & MARYVALE DR,51.0562253307947,-113.97693130799551,1
MARLBOROUGH WAY NE & MEMORIAL DR NE,51.05263326689025,-113.9769360992732,1
MARTHAS HAVEN PARADE NE & MARTINDALE BLVD NE,51.118042058097565,-113.96827705926349,1
MARTHAS MEADOWS GATE NE & MARTHAS WAY NE,51.12379755848016,-113.96021357812074,1
MARTHAS WAY NE & MARTINDALE BLVD NE,51.12273415647671,-113.96073188233454,1
MARTIN CROSSING COURT NE & MARTINDALE BLVD NE,51.11640784715579,-113.9671878585586,1
MARTIN CROSSING DR NE & MARTIN CROSSING GREEN NE,51.11779671300766,-113.95910087330404,1
MARTIN CROSSING DR NE & MARTIN CROSSING PARK NE,51.1178145170789,-113.9629873255722,1
MARTIN CROSSING DR NE & MARTIN CROSSING WAY NE,51.11779154974287,-113.95782879298925,1
MARTIN CROSSING DR NE & MARTINDALE BLVD NE,51.117292847442975,-113.9674673861236,1
MARTIN CROSSING PARK NE & MARTINDALE BLVD NE,51.115061586062026,-113.96766788916707,1
MARTINBROOK GATE NE & MARTINDALE BLVD NE,51.11427912076653,-113.9553072839935,1
MARTINBROOK RD  NE & MARTINDALE BLVD NE,51.114325007246784,-113.95910723435908,1
6 AVE SW & 8 ST SW,51.04797027538045,-114.08113111526656,1
56 ST NE & RUNDLEHORN DR NE,51.07154567226448,-113.9526048295763,1
6 AVE SW & 6 ST SW,51.04783355564352,-114.07618502682786,1
16 AVE SE & 41 ST SE,51.03939407223045,-113.97432562227397,1
16 AVE NW & 8 ST NW,51.06694167065368,-114.08140001822608,1
16 AVE NW & BANFF TR NW,51.06702678082127,-114.11273830796816,1
16 AVE NW & BOWFORT RD NW,51.08323386841949,-114.2093513844172,1
16 AVE NW & CENTRE ST N,51.06697557723028,-114.06252176725386,1
16 AVE NW & CROWCHILD TR NW,51.06720426341732,-114.1186596771032,1
16 AVE NW & HOME RD NW,51.07272410992104,-114.16439415287948,1
16 AVE NW & MONTEREY AVE NW,51.06957553052553,-114.16022700759896,1
16 AVE NW & NORTH HILL MALL,51.0669400115045,-114.09807658100904,1
16 AVE NW & OFF RAMP TO UNIVERSITY DR NW,51.06745615214892,-114.12044673781386,1
16 AVE NW & SARCEE TR SW,51.0814419643312,-114.18917600374138,1
16 AVE SE & 28 ST SE,51.03870410722126,-113.99313160588768,1
16 AVE SE & 36 ST SE,51.03938783535304,-113.98164272014472,1
16 AVE SE & 39 ST SE,51.03939466726532,-113.97720845720067,1
16 AVE SE & 47 ST,51.03939185002279,-113.96575487100812,1
16 ST SE & 9 AVE SE,51.036413895904474,-114.02204043093391,1
16 AVE SE & 50 ST,51.039390471928165,-113.96136924090432,1
16 AVE SE & RADISSON DR SE,51.039354803329786,-113.98666825802292,1
16 AVE SE & ROBSON CR SE,51.03938485762664,-113.99027526792584,1
16 AVE SW & 26 ST SW,51.03888064215123,-114.12364804983883,1
16 AVE SW & 37 ST SW,51.03897614746183,-114.14110608036788,1
16 AVE SW & 8 ST SW,51.03815389735654,-114.08180559938228,1
16 AVE SW & CANADA OLYMPIC DR SW,51.0813466915354,-114.21021389813978,1
16 ST NE & 27 AVE NE,51.07688380233411,-114.01893415231424,1
16 ST NW & 2 AVE NW,51.054519053345885,-114.09778610750504,1
16 ST NW & 20 AVE NW,51.07054954291048,-114.09964643629522,1
16 ST NW & 6 AVE NW,51.05767296743075,-114.0978043647598,1
16 ST NW & BROADVIEW RD NW,51.05019939101124,-114.09818095533204,1
16 ST NW & KENSINGTON RD NW,51.05247285843044,-114.09813387637976,1
16 AVE NW & 7 ST NW,51.06694335051911,-114.07895070599892,1
16 AVE NW & 6 ST NW,51.06693387683415,-114.07643947875866,1
16 AVE NW & 5 ST NW,51.06727641360701,-114.08130604284436,1
16 AVE NW & 46 ST NW,51.071489556601755,-114.1627537942218,1
150M WEST OF 40 ST AT RRXING & 74 AVE SE,50.98804032419056,-113.97876555918364,1
152 AV NW & 24 ST NW,51.19056823150173,-114.11785343794284,1
153 AVE SE & BANNISTER RD SE,50.915200831807574,-114.06649782307886,1
153 AVE SE & MIDRIDGE DR SE,50.91618266881969,-114.06240904707204,1
155 M S OF BOW TR & 33 ST SW,51.040132952628525,-114.13644067519128,1
159 AVE SW & SHAWNESSY DR SW,50.91007264571941,-114.07939999324124,1
15A ST NE & 32 AVE NE,51.081458309742736,-114.02081651416805,1
16 AV NE & 19 ST NE,51.06698981941016,-114.01340261270953,1
16 AV NE & 68 ST NE,51.0670341021018,-113.93521663411744,1
16 AV NE & STRATUS DR NE,51.06707440573789,-114.03920268305264,1
16 AV NW & CROWCHILD TR NW,51.06718207854182,-114.11742049391916,1
16 AV SE & 40 ST SE,51.039394378099594,-113.9757362880778,1
16 AV SE & 52 ST SE,51.03936890642688,-113.95840168253628,1
16 AV SW & 8 ST SW,51.03818807489078,-114.0827120002552,1
16 AV SW & 9 ST SW,51.03825892684245,-114.08539671374344,1
16 AVE NE & 5 ST NE,51.06697955510097,-114.05078785121567,1
16 AVE NE & 6 ST NE,51.0669805899127,-114.04834737706608,1
16 AVE NE & EDMONTON TR NE,51.06699938547649,-114.05615515075873,1
16 AVE NE & MONCTON RD NE,51.06704416903051,-114.0424407796592,1
16 AVE NW & 17 ST NW,51.06701224022636,-114.10209274435672,1
16 AVE NW & 19 ST NW,51.067006857625024,-114.10624362186824,1
16 AVE NW & 2 ST NW,51.06695612569128,-114.06744689988304,1
16 AVE NW & 22A ST NW,51.06702049646245,-114.11539496318,1
16 AVE NW & 29 ST NW,51.06855760400377,-114.12918342504192,1
16 AVE NW & 4 ST NW,51.066942575336405,-114.07149665098602,1
16 AVE NW & 43 ST NW,51.06788577788865,-114.1580281130407,1
16 AVE NW & 44 ST NW,51.06908728539728,-114.1595724182842,1
16 ST SE & 17 AVE SE,51.03785235745492,-114.02356167991177,1
16 ST SW & 21 AV SW,51.03499976485486,-114.09883480422955,1
150M W OF 54 AVE AT RRXING CN RAIL ENTRANCE & 27 ST SE,51.00651260539704,-113.99492324907445,1
17 AVE NW & BOWNESS RD NW,51.07539206348965,-114.16612149030593,1
17 AV SE & 49 ST SE,51.03793762630844,-113.96284213582216,1
17 AV SE & 51 ST SE,51.03797089758276,-113.95988683182026,1
17 AV SE & 65 ST SE,51.03791960340514,-113.93931420873268,1
17 AV SE & BELVEDERE BV SE,51.03791042386919,-113.90207993414217,1
17 AV SW & 22 ST SW,51.03787348335147,-114.11388110375827,1
17 AV SW & 24A ST SW,51.037810192034094,-114.11936655458592,1
17 AV SW & 25A ST SW,51.037808608027476,-114.12224701867744,1
17 AV SW & 26A ST SW,51.037806909655046,-114.1251998813294,1
17 AV SW & 28 ST SW,51.037805223933425,-114.12804196524424,1
17 AV SW & GLENWOOD DR SW,51.0378119393724,-114.1456859215492,1
17 AVE NE & 6 ST NE,51.06789795158333,-114.04833267390605,1
17 AVE NW & 6 ST NW,51.06785529109961,-114.07645503444672,1
17 AVE NW & 7 ST NW,51.0678715060458,-114.07889938164284,1
17 AVE NW & HOME RD NW,51.07415311355183,-114.16439437003976,1
16 ST SW & 33 AVE SW,51.02400652446372,-114.0996233816198,1
17 AVE SE & 19 ST SE,51.037382140600855,-114.0177960335536,1
17 AVE SE & 26 ST SE BRT SOUTH (75M EAST),51.03745239200516,-113.99449951438058,1
17 AVE SE & 28 ST SE,51.0378678245009,-113.99305236945622,1
17 AVE SE & 31 ST SE,51.03782854885379,-113.98937628823342,1
17 AVE SE & 33 ST SE,51.03782826672934,-113.98662805934026,1
17 AVE SE & 34 ST SE,51.03788471580204,-113.98461664145536,1
17 AVE SE & 35M EAST OF 17 ST SE,51.03783001445195,-114.0211352739826,1
17 AVE SE & 36 ST SE,51.03783872606972,-113.98159994503844,1
17 AVE SE & 38 ST SE,51.037843798304266,-113.97866614001708,1
17 AVE SE & 39 ST SE,51.037821240928544,-113.9772257604168,1
17 AVE SE & 40 ST SE,51.03789139668014,-113.9757370887362,1
17 AVE SE & 41 ST SE,51.038071619551246,-113.97431550234012,1
17 AVE SE & 42 ST SE,51.03784816411993,-113.97285155453532,1
17 AV SE & 37 ST SE,51.03772589766733,-113.98015008234296,1
17 AV SE & 32 ST SE,51.0376402789253,-113.98805011008449,1
17 A ST SW & 21 AVE SW,51.03495912444968,-114.10324214523544,1
17 A ST SE & BLACKFOOT TR SE,51.0377339410058,-114.01782389534974,1
16 ST SW & 38 AVE SW,51.020151710162,-114.100484969419,1
16 ST SW & 40 AVE SW,51.01812294768781,-114.10049261348394,1
16 ST SW & 42 AV SW,51.01604840081101,-114.10049356942126,1
16 ST SW & 44 AVE SW,51.0142327976518,-114.10049656576732,1
16 ST SW & 45 AVE SW,51.013315594871834,-114.10047288201665,1
16 ST SW & 90 AVE SW,50.97223621249291,-114.10039834815328,1
160M EAST OF 18 ST SE & QUARRY PARK BLVD SE,50.963475628001305,-114.00986118004975,1
160M S OF 64 AVE & 44 ST SE,50.99505572246618,-113.97016388910176,1
160M S OF 76 AVE AT RRXING & 40 ST SE,50.98362412168604,-113.97656558560422,1
160M S OF 76 AVE AT RRXING & 44 ST SE,50.98362467648276,-113.9700398223392,1
160M SOUTH OF SHAGANAPPI TR NW & SYMONS VALLEY PARKWAY NW,51.16818209294628,-114.14950637693283,1
160M WEST OF 11 ST & 64 AVE NE,51.11043175900504,-114.0388845100876,1
162 AVE SE & SUN VALLEY BLVD SE,50.90508638999616,-114.06212608173702,1
162 AVE SW & 220 M EAST OF,50.90670413462556,-114.11397733829926,1
162 AVE SW & 24 ST SW,50.906807495923026,-114.11719184812816,1
162 AVE SW & 5 ST SW RRXING,50.90315695845605,-114.0704188719508,1
162 AVE SW & BRIDLECREST BLVD SW,50.90662635576325,-114.11978901633114,1
162 AVE SW & BRIDLERIDGE WAY SW,50.90678915826639,-114.1104467758298,1
162 AVE SW & BRIDLEWOOD BLVD SW,50.906733636619165,-114.10551217564384,1
162 AVE SW & JAMES MCKEVITT RD SW,50.90522922521171,-114.09898188504678,1
162 AVE SW & SHAWBROOKE DR,50.90396939221664,-114.08958347094108,1
162 AVE SW & SHAWINIGAN DR,50.90260420254759,-114.07643626935194,1
162 AVE SW & SHAWVILLE BLVD SE,50.90410439529558,-114.06609449632866,1
162 AVE SW & SHAWVILLE WAY / RISE SE,50.9033172921919,-114.06949964137227,1
16A NW & 24 AVE NW,51.074311034817626,-114.10060547584494,1
16A ST NE & 8 AVE NE,51.05930470442608,-114.02032488598144,1
16A ST SW & 17 AVE SW,51.03781981991656,-114.10019819220088,1
150M WEST OF 37 ST NW & SYMONS VALLEY PARKWAY NW,51.16810316189884,-114.14366569081037,1
150M W OF 40 ST SE & 64 AVE SE,50.996628603012304,-113.97926120854645,1
17 AVE SE & 44 ST SE,51.03786975182008,-113.96999726983184,1
14 ST TRANSIT WAY & HERITAGE DR SW,50.97958036713218,-114.09589892059788,1
14 ST SW & 32 AVE SW,51.0249273695515,-114.09469177157264,1
14 ST SW & 33 AVE SW,51.02400510563127,-114.09469637412924,1
14 ST SW & 36 AVE SW,51.02168698061213,-114.09466271127114,1
14 ST SW & 38 AVE SW,51.0201673766199,-114.09469579120857,1
14 ST SW & 50 AV SW,51.008701148949854,-114.09479799784864,1
14 ST SW & 75 AVE SW,50.98815378373377,-114.09485253628144,1
14 ST SW & 90 AV SW,50.973352768466306,-114.09558558844454,1
14 ST SW & 90 AVE SW,50.972268619738806,-114.0951309612073,1
14 ST SW & ANDERSON RD,50.950488106415214,-114.09474695672218,1
14 ST SW & HERITAGE DR SW,50.97957476794982,-114.09481336897456,1
14 ST SW & JOLIET AVE SW,51.02609558227206,-114.0946796800424,1
14 ST SW & SOUTHLAND DR,50.96152191557425,-114.09518849856488,1
14 ST SW & U TURN RAMP,50.994850508629824,-114.09496314522671,1
140 AV NW & CARRINGTON PZ NW,51.18151891780038,-114.09184989496886,1
144 AVE NW & LUCAS BLVD NW,51.18340899805518,-114.07559474363492,1
140 AVE NW & CARRINGTON BLVD NW,51.18147760186458,-114.09016729375467,1
140M WEST OF BARLOW TR AT RRXING & 26 ST SE,51.004002342985416,-113.99734217549918,1
144 AV NE & 6 ST NE,51.18351557255209,-114.04806286361448,1
144 AV NE & LEWISTON WY NE,51.183401100652674,-114.04211255689827,1
144 AV NW & AMBLERIDGE ST NW,51.18329681279861,-114.1228681938534,1
144 AV NW & EVANSTON LI NW,51.18313112799856,-114.10174198985156,1
144 AVE NE & HOWSE RISE NE,51.18346546814779,-114.05902503842265,1
144 AVE NE & LIVINGSTON HILL NE,51.183492311062984,-114.05261421484694,1
144 AVE NE & LIVINGSTONE GATE NE,51.18346632105039,-114.06487934597084,1
144 AVE NW & 24 ST NW,51.18321776325964,-114.11789064770008,1
144 AVE NW & 37 ST NW,51.18310996125235,-114.141119288094,1
144 AVE NW & CARRINGTON BLVD NW,51.18406655001448,-114.09008680220109,1
144 AVE NW & CARRINGVUE DR NW,51.18337587080714,-114.07989158557194,1
14 ST SW & 30 AVE SW,51.02676636130852,-114.09470999010702,1
14 ST SW & 29 AVE SW,51.02768819674303,-114.09464674288208,1
14 ST SW & 26 AVE SW,51.03044646011183,-114.09466439283668,1
14 ST SW & 25 AVE SW,51.031454909481305,-114.09470986696854,1
14 ST NW & 5 AVE NW,51.05746730363453,-114.0947158434568,1
14 ST NW & 64 AV NW,51.10918975011786,-114.08343995819789,1
14 ST NW & 7 AVE NW,51.05890091791772,-114.09474888463193,1
14 ST NW & BERKLY GATE NW,51.12583131576798,-114.0987038681887,1
14 ST NW & BERKSHIRE BLVD NW,51.13162337036312,-114.1063071009076,1
14 ST NW & CORNWALLIS DR NW,51.087513202309545,-114.09476536792604,1
14 ST NW & COUNTRY HILLS BLVD NW,51.14331845868395,-114.10796855141209,1
14 ST NW & CROMWELL AVE NW,51.08609801389434,-114.09473580787127,1
14 ST NW & HIDDEN VALLEY DR NW,51.146341047586056,-114.10605310400052,1
14 ST NW & JOHN LAURIE BLVD NW,51.08974407883135,-114.09469253498976,1
14 ST NW & KENSINGTON RD NW,51.05252530512108,-114.09469128252574,1
14 ST NW & MEMORIAL DR NW,51.04979205135502,-114.09451195859047,1
14 ST NW & NORTH HAVEN DR NW,51.092162603778334,-114.0946829818404,1
14 ST NW & NORTHMOUNT DR NW,51.08305891632471,-114.09470786499855,1
14 ST NW & PANATELLA BLVD NW,51.1684701742681,-114.09009693525212,1
14 ST NW & ROSEHILL DR NW,51.07781256236981,-114.09474650977384,1
14 ST NW & ROSEVALE DR NW,51.080420474687045,-114.09472648144649,1
14 ST NW & ROSEVIEW DR NW,51.081353671407136,-114.09471027470984,1
14 ST NW & SYMONS VALLEY PARKWAY NW,51.181414351236725,-114.0946788249474,1
14 ST NW / EAST INT & 16 AVE NW,51.06688763258116,-114.09401786221788,1
14 ST NW / WEST INT & 16 AVE NW,51.06692549966529,-114.0954150218371,1
14 ST SE & 9 AVE SE,51.03917905720997,-114.02895616521116,1
14 ST SW & 15 AVE SW,51.039472595342566,-114.09471173618476,1
14 ST SW & 16 AVE SW,51.03851432573748,-114.0946880693637,1
14 ST SW & 17 AVE SW,51.03783206361208,-114.09470773863306,1
14 ST SW & 21 AVE SW,51.0349777655491,-114.0947098106117,1
14 ST SW & 23 AVE SW,51.03324370813221,-114.0947207498944,1
144 AVE NW & EVANSTON HILL NW,51.18324754240808,-114.1111052247766,1
144 AVE NW & NOLAN HILL BLVD NW,51.1832269356556,-114.17038566307104,1
150M W OF 40 ST & 78 AVE SE,50.98238688092544,-113.97858732498896,1
15 ST SW & 38 AVE SW,51.02014919539624,-114.09760139165556,1
15 ST & BLACKFOOT TR SE,51.03543419693374,-114.024509412482,1
15 ST NE & 27 AVE NE,51.07690700662486,-114.02228858616074,1
15 ST NE & STONEY BLVD NE,51.165251112834234,-114.02474232391748,1
15 ST NW & 2 AVE NW,51.054571611871815,-114.0962435912888,1
15 ST NW & 20 AVE NW,51.070551612535894,-114.09718809120572,1
15 ST NW & 24 AVE NW,51.074270079183854,-114.0972057204122,1
15 ST NW & 8 AVE NW,51.05965879761354,-114.09625396955646,1
15 ST SE & 34 AVE SE AT RRXING,51.02330175182254,-114.0250704043058,1
15 ST SE & 38 AVE SE AT RRXING,51.02011373057282,-114.02527167441608,1
15 ST SE & 41 AVE SE AT RRXING,51.01705533788461,-114.02529552184969,1
15 ST SE & 9 AVE SE,51.037759217434775,-114.02519083159548,1
15 ST SE & S OF 9 AVE RRXING,51.03620986768073,-114.02514272907996,1
15 ST SW & 17 AVE SW,51.037797241158835,-114.09758903575069,1
15 ST SW & 42 AV SW,51.016047535156424,-114.09757973216873,1
144 AVE NW & SAGE VALLEY RD NW,51.183029476094326,-114.15373788143538,1
15 ST SW & 9 AVE SW,51.04553545329919,-114.09620109250476,1
15 ST SW & SBND 14 ST RAMP TO,51.046103812698625,-114.09587987157552,1
150 M NORTH OF CANMORE RD NW & 19 ST NW,51.07902640964236,-114.10630736895246,1
150M 11 ST SE & HERITAGE MEADOWS WAY SE,50.98355323447166,-114.03986557885707,1
150M E OF 47 ST AT RRXING & 48 AVE SE,51.01094882177954,-113.9631215638114,1
150M EAST OF 19 ST NW & 16 AV NW,51.067020979150115,-114.10415324728176,1
150M EAST OF CROWFOOT CIRCLE NW & CROWFOOT WAY NW,51.12477972944714,-114.20508155774084,1
150M EAST OF SKYVIEW RANCH DR NE & SKYVIEW RANCH RD NE,51.162844985564014,-113.9586748218722,1
150M N OF 68 AVE AT RRXING & 48 ST SE,50.99545501191867,-113.96426543832754,1
150M NORTH OF COVEPARK SQ NE & COVENTRY HILLS WAY NE,51.16727686429293,-114.06218517323433,1
150M S OF 52 AVE SE & 24 ST SE,51.005407192994795,-114.00166641400996,1
150M S OF 64 AVE AT RRXING & 40 ST SE,50.99512820992787,-113.97656340041088,1
150M SOUTH OF & BARLOW TR NE,51.15933160886392,-113.99995114080492,1
15 AVE/16 AVE SE & 28 ST SE,51.03937348789971,-113.99307076223248,1
15 AVE SW & 9 ST SW,51.03917024561418,-114.08418288566136,1
15 AVE SW & 8 ST SW,51.03910180782304,-114.081717711266,1
15 AVE SW & 7 ST SW,51.039032880411504,-114.07927216069749,1
144 AVE NW & SARCEE TR NW,51.183097489363746,-114.1760561953418,1
144 AVE NW & SHAGANAPPI TR NW,51.183242426482664,-114.16112233894285,1
144 AVE NW & SYMONS VALLEY RD NW,51.18319156852582,-114.1349990293738,1
145 AVE SE & BANNISTER RD SE,50.92268453511905,-114.06994301155198,1
145M WEST OF 29 ST SE & 27 ST SE,50.95351065103005,-113.99665097926994,1
146 AVE & PARKLAND BV,50.916570221686705,-114.02430791716276,1
146 AVE SE & BANNISTER RD SE,50.92133364692296,-114.06950511056468,1
146 AVE SE & DEER LANE RD/EAST LEG,50.92251555079574,-114.00858762139048,1
146 AVE SE & DEER LANE RD/WEST LEG,50.92142071163152,-114.01154458826213,1
146 AVE SE & DEER RUN BLVD SE,50.923538180864995,-114.00455368222892,1
146 AVE SE & DEERFIELD DR SE,50.92030786350405,-114.01473035558308,1
148 AV NW & CARRINGTON BV NW,51.18698035271176,-114.08876389060784,1
148 AVE SW & MILLRISE BLVD SW,50.91960500531097,-114.07503083320223,1
149 AVE SE & BANNISTER RD SE,50.91912712890611,-114.06859251405596,1
14A ST SE & OGDEN RD SE,51.018609716428855,-114.02666742617144,1
14A ST SW & 17 AVE SW,51.037802381011595,-114.09650700148435,1
14A ST SW & 50 AV SW,51.00875030640971,-114.09630581489448,1
15 AVE N & CENTRE ST N,51.06601976793232,-114.06252525772294,1
15 AVE NE & 6 ST NE,51.065985952415474,-114.0483321622268,1
15 AVE SE & 27 ST SE,51.03958706020238,-113.99552891884886,1
15 AVE SE & CENTRE ST S,51.03858824764339,-114.06350367748756,1
15 AVE SE & MACLEOD TR SE,51.03844723579298,-114.05864840335886,1
15 AVE SW & 2 ST SW,51.03872852800005,-114.06844240684086,1
15 AVE SW & 37 ST SW,51.03968468325452,-114.14122972279172,1
15 AVE SW & 4 ST SW,51.03875255201997,-114.0715278055867,1
15 AVE SW & 5 ST SW,51.038876979656,-114.07439538978312,1
15 AVE SW & 6 ST SW,51.0389420789865,-114.07680645772416,1
17 AVE SE & 43 ST SE,51.03786454302627,-113.9714465005182,1
17 AVE SE & 45 ST SE,51.03789166350322,-113.96857453696292,1
14 ST NW & 21 AVE NW,51.07144001211331,-114.0947081473334,1
19 ST NW & 6 AVE NW,51.05819340102975,-114.10562484967568,1
19 ST NE & AERO DR NE,51.13745342479233,-114.0135816200252,1
19 ST NE & MAYLAND DR NE,51.063875205574305,-114.01335329136748,1
19 ST NE & MCKINNON DR NE,51.06539477161922,-114.0133392447252,1
19 ST NE & MCKNIGHT BLVD NE,51.09279619822392,-114.01156431243608,1
19 ST NE & MUNRO DR NE,51.056254800533225,-114.01102685778802,1
19 ST NE & VALLEYVIEW RD NE,51.07103950645272,-114.0134495107162,1
19 ST NW & 2 AVE NW,51.05455889179653,-114.10556350336005,1
19 ST NW & 20 AV NW,51.07055484422712,-114.10627868545464,1
19 ST NW & 22 AVE NW,51.07233500700541,-114.10629548513114,1
19 ST NW & 24 AVE NW,51.07426235238808,-114.10633266952884,1
19 ST NW & 25 AVE NW,51.075467074652494,-114.10630645661698,1
19 ST NW & 3 AVE NW,51.05533462682245,-114.10558698815616,1
19 ST NW & 5 AVE NW,51.05743832027724,-114.1055555692018,1
19 ST NW & 8 AVE NW,51.05935525548353,-114.10565427457338,1
19 ST SE & CENTRE AVE SE,51.05244925414985,-114.00839782286997,1
19 ST NW & BROADVIEW RD NW,51.05021648742167,-114.10550953691438,1
19 ST NW & CAPRI AVE  NW,51.08984439204077,-114.10791176797582,1
19 ST NW & CHICOUTIMI DR NW,51.08200618306437,-114.10885636533428,1
19 ST NW & CHRISTIE RD NW,51.083631697203145,-114.11018670185288,1
19 ST NW & CONSTABLE RD NW,51.0849872572049,-114.10989287249646,1
19 ST NW & JOHN LAURIE BV NW,51.09279310935957,-114.10629891555328,1
19 ST NW & KENSINGTON RD NW,51.052505425816136,-114.10555883488324,1
19 ST NW & MEMORIAL DR NW,51.04913056801076,-114.10549830855943,1
19 ST NW & MORELY TR NW,51.07491045062949,-114.10635933267596,1
19 ST NW & NORTHMOUNT DR NW,51.087546046005045,-114.1091173970538,1
19 ST NW & S. OF JOHN LAURIE BLVD NW,51.09165690652423,-114.10692326283142,1
19 ST SE & 62 AVE SE,50.997768585129094,-114.01352970010376,1
19 ST SE & 66 AVE SE,50.994121163123566,-114.01352588451654,1
19 ST NE & 8 AVE NE,51.05960856682133,-114.01326517043633,1
19 ST NE & 39 AV NE,51.08822590848528,-114.01153977191852,1
19 ST NE & 32 AVE NE,51.08150417740111,-114.0115977762505,1
19 ST NE & 27 AVE NE,51.07690263603651,-114.01164576068174,1
19 AVE SE & 33 ST SE,51.036094658100694,-113.986634951573,1
19 AVE SE & 34 ST SE,51.03610812239711,-113.9844841941925,1
19 AVE SE & 35 ST SE,51.03611388899934,-113.9830514419224,1
19 AVE SE & 36 ST SE,51.03622587904716,-113.9816027396008,1
19 AVE SE & 37 ST SE,51.03628143132954,-113.98016369140495,1
19 AVE SE & 38 ST SE,51.036280684960616,-113.97869160116754,1
19 AVE SE & 39 ST SE,51.036278750531785,-113.97721975822098,1
19 AVE SE & 40 ST SE,51.03627962569305,-113.97574768294714,1
19 AVE SE & 41 ST SE,51.03628340400287,-113.97433704815184,1
19 AVE SE & 42 ST SE,51.03629773337404,-113.97287877229586,1
19 AVE SE & 43 ST SE,51.03629158894838,-113.9714412022447,1
19 AVE SE & 44 ST SE,51.03629122883828,-113.97001420402104,1
19 AVE SE & 45 ST SE,51.036290853453096,-113.96859520030678,1
19 AVE SE & 46 ST,51.0362904617396,-113.9671762023262,1
19 AVE SE & 47 ST SE,51.03629005549717,-113.96575721435671,1
19 AVE SE & 48 ST SE,51.03628963531701,-113.96435195975856,1
19 AVE SE & 8 ST SE,51.036235970246814,-114.0411730015982,1
19 AVE SE & ASPEN CR SE,51.03607793485352,-113.99089355550774,1
19 AVE SW & 19 ST SW,51.03597437608275,-114.1063051083468,1
19 AVE SW & 2 ST SW,51.03619359906889,-114.0686286832821,1
19 AVE SW & 20 ST SW,51.0354975314456,-114.10876473066608,1
19 AVE SW & 37 ST SW,51.036251720272645,-114.14122808003468,1
19 AVE SW & 4 ST SW,51.03604492123236,-114.07151939530266,1
19 AVE SW & 5 ST SW,51.0362781293537,-114.07418785595596,1
19 AVE SW & 8 ST SW,51.036034842175184,-114.08181867693877,1
19 AVE SW & GLENMOUNT DR SW,51.03517042183189,-114.15046275871276,1
19 AVE SW & KELWOOD DR SW,51.03504323408235,-114.1460087548492,1
19 ST SE & 9 AVE SE,51.03543300299794,-114.01996473682884,1
19 ST SE & MAYNARD RD SE,51.04684812138756,-114.00843267429264,1
19 AVE SE & 31 ST SE,51.0360698294074,-113.9894471461335,1
2 AVE S & CENTRE ST S,51.05122384528453,-114.0626427334702,1
2 AV NE & 6A ST NE,51.054667258946054,-114.04701417105905,1
2 AV NE & 7 ST NE,51.05466386127969,-114.0456937161818,1
2 AV NE & 8 ST NE,51.05465695181829,-114.04302637775146,1
2 AV NE & 9 ST NE,51.05465001219526,-114.04036904464888,1
2 AV NE & 9A ST NE,51.05464650225484,-114.03903348259615,1
2 AV NW & 7A ST NE,51.05466040636592,-114.04435688959984,1
2 AV SE & RIVERFRONT AV SE,51.05131263496237,-114.06068140378878,1
2 AVE NE & 4 ST NE,51.054669966102786,-114.05165854070783,1
2 AVE NE & 6 ST NE,51.05467066643493,-114.04834436538582,1
2 AVE NE & EDMONTON TR,51.05467368412279,-114.05099552329472,1
2 AVE NW & 7 ST NW,51.05711680117493,-114.07965319682476,1
2 AVE NW & 8 ST NW,51.056055296204015,-114.08141616383833,1
2 AVE NW & 9 ST NW,51.05499125691362,-114.08320226575093,1
2 AVE SE & 27 ST SE,51.049006175816416,-113.9952959588986,1
19 ST SW & 33 AVE SW,51.02399462267168,-114.1070049731581,1
2 AVE SE & 28 ST,51.05000024554069,-113.9924530691045,1
2 AVE SW & 2 ST SW,51.05137519732029,-114.06754023035728,1
2 AVE SW & 3 ST SW,51.05143899270467,-114.07000203039593,1
2 AVE SW & 4 ST SW,51.05147633764582,-114.07153021521354,1
2 AVE SW & 5 ST SW,51.05152211703108,-114.07346066282612,1
2 AVE SW & 6 ST SW,51.05159970623237,-114.07591458986649,1
2 AVE SW & 7 ST SW,51.05167961310367,-114.07837999345723,1
2 ST NE & 29 AVE NE,51.07872323803038,-114.0574706178551,1
2 ST NE & 32 AVE NE,51.081509942481645,-114.05748510551516,1
2 ST NE & 6 AVE NE,51.05797435862586,-114.0576505766829,1
2 ST NE & 7 AVE NE,51.058863333107446,-114.0576401260256,1
2 ST NE & 8 AVE NE,51.05975364322291,-114.05764446399046,1
2 ST NE & 9 AVE NE,51.060638307708246,-114.05764142128017,1
"2 AV & 9 ""A"" ST NW",51.05425633972475,-114.0844264563323,1
1A ST SW & 61 AVE SW,50.99772835222995,-114.06765088409126,1
1A ST SW & 53 AVE SW,51.005611064175355,-114.067141967416,1
1A ST SW & 42 AVE SW,51.01609178235606,-114.06718804500812,1
19 ST SW & 34 AVE SW,51.02318877551664,-114.10630636151552,1
19 ST SW & 38 AVE SW,51.02014837939942,-114.10629693147368,1
19 ST SW & 42 AVE SW,51.01605281886757,-114.10631616550488,1
19 ST SW & 44 AVE SW,51.0142438897278,-114.1063040970673,1
19 ST SW & 48 AVE SW,51.010617251332285,-114.1063351797638,1
19 ST SW & 52 AVE SW,51.00681039290067,-114.10645340172265,1
19 ST SW & 90 AVE SW,50.972268584066626,-114.1063414243301,1
19 ST SW & 98 AVE SW,50.965010824784024,-114.10635750603905,1
19 ST SW & NORTH of SOUTHLAND DR SW,50.962521656979064,-114.10634874363936,1
19 ST SW & PALISPRIOR RD SW,50.96896293962044,-114.10633731314748,1
19 ST SW & PALLISER DR SW,50.9667076602258,-114.10637561317904,1
19 ST SW & SOUTHLAND DR SW,50.961418577092395,-114.10637360665712,1
190M W/OF COVEWOOD LINK NE & COVENTRY HILLS WAY NE,51.164798383978194,-114.04802499509884,1
194 AV SE & CHAPARRAL VALLEY TC SE,50.87797465171928,-114.01594858902604,1
194 AV SW & 902 194 Ave SW,50.87761890356092,-114.07353097838352,1
194 AV SW & BELMONT DR SW,50.87472143989184,-114.06291224839114,1
194 AV SW & SILVERTON GLEN GA,50.872855744211925,-114.05996307727013,1
194 AV SW & SILVERTON ST SW,50.87686227485711,-114.06637714123862,1
194 AVE SE & CHAPARRAL DR SE,50.877082419824234,-114.03668292596768,1
194 AVE SE & CHAPARRAL VALLEY DR,50.87771573586181,-114.01321020713044,1
194 AVE SE & MACLEOD TR S,50.87558781867871,-114.04398677614805,1
194 AVE SE & WALDEN BLVD SE,50.8777297464232,-114.02456392860846,1
194 AVE SE & WOLF WILLOW BLVD,50.87760758245439,-114.00374114099812,1
194 AVE SW & SILVERADO DR,50.87764989491473,-114.07779164155713,1
194 AVE SW & SPRUCE MEADOWS WAY SW,50.877699752869205,-114.0938358283189,1
1942 VETERAN'S WY NW & VETERAN'S WAY NW,51.062887154931886,-114.14304391810384,1
1A ST SE & 50 AVE SE,51.00869789860418,-114.06140305651158,1
19 AVE SE & 32 ST SE,51.03609053532818,-113.98805387499496,1
19 AVE SE & 28 ST SE,51.03608669881735,-113.99234591227749,1
17 AVE SE & 47 ST SE,51.03781844557509,-113.9657645003591,1
17 AVE SW & 8 ST SW,51.03782019351801,-114.08181072944076,1
17 AVE SW & 37 ST SW,51.037812445165486,-114.14116044681072,1
17 AVE SW & 4 ST SW,51.03783929908201,-114.07150884015434,1
17 AVE SW & 42 ST SW,51.03783688426954,-114.14832026276076,1
17 AVE SW & 45 ST SW,51.03781302332996,-114.1528033582567,1
17 AVE SW & 47 ST SW,51.03782022375879,-114.15579020450608,1
17 AVE SW & 5A ST SW,51.03780989080694,-114.07554856281928,1
17 AVE SW & 6 ST SW,51.0378235377058,-114.07688500794228,1
17 AVE SW & 69 ST SW,51.03784601552117,-114.18754077395256,1
17 AVE SW & 69 ST SW- 170M EAST OF,51.0377903441465,-114.18501255646416,1
17 AVE SW & 7 ST SW,51.03782187493789,-114.0793723506398,1
17 AVE SW & 73 ST SW,51.0378351036411,-114.1934847943,1
17 AVE SW & 73 ST SW -200M EAST OF,51.037871245130155,-114.19045548756256,1
17 AVE SW & 77 AVE SW,51.03794596687228,-114.19929645094086,1
17 AVE SW & 85 ST SW,51.03796211769103,-114.21104988748878,1
17 AVE SW & SUFFOLK ST SW,51.03781703966037,-114.11530019332491,1
17 AVE SW & 9 ST SW,51.03783078834249,-114.08427850859552,1
17 AVE SW & 9A ST SW,51.037843608239584,-114.08560500582747,1
17 AVE SW & ASPEN STONE BLVD SW,51.03785048834981,-114.21682427243316,1
17 AVE SW & ASPEN SUMMIT DR SW,51.03799156113757,-114.20351202057256,1
17 AVE SW & CENTRE ST S,51.03783896245243,-114.06357128092849,1
17 AVE SW & CHRISTIE P[ARK GATE SW,51.036963056311755,-114.17857690315792,1
17 AVE SW & COLLEGE LANE SW,51.03781199360646,-114.07829653665786,1
17 AVE SW & CORTINA DR SW,51.03784730505067,-114.2226872489118,1
17 AVE SW & GATEWAY DR SW,51.037813636451574,-114.15655014268071,1
17 AVE SW & GLENMOUNT DR SW,51.037793274819926,-114.1508503711574,1
17 AVE SW & GLENSIDE DR SW,51.03853319073312,-114.16004314002716,1
17 AVE SW & RICHMOND RD SW,51.037820970753174,-114.11124413433232,1
17 AVE SW & SARCEE TR SW,51.03981045351946,-114.16448812934456,1
17 AVE SW & 36 ST SW,51.03779571408064,-114.13973182052672,1
17 AVE SW & 35 ST SW,51.03782901965116,-114.1383198270915,1
17 AVE SW & 34 ST SW,51.03773747086764,-114.13689960015851,1
17 AVE SW & 33 ST SW,51.03781214010704,-114.13544797297438,1
17 AVE SE & 48 ST SE,51.037818025552,-113.9643594576098,1
17 AVE SE & 50 ST SE,51.03782264547432,-113.9613637960447,1
17 AVE SE & 52 ST SE,51.03778536429903,-113.95839722879732,1
17 AVE SE & 54 ST SE,51.037797078937,-113.95557389153234,1
17 AVE SE & 60 ST SE,51.037852299353766,-113.94691925174128,1
17 AVE SE & 61 ST SE,51.03787072549468,-113.94275354361508,1
17 AVE SE & 68 ST SE,51.03785811112583,-113.93524088698038,1
17 AVE SE & 70 ST SE,51.03789914156752,-113.93022761857026,1
17 AVE SE & 8 ST SE,51.03785161587915,-114.0413600065858,1
17 AVE SE & 84 ST SE,51.03787299117216,-113.90767286542976,1
17 AVE SE & EAST OF HUBALTA ROAD,51.03785187017188,-113.95024713425364,1
17 AVE SE & ESTON RD SE,51.0378236996508,-113.91192217897132,1
17 AVE SE & HUBALTA RD SE,51.03779016836126,-113.9513602799142,1
17 AVE SE & MACLEOD TR SE,51.037831821380166,-114.0586499890947,1
17 AVE SE (BRT SOUTH) & 90M EAST OF 9 AVE SE,51.03679824031278,-114.02089792756848,1
17 AVE SW & 17 ST SW,51.0378353282816,-114.10159443220256,1
17 AVE SW & 17A ST SW,51.0378286131632,-114.10290225675186,1
17 AVE SW & 19 ST SW,51.03782791573769,-114.1063079935697,1
17 AVE SW & 2 ST SW,51.03782873432997,-114.06853184236688,1
17 AVE SW & 24 ST SW,51.03780884917067,-114.11792468803662,1
17 AVE SW & 25 ST SW,51.037817058867546,-114.1207966523655,1
17 AVE SW & 26 ST SW,51.03781401781957,-114.12370393609608,1
17 AVE SW & 27 ST SW,51.03781087573023,-114.12663772865778,1
17 AVE SW & 29 ST SW,51.037807699177826,-114.12953617395227,1
17 AVE SW & 30 ST SW,51.03780327034521,-114.13120882712478,1
17 AVE SW & 31 ST SW,51.037809759596065,-114.13266650716034,1
17 AVE SW & 32 ST SW,51.03780884062749,-114.13408306893096,1
17 AVE SW & SIROCCO DR SW,51.037633276972,-114.1699990238548,1
17 AVE SW (OFF RAMP) & CROWCHILD TR SW,51.03710385407003,-114.11160998740849,1
19 AVE SE & 27 ST SE,51.03609112339429,-113.99393594089707,1
18 ST SW & 36 AVE SW,51.02202509913424,-114.10486870971404,1
18 ST NW & 7 AVE NW,51.05866890334977,-114.10246529769066,1
18 ST NW & KENSINGTON RD NW,51.05251383684581,-114.10243853278848,1
18 ST SE & 66 AVE SE,50.99414692041847,-114.01555122443489,1
18 ST SE & 69 AVE SE,50.990945076303404,-114.01549446555131,1
18 ST SE & 76 AVE SE,50.98504868720334,-114.01586097032924,1
18 ST SE & AT 9891,50.96504785034028,-114.01281074597745,1
18 ST SE & DOUGLAS GLEN BLVD SE,50.957153619648786,-114.00743219253263,1
18 ST SE & GLENMORE SQUARE SE,50.983879948088486,-114.01584520214335,1
18 ST SE & LYSANDER DR SE,50.98797774063967,-114.01554638839428,1
18 ST SE & RIVERBEND GATE SE,50.97571491188027,-114.0157660584649,1
18 ST SE & RIVERVIEW CIRCLE SE,50.966428866818774,-114.01330664342834,1
18 ST SE & RIVERVIEW CLOSE,50.970232243552395,-114.01533854184412,1
18 ST SW & 34 AVE SW,51.02319033833101,-114.10452806467734,1
18 ST SW & SUDBURY AVE SW,51.04162158972184,-114.10507906237544,1
17 ST NW & 20 AVE NW,51.07051957981871,-114.10208703252732,1
180 M NORTH OF SHAWMEADOWS CL SW & MILLRISE BLVD SW,50.91452163225014,-114.07366082295074,1
18A ST NE & 8 AV,51.059634364706675,-114.014721080285,1
18A ST NW & KENSINGTON RD NW,51.0525332964594,-114.10405821664988,1
19 AV & 2 ST NW,51.06970541881624,-114.0674564161403,1
19 AV NE & CENTRE ST N,51.06970853863304,-114.06245650487718,1
19 AV NE & EDMONTON TR NE,51.069715006229,-114.05601383476184,1
19 AV NW & 4 ST NW,51.06966910146429,-114.07150962668015,1
19 AV SW & 80 ST SW,51.036086693518214,-114.20356323505617,1
19 AVE NE & 4 ST NE,51.06969993958332,-114.05249809899269,1
19 AVE NW & 42 ST NW,51.068452961665336,-114.1530911419784,1
19 AVE NW & 49 ST NW,51.07684463895469,-114.16411378645594,1
19 AVE NW & HOME RD NW,51.076916029138374,-114.1644468405941,1
19 AVE SE & 26 ST SE,51.035925268782215,-113.9957715062332,1
18 ST NW & 6 AVE NW,51.057646690899624,-114.10246326549154,1
18 ST NW & 3 AVE NW,51.055326467758775,-114.1024431336296,1
18 ST NW & 24 AVE NW,51.07426549533109,-114.1045966227156,1
18 ST NW & 23 AVE NW,51.07324013581131,-114.10460245622085,1
17 ST NW & 21 AVE NW,51.0714697863329,-114.10213105487884,1
17 ST NW & 24 AVE NW,51.074292875245945,-114.10213203487304,1
17 ST SW & 26 AVE SW,51.0304429181212,-114.10206300364942,1
17 ST SW & 33 AVE SW,51.02399364673985,-114.1020867338192,1
17 ST SW & 34 AVE SW,51.02319129019168,-114.1034299968262,1
170M SOUTH OF ROCKY RIDGE BAY NW & ROCKY RIDGE DR NW,51.14081052324059,-114.23953691020156,1
176 AVE N & CENTRE ST N,51.21240060299749,-114.07131753614128,1
17A ST NE & 8 AVE NE,51.059755696823224,-114.01759689162526,1
17A ST NW & 24 AVE NW,51.07428275618502,-114.10349592454764,1
17A ST SE & 62 AVE SE,50.99770837671333,-114.01777773957905,1
17A ST SE & 80M NORTH OF BLACKFOOT TR,51.03858327509892,-114.01769817822948,1
17A ST SE & DEERFOOT TR SE,51.03697947977588,-114.01012066060518,1
17A ST SW & 23 AV SW,51.0332285455755,-114.10348233167956,1
17A ST SW & 26 AVE SW,51.030447293752175,-114.10342365803191,1
18 AV & MACLEOD TR,51.03700162376322,-114.05881640996724,1
18 AVE N & CENTRE ST N,51.06879769621888,-114.0625290004534,1
18 AVE NE & 19 ST NE,51.06890390817667,-114.01341267944728,1
18 AVE NE & 21 ST NE,51.06892654967883,-114.00905224256137,1
18 AVE NE & EDMONTON TR NE,51.06879445444192,-114.05611635226516,1
18 AVE NW & 4 ST NW,51.06877615198613,-114.07153348796024,1
18 AVE SW & 2 ST SW,51.03713439832951,-114.06854481124124,1
18 AVE SW & 4 ST SW,51.0369372728951,-114.07154634824818,1
18 AVE SW & 5 ST SW,51.03693142195716,-114.07418850989654,1
18 AVE SW & CENTRE ST S,51.03702192551712,-114.06361812917363,1
18 ST / RIVERVALLEY DR & RIVERGLEN DR SE,50.97285758816432,-114.01578226421476,1
18 ST NW & 20 AV NW,51.070545264388805,-114.10454543830778,1
18 ST NW & 22 AVE,51.072350612365554,-114.10461913062868,1
14 ST NW & 24 AVE NW,51.0742783214303,-114.09475015740315,1
14 ST NW & 20 AVE NW,51.07052734509982,-114.09472801276,1
2 ST NW & 22 AV NW,51.072467100589485,-114.06749334846538,1
106 AVE SE & 50 ST SE,50.95784584502137,-113.96160975740436,1
104 AV NE & 36 ST NE,51.14699116393846,-113.98158670797686,1
104 AV NE & 42 ST NE,51.14718956035271,-113.97407416317186,1
104 AVE NE & METIS TR NE,51.14719830964998,-113.97000754417148,1
104 AVE SE & BRAESIDE DR SW,50.95953092176847,-114.10331490680416,1
104 AVE SW & 8 ST SW,50.95981399168252,-114.08341529892296,1
104 AVE SW & HOUSE 735,50.96026262715652,-114.0810183028408,1
104 AVE SW & SACRAMENTO DR SW,50.960578502991005,-114.07707040405624,1
105 AVE SW & SOUTHAMPTON DR SW,50.958631483578024,-114.09063652757564,1
106 AV SE & 6635 106 AV SE,50.963080136071305,-113.9401249574022,1
106 AVE SE & 40 ST SE,50.95789357937914,-113.9771467097345,1
106 AVE SE & 42 ST SE,50.95789812414482,-113.97400983990268,1
106 AVE SE & 46 ST SE,50.957906020585824,-113.9687444268346,1
106 AVE SE & 48 ST SE,50.95791019321117,-113.9652553585402,1
106 AVE SE & 52 ST SE,50.95781139760383,-113.9583937444189,1
10A ST SW & 17 AV SW,51.03781654895299,-114.0885670710457,1
106 AVE SE & 68 ST SE,50.96243886592541,-113.93510558486464,1
106 AVE SE & BARLOW TR SE,50.95789366960529,-113.98138201430304,1
106 AVE SW & 24 ST SW,50.957741178090394,-114.11797535505713,1
106 AVE SW & OAKFIELD DR SW,50.9582374166706,-114.13224231864302,1
107 AV SE & 68 ST SE,50.9596202793824,-113.93506037049778,1
107 AVE SE/ 18 ST SE & 24 ST SE,50.95652396291425,-114.0012160714474,1
107 AVE SW & BRADBURY DR SW,50.95706233128725,-114.09913988426496,1
107 AVE SW & BRAESIDE DR SW,50.95709124053768,-114.1030253904679,1
108 AVE NE & 36 ST NE,51.15102024119396,-113.98153328692058,1
109 AV SW & SOUTHPORT WY SW,50.95556743323493,-114.0743380223526,1
109 AVE SE & MACLEOD TR S,50.95558047709312,-114.0716325838413,1
109 AVE SW & CEDARBRAE DR SW,50.95578659189457,-114.1296004567632,1
10A ST NW & KENSINGTON RD NW,51.05249644419311,-114.08730615255784,1
100M WEST OF BLACKFOOT TR SE & 53 AVE SE,51.00595060794385,-114.0504730170484,1
100M S OF 75 AVE AT RRXING & 44 ST SE,50.98639778283827,-113.97005556160168,1
100M N TUSCANY BLVD NW & TUSCANY WAY NW,51.12497622874806,-114.24686274845176,1
100M N OF TEMPLEWOOD DR & 55 ST NE,51.08818546195928,-113.9532641055682,1
10 ST SW & 5 AVE SW,51.04904459109273,-114.08595339002603,1
10 ST SW & 6 AVE SW,51.04808856135857,-114.08601924082384,1
10 ST SW & 7 AVE SW,51.04714469467499,-114.08610442993304,1
10 ST SW & 8 AVE SW,51.04618867076882,-114.08616061453296,1
10 ST SW & 9 AVE SW,51.04525698918008,-114.0862361611246,1
10 ST SW & COUNCIL WAY SW,51.024524429821305,-114.08816454575522,1
10 ST SW & DORCHESTER AVE SW,51.03041915698255,-114.08581428435932,1
10 ST SW & HERITAGE DR SW,50.97956803929738,-114.08814174543843,1
10 ST SW & PREMIER WAY SW,51.02560933998519,-114.08785169889556,1
10 ST SW & PROSPECT AVE SW,51.0323984520248,-114.08580715289354,1
100 AVE NE & 19 ST NE,51.14337543977965,-114.01331649763952,1
100 AVE NE & BARLOW TR NE,51.14340273517868,-114.0016441847422,1
100 AVE SE & 68 ST SE,50.96743193954182,-113.93511308434724,1
100 CRESTHAVEN PL SW & CRESTMONT BLVD SW,51.08683764289803,-114.26243779592696,1
100 CROWFOOT GATE NW & CROWFOOT CRESCENT NW,51.127854197281984,-114.19809227142248,1
100 CROWFOOT GATE NW & JOHN LAURIE BLVD NW,51.128748489769166,-114.19714143861373,1
100 DOUGLAS PARK VIEW SE & DOUGLAS PARK BLVD SE,50.93524603639006,-113.98834417890744,1
100 HAWKSTONE PL NW & HAWKSTONE DR NW,51.13324872352328,-114.16654868115393,1
100 MARTHA'S MR NE & MARTINDALE BV NE,51.12273531250865,-113.95883904064291,1
100 MIDLAND PLACE SE & 40M SOUTH OF,50.90948116103309,-114.04708519504008,1
100 SCURFIELD PL NW & SCURFIELD WAY NW,51.120047818293166,-114.21501993592494,1
100 SOUTH OF 80 AVE NE & SADDLETOWNE CIRCLE NE,51.1243042177284,-113.94427729714684,1
100 ST SE & 17 AVE SE,51.03776588153126,-113.88864442201186,1
100M E OF 36 ST SE & 61 AVE SE,50.998995710825184,-113.97922725652975,1
100M EAST OF EVERMEADOWS RD & EVERMEADOWS AVE SW,50.91411432982574,-114.11715048482112,1
100M N OF 42 AVE SE & 9 ST SE,51.01702933799284,-114.04062207843046,1
100M N OF BARLOW TR & 54 AVE SE,51.00546613869128,-113.99352378753846,1
10A ST NW & MEMORIAL DR NW,51.05180072343154,-114.08713233160846,1
11 A ST NE & MACDOUGALL RD NE,51.05090102906918,-114.03470840350704,1
10 ST SW & 17 AVE SW,51.0378351569092,-114.08674627870856,1
11 ST SE & 19 AVE SE,51.03620744928645,-114.03679085084376,1
11 ST & 57 AVE NE,51.106201761558744,-114.03645723702223,1
11 ST & 64 AVE NE,51.110515250369566,-114.0364071402838,1
11 ST & MACDOUGALL RD NE,51.05091993876432,-114.03668991630678,1
11 ST NE & 140 AV NE,51.18115468191334,-114.03657454265463,1
11 ST NE & 144 AV NE,51.18330437594408,-114.03649027073384,1
11 ST NE & 28 AVE,51.07737672388588,-114.02802446101468,1
11 ST NE & AERO GA NE,51.12035458099381,-114.0389623104576,1
11 ST NE & COUNTRY HILLS BLVD NE,51.1542997049897,-114.0320022740904,1
11 ST NW & 20 AVE NW,51.07053709525347,-114.08734582530752,1
11 ST NW & 5 AVE NW,51.057116025353366,-114.08885971631844,1
11 ST NW & GLADSTONE RD NW,51.05576416020802,-114.088818928468,1
11 ST NW & KENSINGTON RD NW,51.05250722205139,-114.0887563166926,1
11 ST SE & 18 AV SE,51.03701313337249,-114.03682612929268,1
11 ST SE & 20 AV SE,51.03551796769537,-114.0367204958392,1
11 A ST NW & KENSINGTON RD NW,51.05251195237365,-114.09032888498328,1
11 ST SE & 200M S OF HERITAGE MEADOWS WAY SE,50.982627899525816,-114.043778503031,1
11 ST SE & 26 AVE SE,51.03060058970283,-114.03675231203712,1
11 ST SE & 42 AV SE,51.016019118845726,-114.03725280689508,1
11 ST SE & 500M S OF HERITAGE MEADOWS SE,50.97988743123035,-114.04477674911392,1
11 ST SE & 58 AV SE,51.00175897762466,-114.03728818731824,1
11 ST SE & 59 AVE SE,50.99950987845632,-114.03724316419382,1
11 ST SE & 64 AVE SE,50.99541842396721,-114.0388073052999,1
11 ST SE & 70 AVE SE,50.99099380640944,-114.03991092456415,1
11 ST SE & 9 AVE SE,51.04219099650479,-114.03677046399233,1
11 ST SE & 95M NORTH OF 42 AVE,51.01694656991474,-114.03713124559556,1
11 ST SE & HERITAGE DR SE,50.98714589754675,-114.03974998926834,1
11 ST SE & HERITAGE MEADOWS WAY SE,50.98422723957679,-114.04196285417125,1
11 ST SE & HIGHFIELD CR SE,51.00661750111987,-114.03727739884604,1
11 ST & 55 AVE NE,51.102210637436436,-114.0364434589657,1
11 ST & 53 AVE NE,51.10010875443522,-114.0364503445014,1
11 AVE SW & OLYMPIC WAY SE,51.04210601663678,-114.05340222832916,1
11 AVE SW & 9 ST SW,51.04295760208082,-114.08391373699487,1
11 AV SE & 5 ST SE,51.04202776846533,-114.050973517984,1
11 AV SE & 6 ST SE,51.04195266373114,-114.04834563289036,1
11 AVE NE & 2 ST NE,51.06242723656454,-114.05763527001388,1
11 AVE NE & EDMONTON TR NE,51.062406001881286,-114.05575414127722,1
11 AVE NW & EAST OF 9 ST NW,51.06235150286067,-114.08198101754375,1
11 AVE SE & 12 ST SE,51.03972883558523,-114.03584114512512,1
11 AVE SE & 27 ST SE,51.0428679857999,-113.99553102440338,1
11 AVE SE & 3 ST SE,51.04217488856031,-114.05587384062336,1
11 AVE SE & 44 ST SE,51.04324489967416,-113.97008479786189,1
11 AVE SE & 8 ST SE,51.040158237385285,-114.04172633062872,1
11 AVE SE & CENTRE ST S,51.042363705044686,-114.0632516715301,1
11 AVE SE & MACLEOD TR SE,51.0422437183519,-114.05832694805964,1
11 AVE SE & MAGGIE ST AND 8 ST SE,51.040127550048055,-114.0422069070227,1
11 AVE SW & 11 ST SW,51.04310566740019,-114.08886642672084,1
11 AVE SW & 12 AVE SW,51.042670069621856,-114.09127416537912,1
11 AVE SW & 12 ST SW,51.04317381821826,-114.0913011172919,1
11 AVE SW & 14 ST SW,51.043252836110376,-114.09467078121364,1
11 AVE SW & 15 ST SW,51.04331304185042,-114.096807942494,1
11 AVE SW & 16 ST SW,51.04340078416065,-114.09922548975148,1
11 AVE SW & 17 ST SW,51.043463006441264,-114.1017033197136,1
11 AVE SW & 18 ST SW,51.04359037186379,-114.1041091896503,1
11 AVE SW & 19 ST SW,51.04357987755024,-114.10662573301838,1
11 AVE SW & 4 ST SW,51.042609881739686,-114.0714997851301,1
11 AVE SW & 5 ST SW,51.0426841366988,-114.0740825409485,1
11 AVE SW & 6 ST SW,51.04275257732102,-114.076544957988,1
11 AVE SW & 7 ST SW,51.04282097231769,-114.07899812461604,1
11 AVE SW & 8 ST SW,51.04288346123245,-114.08147905818744,1
10 ST SW & 34 AVE SW,51.02328283864693,-114.08805485920207,1
10 ST SW & 16 AVE SW,51.038272142850495,-114.08671019755616,1
11 ST SW & 13 AVE SW,51.0412031531215,-114.08899700645355,1
1 ST SE & 9 AVE SE,51.04454237635772,-114.06065732651604,1
1 ST SE & 11 AVE SE,51.042324152678354,-114.06080784625492,1
1 ST SE & 12 AVE SE,51.04136708134917,-114.06086213309804,1
1 ST SE & 13 AVE SE,51.040421673973704,-114.06093031587628,1
1 ST SE & 14 AVE SE,51.03947313423339,-114.06100222051528,1
1 ST SE & 15 AVE SE,51.03853084986837,-114.0610851880996,1
1 ST SE & 17 AVE SE,51.03783055508886,-114.06112128953627,1
1 ST SE & 3 AVE SE,51.05020835666092,-114.06023355475116,1
1 ST SE & 4 AVE SE,51.04926452390893,-114.060290291399,1
1 ST SE & 42 AVE SE,51.015971188297094,-114.06122567782532,1
1 ST SE & 5 AVE SE,51.048311659440266,-114.06035313087594,1
1 ST SE & 6 AVE SE,51.04737389598552,-114.06044851064894,1
1 ST SE & 7 AVE SE,51.04644224605308,-114.0604955948812,1
1 ST SE & 8 AVE SE,51.04548013543039,-114.06057161702424,1
1 ST SE & BUILDERS RD SE,51.01373653398946,-114.06126490724948,1
1 ST SW & 6 AVE SW,51.04753566455839,-114.0653462393398,1
1 ST SE & PROVIDENCE BLVD SE,50.92131538318747,-114.06756563294408,1
1 ST SW & 10 AVE SW,51.043401112507894,-114.06566914053283,1
1 ST SW & 11 AVE SW,51.0424323686669,-114.0657233119371,1
1 ST SW & 12 AVE SW,51.04149861439891,-114.06581918447024,1
1 ST SW & 13 AVE SW,51.04055322244924,-114.06585487076944,1
1 ST SW & 14 AVE SW,51.039596195450414,-114.06591829722822,1
1 ST SW & 15 AVE SW,51.0386592900948,-114.06600384933,1
1 ST SW & 17 AVE SW,51.03783371143879,-114.06604538777776,1
1 ST SW & 2 AVE SW,51.0513095990029,-114.06510566768354,1
1 ST SW & 25 AVE SW,51.03042830535373,-114.0665557568434,1
1 ST SW & 26 AVE SW,51.02956293748653,-114.0666321212946,1
1 ST SW & 3 AVE SW,51.05034577282282,-114.06514120880368,1
1 ST SW & 4 AVE SW,51.04939582205813,-114.06524613860525,1
1 ST SE & 10 AVE SE,51.043252044959054,-114.06075351902678,1
1 ST NW & 8 AVE NW,51.059784270658625,-114.0650180595904,1
1 ST NW & 36 AV NW,51.08497853771835,-114.06528189294173,1
1 ST NW & 144 AVE NW,51.18337407176388,-114.07342395892458,1
1 AV NW & 22 ST NW,51.05343383558079,-114.11293273197514,1
1 AVE NE & 10 ST NE,51.053246331667594,-114.03770880501466,1
1 AVE NE & 12 ST NE,51.05324266879196,-114.03373012514484,1
1 AVE NE & 6 ST NE,51.05326192832556,-114.0483521683092,1
1 AVE NE & 6A ST NE,51.05328231115463,-114.04701122688594,1
1 AVE NE & 7 ST NE,51.05326300252064,-114.04568165584892,1
1 AVE NE & 7A ST NE,51.053258325554474,-114.04435724465183,1
1 AVE NE & 8 ST NE,51.05324937099642,-114.04303435165018,1
1 AVE NE & 8A ST,51.053252454480486,-114.04169242997284,1
1 AVE NE & 9 ST NE,51.053249054862306,-114.0403623466853,1
1 AVE NE & EDMONTON TR,51.05325081211715,-114.05025424591236,1
1 AVE NW & 26 ST NW,51.05406679932092,-114.12293413319166,1
1 AVE SW & 6 ST SW,51.05199720580434,-114.0759449464128,1
1 ST NE & 11 AVE  NE,51.06243860040086,-114.05993425949652,1
1 ST NE & 144 AVE NE,51.1833776210959,-114.06921599101874,1
1 ST NE & 16 AVE NE,51.06698636805043,-114.05993079860916,1
1 ST NE & 17 AVE NE,51.06788892895948,-114.05993678237432,1
1 ST NE & 18 AVE NE,51.06880806381233,-114.05993793524006,1
1 ST NE & 20 AV NE,51.07061565336684,-114.0599238497308,1
1 ST NE & 24 AVE NE,51.07423582531666,-114.05992401595184,1
1 ST NE & 32 AVE NE,51.08150824490133,-114.05994697311202,1
1 ST NE & 34 AV NE,51.08323887817917,-114.0599816111838,1
1 ST NE & 7 AVE NE,51.05887345575666,-114.06010638250324,1
1 ST NE & 8 AVE NE,51.059765234939384,-114.06002279447172,1
1 ST NE & LIVINGSTON VIEW NE,51.189915858983966,-114.0691506300463,1
1 ST NW & 10 AVE NW,51.061570125095635,-114.06500659619545,1
1 ST NW & 12 AVE NW,51.06335980906262,-114.06501046225895,1
1 ST SW & 5 AVE SW,51.04844905451664,-114.06528956472802,1
1 ST SW & 7 AVE SW,51.046567467664474,-114.06541249509026,1
10 ST SW & 16 AV SW,51.038303242480175,-114.08774659188578,1
10 ST NW & 5 AVE NW,51.057123619911174,-114.08587197621394,1
10 AVE SW & 73 ST SW,51.05786708610905,-114.19352127942784,1
10 AVE SW & 77 ST SW,51.05785638653538,-114.19943799967268,1
10 AVE SW & 8 ST SW,51.043852218591674,-114.08141595849398,1
10 AVE SW & 9 ST SW,51.04390758087561,-114.08387864577467,1
10 ST NE & 2 AVE NE,51.05464162981187,-114.03773315946884,1
10 ST NW & 13 AVE NW,51.06388641326487,-114.08444634863991,1
10 ST NW & 16 AVE NW,51.06693360817915,-114.08490155184674,1
10 ST NW & 19 AV NW,51.069644208482806,-114.08482437418414,1
10 ST NW & 2 AVE NW,51.05404246206809,-114.08589548783964,1
10 ST NW & 20 AV NW,51.070570434177355,-114.084828985208,1
10 ST NW & 23 AVE NW,51.0732125433336,-114.08457007740502,1
10 ST NW & 3 AVE NW,51.05561751999047,-114.08592398990248,1
10 ST NW & 32 AVE NW,51.08149996933263,-114.0860823245814,1
10 ST NW & 72 AVE NW,51.11722025830337,-114.0788463189766,1
1 ST SW & 8 AVE SW,51.04559925433576,-114.06550772478666,1
10 ST NW & 78 AVE NW,51.121999359771976,-114.0814659462981,1
10 ST NW & CORNWALLIS DR NW,51.0833541879919,-114.08443688942172,1
10 ST NW & HUNTERHAVEN RD NW,51.11848091411051,-114.08045423989682,1
10 ST NW & HUNTINGTON PARK GREEN NW,51.11984687975519,-114.08139206321331,1
10 ST NW & KENSINGTON RD NW,51.05249424981422,-114.08590968097916,1
10 ST NW & MEMORIAL DR NW,51.05196397258127,-114.08583682083216,1
10 ST NW & SAIT WAY NW,51.0617130970706,-114.08580257190452,1
10 ST SE & 120 AVE SE,50.944869336495984,-114.03996073802364,1
10 ST SW & 11 AVE SW,51.0430375000777,-114.0863854606842,1
10 ST SW & 12 AVE SW,51.04208624222382,-114.0864531155289,1
10 ST SW & 13 AVE SW,51.041131125154045,-114.08654711061442,1
10 ST SW & 14 AVE SW,51.040202093034424,-114.08659912567909,1
10 ST SW & 15 AVE SW,51.03923951175324,-114.0866610630734,1
10 AVE SW & 7 ST SW,51.04376222426844,-114.07880575643355,1
10 AVE SW & 6 ST SW,51.04368703026559,-114.07646477779448,1
10 AVE SW & 5 ST SW,51.04363538356548,-114.07401925935326,1
10 AVE SW & 45 ST SW,51.04328963364617,-114.1526538309869,1
1 ST SW & 9 AVE SW,51.0446736800239,-114.06557403462136,1
1 ST SW & RIVERFRONT AVE SW,51.05229654830984,-114.06499592169864,1
10 AV SE & 11 ST SE,51.041158965170794,-114.03677174748935,1
10 AV SE & 12 ST SE,51.04046960238365,-114.0350600592997,1
10 AV SE & 36 ST SE,51.04402506943044,-113.98161465686051,1
10 AV SW & 15 ST SW,51.04421934178237,-114.09670746547845,1
10 AV SW & BOW TR SW,51.044601441942426,-114.10863349529504,1
10 AVE N & CENTRE ST N,51.06156280387496,-114.06252810598492,1
10 AVE NE & 17A ST NE,51.062317069390865,-114.0176040712037,1
10 AVE NE & 19 ST NE,51.06231913524494,-114.0133383608408,1
10 AVE NE & 2 ST NE,51.06153065917108,-114.05763835234828,1
10 AVE NE & EDMONTON TR NE,51.06151961936117,-114.05542728175767,1
10 AVE SE & 3 ST SE,51.04309226103189,-114.05581476639632,1
10 AVE SE & CENTER ST S,51.043326627548474,-114.06316967042837,1
10 AVE SE & MACLEOD TR SE,51.0431783241133,-114.05830467511024,1
10 AVE SW & 10 ST SW,51.0439068759537,-114.08636481569506,1
10 AVE SW & 11 ST SW,51.04403941545818,-114.08880341387125,1
10 AVE SW & 12 ST SW,51.04409587451413,-114.09126590110088,1
10 AVE SW & 13 ST SW,51.04411503081483,-114.0937262755563,1
10 AVE SW & 14 ST SW,51.04418820776001,-114.09465155940389,1
10 AVE SW & 15 ST SW,51.04380349764475,-114.09669066943322,1
10 AVE SW & 16 ST SW,51.044301699409125,-114.0991654154222,1
10 AVE SW & 18 ST SW,51.04444660301232,-114.10406373104196,1
10 AVE SW & 19 ST SW,51.04453806861997,-114.10660587014296,1
10 AVE SW & 2 ST SW,51.04345805450643,-114.06814082254648,1
10 AVE SW & 37 ST SW,51.04325649668357,-114.14111184466417,1
10 AVE SW & 4 ST SW,51.04356691242162,-114.07151977242064,1
11 ST SW & 12 AVE SW,51.04216025131983,-114.08892478597828,1
11 ST SW & 14 AVE SW,51.04025901408656,-114.08904949405046,1
14 ST NW & 2 AVE NW,51.054555950936376,-114.09470266405842,1
130 AVE SE & 50 ST SE,50.93179338003863,-113.96205131797016,1
13 AVE SW & 42 ST SW,51.041563952531725,-114.14834432787588,1
13 AVE SW & 45 ST SW,51.041525204642696,-114.15265689202268,1
13 AVE SW & 5 ST SW,51.04079915194088,-114.07420449578792,1
13 AVE SW & 8 ST SW,51.04101013386419,-114.08160999113892,1
13 AVE SW & 9 ST SW,51.0410678231871,-114.08405004494524,1
13 AVE SW & ASPEN SUMMIT DR SW,51.04696009902405,-114.20595037054508,1
13 ST NW & 20 AVE NW,51.070544433043736,-114.09229790751036,1
13 ST SE & 9 AVE SE,51.04019793025853,-114.0316433100964,1
13 ST SE & HERITAGE DR SE,50.98971147717699,-114.02574013444554,1
13 ST SW & 17 AVE SW,51.03780343055797,-114.09307711910586,1
130 AV SE & MCIVOR BLVD SE,50.92868550466422,-113.93515901574304,1
130 AVE SE & 46 ST SE,50.93196043466998,-113.96828965755137,1
130 AVE SE & 48 ST SE,50.93200436132451,-113.9651453646578,1
130 AVE SE & DEERFOOT TR OFF RAMP EAST BOUND 130 AVE,50.93167666341733,-113.97280462407603,1
130M WEST OF 37 ST NW & SAGE HILL GA NW,51.17077599918345,-114.14323992350238,1
130 AVE SE & DEERFOOT TR WB OFF RAMP TO NB DEERFOOT,50.93214094276262,-113.9727200405112,1
130 AVE SE & DOUGLASDALE BLVD SE,50.93191131821323,-113.98363086873428,1
130 AVE SE & HYUNDAI ENTRANCE,50.92875879949136,-113.93943002606052,1
130 AVE SE & MT DOUGLAS POINT SE,50.931898545962135,-113.9875395468992,1
130 AVE SE & NEW BRIGHTON ATHLETIC PAR ENTANCE,50.92876115030554,-113.95073959343148,1
130 AVE SE & SOUTH TR AUTO MALL BY KIA DEALERSHIP,50.92874838523273,-113.94373145885206,1
130 AVE SW & CANTRELL DR SW,50.93628047093445,-114.07078471117916,1
130 AVE SW & WOODFIELD RD SW,50.93607561214116,-114.13238948769876,1
130 AVE SW & WOODPATH RD SW,50.93609257420947,-114.13587653926989,1
130M E WHITEFIELD DR NE & 44 AVE NE,51.092485469261504,-113.97041119178668,1
130M EAST OF COPPERSTONE RD & COPPERSTONE RD SE,50.914168100043526,-113.92869058034324,1
130M N OF 72 AVE & 40 ST SE,50.99077070382149,-113.97656909762026,1
130M N OF 72 AVE AT RRXING & 48 ST SE,50.99074320853134,-113.96418187569245,1
13 AVE SW & 40 ST SW,51.04150623704842,-114.14547820706346,1
13 AVE SW & 4 ST SW,51.04070745535814,-114.07151999706376,1
13 AVE SW & 37 ST SW,51.041504178331856,-114.14112823597856,1
13 AVE SW & 2 ST SW,51.04063933858286,-114.0683264443875,1
128 AVE NE & 60 ST NE,51.16536438560225,-113.9466804356452,1
128 AVE NE & BARLOW CRESCENT NE,51.165615960315186,-113.97891815489162,1
128 AVE NE & BARLOW TR NE,51.16892689007481,-113.99324243806704,1
128 AVE NE & CORNERSTONE BLVD NE,51.16535363999609,-113.93809811140832,1
128 AVE NE & CORNERSTONE ST NE,51.16538437678052,-113.94239552177478,1
128 AVE NE & METIS TR NE,51.16536265031894,-113.96998961738154,1
128 AVE NE & RED EMBERS GATE NE,51.16538471255662,-113.9577849978865,1
128 AVE NE & REDSTONE BLVD NE,51.16539302533856,-113.95110874976469,1
128 AVE NE & SKYVIEW RANCH RD NE,51.16535682312222,-113.96209205868892,1
128 AVE SE & 40 ST SE,50.93343050094963,-113.97097540544743,1
129 AVE SE & BONAVENTURE DR SE,50.936768590162096,-114.0646093666141,1
13 AV NW & MONSERRAT DR NW,51.07676270594818,-114.17621776068434,1
13 AV SW & CENTRE ST S,51.040478742424206,-114.06338677154768,1
13 AVE N & CENTRE ST N,51.06441325531879,-114.06252309352467,1
13 AVE NE & 2 ST NE,51.064206405573465,-114.0576310921243,1
13 AVE NE & 7 ST NE,51.06416304930505,-114.04587374284672,1
13 AVE NE & BETWEEN 1 ST AND CENTRE A ST NE,51.06440204631013,-114.0608618030213,1
13 AVE NW & 29 ST NW,51.06458714344366,-114.13058998486436,1
13 AVE NW & 4 ST NW,51.06439765162829,-114.07153953676696,1
13 AVE NW & 7 ST SW,51.06388863312879,-114.07854798056334,1
13 AVE NW & 8 ST NW,51.06386479036747,-114.08133389662952,1
13 AVE NW & 9 ST NW,51.063879823270824,-114.0827310496344,1
13 AVE NW & UNIVERSITY DR NW,51.064531601717654,-114.11979502740584,1
13 AVE NW & WINDSOR ST NW,51.06340050535941,-114.12253880344733,1
13 AVE SE & 27 ST SE,51.04109265666753,-113.99551146859557,1
13 AVE SE & MACLEOD TR SE,51.04033542372574,-114.05849863639814,1
13 AVE SW & 15 ST SW,51.04143022016489,-114.09692061232586,1
130M N OF 72 AVE SE AT RRXING & 44 ST SE,50.990748359647206,-113.97016831734145,1
136 AV NE & SYMONS VALLEY RD NW,51.17590086895766,-114.13345876628664,1
126 AVE SE & 52 ST SE,50.93419926433507,-113.95827273998748,1
14 AVE SW & 6 ST SW,51.03989818585499,-114.07674341320842,1
14 AVE SE & 47 ST SE,51.04097720208024,-113.96575367377748,1
14 AVE SE & 5 ST SE,51.039195031781595,-114.0511820507007,1
14 AVE SE & 52 ST SE,51.040970242529795,-113.95841151639856,1
14 AVE SE & 68 ST SE,51.040520986139,-113.9351207958452,1
14 AVE SW & 14 ST SW,51.04041264723514,-114.09469193871789,1
14 AVE SW & 15 ST SW,51.04048894297834,-114.0969607191585,1
14 AVE SW & 2 ST SW,51.03967059758931,-114.06837130022424,1
14 AVE SW & 24 ST SW,51.03973380124192,-114.1179173757628,1
14 AVE SW & 25 A ST SW,51.03963151449111,-114.12221023902968,1
14 AVE SW & 26 ST SW,51.03963159886554,-114.1236479639538,1
14 AVE SW & 27 ST SW,51.03963456679683,-114.12664976397292,1
14 AVE SW & 4 ST SW,51.039767936474206,-114.07149078242682,1
14 AVE SW & 5 ST SW,51.039849149374824,-114.07427942861617,1
14 AVE SW & 7 ST SW,51.039987036179696,-114.07920492280272,1
136 AVE NW & SAGE BLUFF DR NW,51.17611264939245,-114.13743330304958,1
14 AVE SW & 77 ST SW,51.0452287007364,-114.1992329020626,1
14 AVE SW & 8 ST SW,51.040058888101086,-114.08166385813864,1
14 AVE SW & 85 ST SW,51.04517990566144,-114.21105542407832,1
14 AVE SW & 9 ST SW,51.04012221771423,-114.08411591131228,1
14 AVE SW & 93 ST SW,51.04517001417231,-114.22256809891228,1
14 AVE SW & ASCOT DR SW,51.04518000384195,-114.21952581619765,1
14 AVR NW & 245m E OF 19 ST NW,51.0651856735241,-114.10279257328874,1
14 AVSE & 5A ST SE,51.03922042663473,-114.05023369403206,1
14 ST & 16 ST SW & 90 AV SW,50.97235642070095,-114.0978659747911,1
14 ST & SBND ON RAMP TO,51.04624094208099,-114.09559783063663,1
14 ST NE & COUNTRY HILLS BLVD NE,51.154306063072255,-114.02804540222988,1
14 ST NW & 144 AVE NW,51.18413983339822,-114.0944439361972,1
14 ST NW & 148 AVE NW,51.18731465059896,-114.09443943883406,1
14 AVE SE & 44 ST SE,51.040936327520726,-113.96999905945496,1
14 AVE SE & 40 ST SE,51.040935303477994,-113.97573768772902,1
14 AVE SE & 39 ST SE,51.04092630759672,-113.97720768576556,1
14 AVE SE & 34 ST SE,51.04091706180078,-113.98461102862912,1
136 AVE SE & DEER RIDGE DR SE,50.931011336463456,-114.01697518829528,1
137 AVE  SE & BOW BOTTOM TR SE,50.92728876749457,-114.03015387711304,1
137 AVE SE & DEER POINT RD SE,50.92768907735521,-114.02889254592448,1
138 AVE SE & DEER RIDGE DR SE,50.92709639181128,-114.02515653759494,1
13A ST NE & 8 AVE NE,51.05907896188128,-114.02924938177532,1
13A ST SW & CRESTVIEW RD SW & 38 AVE SW,51.020120780280465,-114.0935221390455,1
14 AV SE & 36 ST SE,51.04092309126742,-113.98158979835046,1
14 AV SE & MACLEOD TR SE,51.03939534060005,-114.05856820570722,1
14 AV SW & CENTRE ST S,51.039523140083816,-114.06345636924686,1
14 AV SW & STRATHCONA BV SW,51.0452184593392,-114.18764718731371,1
14 AVE N & CENTRE ST N,51.06538384245972,-114.06255095898857,1
14 AVE NE & 2 ST NE,51.0650959516455,-114.0576171936192,1
14 AVE NE & 28 ST NE,51.06506447757046,-113.9932712118805,1
14 AVE NE & 6 ST NE,51.06506009709104,-114.04833353499048,1
14 AVE NE & EDMONTON TR NE,51.065114245418606,-114.05621825503552,1
14 AVE NW & 160m W OF 14 ST NW,51.06440497711045,-114.097096717537,1
14 AVE NW & 19 ST NW,51.06516329209335,-114.10625388687464,1
14 AVE NW & 21 ST NW,51.06514059474871,-114.11078789343782,1
14 AVE NW & 21A ST NW,51.06513915535272,-114.11227674107108,1
14 AVE NW & 24 ST NW,51.06519756006022,-114.11769494214592,1
14 AVE NW & 4 ST NW,51.06543785956884,-114.07151981097816,1
14 AVE NW & 6 ST NW,51.06542387840628,-114.07573795941488,1
14 AVE NW & 7 ST NW,51.06543463556898,-114.07851066654064,1
14 AVE NW & AT 1904 14 AVE NW,51.06519254612184,-114.1043722287396,1
14 AVE NW & E. OF 19 ST NW,51.06517220805835,-114.10540092146891,1
14 AVE SE & 27 ST SE,51.04048169038809,-113.99552883274288,1
14 AVE SE & 28 ST SE,51.04049460174098,-113.99309624895668,1
128 AVE & 15 ST NE,51.16868660355173,-114.0247774855232,1
126 AV SE & 48 ST SE & 130 AV SE,50.93379869350577,-113.96520832807371,1
11 ST SW & 15 AVE SW,51.03930063544987,-114.08913220261675,1
115 AVE NE & 14 ST NE,51.157745317977344,-114.02689778521766,1
114 AVE SE & 35 ST SE,50.94962502955678,-113.9857791000129,1
114 AVE SE & 40 ST SE,50.950524667326306,-113.97822348509013,1
114 AVE SE & 400M W OF 68 ST,50.95052670939357,-113.94107966896031,1
114 AVE SE & 42 ST,50.95048668833619,-113.975032108416,1
114 AVE SE & 450M E OF 89 ST AT RRXING,50.950545799876615,-113.89767974608247,1
114 AVE SE & 52 ST SE,50.95054835916719,-113.95813726112944,1
114 AVE SE & 54 ST SE,50.95055274450913,-113.95524514552886,1
114 AVE SE & 56 ST SE,50.95055482371245,-113.9519086383758,1
114 AVE SE & 68 ST SE,50.95049863576041,-113.93518377233892,1
114 AVE SE & 84 ST SE,50.95056396580106,-113.91194588625454,1
114 AVE SE & BARLOW TR SE,50.950404758914566,-113.98137564176484,1
114 AVE SE & BETWEEN 24 AND 29 ST,50.9531186807006,-113.99738607425144,1
114 AVE SE & DOUGLAS CENTRE ACCESS,50.95255791772253,-113.9979384296062,1
115M SOUTH OF FAIRMOUNT DR SE & WILLINGDON BLVD SE,50.95290571356382,-114.05985877632617,1
12 AVE NE & EDMONTON TR NE,51.06331611670347,-114.0560742797246,1
116 AVE NE & BARLOW TR NE,51.160821403189416,-113.9985070952864,1
117 AVE SW & WOODPARK BLVD SW,50.94727073313831,-114.1089920369008,1
118 AVE SW & CANTERBURY DR SW,50.94692702400573,-114.07620829371282,1
11A ST NE & CENTRE AV NE,51.05236035331796,-114.03504255035018,1
11A ST NW & 5 AVE NW,51.05708653684919,-114.09027982745934,1
11A ST NW & GLADSTONE RD NW,51.05500859080428,-114.09025153707096,1
12 AV NE & 6 ST NE,51.06328540047286,-114.04834360075353,1
12 AV NW & 3 ST NW,51.06339148689498,-114.069917256005,1
12 AV SE & 5A ST SE,51.041053575773105,-114.05016291156775,1
12 AV SW & 13 ST SW,51.042285853670464,-114.09382725075643,1
12 AVE N & CENTRE ST N,51.06334781470133,-114.0625393628734,1
12 AVE NE & 17A ST NE,51.06387258268077,-114.0176490571112,1
12 AVE NE & 33 ST,51.06267819198764,-113.98596890205444,1
114 AVE SE & 29 ST SE,50.951140579013355,-113.99584058919972,1
114 AVE SE & 24 ST SE,50.95360915270294,-114.00089672838124,1
114 AV SE & 84 ST SE,50.94758801191195,-113.912021600034,1
112 AVE NW & SARCEE TR NW,51.1600213346887,-114.16240697558972,1
11 ST SW & 16 AV SW,51.03836146102194,-114.08918358842324,1
11 ST SW & 17 AV SW,51.037817802079665,-114.09007044345844,1
11 ST SW & 17 AVE SW,51.03782033325618,-114.08922235084005,1
11 ST SW & 36 AV SW,51.02166817522868,-114.0893976638622,1
11 ST SW & 38 AVE SW,51.02011667554155,-114.08941039709184,1
11 ST SW & 4 AVE SW,51.04878392768091,-114.08857344001017,1
11 ST SW & 6 AVE SW,51.04815365745379,-114.08854060267328,1
11 ST SW & 7 AVE SW,51.04723417500308,-114.08858714878338,1
11 ST SW & 70 AVE SW,50.990530558682046,-114.0885412141126,1
11 ST SW & 73 AVE SW,50.98756980243652,-114.08834516674334,1
11 ST SW & 8 AVE SW,51.046265950488014,-114.08867223765604,1
11 ST SW & 87 AVE SW,50.97578065469536,-114.08941404613324,1
11 ST SW & 9 AVE SW,51.04532820790601,-114.08870908558676,1
11 ST SW & HERITAGE DR SW,50.979570660506944,-114.08968815232136,1
11 ST SW RRXING & BTW 9 & 10 AVE,51.04470587727124,-114.08873758474608,1
110 AVE NE & 14 ST NE,51.15126027644663,-114.02806887972775,1
110 AVE NW & 112 AVE NW,51.154135023694096,-114.1907074773972,1
110 AVE SE & 48 ST SE,50.9539684504464,-113.9652524252344,1
110 AVE SW & SACRAMENTO DR SW,50.95375041728301,-114.07899815979144,1
110 M E OF SOMERVALE CO SW & SHAWVILLE GATE SW,50.8983182356687,-114.06852676940284,1
110M E/ROCKY RIDGE GATE NW & ROCKY RIDGE BLVD NW,51.1439499352439,-114.24099354872212,1
111 GLENMORE TR SW & IN FRONT OF TRINITY LODGE,50.99393339802528,-114.08730411555425,1
112 AVE NW & 69 ST NW,51.15418806673532,-114.18770287238964,1
112 AVE NW & 76 ST,51.15417751442126,-114.19659083810714,1
112 AVE NW & 85 ST NW,51.15217577844955,-114.20914564797096,1
112 AVE NW & ROYAL VISTA DR NW,51.154129073327255,-114.20103531695248,1
112 AVE NW & ROYAL VISTA LINK NW,51.15394150187516,-114.20525177251416,1
12 AVE NE & 36 ST NE,51.062648602379014,-113.98166387922085,1
12 AVE NW & 19 ST NW,51.06337447080331,-114.1062787582894,1
125M S OF 52 AVE & 22 ST SE,51.00588274683233,-114.00708823270604,1
12 ST SE & 8 AVE SE,51.04205303732741,-114.03361150569336,1
12 ST NE & CENTRE AVE,51.05235909360587,-114.03374809219795,1
12 ST NE & MCDOUGALL RD NE,51.05088908807566,-114.03377534207478,1
12 ST NE & MCKNIGHT BLVD NE,51.09611560307778,-114.03342257678396,1
12 ST NE & ST GEORGES DR NE,51.04893313013228,-114.03146420626328,1
12 ST NW & 16 AVE NW,51.066907655532134,-114.08980897409783,1
12 ST NW & 20 AVE NW,51.070527464241366,-114.0898011346359,1
12 ST NW & 5 AVE NW,51.05707869452265,-114.09172627459996,1
12 ST NW & 7 AVE NW,51.05890281203939,-114.09176054137282,1
12 ST NW & 8 AVE NW,51.059569964931605,-114.0917533908626,1
12 ST NW & GLADSTONE RD NW,51.054230355972194,-114.09168065103658,1
12 ST NW & KENSINGTON CL NW,51.05150029877707,-114.09254157202474,1
12 ST NW & KENSINGTON RD NW,51.052504821135955,-114.0918637629288,1
12 ST SE & 46 AVE SE,51.01176449009207,-114.03596433681052,1
12 ST SE & 9 AVE SE,51.04125016356805,-114.03434827083406,1
12 AVE NW & 2 ST NW,51.06336687719529,-114.06747026681944,1
12 ST SE & HIGHFIELD BLVD SE,51.01644164131105,-114.03485409501889,1
12 ST SW & 14 AVE SW,51.04032685562593,-114.0915114984492,1
12 ST SW & 15 AVE SW,51.039376791636975,-114.09157817130288,1
12 ST SW & 16 AVE SW,51.03841680994727,-114.09162996433348,1
12 ST SW & 17 AVE SW,51.03783757893775,-114.0916622196192,1
12 ST SW & 36 AVE SW,51.02167382920351,-114.09083926651266,1
12 ST SW & 89 AVE SW,50.974487463536434,-114.09060469459423,1
12 ST SW & 96 AVE SW,50.967966118888775,-114.08988822007773,1
120 AVE NE & 14 ST NE,51.16162680827422,-114.02482906998634,1
120 AVE SE & ACADIA DR SE,50.94504007672897,-114.04249775229988,1
120 AVE SE & LAKE BONAVISTA DR SE,50.94548918164275,-114.04871638537904,1
120 AVE SW & CANTERBURY DR SW,50.945092966857594,-114.07558800514065,1
120M WEST OF 22 ST SE & 50 AVE SE,51.00887206766914,-114.00818092372016,1
12 ST NE & 45 AVE NE,51.09338756179991,-114.03338101262246,1
12 ST NE & 44 AVE NE,51.09179355786287,-114.0334243419886,1
12 ST NE & 34 AVE NE,51.083541094369,-114.02965729921792,1
12 ST NE & 27 AV NE,51.07688263993968,-114.02525579540485,1
12 AVE NW & 21 ST NW,51.063372028283496,-114.1107793122457,1
12 AVE NW & WINDSOR ST NW,51.06178680232675,-114.1218782219634,1
12 AVE SE & 28 ST SE,51.04245291203768,-113.99309850615322,1
12 AVE SE & 3 ST SE,51.041217815936605,-114.05593748482298,1
12 AVE SE & 32 ST SE,51.042458234954225,-113.98837990349162,1
12 AVE SE & 34 ST SE,51.04246325438381,-113.9846105006964,1
12 AVE SE & 36 ST SE,51.042477171981986,-113.9816270225732,1
12 AVE SE & 5 ST SE,51.04107416207823,-114.05104990210208,1
12 AVE SE & 6 ST SE,51.040987773626064,-114.04835618170614,1
12 AVE SE & CENTRE ST S,51.04141247536095,-114.06329203002116,1
12 AVE SE & MACLEOD TR SE,51.04128781323691,-114.05840823227577,1
12 AVE SE & OLYMPIC WAY SE,51.04115477633417,-114.05347518735827,1
12 AVE SE & PENSACOLA WAY SE,51.04197731663323,-113.95094966722246,1
12 AVE SE & RAYNARD CR SE,51.0424634042236,-113.9858755732247,1
12 AVE SW & 12 ST SW,51.042222551255016,-114.09137792914905,1
12 AVE SW & 15 ST SW,51.042381282649025,-114.09683478421788,1
12 AVE SW & 16 ST SW,51.04243200553082,-114.09930210368458,1
12 AVE SW & 17 ST SW,51.04253557516962,-114.10175643803548,1
12 AVE SW & 18 ST SW,51.042565011278015,-114.10422415546408,1
12 AVE SW & 19 ST SW,51.042725408106655,-114.10661113862302,1
12 AVE SW & 2 ST SW,51.041573065293186,-114.06828153523053,1
12 AVE SW & 4 ST SW,51.04165866721106,-114.07151220563884,1
12 AVE SW & 5 ST SW,51.04173288670672,-114.07415044866896,1
12 AVE SW & 6 ST SW,51.04180716723257,-114.07660356759526,1
12 AVE SW & 7 ST SW,51.04186971953726,-114.07906593186624,1
12 AVE SW & 8 ST SW,51.04193221350399,-114.081537558714,1
12 AVE SW & 9 ST SW,51.04200052368913,-114.08396291975794,1
2 ST NW & 20 AV NW,51.070611538345446,-114.0674757602745,1
2 ST NW & 24 AVE NW,51.07424057908517,-114.06743791339092,1
6 AVE SE & RIVERFRONT LANE SE,51.047159537187405,-114.05233093444863,1
40 AVE NW & 53 ST NW,51.08849808275144,-114.16426405795951,1
4 ST SW & 5 AVE SW,51.04862810959419,-114.07147223500004,1
4 ST SW & 50 AVE SW,51.00872011360836,-114.07149440851008,1
4 ST SW & 51 AVE SW,51.0078223504223,-114.07151859024968,1
4 ST SW & 52 AVE SW,51.006946110621485,-114.07150872190245,1
4 ST SW & 6 AVE SW,51.04769038951195,-114.07148045263423,1
4 ST SW & 7 AVE SW,51.046752699708954,-114.07144037000248,1
4 ST SW & 8 AVE SW,51.04579058802296,-114.07150650698148,1
4 ST SW & LANE BTW 8 & 9 AVE W. SIDE,51.045328394725246,-114.0716717841213,1
4 ST SW & RIDEAU/ROXBORO RD SW,51.02828326423757,-114.07143942676032,1
40 AVE N & CENTRE ST N,51.08873967077354,-114.0624407420748,1
40 AVE NW & 40 ST NW,51.08828419589453,-114.14726887557322,1
40 AVE NW & 42 ST NW,51.08825287846368,-114.15075130771017,1
40 AVE NW & 49 ST NW,51.08823731145215,-114.15845891666216,1
40 AVE NW & CENTRE B ST NW,51.0887321705429,-114.06384591121412,1
40 ST SE & 61 AVE SE,50.99901129282718,-113.976588410275,1
40 AVE NW & CROWCHILD TR NW,51.088347465298945,-114.13543096371642,1
40 AVE NW & E OF 49 ST NW,51.0882189659689,-114.15611156066672,1
40 AVE NW & HUDSON RD NW,51.0886326194345,-114.07736629386189,1
40 AVE NW & NORTHMOUNT DR NW,51.08883634597637,-114.08552729148336,1
40 AVE NW & SHAGANAPPI TR NW,51.088260471049374,-114.15371330832632,1
40 AVE NW & VARSCLIFF RD NW,51.088275627059495,-114.16188183162932,1
40 AVE SW & SARCEE RD SW,51.01783918473646,-114.13463524410555,1
40 ST & 90 AVE SE,50.97230048258776,-113.97577825645104,1
40 ST NE & 44 AVE NE,51.09188655414337,-113.97636460503698,1
40 ST NE & 80 AVE NE,51.125280563672334,-113.9761983740981,1
40 ST NE & RUNDLEHORN DR NE,51.07095902817889,-113.97465818814037,1
40 ST NW & VALIANT DR NW,51.09072898680827,-114.14726831491994,1
40 ST NW & VARSITY DR NW,51.09150455279352,-114.14622082067424,1
4 ST SW & 45 AVE SW,51.0130019460088,-114.07132883952916,1
4 ST SE & RIVERFRONT AVE SE,51.04893504715741,-114.0516032668933,1
4 ST SE & 9 AVE SE,51.0443328740032,-114.05323883766518,1
4 ST SE & 8 AVE SE,51.0452523342137,-114.05321091367728,1
4 ST NE & 72 AVE NE,51.11818502867514,-114.05242328204568,1
4 ST NE & BEDFIELD GATE NE,51.125097672323534,-114.05375373493384,1
4 ST NE & GODDARD AVE NE,51.097477229103774,-114.05386289611604,1
4 ST NE & GRIER AVE NE,51.098415453735576,-114.0537752952406,1
4 ST NE & HUNTBOURNE WY NE,51.1142147259267,-114.05532796667843,1
4 ST NE & HUNTERHORN DR NE,51.11273337729461,-114.05664615979346,1
4 ST NE & HUNTERHORN GA NE,51.1160919424164,-114.05285121062651,1
4 ST NE & MEMORIAL DR NE,51.05094542445952,-114.05169179213148,1
4 ST NE & MEREDITH RD NE,51.05190295823006,-114.05168847367196,1
4 ST NW & 40 AVE NW,51.08740820671916,-114.07159636652426,1
4 ST NW & 42 AVE NW,51.09060134403344,-114.07160983151849,1
4 ST NW & 44 AVE NW,51.09254735777876,-114.07157015511176,1
4 ST NW & 53 AVE NW,51.10034750493972,-114.07146266887372,1
4 ST NW & 54 AVE NW,51.10113233946763,-114.07148095388403,1
4 ST NW & 64 AVE NW,51.11062222462338,-114.07146983381988,1
4 ST NW & 68 AVE NW,51.11409305285724,-114.0714411666488,1
4 ST NW & 72 AVE NW,51.117469253785565,-114.0709509941184,1
4 ST NW & BLACKTHORN RD NW,51.10722835403462,-114.07143912154588,1
4 ST NW & CRESCENT RD NW,51.061575560270214,-114.0715286236215,1
4 ST NW & HIGHLAND PL NW,51.09484278951988,-114.07153101454776,1
4 ST NW & MCKNIGHT BLVD NW,51.096051021049696,-114.0715292553651,1
4 ST NW & NORTHMOUNT DR NW,51.102659018337086,-114.0714918467968,1
4 ST NW & TRAFFORD DR NW,51.09861114921603,-114.07149414175198,1
4 ST SE & 5 AVE SE,51.048020554005646,-114.05295696229372,1
4 ST SE & 58 AVE SE,51.001397761910354,-114.0537564085754,1
4 ST SE & 6 AVE SE,51.04715218469068,-114.0530681948437,1
4 ST SE & 7 AVE SE,51.046202252962765,-114.053154044962,1
40 ST SE & 54 AVE SE,51.002942514993904,-113.97659397738636,1
40 ST SE & 70 AVE SE,50.9922750358316,-113.97925383577962,1
4 AVE SW & A ST SW,51.049593093296586,-114.07151590467453,1
43 AVE NE & TEMPLE DR NE,51.09155959290169,-113.93939468491496,1
42 AVE SW & CRESCENT BLVD SW,51.01379860018757,-114.07227493926086,1
42 AVE SW & STANLEY RD SW,51.01617687420792,-114.0657977699246,1
42 ST NE & MARYVALE DR NE,51.05617641625514,-113.97051437548237,1
42 ST NE & WHITEHORN DR NE,51.084911984866025,-113.9726302963774,1
42 ST NE & WHITNEL PL NE,51.08326765893334,-113.97315856030416,1
42 ST NW & BOWNESS RD NW,51.06788097467495,-114.15416920818068,1
42 ST SE & BETWEEN 16 AND 17 AVE,51.038797196168794,-113.97282896865929,1
42 ST SE & BETWEEN 17 AND 19 AVE,51.03711529189488,-113.97286924102416,1
42 ST SE & SETON DR SE,50.87684185013213,-113.94862891820225,1
42 ST SW & RICHMOND RD SW,51.02023602551566,-114.14812552031968,1
43 AVE N & CENTRE ST N,51.091406038974434,-114.06241775968098,1
43 AVE NE & 68 ST NE,51.09166140615657,-113.93509998806,1
43 AVE NE & LAGUNA WAY,51.09167980459264,-113.9333505233956,1
43 ST NW & BOWNESS RD NW,51.069080412184135,-114.15575622211834,1
40 ST SE & 72 AVE SE,50.98956826861323,-113.97660321136436,1
43 ST SE & BETWEEN 16 AND 17 AVE SE,51.03875118620467,-113.97139539104047,1
43 ST SW & 46 AVE SW,51.01244877691299,-114.14838338609223,1
44 AVE NE & 49 ST NE,51.09141063843872,-113.96254408342652,1
44 AVE NE & WHITEFIELD DR NE,51.09245537526343,-113.97228869700407,1
44 AVE NE & WHITERIDGE WAY NE,51.09246608452166,-113.96823422469596,1
44 AVE NW & BOWNESS RD NW,51.09192834586662,-114.2108031901012,1
44 AVE NW & HARTFORD RD NW,51.09346352638629,-114.07829210795272,1
44 AVE NW & HUDSON RD NW,51.09322209907309,-114.07547324364862,1
44 AVE SW & SARCEE RD SW,51.015201508205465,-114.13732588127117,1
44 ST & 61 AV,50.99901719814467,-113.97007374190775,1
44 ST & MARLBOROUGH DR,51.05953341700766,-113.9700339890716,1
44 ST NE & MEMORIAL DR NE,51.05283347312881,-113.96995831275808,1
44 ST NE & WESTWINDS DR NE,51.10012468799158,-113.97042516376186,1
42 AVE SE & OGDEN RD SE,51.01554328029009,-114.0155441965099,1
42 AVE SE & MACLEOD TR S,51.016004298467365,-114.06441474898952,1
42 AVE SE & E. OF MACLEOD TR SE,51.016028773192616,-114.06170598165514,1
42 AVE SE & BRANDON ST SE,51.01594044380701,-114.05561239944268,1
40 ST SE & 8 AVE SE,51.04515058595922,-113.97573695753456,1
40 ST SE & 90M SOUTH OF 75 AVE AT RRXING,50.98643328878704,-113.97653143283388,1
40 ST SE & BETWEEN 58 AVE AND 61 AVE SE RRXING,50.99995527364566,-113.97655822332,1
40 ST SE & SETON DR SE,50.87679450514616,-113.95088450399533,1
40 ST SE RR CROSSING XS & 72 AV BTW BARLOW TR &,50.98956665708758,-113.97932669332496,1
40 ST SW & 7 AVE SW,51.04543918840344,-114.14528966870154,1
40 ST SW & RICHMOND RD SW,51.02108237422354,-114.14528634971212,1
40 ST SW & WORCESTER DR,51.04705361677243,-114.14660913068988,1
41 AV NW & CENTRE ST NW,51.08963135386002,-114.06248118029475,1
41 AVE NE & 6 ST NE,51.09010455390266,-114.04827401144436,1
41 AVE NE & 6A ST NE,51.09135146872262,-114.04597880386297,1
41 AVE NE & EDMONTON TR NE,51.08965978481534,-114.05217301997556,1
41 AVE NE & PACIFIC RD NE,51.09253943797302,-114.04409307209592,1
41 AVE SW & 45 ST SW,51.01612745451487,-114.15280769770932,1
41 AVE SW & GRAFTON DR SW,51.016684700618974,-114.14844536728556,1
41 ST NE & RUNDLEHORN DR NE,51.070626327174594,-113.97314171929747,1
41 ST NW & VARSITY DR NW,51.092308981755366,-114.14893058139616,1
41 ST SE & BETWEEN 16 AVE AND 17 AVE,51.03874044244821,-113.9742927890484,1
41 ST SE & DOVERVILLE CR SE,51.02871085178185,-113.97422932981246,1
41 ST SE & DOVERWOOD PL SE,51.02958969034525,-113.9742288139485,1
41 ST SE & FRONT ST SE,50.88114140137009,-113.95032240561828,1
42 AV SE & 6 ST SE,51.0159310033866,-114.04984962597426,1
42 AV SE & HIGHFIELD AV SE,51.01608816166475,-114.04319797885115,1
42 AV SE & MANHATTAN RD SE,51.01590394510041,-114.0531834940252,1
42 AVE SE & 7 ST SE,51.01601420910676,-114.04583145791744,1
42 AVE SE & 9 ST SE,51.016021257995185,-114.04068825532742,1
42 AVE SE & BLACKFOOT TR SE,51.01596510319043,-114.04853037030072,1
4 ST NE & 64 AV NE,51.110635613607215,-114.05686690858674,1
4 AVE SW & 9 ST SW,51.04991395120389,-114.0835048265354,1
44 ST SE & 7 AVE SE,51.04671509370163,-113.9699963463818,1
36 ST NE & RUNDLEHORN DR NE,51.071507858422294,-113.9817142021871,1
36 AVE SW & 7A ST SW,51.02166267261891,-114.08218775638898,1
36 AVE SW & ELBOW DR SW,51.02163992265229,-114.07781701645403,1
36 ST NE & 4 AVE NE,51.05523330228086,-113.98167404821022,1
36 ST NE & 44 AVE NE,51.09115523015518,-113.9817395616715,1
36 ST NE & 5 AVE NE,51.05700386270907,-113.98176023803644,1
36 ST NE & 64 AVE NE,51.11320683824784,-113.9816181253542,1
36 ST NE & 8 AVE NE,51.05953189059057,-113.9816361463046,1
36 ST NE & 80 AVE NE,51.1252042594592,-113.9815510210317,1
36 ST NE & 84 AVE NE,51.12889519225556,-113.98156371852576,1
36 ST NE & 88 AVE,51.13196276575263,-113.98159185073492,1
36 ST NE & AIRPORT TR NE,51.13976737585083,-113.98164812878136,1
36 ST NE & COUNTRY HILLS BLVD NE,51.15432155189965,-113.98166139625806,1
36 ST NE & MEMORIAL DR NE,51.05212962930032,-113.9817010675984,1
36 ST NE & WHITEFIELD DR NE,51.08835796301471,-113.9817261721528,1
37 AVE NE & 68 ST NE,51.08649127535102,-113.93513620565996,1
36 ST NE & WHITEHORN DR NE,51.08493097087992,-113.9817420123685,1
36 ST NW & 40 AVE NW,51.08728925725497,-114.13884123890335,1
36 ST SE & 46 AVE SE,51.01261862644257,-113.9763219578776,1
36 ST SE & 50 AVE SE,51.00879910102825,-113.97611413841308,1
36 ST SE & 61 AVE SE,50.99905073768269,-113.98090991445656,1
36 ST SE & 8 AVE SE,51.04516493607391,-113.98159700289962,1
36 ST SE & BTW 54 & 56 AVE SE,51.00381352646713,-113.98171854440466,1
36 ST SE & DOVERIDGE DR SE,51.021116433568054,-113.98159928992553,1
36 ST SE & ERIN WOODS BLVD SE,51.01764938825945,-113.97950718333117,1
36 ST SE & PEIGAN TR SE,51.01497799707636,-113.977051409389,1
36 ST SE & RADCLIFFE DR SE,51.04815388026694,-113.9816030577325,1
36 ST SE & S OF DOVER RIDGE DR,51.018455924891114,-113.98092027753157,1
36M OF THEODORE PL NW & NORFOLK DR NW,51.106392684898424,-114.08223531475387,1
36 AVE SE & BURNSLAND RD SE,51.02143180164265,-114.05900170559588,1
36 AVE NW & CENTRE B ST NW,51.08497525030593,-114.06384918751525,1
36 AVE NW & 4 ST NW,51.085053681632026,-114.07156712596466,1
36 AVE NE & EDMONTON TR NE,51.084980082032494,-114.05203961826602,1
34 AVE NW & 86 ST NW,51.0923751703955,-114.21389087088768,1
34 AVE NW & SARCEE TR NW,51.083712385392545,-114.18888981630914,1
34 AVE SE & 36 ST SE,51.023125661443125,-113.98161272717456,1
34 AVE SE & MACLEOD TR S,51.0233479060492,-114.0590106931976,1
34 AVE SW & 69 ST SW,51.02330292303758,-114.18765278202171,1
34 AVE SW & 7A ST SW,51.02327533935245,-114.08218634868878,1
34 AVE SW & ELBOW DR SW,51.023281753730735,-114.07783747427784,1
34 AVE SW & MISSION RD SW,51.023239332192226,-114.06622634204312,1
34 AVE SW & SARCEE RD SW,51.0232462312436,-114.1295497396976,1
34 AVE SW & SIERRA MORENA RD SW,51.02329271302491,-114.18431467423665,1
34 ST & 39 AVE NE,51.08882364265183,-113.98550931481188,1
34 ST NE & SUNRIDGE WAY NE,51.06869813470792,-113.98610054192838,1
34 ST NW & 5 AVE NW,51.05953663241063,-114.13602635735026,1
34 ST NW & NORTHMOUNT DR NW,51.09604504259754,-114.13724382660664,1
34 ST NW & PARKDALE BLVD NW,51.05683744987601,-114.13720938247442,1
34 ST SE & BETWEEN 17 AND 19 AVE SE,51.036868400720735,-113.98448595212304,1
34 ST SW & 58 AVE SW,51.00099864013245,-114.13712808522864,1
35 AV SW & 51 ST SW,51.0223444920546,-114.16098566157171,1
35 AVE SW & 45 ST SW,51.02232196301697,-114.15247627170255,1
35 AVE SW & 47 ST SW,51.022330478943,-114.1553065982622,1
35 ST NE & 37 AVE NE,51.08661065109187,-113.98227946065114,1
35 ST SE & BETWEEN 17 AND 19 AVE SE,51.03690629913069,-113.9830514023702,1
35 ST SW & SPRUCE DR SW,51.05204397251489,-114.1372564468086,1
35M NORTH OF ROCHON AVE SE & 84 ST SE,50.95301570412872,-113.91195733061072,1
36 AV NW & 64 ST NW,51.08575501585335,-114.1826628806628,1
36 AVE N & CENTRE ST N,51.084985566549754,-114.0624534005998,1
36 AVE NE & 6 ST NE,51.084989201109494,-114.048298087921,1
37 AV NE & TEMPLE DR NE,51.08651254398482,-113.93922006888596,1
37 AVE NE & BARLOW TR NE,51.08669567529529,-114.00171104898516,1
4 AVE SW & 8 ST SW,51.049834406955426,-114.0810133116362,1
4 AVE NE & 52 ST NE,51.05515220682405,-113.95653077637506,1
39 AVE NW & 73 ST NW,51.08787353833219,-114.19349706293193,1
39 AVE NW & 77 ST NW,51.08789303764766,-114.19931469579056,1
39 AVE SE & BURNSLAND RD SE,51.01821556449905,-114.06125617929082,1
39 AVE SE & MACLEOD TR S,51.01863431224687,-114.0627631034518,1
39 AVE SW & 50 ST SW,51.019398457962374,-114.1602619938407,1
39 ST NE & WHITAKER CLOSE,51.087376746228635,-113.97737720430835,1
39 ST NE & WHITEFIELD DR NE,51.08834051661591,-113.9773026262283,1
39 ST NE & WHITEHORN DR NE,51.085076437867386,-113.97757583367378,1
39 ST NW & KOVITZ AV NW,51.07937123186564,-114.14500744070826,1
39 ST NW & NORFORD AV NW,51.08029054424436,-114.14499709757338,1
39 ST NW & UNIVERSITY AV NW,51.07838685759056,-114.14478406547582,1
39 ST SE & 8 AVE SE,51.04514849588525,-113.9772017734597,1
4 AV SE & RIVERFRONT AVE SE,51.0493377221519,-114.05287062440304,1
4 AVE NE & 59 ST NE,51.05620061366466,-113.94660473198496,1
37 ST NW & 40 AVE NW,51.08754442528589,-114.14123193741922,1
4 AVE NE & 68 ST NE,51.055798813185184,-113.93510668920028,1
4 AVE NE & BARLOW TR NE,51.05548541810255,-114.00170904412008,1
4 AVE NE & MADDOCK DR,51.05574284900805,-113.94447605542152,1
4 AVE NE & MADIGAN DR NE,51.05576154860924,-113.94180938386948,1
4 AVE NE & MAIDSTONE DR/EAST LEG,51.0570738176648,-113.9493801655754,1
4 AVE NE & MERIDIAN RD NE,51.05548362303509,-114.00109440850429,1
"4 AVE NW & 9 ""A"" ST NW",51.056816361657425,-114.08462032100287,1
4 AVE S & CENTRE ST S,51.04934239059225,-114.06274407736784,1
4 AVE SE & 44 ST SE,51.0494164633316,-113.97002232369022,1
4 AVE SE & 47 ST SE,51.04927330159392,-113.96557665725102,1
4 AVE SW & 5 AVE SW,51.04916847255061,-114.08718374754568,1
4 AVE SW & 5 ST SW,51.04964050965403,-114.07360258958865,1
4 AVE SW & 7 ST SW,51.04976516107613,-114.07854884240884,1
39 AVE NE & BARLOW TR NE,51.08873644624897,-114.0016641623139,1
39 AV SE & MANCHESTER RD SE,51.0178372482804,-114.05988332654822,1
38 ST/ BARLOW SQ & 90 AVE SE,50.97233694471427,-113.9786802006768,1
38 ST NE & RUNDLEMERE RD N LEG,51.074694270400315,-113.97870574149496,1
37 ST NW & DRYSTONE GA NW,51.18504763914776,-114.14107115914724,1
37 ST NW & KINCORA GLEN RD NW,51.16509019391196,-114.1411806551829,1
37 ST NW & SAGE HILL DR NW,51.17231457292446,-114.14121008151244,1
37 ST NW & SAGE HILL GATE NW,51.170776064090056,-114.14115928415006,1
37 ST NW & SYMONS VALLEY PARKWAY NW,51.16803267307773,-114.14115108242466,1
37 ST NW & VARAL RD NW,51.08379157810036,-114.14121423115252,1
37 ST NW & VARSITY DR NW,51.08879188872141,-114.14120516843585,1
37 ST SE & BETWEEN 17 AND 19 AVE SE,51.03689403264545,-113.98014537324002,1
37 ST SW & 41 AVE SW,51.017775050009575,-114.141150242028,1
37 ST SW & 46 AVE SW,51.01245878973226,-114.14116303873088,1
37 ST SW & 54 AV SW,51.00430632920259,-114.1409406013694,1
37 ST SW & 58 AVE SW,51.00089125661357,-114.14094493188706,1
37 ST SW & 61 AVE SW,50.99865751029887,-114.14098750301038,1
37 ST SW & 66 AVE SW,50.99457854913336,-114.14096869442383,1
37 ST SW & BOW TR SW,51.045152470268015,-114.14115075836814,1
37 ST SW & GRAFTON DR SW,51.01479972867353,-114.14119184925325,1
37 ST SW & MALL ENTRANCE,51.04012126290418,-114.14110632467438,1
37 ST SW & RICHMOND RD SW,51.02246324934511,-114.14115158214868,1
370M WEST OF ROCKY RIDGE RD NW & COUNTRY HILLS BLVD NW,51.15421328086003,-114.22894188485816,1
38 AVE SE & OGDEN RD SE,51.02010454745263,-114.030018227142,1
38 AVE SW & 7 ST SW,51.020105554524015,-114.0807508748207,1
38 AVE SW & 7A ST SW,51.02010745559508,-114.08219283744778,1
38 AVE SW & 8 ST SW,51.02010934272777,-114.08363820666354,1
38 AVE SW & ELBOW DR SW,51.02012091522072,-114.0778498897582,1
38 ST NE & COUNTRY HILLS BLVD NE,51.154215214911815,-113.97730306176535,1
38 ST NE & RUNDLEHORN DR NE,51.07149397116363,-113.97860503093348,1
38 ST NE & RUNDLEMERE RD  S LEG,51.072278236117064,-113.97865803857351,1
44 ST NW & BOWNESS RD NW,51.07026234191548,-114.15733400143472,1
44 ST SE & 72 AV SE,50.989511729261125,-113.97012593026643,1
34 AVE NW & 73 ST NW,51.08380470407559,-114.193511069473,1
52 ST NE & SKYVIEW RANCH DR NE,51.15801918829842,-113.95839003764831,1
52 AVE NW & BRISEBOIS DR NW,51.10097253623571,-114.12944340890726,1
52 AVE NW & NORTHLAND DR NW,51.100972999705746,-114.1413937342468,1
52 AVE SW & ELBOW DR SW,51.00691671000946,-114.08139497818476,1
52 ST & MAHOGANY GATE,50.89948558400648,-113.94447661310298,1
52 ST & MAHOGANY ST,50.89657650196935,-113.94321703727064,1
52 ST NE & 88 AVE NE,51.13256871440822,-113.9583814395942,1
52 ST NE & MARBANK DR NE,51.06220312360841,-113.95838525251818,1
52 ST NE & MARLBOURGH DR NE,51.06001274137281,-113.95833652860028,1
52 ST NE & MARYVALE DR NE,51.05689565711722,-113.95729666089984,1
52 ST NE & MCKNIGHT BLVD NE,51.09610805282513,-113.95839106111498,1
52 ST NE & MEMORIAL DR NE,51.05334530423917,-113.95573878389467,1
52 ST NE & RUNDLEHORN DR NE,51.07164449399638,-113.95836229996186,1
52 ST NE & SAVANNA BLVD NE,51.13494124392588,-113.9583962243002,1
52 ST NE & TEMPLE DR NE,51.09140791888272,-113.95838803291434,1
52 ST SE & BTW 23 AV & HUBALTA RD,51.03270612904253,-113.95837549102237,1
52 ST NE & TEMPLE DR NE S LEG,51.088610665034786,-113.958419525161,1
52 ST NE & WHITEHORN DR NE,51.085890966331576,-113.95840022821174,1
52 ST NW & BOWNESS RD NW,51.077382741801465,-114.17076537875198,1
52 ST SE & 54 AVE SE,51.00379770233419,-113.95850985184386,1
52 ST SE & 61 AVE SE,50.998992519822075,-113.95845628477244,1
52 ST SE & 68 AVE SE,50.99412346434765,-113.95845340130174,1
52 ST SE & 72 AVE SE,50.98950996396002,-113.95848644048208,1
52 ST SE & 76 AVE SE,50.98510884139173,-113.95853847372098,1
52 ST SE & 8 AVE SE,51.0451957628631,-113.95820504315012,1
52 ST SE & 86 AVE SE,50.975435032606995,-113.95853273086804,1
52 ST SE & 90 AVE SE,50.972283358183425,-113.95832833838944,1
52 ST SE & 94 AVE SE,50.96857246397904,-113.95858416720266,1
52 ST SE & AUBURN MEADOWS DR,50.89389593778803,-113.94258258527113,1
52 AVE NW & BRENNER DR NW,51.10097349730937,-114.14051485767584,1
52 AVE NW & BARRET DR NW,51.1009895125638,-114.13520712195935,1
52 AVE NE & WESTWINDS DR NE,51.100122300912126,-113.97620649711511,1
51 ST NW & BOWNESS RD NW,51.07623627171073,-114.1690572053881,1
50 AVE SE & BUILDERS RD SE,51.00871272731334,-114.05702481547668,1
50 AVE SE & MACLEOD TR S,51.00871408241452,-114.0677914046144,1
50 AVE SE & RAMP,51.00629124674985,-114.0119083047122,1
50 AVE SE & W. OF 1 ST   &   LRT XING,51.008638426585854,-114.06406713522308,1
50 AVE SW & 6 ST SW,51.0087166084092,-114.07888623172477,1
50 AVE SW & CROWCHILD TR SW,51.00872534508769,-114.1171597062418,1
50 AVE SW & ELBOW DR SW,51.00871495941896,-114.08134501436824,1
50 M NORTH OF & MARTIN CROSSING DR NE,51.11772605348373,-113.96791901444638,1
50 ST NE & RUNDLEHORN CR NORTH LEG,51.075334417676075,-113.96131865019694,1
50 ST NE & RUNDLEHORN DR NE,51.07164383392416,-113.96129968849944,1
50 ST SW & AT 5010 50 ST SW,51.00963895667417,-114.15973520357328,1
50 ST SW & GLAMIS DR SW,51.01626229279833,-114.15973785687724,1
50 ST SW & RICHMOND RD SW,51.01802467621566,-114.15978630035896,1
500 DIAMOND CO SE & DIAMOND DR SE,50.94347424938665,-114.01768705407076,1
5000 11 ST SE & CALGARY FOOD BANK PARKING LOT,51.01013546271949,-114.03601686508456,1
500M S OF 86 AV SE & SHEPARD RD SE,50.97248091116156,-113.99059981633351,1
50M EAST OF DALFORD RD NW & DALHART RD NW,51.10892384326594,-114.15349888756784,1
50M NORTH OF & BARLOW CR NE,51.17044338514635,-113.99312159701272,1
50M S OF COUGAR STONE PARK SW & COUGAR RIDGE DR SW,51.07244708123884,-114.214993933873,1
50M S/MARTINRIDGE CR NE & MARTIN CROSSING PARK NE,51.11500502828505,-113.96443646456537,1
50M S/PANAMOUNT HEIGHTS NW & PANORAMA HILLS BLVD NW,51.15425405192689,-114.07870068642474,1
50M SOUTH OF 900 SIERRA MORENA COURT & SIERRA MORENA BLVD SW,51.01611677232175,-114.18582542815102,1
50M SOUTH OF PANAMOUNT RD NW & PANORAMA HILLS LINK NW,51.15417573290963,-114.09088663986763,1
50M W/HARVEST PK WAY NE & HARVEST PARK RD NE,51.15095434347669,-114.058288839213,1
50M W/TARINGTON CL & TARADALE DR NE,51.11408988160137,-113.9347648911166,1
50M WEST OF PANATELLA CLOSE NW & PANATELLA BLVD NW,51.1640252358965,-114.07710483118366,1
51 AVE SE & 80M W OF 4 ST SE,51.00742370818739,-114.05498417509976,1
52 ST SE & BETWEEEN 202 AV & RANGEVIEW AV,50.874450139048896,-113.9335764569348,1
52 ST SE & COPPERFIELD GATE SE,50.910461272244,-113.9493798742732,1
50 AVE SE & 70M W OF 51 ST AT RRXING,51.0087887781028,-113.9621403975052,1
58 AVE S & CENTRE ST S,51.001374977666266,-114.0650169669548,1
54 ST NW & DALHOUSIE DR NW,51.10899489957852,-114.16448277838566,1
55 AVE SW & ELBOW DR SW,51.00424733065141,-114.08136375396374,1
55 M E OF 14A ST SE & OGDEN RD SE,51.01860398610942,-114.02575468710424,1
55 ST NE & TEMPLEHILL RD NE,51.08668517417775,-113.95417847074154,1
56 AVE NE & TROLLINGER ST NE,51.102652769334696,-114.05981924943777,1
56 AVE SE & BETWEEN 48 ST AND 51 ST SE,51.00212887239221,-113.96229310230014,1
56 AVE SE & BTW 36 & 40 ST SE,51.00206085970717,-113.9793214588816,1
56 AVE SW & ELBOW DR SW,51.00335382631047,-114.08133563859424,1
1 A ST & 38 AVE SW,51.02021326428304,-114.06726806786264,1
56 ST NE & S OF 28 AVE,51.07561921973186,-113.9524371399181,1
56 ST NE & TEMPLE DR NE,51.08535490993649,-113.95215013381492,1
58 AV SE & BLACKFOOT TR SE,51.001426824595896,-114.04878095467134,1
58 AVE  S & CENTRE ST W,51.00139930265104,-114.06386880349848,1
58 AVE SE & BARLOW TR SE,51.00186120748754,-113.9886522253549,1
52 ST SE & FCL DISTRIBUTION CENTRE ENTRANCE,51.02576991918185,-113.95853045783572,1
58 AVE SE & BURBANK RD SE,51.001439001431635,-114.04523678478388,1
58 AVE SE & MACLEOD TR S,51.0013878968832,-114.07158081881308,1
58 AVE SW & E OF LINCOLN DR SW,51.00139281876668,-114.1145156036654,1
58 AVE SW & ELBOW DR SW,51.00147721197516,-114.0816421264452,1
58 AVE SW & LAKEVIEW DR SW,51.00198682842869,-114.1352297427165,1
58 ST  NW & DALCASTLE DR NW,51.110904974632966,-114.17026948732436,1
58 ST NW & 66 AVE NW,51.112450980687576,-114.16899935895042,1
58 ST SE & S 0F PENWORTH CL,51.04683453538069,-113.94967595586895,1
59 ST NE & MEMORIAL DR NE,51.05316449633907,-113.94897780176451,1
59 ST NE & RUNDLEHORN DR NE,51.07154345263195,-113.94741420355736,1
5A ST NW & 7 AVE NW,51.05925278840493,-114.07577285585566,1
6 AVE SE & CONFLUENCE WAY SE,51.04705696578201,-114.04889175475851,1
6 AVE SE & MACLEOD TR S,51.04730816422203,-114.0579851870287,1
54 ST NW & DALHART RD NW,51.11213366554779,-114.16109947074771,1
54 ST NE & CASTLERIDGE DR NE,51.108154484094264,-113.95588887756448,1
54 ST NE & 64 AVE NE,51.11061970259961,-113.95589912227844,1
54 AVE SW & LANGTON DR SW,51.00496790172696,-114.11633745926233,1
52 ST SE & GLENMORE TR SE,50.97952008692416,-113.95851050405392,1
52 ST SE & MAHOGANY DR,50.8909552878426,-113.94260941147829,1
52 ST SE & MARKET ST SE,50.88220940979637,-113.9402203327974,1
52 ST SE & MCIVOR BLVD SE,50.91281543652272,-113.95218499937651,1
52 ST SE & MCKENZIE TOWNE AVE SE,50.916373904683155,-113.95766263993856,1
52 ST SE & MCKENZIE TOWNE BLVD SE,50.918245861282955,-113.95828320492264,1
52 ST SE & MCKENZIE TOWNE LINK SE,50.914725665415624,-113.95564379918753,1
52 ST SE & PEIGAN TR SE,51.0149458076055,-113.95839139252102,1
52 ST SE & PENSDALE RD SE,51.042873120778744,-113.95838809604872,1
52 ST SE & PRESTWICK AVE SE,50.922187155430755,-113.9581598435601,1
52 ST SE & PRESTWICK GATE SE,50.92544357303029,-113.9581610661601,1
52 ST SE & RANGEVIEW AV SE,50.87672801648241,-113.93635904465168,1
52 ST SE & SETTON BLVD SE,50.88521545846481,-113.9417237717745,1
53 AVE SE & 85M WEST OF 4 ST SE,51.00594968733862,-114.05498903539772,1
53 AVE SE & BLACKFOOT TR SE,51.00596692639632,-114.04888897537276,1
53 AVE SE & MACLEOD TR S,51.00553084377558,-114.06981703316085,1
53 ST NW & DALHART RD NW,51.11113868570212,-114.15876579123098,1
53 ST NW & JOHN LAURIE BLVD NW,51.11517626332565,-114.1544541565899,1
53 ST NW & VALIANT DR NW,51.090242151294014,-114.16445632872218,1
53 ST NW & VARSITY DR NW,51.09329101522343,-114.16446078712796,1
53 ST NW & VARSITY ESTATE GROVE NW,51.09764023389392,-114.1644861782973,1
53 ST NW & VARSITY ESTATES GROVE NW,51.10029173835416,-114.1644882752788,1
54 AVE N & CENTRE ST N,51.09970631886594,-114.06242007622248,1
54 AVE NW & THORTON RD NW,51.10100482031636,-114.06724549066676,1
54 AVE SE & BARLOW TR SE,51.00458694746776,-113.99452344350708,1
54 AVE SW & CROWCHILD TR SW,51.00500390560564,-114.11788136021636,1
54 AVE SW & ELBOW DR SW,51.00513527415107,-114.08135645606436,1
50 AVE SE & BARLOW TR SE,51.00867276839734,-114.00169895733296,1
50 AVE SE & 52 ST SE,51.008760588133455,-113.9584883163613,1
44 ST SE & 75 AVE SE,50.98739492925069,-113.97018469562336,1
47 ST NE & WESTWINDS DR NE,51.10006417429597,-113.96598247958542,1
46 AVE SW & GOVERNOR DR SW,51.01249532126827,-114.1502807809088,1
46 ST NE & 88 AV NE,51.13254055698504,-113.96578753261576,1
46 ST NE & SAVANNA BLVD NE,51.13503389188204,-113.96580740708872,1
46 ST NW & BOWNESS RD NW,51.07263190638536,-114.16053611053562,1
46 ST SE & 80M SOUTH OF 54 AVE SE AT RRXING,51.00292814285183,-113.96743518486748,1
46 ST SE & BETWEEN 61 AVE AND 54 AVE SE,50.99996965891599,-113.96726472587744,1
46 ST SE & HUBULTA RD SE,51.02900998469884,-113.96625282306444,1
47 AVE SW & 5 ST SW,51.0113965893948,-114.07643240083426,1
47 AVE SW & 6 ST SW,51.011387811059635,-114.07888847873538,1
47 AVE SW & ELBOW DR SW,51.01139556724267,-114.0812877355252,1
47 ST NE & 50 AV NE,51.0982986379691,-113.96586904439528,1
47 ST NE & MCKNIGHT BLVD NE,51.096072020557315,-113.96594574474746,1
47 ST NE & MEMORIAL DR NE,51.052873215580256,-113.9636115048173,1
47 ST NW & BOWNESS RD NW,51.07386035530322,-114.1621698452796,1
48 ST NE & RUNDLEHORN DR NE,51.07102147820594,-113.96387194191044,1
47 ST SE & 7 AVE SE,51.04688872385045,-113.9657074865376,1
47 ST SE & 8 AVE SE,51.04516538160661,-113.9656953980472,1
47 ST SE & FOREGO AV/FORDHAM CR,51.050001368852115,-113.96493901877034,1
47 ST SE & FOREMAN CR (S. LEG),51.04774804469702,-113.96570682919943,1
4711 MARYVALE DR NE & W OF 50 ST,51.056716225741816,-113.96556460160798,1
48 AVE NE & BARLOW TR NE,51.096044721447086,-114.00163642717722,1
48 AVE NW & 77 ST NW,51.09587962318013,-114.19932815875885,1
48 AVE NW & 81 ST NW,51.09587610339864,-114.20517809954949,1
48 AVE NW & 85 ST NW,51.095870936441905,-114.21097858333567,1
48 AVE NW & E OF 88 ST NW,51.09590469267579,-114.2153249931044,1
48 AVE NW & NORTH HAVEN DR NW,51.0986199857193,-114.08648644816653,1
48 AVE SW & 6 ST SW,51.0104997627648,-114.0789288134731,1
48 ST & 90 AVE SE,50.972296223072306,-113.96417258584566,1
46 AVE SW & GLACIER DR SW,51.01245036340022,-114.14417537312085,1
46 AVE SW & 47 ST SW,51.01246220305281,-114.15523864975695,1
46 AVE SE & MACLEOD TR S,51.01129655438322,-114.06657210682084,1
46 AVE NW & 85 ST NW,51.09408612836613,-114.21097972513532,1
44 ST SE & 8 AVE SE,51.045164185284094,-113.96999303581327,1
44 ST SE & 80M SOUTH OF 54 AVE SE AT RRXING,51.00295174371763,-113.97027469796868,1
44 ST SE & 90 AVE SE,50.97231267703589,-113.96995947032364,1
44 ST SE & BETWEEN 58 AVE AND 61 AVE SE,50.9999695259504,-113.9701095899648,1
44 ST SE & FONDA DR SE,51.05091868551205,-113.96999622477126,1
440M SOUTH OF 7 AVE NE & ST GEORGES DR NE,51.05538104845037,-114.02657255129463,1
45 AVE SE & MACLEOD TR S,51.01283415480856,-114.06584985507412,1
45 AVE SW & SARCEE RD SW,51.01380105281457,-114.13860704755608,1
45 ST NW & BOWNESS RD NW,51.071444199696906,-114.15894889148232,1
45 ST SE & FRONT ST,50.881690305607655,-113.94788300534748,1
45 ST SE & SETON DR SE,50.87727621942169,-113.94540199532273,1
45 ST SE & SETON PA SE,50.87947436121251,-113.94666186297924,1
45 ST SW & 46 AVE SW,51.01248629906725,-114.1528081172406,1
45 ST SW & 49 AVE SW,51.00941973604592,-114.15280075399323,1
45 ST SW & 5 AVE SW,51.05071973035619,-114.15281569405988,1
45 ST SW & 8 AVE SW,51.04506550054001,-114.15265912004207,1
45 ST SW & BOW TR SW,51.04881248344014,-114.1527749483744,1
45 ST SW & GROVEHILL RD SW,51.03436913197629,-114.15280516188427,1
45 ST SW & IN BTW 4328 AND 4504,51.014184272065776,-114.15280416469484,1
45 ST SW & NORTH OF 25 AV SW,51.0329008933004,-114.15282038026986,1
45 ST SW & RICHMOND RD SW,51.0189124303757,-114.15278852285836,1
45 ST SW & SPRUCE DR SW,51.05230915275059,-114.1528187411911,1
45M SOUTH OF EVERGREEN CRESCENT & EVERGREEN DR SW,50.92141734024827,-114.10225174307584,1
46 AV SW & 50 ST SW,51.01245913983313,-114.15966161837083,1
46 AVE NW & 79 ST NW,51.09407900572051,-114.20226207254092,1
46 AVE NW & 81 ST NW,51.09407393026992,-114.2051750893487,1
46 AVE NW & 83 ST NW,51.09408341731211,-114.20808816956053,1
48 ST NE & MARBANK DR,51.06328439728528,-113.9639897339974,1
48 ST NE & RUNDLEWOOD DR NE,51.07383525378769,-113.96641577628044,1
50 AVE NE & 70M E OF 6 ST NE,51.09914884687023,-114.04701429464718,1
5 ST SW & 7 AVE SW,51.046806024470165,-114.0738167269214,1
5 AVE SW & CENTRE ST S,51.04838952483502,-114.06280686660055,1
5 ST SE & 51 AVE SE,51.007467113366474,-114.05246641294217,1
5 ST SE & 6 AVE SE,51.04710455613223,-114.0506242330783,1
5 ST SE & 8 AVE SE,51.045192535304174,-114.05075737961498,1
5 ST SE & 9 AVE SE,51.0442669692193,-114.05082398139386,1
5 ST SE & 94 AVE SE,50.968511346283016,-114.05280863368834,1
5 ST SE & 96 AVE SE,50.9669052488712,-114.05237320856196,1
5 ST SE & SOUTHLAND DR SE,50.964064696759536,-114.05227532736566,1
5 ST SW & 50 AVE SW,51.008717138746206,-114.07642168456726,1
5 ST SW & 55 AVE,51.00425035652027,-114.07642988743146,1
5 ST SW & 58 AV SW,51.00137453140226,-114.07619716656936,1
5 ST SW & 6 AVE SW,51.04774377532893,-114.07376025846771,1
5 ST SW & 61 AVE SW,50.99781499683247,-114.07626038822887,1
5 ST SW & 75 AVE SW,50.98601836362461,-114.0773626714632,1
48 ST NW & BOWNESS RD NW,51.07502528435057,-114.16366487832936,1
5 ST SW & 8 AVE SW,51.045862172482515,-114.073892501329,1
5 ST SW & 9 AVE SW,51.04490616114623,-114.0739392770314,1
5 ST SW & CHINOOK MALL NORTH ACC,50.99961140580245,-114.07624885962676,1
5 ST SW & CHINOOK MALL/SOUTH ACC,50.99605064290588,-114.07626268178964,1
5 ST SW & ELBOW DR SW,51.02967899401866,-114.07321653818512,1
5 ST SW & GLENMORE TR - INTERCHANGE,50.99416167769814,-114.07677596872084,1
5 ST SW & GLENMORE TR SW,50.99441028056452,-114.07662612481025,1
5 ST SW & HERITAGE DR SW,50.97956306829882,-114.07917020392225,1
5 ST SW & KENDALL PL SW,50.986925423922365,-114.07789774136454,1
5 ST SW & PARK AVE SW,51.01546135815078,-114.07506694373696,1
5 ST SW & ROYAL AVE SW,51.03481641123557,-114.07421655648426,1
5 ST SW TO 6 ST SW & 9 AV SW,51.04501914114877,-114.07540869725446,1
50 AV BTW 25 & 30 ST SE & RAILWAY CROSSING X'S,51.00877153076314,-113.99624454860108,1
5 AVE SW & 9 ST SW,51.048991554596654,-114.08351894590524,1
5 AVE SW & 8 ST SW,51.0489019733758,-114.08102648173929,1
5 AVE SW & 7 ST SW,51.04883664938807,-114.07860168956783,1
5 AVE SW & 6 ST SW,51.04877131914401,-114.0761092844341,1
48 ST NW & VARSITY DR NW,51.09388000964253,-114.15750879164558,1
48 ST SE & 80M SOUTH OF 54 AVE AT RRXING,51.00297240890017,-113.96423266685672,1
48 ST SE & BETWEEN 61 AVE AND 54 AVE SE,50.999949687193634,-113.96422311753574,1
48 ST SW & RICHMOND RD SW,51.01836715485532,-114.15670112637484,1
49 AVE & AVIATION BLVD NE,51.09772462692055,-114.03288651620372,1
49 AVE SW & 5 ST SW,51.00960180436497,-114.07642551947907,1
49 AVE SW & ELBOW DR SW,51.00961401655089,-114.0814174030546,1
49 ST NE & WHITEHORN DR NE,51.08585954207199,-113.96251769511812,1
49 ST NE & WHITEHORN RD NE,51.08811293002732,-113.9625401153119,1
49 ST NE & WHITERIDGE WAY NE,51.088728307136115,-113.96254391616766,1
49 ST NW & BOWNESS RD NW,51.0752710529984,-114.16689672130816,1
49 ST NW & N OF 34 AVE NW,51.086249947882806,-114.15893315274964,1
49 ST NW & VANTAGE CR NW,51.09301917270878,-114.15854117541286,1
49 ST NW & VARSITY DR NW,51.09381696543744,-114.15880914931128,1
49 ST SW & WESTVIEW DR SW,51.04830194636303,-114.15754327833078,1
4A ST SW & 68 AVE SW,50.992328609841664,-114.07400460020088,1
4A ST SW & 69 AVE SW,50.99143257198098,-114.0739981185091,1
4A ST SW & 71 AVE SW,50.98962685103849,-114.07402072648608,1
4A ST SW & 78 AVE SW,50.983262190163416,-114.07415505247212,1
4A ST SW & PARK AVE SW,51.01529837966908,-114.07369570235846,1
5 AVE NW & CROWCHILD TR NW,51.05718235154208,-114.11803430119612,1
5 AVE SE & 52 ST SE,51.04902354141841,-113.95600802978755,1
5 AVE SE & 58 ST SE,51.04851647662141,-113.9497025556118,1
5 AVE SE & IN FRONT OF 6220 5TH AVE SE,51.04852895287439,-113.94324112508086,1
5 AVE SE & PENBROOKE DR SE,51.04854580637482,-113.94185934862335,1
5 AVE SE & PENSVILLE RD SE,51.04854703610137,-113.94442424048955,1
5 AVE SW & 5 ST SW,51.048693721755576,-114.07367482561204,1
34 AVE NW & 85 ST NW,51.09137843893829,-114.21202699581376,1
34 AVE NW & 71 ST NW,51.08382835207072,-114.19060153491296,1
2 ST NW & 28 AVE NW,51.077849739219396,-114.06747701727012,1
24 AVE NE & RUNDLEHORN DR NE,51.074300182704725,-113.94099541849955,1
23 ST NW & 5 AV NW,51.0572401111981,-114.1154129385667,1
23 ST NW & BOWNESS RD NW,51.051124895833944,-114.11540926317194,1
23 ST NW & KENSINGTON RD NW,51.05248988381951,-114.1154050236324,1
230M NORTH OF EVANSTON DR NW & SYMONS VALLEY PARKWAY NW,51.175415267014095,-114.10729345917656,1
24 AV NW & CAMPUS GA NW,51.0752235446985,-114.12352216196165,1
24 AVE N & CENTRE ST N,51.07421410314166,-114.06251859106489,1
24 AVE NE & 36 ST NE,51.07370454824896,-113.9814670558068,1
24 AVE NE & 4 ST NE,51.07425766403496,-114.05250564314645,1
24 AVE NE & 56 ST NE,51.07429103455,-113.95264680501283,1
24 AVE NE & 6 ST NE,51.07425942671197,-114.04833530489388,1
24 AVE NE & E OF 60 ST,51.07429343634337,-113.94567753229876,1
24 AVE NE & EDMONTON TR NE,51.07423927123572,-114.05617612335516,1
24 AVE NE & PINEMILL WAY NE,51.07429249206684,-113.95016261797085,1
24 AVE NE & VERMILLION ST NE,51.0742684136419,-114.01621768175184,1
24 ST NW & AMBLESTONE GA NW,51.188775837843615,-114.11790412813994,1
24 AVE NW & 24 ST NW,51.07442665485767,-114.11783949501717,1
24 AVE NW & 4 ST NW,51.07425933746243,-114.0715504746344,1
24 AVE NW & 5 ST NW,51.074267473865056,-114.07400560709355,1
24 AVE NW & COLLEGIATE RD / WARREN ST,51.07446166549933,-114.14134572836292,1
24 AVE NW & CROWCHILD TR NW,51.074279130256066,-114.11836113211442,1
24 AVE NW & EXSHAW RD NW,51.074264380504594,-114.10802116295676,1
24 AVE NW & MCLAURIN ST NW & WEST CAMPUS PL NW,51.07402287766669,-114.14442605671846,1
24 AVE NW & UDELL RD NW,51.074360480489666,-114.13119228469924,1
24 AVE NW & ULRICH RD,51.074336200278715,-114.13844721191094,1
24 AVE NW & UNIVERSITY DR NW,51.07443966146357,-114.12833602016192,1
24 AVE NW & UPTON PL NW,51.07436015249769,-114.13555437901634,1
24 AVE SE & 26 ST SE,51.032178645125526,-113.99434910098388,1
24 AVE SW & 4 ST SW,51.03154007995251,-114.0715039362723,1
23 ST NE & CENTRE AV E,51.05244808393042,-114.0040825459574,1
23 ST NE & 37 AVE NE,51.08668848179853,-114.00510316176806,1
23 ST NE & 32 AVE NE,51.08151001748081,-114.00509458833204,1
23 ST NE & 3 AVE NE,51.054698744887475,-114.00465425986886,1
22 ST SW & RICHMOND RD SW,51.0312996461623,-114.11357514056724,1
22A ST NW & 24 AVE NW,51.074280374437265,-114.11457488384865,1
23 AV NW & 24 ST NW,51.07183527949962,-114.1175369086126,1
23 AVE & CROWCHILD TR,51.07100748690786,-114.11788047695325,1
23 AVE & SUNRIDGE WAY NE,51.071820537433574,-113.99845713407336,1
23 AVE N & CENTRE ST N,51.07331601471304,-114.06252623513298,1
23 AVE NE & 23 ST NE,51.07340164135108,-114.004135830661,1
23 AVE NE & 52 ST NE,51.07397633095657,-113.95840366836129,1
23 AVE NE & 56 ST NE,51.07353527189472,-113.95264350524477,1
23 AVE NE & BARLOW TR NE,51.07340108001856,-114.00164013900654,1
23 AVE NE & EDMONTON TR NE,51.07332892874225,-114.05633457893202,1
23 AVE NW & 24 ST NW,51.07101064876871,-114.11750436756108,1
23 AVE NW & 4 ST NW,51.07326484825019,-114.07153187485784,1
23 AVE NW & 47 ST NW,51.07669552499461,-114.1567534697363,1
23 AVE NW & 9 ST NW,51.07321596447714,-114.08311653725757,1
23 AVE NW & BANFF TR NW,51.07120935550266,-114.11603800994024,1
23 AVE NW & BY PED RAMP,51.07098123677461,-114.11670517319698,1
23 AVE NW & CAPITOL HILL CR NW,51.071518996678336,-114.11555054369886,1
23 AVE SE & 36 ST SE,51.03317720430847,-113.98160175110178,1
23 AVE SE & 52 ST SE,51.032092610173294,-113.95838133270436,1
23 AVE SE & SPILLER RD SE,51.03298631323779,-114.0452787835218,1
23 AVE SW & 24 ST SW,51.03294214429015,-114.11773876883368,1
23 AVE SW & 37 ST SW,51.03315785124219,-114.1411969656305,1
23 AVE SW & 4 ST SW,51.032491580708275,-114.07150540044437,1
23 AVE SW & 5 ST SW,51.03246655429386,-114.07387548583588,1
23 ST & 50 AVE SE,51.00866545391911,-114.0041548239308,1
23 ST NE & 27 AVE NE,51.07684956017776,-114.005086497474,1
24 ST NW & AMBLERIDGE AV NW,51.18610738527983,-114.11790501972416,1
24 ST NW & CHARLESWOOD DR NW,51.08691656116404,-114.12006543470623,1
22 ST SW & 50 AVE SW,51.00871122722803,-114.115092165656,1
25 ST NE & 45 AVE,51.013229663461544,-113.99922060056755,1
25 AVE SE & MACLEOD TR S,51.03049440273416,-114.05961586044933,1
25 AVE SE LRT X'S & E OF MACLEOD TR,51.03051843908869,-114.0590323423948,1
25 AVE SW & 4 ST SW,51.03058857292564,-114.07151099743088,1
25 AVE SW & 5 ST SW,51.0305838293134,-114.07331539269124,1
25 AVE SW & BETWEEN 1 ST AND ERLTON ST SW,51.03037797273318,-114.06408013718658,1
25 AVE SW & ERLTON RD SW,51.03052037892718,-114.0611928236374,1
25 AVE SW & ERLTON ST SW,51.03048063940238,-114.06258875802192,1
25 AVE SW & GLENCASTLE ST SW,51.03169020811914,-114.14676627088276,1
25 AVE SW & HILLCREST AVE SW,51.03058756449243,-114.07422977409976,1
25 AVE SW & KELWOOD DR SW,51.03161435840815,-114.14466416072008,1
25 M S OF 50 AVE SE & 84 ST SE,51.0085270281918,-113.91191504656796,1
25 ST & 50 AVE SE,51.0087002306511,-113.99851726756906,1
25 ST /270M EAST OF BARLOW TR NE & COUNTRY HILLS BLVD NE,51.154379990277334,-113.99740025345288,1
25 ST NW & KENSINGTON RD NW,51.05247901172005,-114.12030158426391,1
24 ST NW & EVANSTON DR NW,51.17976271106952,-114.11790929994883,1
25 ST SW & 26 AVE SW,51.03006289894067,-114.12081062567027,1
250M WEST OF KINCORA BLVD NW & SYMONS VALLEY RD NW,51.16314746627506,-114.12769500027964,1
250M WEST OF NA'A DR SW & CANADA OLYMPIC DR SW,51.08234622492547,-114.21297135722592,1
25M WEST OF NOLANFIELD POINT NW & NOLAN HILL DR NW,51.17874965356777,-114.16643518255022,1
26 AV & 66 ST NE,51.07615746359135,-113.93803781580668,1
26 AV SW & 4 ST SW,51.029685631343455,-114.07151620992468,1
26 AVE NE & 32 ST NE,51.07786462502384,-113.98865037685204,1
26 AVE NE & 3400 BLOCK,51.07784881839371,-113.98520830834394,1
26 AVE NE & 36 ST NE,51.07789444231045,-113.9817158063588,1
26 AVE NE & 38 ST NE,51.077880162981096,-113.97806223665783,1
26 AVE NE & 48 ST NE,51.076883827652985,-113.9645659610571,1
26 AVE NE & 50 ST NE,51.076248103668114,-113.96131181354023,1
26 AVE NE & 52 ST NE,51.07629444823071,-113.95836537048584,1
25 AVE SE & DARTMOUTH RD SE,51.0282940821533,-114.04371438586196,1
25 AVE SE & CITY COMPOUND ACCESS,51.02908971088869,-114.0465246926418,1
25 AVE SE & 3 ST SE,51.03100168271751,-114.0569170991037,1
25 AVE NW & 4 ST NW,51.07516783162011,-114.07154334222868,1
24 ST NW & MORLEY TR NW,51.08055638020893,-114.117888705723,1
24 ST SE & 86 AVE,50.97639862173523,-113.99949340888662,1
24 ST SE & 91 AVE SE,50.97102993595436,-114.00185407687113,1
24 ST SE & 96 AV SE,50.967493762561375,-114.0017226243037,1
24 ST SE & QUARRY PARK BLVD SE,50.9634845654565,-114.0016722879387,1
24 ST SE & QUARRY PARK BV,50.959449715319984,-114.00158264791692,1
24 ST SW & 90 AV SW,50.972241332569425,-114.1179293669973,1
24 ST SW & 98 AVE SW,50.96497254106328,-114.11787186891982,1
24 ST SW & ANDERSON RD SW,50.95050464515846,-114.11798164320342,1
24 ST SW & BOW TR SW,51.04199262035575,-114.11777060554748,1
24 ST SW & BRAESIDE DR SW,50.95413127532673,-114.11794760007588,1
24 ST SW & BRIDELRIDGE HTS SW,50.903150766197555,-114.11711723841276,1
24 ST SW & BRIDLECREST DR SW,50.905036292985585,-114.11719001317142,1
24 ST SW & BRIDLEWOOD AV SW,50.89737302889308,-114.11711574006122,1
24 ST SW & EVERRIDGE DR SW,50.91080264421244,-114.11712330354182,1
24 ST SW & EVERSYDE AVE,50.908087088491754,-114.1170914510981,1
24 ST SW & OAKMOOR DR SW,50.96320213927337,-114.11794267147356,1
24 ST SW & OFF RAMP TO SB CROWCHILD TR,51.03555969565033,-114.11763389572984,1
24 ST SW & PALLISER DR SW,50.96945805308834,-114.11793555000712,1
24 ST SW & SOUTHLAND DR SW,50.96132948894435,-114.11792170802154,1
24 ST SW & SOVEREIGN CR SW,51.04355107659853,-114.11784522090296,1
24 ST SW & WOODGLEN RISE SW,50.94630510142521,-114.11796591268016,1
24 ST SW & WOODPARK BLVD SW,50.93580795746969,-114.11804191527808,1
24 ST SW & WOODVIEW DR SW,50.94125171785059,-114.1179589019366,1
240 M S 13 AV NW & 29 ST NW,51.06244400179637,-114.131004145381,1
25 AV SW & 37 ST SW,51.03160134048307,-114.14119606962412,1
25 AVE NE & EDMONTON TR NE,51.07516079489336,-114.05599108296862,1
22 ST SW & PALLISER DR SW,50.96920261774998,-114.11319712397966,1
22 ST SW & 34 AVE SW,51.02318443398313,-114.1143279399204,1
26 AVE NE & E OF 52 ST NE,51.07626967940113,-113.9562591520654,1
20 ST SE & 9 AVE SE,51.034537299852495,-114.01794526215178,1
20 AVE NW & 46 ST NW,51.07379236333645,-114.15837401659518,1
20 AVE NW & 48 ST NW,51.07617911437683,-114.16154280768276,1
20 AVE NW & HOME RD NW,51.07832711462571,-114.16441301559092,1
20 AVE NW & MACKAY RD NW,51.06967533262916,-114.15281370379157,1
20 AVE SE & 48 ST SE,51.03552481748698,-113.9643525608284,1
20 AVE SE & 52 AVE SE,51.03552407197058,-113.95840249015014,1
20 AVE SE & 70M EAST OF 11 ST AT cp/RRXING,51.03567873529011,-114.0356450136639,1
20 AVE SW & 4 ST SW,51.03532459170973,-114.07149270952968,1
20 AVE SW & RICHMOND RD SW,51.03527895664062,-114.11122787216004,1
20 ST NW & BROADVIEW RD NW & BROWNSEA DR NW,51.04973358831592,-114.10794002240893,1
20 ST SE & 66 AVE SE,50.99411852805727,-114.01150477053574,1
20 ST SE & 69 AVE SE,50.990931152852546,-114.01160319719214,1
20 ST SE & 76 AVE SE,50.985036905780674,-114.01159406398712,1
20 ST SW & 23 AVE SW,51.03294183082388,-114.10873890258836,1
200 MAITLAND PLACE NE & MAITLAND HILL,51.06202091105761,-113.93809809376168,1
20 ST SW & 26 AV SW,51.03042507465995,-114.10946698454184,1
20 ST SW & 29 AVE SW,51.027668542431954,-114.10945461560732,1
20 ST SW & 33 AVE,51.023981605317154,-114.10945127579762,1
20 ST SW & 34 AVE SW,51.02319001092747,-114.1093392025845,1
20 ST SW & 38 AVE SW,51.0196764042488,-114.10920070930143,1
20 ST SW & 40 AVE SW,51.01785567333282,-114.10917472909892,1
20 ST SW & 42 AVE SW,51.016057676734206,-114.10923561519306,1
20 ST SW & 44 AVE,51.0142353068231,-114.10932300520015,1
20 ST SW & 50 AVE SW,51.00870617440187,-114.109261746846,1
20 ST SW & 54 AVE SW,51.00500538925518,-114.10920242417896,1
20 ST SW & QUENTIN AV SW,51.01198551657581,-114.10937805146472,1
200 CROWFOOT GATE NW & CROWFOOT CRESCENT NW,51.12901548095654,-114.2006536650912,1
200 CROWFOOT GATE NW & JOHN LAURIE BLVD NW,51.12990995223727,-114.1996834014314,1
20 AVE NW & 4 ST NW,51.07057162377726,-114.07154478833884,1
20 AVE NW & 20 ST NW,51.07053125202711,-114.10800461483043,1
20 AVE NE & EDMONTON TR NE,51.070626151683186,-114.05612743097495,1
20 AVE NE & 6 ST NE,51.07065166157859,-114.04833514537624,1
2 ST NW & CRESCENT RD NW,51.05903196922911,-114.06749090439295,1
2 ST SE & 58 AVE SE,51.00141098589647,-114.06007888354802,1
2 ST SW & 20 AVE SW,51.03524742373182,-114.0687125439944,1
2 ST SW & 21 AVE SW,51.03429588826763,-114.06877081697787,1
2 ST SW & 22 AVE SW,51.0333443567414,-114.06882056183368,1
2 ST SW & 23 AVE SW,51.03239818583173,-114.06889588939352,1
2 ST SW & 24 AVE SW,51.031457381425135,-114.0689882712838,1
2 ST SW & 25 AVE SW,51.03051121514129,-114.06905506574306,1
2 ST SW & 26 AVE SW,51.02962956235476,-114.06911342979971,1
2 ST SW & 3 AVE SW,51.05042961518985,-114.067614390033,1
2 ST SW & 4 AVE SW,51.049473590288756,-114.06769027859136,1
2 ST SW & 5 AVE SW,51.048526805072605,-114.06776263632337,1
2 ST SW & 57 AVE SW,51.00251040306846,-114.06860447014505,1
2 ST SW & 58 AVE SW,51.001406108831304,-114.06861471528516,1
2 ST SW & 6 AVE SW,51.04758905809141,-114.0678192268212,1
2 ST SW & 7 AVE SW,51.0466391260441,-114.0678854577906,1
2 ST SW & 8 AVE SW,51.045670910732234,-114.06798063607776,1
2 ST SW & 9 AVE SW,51.04476359744761,-114.06805658221826,1
2 ST SW & RIVERFRONT AVE SW,51.05229314457441,-114.0674587462914,1
20 A AV NE & 8 ST NE,51.071119636212416,-114.04527021469104,1
20 AV NE & 4 ST NE,51.07061173525303,-114.0525287349846,1
20 AV NW & 6 ST NW,51.0705391443042,-114.07646896486789,1
20 AV NW & 7 ST NW,51.070534002771346,-114.07890309239474,1
20 AV NW & 9 ST NW,51.07054574798612,-114.0831188957852,1
20 AVE N & CENTRE ST N,51.070621761002954,-114.06252260470244,1
20 AVE NE & 32 ST NE,51.0707015329736,-113.98860954570476,1
20 AVE NE & 34 ST NE,51.07131259626169,-113.98544022231508,1
200 HIDDEN VAL.LEY LANDING NW & HIDDEN VALLEY DR NW,51.14729165492843,-114.11056003409824,1
200 PATTERSON MT SW & PATTERSON BLVD SW,51.0642549786845,-114.17856698720288,1
22 ST SW & 33 AVE SW,51.02397150288111,-114.11438653367836,1
21A ST SW & 50 AVE SW,51.008711599788455,-114.11367199882382,1
210 AV SW & CREEKSIDE DR SW,50.86307854183596,-114.05933504243924,1
210 AV SW & CREEKSTONE HL SW,50.863148821584424,-114.05333482584906,1
210 AV SW & MACLEOD TR SW & CREEKSTONE HL SW,50.86480207843111,-114.04600034725442,1
210 AV SW & SHERIFF KING ST,50.863100178127645,-114.07087650209516,1
210 AVE SE & ALDERSYDE GATE,50.86576008940063,-114.02913742579864,1
210 AVE SE & LEGACY BLVD,50.86313287192246,-114.02161883285706,1
210 AVE SE & LEGACY GATE,50.863130980784995,-114.01740591579428,1
210 AVE SE & LEGACY VILLAGE LINK,50.86409228367558,-114.02562877919956,1
210 AVE SE & MACLEOD TR S,50.86651082296971,-114.03820237798294,1
212 AVE & SETON WAY SE,50.863225797041565,-113.95185879720913,1
214 MT DOUGLAS CLOSE & MT DOUGLAS CLOSE SE,50.92474236611013,-113.98540263447424,1
215M SOUTH OF MIDPARK GATE SE & MIDPARK WAY SE,50.908165219375896,-114.06224314576156,1
21A AVE SE & 52 ST SE,51.0345514195346,-113.95838396931563,1
22 AVE N & CENTRE ST N,51.07243466901562,-114.06251619348087,1
200 VARSITY ESTATES PL NW & VARSITY ESTATES DR NW,51.104599864157954,-114.17094344878343,1
22 AVE NE & 68 ST NE,51.07261440715288,-113.93507593142274,1
22 AVE NE & EDMONTON TR NE,51.07244661900259,-114.0562625943516,1
22 AVE NE & RUNDLEHORN DR NE,51.07262648322251,-113.940959864774,1
22 AVE SE & 26 ST SE,51.03385033442134,-113.99483739224732,1
22 AVE SW & 4 ST SW,51.03338394425528,-114.07151529946184,1
22 AVE SW & 5 ST SW,51.033367805406606,-114.07420104342644,1
22 AVE SW & CLIFF ST SW,51.03334485932755,-114.07576016270818,1
22 ST NW & 24 AVE NW,51.07427707415205,-114.1129463634038,1
22 ST NW & 5 AVE NW,51.05722474719133,-114.1129471013349,1
22 ST NW & KENSINGTON RD NW,51.05248041454214,-114.11294728911,1
22 ST SE & 50 AVE SE,51.00877063370073,-114.00657858573196,1
22 ST SW & 26 AV SW,51.03041482500687,-114.11435290404576,1
22 ST SW & 27 AVE SW,51.02950585480323,-114.11431832056353,1
210 AV SW & BELMONT DR SW,50.86308761346373,-114.06484643216665,1
210 AV SE & LEGACY VW SE,50.86311577850333,-114.00927391557582,1
21 ST SW & 58 AVE SW,51.00139175074429,-114.1119047798541,1
21 ST SW & 34 AVE SW,51.02318264340871,-114.11185774088298,1
200M EAST OF KINCORA BV NW & SYMONS VALLEY RD NW,51.159881735983646,-114.1234417265693,1
200M NORTH OF BEDDINGTON BV & CENTRE ST N,51.12685660215002,-114.07147839073076,1
200M S OF SHEPARD PL & SHEPARD RD SE,50.96596598310967,-113.98492719075124,1
200M W/VALLEY RIDGE PARK NW & VALLEY RIDGE BLVD NW,51.0981092171966,-114.25967885267217,1
200M WEST OF 29 ST NE & SUNRIDGE WAY NE,51.069256061012275,-113.99490539017675,1
202 AV SE & 52 ST SE,50.870505093770866,-113.92931930209484,1
202 AV SE & RANGEVIEW ST SE,50.87050651131247,-113.92288483848571,1
20A ST SE & 66 AVE SE,50.99411703217763,-114.0101254533067,1
20A ST SE & 76 AVE SE,50.98502643370286,-114.01017375390224,1
20A ST SE & 78 AVE SE,50.98323034905643,-114.01016285803404,1
20A ST SE & LYNNDALE CR SE,50.99143845826291,-114.0101836424103,1
20A ST SE & LYNNDALE ROAD SE,50.98968229362722,-114.01020781291908,1
20A ST SE & LYNNWOOD DR SE,50.99320348581527,-114.01016525257356,1
21 AV SW & 37 ST SW,51.034701722346334,-114.14120426352972,1
21 AVE NW & 46 ST NW,51.07436337154907,-114.15728473983958,1
21 AVE NW & 47 ST NW,51.07556367326335,-114.15888782219568,1
21 AVE NW & 48 ST NW,51.07674834193517,-114.16046882283972,1
21 AVE NW & 9 ST NW,51.071442253395574,-114.08311124689271,1
21 AVE SE & 9 ST SE,51.03459907784821,-114.03966137630248,1
21 AVE SE & SPILLER RD SE,51.034581835564616,-114.0429500392326,1
21 AVE SW & 4 ST SW,51.034265555932585,-114.07152518232596,1
21 AVE SW & RICHMOND RD SW,51.034602403684666,-114.1111791884802,1
21 ST & 27 AVE NE,51.07686715652955,-114.00904414213248,1
21 ST NW & 24 AVE NW,51.074311733511834,-114.1113348481852,1
21 ST NW & KENSINGTON RD NW,51.05250056859849,-114.1104896275489,1
21 ST SE & RIVER GLEN DR SE,50.973547949523514,-114.00947176116544,1
21 ST SW & 33 AVE SW,51.02399004023235,-114.11189762732674,1
26 AVE NE & 68 ST NE,51.07616463805718,-113.9351144249555,1
26 AVE NE & RUNDLEHILL DR EAST LEG,51.07734290082542,-113.96594121967536,1
34 AVE NW & 69 ST NW,51.08381609058131,-114.18765037440728,1
31 ST NW & 32 AVE NW,51.08174169313839,-114.12920691375838,1
30 ST SW & LINDSAY DR SW,50.996460749853945,-114.1280610823051,1
30 ST SW & OAKFIELD DR SW,50.954023794372674,-114.1295611630362,1
300 OAKWOOD PL SW & OAKWOOD DR SW,50.96622809319218,-114.13007068402108,1
300 WOODFIELD PLACE & WOODFIELD DR SW,50.93878137382947,-114.12148056840007,1
300M E/OF 14 ST SW & SOUTHLAND DR SW,50.962274623425415,-114.09120661902524,1
300M EAST OF 1 ST & PROVIDENCE BLVD SE,50.9213147821727,-114.0633320969091,1
3032 UTAH DR NW & UTAH DR NW,51.069982660175945,-114.13391282139354,1
30M EAST OF 441 & ARBOUR LAKE DR NW,51.138708979671115,-114.19691872231738,1
30M WEST 30 ST SE AT RRXXING & 61 AVE SE,50.99874251511903,-113.9882097168397,1
31 AVE & 56 ST NE,51.07959860320313,-113.95301212682634,1
31 AVE NW & BOWVIEW RD NW,51.080626129719846,-114.17850124908551,1
31 AVE NW & BOWWOOD DR NW,51.080611294325514,-114.17445498417896,1
31 AVE NW & E OF BOWVIEW RD NW,51.0806191614795,-114.17666561278544,1
31 ST NW & LRT ENTRANCE,51.08428960777595,-114.12934215414684,1
32 AVE NE & 60 ST NE,51.08154638773931,-113.94676212971012,1
31 ST SE & GLENMORE TR SE,50.9795888233208,-113.9883400384761,1
31 ST SE (S LEG) & GLENMORE TR SE,50.978666931202795,-113.98908580315307,1
32 AV NE & 6 ST NE,51.08843612489483,-114.04890625001872,1
32 AV NE & 9 ST NE,51.081447185051,-114.04149766839322,1
32 AV NE & CATALINA BLVD,51.08152734906383,-113.93194287925088,1
32 AV NW & CROWCHILD TR NW,51.08343695398261,-114.12517721127467,1
32 AVE N & CENTRE ST N,51.081510372771966,-114.06245757721284,1
32 AVE NE & 32 ST NE,51.081514953189306,-113.98865739178808,1
32 AVE NE & 34 ST NE,51.08150385237682,-113.9854911442299,1
32 AVE NE & 36 AVE NE,51.08497094728538,-114.0463216099766,1
32 AVE NE & 36 ST NE,51.08152222233546,-113.98170713196455,1
32 AVE NE & 48 ST NE,51.08154210706032,-113.9636516644515,1
32 AVE NE & 52 ST NE,51.08152850415345,-113.9583968962798,1
30 ST SW & 63 AVE SW,50.997206053317406,-114.12849057827388,1
30 ST SE - 255 METERS W OF & 50 AVE SE,51.00876221742832,-113.99266585637042,1
30 ST SE & RRXING 65M S OF 73 AVE SE,50.988026132471504,-113.98518407021096,1
30 ST SE & GLENMORE TR SE,50.97959652887127,-113.99056440854596,1
3 ST SE & BTW 7TH AND 9TH AV SE,51.045222558595114,-114.05565619526308,1
3 ST SE & RIVERFRONT AVE SE,51.05009044144581,-114.05529798047236,1
3 ST SW & 4 AVE SW,51.04953914551973,-114.07010542917308,1
3 ST SW & 5 AVE SW,51.04859847166928,-114.07013910603824,1
3 ST SW & 6 AVE SW,51.047654599107034,-114.07025359964769,1
3 ST SW & 61 AVE SW,50.99769496201943,-114.06958464551964,1
3 ST SW & 7 AVE SW,51.04672900592832,-114.07034879518748,1
3 ST SW & 8 AVE SW,51.04574254972456,-114.0703955985421,1
3 ST SW & 9 AVE SW,51.04479870065382,-114.07047144218905,1
30 AVE N & CENTRE ST N,51.07963607927419,-114.06251704269066,1
30 AVE NW & 4 ST NW,51.07962964905065,-114.07153315619249,1
30 AVE NW & 7 ST NW,51.080077264297145,-114.07947802996092,1
30 AVE SE & 36 ST SE,51.026952879530874,-113.9815825074238,1
30 AVE SE & ALYTH RD SE,51.02781114055725,-114.02129762428392,1
30 AVE SE & AT 3133,51.02694843455292,-113.98939892797998,1
30 AVE SE & BTW 28 A & 29 A ST,51.02694853729787,-113.99079149836038,1
30 AVE SW & 37 ST SW,51.02693819030432,-114.14111294435008,1
30 AVE SW & 49 ST SW,51.02697851758017,-114.15815352701551,1
30 AVE SW & 5 ST SW,51.02629228808722,-114.07295309956184,1
30 AVE SW & 51 ST SW,51.026997650828925,-114.16096605819368,1
30 AVE SW & 7 ST SW,51.02641484895245,-114.081633222198,1
30 AVE SW & ELBOW DR SW,51.026397237505854,-114.07883448508764,1
30 AVE SW & MISSION RD SW,51.0263043036854,-114.07121458176624,1
30 AVE SW & PREMIER WAY SW,51.027071280164776,-114.08341726292352,1
30 ST & 58 AVE SE,51.00061933727936,-113.9897992645415,1
30 ST SE & 61 AVE SE,50.99866326399076,-113.98676045890652,1
30 ST SE & 72 AVE SE,50.98978700753133,-113.98448808680445,1
32 AVE NE & 56 ST NE,51.081538310503255,-113.95300076816092,1
32 AVE NE & 64 ST NE,51.08153003053576,-113.94094869845986,1
3 ST SE & 9 AVE SE,51.0443986911716,-114.05573097278972,1
33 AVE SW & 51 ST SW,51.023885274495264,-114.16099093380828,1
32 ST SW & 40 AVE SW,51.019032649286885,-114.13665085239344,1
33 AV NW & BOWWOOD DR NW,51.082384562151546,-114.17583972001049,1
33 AVE NW & 63 ST NW,51.082448257461074,-114.1810302349096,1
33 AVE NW & 69 ST NW,51.082669726997715,-114.18765431424912,1
33 AVE NW & 79 ST NW,51.08566733540299,-114.20359159513995,1
33 AVE NW & 81 ST NW,51.087688528250695,-114.20733921103928,1
33 AVE NW & 83 ST NW,51.08898708420677,-114.209769550039,1
33 AVE NW & 85 ST NW,51.09071152456586,-114.2129396979407,1
33 AVE NW & 86 ST NW,51.091715649933086,-114.21480848785,1
33 AVE NW & BOWNESS RD NW,51.082401015897744,-114.17327483060176,1
33 AVE SW & 37 ST SW,51.02385792721256,-114.1411470068456,1
33 AVE SW & 45 ST SW,51.02386925735698,-114.1524812775235,1
33 AVE SW & 49 ST SW,51.0238885322393,-114.15859863134024,1
33 AVE SW & RICHMOND GR GOLF COURSE RD ENTRANCE,51.02452213532854,-114.12104410248564,1
32 AVE NE & 68 ST NE,51.081540147820874,-113.93512139465848,1
33 ST & 5 AVE NE,51.05701975140516,-113.98600681671604,1
33 ST & 8 AVE NE,51.05953410907633,-113.9860060588156,1
33 ST NW & 40 AVE NW,51.087695314346675,-114.1363927619735,1
33 ST NW & 52 AVE NW,51.10095453631905,-114.13591988961578,1
33 ST SE & 34 AV SE,51.023136756585856,-113.98542423541204,1
33 ST SW & BOW TR SW,51.041525392342265,-114.13546826991742,1
33 ST SW & BUS LRT LOOP NW CORNER,51.04070490078881,-114.13663775020734,1
33 ST SW & LRT BUS LOOP N/LEG,51.040739983982874,-114.13560824417294,1
33 ST SW & RICHMOND RD SW,51.02438314125954,-114.13466243608644,1
33 ST SW & WESTBROOOK AVE SW,51.040118540651726,-114.13543944462457,1
34 AVE N & CENTRE ST N,51.083239614612125,-114.0624333375443,1
34 AVE NW & 49 ST NW,51.083102997237525,-114.15831261243792,1
34 AVE NW & 50 ST NW,51.08287968551282,-114.15999980987372,1
32 ST SE & RAYNARD CR SE,51.04470015355015,-113.98838977568128,1
32 ST SE & NORTH OF RAYNARD CR,51.04558750962593,-113.98841053733692,1
32 ST SE & BETWEEN 17AND 19 AVE SE,51.036725181545314,-113.98807850961828,1
32 ST NW & PARKDALE BLVD NW,51.056653288645606,-114.13421331736824,1
32 AVE NE & AT SPRING GARDENS CITY YARDS,51.08707804551718,-114.0468010695076,1
32 AVE NE & BARLOW TR NE,51.08148283661954,-114.0017225953452,1
32 AVE NE & EDMONTON TR NE,51.08149979698858,-114.05461566737152,1
32 AVE NE & RUNDLESIDE DR NE,51.08149259484741,-113.96987917820007,1
32 AVE NW & 32 AVE NW/CAMPUS DR,51.08149571703147,-114.13066730784814,1
32 AVE NW & 33 ST NW,51.08150069424386,-114.13415297532536,1
32 AVE NW & 37 ST NW,51.081444672043325,-114.14119406877884,1
32 AVE NW & 39 ST NW,51.08148048513285,-114.14495367986856,1
32 AVE NW & 4 ST NW,51.081511143612296,-114.07151898846293,1
32 AVE NW & 50 ST NW,51.08145939552321,-114.1599191139617,1
32 AVE NW & 68 ST NW,51.08154167098781,-114.18404962536556,1
32 AVE NW & CAROL DR NW,51.0814962681592,-114.09866721034813,1
32 AVE NW & COLLEGIATE BLVD NW,51.08145620599863,-114.13751572694213,1
32 AVE NW & CROWCHILD TR NW,51.082141220222496,-114.12712271254696,1
32 AVE NW & MONTANA CR NW,51.081429021001206,-114.15803311379965,1
32 AVE NW & SHAGANAPPI TR NW,51.08146085215462,-114.15223972488256,1
32 AVE NW & W OF SHAGANAPPI TR NW,51.08149631726704,-114.15446920066051,1
32 AVE SW & 37 ST SW,51.02538803542085,-114.14113737878864,1
32 AVE SW & ELBOW DR SW,51.02485040439479,-114.07872560250377,1
32 ST & 39 AVE NE,51.088851595032615,-113.98744385852612,1
32 ST NE & 34 AVE NE,51.08364495017733,-113.98866339348176,1
32 ST NE & 37 AVE NE,51.08666116725331,-113.98867381808743,1
32 ST NE & AT 2555,51.0743634299537,-113.98869045511545,1
32 ST NE & SUNRIDGE BLVD,51.07580832439934,-113.98869224342822,1
32 ST NE & SUNRIDGE WAY NE,51.06909842630514,-113.9892391444458,1
32 ST NW & 5 AVE NW,51.05786900156943,-114.13268651674213,1
32 ST NW & 7 AVE NW,51.05908707753641,-114.13115081569693,1
3 ST SE & 94 AVE SE,50.968617077557674,-114.06061390710872,1
3 ST SE & 7 AVE SE,51.04630463461211,-114.05558836692909,1
26 AVE NE & RUNDLEHILL DR WEST LEG,51.07810838024624,-113.96990177150506,1
26 ST SE & ABOUT 200M SOUTH OF,51.02729333385196,-113.99595389101842,1
26 AVE SW & 51 ST SW,51.030496323370016,-114.16103473284508,1
26 AVE SW & 69 ST SW,51.03054095343944,-114.18755857779584,1
26 AVE SW & 77 ST SW,51.03053925272528,-114.19933865418857,1
26 AVE SW & KELWOOD DR SW,51.03049545048782,-114.14466280450696,1
26 AVE SW & RICHMOND RD SW,51.03044394452372,-114.11520700762205,1
26 AVE SW & SPRINGBOROUGH BLVD SW,51.03053368179883,-114.19350589871388,1
26 ST & PEIGAN TR,51.015355452888905,-113.9991479144768,1
26 ST NE & 32 AVE NE,51.081515489403166,-113.99819028328491,1
26 ST NE & 37 AVE NE,51.086659292515456,-113.99776800758568,1
26 ST NE & SUNRIDGE BLVD,51.07687293762477,-113.99820441523376,1
26 ST NW & CHARLESWOOD DR NW,51.09447751178307,-114.11755153466676,1
26 ST SE & 28 AV SE,51.02868596705931,-113.99510722054518,1
26 ST SE & 34 AVE SE,51.023176053677744,-113.9989734830357,1
26 ST SE & BARLOW TR SE,51.03783930740046,-113.9980268616301,1
27 ST SW & OAKFIELD DR SW,50.95405513278283,-114.12362091330796,1
26 ST SE & DOVER RIDGE DR SE,51.01872666190794,-113.99913601443971,1
26 ST SE & DOVERGLEN CR SE,51.02092760223775,-113.9992253703762,1
26 ST SW & BOW TR SW,51.04155597805204,-114.12366281709264,1
26 ST SW & N OF OAKLAWN PL,50.96503011394405,-114.12277654830064,1
26 ST SW & PALLISER DR SW,50.969469100573136,-114.12311467096536,1
26A ST SE & 34 AVE SE,51.023201988814385,-113.9956904636868,1
27 AVE NE & 6 ST NE,51.076948439258175,-114.04835124530626,1
27 AVE NE & BARLOW TR NE,51.07688370488769,-114.00165199961734,1
27 AVE NW & 4 ST NW,51.07694718440145,-114.07153755238346,1
27 ST NE & 32 AVE NE,51.08150463710863,-113.99480213915254,1
27 ST NE & SUNRIDGE BLVD,51.07689952028088,-113.9948301130174,1
27 ST NW & PARKDALE BLVD NW,51.054205918401586,-114.12543913981506,1
27 ST SE & 86 AV SE,50.975938758312395,-113.99587282120324,1
26 AVE SW & 49 ST SW,51.03050673538902,-114.15748295266584,1
26 AVE SW & 45 ST SW,51.0304962256171,-114.15280901079504,1
26 AVE SW & 42 ST SW,51.0305023890446,-114.14802026448749,1
26 AVE SW & 41 ST / GLENCASTLE ST SW,51.03048986706379,-114.14674868831528,1
26 AVE NE & RUNDLEHORN DR NE,51.07615784340872,-113.9409836347042,1
26 AVE NE & RUNDLELAWN RD NE,51.07788574287284,-113.9740544037754,1
26 AVE NE & RUNDLESON WY NE,51.077948181765194,-113.97155473643572,1
26 AVE NW & 4 ST NW,51.07614728036473,-114.07149941173395,1
26 AVE SE & 26 ST SE,51.03047319679959,-113.99434214745816,1
26 AVE SE & 28 ST SE,51.03050632652978,-113.99186975423795,1
26 AVE SE & 36 ST SE,51.030516808174056,-113.98159556793183,1
26 AVE SE & 37 ST SE,51.03052721584575,-113.9801894040029,1
26 AVE SE & 38 ST SE,51.03052138063003,-113.97868739485548,1
26 AVE SE & 39 ST SE,51.03054824568433,-113.97717393792192,1
26 AVE SE & 40 ST SE,51.03051523518986,-113.97574522274124,1
26 AVE SE & 41 ST SE,51.03051493130522,-113.97432273005168,1
26 AVE SE & 44 ST SE,51.03054747307168,-113.97000052776887,1
26 AVE SE & 52 ST SE,51.03063242784479,-113.95858652408768,1
26 AVE SE & DARTMOUTH CIRCLE,51.030489027035934,-114.04084848387824,1
26 AVE SE & ELMWOOD DR SE,51.03052292192234,-113.99030589313304,1
26 AVE SE & FIR DR SE,51.0305395123777,-113.98891873739066,1
26 AVE SE & HOLLY DR SE,51.03053373700897,-113.9869396178844,1
26 AVE SE & IN FRONT OF POLICE FORENSICS BUILDING,51.03048216090096,-114.03910271683752,1
26 AVE SE & PORTLAND ST SE,51.03078319888898,-114.03265855415565,1
26 AVE SE & SABLE DR SE,51.03051671028714,-113.98439503919688,1
26 AVE SW & 26A ST SW,51.03005829604281,-114.1251840751156,1
26 AVE SW & 28 ST SW,51.03004955499649,-114.12810852799356,1
26 AVE SW & 29 ST SW,51.030050738663085,-114.12956193358362,1
26 AVE SW & 33 ST SW,51.03004400555355,-114.13549921959198,1
26 AVE SW & 35 ST SW,51.03005739744016,-114.13833538200772,1
26 AVE SW & 37 ST SW,51.030073132247935,-114.14114417433508,1
27 ST SE & BARLOW TR SE,51.037856802946784,-113.99553550027588,1
28 AVE  NE & 56 ST NE,51.07689585182571,-113.9521786878937,1
3 ST SE & 6 AVE SE,51.04724847017915,-114.05552187904802,1
3 AVE S & CENTRE ST S,51.050273079981814,-114.0626969741562,1
29 ST NE & AT COSTCO (S DRIVEWAY),51.07870626209542,-113.99182286202554,1
29 ST NW & 5 AVE NW,51.05691041739712,-114.1295186620316,1
29 ST NW & 7 AVE NW,51.05869466483085,-114.12950915675262,1
29 ST NW & HOSPITAL DR NW,51.066374876305765,-114.12929159461083,1
29 ST NW & PARKDALE BLVD NW,51.05538249254739,-114.12956701064591,1
29 ST SW & 33 AV SW,51.025192109145046,-114.12953673634438,1
29 ST SW & PALLISER DR SW,50.97013790951563,-114.12986205429785,1
29 ST SW & RICHMOND RD SW,51.025955798465574,-114.12953792111549,1
3 AV NW & 37 ST NW,51.0600931979179,-114.14117612481708,1
3 AVE & PARKDALE CR NW,51.05813259910323,-114.13596111037114,1
"3 AVE (W. OF LRT) & 9 ""A"" ST NW",51.05560525879856,-114.08457939979374,1
3 AVE NW & 34 ST NW,51.05804071974677,-114.1370986226993,1
3 AVE PATH TO LRT & 9 ST NW,51.05566314925525,-114.0841568076806,1
3 AVE SE & BARLOW TR SE,51.04744826704049,-114.00152276462929,1
28 AVE N & CENTRE ST N,51.077845481147925,-114.06253233972558,1
3 AVE SE & IN FRONT OF 122,51.05022911150551,-114.06131364978796,1
3 AVE SW & 3 ST SW,51.050482982910445,-114.07004889169076,1
3 AVE SW & 4 ST SW,51.050524723439864,-114.07150767808092,1
3 AVE SW & 5 ST SW,51.05059653921507,-114.07352682105976,1
3 AVE SW & 6 ST SW,51.05066194331167,-114.07599033931784,1
3 AVE SW & 7 ST SW,51.050733384215256,-114.07845387617022,1
3 AVE SW & 8 ST SW,51.05079868445856,-114.08091740850648,1
3 ST & 36 AVE NW,51.08497695299501,-114.06805005620294,1
3 ST SE & 4 AVE SE,51.049102543574016,-114.05539239639856,1
3 ST SE & 4 ST SE,51.04812401074441,-114.05468037485868,1
3 ST SE & 5 AVE SE,51.04820448303603,-114.05545540159454,1
3 ST SE & 50M SOUTH OF 12 AVE SE,51.040663302359896,-114.05604331326766,1
3 ST SE & 58 AVE SE,51.00140694192424,-114.05707056902592,1
29 ST NE & 32 AVE NE,51.08151521630394,-113.9918065735337,1
29 ST (E LEG) & SUNRIDGE BLVD,51.07608666409091,-113.99138453172736,1
29 ST & SUNRIDGE WAY NE,51.06924832252962,-113.9918289561247,1
29 AVE SW & ELBOW DR SW,51.02804361060272,-114.0770038113278,1
28 AVE NE & 58 ST NE,51.07750506750546,-113.94982596032423,1
28 AVE NE & 60 ST NE,51.07798067000897,-113.94678989995953,1
28 AVE NE & RUNDLEHORN DR NE,51.07791461263594,-113.9409813998758,1
28 AVE NW & MORLEY TR,51.07874984800264,-114.11435407705754,1
28 AVE SE & 52 ST SE,51.02815401301521,-113.95854121466915,1
28 AVE SW & 29 ST SW,51.02850845981694,-114.1295731226384,1
28 AVE SW & 33 ST SW,51.028497686206336,-114.1354940011276,1
28 AVE SW & 37 ST SW,51.02872975054001,-114.1411331374988,1
28 AVE SW & ERLTON ST SW,51.02870864945824,-114.06218957378888,1
28 ST & 3 AVE NE,51.054458609727504,-113.99329222455886,1
28 ST & 5 AVE NE,51.05650751496377,-113.99327020694732,1
28 ST & CENTRE AVE  N,51.05239601338833,-113.9932997624122,1
28 ST AT FRANKLIN LRT & RADCLIFFE DR SE,51.04605287097964,-113.99304232895412,1
28 ST SE & 30 AVE SE,51.02695076672871,-113.9919475138176,1
28 ST SE & 34 AVE SE,51.0231220493106,-113.99145924366748,1
28 ST SE & 50M NORTH OF 32A AVE SE,51.02510455868848,-113.99146070966944,1
28 ST SE & DOVERIDGE DR SE,51.018738747653416,-113.991441001715,1
28 ST SE & DOVERTHORN BAY SE,51.0218923911939,-113.99142285062597,1
28 ST SE & DOVERTHORN RD SE,51.02112571943249,-113.99142299208604,1
28 ST SE & MEMORIAL DR SE,51.04906822172117,-113.99098627261483,1
28 ST SE & RADCLIFFE DR (S/LEG),51.0454817363252,-113.99307370140662,1
28 ST SE & RADCLIFFE DR SE,51.04712513924541,-113.9884018050342,1
28 ST SW & RICHMOND RD SW,51.026372933893754,-114.128014465816,1
28 ST SW & S OF RICHMOND RD,51.025707395990985,-114.12795728847516,1
29 AVE NE & EDMONTON TR NE,51.07872962888864,-114.05521524477268,1
29 AVE SW & 6 ST SW,51.02825897001137,-114.08021952860588,1
29 AVE SW & 7 ST SW,51.02824485031197,-114.08165054107953,1
YORKVILLE AVE SW & YORKVILLE BLVD SW,50.875175989638606,-114.07780472003712,1
